[2026-08-27T10:37:15.739+0000] {processor.py:186} INFO - Started process (PID=165) to work on /opt/airflow/dags/prod/airbyte_to_dbt_prod.py
[2026-08-27T10:37:15.740+0000] {processor.py:914} INFO - Processing file /opt/airflow/dags/prod/airbyte_to_dbt_prod.py for tasks to queue
[2026-08-27T10:37:15.743+0000] {logging_mixin.py:190} INFO - [2026-08-27T10:37:15.742+0000] {dagbag.py:588} INFO - Filling up the DagBag from /opt/airflow/dags/prod/airbyte_to_dbt_prod.py
[2026-08-27T10:37:15.836+0000] {processor.py:925} INFO - DAG(s) 'airbyte_to_dbt_pipeline_prod' retrieved from /opt/airflow/dags/prod/airbyte_to_dbt_prod.py
[2026-08-27T10:37:15.964+0000] {logging_mixin.py:190} INFO - [2026-08-27T10:37:15.964+0000] {dag.py:3239} INFO - Sync 1 DAGs
[2026-08-27T10:37:16.096+0000] {logging_mixin.py:190} INFO - [2026-08-27T10:37:16.096+0000] {dag.py:4180} INFO - Setting next_dagrun for airbyte_to_dbt_pipeline_prod to 2026-08-27 09:00:00+00:00, run_after=2026-08-27 10:00:00+00:00
[2026-08-27T10:37:16.172+0000] {processor.py:208} INFO - Processing /opt/airflow/dags/prod/airbyte_to_dbt_prod.py took 0.443 seconds
[2026-08-27T10:37:46.386+0000] {processor.py:186} INFO - Started process (PID=176) to work on /opt/airflow/dags/prod/airbyte_to_dbt_prod.py
[2026-08-27T10:37:46.389+0000] {processor.py:914} INFO - Processing file /opt/airflow/dags/prod/airbyte_to_dbt_prod.py for tasks to queue
[2026-08-27T10:37:46.392+0000] {logging_mixin.py:190} INFO - [2026-08-27T10:37:46.391+0000] {dagbag.py:588} INFO - Filling up the DagBag from /opt/airflow/dags/prod/airbyte_to_dbt_prod.py
[2026-08-27T10:37:46.431+0000] {processor.py:925} INFO - DAG(s) 'airbyte_to_dbt_pipeline_prod' retrieved from /opt/airflow/dags/prod/airbyte_to_dbt_prod.py
[2026-08-27T10:37:46.489+0000] {logging_mixin.py:190} INFO - [2026-08-27T10:37:46.488+0000] {dag.py:3239} INFO - Sync 1 DAGs
[2026-08-27T10:37:46.537+0000] {logging_mixin.py:190} INFO - [2026-08-27T10:37:46.537+0000] {dag.py:4180} INFO - Setting next_dagrun for airbyte_to_dbt_pipeline_prod to 2026-08-27 09:00:00+00:00, run_after=2026-08-27 10:00:00+00:00
[2026-08-27T10:37:46.571+0000] {processor.py:208} INFO - Processing /opt/airflow/dags/prod/airbyte_to_dbt_prod.py took 0.205 seconds
[2026-08-27T10:38:16.846+0000] {processor.py:186} INFO - Started process (PID=186) to work on /opt/airflow/dags/prod/airbyte_to_dbt_prod.py
[2026-08-27T10:38:16.848+0000] {processor.py:914} INFO - Processing file /opt/airflow/dags/prod/airbyte_to_dbt_prod.py for tasks to queue
[2026-08-27T10:38:16.850+0000] {logging_mixin.py:190} INFO - [2026-08-27T10:38:16.850+0000] {dagbag.py:588} INFO - Filling up the DagBag from /opt/airflow/dags/prod/airbyte_to_dbt_prod.py
[2026-08-27T10:38:16.874+0000] {processor.py:925} INFO - DAG(s) 'airbyte_to_dbt_pipeline_prod' retrieved from /opt/airflow/dags/prod/airbyte_to_dbt_prod.py
[2026-08-27T10:38:16.919+0000] {logging_mixin.py:190} INFO - [2026-08-27T10:38:16.919+0000] {dag.py:3239} INFO - Sync 1 DAGs
[2026-08-27T10:38:16.956+0000] {logging_mixin.py:190} INFO - [2026-08-27T10:38:16.956+0000] {dag.py:4180} INFO - Setting next_dagrun for airbyte_to_dbt_pipeline_prod to 2026-08-27 09:00:00+00:00, run_after=2026-08-27 10:00:00+00:00
[2026-08-27T10:38:16.980+0000] {processor.py:208} INFO - Processing /opt/airflow/dags/prod/airbyte_to_dbt_prod.py took 0.142 seconds
[2026-08-27T10:38:47.175+0000] {processor.py:186} INFO - Started process (PID=196) to work on /opt/airflow/dags/prod/airbyte_to_dbt_prod.py
[2026-08-27T10:38:47.176+0000] {processor.py:914} INFO - Processing file /opt/airflow/dags/prod/airbyte_to_dbt_prod.py for tasks to queue
[2026-08-27T10:38:47.179+0000] {logging_mixin.py:190} INFO - [2026-08-27T10:38:47.179+0000] {dagbag.py:588} INFO - Filling up the DagBag from /opt/airflow/dags/prod/airbyte_to_dbt_prod.py
[2026-08-27T10:38:47.207+0000] {processor.py:925} INFO - DAG(s) 'airbyte_to_dbt_pipeline_prod' retrieved from /opt/airflow/dags/prod/airbyte_to_dbt_prod.py
[2026-08-27T10:38:47.260+0000] {logging_mixin.py:190} INFO - [2026-08-27T10:38:47.259+0000] {dag.py:3239} INFO - Sync 1 DAGs
[2026-08-27T10:38:47.301+0000] {logging_mixin.py:190} INFO - [2026-08-27T10:38:47.300+0000] {dag.py:4180} INFO - Setting next_dagrun for airbyte_to_dbt_pipeline_prod to 2026-08-27 09:00:00+00:00, run_after=2026-08-27 10:00:00+00:00
[2026-08-27T10:38:47.335+0000] {processor.py:208} INFO - Processing /opt/airflow/dags/prod/airbyte_to_dbt_prod.py took 0.170 seconds
[2026-08-27T10:39:17.530+0000] {processor.py:186} INFO - Started process (PID=206) to work on /opt/airflow/dags/prod/airbyte_to_dbt_prod.py
[2026-08-27T10:39:17.531+0000] {processor.py:914} INFO - Processing file /opt/airflow/dags/prod/airbyte_to_dbt_prod.py for tasks to queue
[2026-08-27T10:39:17.533+0000] {logging_mixin.py:190} INFO - [2026-08-27T10:39:17.532+0000] {dagbag.py:588} INFO - Filling up the DagBag from /opt/airflow/dags/prod/airbyte_to_dbt_prod.py
[2026-08-27T10:39:17.550+0000] {processor.py:925} INFO - DAG(s) 'airbyte_to_dbt_pipeline_prod' retrieved from /opt/airflow/dags/prod/airbyte_to_dbt_prod.py
[2026-08-27T10:39:17.594+0000] {logging_mixin.py:190} INFO - [2026-08-27T10:39:17.593+0000] {dag.py:3239} INFO - Sync 1 DAGs
[2026-08-27T10:39:17.629+0000] {logging_mixin.py:190} INFO - [2026-08-27T10:39:17.629+0000] {dag.py:4180} INFO - Setting next_dagrun for airbyte_to_dbt_pipeline_prod to 2026-08-27 09:00:00+00:00, run_after=2026-08-27 10:00:00+00:00
[2026-08-27T10:39:17.655+0000] {processor.py:208} INFO - Processing /opt/airflow/dags/prod/airbyte_to_dbt_prod.py took 0.132 seconds
[2026-08-27T10:39:47.821+0000] {processor.py:186} INFO - Started process (PID=216) to work on /opt/airflow/dags/prod/airbyte_to_dbt_prod.py
[2026-08-27T10:39:47.822+0000] {processor.py:914} INFO - Processing file /opt/airflow/dags/prod/airbyte_to_dbt_prod.py for tasks to queue
[2026-08-27T10:39:47.825+0000] {logging_mixin.py:190} INFO - [2026-08-27T10:39:47.825+0000] {dagbag.py:588} INFO - Filling up the DagBag from /opt/airflow/dags/prod/airbyte_to_dbt_prod.py
[2026-08-27T10:39:47.844+0000] {processor.py:925} INFO - DAG(s) 'airbyte_to_dbt_pipeline_prod' retrieved from /opt/airflow/dags/prod/airbyte_to_dbt_prod.py
[2026-08-27T10:39:47.892+0000] {logging_mixin.py:190} INFO - [2026-08-27T10:39:47.892+0000] {dag.py:3239} INFO - Sync 1 DAGs
[2026-08-27T10:39:47.926+0000] {logging_mixin.py:190} INFO - [2026-08-27T10:39:47.926+0000] {dag.py:4180} INFO - Setting next_dagrun for airbyte_to_dbt_pipeline_prod to 2026-08-27 09:00:00+00:00, run_after=2026-08-27 10:00:00+00:00
[2026-08-27T10:39:47.949+0000] {processor.py:208} INFO - Processing /opt/airflow/dags/prod/airbyte_to_dbt_prod.py took 0.137 seconds
[2026-08-27T10:40:18.106+0000] {processor.py:186} INFO - Started process (PID=226) to work on /opt/airflow/dags/prod/airbyte_to_dbt_prod.py
[2026-08-27T10:40:18.107+0000] {processor.py:914} INFO - Processing file /opt/airflow/dags/prod/airbyte_to_dbt_prod.py for tasks to queue
[2026-08-27T10:40:18.109+0000] {logging_mixin.py:190} INFO - [2026-08-27T10:40:18.108+0000] {dagbag.py:588} INFO - Filling up the DagBag from /opt/airflow/dags/prod/airbyte_to_dbt_prod.py
[2026-08-27T10:40:18.127+0000] {processor.py:925} INFO - DAG(s) 'airbyte_to_dbt_pipeline_prod' retrieved from /opt/airflow/dags/prod/airbyte_to_dbt_prod.py
[2026-08-27T10:40:18.164+0000] {logging_mixin.py:190} INFO - [2026-08-27T10:40:18.164+0000] {dag.py:3239} INFO - Sync 1 DAGs
[2026-08-27T10:40:18.192+0000] {logging_mixin.py:190} INFO - [2026-08-27T10:40:18.192+0000] {dag.py:4180} INFO - Setting next_dagrun for airbyte_to_dbt_pipeline_prod to 2026-08-27 09:00:00+00:00, run_after=2026-08-27 10:00:00+00:00
[2026-08-27T10:40:18.216+0000] {processor.py:208} INFO - Processing /opt/airflow/dags/prod/airbyte_to_dbt_prod.py took 0.118 seconds
[2026-08-27T10:40:48.375+0000] {processor.py:186} INFO - Started process (PID=236) to work on /opt/airflow/dags/prod/airbyte_to_dbt_prod.py
[2026-08-27T10:40:48.376+0000] {processor.py:914} INFO - Processing file /opt/airflow/dags/prod/airbyte_to_dbt_prod.py for tasks to queue
[2026-08-27T10:40:48.378+0000] {logging_mixin.py:190} INFO - [2026-08-27T10:40:48.378+0000] {dagbag.py:588} INFO - Filling up the DagBag from /opt/airflow/dags/prod/airbyte_to_dbt_prod.py
[2026-08-27T10:40:48.397+0000] {processor.py:925} INFO - DAG(s) 'airbyte_to_dbt_pipeline_prod' retrieved from /opt/airflow/dags/prod/airbyte_to_dbt_prod.py
[2026-08-27T10:40:48.444+0000] {logging_mixin.py:190} INFO - [2026-08-27T10:40:48.444+0000] {dag.py:3239} INFO - Sync 1 DAGs
[2026-08-27T10:40:48.477+0000] {logging_mixin.py:190} INFO - [2026-08-27T10:40:48.477+0000] {dag.py:4180} INFO - Setting next_dagrun for airbyte_to_dbt_pipeline_prod to 2026-08-27 09:00:00+00:00, run_after=2026-08-27 10:00:00+00:00
[2026-08-27T10:40:48.501+0000] {processor.py:208} INFO - Processing /opt/airflow/dags/prod/airbyte_to_dbt_prod.py took 0.133 seconds
[2026-08-27T10:41:18.657+0000] {processor.py:186} INFO - Started process (PID=246) to work on /opt/airflow/dags/prod/airbyte_to_dbt_prod.py
[2026-08-27T10:41:18.658+0000] {processor.py:914} INFO - Processing file /opt/airflow/dags/prod/airbyte_to_dbt_prod.py for tasks to queue
[2026-08-27T10:41:18.661+0000] {logging_mixin.py:190} INFO - [2026-08-27T10:41:18.660+0000] {dagbag.py:588} INFO - Filling up the DagBag from /opt/airflow/dags/prod/airbyte_to_dbt_prod.py
[2026-08-27T10:41:18.679+0000] {processor.py:925} INFO - DAG(s) 'airbyte_to_dbt_pipeline_prod' retrieved from /opt/airflow/dags/prod/airbyte_to_dbt_prod.py
[2026-08-27T10:41:18.724+0000] {logging_mixin.py:190} INFO - [2026-08-27T10:41:18.724+0000] {dag.py:3239} INFO - Sync 1 DAGs
[2026-08-27T10:41:18.756+0000] {logging_mixin.py:190} INFO - [2026-08-27T10:41:18.756+0000] {dag.py:4180} INFO - Setting next_dagrun for airbyte_to_dbt_pipeline_prod to 2026-08-27 09:00:00+00:00, run_after=2026-08-27 10:00:00+00:00
[2026-08-27T10:41:18.780+0000] {processor.py:208} INFO - Processing /opt/airflow/dags/prod/airbyte_to_dbt_prod.py took 0.129 seconds
[2026-08-27T10:41:49.337+0000] {processor.py:186} INFO - Started process (PID=254) to work on /opt/airflow/dags/prod/airbyte_to_dbt_prod.py
[2026-08-27T10:41:49.347+0000] {processor.py:914} INFO - Processing file /opt/airflow/dags/prod/airbyte_to_dbt_prod.py for tasks to queue
[2026-08-27T10:41:49.480+0000] {logging_mixin.py:190} INFO - [2026-08-27T10:41:49.463+0000] {dagbag.py:588} INFO - Filling up the DagBag from /opt/airflow/dags/prod/airbyte_to_dbt_prod.py
[2026-08-27T10:41:50.612+0000] {processor.py:925} INFO - DAG(s) 'airbyte_to_dbt_pipeline_prod' retrieved from /opt/airflow/dags/prod/airbyte_to_dbt_prod.py
[2026-08-27T10:41:51.355+0000] {logging_mixin.py:190} INFO - [2026-08-27T10:41:51.355+0000] {dag.py:3239} INFO - Sync 1 DAGs
[2026-08-27T10:41:51.959+0000] {logging_mixin.py:190} INFO - [2026-08-27T10:41:51.958+0000] {dag.py:4180} INFO - Setting next_dagrun for airbyte_to_dbt_pipeline_prod to 2026-08-27 09:00:00+00:00, run_after=2026-08-27 10:00:00+00:00
[2026-08-27T10:41:51.991+0000] {processor.py:208} INFO - Processing /opt/airflow/dags/prod/airbyte_to_dbt_prod.py took 2.805 seconds
[2026-08-27T10:42:22.201+0000] {processor.py:186} INFO - Started process (PID=266) to work on /opt/airflow/dags/prod/airbyte_to_dbt_prod.py
[2026-08-27T10:42:22.202+0000] {processor.py:914} INFO - Processing file /opt/airflow/dags/prod/airbyte_to_dbt_prod.py for tasks to queue
[2026-08-27T10:42:22.206+0000] {logging_mixin.py:190} INFO - [2026-08-27T10:42:22.205+0000] {dagbag.py:588} INFO - Filling up the DagBag from /opt/airflow/dags/prod/airbyte_to_dbt_prod.py
[2026-08-27T10:42:22.237+0000] {processor.py:925} INFO - DAG(s) 'airbyte_to_dbt_pipeline_prod' retrieved from /opt/airflow/dags/prod/airbyte_to_dbt_prod.py
[2026-08-27T10:42:22.282+0000] {logging_mixin.py:190} INFO - [2026-08-27T10:42:22.282+0000] {dag.py:3239} INFO - Sync 1 DAGs
[2026-08-27T10:42:22.311+0000] {logging_mixin.py:190} INFO - [2026-08-27T10:42:22.311+0000] {dag.py:4180} INFO - Setting next_dagrun for airbyte_to_dbt_pipeline_prod to 2026-08-27 09:00:00+00:00, run_after=2026-08-27 10:00:00+00:00
[2026-08-27T10:42:22.346+0000] {processor.py:208} INFO - Processing /opt/airflow/dags/prod/airbyte_to_dbt_prod.py took 0.155 seconds
[2026-08-27T10:42:52.523+0000] {processor.py:186} INFO - Started process (PID=276) to work on /opt/airflow/dags/prod/airbyte_to_dbt_prod.py
[2026-08-27T10:42:52.524+0000] {processor.py:914} INFO - Processing file /opt/airflow/dags/prod/airbyte_to_dbt_prod.py for tasks to queue
[2026-08-27T10:42:52.528+0000] {logging_mixin.py:190} INFO - [2026-08-27T10:42:52.527+0000] {dagbag.py:588} INFO - Filling up the DagBag from /opt/airflow/dags/prod/airbyte_to_dbt_prod.py
[2026-08-27T10:42:52.566+0000] {processor.py:925} INFO - DAG(s) 'airbyte_to_dbt_pipeline_prod' retrieved from /opt/airflow/dags/prod/airbyte_to_dbt_prod.py
[2026-08-27T10:42:52.628+0000] {logging_mixin.py:190} INFO - [2026-08-27T10:42:52.628+0000] {dag.py:3239} INFO - Sync 1 DAGs
[2026-08-27T10:42:52.664+0000] {logging_mixin.py:190} INFO - [2026-08-27T10:42:52.664+0000] {dag.py:4180} INFO - Setting next_dagrun for airbyte_to_dbt_pipeline_prod to 2026-08-27 09:00:00+00:00, run_after=2026-08-27 10:00:00+00:00
[2026-08-27T10:42:52.690+0000] {processor.py:208} INFO - Processing /opt/airflow/dags/prod/airbyte_to_dbt_prod.py took 0.177 seconds
[2026-08-27T10:43:22.852+0000] {processor.py:186} INFO - Started process (PID=286) to work on /opt/airflow/dags/prod/airbyte_to_dbt_prod.py
[2026-08-27T10:43:22.853+0000] {processor.py:914} INFO - Processing file /opt/airflow/dags/prod/airbyte_to_dbt_prod.py for tasks to queue
[2026-08-27T10:43:22.855+0000] {logging_mixin.py:190} INFO - [2026-08-27T10:43:22.855+0000] {dagbag.py:588} INFO - Filling up the DagBag from /opt/airflow/dags/prod/airbyte_to_dbt_prod.py
[2026-08-27T10:43:22.875+0000] {processor.py:925} INFO - DAG(s) 'airbyte_to_dbt_pipeline_prod' retrieved from /opt/airflow/dags/prod/airbyte_to_dbt_prod.py
[2026-08-27T10:43:22.931+0000] {logging_mixin.py:190} INFO - [2026-08-27T10:43:22.931+0000] {dag.py:3239} INFO - Sync 1 DAGs
[2026-08-27T10:43:22.961+0000] {logging_mixin.py:190} INFO - [2026-08-27T10:43:22.961+0000] {dag.py:4180} INFO - Setting next_dagrun for airbyte_to_dbt_pipeline_prod to 2026-08-27 09:00:00+00:00, run_after=2026-08-27 10:00:00+00:00
[2026-08-27T10:43:22.984+0000] {processor.py:208} INFO - Processing /opt/airflow/dags/prod/airbyte_to_dbt_prod.py took 0.140 seconds
[2026-08-27T10:43:53.144+0000] {processor.py:186} INFO - Started process (PID=296) to work on /opt/airflow/dags/prod/airbyte_to_dbt_prod.py
[2026-08-27T10:43:53.145+0000] {processor.py:914} INFO - Processing file /opt/airflow/dags/prod/airbyte_to_dbt_prod.py for tasks to queue
[2026-08-27T10:43:53.147+0000] {logging_mixin.py:190} INFO - [2026-08-27T10:43:53.147+0000] {dagbag.py:588} INFO - Filling up the DagBag from /opt/airflow/dags/prod/airbyte_to_dbt_prod.py
[2026-08-27T10:43:53.176+0000] {processor.py:925} INFO - DAG(s) 'airbyte_to_dbt_pipeline_prod' retrieved from /opt/airflow/dags/prod/airbyte_to_dbt_prod.py
[2026-08-27T10:43:53.226+0000] {logging_mixin.py:190} INFO - [2026-08-27T10:43:53.225+0000] {dag.py:3239} INFO - Sync 1 DAGs
[2026-08-27T10:43:53.268+0000] {logging_mixin.py:190} INFO - [2026-08-27T10:43:53.268+0000] {dag.py:4180} INFO - Setting next_dagrun for airbyte_to_dbt_pipeline_prod to 2026-08-27 09:00:00+00:00, run_after=2026-08-27 10:00:00+00:00
[2026-08-27T10:43:53.292+0000] {processor.py:208} INFO - Processing /opt/airflow/dags/prod/airbyte_to_dbt_prod.py took 0.160 seconds
[2026-08-27T10:44:23.637+0000] {processor.py:186} INFO - Started process (PID=304) to work on /opt/airflow/dags/prod/airbyte_to_dbt_prod.py
[2026-08-27T10:44:23.639+0000] {processor.py:914} INFO - Processing file /opt/airflow/dags/prod/airbyte_to_dbt_prod.py for tasks to queue
[2026-08-27T10:44:23.705+0000] {logging_mixin.py:190} INFO - [2026-08-27T10:44:23.701+0000] {dagbag.py:588} INFO - Filling up the DagBag from /opt/airflow/dags/prod/airbyte_to_dbt_prod.py
[2026-08-27T10:44:23.768+0000] {processor.py:925} INFO - DAG(s) 'airbyte_to_dbt_pipeline_prod' retrieved from /opt/airflow/dags/prod/airbyte_to_dbt_prod.py
[2026-08-27T10:44:23.866+0000] {logging_mixin.py:190} INFO - [2026-08-27T10:44:23.865+0000] {dag.py:3239} INFO - Sync 1 DAGs
[2026-08-27T10:44:23.926+0000] {logging_mixin.py:190} INFO - [2026-08-27T10:44:23.926+0000] {dag.py:4180} INFO - Setting next_dagrun for airbyte_to_dbt_pipeline_prod to 2026-08-27 09:00:00+00:00, run_after=2026-08-27 10:00:00+00:00
[2026-08-27T10:44:23.952+0000] {processor.py:208} INFO - Processing /opt/airflow/dags/prod/airbyte_to_dbt_prod.py took 0.435 seconds
[2026-08-27T10:44:54.131+0000] {processor.py:186} INFO - Started process (PID=316) to work on /opt/airflow/dags/prod/airbyte_to_dbt_prod.py
[2026-08-27T10:44:54.132+0000] {processor.py:914} INFO - Processing file /opt/airflow/dags/prod/airbyte_to_dbt_prod.py for tasks to queue
[2026-08-27T10:44:54.135+0000] {logging_mixin.py:190} INFO - [2026-08-27T10:44:54.135+0000] {dagbag.py:588} INFO - Filling up the DagBag from /opt/airflow/dags/prod/airbyte_to_dbt_prod.py
[2026-08-27T10:44:54.161+0000] {processor.py:925} INFO - DAG(s) 'airbyte_to_dbt_pipeline_prod' retrieved from /opt/airflow/dags/prod/airbyte_to_dbt_prod.py
[2026-08-27T10:44:54.209+0000] {logging_mixin.py:190} INFO - [2026-08-27T10:44:54.209+0000] {dag.py:3239} INFO - Sync 1 DAGs
[2026-08-27T10:44:54.243+0000] {logging_mixin.py:190} INFO - [2026-08-27T10:44:54.243+0000] {dag.py:4180} INFO - Setting next_dagrun for airbyte_to_dbt_pipeline_prod to 2026-08-27 09:00:00+00:00, run_after=2026-08-27 10:00:00+00:00
[2026-08-27T10:44:54.265+0000] {processor.py:208} INFO - Processing /opt/airflow/dags/prod/airbyte_to_dbt_prod.py took 0.142 seconds
[2026-08-27T10:45:24.431+0000] {processor.py:186} INFO - Started process (PID=326) to work on /opt/airflow/dags/prod/airbyte_to_dbt_prod.py
[2026-08-27T10:45:24.432+0000] {processor.py:914} INFO - Processing file /opt/airflow/dags/prod/airbyte_to_dbt_prod.py for tasks to queue
[2026-08-27T10:45:24.435+0000] {logging_mixin.py:190} INFO - [2026-08-27T10:45:24.434+0000] {dagbag.py:588} INFO - Filling up the DagBag from /opt/airflow/dags/prod/airbyte_to_dbt_prod.py
[2026-08-27T10:45:24.456+0000] {processor.py:925} INFO - DAG(s) 'airbyte_to_dbt_pipeline_prod' retrieved from /opt/airflow/dags/prod/airbyte_to_dbt_prod.py
[2026-08-27T10:45:24.509+0000] {logging_mixin.py:190} INFO - [2026-08-27T10:45:24.509+0000] {dag.py:3239} INFO - Sync 1 DAGs
[2026-08-27T10:45:24.541+0000] {logging_mixin.py:190} INFO - [2026-08-27T10:45:24.541+0000] {dag.py:4180} INFO - Setting next_dagrun for airbyte_to_dbt_pipeline_prod to 2026-08-27 09:00:00+00:00, run_after=2026-08-27 10:00:00+00:00
[2026-08-27T10:45:24.567+0000] {processor.py:208} INFO - Processing /opt/airflow/dags/prod/airbyte_to_dbt_prod.py took 0.145 seconds
[2026-08-27T10:45:54.740+0000] {processor.py:186} INFO - Started process (PID=336) to work on /opt/airflow/dags/prod/airbyte_to_dbt_prod.py
[2026-08-27T10:45:54.741+0000] {processor.py:914} INFO - Processing file /opt/airflow/dags/prod/airbyte_to_dbt_prod.py for tasks to queue
[2026-08-27T10:45:54.744+0000] {logging_mixin.py:190} INFO - [2026-08-27T10:45:54.744+0000] {dagbag.py:588} INFO - Filling up the DagBag from /opt/airflow/dags/prod/airbyte_to_dbt_prod.py
[2026-08-27T10:45:54.765+0000] {processor.py:925} INFO - DAG(s) 'airbyte_to_dbt_pipeline_prod' retrieved from /opt/airflow/dags/prod/airbyte_to_dbt_prod.py
[2026-08-27T10:45:54.808+0000] {logging_mixin.py:190} INFO - [2026-08-27T10:45:54.807+0000] {dag.py:3239} INFO - Sync 1 DAGs
[2026-08-27T10:45:54.843+0000] {logging_mixin.py:190} INFO - [2026-08-27T10:45:54.842+0000] {dag.py:4180} INFO - Setting next_dagrun for airbyte_to_dbt_pipeline_prod to 2026-08-27 09:00:00+00:00, run_after=2026-08-27 10:00:00+00:00
[2026-08-27T10:45:54.869+0000] {processor.py:208} INFO - Processing /opt/airflow/dags/prod/airbyte_to_dbt_prod.py took 0.138 seconds
[2026-08-27T10:46:25.028+0000] {processor.py:186} INFO - Started process (PID=346) to work on /opt/airflow/dags/prod/airbyte_to_dbt_prod.py
[2026-08-27T10:46:25.029+0000] {processor.py:914} INFO - Processing file /opt/airflow/dags/prod/airbyte_to_dbt_prod.py for tasks to queue
[2026-08-27T10:46:25.032+0000] {logging_mixin.py:190} INFO - [2026-08-27T10:46:25.032+0000] {dagbag.py:588} INFO - Filling up the DagBag from /opt/airflow/dags/prod/airbyte_to_dbt_prod.py
[2026-08-27T10:46:25.060+0000] {processor.py:925} INFO - DAG(s) 'airbyte_to_dbt_pipeline_prod' retrieved from /opt/airflow/dags/prod/airbyte_to_dbt_prod.py
[2026-08-27T10:46:25.111+0000] {logging_mixin.py:190} INFO - [2026-08-27T10:46:25.111+0000] {dag.py:3239} INFO - Sync 1 DAGs
[2026-08-27T10:46:25.149+0000] {logging_mixin.py:190} INFO - [2026-08-27T10:46:25.149+0000] {dag.py:4180} INFO - Setting next_dagrun for airbyte_to_dbt_pipeline_prod to 2026-08-27 09:00:00+00:00, run_after=2026-08-27 10:00:00+00:00
[2026-08-27T10:46:25.173+0000] {processor.py:208} INFO - Processing /opt/airflow/dags/prod/airbyte_to_dbt_prod.py took 0.155 seconds
[2026-08-27T10:46:55.355+0000] {processor.py:186} INFO - Started process (PID=356) to work on /opt/airflow/dags/prod/airbyte_to_dbt_prod.py
[2026-08-27T10:46:55.355+0000] {processor.py:914} INFO - Processing file /opt/airflow/dags/prod/airbyte_to_dbt_prod.py for tasks to queue
[2026-08-27T10:46:55.359+0000] {logging_mixin.py:190} INFO - [2026-08-27T10:46:55.358+0000] {dagbag.py:588} INFO - Filling up the DagBag from /opt/airflow/dags/prod/airbyte_to_dbt_prod.py
[2026-08-27T10:46:55.385+0000] {processor.py:925} INFO - DAG(s) 'airbyte_to_dbt_pipeline_prod' retrieved from /opt/airflow/dags/prod/airbyte_to_dbt_prod.py
[2026-08-27T10:46:55.426+0000] {logging_mixin.py:190} INFO - [2026-08-27T10:46:55.426+0000] {dag.py:3239} INFO - Sync 1 DAGs
[2026-08-27T10:46:55.465+0000] {logging_mixin.py:190} INFO - [2026-08-27T10:46:55.464+0000] {dag.py:4180} INFO - Setting next_dagrun for airbyte_to_dbt_pipeline_prod to 2026-08-27 09:00:00+00:00, run_after=2026-08-27 10:00:00+00:00
[2026-08-27T10:46:55.491+0000] {processor.py:208} INFO - Processing /opt/airflow/dags/prod/airbyte_to_dbt_prod.py took 0.145 seconds
[2026-08-27T10:47:25.654+0000] {processor.py:186} INFO - Started process (PID=366) to work on /opt/airflow/dags/prod/airbyte_to_dbt_prod.py
[2026-08-27T10:47:25.655+0000] {processor.py:914} INFO - Processing file /opt/airflow/dags/prod/airbyte_to_dbt_prod.py for tasks to queue
[2026-08-27T10:47:25.658+0000] {logging_mixin.py:190} INFO - [2026-08-27T10:47:25.658+0000] {dagbag.py:588} INFO - Filling up the DagBag from /opt/airflow/dags/prod/airbyte_to_dbt_prod.py
[2026-08-27T10:47:25.680+0000] {processor.py:925} INFO - DAG(s) 'airbyte_to_dbt_pipeline_prod' retrieved from /opt/airflow/dags/prod/airbyte_to_dbt_prod.py
[2026-08-27T10:47:25.732+0000] {logging_mixin.py:190} INFO - [2026-08-27T10:47:25.732+0000] {dag.py:3239} INFO - Sync 1 DAGs
[2026-08-27T10:47:25.765+0000] {logging_mixin.py:190} INFO - [2026-08-27T10:47:25.764+0000] {dag.py:4180} INFO - Setting next_dagrun for airbyte_to_dbt_pipeline_prod to 2026-08-27 09:00:00+00:00, run_after=2026-08-27 10:00:00+00:00
[2026-08-27T10:47:25.792+0000] {processor.py:208} INFO - Processing /opt/airflow/dags/prod/airbyte_to_dbt_prod.py took 0.146 seconds
[2026-08-27T10:47:55.960+0000] {processor.py:186} INFO - Started process (PID=376) to work on /opt/airflow/dags/prod/airbyte_to_dbt_prod.py
[2026-08-27T10:47:55.961+0000] {processor.py:914} INFO - Processing file /opt/airflow/dags/prod/airbyte_to_dbt_prod.py for tasks to queue
[2026-08-27T10:47:55.963+0000] {logging_mixin.py:190} INFO - [2026-08-27T10:47:55.963+0000] {dagbag.py:588} INFO - Filling up the DagBag from /opt/airflow/dags/prod/airbyte_to_dbt_prod.py
[2026-08-27T10:47:55.991+0000] {processor.py:925} INFO - DAG(s) 'airbyte_to_dbt_pipeline_prod' retrieved from /opt/airflow/dags/prod/airbyte_to_dbt_prod.py
[2026-08-27T10:47:56.050+0000] {logging_mixin.py:190} INFO - [2026-08-27T10:47:56.049+0000] {dag.py:3239} INFO - Sync 1 DAGs
[2026-08-27T10:47:56.078+0000] {logging_mixin.py:190} INFO - [2026-08-27T10:47:56.077+0000] {dag.py:4180} INFO - Setting next_dagrun for airbyte_to_dbt_pipeline_prod to 2026-08-27 09:00:00+00:00, run_after=2026-08-27 10:00:00+00:00
[2026-08-27T10:47:56.101+0000] {processor.py:208} INFO - Processing /opt/airflow/dags/prod/airbyte_to_dbt_prod.py took 0.150 seconds
[2026-08-27T10:48:26.286+0000] {processor.py:186} INFO - Started process (PID=386) to work on /opt/airflow/dags/prod/airbyte_to_dbt_prod.py
[2026-08-27T10:48:26.287+0000] {processor.py:914} INFO - Processing file /opt/airflow/dags/prod/airbyte_to_dbt_prod.py for tasks to queue
[2026-08-27T10:48:26.290+0000] {logging_mixin.py:190} INFO - [2026-08-27T10:48:26.290+0000] {dagbag.py:588} INFO - Filling up the DagBag from /opt/airflow/dags/prod/airbyte_to_dbt_prod.py
[2026-08-27T10:48:26.315+0000] {processor.py:925} INFO - DAG(s) 'airbyte_to_dbt_pipeline_prod' retrieved from /opt/airflow/dags/prod/airbyte_to_dbt_prod.py
[2026-08-27T10:48:26.378+0000] {logging_mixin.py:190} INFO - [2026-08-27T10:48:26.378+0000] {dag.py:3239} INFO - Sync 1 DAGs
[2026-08-27T10:48:26.434+0000] {logging_mixin.py:190} INFO - [2026-08-27T10:48:26.434+0000] {dag.py:4180} INFO - Setting next_dagrun for airbyte_to_dbt_pipeline_prod to 2026-08-27 09:00:00+00:00, run_after=2026-08-27 10:00:00+00:00
[2026-08-27T10:48:26.466+0000] {processor.py:208} INFO - Processing /opt/airflow/dags/prod/airbyte_to_dbt_prod.py took 0.192 seconds
[2026-08-27T10:48:56.725+0000] {processor.py:186} INFO - Started process (PID=394) to work on /opt/airflow/dags/prod/airbyte_to_dbt_prod.py
[2026-08-27T10:48:56.732+0000] {processor.py:914} INFO - Processing file /opt/airflow/dags/prod/airbyte_to_dbt_prod.py for tasks to queue
[2026-08-27T10:48:56.742+0000] {logging_mixin.py:190} INFO - [2026-08-27T10:48:56.742+0000] {dagbag.py:588} INFO - Filling up the DagBag from /opt/airflow/dags/prod/airbyte_to_dbt_prod.py
[2026-08-27T10:48:56.796+0000] {processor.py:925} INFO - DAG(s) 'airbyte_to_dbt_pipeline_prod' retrieved from /opt/airflow/dags/prod/airbyte_to_dbt_prod.py
[2026-08-27T10:48:58.018+0000] {logging_mixin.py:190} INFO - [2026-08-27T10:48:58.017+0000] {dag.py:3239} INFO - Sync 1 DAGs
[2026-08-27T10:48:58.108+0000] {logging_mixin.py:190} INFO - [2026-08-27T10:48:58.107+0000] {dag.py:4180} INFO - Setting next_dagrun for airbyte_to_dbt_pipeline_prod to 2026-08-27 09:00:00+00:00, run_after=2026-08-27 10:00:00+00:00
[2026-08-27T10:48:58.132+0000] {processor.py:208} INFO - Processing /opt/airflow/dags/prod/airbyte_to_dbt_prod.py took 1.439 seconds
[2026-08-27T10:49:28.298+0000] {processor.py:186} INFO - Started process (PID=406) to work on /opt/airflow/dags/prod/airbyte_to_dbt_prod.py
[2026-08-27T10:49:28.299+0000] {processor.py:914} INFO - Processing file /opt/airflow/dags/prod/airbyte_to_dbt_prod.py for tasks to queue
[2026-08-27T10:49:28.302+0000] {logging_mixin.py:190} INFO - [2026-08-27T10:49:28.302+0000] {dagbag.py:588} INFO - Filling up the DagBag from /opt/airflow/dags/prod/airbyte_to_dbt_prod.py
[2026-08-27T10:49:28.325+0000] {processor.py:925} INFO - DAG(s) 'airbyte_to_dbt_pipeline_prod' retrieved from /opt/airflow/dags/prod/airbyte_to_dbt_prod.py
[2026-08-27T10:49:28.398+0000] {logging_mixin.py:190} INFO - [2026-08-27T10:49:28.398+0000] {dag.py:3239} INFO - Sync 1 DAGs
[2026-08-27T10:49:28.436+0000] {logging_mixin.py:190} INFO - [2026-08-27T10:49:28.436+0000] {dag.py:4180} INFO - Setting next_dagrun for airbyte_to_dbt_pipeline_prod to 2026-08-27 09:00:00+00:00, run_after=2026-08-27 10:00:00+00:00
[2026-08-27T10:49:28.464+0000] {processor.py:208} INFO - Processing /opt/airflow/dags/prod/airbyte_to_dbt_prod.py took 0.174 seconds
[2026-08-27T10:49:58.634+0000] {processor.py:186} INFO - Started process (PID=416) to work on /opt/airflow/dags/prod/airbyte_to_dbt_prod.py
[2026-08-27T10:49:58.635+0000] {processor.py:914} INFO - Processing file /opt/airflow/dags/prod/airbyte_to_dbt_prod.py for tasks to queue
[2026-08-27T10:49:58.638+0000] {logging_mixin.py:190} INFO - [2026-08-27T10:49:58.638+0000] {dagbag.py:588} INFO - Filling up the DagBag from /opt/airflow/dags/prod/airbyte_to_dbt_prod.py
[2026-08-27T10:49:58.675+0000] {processor.py:925} INFO - DAG(s) 'airbyte_to_dbt_pipeline_prod' retrieved from /opt/airflow/dags/prod/airbyte_to_dbt_prod.py
[2026-08-27T10:49:58.728+0000] {logging_mixin.py:190} INFO - [2026-08-27T10:49:58.727+0000] {dag.py:3239} INFO - Sync 1 DAGs
[2026-08-27T10:49:58.769+0000] {logging_mixin.py:190} INFO - [2026-08-27T10:49:58.769+0000] {dag.py:4180} INFO - Setting next_dagrun for airbyte_to_dbt_pipeline_prod to 2026-08-27 09:00:00+00:00, run_after=2026-08-27 10:00:00+00:00
[2026-08-27T10:49:58.817+0000] {processor.py:208} INFO - Processing /opt/airflow/dags/prod/airbyte_to_dbt_prod.py took 0.190 seconds
[2026-08-27T10:50:28.946+0000] {processor.py:186} INFO - Started process (PID=426) to work on /opt/airflow/dags/prod/airbyte_to_dbt_prod.py
[2026-08-27T10:50:28.947+0000] {processor.py:914} INFO - Processing file /opt/airflow/dags/prod/airbyte_to_dbt_prod.py for tasks to queue
[2026-08-27T10:50:28.951+0000] {logging_mixin.py:190} INFO - [2026-08-27T10:50:28.951+0000] {dagbag.py:588} INFO - Filling up the DagBag from /opt/airflow/dags/prod/airbyte_to_dbt_prod.py
[2026-08-27T10:50:28.988+0000] {processor.py:925} INFO - DAG(s) 'airbyte_to_dbt_pipeline_prod' retrieved from /opt/airflow/dags/prod/airbyte_to_dbt_prod.py
[2026-08-27T10:50:29.029+0000] {logging_mixin.py:190} INFO - [2026-08-27T10:50:29.029+0000] {dag.py:3239} INFO - Sync 1 DAGs
[2026-08-27T10:50:29.077+0000] {logging_mixin.py:190} INFO - [2026-08-27T10:50:29.077+0000] {dag.py:4180} INFO - Setting next_dagrun for airbyte_to_dbt_pipeline_prod to 2026-08-27 09:00:00+00:00, run_after=2026-08-27 10:00:00+00:00
[2026-08-27T10:50:29.100+0000] {processor.py:208} INFO - Processing /opt/airflow/dags/prod/airbyte_to_dbt_prod.py took 0.164 seconds
[2026-08-27T10:50:59.272+0000] {processor.py:186} INFO - Started process (PID=436) to work on /opt/airflow/dags/prod/airbyte_to_dbt_prod.py
[2026-08-27T10:50:59.272+0000] {processor.py:914} INFO - Processing file /opt/airflow/dags/prod/airbyte_to_dbt_prod.py for tasks to queue
[2026-08-27T10:50:59.275+0000] {logging_mixin.py:190} INFO - [2026-08-27T10:50:59.275+0000] {dagbag.py:588} INFO - Filling up the DagBag from /opt/airflow/dags/prod/airbyte_to_dbt_prod.py
[2026-08-27T10:50:59.295+0000] {processor.py:925} INFO - DAG(s) 'airbyte_to_dbt_pipeline_prod' retrieved from /opt/airflow/dags/prod/airbyte_to_dbt_prod.py
[2026-08-27T10:50:59.333+0000] {logging_mixin.py:190} INFO - [2026-08-27T10:50:59.333+0000] {dag.py:3239} INFO - Sync 1 DAGs
[2026-08-27T10:50:59.363+0000] {logging_mixin.py:190} INFO - [2026-08-27T10:50:59.362+0000] {dag.py:4180} INFO - Setting next_dagrun for airbyte_to_dbt_pipeline_prod to 2026-08-27 09:00:00+00:00, run_after=2026-08-27 10:00:00+00:00
[2026-08-27T10:50:59.387+0000] {processor.py:208} INFO - Processing /opt/airflow/dags/prod/airbyte_to_dbt_prod.py took 0.123 seconds
[2026-08-27T10:51:29.543+0000] {processor.py:186} INFO - Started process (PID=446) to work on /opt/airflow/dags/prod/airbyte_to_dbt_prod.py
[2026-08-27T10:51:29.545+0000] {processor.py:914} INFO - Processing file /opt/airflow/dags/prod/airbyte_to_dbt_prod.py for tasks to queue
[2026-08-27T10:51:29.549+0000] {logging_mixin.py:190} INFO - [2026-08-27T10:51:29.548+0000] {dagbag.py:588} INFO - Filling up the DagBag from /opt/airflow/dags/prod/airbyte_to_dbt_prod.py
[2026-08-27T10:51:29.575+0000] {processor.py:925} INFO - DAG(s) 'airbyte_to_dbt_pipeline_prod' retrieved from /opt/airflow/dags/prod/airbyte_to_dbt_prod.py
[2026-08-27T10:51:29.615+0000] {logging_mixin.py:190} INFO - [2026-08-27T10:51:29.615+0000] {dag.py:3239} INFO - Sync 1 DAGs
[2026-08-27T10:51:29.649+0000] {logging_mixin.py:190} INFO - [2026-08-27T10:51:29.649+0000] {dag.py:4180} INFO - Setting next_dagrun for airbyte_to_dbt_pipeline_prod to 2026-08-27 09:00:00+00:00, run_after=2026-08-27 10:00:00+00:00
[2026-08-27T10:51:29.672+0000] {processor.py:208} INFO - Processing /opt/airflow/dags/prod/airbyte_to_dbt_prod.py took 0.139 seconds
[2026-08-27T10:51:59.823+0000] {processor.py:186} INFO - Started process (PID=456) to work on /opt/airflow/dags/prod/airbyte_to_dbt_prod.py
[2026-08-27T10:51:59.824+0000] {processor.py:914} INFO - Processing file /opt/airflow/dags/prod/airbyte_to_dbt_prod.py for tasks to queue
[2026-08-27T10:51:59.827+0000] {logging_mixin.py:190} INFO - [2026-08-27T10:51:59.827+0000] {dagbag.py:588} INFO - Filling up the DagBag from /opt/airflow/dags/prod/airbyte_to_dbt_prod.py
[2026-08-27T10:51:59.849+0000] {processor.py:925} INFO - DAG(s) 'airbyte_to_dbt_pipeline_prod' retrieved from /opt/airflow/dags/prod/airbyte_to_dbt_prod.py
[2026-08-27T10:51:59.889+0000] {logging_mixin.py:190} INFO - [2026-08-27T10:51:59.888+0000] {dag.py:3239} INFO - Sync 1 DAGs
[2026-08-27T10:51:59.915+0000] {logging_mixin.py:190} INFO - [2026-08-27T10:51:59.915+0000] {dag.py:4180} INFO - Setting next_dagrun for airbyte_to_dbt_pipeline_prod to 2026-08-27 09:00:00+00:00, run_after=2026-08-27 10:00:00+00:00
[2026-08-27T10:51:59.938+0000] {processor.py:208} INFO - Processing /opt/airflow/dags/prod/airbyte_to_dbt_prod.py took 0.123 seconds
[2026-08-27T10:52:30.121+0000] {processor.py:186} INFO - Started process (PID=466) to work on /opt/airflow/dags/prod/airbyte_to_dbt_prod.py
[2026-08-27T10:52:30.122+0000] {processor.py:914} INFO - Processing file /opt/airflow/dags/prod/airbyte_to_dbt_prod.py for tasks to queue
[2026-08-27T10:52:30.124+0000] {logging_mixin.py:190} INFO - [2026-08-27T10:52:30.124+0000] {dagbag.py:588} INFO - Filling up the DagBag from /opt/airflow/dags/prod/airbyte_to_dbt_prod.py
[2026-08-27T10:52:30.149+0000] {processor.py:925} INFO - DAG(s) 'airbyte_to_dbt_pipeline_prod' retrieved from /opt/airflow/dags/prod/airbyte_to_dbt_prod.py
[2026-08-27T10:52:30.188+0000] {logging_mixin.py:190} INFO - [2026-08-27T10:52:30.187+0000] {dag.py:3239} INFO - Sync 1 DAGs
[2026-08-27T10:52:30.217+0000] {logging_mixin.py:190} INFO - [2026-08-27T10:52:30.216+0000] {dag.py:4180} INFO - Setting next_dagrun for airbyte_to_dbt_pipeline_prod to 2026-08-27 09:00:00+00:00, run_after=2026-08-27 10:00:00+00:00
[2026-08-27T10:52:30.238+0000] {processor.py:208} INFO - Processing /opt/airflow/dags/prod/airbyte_to_dbt_prod.py took 0.126 seconds
[2026-08-27T10:53:00.405+0000] {processor.py:186} INFO - Started process (PID=476) to work on /opt/airflow/dags/prod/airbyte_to_dbt_prod.py
[2026-08-27T10:53:00.406+0000] {processor.py:914} INFO - Processing file /opt/airflow/dags/prod/airbyte_to_dbt_prod.py for tasks to queue
[2026-08-27T10:53:00.409+0000] {logging_mixin.py:190} INFO - [2026-08-27T10:53:00.409+0000] {dagbag.py:588} INFO - Filling up the DagBag from /opt/airflow/dags/prod/airbyte_to_dbt_prod.py
[2026-08-27T10:53:00.434+0000] {processor.py:925} INFO - DAG(s) 'airbyte_to_dbt_pipeline_prod' retrieved from /opt/airflow/dags/prod/airbyte_to_dbt_prod.py
[2026-08-27T10:53:00.471+0000] {logging_mixin.py:190} INFO - [2026-08-27T10:53:00.471+0000] {dag.py:3239} INFO - Sync 1 DAGs
[2026-08-27T10:53:00.501+0000] {logging_mixin.py:190} INFO - [2026-08-27T10:53:00.501+0000] {dag.py:4180} INFO - Setting next_dagrun for airbyte_to_dbt_pipeline_prod to 2026-08-27 09:00:00+00:00, run_after=2026-08-27 10:00:00+00:00
[2026-08-27T10:53:00.523+0000] {processor.py:208} INFO - Processing /opt/airflow/dags/prod/airbyte_to_dbt_prod.py took 0.126 seconds
[2026-08-27T10:53:30.690+0000] {processor.py:186} INFO - Started process (PID=486) to work on /opt/airflow/dags/prod/airbyte_to_dbt_prod.py
[2026-08-27T10:53:30.691+0000] {processor.py:914} INFO - Processing file /opt/airflow/dags/prod/airbyte_to_dbt_prod.py for tasks to queue
[2026-08-27T10:53:30.694+0000] {logging_mixin.py:190} INFO - [2026-08-27T10:53:30.694+0000] {dagbag.py:588} INFO - Filling up the DagBag from /opt/airflow/dags/prod/airbyte_to_dbt_prod.py
[2026-08-27T10:53:30.715+0000] {processor.py:925} INFO - DAG(s) 'airbyte_to_dbt_pipeline_prod' retrieved from /opt/airflow/dags/prod/airbyte_to_dbt_prod.py
[2026-08-27T10:53:30.770+0000] {logging_mixin.py:190} INFO - [2026-08-27T10:53:30.769+0000] {dag.py:3239} INFO - Sync 1 DAGs
[2026-08-27T10:53:30.806+0000] {logging_mixin.py:190} INFO - [2026-08-27T10:53:30.806+0000] {dag.py:4180} INFO - Setting next_dagrun for airbyte_to_dbt_pipeline_prod to 2026-08-27 09:00:00+00:00, run_after=2026-08-27 10:00:00+00:00
[2026-08-27T10:53:30.828+0000] {processor.py:208} INFO - Processing /opt/airflow/dags/prod/airbyte_to_dbt_prod.py took 0.146 seconds
[2026-08-27T10:54:00.987+0000] {processor.py:186} INFO - Started process (PID=496) to work on /opt/airflow/dags/prod/airbyte_to_dbt_prod.py
[2026-08-27T10:54:00.988+0000] {processor.py:914} INFO - Processing file /opt/airflow/dags/prod/airbyte_to_dbt_prod.py for tasks to queue
[2026-08-27T10:54:00.991+0000] {logging_mixin.py:190} INFO - [2026-08-27T10:54:00.991+0000] {dagbag.py:588} INFO - Filling up the DagBag from /opt/airflow/dags/prod/airbyte_to_dbt_prod.py
[2026-08-27T10:54:01.011+0000] {processor.py:925} INFO - DAG(s) 'airbyte_to_dbt_pipeline_prod' retrieved from /opt/airflow/dags/prod/airbyte_to_dbt_prod.py
[2026-08-27T10:54:01.061+0000] {logging_mixin.py:190} INFO - [2026-08-27T10:54:01.061+0000] {dag.py:3239} INFO - Sync 1 DAGs
[2026-08-27T10:54:01.098+0000] {logging_mixin.py:190} INFO - [2026-08-27T10:54:01.098+0000] {dag.py:4180} INFO - Setting next_dagrun for airbyte_to_dbt_pipeline_prod to 2026-08-27 09:00:00+00:00, run_after=2026-08-27 10:00:00+00:00
[2026-08-27T10:54:01.123+0000] {processor.py:208} INFO - Processing /opt/airflow/dags/prod/airbyte_to_dbt_prod.py took 0.144 seconds
[2026-08-27T10:54:31.302+0000] {processor.py:186} INFO - Started process (PID=506) to work on /opt/airflow/dags/prod/airbyte_to_dbt_prod.py
[2026-08-27T10:54:31.304+0000] {processor.py:914} INFO - Processing file /opt/airflow/dags/prod/airbyte_to_dbt_prod.py for tasks to queue
[2026-08-27T10:54:31.306+0000] {logging_mixin.py:190} INFO - [2026-08-27T10:54:31.306+0000] {dagbag.py:588} INFO - Filling up the DagBag from /opt/airflow/dags/prod/airbyte_to_dbt_prod.py
[2026-08-27T10:54:31.328+0000] {processor.py:925} INFO - DAG(s) 'airbyte_to_dbt_pipeline_prod' retrieved from /opt/airflow/dags/prod/airbyte_to_dbt_prod.py
[2026-08-27T10:54:31.378+0000] {logging_mixin.py:190} INFO - [2026-08-27T10:54:31.378+0000] {dag.py:3239} INFO - Sync 1 DAGs
[2026-08-27T10:54:31.411+0000] {logging_mixin.py:190} INFO - [2026-08-27T10:54:31.411+0000] {dag.py:4180} INFO - Setting next_dagrun for airbyte_to_dbt_pipeline_prod to 2026-08-27 09:00:00+00:00, run_after=2026-08-27 10:00:00+00:00
[2026-08-27T10:54:31.435+0000] {processor.py:208} INFO - Processing /opt/airflow/dags/prod/airbyte_to_dbt_prod.py took 0.142 seconds
[2026-08-27T10:55:01.587+0000] {processor.py:186} INFO - Started process (PID=516) to work on /opt/airflow/dags/prod/airbyte_to_dbt_prod.py
[2026-08-27T10:55:01.588+0000] {processor.py:914} INFO - Processing file /opt/airflow/dags/prod/airbyte_to_dbt_prod.py for tasks to queue
[2026-08-27T10:55:01.591+0000] {logging_mixin.py:190} INFO - [2026-08-27T10:55:01.590+0000] {dagbag.py:588} INFO - Filling up the DagBag from /opt/airflow/dags/prod/airbyte_to_dbt_prod.py
[2026-08-27T10:55:01.613+0000] {processor.py:925} INFO - DAG(s) 'airbyte_to_dbt_pipeline_prod' retrieved from /opt/airflow/dags/prod/airbyte_to_dbt_prod.py
[2026-08-27T10:55:01.653+0000] {logging_mixin.py:190} INFO - [2026-08-27T10:55:01.653+0000] {dag.py:3239} INFO - Sync 1 DAGs
[2026-08-27T10:55:01.689+0000] {logging_mixin.py:190} INFO - [2026-08-27T10:55:01.689+0000] {dag.py:4180} INFO - Setting next_dagrun for airbyte_to_dbt_pipeline_prod to 2026-08-27 09:00:00+00:00, run_after=2026-08-27 10:00:00+00:00
[2026-08-27T10:55:01.713+0000] {processor.py:208} INFO - Processing /opt/airflow/dags/prod/airbyte_to_dbt_prod.py took 0.133 seconds
[2026-08-27T10:55:31.880+0000] {processor.py:186} INFO - Started process (PID=526) to work on /opt/airflow/dags/prod/airbyte_to_dbt_prod.py
[2026-08-27T10:55:31.881+0000] {processor.py:914} INFO - Processing file /opt/airflow/dags/prod/airbyte_to_dbt_prod.py for tasks to queue
[2026-08-27T10:55:31.884+0000] {logging_mixin.py:190} INFO - [2026-08-27T10:55:31.884+0000] {dagbag.py:588} INFO - Filling up the DagBag from /opt/airflow/dags/prod/airbyte_to_dbt_prod.py
[2026-08-27T10:55:31.906+0000] {processor.py:925} INFO - DAG(s) 'airbyte_to_dbt_pipeline_prod' retrieved from /opt/airflow/dags/prod/airbyte_to_dbt_prod.py
[2026-08-27T10:55:31.944+0000] {logging_mixin.py:190} INFO - [2026-08-27T10:55:31.943+0000] {dag.py:3239} INFO - Sync 1 DAGs
[2026-08-27T10:55:31.975+0000] {logging_mixin.py:190} INFO - [2026-08-27T10:55:31.975+0000] {dag.py:4180} INFO - Setting next_dagrun for airbyte_to_dbt_pipeline_prod to 2026-08-27 09:00:00+00:00, run_after=2026-08-27 10:00:00+00:00
[2026-08-27T10:55:31.999+0000] {processor.py:208} INFO - Processing /opt/airflow/dags/prod/airbyte_to_dbt_prod.py took 0.129 seconds
[2026-08-27T10:56:02.157+0000] {processor.py:186} INFO - Started process (PID=536) to work on /opt/airflow/dags/prod/airbyte_to_dbt_prod.py
[2026-08-27T10:56:02.157+0000] {processor.py:914} INFO - Processing file /opt/airflow/dags/prod/airbyte_to_dbt_prod.py for tasks to queue
[2026-08-27T10:56:02.160+0000] {logging_mixin.py:190} INFO - [2026-08-27T10:56:02.159+0000] {dagbag.py:588} INFO - Filling up the DagBag from /opt/airflow/dags/prod/airbyte_to_dbt_prod.py
[2026-08-27T10:56:02.180+0000] {processor.py:925} INFO - DAG(s) 'airbyte_to_dbt_pipeline_prod' retrieved from /opt/airflow/dags/prod/airbyte_to_dbt_prod.py
[2026-08-27T10:56:02.221+0000] {logging_mixin.py:190} INFO - [2026-08-27T10:56:02.221+0000] {dag.py:3239} INFO - Sync 1 DAGs
[2026-08-27T10:56:02.252+0000] {logging_mixin.py:190} INFO - [2026-08-27T10:56:02.252+0000] {dag.py:4180} INFO - Setting next_dagrun for airbyte_to_dbt_pipeline_prod to 2026-08-27 09:00:00+00:00, run_after=2026-08-27 10:00:00+00:00
[2026-08-27T10:56:02.273+0000] {processor.py:208} INFO - Processing /opt/airflow/dags/prod/airbyte_to_dbt_prod.py took 0.125 seconds
[2026-08-27T10:56:32.437+0000] {processor.py:186} INFO - Started process (PID=546) to work on /opt/airflow/dags/prod/airbyte_to_dbt_prod.py
[2026-08-27T10:56:32.438+0000] {processor.py:914} INFO - Processing file /opt/airflow/dags/prod/airbyte_to_dbt_prod.py for tasks to queue
[2026-08-27T10:56:32.440+0000] {logging_mixin.py:190} INFO - [2026-08-27T10:56:32.440+0000] {dagbag.py:588} INFO - Filling up the DagBag from /opt/airflow/dags/prod/airbyte_to_dbt_prod.py
[2026-08-27T10:56:32.460+0000] {processor.py:925} INFO - DAG(s) 'airbyte_to_dbt_pipeline_prod' retrieved from /opt/airflow/dags/prod/airbyte_to_dbt_prod.py
[2026-08-27T10:56:32.497+0000] {logging_mixin.py:190} INFO - [2026-08-27T10:56:32.497+0000] {dag.py:3239} INFO - Sync 1 DAGs
[2026-08-27T10:56:32.529+0000] {logging_mixin.py:190} INFO - [2026-08-27T10:56:32.529+0000] {dag.py:4180} INFO - Setting next_dagrun for airbyte_to_dbt_pipeline_prod to 2026-08-27 09:00:00+00:00, run_after=2026-08-27 10:00:00+00:00
[2026-08-27T10:56:32.552+0000] {processor.py:208} INFO - Processing /opt/airflow/dags/prod/airbyte_to_dbt_prod.py took 0.124 seconds
[2026-08-27T10:57:02.714+0000] {processor.py:186} INFO - Started process (PID=556) to work on /opt/airflow/dags/prod/airbyte_to_dbt_prod.py
[2026-08-27T10:57:02.715+0000] {processor.py:914} INFO - Processing file /opt/airflow/dags/prod/airbyte_to_dbt_prod.py for tasks to queue
[2026-08-27T10:57:02.719+0000] {logging_mixin.py:190} INFO - [2026-08-27T10:57:02.718+0000] {dagbag.py:588} INFO - Filling up the DagBag from /opt/airflow/dags/prod/airbyte_to_dbt_prod.py
[2026-08-27T10:57:02.741+0000] {processor.py:925} INFO - DAG(s) 'airbyte_to_dbt_pipeline_prod' retrieved from /opt/airflow/dags/prod/airbyte_to_dbt_prod.py
[2026-08-27T10:57:02.789+0000] {logging_mixin.py:190} INFO - [2026-08-27T10:57:02.789+0000] {dag.py:3239} INFO - Sync 1 DAGs
[2026-08-27T10:57:02.824+0000] {logging_mixin.py:190} INFO - [2026-08-27T10:57:02.824+0000] {dag.py:4180} INFO - Setting next_dagrun for airbyte_to_dbt_pipeline_prod to 2026-08-27 09:00:00+00:00, run_after=2026-08-27 10:00:00+00:00
[2026-08-27T10:57:02.849+0000] {processor.py:208} INFO - Processing /opt/airflow/dags/prod/airbyte_to_dbt_prod.py took 0.146 seconds
[2026-08-27T10:57:33.012+0000] {processor.py:186} INFO - Started process (PID=566) to work on /opt/airflow/dags/prod/airbyte_to_dbt_prod.py
[2026-08-27T10:57:33.013+0000] {processor.py:914} INFO - Processing file /opt/airflow/dags/prod/airbyte_to_dbt_prod.py for tasks to queue
[2026-08-27T10:57:33.017+0000] {logging_mixin.py:190} INFO - [2026-08-27T10:57:33.017+0000] {dagbag.py:588} INFO - Filling up the DagBag from /opt/airflow/dags/prod/airbyte_to_dbt_prod.py
[2026-08-27T10:57:33.041+0000] {processor.py:925} INFO - DAG(s) 'airbyte_to_dbt_pipeline_prod' retrieved from /opt/airflow/dags/prod/airbyte_to_dbt_prod.py
[2026-08-27T10:57:33.085+0000] {logging_mixin.py:190} INFO - [2026-08-27T10:57:33.085+0000] {dag.py:3239} INFO - Sync 1 DAGs
[2026-08-27T10:57:33.121+0000] {logging_mixin.py:190} INFO - [2026-08-27T10:57:33.121+0000] {dag.py:4180} INFO - Setting next_dagrun for airbyte_to_dbt_pipeline_prod to 2026-08-27 09:00:00+00:00, run_after=2026-08-27 10:00:00+00:00
[2026-08-27T10:57:33.143+0000] {processor.py:208} INFO - Processing /opt/airflow/dags/prod/airbyte_to_dbt_prod.py took 0.141 seconds
[2026-08-27T10:58:03.300+0000] {processor.py:186} INFO - Started process (PID=576) to work on /opt/airflow/dags/prod/airbyte_to_dbt_prod.py
[2026-08-27T10:58:03.301+0000] {processor.py:914} INFO - Processing file /opt/airflow/dags/prod/airbyte_to_dbt_prod.py for tasks to queue
[2026-08-27T10:58:03.303+0000] {logging_mixin.py:190} INFO - [2026-08-27T10:58:03.303+0000] {dagbag.py:588} INFO - Filling up the DagBag from /opt/airflow/dags/prod/airbyte_to_dbt_prod.py
[2026-08-27T10:58:03.323+0000] {processor.py:925} INFO - DAG(s) 'airbyte_to_dbt_pipeline_prod' retrieved from /opt/airflow/dags/prod/airbyte_to_dbt_prod.py
[2026-08-27T10:58:03.372+0000] {logging_mixin.py:190} INFO - [2026-08-27T10:58:03.371+0000] {dag.py:3239} INFO - Sync 1 DAGs
[2026-08-27T10:58:03.399+0000] {logging_mixin.py:190} INFO - [2026-08-27T10:58:03.399+0000] {dag.py:4180} INFO - Setting next_dagrun for airbyte_to_dbt_pipeline_prod to 2026-08-27 09:00:00+00:00, run_after=2026-08-27 10:00:00+00:00
[2026-08-27T10:58:03.422+0000] {processor.py:208} INFO - Processing /opt/airflow/dags/prod/airbyte_to_dbt_prod.py took 0.130 seconds
[2026-08-27T10:58:33.581+0000] {processor.py:186} INFO - Started process (PID=586) to work on /opt/airflow/dags/prod/airbyte_to_dbt_prod.py
[2026-08-27T10:58:33.582+0000] {processor.py:914} INFO - Processing file /opt/airflow/dags/prod/airbyte_to_dbt_prod.py for tasks to queue
[2026-08-27T10:58:33.585+0000] {logging_mixin.py:190} INFO - [2026-08-27T10:58:33.585+0000] {dagbag.py:588} INFO - Filling up the DagBag from /opt/airflow/dags/prod/airbyte_to_dbt_prod.py
[2026-08-27T10:58:33.607+0000] {processor.py:925} INFO - DAG(s) 'airbyte_to_dbt_pipeline_prod' retrieved from /opt/airflow/dags/prod/airbyte_to_dbt_prod.py
[2026-08-27T10:58:33.653+0000] {logging_mixin.py:190} INFO - [2026-08-27T10:58:33.653+0000] {dag.py:3239} INFO - Sync 1 DAGs
[2026-08-27T10:58:33.686+0000] {logging_mixin.py:190} INFO - [2026-08-27T10:58:33.686+0000] {dag.py:4180} INFO - Setting next_dagrun for airbyte_to_dbt_pipeline_prod to 2026-08-27 09:00:00+00:00, run_after=2026-08-27 10:00:00+00:00
[2026-08-27T10:58:33.707+0000] {processor.py:208} INFO - Processing /opt/airflow/dags/prod/airbyte_to_dbt_prod.py took 0.136 seconds
[2026-08-27T10:59:03.864+0000] {processor.py:186} INFO - Started process (PID=596) to work on /opt/airflow/dags/prod/airbyte_to_dbt_prod.py
[2026-08-27T10:59:03.865+0000] {processor.py:914} INFO - Processing file /opt/airflow/dags/prod/airbyte_to_dbt_prod.py for tasks to queue
[2026-08-27T10:59:03.868+0000] {logging_mixin.py:190} INFO - [2026-08-27T10:59:03.867+0000] {dagbag.py:588} INFO - Filling up the DagBag from /opt/airflow/dags/prod/airbyte_to_dbt_prod.py
[2026-08-27T10:59:03.890+0000] {processor.py:925} INFO - DAG(s) 'airbyte_to_dbt_pipeline_prod' retrieved from /opt/airflow/dags/prod/airbyte_to_dbt_prod.py
[2026-08-27T10:59:03.939+0000] {logging_mixin.py:190} INFO - [2026-08-27T10:59:03.938+0000] {dag.py:3239} INFO - Sync 1 DAGs
[2026-08-27T10:59:03.975+0000] {logging_mixin.py:190} INFO - [2026-08-27T10:59:03.975+0000] {dag.py:4180} INFO - Setting next_dagrun for airbyte_to_dbt_pipeline_prod to 2026-08-27 09:00:00+00:00, run_after=2026-08-27 10:00:00+00:00
[2026-08-27T10:59:04.000+0000] {processor.py:208} INFO - Processing /opt/airflow/dags/prod/airbyte_to_dbt_prod.py took 0.145 seconds
[2026-08-27T10:59:34.160+0000] {processor.py:186} INFO - Started process (PID=606) to work on /opt/airflow/dags/prod/airbyte_to_dbt_prod.py
[2026-08-27T10:59:34.164+0000] {processor.py:914} INFO - Processing file /opt/airflow/dags/prod/airbyte_to_dbt_prod.py for tasks to queue
[2026-08-27T10:59:34.167+0000] {logging_mixin.py:190} INFO - [2026-08-27T10:59:34.167+0000] {dagbag.py:588} INFO - Filling up the DagBag from /opt/airflow/dags/prod/airbyte_to_dbt_prod.py
[2026-08-27T10:59:34.195+0000] {processor.py:925} INFO - DAG(s) 'airbyte_to_dbt_pipeline_prod' retrieved from /opt/airflow/dags/prod/airbyte_to_dbt_prod.py
[2026-08-27T10:59:34.237+0000] {logging_mixin.py:190} INFO - [2026-08-27T10:59:34.236+0000] {dag.py:3239} INFO - Sync 1 DAGs
[2026-08-27T10:59:34.263+0000] {logging_mixin.py:190} INFO - [2026-08-27T10:59:34.262+0000] {dag.py:4180} INFO - Setting next_dagrun for airbyte_to_dbt_pipeline_prod to 2026-08-27 09:00:00+00:00, run_after=2026-08-27 10:00:00+00:00
[2026-08-27T10:59:34.352+0000] {processor.py:208} INFO - Processing /opt/airflow/dags/prod/airbyte_to_dbt_prod.py took 0.199 seconds
[2026-08-27T11:00:04.528+0000] {processor.py:186} INFO - Started process (PID=616) to work on /opt/airflow/dags/prod/airbyte_to_dbt_prod.py
[2026-08-27T11:00:04.529+0000] {processor.py:914} INFO - Processing file /opt/airflow/dags/prod/airbyte_to_dbt_prod.py for tasks to queue
[2026-08-27T11:00:04.532+0000] {logging_mixin.py:190} INFO - [2026-08-27T11:00:04.532+0000] {dagbag.py:588} INFO - Filling up the DagBag from /opt/airflow/dags/prod/airbyte_to_dbt_prod.py
[2026-08-27T11:00:04.555+0000] {processor.py:925} INFO - DAG(s) 'airbyte_to_dbt_pipeline_prod' retrieved from /opt/airflow/dags/prod/airbyte_to_dbt_prod.py
[2026-08-27T11:00:04.605+0000] {logging_mixin.py:190} INFO - [2026-08-27T11:00:04.605+0000] {dag.py:3239} INFO - Sync 1 DAGs
[2026-08-27T11:00:04.640+0000] {logging_mixin.py:190} INFO - [2026-08-27T11:00:04.640+0000] {dag.py:4180} INFO - Setting next_dagrun for airbyte_to_dbt_pipeline_prod to 2026-08-27 10:00:00+00:00, run_after=2026-08-27 11:00:00+00:00
[2026-08-27T11:00:04.665+0000] {processor.py:208} INFO - Processing /opt/airflow/dags/prod/airbyte_to_dbt_prod.py took 0.144 seconds
[2026-08-27T11:00:34.834+0000] {processor.py:186} INFO - Started process (PID=626) to work on /opt/airflow/dags/prod/airbyte_to_dbt_prod.py
[2026-08-27T11:00:34.835+0000] {processor.py:914} INFO - Processing file /opt/airflow/dags/prod/airbyte_to_dbt_prod.py for tasks to queue
[2026-08-27T11:00:34.837+0000] {logging_mixin.py:190} INFO - [2026-08-27T11:00:34.837+0000] {dagbag.py:588} INFO - Filling up the DagBag from /opt/airflow/dags/prod/airbyte_to_dbt_prod.py
[2026-08-27T11:00:34.859+0000] {processor.py:925} INFO - DAG(s) 'airbyte_to_dbt_pipeline_prod' retrieved from /opt/airflow/dags/prod/airbyte_to_dbt_prod.py
[2026-08-27T11:00:34.908+0000] {logging_mixin.py:190} INFO - [2026-08-27T11:00:34.907+0000] {dag.py:3239} INFO - Sync 1 DAGs
[2026-08-27T11:00:34.943+0000] {logging_mixin.py:190} INFO - [2026-08-27T11:00:34.943+0000] {dag.py:4180} INFO - Setting next_dagrun for airbyte_to_dbt_pipeline_prod to 2026-08-27 10:00:00+00:00, run_after=2026-08-27 11:00:00+00:00
[2026-08-27T11:00:34.966+0000] {processor.py:208} INFO - Processing /opt/airflow/dags/prod/airbyte_to_dbt_prod.py took 0.140 seconds
[2026-08-27T11:01:05.129+0000] {processor.py:186} INFO - Started process (PID=636) to work on /opt/airflow/dags/prod/airbyte_to_dbt_prod.py
[2026-08-27T11:01:05.130+0000] {processor.py:914} INFO - Processing file /opt/airflow/dags/prod/airbyte_to_dbt_prod.py for tasks to queue
[2026-08-27T11:01:05.133+0000] {logging_mixin.py:190} INFO - [2026-08-27T11:01:05.133+0000] {dagbag.py:588} INFO - Filling up the DagBag from /opt/airflow/dags/prod/airbyte_to_dbt_prod.py
[2026-08-27T11:01:05.160+0000] {processor.py:925} INFO - DAG(s) 'airbyte_to_dbt_pipeline_prod' retrieved from /opt/airflow/dags/prod/airbyte_to_dbt_prod.py
[2026-08-27T11:01:05.200+0000] {logging_mixin.py:190} INFO - [2026-08-27T11:01:05.200+0000] {dag.py:3239} INFO - Sync 1 DAGs
[2026-08-27T11:01:05.234+0000] {logging_mixin.py:190} INFO - [2026-08-27T11:01:05.233+0000] {dag.py:4180} INFO - Setting next_dagrun for airbyte_to_dbt_pipeline_prod to 2026-08-27 10:00:00+00:00, run_after=2026-08-27 11:00:00+00:00
[2026-08-27T11:01:05.257+0000] {processor.py:208} INFO - Processing /opt/airflow/dags/prod/airbyte_to_dbt_prod.py took 0.139 seconds
[2026-08-27T11:01:35.414+0000] {processor.py:186} INFO - Started process (PID=646) to work on /opt/airflow/dags/prod/airbyte_to_dbt_prod.py
[2026-08-27T11:01:35.416+0000] {processor.py:914} INFO - Processing file /opt/airflow/dags/prod/airbyte_to_dbt_prod.py for tasks to queue
[2026-08-27T11:01:35.418+0000] {logging_mixin.py:190} INFO - [2026-08-27T11:01:35.418+0000] {dagbag.py:588} INFO - Filling up the DagBag from /opt/airflow/dags/prod/airbyte_to_dbt_prod.py
[2026-08-27T11:01:35.438+0000] {processor.py:925} INFO - DAG(s) 'airbyte_to_dbt_pipeline_prod' retrieved from /opt/airflow/dags/prod/airbyte_to_dbt_prod.py
[2026-08-27T11:01:35.478+0000] {logging_mixin.py:190} INFO - [2026-08-27T11:01:35.478+0000] {dag.py:3239} INFO - Sync 1 DAGs
[2026-08-27T11:01:35.509+0000] {logging_mixin.py:190} INFO - [2026-08-27T11:01:35.509+0000] {dag.py:4180} INFO - Setting next_dagrun for airbyte_to_dbt_pipeline_prod to 2026-08-27 10:00:00+00:00, run_after=2026-08-27 11:00:00+00:00
[2026-08-27T11:01:35.532+0000] {processor.py:208} INFO - Processing /opt/airflow/dags/prod/airbyte_to_dbt_prod.py took 0.126 seconds
[2026-08-27T11:02:05.690+0000] {processor.py:186} INFO - Started process (PID=656) to work on /opt/airflow/dags/prod/airbyte_to_dbt_prod.py
[2026-08-27T11:02:05.691+0000] {processor.py:914} INFO - Processing file /opt/airflow/dags/prod/airbyte_to_dbt_prod.py for tasks to queue
[2026-08-27T11:02:05.694+0000] {logging_mixin.py:190} INFO - [2026-08-27T11:02:05.694+0000] {dagbag.py:588} INFO - Filling up the DagBag from /opt/airflow/dags/prod/airbyte_to_dbt_prod.py
[2026-08-27T11:02:05.721+0000] {processor.py:925} INFO - DAG(s) 'airbyte_to_dbt_pipeline_prod' retrieved from /opt/airflow/dags/prod/airbyte_to_dbt_prod.py
[2026-08-27T11:02:05.771+0000] {logging_mixin.py:190} INFO - [2026-08-27T11:02:05.771+0000] {dag.py:3239} INFO - Sync 1 DAGs
[2026-08-27T11:02:05.806+0000] {logging_mixin.py:190} INFO - [2026-08-27T11:02:05.806+0000] {dag.py:4180} INFO - Setting next_dagrun for airbyte_to_dbt_pipeline_prod to 2026-08-27 10:00:00+00:00, run_after=2026-08-27 11:00:00+00:00
[2026-08-27T11:02:05.831+0000] {processor.py:208} INFO - Processing /opt/airflow/dags/prod/airbyte_to_dbt_prod.py took 0.151 seconds
[2026-08-27T11:02:35.996+0000] {processor.py:186} INFO - Started process (PID=666) to work on /opt/airflow/dags/prod/airbyte_to_dbt_prod.py
[2026-08-27T11:02:35.998+0000] {processor.py:914} INFO - Processing file /opt/airflow/dags/prod/airbyte_to_dbt_prod.py for tasks to queue
[2026-08-27T11:02:36.000+0000] {logging_mixin.py:190} INFO - [2026-08-27T11:02:36.000+0000] {dagbag.py:588} INFO - Filling up the DagBag from /opt/airflow/dags/prod/airbyte_to_dbt_prod.py
[2026-08-27T11:02:36.024+0000] {processor.py:925} INFO - DAG(s) 'airbyte_to_dbt_pipeline_prod' retrieved from /opt/airflow/dags/prod/airbyte_to_dbt_prod.py
[2026-08-27T11:02:36.074+0000] {logging_mixin.py:190} INFO - [2026-08-27T11:02:36.074+0000] {dag.py:3239} INFO - Sync 1 DAGs
[2026-08-27T11:02:36.107+0000] {logging_mixin.py:190} INFO - [2026-08-27T11:02:36.106+0000] {dag.py:4180} INFO - Setting next_dagrun for airbyte_to_dbt_pipeline_prod to 2026-08-27 10:00:00+00:00, run_after=2026-08-27 11:00:00+00:00
[2026-08-27T11:02:36.130+0000] {processor.py:208} INFO - Processing /opt/airflow/dags/prod/airbyte_to_dbt_prod.py took 0.141 seconds
[2026-08-27T11:03:06.292+0000] {processor.py:186} INFO - Started process (PID=676) to work on /opt/airflow/dags/prod/airbyte_to_dbt_prod.py
[2026-08-27T11:03:06.293+0000] {processor.py:914} INFO - Processing file /opt/airflow/dags/prod/airbyte_to_dbt_prod.py for tasks to queue
[2026-08-27T11:03:06.295+0000] {logging_mixin.py:190} INFO - [2026-08-27T11:03:06.295+0000] {dagbag.py:588} INFO - Filling up the DagBag from /opt/airflow/dags/prod/airbyte_to_dbt_prod.py
[2026-08-27T11:03:06.317+0000] {processor.py:925} INFO - DAG(s) 'airbyte_to_dbt_pipeline_prod' retrieved from /opt/airflow/dags/prod/airbyte_to_dbt_prod.py
[2026-08-27T11:03:06.356+0000] {logging_mixin.py:190} INFO - [2026-08-27T11:03:06.356+0000] {dag.py:3239} INFO - Sync 1 DAGs
[2026-08-27T11:03:06.388+0000] {logging_mixin.py:190} INFO - [2026-08-27T11:03:06.388+0000] {dag.py:4180} INFO - Setting next_dagrun for airbyte_to_dbt_pipeline_prod to 2026-08-27 10:00:00+00:00, run_after=2026-08-27 11:00:00+00:00
[2026-08-27T11:03:06.411+0000] {processor.py:208} INFO - Processing /opt/airflow/dags/prod/airbyte_to_dbt_prod.py took 0.128 seconds
[2026-08-27T11:03:36.568+0000] {processor.py:186} INFO - Started process (PID=686) to work on /opt/airflow/dags/prod/airbyte_to_dbt_prod.py
[2026-08-27T11:03:36.569+0000] {processor.py:914} INFO - Processing file /opt/airflow/dags/prod/airbyte_to_dbt_prod.py for tasks to queue
[2026-08-27T11:03:36.572+0000] {logging_mixin.py:190} INFO - [2026-08-27T11:03:36.571+0000] {dagbag.py:588} INFO - Filling up the DagBag from /opt/airflow/dags/prod/airbyte_to_dbt_prod.py
[2026-08-27T11:03:36.593+0000] {processor.py:925} INFO - DAG(s) 'airbyte_to_dbt_pipeline_prod' retrieved from /opt/airflow/dags/prod/airbyte_to_dbt_prod.py
[2026-08-27T11:03:36.636+0000] {logging_mixin.py:190} INFO - [2026-08-27T11:03:36.636+0000] {dag.py:3239} INFO - Sync 1 DAGs
[2026-08-27T11:03:36.666+0000] {logging_mixin.py:190} INFO - [2026-08-27T11:03:36.665+0000] {dag.py:4180} INFO - Setting next_dagrun for airbyte_to_dbt_pipeline_prod to 2026-08-27 10:00:00+00:00, run_after=2026-08-27 11:00:00+00:00
[2026-08-27T11:03:36.692+0000] {processor.py:208} INFO - Processing /opt/airflow/dags/prod/airbyte_to_dbt_prod.py took 0.132 seconds
[2026-08-27T11:04:07.125+0000] {processor.py:186} INFO - Started process (PID=694) to work on /opt/airflow/dags/prod/airbyte_to_dbt_prod.py
[2026-08-27T11:04:07.127+0000] {processor.py:914} INFO - Processing file /opt/airflow/dags/prod/airbyte_to_dbt_prod.py for tasks to queue
[2026-08-27T11:04:07.224+0000] {logging_mixin.py:190} INFO - [2026-08-27T11:04:07.212+0000] {dagbag.py:588} INFO - Filling up the DagBag from /opt/airflow/dags/prod/airbyte_to_dbt_prod.py
[2026-08-27T11:04:07.559+0000] {processor.py:925} INFO - DAG(s) 'airbyte_to_dbt_pipeline_prod' retrieved from /opt/airflow/dags/prod/airbyte_to_dbt_prod.py
[2026-08-27T11:04:08.006+0000] {logging_mixin.py:190} INFO - [2026-08-27T11:04:08.006+0000] {dag.py:3239} INFO - Sync 1 DAGs
[2026-08-27T11:04:08.330+0000] {logging_mixin.py:190} INFO - [2026-08-27T11:04:08.329+0000] {dag.py:4180} INFO - Setting next_dagrun for airbyte_to_dbt_pipeline_prod to 2026-08-27 10:00:00+00:00, run_after=2026-08-27 11:00:00+00:00
[2026-08-27T11:04:08.362+0000] {processor.py:208} INFO - Processing /opt/airflow/dags/prod/airbyte_to_dbt_prod.py took 1.335 seconds
[2026-08-27T11:04:38.529+0000] {processor.py:186} INFO - Started process (PID=706) to work on /opt/airflow/dags/prod/airbyte_to_dbt_prod.py
[2026-08-27T11:04:38.530+0000] {processor.py:914} INFO - Processing file /opt/airflow/dags/prod/airbyte_to_dbt_prod.py for tasks to queue
[2026-08-27T11:04:38.536+0000] {logging_mixin.py:190} INFO - [2026-08-27T11:04:38.533+0000] {dagbag.py:588} INFO - Filling up the DagBag from /opt/airflow/dags/prod/airbyte_to_dbt_prod.py
[2026-08-27T11:04:38.559+0000] {processor.py:925} INFO - DAG(s) 'airbyte_to_dbt_pipeline_prod' retrieved from /opt/airflow/dags/prod/airbyte_to_dbt_prod.py
[2026-08-27T11:04:38.602+0000] {logging_mixin.py:190} INFO - [2026-08-27T11:04:38.602+0000] {dag.py:3239} INFO - Sync 1 DAGs
[2026-08-27T11:04:38.646+0000] {logging_mixin.py:190} INFO - [2026-08-27T11:04:38.646+0000] {dag.py:4180} INFO - Setting next_dagrun for airbyte_to_dbt_pipeline_prod to 2026-08-27 10:00:00+00:00, run_after=2026-08-27 11:00:00+00:00
[2026-08-27T11:04:38.674+0000] {processor.py:208} INFO - Processing /opt/airflow/dags/prod/airbyte_to_dbt_prod.py took 0.153 seconds
[2026-08-27T11:05:13.840+0000] {processor.py:186} INFO - Started process (PID=714) to work on /opt/airflow/dags/prod/airbyte_to_dbt_prod.py
[2026-08-27T11:05:13.868+0000] {processor.py:914} INFO - Processing file /opt/airflow/dags/prod/airbyte_to_dbt_prod.py for tasks to queue
[2026-08-27T11:05:14.539+0000] {logging_mixin.py:190} INFO - [2026-08-27T11:05:14.484+0000] {dagbag.py:588} INFO - Filling up the DagBag from /opt/airflow/dags/prod/airbyte_to_dbt_prod.py
[2026-08-27T11:05:17.932+0000] {processor.py:925} INFO - DAG(s) 'airbyte_to_dbt_pipeline_prod' retrieved from /opt/airflow/dags/prod/airbyte_to_dbt_prod.py
[2026-08-27T11:05:21.677+0000] {logging_mixin.py:190} INFO - [2026-08-27T11:05:21.676+0000] {dag.py:3239} INFO - Sync 1 DAGs
[2026-08-27T11:05:23.377+0000] {logging_mixin.py:190} INFO - [2026-08-27T11:05:23.376+0000] {dag.py:4180} INFO - Setting next_dagrun for airbyte_to_dbt_pipeline_prod to 2026-08-27 10:00:00+00:00, run_after=2026-08-27 11:00:00+00:00
[2026-08-27T11:05:23.444+0000] {processor.py:208} INFO - Processing /opt/airflow/dags/prod/airbyte_to_dbt_prod.py took 11.835 seconds
[2026-08-27T11:05:53.805+0000] {processor.py:186} INFO - Started process (PID=724) to work on /opt/airflow/dags/prod/airbyte_to_dbt_prod.py
[2026-08-27T11:05:53.808+0000] {processor.py:914} INFO - Processing file /opt/airflow/dags/prod/airbyte_to_dbt_prod.py for tasks to queue
[2026-08-27T11:05:53.849+0000] {logging_mixin.py:190} INFO - [2026-08-27T11:05:53.848+0000] {dagbag.py:588} INFO - Filling up the DagBag from /opt/airflow/dags/prod/airbyte_to_dbt_prod.py
[2026-08-27T11:05:53.954+0000] {processor.py:925} INFO - DAG(s) 'airbyte_to_dbt_pipeline_prod' retrieved from /opt/airflow/dags/prod/airbyte_to_dbt_prod.py
[2026-08-27T11:05:54.142+0000] {logging_mixin.py:190} INFO - [2026-08-27T11:05:54.141+0000] {dag.py:3239} INFO - Sync 1 DAGs
[2026-08-27T11:05:54.201+0000] {logging_mixin.py:190} INFO - [2026-08-27T11:05:54.201+0000] {dag.py:4180} INFO - Setting next_dagrun for airbyte_to_dbt_pipeline_prod to 2026-08-27 10:00:00+00:00, run_after=2026-08-27 11:00:00+00:00
[2026-08-27T11:05:54.241+0000] {processor.py:208} INFO - Processing /opt/airflow/dags/prod/airbyte_to_dbt_prod.py took 0.471 seconds
[2026-08-27T11:06:26.229+0000] {processor.py:186} INFO - Started process (PID=734) to work on /opt/airflow/dags/prod/airbyte_to_dbt_prod.py
[2026-08-27T11:06:26.270+0000] {processor.py:914} INFO - Processing file /opt/airflow/dags/prod/airbyte_to_dbt_prod.py for tasks to queue
[2026-08-27T11:06:28.386+0000] {logging_mixin.py:190} INFO - [2026-08-27T11:06:28.000+0000] {dagbag.py:588} INFO - Filling up the DagBag from /opt/airflow/dags/prod/airbyte_to_dbt_prod.py
[2026-08-27T11:06:33.548+0000] {processor.py:925} INFO - DAG(s) 'airbyte_to_dbt_pipeline_prod' retrieved from /opt/airflow/dags/prod/airbyte_to_dbt_prod.py
[2026-08-27T11:06:36.286+0000] {logging_mixin.py:190} INFO - [2026-08-27T11:06:36.286+0000] {dag.py:3239} INFO - Sync 1 DAGs
[2026-08-27T11:06:36.794+0000] {logging_mixin.py:190} INFO - [2026-08-27T11:06:36.793+0000] {dag.py:4180} INFO - Setting next_dagrun for airbyte_to_dbt_pipeline_prod to 2026-08-27 10:00:00+00:00, run_after=2026-08-27 11:00:00+00:00
[2026-08-27T11:06:36.847+0000] {processor.py:208} INFO - Processing /opt/airflow/dags/prod/airbyte_to_dbt_prod.py took 11.830 seconds
[2026-08-27T11:07:07.056+0000] {processor.py:186} INFO - Started process (PID=745) to work on /opt/airflow/dags/prod/airbyte_to_dbt_prod.py
[2026-08-27T11:07:07.059+0000] {processor.py:914} INFO - Processing file /opt/airflow/dags/prod/airbyte_to_dbt_prod.py for tasks to queue
[2026-08-27T11:07:07.063+0000] {logging_mixin.py:190} INFO - [2026-08-27T11:07:07.062+0000] {dagbag.py:588} INFO - Filling up the DagBag from /opt/airflow/dags/prod/airbyte_to_dbt_prod.py
[2026-08-27T11:07:07.118+0000] {processor.py:925} INFO - DAG(s) 'airbyte_to_dbt_pipeline_prod' retrieved from /opt/airflow/dags/prod/airbyte_to_dbt_prod.py
[2026-08-27T11:07:07.205+0000] {logging_mixin.py:190} INFO - [2026-08-27T11:07:07.205+0000] {dag.py:3239} INFO - Sync 1 DAGs
[2026-08-27T11:07:07.272+0000] {logging_mixin.py:190} INFO - [2026-08-27T11:07:07.271+0000] {dag.py:4180} INFO - Setting next_dagrun for airbyte_to_dbt_pipeline_prod to 2026-08-27 10:00:00+00:00, run_after=2026-08-27 11:00:00+00:00
[2026-08-27T11:07:07.313+0000] {processor.py:208} INFO - Processing /opt/airflow/dags/prod/airbyte_to_dbt_prod.py took 0.269 seconds
[2026-08-27T11:07:40.162+0000] {processor.py:186} INFO - Started process (PID=756) to work on /opt/airflow/dags/prod/airbyte_to_dbt_prod.py
[2026-08-27T11:07:40.170+0000] {processor.py:914} INFO - Processing file /opt/airflow/dags/prod/airbyte_to_dbt_prod.py for tasks to queue
[2026-08-27T11:07:40.187+0000] {logging_mixin.py:190} INFO - [2026-08-27T11:07:40.186+0000] {dagbag.py:588} INFO - Filling up the DagBag from /opt/airflow/dags/prod/airbyte_to_dbt_prod.py
[2026-08-27T11:07:40.310+0000] {processor.py:925} INFO - DAG(s) 'airbyte_to_dbt_pipeline_prod' retrieved from /opt/airflow/dags/prod/airbyte_to_dbt_prod.py
[2026-08-27T11:07:40.490+0000] {logging_mixin.py:190} INFO - [2026-08-27T11:07:40.490+0000] {dag.py:3239} INFO - Sync 1 DAGs
[2026-08-27T11:07:40.530+0000] {logging_mixin.py:190} INFO - [2026-08-27T11:07:40.529+0000] {dag.py:4180} INFO - Setting next_dagrun for airbyte_to_dbt_pipeline_prod to 2026-08-27 10:00:00+00:00, run_after=2026-08-27 11:00:00+00:00
[2026-08-27T11:07:40.633+0000] {processor.py:208} INFO - Processing /opt/airflow/dags/prod/airbyte_to_dbt_prod.py took 0.558 seconds
[2026-08-27T11:08:10.830+0000] {processor.py:186} INFO - Started process (PID=766) to work on /opt/airflow/dags/prod/airbyte_to_dbt_prod.py
[2026-08-27T11:08:10.832+0000] {processor.py:914} INFO - Processing file /opt/airflow/dags/prod/airbyte_to_dbt_prod.py for tasks to queue
[2026-08-27T11:08:10.886+0000] {logging_mixin.py:190} INFO - [2026-08-27T11:08:10.885+0000] {dagbag.py:588} INFO - Filling up the DagBag from /opt/airflow/dags/prod/airbyte_to_dbt_prod.py
[2026-08-27T11:08:11.103+0000] {processor.py:925} INFO - DAG(s) 'airbyte_to_dbt_pipeline_prod' retrieved from /opt/airflow/dags/prod/airbyte_to_dbt_prod.py
[2026-08-27T11:08:11.268+0000] {logging_mixin.py:190} INFO - [2026-08-27T11:08:11.268+0000] {dag.py:3239} INFO - Sync 1 DAGs
[2026-08-27T11:08:11.527+0000] {logging_mixin.py:190} INFO - [2026-08-27T11:08:11.527+0000] {dag.py:4180} INFO - Setting next_dagrun for airbyte_to_dbt_pipeline_prod to 2026-08-27 10:00:00+00:00, run_after=2026-08-27 11:00:00+00:00
[2026-08-27T11:08:11.551+0000] {processor.py:208} INFO - Processing /opt/airflow/dags/prod/airbyte_to_dbt_prod.py took 0.731 seconds
[2026-08-27T11:08:41.937+0000] {processor.py:186} INFO - Started process (PID=774) to work on /opt/airflow/dags/prod/airbyte_to_dbt_prod.py
[2026-08-27T11:08:41.938+0000] {processor.py:914} INFO - Processing file /opt/airflow/dags/prod/airbyte_to_dbt_prod.py for tasks to queue
[2026-08-27T11:08:41.943+0000] {logging_mixin.py:190} INFO - [2026-08-27T11:08:41.943+0000] {dagbag.py:588} INFO - Filling up the DagBag from /opt/airflow/dags/prod/airbyte_to_dbt_prod.py
[2026-08-27T11:08:41.979+0000] {processor.py:925} INFO - DAG(s) 'airbyte_to_dbt_pipeline_prod' retrieved from /opt/airflow/dags/prod/airbyte_to_dbt_prod.py
[2026-08-27T11:08:42.026+0000] {logging_mixin.py:190} INFO - [2026-08-27T11:08:42.026+0000] {dag.py:3239} INFO - Sync 1 DAGs
[2026-08-27T11:08:42.111+0000] {logging_mixin.py:190} INFO - [2026-08-27T11:08:42.111+0000] {dag.py:4180} INFO - Setting next_dagrun for airbyte_to_dbt_pipeline_prod to 2026-08-27 10:00:00+00:00, run_after=2026-08-27 11:00:00+00:00
[2026-08-27T11:08:42.139+0000] {processor.py:208} INFO - Processing /opt/airflow/dags/prod/airbyte_to_dbt_prod.py took 0.214 seconds
[2026-08-27T11:09:12.327+0000] {processor.py:186} INFO - Started process (PID=786) to work on /opt/airflow/dags/prod/airbyte_to_dbt_prod.py
[2026-08-27T11:09:12.328+0000] {processor.py:914} INFO - Processing file /opt/airflow/dags/prod/airbyte_to_dbt_prod.py for tasks to queue
[2026-08-27T11:09:12.332+0000] {logging_mixin.py:190} INFO - [2026-08-27T11:09:12.332+0000] {dagbag.py:588} INFO - Filling up the DagBag from /opt/airflow/dags/prod/airbyte_to_dbt_prod.py
[2026-08-27T11:09:12.367+0000] {processor.py:925} INFO - DAG(s) 'airbyte_to_dbt_pipeline_prod' retrieved from /opt/airflow/dags/prod/airbyte_to_dbt_prod.py
[2026-08-27T11:09:12.440+0000] {logging_mixin.py:190} INFO - [2026-08-27T11:09:12.439+0000] {dag.py:3239} INFO - Sync 1 DAGs
[2026-08-27T11:09:12.473+0000] {logging_mixin.py:190} INFO - [2026-08-27T11:09:12.472+0000] {dag.py:4180} INFO - Setting next_dagrun for airbyte_to_dbt_pipeline_prod to 2026-08-27 10:00:00+00:00, run_after=2026-08-27 11:00:00+00:00
[2026-08-27T11:09:12.509+0000] {processor.py:208} INFO - Processing /opt/airflow/dags/prod/airbyte_to_dbt_prod.py took 0.193 seconds
[2026-08-27T11:09:42.694+0000] {processor.py:186} INFO - Started process (PID=796) to work on /opt/airflow/dags/prod/airbyte_to_dbt_prod.py
[2026-08-27T11:09:42.695+0000] {processor.py:914} INFO - Processing file /opt/airflow/dags/prod/airbyte_to_dbt_prod.py for tasks to queue
[2026-08-27T11:09:42.698+0000] {logging_mixin.py:190} INFO - [2026-08-27T11:09:42.698+0000] {dagbag.py:588} INFO - Filling up the DagBag from /opt/airflow/dags/prod/airbyte_to_dbt_prod.py
[2026-08-27T11:09:42.721+0000] {processor.py:925} INFO - DAG(s) 'airbyte_to_dbt_pipeline_prod' retrieved from /opt/airflow/dags/prod/airbyte_to_dbt_prod.py
[2026-08-27T11:09:42.766+0000] {logging_mixin.py:190} INFO - [2026-08-27T11:09:42.766+0000] {dag.py:3239} INFO - Sync 1 DAGs
[2026-08-27T11:09:42.801+0000] {logging_mixin.py:190} INFO - [2026-08-27T11:09:42.801+0000] {dag.py:4180} INFO - Setting next_dagrun for airbyte_to_dbt_pipeline_prod to 2026-08-27 10:00:00+00:00, run_after=2026-08-27 11:00:00+00:00
[2026-08-27T11:09:42.826+0000] {processor.py:208} INFO - Processing /opt/airflow/dags/prod/airbyte_to_dbt_prod.py took 0.141 seconds
[2026-08-27T11:10:13.021+0000] {processor.py:186} INFO - Started process (PID=806) to work on /opt/airflow/dags/prod/airbyte_to_dbt_prod.py
[2026-08-27T11:10:13.022+0000] {processor.py:914} INFO - Processing file /opt/airflow/dags/prod/airbyte_to_dbt_prod.py for tasks to queue
[2026-08-27T11:10:13.059+0000] {logging_mixin.py:190} INFO - [2026-08-27T11:10:13.055+0000] {dagbag.py:588} INFO - Filling up the DagBag from /opt/airflow/dags/prod/airbyte_to_dbt_prod.py
[2026-08-27T11:10:13.210+0000] {processor.py:925} INFO - DAG(s) 'airbyte_to_dbt_pipeline_prod' retrieved from /opt/airflow/dags/prod/airbyte_to_dbt_prod.py
[2026-08-27T11:10:13.375+0000] {logging_mixin.py:190} INFO - [2026-08-27T11:10:13.374+0000] {dag.py:3239} INFO - Sync 1 DAGs
[2026-08-27T11:10:13.510+0000] {logging_mixin.py:190} INFO - [2026-08-27T11:10:13.508+0000] {dag.py:4180} INFO - Setting next_dagrun for airbyte_to_dbt_pipeline_prod to 2026-08-27 10:00:00+00:00, run_after=2026-08-27 11:00:00+00:00
[2026-08-27T11:10:13.541+0000] {processor.py:208} INFO - Processing /opt/airflow/dags/prod/airbyte_to_dbt_prod.py took 0.558 seconds
[2026-08-27T11:10:43.812+0000] {processor.py:186} INFO - Started process (PID=814) to work on /opt/airflow/dags/prod/airbyte_to_dbt_prod.py
[2026-08-27T11:10:43.814+0000] {processor.py:914} INFO - Processing file /opt/airflow/dags/prod/airbyte_to_dbt_prod.py for tasks to queue
[2026-08-27T11:10:43.817+0000] {logging_mixin.py:190} INFO - [2026-08-27T11:10:43.817+0000] {dagbag.py:588} INFO - Filling up the DagBag from /opt/airflow/dags/prod/airbyte_to_dbt_prod.py
[2026-08-27T11:10:43.880+0000] {processor.py:925} INFO - DAG(s) 'airbyte_to_dbt_pipeline_prod' retrieved from /opt/airflow/dags/prod/airbyte_to_dbt_prod.py
[2026-08-27T11:10:44.426+0000] {logging_mixin.py:190} INFO - [2026-08-27T11:10:44.425+0000] {dag.py:3239} INFO - Sync 1 DAGs
[2026-08-27T11:10:44.672+0000] {logging_mixin.py:190} INFO - [2026-08-27T11:10:44.672+0000] {dag.py:4180} INFO - Setting next_dagrun for airbyte_to_dbt_pipeline_prod to 2026-08-27 10:00:00+00:00, run_after=2026-08-27 11:00:00+00:00
[2026-08-27T11:10:44.703+0000] {processor.py:208} INFO - Processing /opt/airflow/dags/prod/airbyte_to_dbt_prod.py took 0.921 seconds
[2026-08-27T11:11:14.872+0000] {processor.py:186} INFO - Started process (PID=826) to work on /opt/airflow/dags/prod/airbyte_to_dbt_prod.py
[2026-08-27T11:11:14.873+0000] {processor.py:914} INFO - Processing file /opt/airflow/dags/prod/airbyte_to_dbt_prod.py for tasks to queue
[2026-08-27T11:11:14.876+0000] {logging_mixin.py:190} INFO - [2026-08-27T11:11:14.876+0000] {dagbag.py:588} INFO - Filling up the DagBag from /opt/airflow/dags/prod/airbyte_to_dbt_prod.py
[2026-08-27T11:11:14.900+0000] {processor.py:925} INFO - DAG(s) 'airbyte_to_dbt_pipeline_prod' retrieved from /opt/airflow/dags/prod/airbyte_to_dbt_prod.py
[2026-08-27T11:11:14.943+0000] {logging_mixin.py:190} INFO - [2026-08-27T11:11:14.943+0000] {dag.py:3239} INFO - Sync 1 DAGs
[2026-08-27T11:11:14.976+0000] {logging_mixin.py:190} INFO - [2026-08-27T11:11:14.976+0000] {dag.py:4180} INFO - Setting next_dagrun for airbyte_to_dbt_pipeline_prod to 2026-08-27 10:00:00+00:00, run_after=2026-08-27 11:00:00+00:00
[2026-08-27T11:11:15.001+0000] {processor.py:208} INFO - Processing /opt/airflow/dags/prod/airbyte_to_dbt_prod.py took 0.138 seconds
[2026-08-27T11:11:45.204+0000] {processor.py:186} INFO - Started process (PID=836) to work on /opt/airflow/dags/prod/airbyte_to_dbt_prod.py
[2026-08-27T11:11:45.205+0000] {processor.py:914} INFO - Processing file /opt/airflow/dags/prod/airbyte_to_dbt_prod.py for tasks to queue
[2026-08-27T11:11:45.210+0000] {logging_mixin.py:190} INFO - [2026-08-27T11:11:45.209+0000] {dagbag.py:588} INFO - Filling up the DagBag from /opt/airflow/dags/prod/airbyte_to_dbt_prod.py
[2026-08-27T11:11:45.245+0000] {processor.py:925} INFO - DAG(s) 'airbyte_to_dbt_pipeline_prod' retrieved from /opt/airflow/dags/prod/airbyte_to_dbt_prod.py
[2026-08-27T11:11:45.287+0000] {logging_mixin.py:190} INFO - [2026-08-27T11:11:45.286+0000] {dag.py:3239} INFO - Sync 1 DAGs
[2026-08-27T11:11:45.320+0000] {logging_mixin.py:190} INFO - [2026-08-27T11:11:45.319+0000] {dag.py:4180} INFO - Setting next_dagrun for airbyte_to_dbt_pipeline_prod to 2026-08-27 10:00:00+00:00, run_after=2026-08-27 11:00:00+00:00
[2026-08-27T11:11:45.346+0000] {processor.py:208} INFO - Processing /opt/airflow/dags/prod/airbyte_to_dbt_prod.py took 0.156 seconds
[2026-08-27T11:12:15.510+0000] {processor.py:186} INFO - Started process (PID=846) to work on /opt/airflow/dags/prod/airbyte_to_dbt_prod.py
[2026-08-27T11:12:15.511+0000] {processor.py:914} INFO - Processing file /opt/airflow/dags/prod/airbyte_to_dbt_prod.py for tasks to queue
[2026-08-27T11:12:15.514+0000] {logging_mixin.py:190} INFO - [2026-08-27T11:12:15.513+0000] {dagbag.py:588} INFO - Filling up the DagBag from /opt/airflow/dags/prod/airbyte_to_dbt_prod.py
[2026-08-27T11:12:15.538+0000] {processor.py:925} INFO - DAG(s) 'airbyte_to_dbt_pipeline_prod' retrieved from /opt/airflow/dags/prod/airbyte_to_dbt_prod.py
[2026-08-27T11:12:15.582+0000] {logging_mixin.py:190} INFO - [2026-08-27T11:12:15.582+0000] {dag.py:3239} INFO - Sync 1 DAGs
[2026-08-27T11:12:15.619+0000] {logging_mixin.py:190} INFO - [2026-08-27T11:12:15.619+0000] {dag.py:4180} INFO - Setting next_dagrun for airbyte_to_dbt_pipeline_prod to 2026-08-27 10:00:00+00:00, run_after=2026-08-27 11:00:00+00:00
[2026-08-27T11:12:15.646+0000] {processor.py:208} INFO - Processing /opt/airflow/dags/prod/airbyte_to_dbt_prod.py took 0.145 seconds
[2026-08-27T11:12:45.833+0000] {processor.py:186} INFO - Started process (PID=856) to work on /opt/airflow/dags/prod/airbyte_to_dbt_prod.py
[2026-08-27T11:12:45.835+0000] {processor.py:914} INFO - Processing file /opt/airflow/dags/prod/airbyte_to_dbt_prod.py for tasks to queue
[2026-08-27T11:12:45.838+0000] {logging_mixin.py:190} INFO - [2026-08-27T11:12:45.838+0000] {dagbag.py:588} INFO - Filling up the DagBag from /opt/airflow/dags/prod/airbyte_to_dbt_prod.py
[2026-08-27T11:12:45.874+0000] {processor.py:925} INFO - DAG(s) 'airbyte_to_dbt_pipeline_prod' retrieved from /opt/airflow/dags/prod/airbyte_to_dbt_prod.py
[2026-08-27T11:12:45.938+0000] {logging_mixin.py:190} INFO - [2026-08-27T11:12:45.937+0000] {dag.py:3239} INFO - Sync 1 DAGs
[2026-08-27T11:12:45.989+0000] {logging_mixin.py:190} INFO - [2026-08-27T11:12:45.989+0000] {dag.py:4180} INFO - Setting next_dagrun for airbyte_to_dbt_pipeline_prod to 2026-08-27 10:00:00+00:00, run_after=2026-08-27 11:00:00+00:00
[2026-08-27T11:12:46.016+0000] {processor.py:208} INFO - Processing /opt/airflow/dags/prod/airbyte_to_dbt_prod.py took 0.194 seconds
[2026-08-27T11:13:16.192+0000] {processor.py:186} INFO - Started process (PID=866) to work on /opt/airflow/dags/prod/airbyte_to_dbt_prod.py
[2026-08-27T11:13:16.194+0000] {processor.py:914} INFO - Processing file /opt/airflow/dags/prod/airbyte_to_dbt_prod.py for tasks to queue
[2026-08-27T11:13:16.197+0000] {logging_mixin.py:190} INFO - [2026-08-27T11:13:16.197+0000] {dagbag.py:588} INFO - Filling up the DagBag from /opt/airflow/dags/prod/airbyte_to_dbt_prod.py
[2026-08-27T11:13:16.237+0000] {processor.py:925} INFO - DAG(s) 'airbyte_to_dbt_pipeline_prod' retrieved from /opt/airflow/dags/prod/airbyte_to_dbt_prod.py
[2026-08-27T11:13:16.298+0000] {logging_mixin.py:190} INFO - [2026-08-27T11:13:16.298+0000] {dag.py:3239} INFO - Sync 1 DAGs
[2026-08-27T11:13:16.339+0000] {logging_mixin.py:190} INFO - [2026-08-27T11:13:16.338+0000] {dag.py:4180} INFO - Setting next_dagrun for airbyte_to_dbt_pipeline_prod to 2026-08-27 10:00:00+00:00, run_after=2026-08-27 11:00:00+00:00
[2026-08-27T11:13:16.365+0000] {processor.py:208} INFO - Processing /opt/airflow/dags/prod/airbyte_to_dbt_prod.py took 0.182 seconds
[2026-08-27T11:13:46.568+0000] {processor.py:186} INFO - Started process (PID=876) to work on /opt/airflow/dags/prod/airbyte_to_dbt_prod.py
[2026-08-27T11:13:46.570+0000] {processor.py:914} INFO - Processing file /opt/airflow/dags/prod/airbyte_to_dbt_prod.py for tasks to queue
[2026-08-27T11:13:46.576+0000] {logging_mixin.py:190} INFO - [2026-08-27T11:13:46.575+0000] {dagbag.py:588} INFO - Filling up the DagBag from /opt/airflow/dags/prod/airbyte_to_dbt_prod.py
[2026-08-27T11:13:46.618+0000] {processor.py:925} INFO - DAG(s) 'airbyte_to_dbt_pipeline_prod' retrieved from /opt/airflow/dags/prod/airbyte_to_dbt_prod.py
[2026-08-27T11:13:46.813+0000] {logging_mixin.py:190} INFO - [2026-08-27T11:13:46.812+0000] {dag.py:3239} INFO - Sync 1 DAGs
[2026-08-27T11:13:46.870+0000] {logging_mixin.py:190} INFO - [2026-08-27T11:13:46.870+0000] {dag.py:4180} INFO - Setting next_dagrun for airbyte_to_dbt_pipeline_prod to 2026-08-27 10:00:00+00:00, run_after=2026-08-27 11:00:00+00:00
[2026-08-27T11:13:46.909+0000] {processor.py:208} INFO - Processing /opt/airflow/dags/prod/airbyte_to_dbt_prod.py took 0.356 seconds
[2026-08-27T11:14:17.103+0000] {processor.py:186} INFO - Started process (PID=886) to work on /opt/airflow/dags/prod/airbyte_to_dbt_prod.py
[2026-08-27T11:14:17.104+0000] {processor.py:914} INFO - Processing file /opt/airflow/dags/prod/airbyte_to_dbt_prod.py for tasks to queue
[2026-08-27T11:14:17.109+0000] {logging_mixin.py:190} INFO - [2026-08-27T11:14:17.108+0000] {dagbag.py:588} INFO - Filling up the DagBag from /opt/airflow/dags/prod/airbyte_to_dbt_prod.py
[2026-08-27T11:14:17.140+0000] {processor.py:925} INFO - DAG(s) 'airbyte_to_dbt_pipeline_prod' retrieved from /opt/airflow/dags/prod/airbyte_to_dbt_prod.py
[2026-08-27T11:14:17.225+0000] {logging_mixin.py:190} INFO - [2026-08-27T11:14:17.225+0000] {dag.py:3239} INFO - Sync 1 DAGs
[2026-08-27T11:14:17.273+0000] {logging_mixin.py:190} INFO - [2026-08-27T11:14:17.273+0000] {dag.py:4180} INFO - Setting next_dagrun for airbyte_to_dbt_pipeline_prod to 2026-08-27 10:00:00+00:00, run_after=2026-08-27 11:00:00+00:00
[2026-08-27T11:14:17.301+0000] {processor.py:208} INFO - Processing /opt/airflow/dags/prod/airbyte_to_dbt_prod.py took 0.209 seconds
[2026-08-27T11:14:47.463+0000] {processor.py:186} INFO - Started process (PID=896) to work on /opt/airflow/dags/prod/airbyte_to_dbt_prod.py
[2026-08-27T11:14:47.464+0000] {processor.py:914} INFO - Processing file /opt/airflow/dags/prod/airbyte_to_dbt_prod.py for tasks to queue
[2026-08-27T11:14:47.467+0000] {logging_mixin.py:190} INFO - [2026-08-27T11:14:47.466+0000] {dagbag.py:588} INFO - Filling up the DagBag from /opt/airflow/dags/prod/airbyte_to_dbt_prod.py
[2026-08-27T11:14:47.489+0000] {processor.py:925} INFO - DAG(s) 'airbyte_to_dbt_pipeline_prod' retrieved from /opt/airflow/dags/prod/airbyte_to_dbt_prod.py
[2026-08-27T11:14:47.529+0000] {logging_mixin.py:190} INFO - [2026-08-27T11:14:47.529+0000] {dag.py:3239} INFO - Sync 1 DAGs
[2026-08-27T11:14:47.562+0000] {logging_mixin.py:190} INFO - [2026-08-27T11:14:47.561+0000] {dag.py:4180} INFO - Setting next_dagrun for airbyte_to_dbt_pipeline_prod to 2026-08-27 10:00:00+00:00, run_after=2026-08-27 11:00:00+00:00
[2026-08-27T11:14:47.588+0000] {processor.py:208} INFO - Processing /opt/airflow/dags/prod/airbyte_to_dbt_prod.py took 0.134 seconds
[2026-08-27T11:15:17.761+0000] {processor.py:186} INFO - Started process (PID=906) to work on /opt/airflow/dags/prod/airbyte_to_dbt_prod.py
[2026-08-27T11:15:17.762+0000] {processor.py:914} INFO - Processing file /opt/airflow/dags/prod/airbyte_to_dbt_prod.py for tasks to queue
[2026-08-27T11:15:17.765+0000] {logging_mixin.py:190} INFO - [2026-08-27T11:15:17.765+0000] {dagbag.py:588} INFO - Filling up the DagBag from /opt/airflow/dags/prod/airbyte_to_dbt_prod.py
[2026-08-27T11:15:17.792+0000] {processor.py:925} INFO - DAG(s) 'airbyte_to_dbt_pipeline_prod' retrieved from /opt/airflow/dags/prod/airbyte_to_dbt_prod.py
[2026-08-27T11:15:17.844+0000] {logging_mixin.py:190} INFO - [2026-08-27T11:15:17.843+0000] {dag.py:3239} INFO - Sync 1 DAGs
[2026-08-27T11:15:17.888+0000] {logging_mixin.py:190} INFO - [2026-08-27T11:15:17.887+0000] {dag.py:4180} INFO - Setting next_dagrun for airbyte_to_dbt_pipeline_prod to 2026-08-27 10:00:00+00:00, run_after=2026-08-27 11:00:00+00:00
[2026-08-27T11:15:17.912+0000] {processor.py:208} INFO - Processing /opt/airflow/dags/prod/airbyte_to_dbt_prod.py took 0.159 seconds
[2026-08-27T11:15:48.064+0000] {processor.py:186} INFO - Started process (PID=916) to work on /opt/airflow/dags/prod/airbyte_to_dbt_prod.py
[2026-08-27T11:15:48.066+0000] {processor.py:914} INFO - Processing file /opt/airflow/dags/prod/airbyte_to_dbt_prod.py for tasks to queue
[2026-08-27T11:15:48.068+0000] {logging_mixin.py:190} INFO - [2026-08-27T11:15:48.068+0000] {dagbag.py:588} INFO - Filling up the DagBag from /opt/airflow/dags/prod/airbyte_to_dbt_prod.py
[2026-08-27T11:15:48.091+0000] {processor.py:925} INFO - DAG(s) 'airbyte_to_dbt_pipeline_prod' retrieved from /opt/airflow/dags/prod/airbyte_to_dbt_prod.py
[2026-08-27T11:15:48.143+0000] {logging_mixin.py:190} INFO - [2026-08-27T11:15:48.142+0000] {dag.py:3239} INFO - Sync 1 DAGs
[2026-08-27T11:15:48.190+0000] {logging_mixin.py:190} INFO - [2026-08-27T11:15:48.190+0000] {dag.py:4180} INFO - Setting next_dagrun for airbyte_to_dbt_pipeline_prod to 2026-08-27 10:00:00+00:00, run_after=2026-08-27 11:00:00+00:00
[2026-08-27T11:15:48.210+0000] {processor.py:208} INFO - Processing /opt/airflow/dags/prod/airbyte_to_dbt_prod.py took 0.154 seconds
[2026-08-27T11:16:18.446+0000] {processor.py:186} INFO - Started process (PID=924) to work on /opt/airflow/dags/prod/airbyte_to_dbt_prod.py
[2026-08-27T11:16:18.448+0000] {processor.py:914} INFO - Processing file /opt/airflow/dags/prod/airbyte_to_dbt_prod.py for tasks to queue
[2026-08-27T11:16:18.466+0000] {logging_mixin.py:190} INFO - [2026-08-27T11:16:18.456+0000] {dagbag.py:588} INFO - Filling up the DagBag from /opt/airflow/dags/prod/airbyte_to_dbt_prod.py
[2026-08-27T11:16:18.511+0000] {processor.py:925} INFO - DAG(s) 'airbyte_to_dbt_pipeline_prod' retrieved from /opt/airflow/dags/prod/airbyte_to_dbt_prod.py
[2026-08-27T11:16:18.570+0000] {logging_mixin.py:190} INFO - [2026-08-27T11:16:18.569+0000] {dag.py:3239} INFO - Sync 1 DAGs
[2026-08-27T11:16:18.599+0000] {logging_mixin.py:190} INFO - [2026-08-27T11:16:18.599+0000] {dag.py:4180} INFO - Setting next_dagrun for airbyte_to_dbt_pipeline_prod to 2026-08-27 10:00:00+00:00, run_after=2026-08-27 11:00:00+00:00
[2026-08-27T11:16:18.631+0000] {processor.py:208} INFO - Processing /opt/airflow/dags/prod/airbyte_to_dbt_prod.py took 0.223 seconds
[2026-08-27T11:16:48.818+0000] {processor.py:186} INFO - Started process (PID=936) to work on /opt/airflow/dags/prod/airbyte_to_dbt_prod.py
[2026-08-27T11:16:48.820+0000] {processor.py:914} INFO - Processing file /opt/airflow/dags/prod/airbyte_to_dbt_prod.py for tasks to queue
[2026-08-27T11:16:48.823+0000] {logging_mixin.py:190} INFO - [2026-08-27T11:16:48.823+0000] {dagbag.py:588} INFO - Filling up the DagBag from /opt/airflow/dags/prod/airbyte_to_dbt_prod.py
[2026-08-27T11:16:48.849+0000] {processor.py:925} INFO - DAG(s) 'airbyte_to_dbt_pipeline_prod' retrieved from /opt/airflow/dags/prod/airbyte_to_dbt_prod.py
[2026-08-27T11:16:48.903+0000] {logging_mixin.py:190} INFO - [2026-08-27T11:16:48.903+0000] {dag.py:3239} INFO - Sync 1 DAGs
[2026-08-27T11:16:48.934+0000] {logging_mixin.py:190} INFO - [2026-08-27T11:16:48.934+0000] {dag.py:4180} INFO - Setting next_dagrun for airbyte_to_dbt_pipeline_prod to 2026-08-27 10:00:00+00:00, run_after=2026-08-27 11:00:00+00:00
[2026-08-27T11:16:48.957+0000] {processor.py:208} INFO - Processing /opt/airflow/dags/prod/airbyte_to_dbt_prod.py took 0.150 seconds
[2026-08-27T11:17:19.132+0000] {processor.py:186} INFO - Started process (PID=946) to work on /opt/airflow/dags/prod/airbyte_to_dbt_prod.py
[2026-08-27T11:17:19.133+0000] {processor.py:914} INFO - Processing file /opt/airflow/dags/prod/airbyte_to_dbt_prod.py for tasks to queue
[2026-08-27T11:17:19.136+0000] {logging_mixin.py:190} INFO - [2026-08-27T11:17:19.135+0000] {dagbag.py:588} INFO - Filling up the DagBag from /opt/airflow/dags/prod/airbyte_to_dbt_prod.py
[2026-08-27T11:17:19.159+0000] {processor.py:925} INFO - DAG(s) 'airbyte_to_dbt_pipeline_prod' retrieved from /opt/airflow/dags/prod/airbyte_to_dbt_prod.py
[2026-08-27T11:17:19.199+0000] {logging_mixin.py:190} INFO - [2026-08-27T11:17:19.199+0000] {dag.py:3239} INFO - Sync 1 DAGs
[2026-08-27T11:17:19.235+0000] {logging_mixin.py:190} INFO - [2026-08-27T11:17:19.235+0000] {dag.py:4180} INFO - Setting next_dagrun for airbyte_to_dbt_pipeline_prod to 2026-08-27 10:00:00+00:00, run_after=2026-08-27 11:00:00+00:00
[2026-08-27T11:17:19.261+0000] {processor.py:208} INFO - Processing /opt/airflow/dags/prod/airbyte_to_dbt_prod.py took 0.138 seconds
[2026-08-27T11:17:49.431+0000] {processor.py:186} INFO - Started process (PID=956) to work on /opt/airflow/dags/prod/airbyte_to_dbt_prod.py
[2026-08-27T11:17:49.433+0000] {processor.py:914} INFO - Processing file /opt/airflow/dags/prod/airbyte_to_dbt_prod.py for tasks to queue
[2026-08-27T11:17:49.437+0000] {logging_mixin.py:190} INFO - [2026-08-27T11:17:49.436+0000] {dagbag.py:588} INFO - Filling up the DagBag from /opt/airflow/dags/prod/airbyte_to_dbt_prod.py
[2026-08-27T11:17:49.464+0000] {processor.py:925} INFO - DAG(s) 'airbyte_to_dbt_pipeline_prod' retrieved from /opt/airflow/dags/prod/airbyte_to_dbt_prod.py
[2026-08-27T11:17:49.506+0000] {logging_mixin.py:190} INFO - [2026-08-27T11:17:49.506+0000] {dag.py:3239} INFO - Sync 1 DAGs
[2026-08-27T11:17:49.540+0000] {logging_mixin.py:190} INFO - [2026-08-27T11:17:49.540+0000] {dag.py:4180} INFO - Setting next_dagrun for airbyte_to_dbt_pipeline_prod to 2026-08-27 10:00:00+00:00, run_after=2026-08-27 11:00:00+00:00
[2026-08-27T11:17:49.565+0000] {processor.py:208} INFO - Processing /opt/airflow/dags/prod/airbyte_to_dbt_prod.py took 0.144 seconds
[2026-08-27T11:18:19.764+0000] {processor.py:186} INFO - Started process (PID=966) to work on /opt/airflow/dags/prod/airbyte_to_dbt_prod.py
[2026-08-27T11:18:19.765+0000] {processor.py:914} INFO - Processing file /opt/airflow/dags/prod/airbyte_to_dbt_prod.py for tasks to queue
[2026-08-27T11:18:19.770+0000] {logging_mixin.py:190} INFO - [2026-08-27T11:18:19.769+0000] {dagbag.py:588} INFO - Filling up the DagBag from /opt/airflow/dags/prod/airbyte_to_dbt_prod.py
[2026-08-27T11:18:19.804+0000] {processor.py:925} INFO - DAG(s) 'airbyte_to_dbt_pipeline_prod' retrieved from /opt/airflow/dags/prod/airbyte_to_dbt_prod.py
[2026-08-27T11:18:19.861+0000] {logging_mixin.py:190} INFO - [2026-08-27T11:18:19.861+0000] {dag.py:3239} INFO - Sync 1 DAGs
[2026-08-27T11:18:19.899+0000] {logging_mixin.py:190} INFO - [2026-08-27T11:18:19.899+0000] {dag.py:4180} INFO - Setting next_dagrun for airbyte_to_dbt_pipeline_prod to 2026-08-27 10:00:00+00:00, run_after=2026-08-27 11:00:00+00:00
[2026-08-27T11:18:19.933+0000] {processor.py:208} INFO - Processing /opt/airflow/dags/prod/airbyte_to_dbt_prod.py took 0.183 seconds
[2026-08-27T11:18:50.106+0000] {processor.py:186} INFO - Started process (PID=976) to work on /opt/airflow/dags/prod/airbyte_to_dbt_prod.py
[2026-08-27T11:18:50.108+0000] {processor.py:914} INFO - Processing file /opt/airflow/dags/prod/airbyte_to_dbt_prod.py for tasks to queue
[2026-08-27T11:18:50.112+0000] {logging_mixin.py:190} INFO - [2026-08-27T11:18:50.111+0000] {dagbag.py:588} INFO - Filling up the DagBag from /opt/airflow/dags/prod/airbyte_to_dbt_prod.py
[2026-08-27T11:18:50.143+0000] {processor.py:925} INFO - DAG(s) 'airbyte_to_dbt_pipeline_prod' retrieved from /opt/airflow/dags/prod/airbyte_to_dbt_prod.py
[2026-08-27T11:18:50.196+0000] {logging_mixin.py:190} INFO - [2026-08-27T11:18:50.196+0000] {dag.py:3239} INFO - Sync 1 DAGs
[2026-08-27T11:18:50.242+0000] {logging_mixin.py:190} INFO - [2026-08-27T11:18:50.242+0000] {dag.py:4180} INFO - Setting next_dagrun for airbyte_to_dbt_pipeline_prod to 2026-08-27 10:00:00+00:00, run_after=2026-08-27 11:00:00+00:00
[2026-08-27T11:18:50.268+0000] {processor.py:208} INFO - Processing /opt/airflow/dags/prod/airbyte_to_dbt_prod.py took 0.172 seconds
[2026-08-27T11:19:20.454+0000] {processor.py:186} INFO - Started process (PID=986) to work on /opt/airflow/dags/prod/airbyte_to_dbt_prod.py
[2026-08-27T11:19:20.455+0000] {processor.py:914} INFO - Processing file /opt/airflow/dags/prod/airbyte_to_dbt_prod.py for tasks to queue
[2026-08-27T11:19:20.458+0000] {logging_mixin.py:190} INFO - [2026-08-27T11:19:20.458+0000] {dagbag.py:588} INFO - Filling up the DagBag from /opt/airflow/dags/prod/airbyte_to_dbt_prod.py
[2026-08-27T11:19:20.482+0000] {processor.py:925} INFO - DAG(s) 'airbyte_to_dbt_pipeline_prod' retrieved from /opt/airflow/dags/prod/airbyte_to_dbt_prod.py
[2026-08-27T11:19:20.535+0000] {logging_mixin.py:190} INFO - [2026-08-27T11:19:20.535+0000] {dag.py:3239} INFO - Sync 1 DAGs
[2026-08-27T11:19:20.580+0000] {logging_mixin.py:190} INFO - [2026-08-27T11:19:20.580+0000] {dag.py:4180} INFO - Setting next_dagrun for airbyte_to_dbt_pipeline_prod to 2026-08-27 10:00:00+00:00, run_after=2026-08-27 11:00:00+00:00
[2026-08-27T11:19:20.617+0000] {processor.py:208} INFO - Processing /opt/airflow/dags/prod/airbyte_to_dbt_prod.py took 0.172 seconds
[2026-08-27T11:19:50.831+0000] {processor.py:186} INFO - Started process (PID=996) to work on /opt/airflow/dags/prod/airbyte_to_dbt_prod.py
[2026-08-27T11:19:50.832+0000] {processor.py:914} INFO - Processing file /opt/airflow/dags/prod/airbyte_to_dbt_prod.py for tasks to queue
[2026-08-27T11:19:50.835+0000] {logging_mixin.py:190} INFO - [2026-08-27T11:19:50.835+0000] {dagbag.py:588} INFO - Filling up the DagBag from /opt/airflow/dags/prod/airbyte_to_dbt_prod.py
[2026-08-27T11:19:50.858+0000] {processor.py:925} INFO - DAG(s) 'airbyte_to_dbt_pipeline_prod' retrieved from /opt/airflow/dags/prod/airbyte_to_dbt_prod.py
[2026-08-27T11:19:50.921+0000] {logging_mixin.py:190} INFO - [2026-08-27T11:19:50.921+0000] {dag.py:3239} INFO - Sync 1 DAGs
[2026-08-27T11:19:50.992+0000] {logging_mixin.py:190} INFO - [2026-08-27T11:19:50.991+0000] {dag.py:4180} INFO - Setting next_dagrun for airbyte_to_dbt_pipeline_prod to 2026-08-27 10:00:00+00:00, run_after=2026-08-27 11:00:00+00:00
[2026-08-27T11:19:51.045+0000] {processor.py:208} INFO - Processing /opt/airflow/dags/prod/airbyte_to_dbt_prod.py took 0.222 seconds
[2026-08-27T11:20:21.239+0000] {processor.py:186} INFO - Started process (PID=1006) to work on /opt/airflow/dags/prod/airbyte_to_dbt_prod.py
[2026-08-27T11:20:21.240+0000] {processor.py:914} INFO - Processing file /opt/airflow/dags/prod/airbyte_to_dbt_prod.py for tasks to queue
[2026-08-27T11:20:21.244+0000] {logging_mixin.py:190} INFO - [2026-08-27T11:20:21.243+0000] {dagbag.py:588} INFO - Filling up the DagBag from /opt/airflow/dags/prod/airbyte_to_dbt_prod.py
[2026-08-27T11:20:21.273+0000] {processor.py:925} INFO - DAG(s) 'airbyte_to_dbt_pipeline_prod' retrieved from /opt/airflow/dags/prod/airbyte_to_dbt_prod.py
[2026-08-27T11:20:21.312+0000] {logging_mixin.py:190} INFO - [2026-08-27T11:20:21.311+0000] {dag.py:3239} INFO - Sync 1 DAGs
[2026-08-27T11:20:21.351+0000] {logging_mixin.py:190} INFO - [2026-08-27T11:20:21.351+0000] {dag.py:4180} INFO - Setting next_dagrun for airbyte_to_dbt_pipeline_prod to 2026-08-27 10:00:00+00:00, run_after=2026-08-27 11:00:00+00:00
[2026-08-27T11:20:21.383+0000] {processor.py:208} INFO - Processing /opt/airflow/dags/prod/airbyte_to_dbt_prod.py took 0.156 seconds
[2026-08-27T11:20:51.569+0000] {processor.py:186} INFO - Started process (PID=1016) to work on /opt/airflow/dags/prod/airbyte_to_dbt_prod.py
[2026-08-27T11:20:51.572+0000] {processor.py:914} INFO - Processing file /opt/airflow/dags/prod/airbyte_to_dbt_prod.py for tasks to queue
[2026-08-27T11:20:51.575+0000] {logging_mixin.py:190} INFO - [2026-08-27T11:20:51.575+0000] {dagbag.py:588} INFO - Filling up the DagBag from /opt/airflow/dags/prod/airbyte_to_dbt_prod.py
[2026-08-27T11:20:51.601+0000] {processor.py:925} INFO - DAG(s) 'airbyte_to_dbt_pipeline_prod' retrieved from /opt/airflow/dags/prod/airbyte_to_dbt_prod.py
[2026-08-27T11:20:51.666+0000] {logging_mixin.py:190} INFO - [2026-08-27T11:20:51.665+0000] {dag.py:3239} INFO - Sync 1 DAGs
[2026-08-27T11:20:51.720+0000] {logging_mixin.py:190} INFO - [2026-08-27T11:20:51.720+0000] {dag.py:4180} INFO - Setting next_dagrun for airbyte_to_dbt_pipeline_prod to 2026-08-27 10:00:00+00:00, run_after=2026-08-27 11:00:00+00:00
[2026-08-27T11:20:51.766+0000] {processor.py:208} INFO - Processing /opt/airflow/dags/prod/airbyte_to_dbt_prod.py took 0.208 seconds
[2026-08-27T11:21:21.936+0000] {processor.py:186} INFO - Started process (PID=1026) to work on /opt/airflow/dags/prod/airbyte_to_dbt_prod.py
[2026-08-27T11:21:21.937+0000] {processor.py:914} INFO - Processing file /opt/airflow/dags/prod/airbyte_to_dbt_prod.py for tasks to queue
[2026-08-27T11:21:21.940+0000] {logging_mixin.py:190} INFO - [2026-08-27T11:21:21.940+0000] {dagbag.py:588} INFO - Filling up the DagBag from /opt/airflow/dags/prod/airbyte_to_dbt_prod.py
[2026-08-27T11:21:21.968+0000] {processor.py:925} INFO - DAG(s) 'airbyte_to_dbt_pipeline_prod' retrieved from /opt/airflow/dags/prod/airbyte_to_dbt_prod.py
[2026-08-27T11:21:22.010+0000] {logging_mixin.py:190} INFO - [2026-08-27T11:21:22.009+0000] {dag.py:3239} INFO - Sync 1 DAGs
[2026-08-27T11:21:22.043+0000] {logging_mixin.py:190} INFO - [2026-08-27T11:21:22.042+0000] {dag.py:4180} INFO - Setting next_dagrun for airbyte_to_dbt_pipeline_prod to 2026-08-27 10:00:00+00:00, run_after=2026-08-27 11:00:00+00:00
[2026-08-27T11:21:22.068+0000] {processor.py:208} INFO - Processing /opt/airflow/dags/prod/airbyte_to_dbt_prod.py took 0.140 seconds
[2026-08-27T11:21:52.245+0000] {processor.py:186} INFO - Started process (PID=1036) to work on /opt/airflow/dags/prod/airbyte_to_dbt_prod.py
[2026-08-27T11:21:52.249+0000] {processor.py:914} INFO - Processing file /opt/airflow/dags/prod/airbyte_to_dbt_prod.py for tasks to queue
[2026-08-27T11:21:52.252+0000] {logging_mixin.py:190} INFO - [2026-08-27T11:21:52.252+0000] {dagbag.py:588} INFO - Filling up the DagBag from /opt/airflow/dags/prod/airbyte_to_dbt_prod.py
[2026-08-27T11:21:52.281+0000] {processor.py:925} INFO - DAG(s) 'airbyte_to_dbt_pipeline_prod' retrieved from /opt/airflow/dags/prod/airbyte_to_dbt_prod.py
[2026-08-27T11:21:52.357+0000] {logging_mixin.py:190} INFO - [2026-08-27T11:21:52.357+0000] {dag.py:3239} INFO - Sync 1 DAGs
[2026-08-27T11:21:52.405+0000] {logging_mixin.py:190} INFO - [2026-08-27T11:21:52.405+0000] {dag.py:4180} INFO - Setting next_dagrun for airbyte_to_dbt_pipeline_prod to 2026-08-27 10:00:00+00:00, run_after=2026-08-27 11:00:00+00:00
[2026-08-27T11:21:52.436+0000] {processor.py:208} INFO - Processing /opt/airflow/dags/prod/airbyte_to_dbt_prod.py took 0.202 seconds
[2026-08-27T11:22:22.633+0000] {processor.py:186} INFO - Started process (PID=1046) to work on /opt/airflow/dags/prod/airbyte_to_dbt_prod.py
[2026-08-27T11:22:22.634+0000] {processor.py:914} INFO - Processing file /opt/airflow/dags/prod/airbyte_to_dbt_prod.py for tasks to queue
[2026-08-27T11:22:22.638+0000] {logging_mixin.py:190} INFO - [2026-08-27T11:22:22.637+0000] {dagbag.py:588} INFO - Filling up the DagBag from /opt/airflow/dags/prod/airbyte_to_dbt_prod.py
[2026-08-27T11:22:22.666+0000] {processor.py:925} INFO - DAG(s) 'airbyte_to_dbt_pipeline_prod' retrieved from /opt/airflow/dags/prod/airbyte_to_dbt_prod.py
[2026-08-27T11:22:22.709+0000] {logging_mixin.py:190} INFO - [2026-08-27T11:22:22.709+0000] {dag.py:3239} INFO - Sync 1 DAGs
[2026-08-27T11:22:22.741+0000] {logging_mixin.py:190} INFO - [2026-08-27T11:22:22.741+0000] {dag.py:4180} INFO - Setting next_dagrun for airbyte_to_dbt_pipeline_prod to 2026-08-27 10:00:00+00:00, run_after=2026-08-27 11:00:00+00:00
[2026-08-27T11:22:22.768+0000] {processor.py:208} INFO - Processing /opt/airflow/dags/prod/airbyte_to_dbt_prod.py took 0.146 seconds
[2026-08-27T11:22:52.934+0000] {processor.py:186} INFO - Started process (PID=1056) to work on /opt/airflow/dags/prod/airbyte_to_dbt_prod.py
[2026-08-27T11:22:52.935+0000] {processor.py:914} INFO - Processing file /opt/airflow/dags/prod/airbyte_to_dbt_prod.py for tasks to queue
[2026-08-27T11:22:52.938+0000] {logging_mixin.py:190} INFO - [2026-08-27T11:22:52.938+0000] {dagbag.py:588} INFO - Filling up the DagBag from /opt/airflow/dags/prod/airbyte_to_dbt_prod.py
[2026-08-27T11:22:52.961+0000] {processor.py:925} INFO - DAG(s) 'airbyte_to_dbt_pipeline_prod' retrieved from /opt/airflow/dags/prod/airbyte_to_dbt_prod.py
[2026-08-27T11:22:53.007+0000] {logging_mixin.py:190} INFO - [2026-08-27T11:22:53.007+0000] {dag.py:3239} INFO - Sync 1 DAGs
[2026-08-27T11:22:53.055+0000] {logging_mixin.py:190} INFO - [2026-08-27T11:22:53.055+0000] {dag.py:4180} INFO - Setting next_dagrun for airbyte_to_dbt_pipeline_prod to 2026-08-27 10:00:00+00:00, run_after=2026-08-27 11:00:00+00:00
[2026-08-27T11:22:53.082+0000] {processor.py:208} INFO - Processing /opt/airflow/dags/prod/airbyte_to_dbt_prod.py took 0.158 seconds
[2026-08-27T11:23:23.247+0000] {processor.py:186} INFO - Started process (PID=1066) to work on /opt/airflow/dags/prod/airbyte_to_dbt_prod.py
[2026-08-27T11:23:23.249+0000] {processor.py:914} INFO - Processing file /opt/airflow/dags/prod/airbyte_to_dbt_prod.py for tasks to queue
[2026-08-27T11:23:23.252+0000] {logging_mixin.py:190} INFO - [2026-08-27T11:23:23.252+0000] {dagbag.py:588} INFO - Filling up the DagBag from /opt/airflow/dags/prod/airbyte_to_dbt_prod.py
[2026-08-27T11:23:23.275+0000] {processor.py:925} INFO - DAG(s) 'airbyte_to_dbt_pipeline_prod' retrieved from /opt/airflow/dags/prod/airbyte_to_dbt_prod.py
[2026-08-27T11:23:23.326+0000] {logging_mixin.py:190} INFO - [2026-08-27T11:23:23.326+0000] {dag.py:3239} INFO - Sync 1 DAGs
[2026-08-27T11:23:23.371+0000] {logging_mixin.py:190} INFO - [2026-08-27T11:23:23.371+0000] {dag.py:4180} INFO - Setting next_dagrun for airbyte_to_dbt_pipeline_prod to 2026-08-27 10:00:00+00:00, run_after=2026-08-27 11:00:00+00:00
[2026-08-27T11:23:23.393+0000] {processor.py:208} INFO - Processing /opt/airflow/dags/prod/airbyte_to_dbt_prod.py took 0.154 seconds
[2026-08-27T11:23:53.543+0000] {processor.py:186} INFO - Started process (PID=1076) to work on /opt/airflow/dags/prod/airbyte_to_dbt_prod.py
[2026-08-27T11:23:53.544+0000] {processor.py:914} INFO - Processing file /opt/airflow/dags/prod/airbyte_to_dbt_prod.py for tasks to queue
[2026-08-27T11:23:53.547+0000] {logging_mixin.py:190} INFO - [2026-08-27T11:23:53.546+0000] {dagbag.py:588} INFO - Filling up the DagBag from /opt/airflow/dags/prod/airbyte_to_dbt_prod.py
[2026-08-27T11:23:53.571+0000] {processor.py:925} INFO - DAG(s) 'airbyte_to_dbt_pipeline_prod' retrieved from /opt/airflow/dags/prod/airbyte_to_dbt_prod.py
[2026-08-27T11:23:53.609+0000] {logging_mixin.py:190} INFO - [2026-08-27T11:23:53.608+0000] {dag.py:3239} INFO - Sync 1 DAGs
[2026-08-27T11:23:53.638+0000] {logging_mixin.py:190} INFO - [2026-08-27T11:23:53.637+0000] {dag.py:4180} INFO - Setting next_dagrun for airbyte_to_dbt_pipeline_prod to 2026-08-27 10:00:00+00:00, run_after=2026-08-27 11:00:00+00:00
[2026-08-27T11:23:53.660+0000] {processor.py:208} INFO - Processing /opt/airflow/dags/prod/airbyte_to_dbt_prod.py took 0.126 seconds
[2026-08-27T11:24:23.839+0000] {processor.py:186} INFO - Started process (PID=1086) to work on /opt/airflow/dags/prod/airbyte_to_dbt_prod.py
[2026-08-27T11:24:23.841+0000] {processor.py:914} INFO - Processing file /opt/airflow/dags/prod/airbyte_to_dbt_prod.py for tasks to queue
[2026-08-27T11:24:23.845+0000] {logging_mixin.py:190} INFO - [2026-08-27T11:24:23.844+0000] {dagbag.py:588} INFO - Filling up the DagBag from /opt/airflow/dags/prod/airbyte_to_dbt_prod.py
[2026-08-27T11:24:23.874+0000] {processor.py:925} INFO - DAG(s) 'airbyte_to_dbt_pipeline_prod' retrieved from /opt/airflow/dags/prod/airbyte_to_dbt_prod.py
[2026-08-27T11:24:23.919+0000] {logging_mixin.py:190} INFO - [2026-08-27T11:24:23.919+0000] {dag.py:3239} INFO - Sync 1 DAGs
[2026-08-27T11:24:23.950+0000] {logging_mixin.py:190} INFO - [2026-08-27T11:24:23.949+0000] {dag.py:4180} INFO - Setting next_dagrun for airbyte_to_dbt_pipeline_prod to 2026-08-27 10:00:00+00:00, run_after=2026-08-27 11:00:00+00:00
[2026-08-27T11:24:23.975+0000] {processor.py:208} INFO - Processing /opt/airflow/dags/prod/airbyte_to_dbt_prod.py took 0.146 seconds
[2026-08-27T11:24:54.184+0000] {processor.py:186} INFO - Started process (PID=1096) to work on /opt/airflow/dags/prod/airbyte_to_dbt_prod.py
[2026-08-27T11:24:54.185+0000] {processor.py:914} INFO - Processing file /opt/airflow/dags/prod/airbyte_to_dbt_prod.py for tasks to queue
[2026-08-27T11:24:54.190+0000] {logging_mixin.py:190} INFO - [2026-08-27T11:24:54.190+0000] {dagbag.py:588} INFO - Filling up the DagBag from /opt/airflow/dags/prod/airbyte_to_dbt_prod.py
[2026-08-27T11:24:54.223+0000] {processor.py:925} INFO - DAG(s) 'airbyte_to_dbt_pipeline_prod' retrieved from /opt/airflow/dags/prod/airbyte_to_dbt_prod.py
[2026-08-27T11:24:54.274+0000] {logging_mixin.py:190} INFO - [2026-08-27T11:24:54.274+0000] {dag.py:3239} INFO - Sync 1 DAGs
[2026-08-27T11:24:54.313+0000] {logging_mixin.py:190} INFO - [2026-08-27T11:24:54.313+0000] {dag.py:4180} INFO - Setting next_dagrun for airbyte_to_dbt_pipeline_prod to 2026-08-27 10:00:00+00:00, run_after=2026-08-27 11:00:00+00:00
[2026-08-27T11:24:54.347+0000] {processor.py:208} INFO - Processing /opt/airflow/dags/prod/airbyte_to_dbt_prod.py took 0.175 seconds
[2026-08-27T11:25:24.526+0000] {processor.py:186} INFO - Started process (PID=1106) to work on /opt/airflow/dags/prod/airbyte_to_dbt_prod.py
[2026-08-27T11:25:24.528+0000] {processor.py:914} INFO - Processing file /opt/airflow/dags/prod/airbyte_to_dbt_prod.py for tasks to queue
[2026-08-27T11:25:24.532+0000] {logging_mixin.py:190} INFO - [2026-08-27T11:25:24.531+0000] {dagbag.py:588} INFO - Filling up the DagBag from /opt/airflow/dags/prod/airbyte_to_dbt_prod.py
[2026-08-27T11:25:24.560+0000] {processor.py:925} INFO - DAG(s) 'airbyte_to_dbt_pipeline_prod' retrieved from /opt/airflow/dags/prod/airbyte_to_dbt_prod.py
[2026-08-27T11:25:24.606+0000] {logging_mixin.py:190} INFO - [2026-08-27T11:25:24.606+0000] {dag.py:3239} INFO - Sync 1 DAGs
[2026-08-27T11:25:24.640+0000] {logging_mixin.py:190} INFO - [2026-08-27T11:25:24.640+0000] {dag.py:4180} INFO - Setting next_dagrun for airbyte_to_dbt_pipeline_prod to 2026-08-27 10:00:00+00:00, run_after=2026-08-27 11:00:00+00:00
[2026-08-27T11:25:24.662+0000] {processor.py:208} INFO - Processing /opt/airflow/dags/prod/airbyte_to_dbt_prod.py took 0.147 seconds
[2026-08-27T11:25:54.834+0000] {processor.py:186} INFO - Started process (PID=1116) to work on /opt/airflow/dags/prod/airbyte_to_dbt_prod.py
[2026-08-27T11:25:54.834+0000] {processor.py:914} INFO - Processing file /opt/airflow/dags/prod/airbyte_to_dbt_prod.py for tasks to queue
[2026-08-27T11:25:54.837+0000] {logging_mixin.py:190} INFO - [2026-08-27T11:25:54.837+0000] {dagbag.py:588} INFO - Filling up the DagBag from /opt/airflow/dags/prod/airbyte_to_dbt_prod.py
[2026-08-27T11:25:54.862+0000] {processor.py:925} INFO - DAG(s) 'airbyte_to_dbt_pipeline_prod' retrieved from /opt/airflow/dags/prod/airbyte_to_dbt_prod.py
[2026-08-27T11:25:54.934+0000] {logging_mixin.py:190} INFO - [2026-08-27T11:25:54.934+0000] {dag.py:3239} INFO - Sync 1 DAGs
[2026-08-27T11:25:54.993+0000] {logging_mixin.py:190} INFO - [2026-08-27T11:25:54.993+0000] {dag.py:4180} INFO - Setting next_dagrun for airbyte_to_dbt_pipeline_prod to 2026-08-27 10:00:00+00:00, run_after=2026-08-27 11:00:00+00:00
[2026-08-27T11:25:55.017+0000] {processor.py:208} INFO - Processing /opt/airflow/dags/prod/airbyte_to_dbt_prod.py took 0.191 seconds
[2026-08-27T11:26:25.214+0000] {processor.py:186} INFO - Started process (PID=1126) to work on /opt/airflow/dags/prod/airbyte_to_dbt_prod.py
[2026-08-27T11:26:25.216+0000] {processor.py:914} INFO - Processing file /opt/airflow/dags/prod/airbyte_to_dbt_prod.py for tasks to queue
[2026-08-27T11:26:25.220+0000] {logging_mixin.py:190} INFO - [2026-08-27T11:26:25.219+0000] {dagbag.py:588} INFO - Filling up the DagBag from /opt/airflow/dags/prod/airbyte_to_dbt_prod.py
[2026-08-27T11:26:25.248+0000] {processor.py:925} INFO - DAG(s) 'airbyte_to_dbt_pipeline_prod' retrieved from /opt/airflow/dags/prod/airbyte_to_dbt_prod.py
[2026-08-27T11:26:25.302+0000] {logging_mixin.py:190} INFO - [2026-08-27T11:26:25.301+0000] {dag.py:3239} INFO - Sync 1 DAGs
[2026-08-27T11:26:25.344+0000] {logging_mixin.py:190} INFO - [2026-08-27T11:26:25.343+0000] {dag.py:4180} INFO - Setting next_dagrun for airbyte_to_dbt_pipeline_prod to 2026-08-27 10:00:00+00:00, run_after=2026-08-27 11:00:00+00:00
[2026-08-27T11:26:25.369+0000] {processor.py:208} INFO - Processing /opt/airflow/dags/prod/airbyte_to_dbt_prod.py took 0.166 seconds
[2026-08-27T11:26:55.524+0000] {processor.py:186} INFO - Started process (PID=1136) to work on /opt/airflow/dags/prod/airbyte_to_dbt_prod.py
[2026-08-27T11:26:55.525+0000] {processor.py:914} INFO - Processing file /opt/airflow/dags/prod/airbyte_to_dbt_prod.py for tasks to queue
[2026-08-27T11:26:55.530+0000] {logging_mixin.py:190} INFO - [2026-08-27T11:26:55.529+0000] {dagbag.py:588} INFO - Filling up the DagBag from /opt/airflow/dags/prod/airbyte_to_dbt_prod.py
[2026-08-27T11:26:55.566+0000] {processor.py:925} INFO - DAG(s) 'airbyte_to_dbt_pipeline_prod' retrieved from /opt/airflow/dags/prod/airbyte_to_dbt_prod.py
[2026-08-27T11:26:55.623+0000] {logging_mixin.py:190} INFO - [2026-08-27T11:26:55.623+0000] {dag.py:3239} INFO - Sync 1 DAGs
[2026-08-27T11:26:55.669+0000] {logging_mixin.py:190} INFO - [2026-08-27T11:26:55.669+0000] {dag.py:4180} INFO - Setting next_dagrun for airbyte_to_dbt_pipeline_prod to 2026-08-27 10:00:00+00:00, run_after=2026-08-27 11:00:00+00:00
[2026-08-27T11:26:55.704+0000] {processor.py:208} INFO - Processing /opt/airflow/dags/prod/airbyte_to_dbt_prod.py took 0.193 seconds
[2026-08-27T11:27:25.960+0000] {processor.py:186} INFO - Started process (PID=1144) to work on /opt/airflow/dags/prod/airbyte_to_dbt_prod.py
[2026-08-27T11:27:25.962+0000] {processor.py:914} INFO - Processing file /opt/airflow/dags/prod/airbyte_to_dbt_prod.py for tasks to queue
[2026-08-27T11:27:25.979+0000] {logging_mixin.py:190} INFO - [2026-08-27T11:27:25.979+0000] {dagbag.py:588} INFO - Filling up the DagBag from /opt/airflow/dags/prod/airbyte_to_dbt_prod.py
[2026-08-27T11:27:26.022+0000] {processor.py:925} INFO - DAG(s) 'airbyte_to_dbt_pipeline_prod' retrieved from /opt/airflow/dags/prod/airbyte_to_dbt_prod.py
[2026-08-27T11:27:26.102+0000] {logging_mixin.py:190} INFO - [2026-08-27T11:27:26.102+0000] {dag.py:3239} INFO - Sync 1 DAGs
[2026-08-27T11:27:26.136+0000] {logging_mixin.py:190} INFO - [2026-08-27T11:27:26.135+0000] {dag.py:4180} INFO - Setting next_dagrun for airbyte_to_dbt_pipeline_prod to 2026-08-27 10:00:00+00:00, run_after=2026-08-27 11:00:00+00:00
[2026-08-27T11:27:26.161+0000] {processor.py:208} INFO - Processing /opt/airflow/dags/prod/airbyte_to_dbt_prod.py took 0.250 seconds
[2026-08-27T11:27:56.336+0000] {processor.py:186} INFO - Started process (PID=1156) to work on /opt/airflow/dags/prod/airbyte_to_dbt_prod.py
[2026-08-27T11:27:56.337+0000] {processor.py:914} INFO - Processing file /opt/airflow/dags/prod/airbyte_to_dbt_prod.py for tasks to queue
[2026-08-27T11:27:56.341+0000] {logging_mixin.py:190} INFO - [2026-08-27T11:27:56.340+0000] {dagbag.py:588} INFO - Filling up the DagBag from /opt/airflow/dags/prod/airbyte_to_dbt_prod.py
[2026-08-27T11:27:56.367+0000] {processor.py:925} INFO - DAG(s) 'airbyte_to_dbt_pipeline_prod' retrieved from /opt/airflow/dags/prod/airbyte_to_dbt_prod.py
[2026-08-27T11:27:56.428+0000] {logging_mixin.py:190} INFO - [2026-08-27T11:27:56.428+0000] {dag.py:3239} INFO - Sync 1 DAGs
[2026-08-27T11:27:56.477+0000] {logging_mixin.py:190} INFO - [2026-08-27T11:27:56.477+0000] {dag.py:4180} INFO - Setting next_dagrun for airbyte_to_dbt_pipeline_prod to 2026-08-27 10:00:00+00:00, run_after=2026-08-27 11:00:00+00:00
[2026-08-27T11:27:56.500+0000] {processor.py:208} INFO - Processing /opt/airflow/dags/prod/airbyte_to_dbt_prod.py took 0.173 seconds
[2026-08-27T11:28:26.677+0000] {processor.py:186} INFO - Started process (PID=1166) to work on /opt/airflow/dags/prod/airbyte_to_dbt_prod.py
[2026-08-27T11:28:26.679+0000] {processor.py:914} INFO - Processing file /opt/airflow/dags/prod/airbyte_to_dbt_prod.py for tasks to queue
[2026-08-27T11:28:26.686+0000] {logging_mixin.py:190} INFO - [2026-08-27T11:28:26.685+0000] {dagbag.py:588} INFO - Filling up the DagBag from /opt/airflow/dags/prod/airbyte_to_dbt_prod.py
[2026-08-27T11:28:26.718+0000] {processor.py:925} INFO - DAG(s) 'airbyte_to_dbt_pipeline_prod' retrieved from /opt/airflow/dags/prod/airbyte_to_dbt_prod.py
[2026-08-27T11:28:26.768+0000] {logging_mixin.py:190} INFO - [2026-08-27T11:28:26.768+0000] {dag.py:3239} INFO - Sync 1 DAGs
[2026-08-27T11:28:26.806+0000] {logging_mixin.py:190} INFO - [2026-08-27T11:28:26.805+0000] {dag.py:4180} INFO - Setting next_dagrun for airbyte_to_dbt_pipeline_prod to 2026-08-27 10:00:00+00:00, run_after=2026-08-27 11:00:00+00:00
[2026-08-27T11:28:26.830+0000] {processor.py:208} INFO - Processing /opt/airflow/dags/prod/airbyte_to_dbt_prod.py took 0.166 seconds
[2026-08-27T11:28:57.025+0000] {processor.py:186} INFO - Started process (PID=1175) to work on /opt/airflow/dags/prod/airbyte_to_dbt_prod.py
[2026-08-27T11:28:57.028+0000] {processor.py:914} INFO - Processing file /opt/airflow/dags/prod/airbyte_to_dbt_prod.py for tasks to queue
[2026-08-27T11:28:57.033+0000] {logging_mixin.py:190} INFO - [2026-08-27T11:28:57.031+0000] {dagbag.py:588} INFO - Filling up the DagBag from /opt/airflow/dags/prod/airbyte_to_dbt_prod.py
[2026-08-27T11:28:57.089+0000] {processor.py:925} INFO - DAG(s) 'airbyte_to_dbt_pipeline_prod' retrieved from /opt/airflow/dags/prod/airbyte_to_dbt_prod.py
[2026-08-27T11:28:57.168+0000] {logging_mixin.py:190} INFO - [2026-08-27T11:28:57.168+0000] {dag.py:3239} INFO - Sync 1 DAGs
[2026-08-27T11:28:57.230+0000] {logging_mixin.py:190} INFO - [2026-08-27T11:28:57.230+0000] {dag.py:4180} INFO - Setting next_dagrun for airbyte_to_dbt_pipeline_prod to 2026-08-27 10:00:00+00:00, run_after=2026-08-27 11:00:00+00:00
[2026-08-27T11:28:57.271+0000] {processor.py:208} INFO - Processing /opt/airflow/dags/prod/airbyte_to_dbt_prod.py took 0.261 seconds
[2026-08-27T11:29:27.455+0000] {processor.py:186} INFO - Started process (PID=1186) to work on /opt/airflow/dags/prod/airbyte_to_dbt_prod.py
[2026-08-27T11:29:27.457+0000] {processor.py:914} INFO - Processing file /opt/airflow/dags/prod/airbyte_to_dbt_prod.py for tasks to queue
[2026-08-27T11:29:27.461+0000] {logging_mixin.py:190} INFO - [2026-08-27T11:29:27.460+0000] {dagbag.py:588} INFO - Filling up the DagBag from /opt/airflow/dags/prod/airbyte_to_dbt_prod.py
[2026-08-27T11:29:27.484+0000] {processor.py:925} INFO - DAG(s) 'airbyte_to_dbt_pipeline_prod' retrieved from /opt/airflow/dags/prod/airbyte_to_dbt_prod.py
[2026-08-27T11:29:27.527+0000] {logging_mixin.py:190} INFO - [2026-08-27T11:29:27.526+0000] {dag.py:3239} INFO - Sync 1 DAGs
[2026-08-27T11:29:27.566+0000] {logging_mixin.py:190} INFO - [2026-08-27T11:29:27.565+0000] {dag.py:4180} INFO - Setting next_dagrun for airbyte_to_dbt_pipeline_prod to 2026-08-27 10:00:00+00:00, run_after=2026-08-27 11:00:00+00:00
[2026-08-27T11:29:27.595+0000] {processor.py:208} INFO - Processing /opt/airflow/dags/prod/airbyte_to_dbt_prod.py took 0.148 seconds
[2026-08-27T11:29:57.772+0000] {processor.py:186} INFO - Started process (PID=1196) to work on /opt/airflow/dags/prod/airbyte_to_dbt_prod.py
[2026-08-27T11:29:57.773+0000] {processor.py:914} INFO - Processing file /opt/airflow/dags/prod/airbyte_to_dbt_prod.py for tasks to queue
[2026-08-27T11:29:57.776+0000] {logging_mixin.py:190} INFO - [2026-08-27T11:29:57.776+0000] {dagbag.py:588} INFO - Filling up the DagBag from /opt/airflow/dags/prod/airbyte_to_dbt_prod.py
[2026-08-27T11:29:57.803+0000] {processor.py:925} INFO - DAG(s) 'airbyte_to_dbt_pipeline_prod' retrieved from /opt/airflow/dags/prod/airbyte_to_dbt_prod.py
[2026-08-27T11:29:57.870+0000] {logging_mixin.py:190} INFO - [2026-08-27T11:29:57.870+0000] {dag.py:3239} INFO - Sync 1 DAGs
[2026-08-27T11:29:57.928+0000] {logging_mixin.py:190} INFO - [2026-08-27T11:29:57.928+0000] {dag.py:4180} INFO - Setting next_dagrun for airbyte_to_dbt_pipeline_prod to 2026-08-27 10:00:00+00:00, run_after=2026-08-27 11:00:00+00:00
[2026-08-27T11:29:57.956+0000] {processor.py:208} INFO - Processing /opt/airflow/dags/prod/airbyte_to_dbt_prod.py took 0.198 seconds
[2026-08-27T11:30:28.201+0000] {processor.py:186} INFO - Started process (PID=1204) to work on /opt/airflow/dags/prod/airbyte_to_dbt_prod.py
[2026-08-27T11:30:28.203+0000] {processor.py:914} INFO - Processing file /opt/airflow/dags/prod/airbyte_to_dbt_prod.py for tasks to queue
[2026-08-27T11:30:28.281+0000] {logging_mixin.py:190} INFO - [2026-08-27T11:30:28.280+0000] {dagbag.py:588} INFO - Filling up the DagBag from /opt/airflow/dags/prod/airbyte_to_dbt_prod.py
[2026-08-27T11:30:28.743+0000] {processor.py:925} INFO - DAG(s) 'airbyte_to_dbt_pipeline_prod' retrieved from /opt/airflow/dags/prod/airbyte_to_dbt_prod.py
[2026-08-27T11:30:28.924+0000] {logging_mixin.py:190} INFO - [2026-08-27T11:30:28.924+0000] {dag.py:3239} INFO - Sync 1 DAGs
[2026-08-27T11:30:29.069+0000] {logging_mixin.py:190} INFO - [2026-08-27T11:30:29.069+0000] {dag.py:4180} INFO - Setting next_dagrun for airbyte_to_dbt_pipeline_prod to 2026-08-27 10:00:00+00:00, run_after=2026-08-27 11:00:00+00:00
[2026-08-27T11:30:29.094+0000] {processor.py:208} INFO - Processing /opt/airflow/dags/prod/airbyte_to_dbt_prod.py took 0.956 seconds
[2026-08-27T11:30:59.390+0000] {processor.py:186} INFO - Started process (PID=1214) to work on /opt/airflow/dags/prod/airbyte_to_dbt_prod.py
[2026-08-27T11:30:59.393+0000] {processor.py:914} INFO - Processing file /opt/airflow/dags/prod/airbyte_to_dbt_prod.py for tasks to queue
[2026-08-27T11:30:59.420+0000] {logging_mixin.py:190} INFO - [2026-08-27T11:30:59.413+0000] {dagbag.py:588} INFO - Filling up the DagBag from /opt/airflow/dags/prod/airbyte_to_dbt_prod.py
[2026-08-27T11:30:59.648+0000] {processor.py:925} INFO - DAG(s) 'airbyte_to_dbt_pipeline_prod' retrieved from /opt/airflow/dags/prod/airbyte_to_dbt_prod.py
[2026-08-27T11:30:59.902+0000] {logging_mixin.py:190} INFO - [2026-08-27T11:30:59.902+0000] {dag.py:3239} INFO - Sync 1 DAGs
[2026-08-27T11:31:00.217+0000] {logging_mixin.py:190} INFO - [2026-08-27T11:31:00.213+0000] {dag.py:4180} INFO - Setting next_dagrun for airbyte_to_dbt_pipeline_prod to 2026-08-27 10:00:00+00:00, run_after=2026-08-27 11:00:00+00:00
[2026-08-27T11:31:00.242+0000] {processor.py:208} INFO - Processing /opt/airflow/dags/prod/airbyte_to_dbt_prod.py took 0.908 seconds
[2026-08-27T11:31:30.362+0000] {processor.py:186} INFO - Started process (PID=1226) to work on /opt/airflow/dags/prod/airbyte_to_dbt_prod.py
[2026-08-27T11:31:30.449+0000] {processor.py:914} INFO - Processing file /opt/airflow/dags/prod/airbyte_to_dbt_prod.py for tasks to queue
[2026-08-27T11:31:30.456+0000] {logging_mixin.py:190} INFO - [2026-08-27T11:31:30.454+0000] {dagbag.py:588} INFO - Filling up the DagBag from /opt/airflow/dags/prod/airbyte_to_dbt_prod.py
[2026-08-27T11:31:30.505+0000] {processor.py:925} INFO - DAG(s) 'airbyte_to_dbt_pipeline_prod' retrieved from /opt/airflow/dags/prod/airbyte_to_dbt_prod.py
[2026-08-27T11:31:30.603+0000] {logging_mixin.py:190} INFO - [2026-08-27T11:31:30.603+0000] {dag.py:3239} INFO - Sync 1 DAGs
[2026-08-27T11:31:30.650+0000] {logging_mixin.py:190} INFO - [2026-08-27T11:31:30.649+0000] {dag.py:4180} INFO - Setting next_dagrun for airbyte_to_dbt_pipeline_prod to 2026-08-27 10:00:00+00:00, run_after=2026-08-27 11:00:00+00:00
[2026-08-27T11:31:30.679+0000] {processor.py:208} INFO - Processing /opt/airflow/dags/prod/airbyte_to_dbt_prod.py took 0.329 seconds
[2026-08-27T11:32:00.909+0000] {processor.py:186} INFO - Started process (PID=1236) to work on /opt/airflow/dags/prod/airbyte_to_dbt_prod.py
[2026-08-27T11:32:00.914+0000] {processor.py:914} INFO - Processing file /opt/airflow/dags/prod/airbyte_to_dbt_prod.py for tasks to queue
[2026-08-27T11:32:00.920+0000] {logging_mixin.py:190} INFO - [2026-08-27T11:32:00.919+0000] {dagbag.py:588} INFO - Filling up the DagBag from /opt/airflow/dags/prod/airbyte_to_dbt_prod.py
[2026-08-27T11:32:00.968+0000] {processor.py:925} INFO - DAG(s) 'airbyte_to_dbt_pipeline_prod' retrieved from /opt/airflow/dags/prod/airbyte_to_dbt_prod.py
[2026-08-27T11:32:01.064+0000] {logging_mixin.py:190} INFO - [2026-08-27T11:32:01.064+0000] {dag.py:3239} INFO - Sync 1 DAGs
[2026-08-27T11:32:01.113+0000] {logging_mixin.py:190} INFO - [2026-08-27T11:32:01.112+0000] {dag.py:4180} INFO - Setting next_dagrun for airbyte_to_dbt_pipeline_prod to 2026-08-27 10:00:00+00:00, run_after=2026-08-27 11:00:00+00:00
[2026-08-27T11:32:01.165+0000] {processor.py:208} INFO - Processing /opt/airflow/dags/prod/airbyte_to_dbt_prod.py took 0.271 seconds
[2026-08-27T11:32:31.632+0000] {processor.py:186} INFO - Started process (PID=1244) to work on /opt/airflow/dags/prod/airbyte_to_dbt_prod.py
[2026-08-27T11:32:31.635+0000] {processor.py:914} INFO - Processing file /opt/airflow/dags/prod/airbyte_to_dbt_prod.py for tasks to queue
[2026-08-27T11:32:31.674+0000] {logging_mixin.py:190} INFO - [2026-08-27T11:32:31.672+0000] {dagbag.py:588} INFO - Filling up the DagBag from /opt/airflow/dags/prod/airbyte_to_dbt_prod.py
[2026-08-27T11:32:31.773+0000] {processor.py:925} INFO - DAG(s) 'airbyte_to_dbt_pipeline_prod' retrieved from /opt/airflow/dags/prod/airbyte_to_dbt_prod.py
[2026-08-27T11:32:31.912+0000] {logging_mixin.py:190} INFO - [2026-08-27T11:32:31.911+0000] {dag.py:3239} INFO - Sync 1 DAGs
[2026-08-27T11:32:32.008+0000] {logging_mixin.py:190} INFO - [2026-08-27T11:32:32.008+0000] {dag.py:4180} INFO - Setting next_dagrun for airbyte_to_dbt_pipeline_prod to 2026-08-27 10:00:00+00:00, run_after=2026-08-27 11:00:00+00:00
[2026-08-27T11:32:32.046+0000] {processor.py:208} INFO - Processing /opt/airflow/dags/prod/airbyte_to_dbt_prod.py took 0.499 seconds
[2026-08-27T11:33:02.214+0000] {processor.py:186} INFO - Started process (PID=1256) to work on /opt/airflow/dags/prod/airbyte_to_dbt_prod.py
[2026-08-27T11:33:02.215+0000] {processor.py:914} INFO - Processing file /opt/airflow/dags/prod/airbyte_to_dbt_prod.py for tasks to queue
[2026-08-27T11:33:02.217+0000] {logging_mixin.py:190} INFO - [2026-08-27T11:33:02.217+0000] {dagbag.py:588} INFO - Filling up the DagBag from /opt/airflow/dags/prod/airbyte_to_dbt_prod.py
[2026-08-27T11:33:02.239+0000] {processor.py:925} INFO - DAG(s) 'airbyte_to_dbt_pipeline_prod' retrieved from /opt/airflow/dags/prod/airbyte_to_dbt_prod.py
[2026-08-27T11:33:02.282+0000] {logging_mixin.py:190} INFO - [2026-08-27T11:33:02.282+0000] {dag.py:3239} INFO - Sync 1 DAGs
[2026-08-27T11:33:02.314+0000] {logging_mixin.py:190} INFO - [2026-08-27T11:33:02.314+0000] {dag.py:4180} INFO - Setting next_dagrun for airbyte_to_dbt_pipeline_prod to 2026-08-27 10:00:00+00:00, run_after=2026-08-27 11:00:00+00:00
[2026-08-27T11:33:02.338+0000] {processor.py:208} INFO - Processing /opt/airflow/dags/prod/airbyte_to_dbt_prod.py took 0.133 seconds
[2026-08-27T11:33:32.506+0000] {processor.py:186} INFO - Started process (PID=1266) to work on /opt/airflow/dags/prod/airbyte_to_dbt_prod.py
[2026-08-27T11:33:32.506+0000] {processor.py:914} INFO - Processing file /opt/airflow/dags/prod/airbyte_to_dbt_prod.py for tasks to queue
[2026-08-27T11:33:32.509+0000] {logging_mixin.py:190} INFO - [2026-08-27T11:33:32.509+0000] {dagbag.py:588} INFO - Filling up the DagBag from /opt/airflow/dags/prod/airbyte_to_dbt_prod.py
[2026-08-27T11:33:32.532+0000] {processor.py:925} INFO - DAG(s) 'airbyte_to_dbt_pipeline_prod' retrieved from /opt/airflow/dags/prod/airbyte_to_dbt_prod.py
[2026-08-27T11:33:32.583+0000] {logging_mixin.py:190} INFO - [2026-08-27T11:33:32.582+0000] {dag.py:3239} INFO - Sync 1 DAGs
[2026-08-27T11:33:32.618+0000] {logging_mixin.py:190} INFO - [2026-08-27T11:33:32.618+0000] {dag.py:4180} INFO - Setting next_dagrun for airbyte_to_dbt_pipeline_prod to 2026-08-27 10:00:00+00:00, run_after=2026-08-27 11:00:00+00:00
[2026-08-27T11:33:32.641+0000] {processor.py:208} INFO - Processing /opt/airflow/dags/prod/airbyte_to_dbt_prod.py took 0.144 seconds
[2026-08-27T11:34:02.822+0000] {processor.py:186} INFO - Started process (PID=1276) to work on /opt/airflow/dags/prod/airbyte_to_dbt_prod.py
[2026-08-27T11:34:02.823+0000] {processor.py:914} INFO - Processing file /opt/airflow/dags/prod/airbyte_to_dbt_prod.py for tasks to queue
[2026-08-27T11:34:02.827+0000] {logging_mixin.py:190} INFO - [2026-08-27T11:34:02.826+0000] {dagbag.py:588} INFO - Filling up the DagBag from /opt/airflow/dags/prod/airbyte_to_dbt_prod.py
[2026-08-27T11:34:02.853+0000] {processor.py:925} INFO - DAG(s) 'airbyte_to_dbt_pipeline_prod' retrieved from /opt/airflow/dags/prod/airbyte_to_dbt_prod.py
[2026-08-27T11:34:02.905+0000] {logging_mixin.py:190} INFO - [2026-08-27T11:34:02.904+0000] {dag.py:3239} INFO - Sync 1 DAGs
[2026-08-27T11:34:02.944+0000] {logging_mixin.py:190} INFO - [2026-08-27T11:34:02.944+0000] {dag.py:4180} INFO - Setting next_dagrun for airbyte_to_dbt_pipeline_prod to 2026-08-27 10:00:00+00:00, run_after=2026-08-27 11:00:00+00:00
[2026-08-27T11:34:02.967+0000] {processor.py:208} INFO - Processing /opt/airflow/dags/prod/airbyte_to_dbt_prod.py took 0.157 seconds
[2026-08-27T11:34:33.118+0000] {processor.py:186} INFO - Started process (PID=1286) to work on /opt/airflow/dags/prod/airbyte_to_dbt_prod.py
[2026-08-27T11:34:33.119+0000] {processor.py:914} INFO - Processing file /opt/airflow/dags/prod/airbyte_to_dbt_prod.py for tasks to queue
[2026-08-27T11:34:33.122+0000] {logging_mixin.py:190} INFO - [2026-08-27T11:34:33.121+0000] {dagbag.py:588} INFO - Filling up the DagBag from /opt/airflow/dags/prod/airbyte_to_dbt_prod.py
[2026-08-27T11:34:33.144+0000] {processor.py:925} INFO - DAG(s) 'airbyte_to_dbt_pipeline_prod' retrieved from /opt/airflow/dags/prod/airbyte_to_dbt_prod.py
[2026-08-27T11:34:33.194+0000] {logging_mixin.py:190} INFO - [2026-08-27T11:34:33.194+0000] {dag.py:3239} INFO - Sync 1 DAGs
[2026-08-27T11:34:33.231+0000] {logging_mixin.py:190} INFO - [2026-08-27T11:34:33.230+0000] {dag.py:4180} INFO - Setting next_dagrun for airbyte_to_dbt_pipeline_prod to 2026-08-27 10:00:00+00:00, run_after=2026-08-27 11:00:00+00:00
[2026-08-27T11:34:33.256+0000] {processor.py:208} INFO - Processing /opt/airflow/dags/prod/airbyte_to_dbt_prod.py took 0.147 seconds
[2026-08-27T11:35:03.421+0000] {processor.py:186} INFO - Started process (PID=1296) to work on /opt/airflow/dags/prod/airbyte_to_dbt_prod.py
[2026-08-27T11:35:03.422+0000] {processor.py:914} INFO - Processing file /opt/airflow/dags/prod/airbyte_to_dbt_prod.py for tasks to queue
[2026-08-27T11:35:03.425+0000] {logging_mixin.py:190} INFO - [2026-08-27T11:35:03.425+0000] {dagbag.py:588} INFO - Filling up the DagBag from /opt/airflow/dags/prod/airbyte_to_dbt_prod.py
[2026-08-27T11:35:03.453+0000] {processor.py:925} INFO - DAG(s) 'airbyte_to_dbt_pipeline_prod' retrieved from /opt/airflow/dags/prod/airbyte_to_dbt_prod.py
[2026-08-27T11:35:03.504+0000] {logging_mixin.py:190} INFO - [2026-08-27T11:35:03.503+0000] {dag.py:3239} INFO - Sync 1 DAGs
[2026-08-27T11:35:03.546+0000] {logging_mixin.py:190} INFO - [2026-08-27T11:35:03.546+0000] {dag.py:4180} INFO - Setting next_dagrun for airbyte_to_dbt_pipeline_prod to 2026-08-27 10:00:00+00:00, run_after=2026-08-27 11:00:00+00:00
[2026-08-27T11:35:03.582+0000] {processor.py:208} INFO - Processing /opt/airflow/dags/prod/airbyte_to_dbt_prod.py took 0.173 seconds
[2026-08-27T11:35:33.755+0000] {processor.py:186} INFO - Started process (PID=1306) to work on /opt/airflow/dags/prod/airbyte_to_dbt_prod.py
[2026-08-27T11:35:33.756+0000] {processor.py:914} INFO - Processing file /opt/airflow/dags/prod/airbyte_to_dbt_prod.py for tasks to queue
[2026-08-27T11:35:33.760+0000] {logging_mixin.py:190} INFO - [2026-08-27T11:35:33.759+0000] {dagbag.py:588} INFO - Filling up the DagBag from /opt/airflow/dags/prod/airbyte_to_dbt_prod.py
[2026-08-27T11:35:33.785+0000] {processor.py:925} INFO - DAG(s) 'airbyte_to_dbt_pipeline_prod' retrieved from /opt/airflow/dags/prod/airbyte_to_dbt_prod.py
[2026-08-27T11:35:33.825+0000] {logging_mixin.py:190} INFO - [2026-08-27T11:35:33.824+0000] {dag.py:3239} INFO - Sync 1 DAGs
[2026-08-27T11:35:33.860+0000] {logging_mixin.py:190} INFO - [2026-08-27T11:35:33.859+0000] {dag.py:4180} INFO - Setting next_dagrun for airbyte_to_dbt_pipeline_prod to 2026-08-27 10:00:00+00:00, run_after=2026-08-27 11:00:00+00:00
[2026-08-27T11:35:33.882+0000] {processor.py:208} INFO - Processing /opt/airflow/dags/prod/airbyte_to_dbt_prod.py took 0.134 seconds
[2026-08-27T11:36:04.046+0000] {processor.py:186} INFO - Started process (PID=1316) to work on /opt/airflow/dags/prod/airbyte_to_dbt_prod.py
[2026-08-27T11:36:04.047+0000] {processor.py:914} INFO - Processing file /opt/airflow/dags/prod/airbyte_to_dbt_prod.py for tasks to queue
[2026-08-27T11:36:04.050+0000] {logging_mixin.py:190} INFO - [2026-08-27T11:36:04.049+0000] {dagbag.py:588} INFO - Filling up the DagBag from /opt/airflow/dags/prod/airbyte_to_dbt_prod.py
[2026-08-27T11:36:04.073+0000] {processor.py:925} INFO - DAG(s) 'airbyte_to_dbt_pipeline_prod' retrieved from /opt/airflow/dags/prod/airbyte_to_dbt_prod.py
[2026-08-27T11:36:04.118+0000] {logging_mixin.py:190} INFO - [2026-08-27T11:36:04.118+0000] {dag.py:3239} INFO - Sync 1 DAGs
[2026-08-27T11:36:04.154+0000] {logging_mixin.py:190} INFO - [2026-08-27T11:36:04.154+0000] {dag.py:4180} INFO - Setting next_dagrun for airbyte_to_dbt_pipeline_prod to 2026-08-27 10:00:00+00:00, run_after=2026-08-27 11:00:00+00:00
[2026-08-27T11:36:04.179+0000] {processor.py:208} INFO - Processing /opt/airflow/dags/prod/airbyte_to_dbt_prod.py took 0.141 seconds
[2026-08-27T11:36:34.328+0000] {processor.py:186} INFO - Started process (PID=1326) to work on /opt/airflow/dags/prod/airbyte_to_dbt_prod.py
[2026-08-27T11:36:34.330+0000] {processor.py:914} INFO - Processing file /opt/airflow/dags/prod/airbyte_to_dbt_prod.py for tasks to queue
[2026-08-27T11:36:34.333+0000] {logging_mixin.py:190} INFO - [2026-08-27T11:36:34.332+0000] {dagbag.py:588} INFO - Filling up the DagBag from /opt/airflow/dags/prod/airbyte_to_dbt_prod.py
[2026-08-27T11:36:34.354+0000] {processor.py:925} INFO - DAG(s) 'airbyte_to_dbt_pipeline_prod' retrieved from /opt/airflow/dags/prod/airbyte_to_dbt_prod.py
[2026-08-27T11:36:34.404+0000] {logging_mixin.py:190} INFO - [2026-08-27T11:36:34.404+0000] {dag.py:3239} INFO - Sync 1 DAGs
[2026-08-27T11:36:34.442+0000] {logging_mixin.py:190} INFO - [2026-08-27T11:36:34.441+0000] {dag.py:4180} INFO - Setting next_dagrun for airbyte_to_dbt_pipeline_prod to 2026-08-27 10:00:00+00:00, run_after=2026-08-27 11:00:00+00:00
[2026-08-27T11:36:34.465+0000] {processor.py:208} INFO - Processing /opt/airflow/dags/prod/airbyte_to_dbt_prod.py took 0.145 seconds
[2026-08-27T11:37:04.631+0000] {processor.py:186} INFO - Started process (PID=1336) to work on /opt/airflow/dags/prod/airbyte_to_dbt_prod.py
[2026-08-27T11:37:04.632+0000] {processor.py:914} INFO - Processing file /opt/airflow/dags/prod/airbyte_to_dbt_prod.py for tasks to queue
[2026-08-27T11:37:04.635+0000] {logging_mixin.py:190} INFO - [2026-08-27T11:37:04.635+0000] {dagbag.py:588} INFO - Filling up the DagBag from /opt/airflow/dags/prod/airbyte_to_dbt_prod.py
[2026-08-27T11:37:04.658+0000] {processor.py:925} INFO - DAG(s) 'airbyte_to_dbt_pipeline_prod' retrieved from /opt/airflow/dags/prod/airbyte_to_dbt_prod.py
[2026-08-27T11:37:04.703+0000] {logging_mixin.py:190} INFO - [2026-08-27T11:37:04.702+0000] {dag.py:3239} INFO - Sync 1 DAGs
[2026-08-27T11:37:04.741+0000] {logging_mixin.py:190} INFO - [2026-08-27T11:37:04.741+0000] {dag.py:4180} INFO - Setting next_dagrun for airbyte_to_dbt_pipeline_prod to 2026-08-27 10:00:00+00:00, run_after=2026-08-27 11:00:00+00:00
[2026-08-27T11:37:04.766+0000] {processor.py:208} INFO - Processing /opt/airflow/dags/prod/airbyte_to_dbt_prod.py took 0.143 seconds
[2026-08-27T11:37:34.956+0000] {processor.py:186} INFO - Started process (PID=1346) to work on /opt/airflow/dags/prod/airbyte_to_dbt_prod.py
[2026-08-27T11:37:34.958+0000] {processor.py:914} INFO - Processing file /opt/airflow/dags/prod/airbyte_to_dbt_prod.py for tasks to queue
[2026-08-27T11:37:34.962+0000] {logging_mixin.py:190} INFO - [2026-08-27T11:37:34.961+0000] {dagbag.py:588} INFO - Filling up the DagBag from /opt/airflow/dags/prod/airbyte_to_dbt_prod.py
[2026-08-27T11:37:34.993+0000] {processor.py:925} INFO - DAG(s) 'airbyte_to_dbt_pipeline_prod' retrieved from /opt/airflow/dags/prod/airbyte_to_dbt_prod.py
[2026-08-27T11:37:35.049+0000] {logging_mixin.py:190} INFO - [2026-08-27T11:37:35.049+0000] {dag.py:3239} INFO - Sync 1 DAGs
[2026-08-27T11:37:35.087+0000] {logging_mixin.py:190} INFO - [2026-08-27T11:37:35.087+0000] {dag.py:4180} INFO - Setting next_dagrun for airbyte_to_dbt_pipeline_prod to 2026-08-27 10:00:00+00:00, run_after=2026-08-27 11:00:00+00:00
[2026-08-27T11:37:35.121+0000] {processor.py:208} INFO - Processing /opt/airflow/dags/prod/airbyte_to_dbt_prod.py took 0.174 seconds
[2026-08-27T11:38:05.293+0000] {processor.py:186} INFO - Started process (PID=1356) to work on /opt/airflow/dags/prod/airbyte_to_dbt_prod.py
[2026-08-27T11:38:05.294+0000] {processor.py:914} INFO - Processing file /opt/airflow/dags/prod/airbyte_to_dbt_prod.py for tasks to queue
[2026-08-27T11:38:05.299+0000] {logging_mixin.py:190} INFO - [2026-08-27T11:38:05.298+0000] {dagbag.py:588} INFO - Filling up the DagBag from /opt/airflow/dags/prod/airbyte_to_dbt_prod.py
[2026-08-27T11:38:05.328+0000] {processor.py:925} INFO - DAG(s) 'airbyte_to_dbt_pipeline_prod' retrieved from /opt/airflow/dags/prod/airbyte_to_dbt_prod.py
[2026-08-27T11:38:05.375+0000] {logging_mixin.py:190} INFO - [2026-08-27T11:38:05.375+0000] {dag.py:3239} INFO - Sync 1 DAGs
[2026-08-27T11:38:05.417+0000] {logging_mixin.py:190} INFO - [2026-08-27T11:38:05.417+0000] {dag.py:4180} INFO - Setting next_dagrun for airbyte_to_dbt_pipeline_prod to 2026-08-27 10:00:00+00:00, run_after=2026-08-27 11:00:00+00:00
[2026-08-27T11:38:05.454+0000] {processor.py:208} INFO - Processing /opt/airflow/dags/prod/airbyte_to_dbt_prod.py took 0.172 seconds
[2026-08-27T11:38:35.628+0000] {processor.py:186} INFO - Started process (PID=1366) to work on /opt/airflow/dags/prod/airbyte_to_dbt_prod.py
[2026-08-27T11:38:35.629+0000] {processor.py:914} INFO - Processing file /opt/airflow/dags/prod/airbyte_to_dbt_prod.py for tasks to queue
[2026-08-27T11:38:35.632+0000] {logging_mixin.py:190} INFO - [2026-08-27T11:38:35.632+0000] {dagbag.py:588} INFO - Filling up the DagBag from /opt/airflow/dags/prod/airbyte_to_dbt_prod.py
[2026-08-27T11:38:35.657+0000] {processor.py:925} INFO - DAG(s) 'airbyte_to_dbt_pipeline_prod' retrieved from /opt/airflow/dags/prod/airbyte_to_dbt_prod.py
[2026-08-27T11:38:35.701+0000] {logging_mixin.py:190} INFO - [2026-08-27T11:38:35.701+0000] {dag.py:3239} INFO - Sync 1 DAGs
[2026-08-27T11:38:35.733+0000] {logging_mixin.py:190} INFO - [2026-08-27T11:38:35.733+0000] {dag.py:4180} INFO - Setting next_dagrun for airbyte_to_dbt_pipeline_prod to 2026-08-27 10:00:00+00:00, run_after=2026-08-27 11:00:00+00:00
[2026-08-27T11:38:35.755+0000] {processor.py:208} INFO - Processing /opt/airflow/dags/prod/airbyte_to_dbt_prod.py took 0.136 seconds
[2026-08-27T11:39:05.925+0000] {processor.py:186} INFO - Started process (PID=1376) to work on /opt/airflow/dags/prod/airbyte_to_dbt_prod.py
[2026-08-27T11:39:05.926+0000] {processor.py:914} INFO - Processing file /opt/airflow/dags/prod/airbyte_to_dbt_prod.py for tasks to queue
[2026-08-27T11:39:05.929+0000] {logging_mixin.py:190} INFO - [2026-08-27T11:39:05.929+0000] {dagbag.py:588} INFO - Filling up the DagBag from /opt/airflow/dags/prod/airbyte_to_dbt_prod.py
[2026-08-27T11:39:05.953+0000] {processor.py:925} INFO - DAG(s) 'airbyte_to_dbt_pipeline_prod' retrieved from /opt/airflow/dags/prod/airbyte_to_dbt_prod.py
[2026-08-27T11:39:05.995+0000] {logging_mixin.py:190} INFO - [2026-08-27T11:39:05.995+0000] {dag.py:3239} INFO - Sync 1 DAGs
[2026-08-27T11:39:06.029+0000] {logging_mixin.py:190} INFO - [2026-08-27T11:39:06.029+0000] {dag.py:4180} INFO - Setting next_dagrun for airbyte_to_dbt_pipeline_prod to 2026-08-27 10:00:00+00:00, run_after=2026-08-27 11:00:00+00:00
[2026-08-27T11:39:06.056+0000] {processor.py:208} INFO - Processing /opt/airflow/dags/prod/airbyte_to_dbt_prod.py took 0.141 seconds
[2026-08-27T11:39:36.313+0000] {processor.py:186} INFO - Started process (PID=1384) to work on /opt/airflow/dags/prod/airbyte_to_dbt_prod.py
[2026-08-27T11:39:36.315+0000] {processor.py:914} INFO - Processing file /opt/airflow/dags/prod/airbyte_to_dbt_prod.py for tasks to queue
[2026-08-27T11:39:36.357+0000] {logging_mixin.py:190} INFO - [2026-08-27T11:39:36.354+0000] {dagbag.py:588} INFO - Filling up the DagBag from /opt/airflow/dags/prod/airbyte_to_dbt_prod.py
[2026-08-27T11:39:36.605+0000] {processor.py:925} INFO - DAG(s) 'airbyte_to_dbt_pipeline_prod' retrieved from /opt/airflow/dags/prod/airbyte_to_dbt_prod.py
[2026-08-27T11:39:36.724+0000] {logging_mixin.py:190} INFO - [2026-08-27T11:39:36.724+0000] {dag.py:3239} INFO - Sync 1 DAGs
[2026-08-27T11:39:36.792+0000] {logging_mixin.py:190} INFO - [2026-08-27T11:39:36.792+0000] {dag.py:4180} INFO - Setting next_dagrun for airbyte_to_dbt_pipeline_prod to 2026-08-27 10:00:00+00:00, run_after=2026-08-27 11:00:00+00:00
[2026-08-27T11:39:36.813+0000] {processor.py:208} INFO - Processing /opt/airflow/dags/prod/airbyte_to_dbt_prod.py took 0.557 seconds
[2026-08-27T11:40:07.102+0000] {processor.py:186} INFO - Started process (PID=1396) to work on /opt/airflow/dags/prod/airbyte_to_dbt_prod.py
[2026-08-27T11:40:07.103+0000] {processor.py:914} INFO - Processing file /opt/airflow/dags/prod/airbyte_to_dbt_prod.py for tasks to queue
[2026-08-27T11:40:07.106+0000] {logging_mixin.py:190} INFO - [2026-08-27T11:40:07.106+0000] {dagbag.py:588} INFO - Filling up the DagBag from /opt/airflow/dags/prod/airbyte_to_dbt_prod.py
[2026-08-27T11:40:07.258+0000] {processor.py:925} INFO - DAG(s) 'airbyte_to_dbt_pipeline_prod' retrieved from /opt/airflow/dags/prod/airbyte_to_dbt_prod.py
[2026-08-27T11:40:07.346+0000] {logging_mixin.py:190} INFO - [2026-08-27T11:40:07.345+0000] {dag.py:3239} INFO - Sync 1 DAGs
[2026-08-27T11:40:07.396+0000] {logging_mixin.py:190} INFO - [2026-08-27T11:40:07.396+0000] {dag.py:4180} INFO - Setting next_dagrun for airbyte_to_dbt_pipeline_prod to 2026-08-27 10:00:00+00:00, run_after=2026-08-27 11:00:00+00:00
[2026-08-27T11:40:07.428+0000] {processor.py:208} INFO - Processing /opt/airflow/dags/prod/airbyte_to_dbt_prod.py took 0.428 seconds
[2026-08-27T11:40:37.585+0000] {processor.py:186} INFO - Started process (PID=1406) to work on /opt/airflow/dags/prod/airbyte_to_dbt_prod.py
[2026-08-27T11:40:37.585+0000] {processor.py:914} INFO - Processing file /opt/airflow/dags/prod/airbyte_to_dbt_prod.py for tasks to queue
[2026-08-27T11:40:37.588+0000] {logging_mixin.py:190} INFO - [2026-08-27T11:40:37.588+0000] {dagbag.py:588} INFO - Filling up the DagBag from /opt/airflow/dags/prod/airbyte_to_dbt_prod.py
[2026-08-27T11:40:37.613+0000] {processor.py:925} INFO - DAG(s) 'airbyte_to_dbt_pipeline_prod' retrieved from /opt/airflow/dags/prod/airbyte_to_dbt_prod.py
[2026-08-27T11:40:37.653+0000] {logging_mixin.py:190} INFO - [2026-08-27T11:40:37.653+0000] {dag.py:3239} INFO - Sync 1 DAGs
[2026-08-27T11:40:37.690+0000] {logging_mixin.py:190} INFO - [2026-08-27T11:40:37.690+0000] {dag.py:4180} INFO - Setting next_dagrun for airbyte_to_dbt_pipeline_prod to 2026-08-27 10:00:00+00:00, run_after=2026-08-27 11:00:00+00:00
[2026-08-27T11:40:37.720+0000] {processor.py:208} INFO - Processing /opt/airflow/dags/prod/airbyte_to_dbt_prod.py took 0.143 seconds
[2026-08-27T11:41:07.882+0000] {processor.py:186} INFO - Started process (PID=1416) to work on /opt/airflow/dags/prod/airbyte_to_dbt_prod.py
[2026-08-27T11:41:07.884+0000] {processor.py:914} INFO - Processing file /opt/airflow/dags/prod/airbyte_to_dbt_prod.py for tasks to queue
[2026-08-27T11:41:07.887+0000] {logging_mixin.py:190} INFO - [2026-08-27T11:41:07.887+0000] {dagbag.py:588} INFO - Filling up the DagBag from /opt/airflow/dags/prod/airbyte_to_dbt_prod.py
[2026-08-27T11:41:07.916+0000] {processor.py:925} INFO - DAG(s) 'airbyte_to_dbt_pipeline_prod' retrieved from /opt/airflow/dags/prod/airbyte_to_dbt_prod.py
[2026-08-27T11:41:07.961+0000] {logging_mixin.py:190} INFO - [2026-08-27T11:41:07.961+0000] {dag.py:3239} INFO - Sync 1 DAGs
[2026-08-27T11:41:07.992+0000] {logging_mixin.py:190} INFO - [2026-08-27T11:41:07.992+0000] {dag.py:4180} INFO - Setting next_dagrun for airbyte_to_dbt_pipeline_prod to 2026-08-27 10:00:00+00:00, run_after=2026-08-27 11:00:00+00:00
[2026-08-27T11:41:08.018+0000] {processor.py:208} INFO - Processing /opt/airflow/dags/prod/airbyte_to_dbt_prod.py took 0.144 seconds
[2026-08-27T11:41:38.191+0000] {processor.py:186} INFO - Started process (PID=1426) to work on /opt/airflow/dags/prod/airbyte_to_dbt_prod.py
[2026-08-27T11:41:38.192+0000] {processor.py:914} INFO - Processing file /opt/airflow/dags/prod/airbyte_to_dbt_prod.py for tasks to queue
[2026-08-27T11:41:38.195+0000] {logging_mixin.py:190} INFO - [2026-08-27T11:41:38.195+0000] {dagbag.py:588} INFO - Filling up the DagBag from /opt/airflow/dags/prod/airbyte_to_dbt_prod.py
[2026-08-27T11:41:38.219+0000] {processor.py:925} INFO - DAG(s) 'airbyte_to_dbt_pipeline_prod' retrieved from /opt/airflow/dags/prod/airbyte_to_dbt_prod.py
[2026-08-27T11:41:38.269+0000] {logging_mixin.py:190} INFO - [2026-08-27T11:41:38.269+0000] {dag.py:3239} INFO - Sync 1 DAGs
[2026-08-27T11:41:38.307+0000] {logging_mixin.py:190} INFO - [2026-08-27T11:41:38.307+0000] {dag.py:4180} INFO - Setting next_dagrun for airbyte_to_dbt_pipeline_prod to 2026-08-27 10:00:00+00:00, run_after=2026-08-27 11:00:00+00:00
[2026-08-27T11:41:38.332+0000] {processor.py:208} INFO - Processing /opt/airflow/dags/prod/airbyte_to_dbt_prod.py took 0.148 seconds
[2026-08-27T11:42:08.517+0000] {processor.py:186} INFO - Started process (PID=1436) to work on /opt/airflow/dags/prod/airbyte_to_dbt_prod.py
[2026-08-27T11:42:08.519+0000] {processor.py:914} INFO - Processing file /opt/airflow/dags/prod/airbyte_to_dbt_prod.py for tasks to queue
[2026-08-27T11:42:08.523+0000] {logging_mixin.py:190} INFO - [2026-08-27T11:42:08.523+0000] {dagbag.py:588} INFO - Filling up the DagBag from /opt/airflow/dags/prod/airbyte_to_dbt_prod.py
[2026-08-27T11:42:08.561+0000] {processor.py:925} INFO - DAG(s) 'airbyte_to_dbt_pipeline_prod' retrieved from /opt/airflow/dags/prod/airbyte_to_dbt_prod.py
[2026-08-27T11:42:08.668+0000] {logging_mixin.py:190} INFO - [2026-08-27T11:42:08.668+0000] {dag.py:3239} INFO - Sync 1 DAGs
[2026-08-27T11:42:08.710+0000] {logging_mixin.py:190} INFO - [2026-08-27T11:42:08.710+0000] {dag.py:4180} INFO - Setting next_dagrun for airbyte_to_dbt_pipeline_prod to 2026-08-27 10:00:00+00:00, run_after=2026-08-27 11:00:00+00:00
[2026-08-27T11:42:08.740+0000] {processor.py:208} INFO - Processing /opt/airflow/dags/prod/airbyte_to_dbt_prod.py took 0.236 seconds
[2026-08-27T11:42:38.892+0000] {processor.py:186} INFO - Started process (PID=1446) to work on /opt/airflow/dags/prod/airbyte_to_dbt_prod.py
[2026-08-27T11:42:38.893+0000] {processor.py:914} INFO - Processing file /opt/airflow/dags/prod/airbyte_to_dbt_prod.py for tasks to queue
[2026-08-27T11:42:38.897+0000] {logging_mixin.py:190} INFO - [2026-08-27T11:42:38.896+0000] {dagbag.py:588} INFO - Filling up the DagBag from /opt/airflow/dags/prod/airbyte_to_dbt_prod.py
[2026-08-27T11:42:38.920+0000] {processor.py:925} INFO - DAG(s) 'airbyte_to_dbt_pipeline_prod' retrieved from /opt/airflow/dags/prod/airbyte_to_dbt_prod.py
[2026-08-27T11:42:38.959+0000] {logging_mixin.py:190} INFO - [2026-08-27T11:42:38.958+0000] {dag.py:3239} INFO - Sync 1 DAGs
[2026-08-27T11:42:38.994+0000] {logging_mixin.py:190} INFO - [2026-08-27T11:42:38.994+0000] {dag.py:4180} INFO - Setting next_dagrun for airbyte_to_dbt_pipeline_prod to 2026-08-27 10:00:00+00:00, run_after=2026-08-27 11:00:00+00:00
[2026-08-27T11:42:39.018+0000] {processor.py:208} INFO - Processing /opt/airflow/dags/prod/airbyte_to_dbt_prod.py took 0.134 seconds
[2026-08-27T11:43:09.174+0000] {processor.py:186} INFO - Started process (PID=1456) to work on /opt/airflow/dags/prod/airbyte_to_dbt_prod.py
[2026-08-27T11:43:09.176+0000] {processor.py:914} INFO - Processing file /opt/airflow/dags/prod/airbyte_to_dbt_prod.py for tasks to queue
[2026-08-27T11:43:09.180+0000] {logging_mixin.py:190} INFO - [2026-08-27T11:43:09.179+0000] {dagbag.py:588} INFO - Filling up the DagBag from /opt/airflow/dags/prod/airbyte_to_dbt_prod.py
[2026-08-27T11:43:09.210+0000] {processor.py:925} INFO - DAG(s) 'airbyte_to_dbt_pipeline_prod' retrieved from /opt/airflow/dags/prod/airbyte_to_dbt_prod.py
[2026-08-27T11:43:09.247+0000] {logging_mixin.py:190} INFO - [2026-08-27T11:43:09.247+0000] {dag.py:3239} INFO - Sync 1 DAGs
[2026-08-27T11:43:09.275+0000] {logging_mixin.py:190} INFO - [2026-08-27T11:43:09.274+0000] {dag.py:4180} INFO - Setting next_dagrun for airbyte_to_dbt_pipeline_prod to 2026-08-27 10:00:00+00:00, run_after=2026-08-27 11:00:00+00:00
[2026-08-27T11:43:09.297+0000] {processor.py:208} INFO - Processing /opt/airflow/dags/prod/airbyte_to_dbt_prod.py took 0.134 seconds
[2026-08-27T11:43:39.465+0000] {processor.py:186} INFO - Started process (PID=1466) to work on /opt/airflow/dags/prod/airbyte_to_dbt_prod.py
[2026-08-27T11:43:39.465+0000] {processor.py:914} INFO - Processing file /opt/airflow/dags/prod/airbyte_to_dbt_prod.py for tasks to queue
[2026-08-27T11:43:39.468+0000] {logging_mixin.py:190} INFO - [2026-08-27T11:43:39.468+0000] {dagbag.py:588} INFO - Filling up the DagBag from /opt/airflow/dags/prod/airbyte_to_dbt_prod.py
[2026-08-27T11:43:39.493+0000] {processor.py:925} INFO - DAG(s) 'airbyte_to_dbt_pipeline_prod' retrieved from /opt/airflow/dags/prod/airbyte_to_dbt_prod.py
[2026-08-27T11:43:39.533+0000] {logging_mixin.py:190} INFO - [2026-08-27T11:43:39.532+0000] {dag.py:3239} INFO - Sync 1 DAGs
[2026-08-27T11:43:39.569+0000] {logging_mixin.py:190} INFO - [2026-08-27T11:43:39.568+0000] {dag.py:4180} INFO - Setting next_dagrun for airbyte_to_dbt_pipeline_prod to 2026-08-27 10:00:00+00:00, run_after=2026-08-27 11:00:00+00:00
[2026-08-27T11:43:39.591+0000] {processor.py:208} INFO - Processing /opt/airflow/dags/prod/airbyte_to_dbt_prod.py took 0.136 seconds
[2026-08-27T11:44:09.746+0000] {processor.py:186} INFO - Started process (PID=1476) to work on /opt/airflow/dags/prod/airbyte_to_dbt_prod.py
[2026-08-27T11:44:09.747+0000] {processor.py:914} INFO - Processing file /opt/airflow/dags/prod/airbyte_to_dbt_prod.py for tasks to queue
[2026-08-27T11:44:09.750+0000] {logging_mixin.py:190} INFO - [2026-08-27T11:44:09.749+0000] {dagbag.py:588} INFO - Filling up the DagBag from /opt/airflow/dags/prod/airbyte_to_dbt_prod.py
[2026-08-27T11:44:09.773+0000] {processor.py:925} INFO - DAG(s) 'airbyte_to_dbt_pipeline_prod' retrieved from /opt/airflow/dags/prod/airbyte_to_dbt_prod.py
[2026-08-27T11:44:09.817+0000] {logging_mixin.py:190} INFO - [2026-08-27T11:44:09.816+0000] {dag.py:3239} INFO - Sync 1 DAGs
[2026-08-27T11:44:09.845+0000] {logging_mixin.py:190} INFO - [2026-08-27T11:44:09.845+0000] {dag.py:4180} INFO - Setting next_dagrun for airbyte_to_dbt_pipeline_prod to 2026-08-27 10:00:00+00:00, run_after=2026-08-27 11:00:00+00:00
[2026-08-27T11:44:09.868+0000] {processor.py:208} INFO - Processing /opt/airflow/dags/prod/airbyte_to_dbt_prod.py took 0.132 seconds
[2026-08-27T11:44:40.041+0000] {processor.py:186} INFO - Started process (PID=1486) to work on /opt/airflow/dags/prod/airbyte_to_dbt_prod.py
[2026-08-27T11:44:40.042+0000] {processor.py:914} INFO - Processing file /opt/airflow/dags/prod/airbyte_to_dbt_prod.py for tasks to queue
[2026-08-27T11:44:40.045+0000] {logging_mixin.py:190} INFO - [2026-08-27T11:44:40.044+0000] {dagbag.py:588} INFO - Filling up the DagBag from /opt/airflow/dags/prod/airbyte_to_dbt_prod.py
[2026-08-27T11:44:40.067+0000] {processor.py:925} INFO - DAG(s) 'airbyte_to_dbt_pipeline_prod' retrieved from /opt/airflow/dags/prod/airbyte_to_dbt_prod.py
[2026-08-27T11:44:40.107+0000] {logging_mixin.py:190} INFO - [2026-08-27T11:44:40.107+0000] {dag.py:3239} INFO - Sync 1 DAGs
[2026-08-27T11:44:40.142+0000] {logging_mixin.py:190} INFO - [2026-08-27T11:44:40.142+0000] {dag.py:4180} INFO - Setting next_dagrun for airbyte_to_dbt_pipeline_prod to 2026-08-27 10:00:00+00:00, run_after=2026-08-27 11:00:00+00:00
[2026-08-27T11:44:40.167+0000] {processor.py:208} INFO - Processing /opt/airflow/dags/prod/airbyte_to_dbt_prod.py took 0.135 seconds
[2026-08-27T11:45:10.335+0000] {processor.py:186} INFO - Started process (PID=1496) to work on /opt/airflow/dags/prod/airbyte_to_dbt_prod.py
[2026-08-27T11:45:10.336+0000] {processor.py:914} INFO - Processing file /opt/airflow/dags/prod/airbyte_to_dbt_prod.py for tasks to queue
[2026-08-27T11:45:10.339+0000] {logging_mixin.py:190} INFO - [2026-08-27T11:45:10.339+0000] {dagbag.py:588} INFO - Filling up the DagBag from /opt/airflow/dags/prod/airbyte_to_dbt_prod.py
[2026-08-27T11:45:10.361+0000] {processor.py:925} INFO - DAG(s) 'airbyte_to_dbt_pipeline_prod' retrieved from /opt/airflow/dags/prod/airbyte_to_dbt_prod.py
[2026-08-27T11:45:10.402+0000] {logging_mixin.py:190} INFO - [2026-08-27T11:45:10.402+0000] {dag.py:3239} INFO - Sync 1 DAGs
[2026-08-27T11:45:10.435+0000] {logging_mixin.py:190} INFO - [2026-08-27T11:45:10.435+0000] {dag.py:4180} INFO - Setting next_dagrun for airbyte_to_dbt_pipeline_prod to 2026-08-27 10:00:00+00:00, run_after=2026-08-27 11:00:00+00:00
[2026-08-27T11:45:10.459+0000] {processor.py:208} INFO - Processing /opt/airflow/dags/prod/airbyte_to_dbt_prod.py took 0.132 seconds
[2026-08-27T11:45:40.658+0000] {processor.py:186} INFO - Started process (PID=1505) to work on /opt/airflow/dags/prod/airbyte_to_dbt_prod.py
[2026-08-27T11:45:40.660+0000] {processor.py:914} INFO - Processing file /opt/airflow/dags/prod/airbyte_to_dbt_prod.py for tasks to queue
[2026-08-27T11:45:40.665+0000] {logging_mixin.py:190} INFO - [2026-08-27T11:45:40.665+0000] {dagbag.py:588} INFO - Filling up the DagBag from /opt/airflow/dags/prod/airbyte_to_dbt_prod.py
[2026-08-27T11:45:40.699+0000] {processor.py:925} INFO - DAG(s) 'airbyte_to_dbt_pipeline_prod' retrieved from /opt/airflow/dags/prod/airbyte_to_dbt_prod.py
[2026-08-27T11:45:40.767+0000] {logging_mixin.py:190} INFO - [2026-08-27T11:45:40.766+0000] {dag.py:3239} INFO - Sync 1 DAGs
[2026-08-27T11:45:40.816+0000] {logging_mixin.py:190} INFO - [2026-08-27T11:45:40.815+0000] {dag.py:4180} INFO - Setting next_dagrun for airbyte_to_dbt_pipeline_prod to 2026-08-27 10:00:00+00:00, run_after=2026-08-27 11:00:00+00:00
[2026-08-27T11:45:40.848+0000] {processor.py:208} INFO - Processing /opt/airflow/dags/prod/airbyte_to_dbt_prod.py took 0.203 seconds
[2026-08-27T11:46:11.008+0000] {processor.py:186} INFO - Started process (PID=1516) to work on /opt/airflow/dags/prod/airbyte_to_dbt_prod.py
[2026-08-27T11:46:11.010+0000] {processor.py:914} INFO - Processing file /opt/airflow/dags/prod/airbyte_to_dbt_prod.py for tasks to queue
[2026-08-27T11:46:11.017+0000] {logging_mixin.py:190} INFO - [2026-08-27T11:46:11.016+0000] {dagbag.py:588} INFO - Filling up the DagBag from /opt/airflow/dags/prod/airbyte_to_dbt_prod.py
[2026-08-27T11:46:11.054+0000] {processor.py:925} INFO - DAG(s) 'airbyte_to_dbt_pipeline_prod' retrieved from /opt/airflow/dags/prod/airbyte_to_dbt_prod.py
[2026-08-27T11:46:11.174+0000] {logging_mixin.py:190} INFO - [2026-08-27T11:46:11.174+0000] {dag.py:3239} INFO - Sync 1 DAGs
[2026-08-27T11:46:11.312+0000] {logging_mixin.py:190} INFO - [2026-08-27T11:46:11.312+0000] {dag.py:4180} INFO - Setting next_dagrun for airbyte_to_dbt_pipeline_prod to 2026-08-27 10:00:00+00:00, run_after=2026-08-27 11:00:00+00:00
[2026-08-27T11:46:11.338+0000] {processor.py:208} INFO - Processing /opt/airflow/dags/prod/airbyte_to_dbt_prod.py took 0.343 seconds
[2026-08-27T11:46:41.518+0000] {processor.py:186} INFO - Started process (PID=1526) to work on /opt/airflow/dags/prod/airbyte_to_dbt_prod.py
[2026-08-27T11:46:41.520+0000] {processor.py:914} INFO - Processing file /opt/airflow/dags/prod/airbyte_to_dbt_prod.py for tasks to queue
[2026-08-27T11:46:41.524+0000] {logging_mixin.py:190} INFO - [2026-08-27T11:46:41.523+0000] {dagbag.py:588} INFO - Filling up the DagBag from /opt/airflow/dags/prod/airbyte_to_dbt_prod.py
[2026-08-27T11:46:41.554+0000] {processor.py:925} INFO - DAG(s) 'airbyte_to_dbt_pipeline_prod' retrieved from /opt/airflow/dags/prod/airbyte_to_dbt_prod.py
[2026-08-27T11:46:41.597+0000] {logging_mixin.py:190} INFO - [2026-08-27T11:46:41.597+0000] {dag.py:3239} INFO - Sync 1 DAGs
[2026-08-27T11:46:41.631+0000] {logging_mixin.py:190} INFO - [2026-08-27T11:46:41.631+0000] {dag.py:4180} INFO - Setting next_dagrun for airbyte_to_dbt_pipeline_prod to 2026-08-27 10:00:00+00:00, run_after=2026-08-27 11:00:00+00:00
[2026-08-27T11:46:41.653+0000] {processor.py:208} INFO - Processing /opt/airflow/dags/prod/airbyte_to_dbt_prod.py took 0.145 seconds
[2026-08-27T11:47:11.810+0000] {processor.py:186} INFO - Started process (PID=1536) to work on /opt/airflow/dags/prod/airbyte_to_dbt_prod.py
[2026-08-27T11:47:11.811+0000] {processor.py:914} INFO - Processing file /opt/airflow/dags/prod/airbyte_to_dbt_prod.py for tasks to queue
[2026-08-27T11:47:11.815+0000] {logging_mixin.py:190} INFO - [2026-08-27T11:47:11.814+0000] {dagbag.py:588} INFO - Filling up the DagBag from /opt/airflow/dags/prod/airbyte_to_dbt_prod.py
[2026-08-27T11:47:11.836+0000] {processor.py:925} INFO - DAG(s) 'airbyte_to_dbt_pipeline_prod' retrieved from /opt/airflow/dags/prod/airbyte_to_dbt_prod.py
[2026-08-27T11:47:11.889+0000] {logging_mixin.py:190} INFO - [2026-08-27T11:47:11.889+0000] {dag.py:3239} INFO - Sync 1 DAGs
[2026-08-27T11:47:11.947+0000] {logging_mixin.py:190} INFO - [2026-08-27T11:47:11.946+0000] {dag.py:4180} INFO - Setting next_dagrun for airbyte_to_dbt_pipeline_prod to 2026-08-27 10:00:00+00:00, run_after=2026-08-27 11:00:00+00:00
[2026-08-27T11:47:11.996+0000] {processor.py:208} INFO - Processing /opt/airflow/dags/prod/airbyte_to_dbt_prod.py took 0.195 seconds
[2026-08-27T11:47:42.161+0000] {processor.py:186} INFO - Started process (PID=1546) to work on /opt/airflow/dags/prod/airbyte_to_dbt_prod.py
[2026-08-27T11:47:42.162+0000] {processor.py:914} INFO - Processing file /opt/airflow/dags/prod/airbyte_to_dbt_prod.py for tasks to queue
[2026-08-27T11:47:42.165+0000] {logging_mixin.py:190} INFO - [2026-08-27T11:47:42.165+0000] {dagbag.py:588} INFO - Filling up the DagBag from /opt/airflow/dags/prod/airbyte_to_dbt_prod.py
[2026-08-27T11:47:42.189+0000] {processor.py:925} INFO - DAG(s) 'airbyte_to_dbt_pipeline_prod' retrieved from /opt/airflow/dags/prod/airbyte_to_dbt_prod.py
[2026-08-27T11:47:42.242+0000] {logging_mixin.py:190} INFO - [2026-08-27T11:47:42.241+0000] {dag.py:3239} INFO - Sync 1 DAGs
[2026-08-27T11:47:42.281+0000] {logging_mixin.py:190} INFO - [2026-08-27T11:47:42.281+0000] {dag.py:4180} INFO - Setting next_dagrun for airbyte_to_dbt_pipeline_prod to 2026-08-27 10:00:00+00:00, run_after=2026-08-27 11:00:00+00:00
[2026-08-27T11:47:42.304+0000] {processor.py:208} INFO - Processing /opt/airflow/dags/prod/airbyte_to_dbt_prod.py took 0.151 seconds
[2026-08-27T11:48:12.469+0000] {processor.py:186} INFO - Started process (PID=1556) to work on /opt/airflow/dags/prod/airbyte_to_dbt_prod.py
[2026-08-27T11:48:12.470+0000] {processor.py:914} INFO - Processing file /opt/airflow/dags/prod/airbyte_to_dbt_prod.py for tasks to queue
[2026-08-27T11:48:12.474+0000] {logging_mixin.py:190} INFO - [2026-08-27T11:48:12.474+0000] {dagbag.py:588} INFO - Filling up the DagBag from /opt/airflow/dags/prod/airbyte_to_dbt_prod.py
[2026-08-27T11:48:12.500+0000] {processor.py:925} INFO - DAG(s) 'airbyte_to_dbt_pipeline_prod' retrieved from /opt/airflow/dags/prod/airbyte_to_dbt_prod.py
[2026-08-27T11:48:12.543+0000] {logging_mixin.py:190} INFO - [2026-08-27T11:48:12.542+0000] {dag.py:3239} INFO - Sync 1 DAGs
[2026-08-27T11:48:12.577+0000] {logging_mixin.py:190} INFO - [2026-08-27T11:48:12.576+0000] {dag.py:4180} INFO - Setting next_dagrun for airbyte_to_dbt_pipeline_prod to 2026-08-27 10:00:00+00:00, run_after=2026-08-27 11:00:00+00:00
[2026-08-27T11:48:12.603+0000] {processor.py:208} INFO - Processing /opt/airflow/dags/prod/airbyte_to_dbt_prod.py took 0.145 seconds
[2026-08-27T11:48:42.773+0000] {processor.py:186} INFO - Started process (PID=1566) to work on /opt/airflow/dags/prod/airbyte_to_dbt_prod.py
[2026-08-27T11:48:42.774+0000] {processor.py:914} INFO - Processing file /opt/airflow/dags/prod/airbyte_to_dbt_prod.py for tasks to queue
[2026-08-27T11:48:42.777+0000] {logging_mixin.py:190} INFO - [2026-08-27T11:48:42.777+0000] {dagbag.py:588} INFO - Filling up the DagBag from /opt/airflow/dags/prod/airbyte_to_dbt_prod.py
[2026-08-27T11:48:42.802+0000] {processor.py:925} INFO - DAG(s) 'airbyte_to_dbt_pipeline_prod' retrieved from /opt/airflow/dags/prod/airbyte_to_dbt_prod.py
[2026-08-27T11:48:42.854+0000] {logging_mixin.py:190} INFO - [2026-08-27T11:48:42.854+0000] {dag.py:3239} INFO - Sync 1 DAGs
[2026-08-27T11:48:42.890+0000] {logging_mixin.py:190} INFO - [2026-08-27T11:48:42.890+0000] {dag.py:4180} INFO - Setting next_dagrun for airbyte_to_dbt_pipeline_prod to 2026-08-27 10:00:00+00:00, run_after=2026-08-27 11:00:00+00:00
[2026-08-27T11:48:42.914+0000] {processor.py:208} INFO - Processing /opt/airflow/dags/prod/airbyte_to_dbt_prod.py took 0.150 seconds
[2026-08-27T11:49:13.092+0000] {processor.py:186} INFO - Started process (PID=1576) to work on /opt/airflow/dags/prod/airbyte_to_dbt_prod.py
[2026-08-27T11:49:13.110+0000] {processor.py:914} INFO - Processing file /opt/airflow/dags/prod/airbyte_to_dbt_prod.py for tasks to queue
[2026-08-27T11:49:13.113+0000] {logging_mixin.py:190} INFO - [2026-08-27T11:49:13.113+0000] {dagbag.py:588} INFO - Filling up the DagBag from /opt/airflow/dags/prod/airbyte_to_dbt_prod.py
[2026-08-27T11:49:13.137+0000] {processor.py:925} INFO - DAG(s) 'airbyte_to_dbt_pipeline_prod' retrieved from /opt/airflow/dags/prod/airbyte_to_dbt_prod.py
[2026-08-27T11:49:13.183+0000] {logging_mixin.py:190} INFO - [2026-08-27T11:49:13.183+0000] {dag.py:3239} INFO - Sync 1 DAGs
[2026-08-27T11:49:13.215+0000] {logging_mixin.py:190} INFO - [2026-08-27T11:49:13.215+0000] {dag.py:4180} INFO - Setting next_dagrun for airbyte_to_dbt_pipeline_prod to 2026-08-27 10:00:00+00:00, run_after=2026-08-27 11:00:00+00:00
[2026-08-27T11:49:13.265+0000] {processor.py:208} INFO - Processing /opt/airflow/dags/prod/airbyte_to_dbt_prod.py took 0.182 seconds
[2026-08-27T11:49:43.414+0000] {processor.py:186} INFO - Started process (PID=1586) to work on /opt/airflow/dags/prod/airbyte_to_dbt_prod.py
[2026-08-27T11:49:43.415+0000] {processor.py:914} INFO - Processing file /opt/airflow/dags/prod/airbyte_to_dbt_prod.py for tasks to queue
[2026-08-27T11:49:43.418+0000] {logging_mixin.py:190} INFO - [2026-08-27T11:49:43.418+0000] {dagbag.py:588} INFO - Filling up the DagBag from /opt/airflow/dags/prod/airbyte_to_dbt_prod.py
[2026-08-27T11:49:43.445+0000] {processor.py:925} INFO - DAG(s) 'airbyte_to_dbt_pipeline_prod' retrieved from /opt/airflow/dags/prod/airbyte_to_dbt_prod.py
[2026-08-27T11:49:43.498+0000] {logging_mixin.py:190} INFO - [2026-08-27T11:49:43.497+0000] {dag.py:3239} INFO - Sync 1 DAGs
[2026-08-27T11:49:43.536+0000] {logging_mixin.py:190} INFO - [2026-08-27T11:49:43.535+0000] {dag.py:4180} INFO - Setting next_dagrun for airbyte_to_dbt_pipeline_prod to 2026-08-27 10:00:00+00:00, run_after=2026-08-27 11:00:00+00:00
[2026-08-27T11:49:43.559+0000] {processor.py:208} INFO - Processing /opt/airflow/dags/prod/airbyte_to_dbt_prod.py took 0.154 seconds
[2026-08-27T11:50:13.717+0000] {processor.py:186} INFO - Started process (PID=1596) to work on /opt/airflow/dags/prod/airbyte_to_dbt_prod.py
[2026-08-27T11:50:13.718+0000] {processor.py:914} INFO - Processing file /opt/airflow/dags/prod/airbyte_to_dbt_prod.py for tasks to queue
[2026-08-27T11:50:13.722+0000] {logging_mixin.py:190} INFO - [2026-08-27T11:50:13.721+0000] {dagbag.py:588} INFO - Filling up the DagBag from /opt/airflow/dags/prod/airbyte_to_dbt_prod.py
[2026-08-27T11:50:13.748+0000] {processor.py:925} INFO - DAG(s) 'airbyte_to_dbt_pipeline_prod' retrieved from /opt/airflow/dags/prod/airbyte_to_dbt_prod.py
[2026-08-27T11:50:13.804+0000] {logging_mixin.py:190} INFO - [2026-08-27T11:50:13.803+0000] {dag.py:3239} INFO - Sync 1 DAGs
[2026-08-27T11:50:13.845+0000] {logging_mixin.py:190} INFO - [2026-08-27T11:50:13.844+0000] {dag.py:4180} INFO - Setting next_dagrun for airbyte_to_dbt_pipeline_prod to 2026-08-27 10:00:00+00:00, run_after=2026-08-27 11:00:00+00:00
[2026-08-27T11:50:13.872+0000] {processor.py:208} INFO - Processing /opt/airflow/dags/prod/airbyte_to_dbt_prod.py took 0.165 seconds
[2026-08-27T11:50:44.032+0000] {processor.py:186} INFO - Started process (PID=1606) to work on /opt/airflow/dags/prod/airbyte_to_dbt_prod.py
[2026-08-27T11:50:44.033+0000] {processor.py:914} INFO - Processing file /opt/airflow/dags/prod/airbyte_to_dbt_prod.py for tasks to queue
[2026-08-27T11:50:44.037+0000] {logging_mixin.py:190} INFO - [2026-08-27T11:50:44.036+0000] {dagbag.py:588} INFO - Filling up the DagBag from /opt/airflow/dags/prod/airbyte_to_dbt_prod.py
[2026-08-27T11:50:44.065+0000] {processor.py:925} INFO - DAG(s) 'airbyte_to_dbt_pipeline_prod' retrieved from /opt/airflow/dags/prod/airbyte_to_dbt_prod.py
[2026-08-27T11:50:44.128+0000] {logging_mixin.py:190} INFO - [2026-08-27T11:50:44.127+0000] {dag.py:3239} INFO - Sync 1 DAGs
[2026-08-27T11:50:44.176+0000] {logging_mixin.py:190} INFO - [2026-08-27T11:50:44.175+0000] {dag.py:4180} INFO - Setting next_dagrun for airbyte_to_dbt_pipeline_prod to 2026-08-27 10:00:00+00:00, run_after=2026-08-27 11:00:00+00:00
[2026-08-27T11:50:44.205+0000] {processor.py:208} INFO - Processing /opt/airflow/dags/prod/airbyte_to_dbt_prod.py took 0.184 seconds
[2026-08-27T11:51:14.357+0000] {processor.py:186} INFO - Started process (PID=1616) to work on /opt/airflow/dags/prod/airbyte_to_dbt_prod.py
[2026-08-27T11:51:14.359+0000] {processor.py:914} INFO - Processing file /opt/airflow/dags/prod/airbyte_to_dbt_prod.py for tasks to queue
[2026-08-27T11:51:14.364+0000] {logging_mixin.py:190} INFO - [2026-08-27T11:51:14.363+0000] {dagbag.py:588} INFO - Filling up the DagBag from /opt/airflow/dags/prod/airbyte_to_dbt_prod.py
[2026-08-27T11:51:14.397+0000] {processor.py:925} INFO - DAG(s) 'airbyte_to_dbt_pipeline_prod' retrieved from /opt/airflow/dags/prod/airbyte_to_dbt_prod.py
[2026-08-27T11:51:14.453+0000] {logging_mixin.py:190} INFO - [2026-08-27T11:51:14.453+0000] {dag.py:3239} INFO - Sync 1 DAGs
[2026-08-27T11:51:14.504+0000] {logging_mixin.py:190} INFO - [2026-08-27T11:51:14.504+0000] {dag.py:4180} INFO - Setting next_dagrun for airbyte_to_dbt_pipeline_prod to 2026-08-27 10:00:00+00:00, run_after=2026-08-27 11:00:00+00:00
[2026-08-27T11:51:14.528+0000] {processor.py:208} INFO - Processing /opt/airflow/dags/prod/airbyte_to_dbt_prod.py took 0.182 seconds
[2026-08-27T11:51:44.697+0000] {processor.py:186} INFO - Started process (PID=1626) to work on /opt/airflow/dags/prod/airbyte_to_dbt_prod.py
[2026-08-27T11:51:44.698+0000] {processor.py:914} INFO - Processing file /opt/airflow/dags/prod/airbyte_to_dbt_prod.py for tasks to queue
[2026-08-27T11:51:44.702+0000] {logging_mixin.py:190} INFO - [2026-08-27T11:51:44.701+0000] {dagbag.py:588} INFO - Filling up the DagBag from /opt/airflow/dags/prod/airbyte_to_dbt_prod.py
[2026-08-27T11:51:44.724+0000] {processor.py:925} INFO - DAG(s) 'airbyte_to_dbt_pipeline_prod' retrieved from /opt/airflow/dags/prod/airbyte_to_dbt_prod.py
[2026-08-27T11:51:44.770+0000] {logging_mixin.py:190} INFO - [2026-08-27T11:51:44.770+0000] {dag.py:3239} INFO - Sync 1 DAGs
[2026-08-27T11:51:44.805+0000] {logging_mixin.py:190} INFO - [2026-08-27T11:51:44.804+0000] {dag.py:4180} INFO - Setting next_dagrun for airbyte_to_dbt_pipeline_prod to 2026-08-27 10:00:00+00:00, run_after=2026-08-27 11:00:00+00:00
[2026-08-27T11:51:44.828+0000] {processor.py:208} INFO - Processing /opt/airflow/dags/prod/airbyte_to_dbt_prod.py took 0.141 seconds
[2026-08-27T11:52:15.013+0000] {processor.py:186} INFO - Started process (PID=1636) to work on /opt/airflow/dags/prod/airbyte_to_dbt_prod.py
[2026-08-27T11:52:15.015+0000] {processor.py:914} INFO - Processing file /opt/airflow/dags/prod/airbyte_to_dbt_prod.py for tasks to queue
[2026-08-27T11:52:15.020+0000] {logging_mixin.py:190} INFO - [2026-08-27T11:52:15.019+0000] {dagbag.py:588} INFO - Filling up the DagBag from /opt/airflow/dags/prod/airbyte_to_dbt_prod.py
[2026-08-27T11:52:15.055+0000] {processor.py:925} INFO - DAG(s) 'airbyte_to_dbt_pipeline_prod' retrieved from /opt/airflow/dags/prod/airbyte_to_dbt_prod.py
[2026-08-27T11:52:15.122+0000] {logging_mixin.py:190} INFO - [2026-08-27T11:52:15.122+0000] {dag.py:3239} INFO - Sync 1 DAGs
[2026-08-27T11:52:15.180+0000] {logging_mixin.py:190} INFO - [2026-08-27T11:52:15.180+0000] {dag.py:4180} INFO - Setting next_dagrun for airbyte_to_dbt_pipeline_prod to 2026-08-27 10:00:00+00:00, run_after=2026-08-27 11:00:00+00:00
[2026-08-27T11:52:15.234+0000] {processor.py:208} INFO - Processing /opt/airflow/dags/prod/airbyte_to_dbt_prod.py took 0.231 seconds
[2026-08-27T11:52:45.442+0000] {processor.py:186} INFO - Started process (PID=1645) to work on /opt/airflow/dags/prod/airbyte_to_dbt_prod.py
[2026-08-27T11:52:45.444+0000] {processor.py:914} INFO - Processing file /opt/airflow/dags/prod/airbyte_to_dbt_prod.py for tasks to queue
[2026-08-27T11:52:45.461+0000] {logging_mixin.py:190} INFO - [2026-08-27T11:52:45.459+0000] {dagbag.py:588} INFO - Filling up the DagBag from /opt/airflow/dags/prod/airbyte_to_dbt_prod.py
[2026-08-27T11:52:45.613+0000] {processor.py:925} INFO - DAG(s) 'airbyte_to_dbt_pipeline_prod' retrieved from /opt/airflow/dags/prod/airbyte_to_dbt_prod.py
[2026-08-27T11:52:45.740+0000] {logging_mixin.py:190} INFO - [2026-08-27T11:52:45.740+0000] {dag.py:3239} INFO - Sync 1 DAGs
[2026-08-27T11:52:45.793+0000] {logging_mixin.py:190} INFO - [2026-08-27T11:52:45.793+0000] {dag.py:4180} INFO - Setting next_dagrun for airbyte_to_dbt_pipeline_prod to 2026-08-27 10:00:00+00:00, run_after=2026-08-27 11:00:00+00:00
[2026-08-27T11:52:45.827+0000] {processor.py:208} INFO - Processing /opt/airflow/dags/prod/airbyte_to_dbt_prod.py took 0.415 seconds
[2026-08-27T11:53:16.008+0000] {processor.py:186} INFO - Started process (PID=1656) to work on /opt/airflow/dags/prod/airbyte_to_dbt_prod.py
[2026-08-27T11:53:16.010+0000] {processor.py:914} INFO - Processing file /opt/airflow/dags/prod/airbyte_to_dbt_prod.py for tasks to queue
[2026-08-27T11:53:16.014+0000] {logging_mixin.py:190} INFO - [2026-08-27T11:53:16.013+0000] {dagbag.py:588} INFO - Filling up the DagBag from /opt/airflow/dags/prod/airbyte_to_dbt_prod.py
[2026-08-27T11:53:16.046+0000] {processor.py:925} INFO - DAG(s) 'airbyte_to_dbt_pipeline_prod' retrieved from /opt/airflow/dags/prod/airbyte_to_dbt_prod.py
[2026-08-27T11:53:16.098+0000] {logging_mixin.py:190} INFO - [2026-08-27T11:53:16.097+0000] {dag.py:3239} INFO - Sync 1 DAGs
[2026-08-27T11:53:16.130+0000] {logging_mixin.py:190} INFO - [2026-08-27T11:53:16.130+0000] {dag.py:4180} INFO - Setting next_dagrun for airbyte_to_dbt_pipeline_prod to 2026-08-27 10:00:00+00:00, run_after=2026-08-27 11:00:00+00:00
[2026-08-27T11:53:16.155+0000] {processor.py:208} INFO - Processing /opt/airflow/dags/prod/airbyte_to_dbt_prod.py took 0.158 seconds
[2026-08-27T11:53:46.325+0000] {processor.py:186} INFO - Started process (PID=1666) to work on /opt/airflow/dags/prod/airbyte_to_dbt_prod.py
[2026-08-27T11:53:46.326+0000] {processor.py:914} INFO - Processing file /opt/airflow/dags/prod/airbyte_to_dbt_prod.py for tasks to queue
[2026-08-27T11:53:46.329+0000] {logging_mixin.py:190} INFO - [2026-08-27T11:53:46.329+0000] {dagbag.py:588} INFO - Filling up the DagBag from /opt/airflow/dags/prod/airbyte_to_dbt_prod.py
[2026-08-27T11:53:46.353+0000] {processor.py:925} INFO - DAG(s) 'airbyte_to_dbt_pipeline_prod' retrieved from /opt/airflow/dags/prod/airbyte_to_dbt_prod.py
[2026-08-27T11:53:46.407+0000] {logging_mixin.py:190} INFO - [2026-08-27T11:53:46.407+0000] {dag.py:3239} INFO - Sync 1 DAGs
[2026-08-27T11:53:46.452+0000] {logging_mixin.py:190} INFO - [2026-08-27T11:53:46.451+0000] {dag.py:4180} INFO - Setting next_dagrun for airbyte_to_dbt_pipeline_prod to 2026-08-27 10:00:00+00:00, run_after=2026-08-27 11:00:00+00:00
[2026-08-27T11:53:46.482+0000] {processor.py:208} INFO - Processing /opt/airflow/dags/prod/airbyte_to_dbt_prod.py took 0.166 seconds
[2026-08-27T11:54:16.651+0000] {processor.py:186} INFO - Started process (PID=1676) to work on /opt/airflow/dags/prod/airbyte_to_dbt_prod.py
[2026-08-27T11:54:16.653+0000] {processor.py:914} INFO - Processing file /opt/airflow/dags/prod/airbyte_to_dbt_prod.py for tasks to queue
[2026-08-27T11:54:16.657+0000] {logging_mixin.py:190} INFO - [2026-08-27T11:54:16.656+0000] {dagbag.py:588} INFO - Filling up the DagBag from /opt/airflow/dags/prod/airbyte_to_dbt_prod.py
[2026-08-27T11:54:16.682+0000] {processor.py:925} INFO - DAG(s) 'airbyte_to_dbt_pipeline_prod' retrieved from /opt/airflow/dags/prod/airbyte_to_dbt_prod.py
[2026-08-27T11:54:16.725+0000] {logging_mixin.py:190} INFO - [2026-08-27T11:54:16.725+0000] {dag.py:3239} INFO - Sync 1 DAGs
[2026-08-27T11:54:16.757+0000] {logging_mixin.py:190} INFO - [2026-08-27T11:54:16.757+0000] {dag.py:4180} INFO - Setting next_dagrun for airbyte_to_dbt_pipeline_prod to 2026-08-27 10:00:00+00:00, run_after=2026-08-27 11:00:00+00:00
[2026-08-27T11:54:16.783+0000] {processor.py:208} INFO - Processing /opt/airflow/dags/prod/airbyte_to_dbt_prod.py took 0.141 seconds
[2026-08-27T11:54:46.963+0000] {processor.py:186} INFO - Started process (PID=1686) to work on /opt/airflow/dags/prod/airbyte_to_dbt_prod.py
[2026-08-27T11:54:46.964+0000] {processor.py:914} INFO - Processing file /opt/airflow/dags/prod/airbyte_to_dbt_prod.py for tasks to queue
[2026-08-27T11:54:46.967+0000] {logging_mixin.py:190} INFO - [2026-08-27T11:54:46.967+0000] {dagbag.py:588} INFO - Filling up the DagBag from /opt/airflow/dags/prod/airbyte_to_dbt_prod.py
[2026-08-27T11:54:46.993+0000] {processor.py:925} INFO - DAG(s) 'airbyte_to_dbt_pipeline_prod' retrieved from /opt/airflow/dags/prod/airbyte_to_dbt_prod.py
[2026-08-27T11:54:47.039+0000] {logging_mixin.py:190} INFO - [2026-08-27T11:54:47.038+0000] {dag.py:3239} INFO - Sync 1 DAGs
[2026-08-27T11:54:47.079+0000] {logging_mixin.py:190} INFO - [2026-08-27T11:54:47.079+0000] {dag.py:4180} INFO - Setting next_dagrun for airbyte_to_dbt_pipeline_prod to 2026-08-27 10:00:00+00:00, run_after=2026-08-27 11:00:00+00:00
[2026-08-27T11:54:47.102+0000] {processor.py:208} INFO - Processing /opt/airflow/dags/prod/airbyte_to_dbt_prod.py took 0.150 seconds
[2026-08-27T11:55:17.272+0000] {processor.py:186} INFO - Started process (PID=1696) to work on /opt/airflow/dags/prod/airbyte_to_dbt_prod.py
[2026-08-27T11:55:17.273+0000] {processor.py:914} INFO - Processing file /opt/airflow/dags/prod/airbyte_to_dbt_prod.py for tasks to queue
[2026-08-27T11:55:17.277+0000] {logging_mixin.py:190} INFO - [2026-08-27T11:55:17.276+0000] {dagbag.py:588} INFO - Filling up the DagBag from /opt/airflow/dags/prod/airbyte_to_dbt_prod.py
[2026-08-27T11:55:17.299+0000] {processor.py:925} INFO - DAG(s) 'airbyte_to_dbt_pipeline_prod' retrieved from /opt/airflow/dags/prod/airbyte_to_dbt_prod.py
[2026-08-27T11:55:17.348+0000] {logging_mixin.py:190} INFO - [2026-08-27T11:55:17.348+0000] {dag.py:3239} INFO - Sync 1 DAGs
[2026-08-27T11:55:17.384+0000] {logging_mixin.py:190} INFO - [2026-08-27T11:55:17.384+0000] {dag.py:4180} INFO - Setting next_dagrun for airbyte_to_dbt_pipeline_prod to 2026-08-27 10:00:00+00:00, run_after=2026-08-27 11:00:00+00:00
[2026-08-27T11:55:17.407+0000] {processor.py:208} INFO - Processing /opt/airflow/dags/prod/airbyte_to_dbt_prod.py took 0.145 seconds
[2026-08-27T11:55:47.584+0000] {processor.py:186} INFO - Started process (PID=1706) to work on /opt/airflow/dags/prod/airbyte_to_dbt_prod.py
[2026-08-27T11:55:47.585+0000] {processor.py:914} INFO - Processing file /opt/airflow/dags/prod/airbyte_to_dbt_prod.py for tasks to queue
[2026-08-27T11:55:47.589+0000] {logging_mixin.py:190} INFO - [2026-08-27T11:55:47.588+0000] {dagbag.py:588} INFO - Filling up the DagBag from /opt/airflow/dags/prod/airbyte_to_dbt_prod.py
[2026-08-27T11:55:47.612+0000] {processor.py:925} INFO - DAG(s) 'airbyte_to_dbt_pipeline_prod' retrieved from /opt/airflow/dags/prod/airbyte_to_dbt_prod.py
[2026-08-27T11:55:47.652+0000] {logging_mixin.py:190} INFO - [2026-08-27T11:55:47.651+0000] {dag.py:3239} INFO - Sync 1 DAGs
[2026-08-27T11:55:47.687+0000] {logging_mixin.py:190} INFO - [2026-08-27T11:55:47.687+0000] {dag.py:4180} INFO - Setting next_dagrun for airbyte_to_dbt_pipeline_prod to 2026-08-27 10:00:00+00:00, run_after=2026-08-27 11:00:00+00:00
[2026-08-27T11:55:47.713+0000] {processor.py:208} INFO - Processing /opt/airflow/dags/prod/airbyte_to_dbt_prod.py took 0.137 seconds
[2026-08-27T11:56:17.887+0000] {processor.py:186} INFO - Started process (PID=1715) to work on /opt/airflow/dags/prod/airbyte_to_dbt_prod.py
[2026-08-27T11:56:17.889+0000] {processor.py:914} INFO - Processing file /opt/airflow/dags/prod/airbyte_to_dbt_prod.py for tasks to queue
[2026-08-27T11:56:17.892+0000] {logging_mixin.py:190} INFO - [2026-08-27T11:56:17.891+0000] {dagbag.py:588} INFO - Filling up the DagBag from /opt/airflow/dags/prod/airbyte_to_dbt_prod.py
[2026-08-27T11:56:17.917+0000] {processor.py:925} INFO - DAG(s) 'airbyte_to_dbt_pipeline_prod' retrieved from /opt/airflow/dags/prod/airbyte_to_dbt_prod.py
[2026-08-27T11:56:17.981+0000] {logging_mixin.py:190} INFO - [2026-08-27T11:56:17.980+0000] {dag.py:3239} INFO - Sync 1 DAGs
[2026-08-27T11:56:18.023+0000] {logging_mixin.py:190} INFO - [2026-08-27T11:56:18.022+0000] {dag.py:4180} INFO - Setting next_dagrun for airbyte_to_dbt_pipeline_prod to 2026-08-27 10:00:00+00:00, run_after=2026-08-27 11:00:00+00:00
[2026-08-27T11:56:18.050+0000] {processor.py:208} INFO - Processing /opt/airflow/dags/prod/airbyte_to_dbt_prod.py took 0.171 seconds
[2026-08-27T11:56:48.204+0000] {processor.py:186} INFO - Started process (PID=1726) to work on /opt/airflow/dags/prod/airbyte_to_dbt_prod.py
[2026-08-27T11:56:48.205+0000] {processor.py:914} INFO - Processing file /opt/airflow/dags/prod/airbyte_to_dbt_prod.py for tasks to queue
[2026-08-27T11:56:48.208+0000] {logging_mixin.py:190} INFO - [2026-08-27T11:56:48.208+0000] {dagbag.py:588} INFO - Filling up the DagBag from /opt/airflow/dags/prod/airbyte_to_dbt_prod.py
[2026-08-27T11:56:48.236+0000] {processor.py:925} INFO - DAG(s) 'airbyte_to_dbt_pipeline_prod' retrieved from /opt/airflow/dags/prod/airbyte_to_dbt_prod.py
[2026-08-27T11:56:48.284+0000] {logging_mixin.py:190} INFO - [2026-08-27T11:56:48.283+0000] {dag.py:3239} INFO - Sync 1 DAGs
[2026-08-27T11:56:48.322+0000] {logging_mixin.py:190} INFO - [2026-08-27T11:56:48.322+0000] {dag.py:4180} INFO - Setting next_dagrun for airbyte_to_dbt_pipeline_prod to 2026-08-27 10:00:00+00:00, run_after=2026-08-27 11:00:00+00:00
[2026-08-27T11:56:48.347+0000] {processor.py:208} INFO - Processing /opt/airflow/dags/prod/airbyte_to_dbt_prod.py took 0.152 seconds
[2026-08-27T11:57:18.494+0000] {processor.py:186} INFO - Started process (PID=1736) to work on /opt/airflow/dags/prod/airbyte_to_dbt_prod.py
[2026-08-27T11:57:18.496+0000] {processor.py:914} INFO - Processing file /opt/airflow/dags/prod/airbyte_to_dbt_prod.py for tasks to queue
[2026-08-27T11:57:18.500+0000] {logging_mixin.py:190} INFO - [2026-08-27T11:57:18.499+0000] {dagbag.py:588} INFO - Filling up the DagBag from /opt/airflow/dags/prod/airbyte_to_dbt_prod.py
[2026-08-27T11:57:18.522+0000] {processor.py:925} INFO - DAG(s) 'airbyte_to_dbt_pipeline_prod' retrieved from /opt/airflow/dags/prod/airbyte_to_dbt_prod.py
[2026-08-27T11:57:18.602+0000] {logging_mixin.py:190} INFO - [2026-08-27T11:57:18.602+0000] {dag.py:3239} INFO - Sync 1 DAGs
[2026-08-27T11:57:18.635+0000] {logging_mixin.py:190} INFO - [2026-08-27T11:57:18.635+0000] {dag.py:4180} INFO - Setting next_dagrun for airbyte_to_dbt_pipeline_prod to 2026-08-27 10:00:00+00:00, run_after=2026-08-27 11:00:00+00:00
[2026-08-27T11:57:18.660+0000] {processor.py:208} INFO - Processing /opt/airflow/dags/prod/airbyte_to_dbt_prod.py took 0.177 seconds
[2026-08-27T11:57:48.860+0000] {processor.py:186} INFO - Started process (PID=1746) to work on /opt/airflow/dags/prod/airbyte_to_dbt_prod.py
[2026-08-27T11:57:48.861+0000] {processor.py:914} INFO - Processing file /opt/airflow/dags/prod/airbyte_to_dbt_prod.py for tasks to queue
[2026-08-27T11:57:48.864+0000] {logging_mixin.py:190} INFO - [2026-08-27T11:57:48.863+0000] {dagbag.py:588} INFO - Filling up the DagBag from /opt/airflow/dags/prod/airbyte_to_dbt_prod.py
[2026-08-27T11:57:48.887+0000] {processor.py:925} INFO - DAG(s) 'airbyte_to_dbt_pipeline_prod' retrieved from /opt/airflow/dags/prod/airbyte_to_dbt_prod.py
[2026-08-27T11:57:48.937+0000] {logging_mixin.py:190} INFO - [2026-08-27T11:57:48.936+0000] {dag.py:3239} INFO - Sync 1 DAGs
[2026-08-27T11:57:48.969+0000] {logging_mixin.py:190} INFO - [2026-08-27T11:57:48.969+0000] {dag.py:4180} INFO - Setting next_dagrun for airbyte_to_dbt_pipeline_prod to 2026-08-27 10:00:00+00:00, run_after=2026-08-27 11:00:00+00:00
[2026-08-27T11:57:48.991+0000] {processor.py:208} INFO - Processing /opt/airflow/dags/prod/airbyte_to_dbt_prod.py took 0.140 seconds
[2026-08-27T11:58:19.145+0000] {processor.py:186} INFO - Started process (PID=1756) to work on /opt/airflow/dags/prod/airbyte_to_dbt_prod.py
[2026-08-27T11:58:19.147+0000] {processor.py:914} INFO - Processing file /opt/airflow/dags/prod/airbyte_to_dbt_prod.py for tasks to queue
[2026-08-27T11:58:19.150+0000] {logging_mixin.py:190} INFO - [2026-08-27T11:58:19.149+0000] {dagbag.py:588} INFO - Filling up the DagBag from /opt/airflow/dags/prod/airbyte_to_dbt_prod.py
[2026-08-27T11:58:19.175+0000] {processor.py:925} INFO - DAG(s) 'airbyte_to_dbt_pipeline_prod' retrieved from /opt/airflow/dags/prod/airbyte_to_dbt_prod.py
[2026-08-27T11:58:19.231+0000] {logging_mixin.py:190} INFO - [2026-08-27T11:58:19.231+0000] {dag.py:3239} INFO - Sync 1 DAGs
[2026-08-27T11:58:19.269+0000] {logging_mixin.py:190} INFO - [2026-08-27T11:58:19.269+0000] {dag.py:4180} INFO - Setting next_dagrun for airbyte_to_dbt_pipeline_prod to 2026-08-27 10:00:00+00:00, run_after=2026-08-27 11:00:00+00:00
[2026-08-27T11:58:19.293+0000] {processor.py:208} INFO - Processing /opt/airflow/dags/prod/airbyte_to_dbt_prod.py took 0.156 seconds
[2026-08-27T11:58:49.462+0000] {processor.py:186} INFO - Started process (PID=1766) to work on /opt/airflow/dags/prod/airbyte_to_dbt_prod.py
[2026-08-27T11:58:49.463+0000] {processor.py:914} INFO - Processing file /opt/airflow/dags/prod/airbyte_to_dbt_prod.py for tasks to queue
[2026-08-27T11:58:49.466+0000] {logging_mixin.py:190} INFO - [2026-08-27T11:58:49.465+0000] {dagbag.py:588} INFO - Filling up the DagBag from /opt/airflow/dags/prod/airbyte_to_dbt_prod.py
[2026-08-27T11:58:49.491+0000] {processor.py:925} INFO - DAG(s) 'airbyte_to_dbt_pipeline_prod' retrieved from /opt/airflow/dags/prod/airbyte_to_dbt_prod.py
[2026-08-27T11:58:49.541+0000] {logging_mixin.py:190} INFO - [2026-08-27T11:58:49.541+0000] {dag.py:3239} INFO - Sync 1 DAGs
[2026-08-27T11:58:49.641+0000] {logging_mixin.py:190} INFO - [2026-08-27T11:58:49.641+0000] {dag.py:4180} INFO - Setting next_dagrun for airbyte_to_dbt_pipeline_prod to 2026-08-27 10:00:00+00:00, run_after=2026-08-27 11:00:00+00:00
[2026-08-27T11:58:49.663+0000] {processor.py:208} INFO - Processing /opt/airflow/dags/prod/airbyte_to_dbt_prod.py took 0.210 seconds
[2026-08-27T11:59:19.831+0000] {processor.py:186} INFO - Started process (PID=1776) to work on /opt/airflow/dags/prod/airbyte_to_dbt_prod.py
[2026-08-27T11:59:19.833+0000] {processor.py:914} INFO - Processing file /opt/airflow/dags/prod/airbyte_to_dbt_prod.py for tasks to queue
[2026-08-27T11:59:19.836+0000] {logging_mixin.py:190} INFO - [2026-08-27T11:59:19.836+0000] {dagbag.py:588} INFO - Filling up the DagBag from /opt/airflow/dags/prod/airbyte_to_dbt_prod.py
[2026-08-27T11:59:19.900+0000] {processor.py:925} INFO - DAG(s) 'airbyte_to_dbt_pipeline_prod' retrieved from /opt/airflow/dags/prod/airbyte_to_dbt_prod.py
[2026-08-27T11:59:19.952+0000] {logging_mixin.py:190} INFO - [2026-08-27T11:59:19.952+0000] {dag.py:3239} INFO - Sync 1 DAGs
[2026-08-27T11:59:19.998+0000] {logging_mixin.py:190} INFO - [2026-08-27T11:59:19.997+0000] {dag.py:4180} INFO - Setting next_dagrun for airbyte_to_dbt_pipeline_prod to 2026-08-27 10:00:00+00:00, run_after=2026-08-27 11:00:00+00:00
[2026-08-27T11:59:20.025+0000] {processor.py:208} INFO - Processing /opt/airflow/dags/prod/airbyte_to_dbt_prod.py took 0.206 seconds
[2026-08-27T11:59:50.194+0000] {processor.py:186} INFO - Started process (PID=1786) to work on /opt/airflow/dags/prod/airbyte_to_dbt_prod.py
[2026-08-27T11:59:50.195+0000] {processor.py:914} INFO - Processing file /opt/airflow/dags/prod/airbyte_to_dbt_prod.py for tasks to queue
[2026-08-27T11:59:50.198+0000] {logging_mixin.py:190} INFO - [2026-08-27T11:59:50.197+0000] {dagbag.py:588} INFO - Filling up the DagBag from /opt/airflow/dags/prod/airbyte_to_dbt_prod.py
[2026-08-27T11:59:50.241+0000] {processor.py:925} INFO - DAG(s) 'airbyte_to_dbt_pipeline_prod' retrieved from /opt/airflow/dags/prod/airbyte_to_dbt_prod.py
[2026-08-27T11:59:50.290+0000] {logging_mixin.py:190} INFO - [2026-08-27T11:59:50.290+0000] {dag.py:3239} INFO - Sync 1 DAGs
[2026-08-27T11:59:50.331+0000] {logging_mixin.py:190} INFO - [2026-08-27T11:59:50.331+0000] {dag.py:4180} INFO - Setting next_dagrun for airbyte_to_dbt_pipeline_prod to 2026-08-27 10:00:00+00:00, run_after=2026-08-27 11:00:00+00:00
[2026-08-27T11:59:50.355+0000] {processor.py:208} INFO - Processing /opt/airflow/dags/prod/airbyte_to_dbt_prod.py took 0.171 seconds
[2026-08-27T12:00:20.520+0000] {processor.py:186} INFO - Started process (PID=1796) to work on /opt/airflow/dags/prod/airbyte_to_dbt_prod.py
[2026-08-27T12:00:20.522+0000] {processor.py:914} INFO - Processing file /opt/airflow/dags/prod/airbyte_to_dbt_prod.py for tasks to queue
[2026-08-27T12:00:20.526+0000] {logging_mixin.py:190} INFO - [2026-08-27T12:00:20.525+0000] {dagbag.py:588} INFO - Filling up the DagBag from /opt/airflow/dags/prod/airbyte_to_dbt_prod.py
[2026-08-27T12:00:20.556+0000] {processor.py:925} INFO - DAG(s) 'airbyte_to_dbt_pipeline_prod' retrieved from /opt/airflow/dags/prod/airbyte_to_dbt_prod.py
[2026-08-27T12:00:20.598+0000] {logging_mixin.py:190} INFO - [2026-08-27T12:00:20.598+0000] {dag.py:3239} INFO - Sync 1 DAGs
[2026-08-27T12:00:20.630+0000] {logging_mixin.py:190} INFO - [2026-08-27T12:00:20.630+0000] {dag.py:4180} INFO - Setting next_dagrun for airbyte_to_dbt_pipeline_prod to 2026-08-27 11:00:00+00:00, run_after=2026-08-27 12:00:00+00:00
[2026-08-27T12:00:20.654+0000] {processor.py:208} INFO - Processing /opt/airflow/dags/prod/airbyte_to_dbt_prod.py took 0.145 seconds
[2026-08-27T12:00:50.824+0000] {processor.py:186} INFO - Started process (PID=1806) to work on /opt/airflow/dags/prod/airbyte_to_dbt_prod.py
[2026-08-27T12:00:50.825+0000] {processor.py:914} INFO - Processing file /opt/airflow/dags/prod/airbyte_to_dbt_prod.py for tasks to queue
[2026-08-27T12:00:50.828+0000] {logging_mixin.py:190} INFO - [2026-08-27T12:00:50.828+0000] {dagbag.py:588} INFO - Filling up the DagBag from /opt/airflow/dags/prod/airbyte_to_dbt_prod.py
[2026-08-27T12:00:50.849+0000] {processor.py:925} INFO - DAG(s) 'airbyte_to_dbt_pipeline_prod' retrieved from /opt/airflow/dags/prod/airbyte_to_dbt_prod.py
[2026-08-27T12:00:50.900+0000] {logging_mixin.py:190} INFO - [2026-08-27T12:00:50.899+0000] {dag.py:3239} INFO - Sync 1 DAGs
[2026-08-27T12:00:50.935+0000] {logging_mixin.py:190} INFO - [2026-08-27T12:00:50.935+0000] {dag.py:4180} INFO - Setting next_dagrun for airbyte_to_dbt_pipeline_prod to 2026-08-27 11:00:00+00:00, run_after=2026-08-27 12:00:00+00:00
[2026-08-27T12:00:50.960+0000] {processor.py:208} INFO - Processing /opt/airflow/dags/prod/airbyte_to_dbt_prod.py took 0.145 seconds
[2026-08-27T12:01:21.115+0000] {processor.py:186} INFO - Started process (PID=1816) to work on /opt/airflow/dags/prod/airbyte_to_dbt_prod.py
[2026-08-27T12:01:21.116+0000] {processor.py:914} INFO - Processing file /opt/airflow/dags/prod/airbyte_to_dbt_prod.py for tasks to queue
[2026-08-27T12:01:21.120+0000] {logging_mixin.py:190} INFO - [2026-08-27T12:01:21.119+0000] {dagbag.py:588} INFO - Filling up the DagBag from /opt/airflow/dags/prod/airbyte_to_dbt_prod.py
[2026-08-27T12:01:21.143+0000] {processor.py:925} INFO - DAG(s) 'airbyte_to_dbt_pipeline_prod' retrieved from /opt/airflow/dags/prod/airbyte_to_dbt_prod.py
[2026-08-27T12:01:21.182+0000] {logging_mixin.py:190} INFO - [2026-08-27T12:01:21.181+0000] {dag.py:3239} INFO - Sync 1 DAGs
[2026-08-27T12:01:21.216+0000] {logging_mixin.py:190} INFO - [2026-08-27T12:01:21.215+0000] {dag.py:4180} INFO - Setting next_dagrun for airbyte_to_dbt_pipeline_prod to 2026-08-27 11:00:00+00:00, run_after=2026-08-27 12:00:00+00:00
[2026-08-27T12:01:21.239+0000] {processor.py:208} INFO - Processing /opt/airflow/dags/prod/airbyte_to_dbt_prod.py took 0.133 seconds
[2026-08-27T12:01:51.402+0000] {processor.py:186} INFO - Started process (PID=1826) to work on /opt/airflow/dags/prod/airbyte_to_dbt_prod.py
[2026-08-27T12:01:51.403+0000] {processor.py:914} INFO - Processing file /opt/airflow/dags/prod/airbyte_to_dbt_prod.py for tasks to queue
[2026-08-27T12:01:51.406+0000] {logging_mixin.py:190} INFO - [2026-08-27T12:01:51.405+0000] {dagbag.py:588} INFO - Filling up the DagBag from /opt/airflow/dags/prod/airbyte_to_dbt_prod.py
[2026-08-27T12:01:51.429+0000] {processor.py:925} INFO - DAG(s) 'airbyte_to_dbt_pipeline_prod' retrieved from /opt/airflow/dags/prod/airbyte_to_dbt_prod.py
[2026-08-27T12:01:51.468+0000] {logging_mixin.py:190} INFO - [2026-08-27T12:01:51.468+0000] {dag.py:3239} INFO - Sync 1 DAGs
[2026-08-27T12:01:51.497+0000] {logging_mixin.py:190} INFO - [2026-08-27T12:01:51.497+0000] {dag.py:4180} INFO - Setting next_dagrun for airbyte_to_dbt_pipeline_prod to 2026-08-27 11:00:00+00:00, run_after=2026-08-27 12:00:00+00:00
[2026-08-27T12:01:51.521+0000] {processor.py:208} INFO - Processing /opt/airflow/dags/prod/airbyte_to_dbt_prod.py took 0.127 seconds
[2026-08-27T12:02:21.692+0000] {processor.py:186} INFO - Started process (PID=1836) to work on /opt/airflow/dags/prod/airbyte_to_dbt_prod.py
[2026-08-27T12:02:21.694+0000] {processor.py:914} INFO - Processing file /opt/airflow/dags/prod/airbyte_to_dbt_prod.py for tasks to queue
[2026-08-27T12:02:21.697+0000] {logging_mixin.py:190} INFO - [2026-08-27T12:02:21.696+0000] {dagbag.py:588} INFO - Filling up the DagBag from /opt/airflow/dags/prod/airbyte_to_dbt_prod.py
[2026-08-27T12:02:21.721+0000] {processor.py:925} INFO - DAG(s) 'airbyte_to_dbt_pipeline_prod' retrieved from /opt/airflow/dags/prod/airbyte_to_dbt_prod.py
[2026-08-27T12:02:21.773+0000] {logging_mixin.py:190} INFO - [2026-08-27T12:02:21.773+0000] {dag.py:3239} INFO - Sync 1 DAGs
[2026-08-27T12:02:21.809+0000] {logging_mixin.py:190} INFO - [2026-08-27T12:02:21.808+0000] {dag.py:4180} INFO - Setting next_dagrun for airbyte_to_dbt_pipeline_prod to 2026-08-27 11:00:00+00:00, run_after=2026-08-27 12:00:00+00:00
[2026-08-27T12:02:21.835+0000] {processor.py:208} INFO - Processing /opt/airflow/dags/prod/airbyte_to_dbt_prod.py took 0.153 seconds
[2026-08-27T12:02:52.006+0000] {processor.py:186} INFO - Started process (PID=1846) to work on /opt/airflow/dags/prod/airbyte_to_dbt_prod.py
[2026-08-27T12:02:52.007+0000] {processor.py:914} INFO - Processing file /opt/airflow/dags/prod/airbyte_to_dbt_prod.py for tasks to queue
[2026-08-27T12:02:52.010+0000] {logging_mixin.py:190} INFO - [2026-08-27T12:02:52.010+0000] {dagbag.py:588} INFO - Filling up the DagBag from /opt/airflow/dags/prod/airbyte_to_dbt_prod.py
[2026-08-27T12:02:52.036+0000] {processor.py:925} INFO - DAG(s) 'airbyte_to_dbt_pipeline_prod' retrieved from /opt/airflow/dags/prod/airbyte_to_dbt_prod.py
[2026-08-27T12:02:52.079+0000] {logging_mixin.py:190} INFO - [2026-08-27T12:02:52.079+0000] {dag.py:3239} INFO - Sync 1 DAGs
[2026-08-27T12:02:52.110+0000] {logging_mixin.py:190} INFO - [2026-08-27T12:02:52.109+0000] {dag.py:4180} INFO - Setting next_dagrun for airbyte_to_dbt_pipeline_prod to 2026-08-27 11:00:00+00:00, run_after=2026-08-27 12:00:00+00:00
[2026-08-27T12:02:52.131+0000] {processor.py:208} INFO - Processing /opt/airflow/dags/prod/airbyte_to_dbt_prod.py took 0.134 seconds
[2026-08-27T12:03:22.306+0000] {processor.py:186} INFO - Started process (PID=1856) to work on /opt/airflow/dags/prod/airbyte_to_dbt_prod.py
[2026-08-27T12:03:22.308+0000] {processor.py:914} INFO - Processing file /opt/airflow/dags/prod/airbyte_to_dbt_prod.py for tasks to queue
[2026-08-27T12:03:22.312+0000] {logging_mixin.py:190} INFO - [2026-08-27T12:03:22.311+0000] {dagbag.py:588} INFO - Filling up the DagBag from /opt/airflow/dags/prod/airbyte_to_dbt_prod.py
[2026-08-27T12:03:22.341+0000] {processor.py:925} INFO - DAG(s) 'airbyte_to_dbt_pipeline_prod' retrieved from /opt/airflow/dags/prod/airbyte_to_dbt_prod.py
[2026-08-27T12:03:22.385+0000] {logging_mixin.py:190} INFO - [2026-08-27T12:03:22.384+0000] {dag.py:3239} INFO - Sync 1 DAGs
[2026-08-27T12:03:22.414+0000] {logging_mixin.py:190} INFO - [2026-08-27T12:03:22.414+0000] {dag.py:4180} INFO - Setting next_dagrun for airbyte_to_dbt_pipeline_prod to 2026-08-27 11:00:00+00:00, run_after=2026-08-27 12:00:00+00:00
[2026-08-27T12:03:22.438+0000] {processor.py:208} INFO - Processing /opt/airflow/dags/prod/airbyte_to_dbt_prod.py took 0.143 seconds
[2026-08-27T12:03:52.614+0000] {processor.py:186} INFO - Started process (PID=1866) to work on /opt/airflow/dags/prod/airbyte_to_dbt_prod.py
[2026-08-27T12:03:52.616+0000] {processor.py:914} INFO - Processing file /opt/airflow/dags/prod/airbyte_to_dbt_prod.py for tasks to queue
[2026-08-27T12:03:52.624+0000] {logging_mixin.py:190} INFO - [2026-08-27T12:03:52.623+0000] {dagbag.py:588} INFO - Filling up the DagBag from /opt/airflow/dags/prod/airbyte_to_dbt_prod.py
[2026-08-27T12:03:52.665+0000] {processor.py:925} INFO - DAG(s) 'airbyte_to_dbt_pipeline_prod' retrieved from /opt/airflow/dags/prod/airbyte_to_dbt_prod.py
[2026-08-27T12:03:52.735+0000] {logging_mixin.py:190} INFO - [2026-08-27T12:03:52.734+0000] {dag.py:3239} INFO - Sync 1 DAGs
[2026-08-27T12:03:52.780+0000] {logging_mixin.py:190} INFO - [2026-08-27T12:03:52.780+0000] {dag.py:4180} INFO - Setting next_dagrun for airbyte_to_dbt_pipeline_prod to 2026-08-27 11:00:00+00:00, run_after=2026-08-27 12:00:00+00:00
[2026-08-27T12:03:52.806+0000] {processor.py:208} INFO - Processing /opt/airflow/dags/prod/airbyte_to_dbt_prod.py took 0.207 seconds
[2026-08-27T12:04:23.003+0000] {processor.py:186} INFO - Started process (PID=1876) to work on /opt/airflow/dags/prod/airbyte_to_dbt_prod.py
[2026-08-27T12:04:23.004+0000] {processor.py:914} INFO - Processing file /opt/airflow/dags/prod/airbyte_to_dbt_prod.py for tasks to queue
[2026-08-27T12:04:23.008+0000] {logging_mixin.py:190} INFO - [2026-08-27T12:04:23.008+0000] {dagbag.py:588} INFO - Filling up the DagBag from /opt/airflow/dags/prod/airbyte_to_dbt_prod.py
[2026-08-27T12:04:23.037+0000] {processor.py:925} INFO - DAG(s) 'airbyte_to_dbt_pipeline_prod' retrieved from /opt/airflow/dags/prod/airbyte_to_dbt_prod.py
[2026-08-27T12:04:23.097+0000] {logging_mixin.py:190} INFO - [2026-08-27T12:04:23.097+0000] {dag.py:3239} INFO - Sync 1 DAGs
[2026-08-27T12:04:23.148+0000] {logging_mixin.py:190} INFO - [2026-08-27T12:04:23.148+0000] {dag.py:4180} INFO - Setting next_dagrun for airbyte_to_dbt_pipeline_prod to 2026-08-27 11:00:00+00:00, run_after=2026-08-27 12:00:00+00:00
[2026-08-27T12:04:23.177+0000] {processor.py:208} INFO - Processing /opt/airflow/dags/prod/airbyte_to_dbt_prod.py took 0.183 seconds
[2026-08-27T12:04:53.377+0000] {processor.py:186} INFO - Started process (PID=1885) to work on /opt/airflow/dags/prod/airbyte_to_dbt_prod.py
[2026-08-27T12:04:53.378+0000] {processor.py:914} INFO - Processing file /opt/airflow/dags/prod/airbyte_to_dbt_prod.py for tasks to queue
[2026-08-27T12:04:53.390+0000] {logging_mixin.py:190} INFO - [2026-08-27T12:04:53.389+0000] {dagbag.py:588} INFO - Filling up the DagBag from /opt/airflow/dags/prod/airbyte_to_dbt_prod.py
[2026-08-27T12:04:53.443+0000] {processor.py:925} INFO - DAG(s) 'airbyte_to_dbt_pipeline_prod' retrieved from /opt/airflow/dags/prod/airbyte_to_dbt_prod.py
[2026-08-27T12:04:53.552+0000] {logging_mixin.py:190} INFO - [2026-08-27T12:04:53.551+0000] {dag.py:3239} INFO - Sync 1 DAGs
[2026-08-27T12:04:53.666+0000] {logging_mixin.py:190} INFO - [2026-08-27T12:04:53.666+0000] {dag.py:4180} INFO - Setting next_dagrun for airbyte_to_dbt_pipeline_prod to 2026-08-27 11:00:00+00:00, run_after=2026-08-27 12:00:00+00:00
[2026-08-27T12:04:53.693+0000] {processor.py:208} INFO - Processing /opt/airflow/dags/prod/airbyte_to_dbt_prod.py took 0.354 seconds
[2026-08-27T12:05:23.860+0000] {processor.py:186} INFO - Started process (PID=1896) to work on /opt/airflow/dags/prod/airbyte_to_dbt_prod.py
[2026-08-27T12:05:23.861+0000] {processor.py:914} INFO - Processing file /opt/airflow/dags/prod/airbyte_to_dbt_prod.py for tasks to queue
[2026-08-27T12:05:23.864+0000] {logging_mixin.py:190} INFO - [2026-08-27T12:05:23.863+0000] {dagbag.py:588} INFO - Filling up the DagBag from /opt/airflow/dags/prod/airbyte_to_dbt_prod.py
[2026-08-27T12:05:23.886+0000] {processor.py:925} INFO - DAG(s) 'airbyte_to_dbt_pipeline_prod' retrieved from /opt/airflow/dags/prod/airbyte_to_dbt_prod.py
[2026-08-27T12:05:23.926+0000] {logging_mixin.py:190} INFO - [2026-08-27T12:05:23.926+0000] {dag.py:3239} INFO - Sync 1 DAGs
[2026-08-27T12:05:23.958+0000] {logging_mixin.py:190} INFO - [2026-08-27T12:05:23.958+0000] {dag.py:4180} INFO - Setting next_dagrun for airbyte_to_dbt_pipeline_prod to 2026-08-27 11:00:00+00:00, run_after=2026-08-27 12:00:00+00:00
[2026-08-27T12:05:23.982+0000] {processor.py:208} INFO - Processing /opt/airflow/dags/prod/airbyte_to_dbt_prod.py took 0.131 seconds
[2026-08-27T12:05:54.152+0000] {processor.py:186} INFO - Started process (PID=1906) to work on /opt/airflow/dags/prod/airbyte_to_dbt_prod.py
[2026-08-27T12:05:54.153+0000] {processor.py:914} INFO - Processing file /opt/airflow/dags/prod/airbyte_to_dbt_prod.py for tasks to queue
[2026-08-27T12:05:54.156+0000] {logging_mixin.py:190} INFO - [2026-08-27T12:05:54.156+0000] {dagbag.py:588} INFO - Filling up the DagBag from /opt/airflow/dags/prod/airbyte_to_dbt_prod.py
[2026-08-27T12:05:54.178+0000] {processor.py:925} INFO - DAG(s) 'airbyte_to_dbt_pipeline_prod' retrieved from /opt/airflow/dags/prod/airbyte_to_dbt_prod.py
[2026-08-27T12:05:54.218+0000] {logging_mixin.py:190} INFO - [2026-08-27T12:05:54.218+0000] {dag.py:3239} INFO - Sync 1 DAGs
[2026-08-27T12:05:54.248+0000] {logging_mixin.py:190} INFO - [2026-08-27T12:05:54.248+0000] {dag.py:4180} INFO - Setting next_dagrun for airbyte_to_dbt_pipeline_prod to 2026-08-27 11:00:00+00:00, run_after=2026-08-27 12:00:00+00:00
[2026-08-27T12:05:54.274+0000] {processor.py:208} INFO - Processing /opt/airflow/dags/prod/airbyte_to_dbt_prod.py took 0.129 seconds
[2026-08-27T12:06:24.436+0000] {processor.py:186} INFO - Started process (PID=1916) to work on /opt/airflow/dags/prod/airbyte_to_dbt_prod.py
[2026-08-27T12:06:24.437+0000] {processor.py:914} INFO - Processing file /opt/airflow/dags/prod/airbyte_to_dbt_prod.py for tasks to queue
[2026-08-27T12:06:24.440+0000] {logging_mixin.py:190} INFO - [2026-08-27T12:06:24.440+0000] {dagbag.py:588} INFO - Filling up the DagBag from /opt/airflow/dags/prod/airbyte_to_dbt_prod.py
[2026-08-27T12:06:24.464+0000] {processor.py:925} INFO - DAG(s) 'airbyte_to_dbt_pipeline_prod' retrieved from /opt/airflow/dags/prod/airbyte_to_dbt_prod.py
[2026-08-27T12:06:24.505+0000] {logging_mixin.py:190} INFO - [2026-08-27T12:06:24.505+0000] {dag.py:3239} INFO - Sync 1 DAGs
[2026-08-27T12:06:24.537+0000] {logging_mixin.py:190} INFO - [2026-08-27T12:06:24.537+0000] {dag.py:4180} INFO - Setting next_dagrun for airbyte_to_dbt_pipeline_prod to 2026-08-27 11:00:00+00:00, run_after=2026-08-27 12:00:00+00:00
[2026-08-27T12:06:24.559+0000] {processor.py:208} INFO - Processing /opt/airflow/dags/prod/airbyte_to_dbt_prod.py took 0.131 seconds
[2026-08-27T12:06:54.721+0000] {processor.py:186} INFO - Started process (PID=1926) to work on /opt/airflow/dags/prod/airbyte_to_dbt_prod.py
[2026-08-27T12:06:54.722+0000] {processor.py:914} INFO - Processing file /opt/airflow/dags/prod/airbyte_to_dbt_prod.py for tasks to queue
[2026-08-27T12:06:54.726+0000] {logging_mixin.py:190} INFO - [2026-08-27T12:06:54.726+0000] {dagbag.py:588} INFO - Filling up the DagBag from /opt/airflow/dags/prod/airbyte_to_dbt_prod.py
[2026-08-27T12:06:54.757+0000] {processor.py:925} INFO - DAG(s) 'airbyte_to_dbt_pipeline_prod' retrieved from /opt/airflow/dags/prod/airbyte_to_dbt_prod.py
[2026-08-27T12:06:54.810+0000] {logging_mixin.py:190} INFO - [2026-08-27T12:06:54.809+0000] {dag.py:3239} INFO - Sync 1 DAGs
[2026-08-27T12:06:54.849+0000] {logging_mixin.py:190} INFO - [2026-08-27T12:06:54.849+0000] {dag.py:4180} INFO - Setting next_dagrun for airbyte_to_dbt_pipeline_prod to 2026-08-27 11:00:00+00:00, run_after=2026-08-27 12:00:00+00:00
[2026-08-27T12:06:54.875+0000] {processor.py:208} INFO - Processing /opt/airflow/dags/prod/airbyte_to_dbt_prod.py took 0.166 seconds
[2026-08-27T12:07:25.057+0000] {processor.py:186} INFO - Started process (PID=1936) to work on /opt/airflow/dags/prod/airbyte_to_dbt_prod.py
[2026-08-27T12:07:25.058+0000] {processor.py:914} INFO - Processing file /opt/airflow/dags/prod/airbyte_to_dbt_prod.py for tasks to queue
[2026-08-27T12:07:25.061+0000] {logging_mixin.py:190} INFO - [2026-08-27T12:07:25.061+0000] {dagbag.py:588} INFO - Filling up the DagBag from /opt/airflow/dags/prod/airbyte_to_dbt_prod.py
[2026-08-27T12:07:25.102+0000] {processor.py:925} INFO - DAG(s) 'airbyte_to_dbt_pipeline_prod' retrieved from /opt/airflow/dags/prod/airbyte_to_dbt_prod.py
[2026-08-27T12:07:25.151+0000] {logging_mixin.py:190} INFO - [2026-08-27T12:07:25.151+0000] {dag.py:3239} INFO - Sync 1 DAGs
[2026-08-27T12:07:25.202+0000] {logging_mixin.py:190} INFO - [2026-08-27T12:07:25.201+0000] {dag.py:4180} INFO - Setting next_dagrun for airbyte_to_dbt_pipeline_prod to 2026-08-27 11:00:00+00:00, run_after=2026-08-27 12:00:00+00:00
[2026-08-27T12:07:25.229+0000] {processor.py:208} INFO - Processing /opt/airflow/dags/prod/airbyte_to_dbt_prod.py took 0.180 seconds
[2026-08-27T12:07:55.393+0000] {processor.py:186} INFO - Started process (PID=1946) to work on /opt/airflow/dags/prod/airbyte_to_dbt_prod.py
[2026-08-27T12:07:55.394+0000] {processor.py:914} INFO - Processing file /opt/airflow/dags/prod/airbyte_to_dbt_prod.py for tasks to queue
[2026-08-27T12:07:55.397+0000] {logging_mixin.py:190} INFO - [2026-08-27T12:07:55.397+0000] {dagbag.py:588} INFO - Filling up the DagBag from /opt/airflow/dags/prod/airbyte_to_dbt_prod.py
[2026-08-27T12:07:55.422+0000] {processor.py:925} INFO - DAG(s) 'airbyte_to_dbt_pipeline_prod' retrieved from /opt/airflow/dags/prod/airbyte_to_dbt_prod.py
[2026-08-27T12:07:55.475+0000] {logging_mixin.py:190} INFO - [2026-08-27T12:07:55.475+0000] {dag.py:3239} INFO - Sync 1 DAGs
[2026-08-27T12:07:55.512+0000] {logging_mixin.py:190} INFO - [2026-08-27T12:07:55.512+0000] {dag.py:4180} INFO - Setting next_dagrun for airbyte_to_dbt_pipeline_prod to 2026-08-27 11:00:00+00:00, run_after=2026-08-27 12:00:00+00:00
[2026-08-27T12:07:55.535+0000] {processor.py:208} INFO - Processing /opt/airflow/dags/prod/airbyte_to_dbt_prod.py took 0.152 seconds
[2026-08-27T12:08:25.697+0000] {processor.py:186} INFO - Started process (PID=1956) to work on /opt/airflow/dags/prod/airbyte_to_dbt_prod.py
[2026-08-27T12:08:25.699+0000] {processor.py:914} INFO - Processing file /opt/airflow/dags/prod/airbyte_to_dbt_prod.py for tasks to queue
[2026-08-27T12:08:25.702+0000] {logging_mixin.py:190} INFO - [2026-08-27T12:08:25.702+0000] {dagbag.py:588} INFO - Filling up the DagBag from /opt/airflow/dags/prod/airbyte_to_dbt_prod.py
[2026-08-27T12:08:25.729+0000] {processor.py:925} INFO - DAG(s) 'airbyte_to_dbt_pipeline_prod' retrieved from /opt/airflow/dags/prod/airbyte_to_dbt_prod.py
[2026-08-27T12:08:25.796+0000] {logging_mixin.py:190} INFO - [2026-08-27T12:08:25.796+0000] {dag.py:3239} INFO - Sync 1 DAGs
[2026-08-27T12:08:25.828+0000] {logging_mixin.py:190} INFO - [2026-08-27T12:08:25.828+0000] {dag.py:4180} INFO - Setting next_dagrun for airbyte_to_dbt_pipeline_prod to 2026-08-27 11:00:00+00:00, run_after=2026-08-27 12:00:00+00:00
[2026-08-27T12:08:25.851+0000] {processor.py:208} INFO - Processing /opt/airflow/dags/prod/airbyte_to_dbt_prod.py took 0.164 seconds
[2026-08-27T12:08:56.028+0000] {processor.py:186} INFO - Started process (PID=1966) to work on /opt/airflow/dags/prod/airbyte_to_dbt_prod.py
[2026-08-27T12:08:56.029+0000] {processor.py:914} INFO - Processing file /opt/airflow/dags/prod/airbyte_to_dbt_prod.py for tasks to queue
[2026-08-27T12:08:56.033+0000] {logging_mixin.py:190} INFO - [2026-08-27T12:08:56.032+0000] {dagbag.py:588} INFO - Filling up the DagBag from /opt/airflow/dags/prod/airbyte_to_dbt_prod.py
[2026-08-27T12:08:56.059+0000] {processor.py:925} INFO - DAG(s) 'airbyte_to_dbt_pipeline_prod' retrieved from /opt/airflow/dags/prod/airbyte_to_dbt_prod.py
[2026-08-27T12:08:56.112+0000] {logging_mixin.py:190} INFO - [2026-08-27T12:08:56.111+0000] {dag.py:3239} INFO - Sync 1 DAGs
[2026-08-27T12:08:56.148+0000] {logging_mixin.py:190} INFO - [2026-08-27T12:08:56.148+0000] {dag.py:4180} INFO - Setting next_dagrun for airbyte_to_dbt_pipeline_prod to 2026-08-27 11:00:00+00:00, run_after=2026-08-27 12:00:00+00:00
[2026-08-27T12:08:56.174+0000] {processor.py:208} INFO - Processing /opt/airflow/dags/prod/airbyte_to_dbt_prod.py took 0.156 seconds
[2026-08-27T12:09:26.331+0000] {processor.py:186} INFO - Started process (PID=1976) to work on /opt/airflow/dags/prod/airbyte_to_dbt_prod.py
[2026-08-27T12:09:26.342+0000] {processor.py:914} INFO - Processing file /opt/airflow/dags/prod/airbyte_to_dbt_prod.py for tasks to queue
[2026-08-27T12:09:26.374+0000] {logging_mixin.py:190} INFO - [2026-08-27T12:09:26.373+0000] {dagbag.py:588} INFO - Filling up the DagBag from /opt/airflow/dags/prod/airbyte_to_dbt_prod.py
[2026-08-27T12:09:26.407+0000] {processor.py:925} INFO - DAG(s) 'airbyte_to_dbt_pipeline_prod' retrieved from /opt/airflow/dags/prod/airbyte_to_dbt_prod.py
[2026-08-27T12:09:26.450+0000] {logging_mixin.py:190} INFO - [2026-08-27T12:09:26.449+0000] {dag.py:3239} INFO - Sync 1 DAGs
[2026-08-27T12:09:26.492+0000] {logging_mixin.py:190} INFO - [2026-08-27T12:09:26.491+0000] {dag.py:4180} INFO - Setting next_dagrun for airbyte_to_dbt_pipeline_prod to 2026-08-27 11:00:00+00:00, run_after=2026-08-27 12:00:00+00:00
[2026-08-27T12:09:26.516+0000] {processor.py:208} INFO - Processing /opt/airflow/dags/prod/airbyte_to_dbt_prod.py took 0.193 seconds
[2026-08-27T12:09:56.721+0000] {processor.py:186} INFO - Started process (PID=1986) to work on /opt/airflow/dags/prod/airbyte_to_dbt_prod.py
[2026-08-27T12:09:56.728+0000] {processor.py:914} INFO - Processing file /opt/airflow/dags/prod/airbyte_to_dbt_prod.py for tasks to queue
[2026-08-27T12:09:56.733+0000] {logging_mixin.py:190} INFO - [2026-08-27T12:09:56.733+0000] {dagbag.py:588} INFO - Filling up the DagBag from /opt/airflow/dags/prod/airbyte_to_dbt_prod.py
[2026-08-27T12:09:56.763+0000] {processor.py:925} INFO - DAG(s) 'airbyte_to_dbt_pipeline_prod' retrieved from /opt/airflow/dags/prod/airbyte_to_dbt_prod.py
[2026-08-27T12:09:56.806+0000] {logging_mixin.py:190} INFO - [2026-08-27T12:09:56.805+0000] {dag.py:3239} INFO - Sync 1 DAGs
[2026-08-27T12:09:56.834+0000] {logging_mixin.py:190} INFO - [2026-08-27T12:09:56.834+0000] {dag.py:4180} INFO - Setting next_dagrun for airbyte_to_dbt_pipeline_prod to 2026-08-27 11:00:00+00:00, run_after=2026-08-27 12:00:00+00:00
[2026-08-27T12:09:56.858+0000] {processor.py:208} INFO - Processing /opt/airflow/dags/prod/airbyte_to_dbt_prod.py took 0.182 seconds
[2026-08-27T12:10:27.043+0000] {processor.py:186} INFO - Started process (PID=1996) to work on /opt/airflow/dags/prod/airbyte_to_dbt_prod.py
[2026-08-27T12:10:27.045+0000] {processor.py:914} INFO - Processing file /opt/airflow/dags/prod/airbyte_to_dbt_prod.py for tasks to queue
[2026-08-27T12:10:27.048+0000] {logging_mixin.py:190} INFO - [2026-08-27T12:10:27.047+0000] {dagbag.py:588} INFO - Filling up the DagBag from /opt/airflow/dags/prod/airbyte_to_dbt_prod.py
[2026-08-27T12:10:27.069+0000] {processor.py:925} INFO - DAG(s) 'airbyte_to_dbt_pipeline_prod' retrieved from /opt/airflow/dags/prod/airbyte_to_dbt_prod.py
[2026-08-27T12:10:27.110+0000] {logging_mixin.py:190} INFO - [2026-08-27T12:10:27.110+0000] {dag.py:3239} INFO - Sync 1 DAGs
[2026-08-27T12:10:27.143+0000] {logging_mixin.py:190} INFO - [2026-08-27T12:10:27.143+0000] {dag.py:4180} INFO - Setting next_dagrun for airbyte_to_dbt_pipeline_prod to 2026-08-27 11:00:00+00:00, run_after=2026-08-27 12:00:00+00:00
[2026-08-27T12:10:27.166+0000] {processor.py:208} INFO - Processing /opt/airflow/dags/prod/airbyte_to_dbt_prod.py took 0.131 seconds
[2026-08-27T12:10:57.386+0000] {processor.py:186} INFO - Started process (PID=2004) to work on /opt/airflow/dags/prod/airbyte_to_dbt_prod.py
[2026-08-27T12:10:57.387+0000] {processor.py:914} INFO - Processing file /opt/airflow/dags/prod/airbyte_to_dbt_prod.py for tasks to queue
[2026-08-27T12:10:57.391+0000] {logging_mixin.py:190} INFO - [2026-08-27T12:10:57.390+0000] {dagbag.py:588} INFO - Filling up the DagBag from /opt/airflow/dags/prod/airbyte_to_dbt_prod.py
[2026-08-27T12:10:57.419+0000] {processor.py:925} INFO - DAG(s) 'airbyte_to_dbt_pipeline_prod' retrieved from /opt/airflow/dags/prod/airbyte_to_dbt_prod.py
[2026-08-27T12:10:57.458+0000] {logging_mixin.py:190} INFO - [2026-08-27T12:10:57.458+0000] {dag.py:3239} INFO - Sync 1 DAGs
[2026-08-27T12:10:57.488+0000] {logging_mixin.py:190} INFO - [2026-08-27T12:10:57.487+0000] {dag.py:4180} INFO - Setting next_dagrun for airbyte_to_dbt_pipeline_prod to 2026-08-27 11:00:00+00:00, run_after=2026-08-27 12:00:00+00:00
[2026-08-27T12:10:57.510+0000] {processor.py:208} INFO - Processing /opt/airflow/dags/prod/airbyte_to_dbt_prod.py took 0.154 seconds
[2026-08-27T12:11:27.684+0000] {processor.py:186} INFO - Started process (PID=2016) to work on /opt/airflow/dags/prod/airbyte_to_dbt_prod.py
[2026-08-27T12:11:27.686+0000] {processor.py:914} INFO - Processing file /opt/airflow/dags/prod/airbyte_to_dbt_prod.py for tasks to queue
[2026-08-27T12:11:27.690+0000] {logging_mixin.py:190} INFO - [2026-08-27T12:11:27.689+0000] {dagbag.py:588} INFO - Filling up the DagBag from /opt/airflow/dags/prod/airbyte_to_dbt_prod.py
[2026-08-27T12:11:27.722+0000] {processor.py:925} INFO - DAG(s) 'airbyte_to_dbt_pipeline_prod' retrieved from /opt/airflow/dags/prod/airbyte_to_dbt_prod.py
[2026-08-27T12:11:27.763+0000] {logging_mixin.py:190} INFO - [2026-08-27T12:11:27.763+0000] {dag.py:3239} INFO - Sync 1 DAGs
[2026-08-27T12:11:27.793+0000] {logging_mixin.py:190} INFO - [2026-08-27T12:11:27.792+0000] {dag.py:4180} INFO - Setting next_dagrun for airbyte_to_dbt_pipeline_prod to 2026-08-27 11:00:00+00:00, run_after=2026-08-27 12:00:00+00:00
[2026-08-27T12:11:27.816+0000] {processor.py:208} INFO - Processing /opt/airflow/dags/prod/airbyte_to_dbt_prod.py took 0.143 seconds
[2026-08-27T12:11:57.986+0000] {processor.py:186} INFO - Started process (PID=2026) to work on /opt/airflow/dags/prod/airbyte_to_dbt_prod.py
[2026-08-27T12:11:57.987+0000] {processor.py:914} INFO - Processing file /opt/airflow/dags/prod/airbyte_to_dbt_prod.py for tasks to queue
[2026-08-27T12:11:57.990+0000] {logging_mixin.py:190} INFO - [2026-08-27T12:11:57.989+0000] {dagbag.py:588} INFO - Filling up the DagBag from /opt/airflow/dags/prod/airbyte_to_dbt_prod.py
[2026-08-27T12:11:58.011+0000] {processor.py:925} INFO - DAG(s) 'airbyte_to_dbt_pipeline_prod' retrieved from /opt/airflow/dags/prod/airbyte_to_dbt_prod.py
[2026-08-27T12:11:58.060+0000] {logging_mixin.py:190} INFO - [2026-08-27T12:11:58.060+0000] {dag.py:3239} INFO - Sync 1 DAGs
[2026-08-27T12:11:58.103+0000] {logging_mixin.py:190} INFO - [2026-08-27T12:11:58.103+0000] {dag.py:4180} INFO - Setting next_dagrun for airbyte_to_dbt_pipeline_prod to 2026-08-27 11:00:00+00:00, run_after=2026-08-27 12:00:00+00:00
[2026-08-27T12:11:58.127+0000] {processor.py:208} INFO - Processing /opt/airflow/dags/prod/airbyte_to_dbt_prod.py took 0.151 seconds
[2026-08-27T12:12:28.298+0000] {processor.py:186} INFO - Started process (PID=2036) to work on /opt/airflow/dags/prod/airbyte_to_dbt_prod.py
[2026-08-27T12:12:28.299+0000] {processor.py:914} INFO - Processing file /opt/airflow/dags/prod/airbyte_to_dbt_prod.py for tasks to queue
[2026-08-27T12:12:28.302+0000] {logging_mixin.py:190} INFO - [2026-08-27T12:12:28.302+0000] {dagbag.py:588} INFO - Filling up the DagBag from /opt/airflow/dags/prod/airbyte_to_dbt_prod.py
[2026-08-27T12:12:28.326+0000] {processor.py:925} INFO - DAG(s) 'airbyte_to_dbt_pipeline_prod' retrieved from /opt/airflow/dags/prod/airbyte_to_dbt_prod.py
[2026-08-27T12:12:28.374+0000] {logging_mixin.py:190} INFO - [2026-08-27T12:12:28.374+0000] {dag.py:3239} INFO - Sync 1 DAGs
[2026-08-27T12:12:28.405+0000] {logging_mixin.py:190} INFO - [2026-08-27T12:12:28.405+0000] {dag.py:4180} INFO - Setting next_dagrun for airbyte_to_dbt_pipeline_prod to 2026-08-27 11:00:00+00:00, run_after=2026-08-27 12:00:00+00:00
[2026-08-27T12:12:28.430+0000] {processor.py:208} INFO - Processing /opt/airflow/dags/prod/airbyte_to_dbt_prod.py took 0.141 seconds
[2026-08-27T12:12:58.590+0000] {processor.py:186} INFO - Started process (PID=2046) to work on /opt/airflow/dags/prod/airbyte_to_dbt_prod.py
[2026-08-27T12:12:58.591+0000] {processor.py:914} INFO - Processing file /opt/airflow/dags/prod/airbyte_to_dbt_prod.py for tasks to queue
[2026-08-27T12:12:58.595+0000] {logging_mixin.py:190} INFO - [2026-08-27T12:12:58.594+0000] {dagbag.py:588} INFO - Filling up the DagBag from /opt/airflow/dags/prod/airbyte_to_dbt_prod.py
[2026-08-27T12:12:58.634+0000] {processor.py:925} INFO - DAG(s) 'airbyte_to_dbt_pipeline_prod' retrieved from /opt/airflow/dags/prod/airbyte_to_dbt_prod.py
[2026-08-27T12:12:58.705+0000] {logging_mixin.py:190} INFO - [2026-08-27T12:12:58.705+0000] {dag.py:3239} INFO - Sync 1 DAGs
[2026-08-27T12:12:58.734+0000] {logging_mixin.py:190} INFO - [2026-08-27T12:12:58.733+0000] {dag.py:4180} INFO - Setting next_dagrun for airbyte_to_dbt_pipeline_prod to 2026-08-27 11:00:00+00:00, run_after=2026-08-27 12:00:00+00:00
[2026-08-27T12:12:58.757+0000] {processor.py:208} INFO - Processing /opt/airflow/dags/prod/airbyte_to_dbt_prod.py took 0.175 seconds
[2026-08-27T12:13:28.921+0000] {processor.py:186} INFO - Started process (PID=2056) to work on /opt/airflow/dags/prod/airbyte_to_dbt_prod.py
[2026-08-27T12:13:28.923+0000] {processor.py:914} INFO - Processing file /opt/airflow/dags/prod/airbyte_to_dbt_prod.py for tasks to queue
[2026-08-27T12:13:28.926+0000] {logging_mixin.py:190} INFO - [2026-08-27T12:13:28.926+0000] {dagbag.py:588} INFO - Filling up the DagBag from /opt/airflow/dags/prod/airbyte_to_dbt_prod.py
[2026-08-27T12:13:28.967+0000] {processor.py:925} INFO - DAG(s) 'airbyte_to_dbt_pipeline_prod' retrieved from /opt/airflow/dags/prod/airbyte_to_dbt_prod.py
[2026-08-27T12:13:29.017+0000] {logging_mixin.py:190} INFO - [2026-08-27T12:13:29.017+0000] {dag.py:3239} INFO - Sync 1 DAGs
[2026-08-27T12:13:29.055+0000] {logging_mixin.py:190} INFO - [2026-08-27T12:13:29.055+0000] {dag.py:4180} INFO - Setting next_dagrun for airbyte_to_dbt_pipeline_prod to 2026-08-27 11:00:00+00:00, run_after=2026-08-27 12:00:00+00:00
[2026-08-27T12:13:29.080+0000] {processor.py:208} INFO - Processing /opt/airflow/dags/prod/airbyte_to_dbt_prod.py took 0.167 seconds
[2026-08-27T12:13:59.248+0000] {processor.py:186} INFO - Started process (PID=2066) to work on /opt/airflow/dags/prod/airbyte_to_dbt_prod.py
[2026-08-27T12:13:59.249+0000] {processor.py:914} INFO - Processing file /opt/airflow/dags/prod/airbyte_to_dbt_prod.py for tasks to queue
[2026-08-27T12:13:59.252+0000] {logging_mixin.py:190} INFO - [2026-08-27T12:13:59.252+0000] {dagbag.py:588} INFO - Filling up the DagBag from /opt/airflow/dags/prod/airbyte_to_dbt_prod.py
[2026-08-27T12:13:59.277+0000] {processor.py:925} INFO - DAG(s) 'airbyte_to_dbt_pipeline_prod' retrieved from /opt/airflow/dags/prod/airbyte_to_dbt_prod.py
[2026-08-27T12:13:59.329+0000] {logging_mixin.py:190} INFO - [2026-08-27T12:13:59.328+0000] {dag.py:3239} INFO - Sync 1 DAGs
[2026-08-27T12:13:59.371+0000] {logging_mixin.py:190} INFO - [2026-08-27T12:13:59.371+0000] {dag.py:4180} INFO - Setting next_dagrun for airbyte_to_dbt_pipeline_prod to 2026-08-27 11:00:00+00:00, run_after=2026-08-27 12:00:00+00:00
[2026-08-27T12:13:59.401+0000] {processor.py:208} INFO - Processing /opt/airflow/dags/prod/airbyte_to_dbt_prod.py took 0.163 seconds
[2026-08-27T12:14:29.595+0000] {processor.py:186} INFO - Started process (PID=2075) to work on /opt/airflow/dags/prod/airbyte_to_dbt_prod.py
[2026-08-27T12:14:29.596+0000] {processor.py:914} INFO - Processing file /opt/airflow/dags/prod/airbyte_to_dbt_prod.py for tasks to queue
[2026-08-27T12:14:29.600+0000] {logging_mixin.py:190} INFO - [2026-08-27T12:14:29.599+0000] {dagbag.py:588} INFO - Filling up the DagBag from /opt/airflow/dags/prod/airbyte_to_dbt_prod.py
[2026-08-27T12:14:29.654+0000] {processor.py:925} INFO - DAG(s) 'airbyte_to_dbt_pipeline_prod' retrieved from /opt/airflow/dags/prod/airbyte_to_dbt_prod.py
[2026-08-27T12:14:29.693+0000] {logging_mixin.py:190} INFO - [2026-08-27T12:14:29.693+0000] {dag.py:3239} INFO - Sync 1 DAGs
[2026-08-27T12:14:29.726+0000] {logging_mixin.py:190} INFO - [2026-08-27T12:14:29.726+0000] {dag.py:4180} INFO - Setting next_dagrun for airbyte_to_dbt_pipeline_prod to 2026-08-27 11:00:00+00:00, run_after=2026-08-27 12:00:00+00:00
[2026-08-27T12:14:29.749+0000] {processor.py:208} INFO - Processing /opt/airflow/dags/prod/airbyte_to_dbt_prod.py took 0.179 seconds
[2026-08-27T12:14:59.930+0000] {processor.py:186} INFO - Started process (PID=2086) to work on /opt/airflow/dags/prod/airbyte_to_dbt_prod.py
[2026-08-27T12:14:59.932+0000] {processor.py:914} INFO - Processing file /opt/airflow/dags/prod/airbyte_to_dbt_prod.py for tasks to queue
[2026-08-27T12:14:59.936+0000] {logging_mixin.py:190} INFO - [2026-08-27T12:14:59.935+0000] {dagbag.py:588} INFO - Filling up the DagBag from /opt/airflow/dags/prod/airbyte_to_dbt_prod.py
[2026-08-27T12:14:59.969+0000] {processor.py:925} INFO - DAG(s) 'airbyte_to_dbt_pipeline_prod' retrieved from /opt/airflow/dags/prod/airbyte_to_dbt_prod.py
[2026-08-27T12:15:00.024+0000] {logging_mixin.py:190} INFO - [2026-08-27T12:15:00.023+0000] {dag.py:3239} INFO - Sync 1 DAGs
[2026-08-27T12:15:00.058+0000] {logging_mixin.py:190} INFO - [2026-08-27T12:15:00.058+0000] {dag.py:4180} INFO - Setting next_dagrun for airbyte_to_dbt_pipeline_prod to 2026-08-27 11:00:00+00:00, run_after=2026-08-27 12:00:00+00:00
[2026-08-27T12:15:00.081+0000] {processor.py:208} INFO - Processing /opt/airflow/dags/prod/airbyte_to_dbt_prod.py took 0.162 seconds
[2026-08-27T12:15:30.242+0000] {processor.py:186} INFO - Started process (PID=2096) to work on /opt/airflow/dags/prod/airbyte_to_dbt_prod.py
[2026-08-27T12:15:30.243+0000] {processor.py:914} INFO - Processing file /opt/airflow/dags/prod/airbyte_to_dbt_prod.py for tasks to queue
[2026-08-27T12:15:30.247+0000] {logging_mixin.py:190} INFO - [2026-08-27T12:15:30.246+0000] {dagbag.py:588} INFO - Filling up the DagBag from /opt/airflow/dags/prod/airbyte_to_dbt_prod.py
[2026-08-27T12:15:30.274+0000] {processor.py:925} INFO - DAG(s) 'airbyte_to_dbt_pipeline_prod' retrieved from /opt/airflow/dags/prod/airbyte_to_dbt_prod.py
[2026-08-27T12:15:30.323+0000] {logging_mixin.py:190} INFO - [2026-08-27T12:15:30.322+0000] {dag.py:3239} INFO - Sync 1 DAGs
[2026-08-27T12:15:30.366+0000] {logging_mixin.py:190} INFO - [2026-08-27T12:15:30.366+0000] {dag.py:4180} INFO - Setting next_dagrun for airbyte_to_dbt_pipeline_prod to 2026-08-27 11:00:00+00:00, run_after=2026-08-27 12:00:00+00:00
[2026-08-27T12:15:30.394+0000] {processor.py:208} INFO - Processing /opt/airflow/dags/prod/airbyte_to_dbt_prod.py took 0.161 seconds
[2026-08-27T12:16:00.548+0000] {processor.py:186} INFO - Started process (PID=2106) to work on /opt/airflow/dags/prod/airbyte_to_dbt_prod.py
[2026-08-27T12:16:00.549+0000] {processor.py:914} INFO - Processing file /opt/airflow/dags/prod/airbyte_to_dbt_prod.py for tasks to queue
[2026-08-27T12:16:00.552+0000] {logging_mixin.py:190} INFO - [2026-08-27T12:16:00.551+0000] {dagbag.py:588} INFO - Filling up the DagBag from /opt/airflow/dags/prod/airbyte_to_dbt_prod.py
[2026-08-27T12:16:00.580+0000] {processor.py:925} INFO - DAG(s) 'airbyte_to_dbt_pipeline_prod' retrieved from /opt/airflow/dags/prod/airbyte_to_dbt_prod.py
[2026-08-27T12:16:00.631+0000] {logging_mixin.py:190} INFO - [2026-08-27T12:16:00.631+0000] {dag.py:3239} INFO - Sync 1 DAGs
[2026-08-27T12:16:00.668+0000] {logging_mixin.py:190} INFO - [2026-08-27T12:16:00.668+0000] {dag.py:4180} INFO - Setting next_dagrun for airbyte_to_dbt_pipeline_prod to 2026-08-27 11:00:00+00:00, run_after=2026-08-27 12:00:00+00:00
[2026-08-27T12:16:00.693+0000] {processor.py:208} INFO - Processing /opt/airflow/dags/prod/airbyte_to_dbt_prod.py took 0.153 seconds
[2026-08-27T12:16:30.869+0000] {processor.py:186} INFO - Started process (PID=2116) to work on /opt/airflow/dags/prod/airbyte_to_dbt_prod.py
[2026-08-27T12:16:30.870+0000] {processor.py:914} INFO - Processing file /opt/airflow/dags/prod/airbyte_to_dbt_prod.py for tasks to queue
[2026-08-27T12:16:30.875+0000] {logging_mixin.py:190} INFO - [2026-08-27T12:16:30.874+0000] {dagbag.py:588} INFO - Filling up the DagBag from /opt/airflow/dags/prod/airbyte_to_dbt_prod.py
[2026-08-27T12:16:30.899+0000] {processor.py:925} INFO - DAG(s) 'airbyte_to_dbt_pipeline_prod' retrieved from /opt/airflow/dags/prod/airbyte_to_dbt_prod.py
[2026-08-27T12:16:30.940+0000] {logging_mixin.py:190} INFO - [2026-08-27T12:16:30.940+0000] {dag.py:3239} INFO - Sync 1 DAGs
[2026-08-27T12:16:30.978+0000] {logging_mixin.py:190} INFO - [2026-08-27T12:16:30.978+0000] {dag.py:4180} INFO - Setting next_dagrun for airbyte_to_dbt_pipeline_prod to 2026-08-27 11:00:00+00:00, run_after=2026-08-27 12:00:00+00:00
[2026-08-27T12:16:31.001+0000] {processor.py:208} INFO - Processing /opt/airflow/dags/prod/airbyte_to_dbt_prod.py took 0.142 seconds
[2026-08-27T12:17:01.157+0000] {processor.py:186} INFO - Started process (PID=2126) to work on /opt/airflow/dags/prod/airbyte_to_dbt_prod.py
[2026-08-27T12:17:01.159+0000] {processor.py:914} INFO - Processing file /opt/airflow/dags/prod/airbyte_to_dbt_prod.py for tasks to queue
[2026-08-27T12:17:01.163+0000] {logging_mixin.py:190} INFO - [2026-08-27T12:17:01.162+0000] {dagbag.py:588} INFO - Filling up the DagBag from /opt/airflow/dags/prod/airbyte_to_dbt_prod.py
[2026-08-27T12:17:01.192+0000] {processor.py:925} INFO - DAG(s) 'airbyte_to_dbt_pipeline_prod' retrieved from /opt/airflow/dags/prod/airbyte_to_dbt_prod.py
[2026-08-27T12:17:01.240+0000] {logging_mixin.py:190} INFO - [2026-08-27T12:17:01.240+0000] {dag.py:3239} INFO - Sync 1 DAGs
[2026-08-27T12:17:01.277+0000] {logging_mixin.py:190} INFO - [2026-08-27T12:17:01.277+0000] {dag.py:4180} INFO - Setting next_dagrun for airbyte_to_dbt_pipeline_prod to 2026-08-27 11:00:00+00:00, run_after=2026-08-27 12:00:00+00:00
[2026-08-27T12:17:01.301+0000] {processor.py:208} INFO - Processing /opt/airflow/dags/prod/airbyte_to_dbt_prod.py took 0.153 seconds
[2026-08-27T12:17:31.479+0000] {processor.py:186} INFO - Started process (PID=2136) to work on /opt/airflow/dags/prod/airbyte_to_dbt_prod.py
[2026-08-27T12:17:31.480+0000] {processor.py:914} INFO - Processing file /opt/airflow/dags/prod/airbyte_to_dbt_prod.py for tasks to queue
[2026-08-27T12:17:31.483+0000] {logging_mixin.py:190} INFO - [2026-08-27T12:17:31.483+0000] {dagbag.py:588} INFO - Filling up the DagBag from /opt/airflow/dags/prod/airbyte_to_dbt_prod.py
[2026-08-27T12:17:31.506+0000] {processor.py:925} INFO - DAG(s) 'airbyte_to_dbt_pipeline_prod' retrieved from /opt/airflow/dags/prod/airbyte_to_dbt_prod.py
[2026-08-27T12:17:31.553+0000] {logging_mixin.py:190} INFO - [2026-08-27T12:17:31.552+0000] {dag.py:3239} INFO - Sync 1 DAGs
[2026-08-27T12:17:31.582+0000] {logging_mixin.py:190} INFO - [2026-08-27T12:17:31.581+0000] {dag.py:4180} INFO - Setting next_dagrun for airbyte_to_dbt_pipeline_prod to 2026-08-27 11:00:00+00:00, run_after=2026-08-27 12:00:00+00:00
[2026-08-27T12:17:31.604+0000] {processor.py:208} INFO - Processing /opt/airflow/dags/prod/airbyte_to_dbt_prod.py took 0.134 seconds
[2026-08-27T12:18:01.767+0000] {processor.py:186} INFO - Started process (PID=2146) to work on /opt/airflow/dags/prod/airbyte_to_dbt_prod.py
[2026-08-27T12:18:01.768+0000] {processor.py:914} INFO - Processing file /opt/airflow/dags/prod/airbyte_to_dbt_prod.py for tasks to queue
[2026-08-27T12:18:01.771+0000] {logging_mixin.py:190} INFO - [2026-08-27T12:18:01.770+0000] {dagbag.py:588} INFO - Filling up the DagBag from /opt/airflow/dags/prod/airbyte_to_dbt_prod.py
[2026-08-27T12:18:01.796+0000] {processor.py:925} INFO - DAG(s) 'airbyte_to_dbt_pipeline_prod' retrieved from /opt/airflow/dags/prod/airbyte_to_dbt_prod.py
[2026-08-27T12:18:01.848+0000] {logging_mixin.py:190} INFO - [2026-08-27T12:18:01.848+0000] {dag.py:3239} INFO - Sync 1 DAGs
[2026-08-27T12:18:01.889+0000] {logging_mixin.py:190} INFO - [2026-08-27T12:18:01.889+0000] {dag.py:4180} INFO - Setting next_dagrun for airbyte_to_dbt_pipeline_prod to 2026-08-27 11:00:00+00:00, run_after=2026-08-27 12:00:00+00:00
[2026-08-27T12:18:01.913+0000] {processor.py:208} INFO - Processing /opt/airflow/dags/prod/airbyte_to_dbt_prod.py took 0.157 seconds
[2026-08-27T12:18:32.075+0000] {processor.py:186} INFO - Started process (PID=2156) to work on /opt/airflow/dags/prod/airbyte_to_dbt_prod.py
[2026-08-27T12:18:32.077+0000] {processor.py:914} INFO - Processing file /opt/airflow/dags/prod/airbyte_to_dbt_prod.py for tasks to queue
[2026-08-27T12:18:32.079+0000] {logging_mixin.py:190} INFO - [2026-08-27T12:18:32.079+0000] {dagbag.py:588} INFO - Filling up the DagBag from /opt/airflow/dags/prod/airbyte_to_dbt_prod.py
[2026-08-27T12:18:32.101+0000] {processor.py:925} INFO - DAG(s) 'airbyte_to_dbt_pipeline_prod' retrieved from /opt/airflow/dags/prod/airbyte_to_dbt_prod.py
[2026-08-27T12:18:32.153+0000] {logging_mixin.py:190} INFO - [2026-08-27T12:18:32.153+0000] {dag.py:3239} INFO - Sync 1 DAGs
[2026-08-27T12:18:32.190+0000] {logging_mixin.py:190} INFO - [2026-08-27T12:18:32.190+0000] {dag.py:4180} INFO - Setting next_dagrun for airbyte_to_dbt_pipeline_prod to 2026-08-27 11:00:00+00:00, run_after=2026-08-27 12:00:00+00:00
[2026-08-27T12:18:32.214+0000] {processor.py:208} INFO - Processing /opt/airflow/dags/prod/airbyte_to_dbt_prod.py took 0.147 seconds
[2026-08-27T12:19:02.391+0000] {processor.py:186} INFO - Started process (PID=2166) to work on /opt/airflow/dags/prod/airbyte_to_dbt_prod.py
[2026-08-27T12:19:02.392+0000] {processor.py:914} INFO - Processing file /opt/airflow/dags/prod/airbyte_to_dbt_prod.py for tasks to queue
[2026-08-27T12:19:02.397+0000] {logging_mixin.py:190} INFO - [2026-08-27T12:19:02.396+0000] {dagbag.py:588} INFO - Filling up the DagBag from /opt/airflow/dags/prod/airbyte_to_dbt_prod.py
[2026-08-27T12:19:02.425+0000] {processor.py:925} INFO - DAG(s) 'airbyte_to_dbt_pipeline_prod' retrieved from /opt/airflow/dags/prod/airbyte_to_dbt_prod.py
[2026-08-27T12:19:02.475+0000] {logging_mixin.py:190} INFO - [2026-08-27T12:19:02.475+0000] {dag.py:3239} INFO - Sync 1 DAGs
[2026-08-27T12:19:02.515+0000] {logging_mixin.py:190} INFO - [2026-08-27T12:19:02.514+0000] {dag.py:4180} INFO - Setting next_dagrun for airbyte_to_dbt_pipeline_prod to 2026-08-27 11:00:00+00:00, run_after=2026-08-27 12:00:00+00:00
[2026-08-27T12:19:02.539+0000] {processor.py:208} INFO - Processing /opt/airflow/dags/prod/airbyte_to_dbt_prod.py took 0.161 seconds
[2026-08-27T12:19:32.701+0000] {processor.py:186} INFO - Started process (PID=2176) to work on /opt/airflow/dags/prod/airbyte_to_dbt_prod.py
[2026-08-27T12:19:32.702+0000] {processor.py:914} INFO - Processing file /opt/airflow/dags/prod/airbyte_to_dbt_prod.py for tasks to queue
[2026-08-27T12:19:32.705+0000] {logging_mixin.py:190} INFO - [2026-08-27T12:19:32.705+0000] {dagbag.py:588} INFO - Filling up the DagBag from /opt/airflow/dags/prod/airbyte_to_dbt_prod.py
[2026-08-27T12:19:32.727+0000] {processor.py:925} INFO - DAG(s) 'airbyte_to_dbt_pipeline_prod' retrieved from /opt/airflow/dags/prod/airbyte_to_dbt_prod.py
[2026-08-27T12:19:32.776+0000] {logging_mixin.py:190} INFO - [2026-08-27T12:19:32.776+0000] {dag.py:3239} INFO - Sync 1 DAGs
[2026-08-27T12:19:32.814+0000] {logging_mixin.py:190} INFO - [2026-08-27T12:19:32.813+0000] {dag.py:4180} INFO - Setting next_dagrun for airbyte_to_dbt_pipeline_prod to 2026-08-27 11:00:00+00:00, run_after=2026-08-27 12:00:00+00:00
[2026-08-27T12:19:32.838+0000] {processor.py:208} INFO - Processing /opt/airflow/dags/prod/airbyte_to_dbt_prod.py took 0.146 seconds
[2026-08-27T12:20:03.001+0000] {processor.py:186} INFO - Started process (PID=2186) to work on /opt/airflow/dags/prod/airbyte_to_dbt_prod.py
[2026-08-27T12:20:03.002+0000] {processor.py:914} INFO - Processing file /opt/airflow/dags/prod/airbyte_to_dbt_prod.py for tasks to queue
[2026-08-27T12:20:03.005+0000] {logging_mixin.py:190} INFO - [2026-08-27T12:20:03.005+0000] {dagbag.py:588} INFO - Filling up the DagBag from /opt/airflow/dags/prod/airbyte_to_dbt_prod.py
[2026-08-27T12:20:03.030+0000] {processor.py:925} INFO - DAG(s) 'airbyte_to_dbt_pipeline_prod' retrieved from /opt/airflow/dags/prod/airbyte_to_dbt_prod.py
[2026-08-27T12:20:03.069+0000] {logging_mixin.py:190} INFO - [2026-08-27T12:20:03.069+0000] {dag.py:3239} INFO - Sync 1 DAGs
[2026-08-27T12:20:03.102+0000] {logging_mixin.py:190} INFO - [2026-08-27T12:20:03.101+0000] {dag.py:4180} INFO - Setting next_dagrun for airbyte_to_dbt_pipeline_prod to 2026-08-27 11:00:00+00:00, run_after=2026-08-27 12:00:00+00:00
[2026-08-27T12:20:03.123+0000] {processor.py:208} INFO - Processing /opt/airflow/dags/prod/airbyte_to_dbt_prod.py took 0.130 seconds
[2026-08-27T12:20:33.284+0000] {processor.py:186} INFO - Started process (PID=2196) to work on /opt/airflow/dags/prod/airbyte_to_dbt_prod.py
[2026-08-27T12:20:33.285+0000] {processor.py:914} INFO - Processing file /opt/airflow/dags/prod/airbyte_to_dbt_prod.py for tasks to queue
[2026-08-27T12:20:33.288+0000] {logging_mixin.py:190} INFO - [2026-08-27T12:20:33.288+0000] {dagbag.py:588} INFO - Filling up the DagBag from /opt/airflow/dags/prod/airbyte_to_dbt_prod.py
[2026-08-27T12:20:33.311+0000] {processor.py:925} INFO - DAG(s) 'airbyte_to_dbt_pipeline_prod' retrieved from /opt/airflow/dags/prod/airbyte_to_dbt_prod.py
[2026-08-27T12:20:33.354+0000] {logging_mixin.py:190} INFO - [2026-08-27T12:20:33.354+0000] {dag.py:3239} INFO - Sync 1 DAGs
[2026-08-27T12:20:33.393+0000] {logging_mixin.py:190} INFO - [2026-08-27T12:20:33.393+0000] {dag.py:4180} INFO - Setting next_dagrun for airbyte_to_dbt_pipeline_prod to 2026-08-27 11:00:00+00:00, run_after=2026-08-27 12:00:00+00:00
[2026-08-27T12:20:33.418+0000] {processor.py:208} INFO - Processing /opt/airflow/dags/prod/airbyte_to_dbt_prod.py took 0.142 seconds
[2026-08-27T12:21:03.586+0000] {processor.py:186} INFO - Started process (PID=2206) to work on /opt/airflow/dags/prod/airbyte_to_dbt_prod.py
[2026-08-27T12:21:03.587+0000] {processor.py:914} INFO - Processing file /opt/airflow/dags/prod/airbyte_to_dbt_prod.py for tasks to queue
[2026-08-27T12:21:03.590+0000] {logging_mixin.py:190} INFO - [2026-08-27T12:21:03.590+0000] {dagbag.py:588} INFO - Filling up the DagBag from /opt/airflow/dags/prod/airbyte_to_dbt_prod.py
[2026-08-27T12:21:03.612+0000] {processor.py:925} INFO - DAG(s) 'airbyte_to_dbt_pipeline_prod' retrieved from /opt/airflow/dags/prod/airbyte_to_dbt_prod.py
[2026-08-27T12:21:03.652+0000] {logging_mixin.py:190} INFO - [2026-08-27T12:21:03.652+0000] {dag.py:3239} INFO - Sync 1 DAGs
[2026-08-27T12:21:03.683+0000] {logging_mixin.py:190} INFO - [2026-08-27T12:21:03.683+0000] {dag.py:4180} INFO - Setting next_dagrun for airbyte_to_dbt_pipeline_prod to 2026-08-27 11:00:00+00:00, run_after=2026-08-27 12:00:00+00:00
[2026-08-27T12:21:03.706+0000] {processor.py:208} INFO - Processing /opt/airflow/dags/prod/airbyte_to_dbt_prod.py took 0.129 seconds
[2026-08-27T12:21:33.878+0000] {processor.py:186} INFO - Started process (PID=2216) to work on /opt/airflow/dags/prod/airbyte_to_dbt_prod.py
[2026-08-27T12:21:33.880+0000] {processor.py:914} INFO - Processing file /opt/airflow/dags/prod/airbyte_to_dbt_prod.py for tasks to queue
[2026-08-27T12:21:33.883+0000] {logging_mixin.py:190} INFO - [2026-08-27T12:21:33.882+0000] {dagbag.py:588} INFO - Filling up the DagBag from /opt/airflow/dags/prod/airbyte_to_dbt_prod.py
[2026-08-27T12:21:33.907+0000] {processor.py:925} INFO - DAG(s) 'airbyte_to_dbt_pipeline_prod' retrieved from /opt/airflow/dags/prod/airbyte_to_dbt_prod.py
[2026-08-27T12:21:33.948+0000] {logging_mixin.py:190} INFO - [2026-08-27T12:21:33.948+0000] {dag.py:3239} INFO - Sync 1 DAGs
[2026-08-27T12:21:33.981+0000] {logging_mixin.py:190} INFO - [2026-08-27T12:21:33.981+0000] {dag.py:4180} INFO - Setting next_dagrun for airbyte_to_dbt_pipeline_prod to 2026-08-27 11:00:00+00:00, run_after=2026-08-27 12:00:00+00:00
[2026-08-27T12:21:34.006+0000] {processor.py:208} INFO - Processing /opt/airflow/dags/prod/airbyte_to_dbt_prod.py took 0.138 seconds
[2026-08-27T12:29:07.785+0000] {processor.py:186} INFO - Started process (PID=2226) to work on /opt/airflow/dags/prod/airbyte_to_dbt_prod.py
[2026-08-27T12:29:07.793+0000] {processor.py:914} INFO - Processing file /opt/airflow/dags/prod/airbyte_to_dbt_prod.py for tasks to queue
[2026-08-27T12:29:07.799+0000] {logging_mixin.py:190} INFO - [2026-08-27T12:29:07.798+0000] {dagbag.py:588} INFO - Filling up the DagBag from /opt/airflow/dags/prod/airbyte_to_dbt_prod.py
[2026-08-27T12:29:07.844+0000] {processor.py:925} INFO - DAG(s) 'airbyte_to_dbt_pipeline_prod' retrieved from /opt/airflow/dags/prod/airbyte_to_dbt_prod.py
[2026-08-27T12:29:07.927+0000] {logging_mixin.py:190} INFO - [2026-08-27T12:29:07.926+0000] {dag.py:3239} INFO - Sync 1 DAGs
[2026-08-27T12:29:07.981+0000] {logging_mixin.py:190} INFO - [2026-08-27T12:29:07.981+0000] {dag.py:4180} INFO - Setting next_dagrun for airbyte_to_dbt_pipeline_prod to 2026-08-27 11:00:00+00:00, run_after=2026-08-27 12:00:00+00:00
[2026-08-27T12:29:08.052+0000] {processor.py:208} INFO - Processing /opt/airflow/dags/prod/airbyte_to_dbt_prod.py took 0.300 seconds
[2026-08-27T12:29:38.122+0000] {processor.py:186} INFO - Started process (PID=2236) to work on /opt/airflow/dags/prod/airbyte_to_dbt_prod.py
[2026-08-27T12:29:38.123+0000] {processor.py:914} INFO - Processing file /opt/airflow/dags/prod/airbyte_to_dbt_prod.py for tasks to queue
[2026-08-27T12:29:38.127+0000] {logging_mixin.py:190} INFO - [2026-08-27T12:29:38.127+0000] {dagbag.py:588} INFO - Filling up the DagBag from /opt/airflow/dags/prod/airbyte_to_dbt_prod.py
[2026-08-27T12:29:38.161+0000] {processor.py:925} INFO - DAG(s) 'airbyte_to_dbt_pipeline_prod' retrieved from /opt/airflow/dags/prod/airbyte_to_dbt_prod.py
[2026-08-27T12:29:38.219+0000] {logging_mixin.py:190} INFO - [2026-08-27T12:29:38.218+0000] {dag.py:3239} INFO - Sync 1 DAGs
[2026-08-27T12:29:38.271+0000] {logging_mixin.py:190} INFO - [2026-08-27T12:29:38.271+0000] {dag.py:4180} INFO - Setting next_dagrun for airbyte_to_dbt_pipeline_prod to 2026-08-27 11:00:00+00:00, run_after=2026-08-27 12:00:00+00:00
[2026-08-27T12:29:38.299+0000] {processor.py:208} INFO - Processing /opt/airflow/dags/prod/airbyte_to_dbt_prod.py took 0.197 seconds
[2026-08-27T12:30:08.480+0000] {processor.py:186} INFO - Started process (PID=2246) to work on /opt/airflow/dags/prod/airbyte_to_dbt_prod.py
[2026-08-27T12:30:08.481+0000] {processor.py:914} INFO - Processing file /opt/airflow/dags/prod/airbyte_to_dbt_prod.py for tasks to queue
[2026-08-27T12:30:08.484+0000] {logging_mixin.py:190} INFO - [2026-08-27T12:30:08.484+0000] {dagbag.py:588} INFO - Filling up the DagBag from /opt/airflow/dags/prod/airbyte_to_dbt_prod.py
[2026-08-27T12:30:08.507+0000] {processor.py:925} INFO - DAG(s) 'airbyte_to_dbt_pipeline_prod' retrieved from /opt/airflow/dags/prod/airbyte_to_dbt_prod.py
[2026-08-27T12:30:08.561+0000] {logging_mixin.py:190} INFO - [2026-08-27T12:30:08.561+0000] {dag.py:3239} INFO - Sync 1 DAGs
[2026-08-27T12:30:08.598+0000] {logging_mixin.py:190} INFO - [2026-08-27T12:30:08.598+0000] {dag.py:4180} INFO - Setting next_dagrun for airbyte_to_dbt_pipeline_prod to 2026-08-27 11:00:00+00:00, run_after=2026-08-27 12:00:00+00:00
[2026-08-27T12:30:08.630+0000] {processor.py:208} INFO - Processing /opt/airflow/dags/prod/airbyte_to_dbt_prod.py took 0.160 seconds
[2026-08-27T12:30:38.826+0000] {processor.py:186} INFO - Started process (PID=2256) to work on /opt/airflow/dags/prod/airbyte_to_dbt_prod.py
[2026-08-27T12:30:38.827+0000] {processor.py:914} INFO - Processing file /opt/airflow/dags/prod/airbyte_to_dbt_prod.py for tasks to queue
[2026-08-27T12:30:38.831+0000] {logging_mixin.py:190} INFO - [2026-08-27T12:30:38.830+0000] {dagbag.py:588} INFO - Filling up the DagBag from /opt/airflow/dags/prod/airbyte_to_dbt_prod.py
[2026-08-27T12:30:38.851+0000] {processor.py:925} INFO - DAG(s) 'airbyte_to_dbt_pipeline_prod' retrieved from /opt/airflow/dags/prod/airbyte_to_dbt_prod.py
[2026-08-27T12:30:38.892+0000] {logging_mixin.py:190} INFO - [2026-08-27T12:30:38.892+0000] {dag.py:3239} INFO - Sync 1 DAGs
[2026-08-27T12:30:38.933+0000] {logging_mixin.py:190} INFO - [2026-08-27T12:30:38.933+0000] {dag.py:4180} INFO - Setting next_dagrun for airbyte_to_dbt_pipeline_prod to 2026-08-27 11:00:00+00:00, run_after=2026-08-27 12:00:00+00:00
[2026-08-27T12:30:38.964+0000] {processor.py:208} INFO - Processing /opt/airflow/dags/prod/airbyte_to_dbt_prod.py took 0.147 seconds
[2026-08-27T12:31:09.141+0000] {processor.py:186} INFO - Started process (PID=2266) to work on /opt/airflow/dags/prod/airbyte_to_dbt_prod.py
[2026-08-27T12:31:09.142+0000] {processor.py:914} INFO - Processing file /opt/airflow/dags/prod/airbyte_to_dbt_prod.py for tasks to queue
[2026-08-27T12:31:09.146+0000] {logging_mixin.py:190} INFO - [2026-08-27T12:31:09.145+0000] {dagbag.py:588} INFO - Filling up the DagBag from /opt/airflow/dags/prod/airbyte_to_dbt_prod.py
[2026-08-27T12:31:09.172+0000] {processor.py:925} INFO - DAG(s) 'airbyte_to_dbt_pipeline_prod' retrieved from /opt/airflow/dags/prod/airbyte_to_dbt_prod.py
[2026-08-27T12:31:09.226+0000] {logging_mixin.py:190} INFO - [2026-08-27T12:31:09.226+0000] {dag.py:3239} INFO - Sync 1 DAGs
[2026-08-27T12:31:09.263+0000] {logging_mixin.py:190} INFO - [2026-08-27T12:31:09.263+0000] {dag.py:4180} INFO - Setting next_dagrun for airbyte_to_dbt_pipeline_prod to 2026-08-27 11:00:00+00:00, run_after=2026-08-27 12:00:00+00:00
[2026-08-27T12:31:09.290+0000] {processor.py:208} INFO - Processing /opt/airflow/dags/prod/airbyte_to_dbt_prod.py took 0.160 seconds
[2026-08-27T12:31:39.515+0000] {processor.py:186} INFO - Started process (PID=2274) to work on /opt/airflow/dags/prod/airbyte_to_dbt_prod.py
[2026-08-27T12:31:39.517+0000] {processor.py:914} INFO - Processing file /opt/airflow/dags/prod/airbyte_to_dbt_prod.py for tasks to queue
[2026-08-27T12:31:39.526+0000] {logging_mixin.py:190} INFO - [2026-08-27T12:31:39.526+0000] {dagbag.py:588} INFO - Filling up the DagBag from /opt/airflow/dags/prod/airbyte_to_dbt_prod.py
[2026-08-27T12:31:39.577+0000] {processor.py:925} INFO - DAG(s) 'airbyte_to_dbt_pipeline_prod' retrieved from /opt/airflow/dags/prod/airbyte_to_dbt_prod.py
[2026-08-27T12:31:39.632+0000] {logging_mixin.py:190} INFO - [2026-08-27T12:31:39.631+0000] {dag.py:3239} INFO - Sync 1 DAGs
[2026-08-27T12:31:39.710+0000] {logging_mixin.py:190} INFO - [2026-08-27T12:31:39.710+0000] {dag.py:4180} INFO - Setting next_dagrun for airbyte_to_dbt_pipeline_prod to 2026-08-27 11:00:00+00:00, run_after=2026-08-27 12:00:00+00:00
[2026-08-27T12:31:39.759+0000] {processor.py:208} INFO - Processing /opt/airflow/dags/prod/airbyte_to_dbt_prod.py took 0.266 seconds
[2026-08-27T12:32:09.954+0000] {processor.py:186} INFO - Started process (PID=2285) to work on /opt/airflow/dags/prod/airbyte_to_dbt_prod.py
[2026-08-27T12:32:09.955+0000] {processor.py:914} INFO - Processing file /opt/airflow/dags/prod/airbyte_to_dbt_prod.py for tasks to queue
[2026-08-27T12:32:09.961+0000] {logging_mixin.py:190} INFO - [2026-08-27T12:32:09.960+0000] {dagbag.py:588} INFO - Filling up the DagBag from /opt/airflow/dags/prod/airbyte_to_dbt_prod.py
[2026-08-27T12:32:10.018+0000] {processor.py:925} INFO - DAG(s) 'airbyte_to_dbt_pipeline_prod' retrieved from /opt/airflow/dags/prod/airbyte_to_dbt_prod.py
[2026-08-27T12:32:10.223+0000] {logging_mixin.py:190} INFO - [2026-08-27T12:32:10.222+0000] {dag.py:3239} INFO - Sync 1 DAGs
[2026-08-27T12:32:10.342+0000] {logging_mixin.py:190} INFO - [2026-08-27T12:32:10.342+0000] {dag.py:4180} INFO - Setting next_dagrun for airbyte_to_dbt_pipeline_prod to 2026-08-27 11:00:00+00:00, run_after=2026-08-27 12:00:00+00:00
[2026-08-27T12:32:10.377+0000] {processor.py:208} INFO - Processing /opt/airflow/dags/prod/airbyte_to_dbt_prod.py took 0.432 seconds
[2026-08-27T12:32:40.565+0000] {processor.py:186} INFO - Started process (PID=2296) to work on /opt/airflow/dags/prod/airbyte_to_dbt_prod.py
[2026-08-27T12:32:40.566+0000] {processor.py:914} INFO - Processing file /opt/airflow/dags/prod/airbyte_to_dbt_prod.py for tasks to queue
[2026-08-27T12:32:40.571+0000] {logging_mixin.py:190} INFO - [2026-08-27T12:32:40.570+0000] {dagbag.py:588} INFO - Filling up the DagBag from /opt/airflow/dags/prod/airbyte_to_dbt_prod.py
[2026-08-27T12:32:40.601+0000] {processor.py:925} INFO - DAG(s) 'airbyte_to_dbt_pipeline_prod' retrieved from /opt/airflow/dags/prod/airbyte_to_dbt_prod.py
[2026-08-27T12:32:40.665+0000] {logging_mixin.py:190} INFO - [2026-08-27T12:32:40.665+0000] {dag.py:3239} INFO - Sync 1 DAGs
[2026-08-27T12:32:40.720+0000] {logging_mixin.py:190} INFO - [2026-08-27T12:32:40.720+0000] {dag.py:4180} INFO - Setting next_dagrun for airbyte_to_dbt_pipeline_prod to 2026-08-27 11:00:00+00:00, run_after=2026-08-27 12:00:00+00:00
[2026-08-27T12:32:40.753+0000] {processor.py:208} INFO - Processing /opt/airflow/dags/prod/airbyte_to_dbt_prod.py took 0.196 seconds
[2026-08-27T12:33:10.938+0000] {processor.py:186} INFO - Started process (PID=2306) to work on /opt/airflow/dags/prod/airbyte_to_dbt_prod.py
[2026-08-27T12:33:10.939+0000] {processor.py:914} INFO - Processing file /opt/airflow/dags/prod/airbyte_to_dbt_prod.py for tasks to queue
[2026-08-27T12:33:10.943+0000] {logging_mixin.py:190} INFO - [2026-08-27T12:33:10.943+0000] {dagbag.py:588} INFO - Filling up the DagBag from /opt/airflow/dags/prod/airbyte_to_dbt_prod.py
[2026-08-27T12:33:10.972+0000] {processor.py:925} INFO - DAG(s) 'airbyte_to_dbt_pipeline_prod' retrieved from /opt/airflow/dags/prod/airbyte_to_dbt_prod.py
[2026-08-27T12:33:11.015+0000] {logging_mixin.py:190} INFO - [2026-08-27T12:33:11.014+0000] {dag.py:3239} INFO - Sync 1 DAGs
[2026-08-27T12:33:11.051+0000] {logging_mixin.py:190} INFO - [2026-08-27T12:33:11.050+0000] {dag.py:4180} INFO - Setting next_dagrun for airbyte_to_dbt_pipeline_prod to 2026-08-27 11:00:00+00:00, run_after=2026-08-27 12:00:00+00:00
[2026-08-27T12:33:11.077+0000] {processor.py:208} INFO - Processing /opt/airflow/dags/prod/airbyte_to_dbt_prod.py took 0.151 seconds
[2026-08-27T12:33:41.246+0000] {processor.py:186} INFO - Started process (PID=2316) to work on /opt/airflow/dags/prod/airbyte_to_dbt_prod.py
[2026-08-27T12:33:41.248+0000] {processor.py:914} INFO - Processing file /opt/airflow/dags/prod/airbyte_to_dbt_prod.py for tasks to queue
[2026-08-27T12:33:41.252+0000] {logging_mixin.py:190} INFO - [2026-08-27T12:33:41.251+0000] {dagbag.py:588} INFO - Filling up the DagBag from /opt/airflow/dags/prod/airbyte_to_dbt_prod.py
[2026-08-27T12:33:41.279+0000] {processor.py:925} INFO - DAG(s) 'airbyte_to_dbt_pipeline_prod' retrieved from /opt/airflow/dags/prod/airbyte_to_dbt_prod.py
[2026-08-27T12:33:41.318+0000] {logging_mixin.py:190} INFO - [2026-08-27T12:33:41.318+0000] {dag.py:3239} INFO - Sync 1 DAGs
[2026-08-27T12:33:41.353+0000] {logging_mixin.py:190} INFO - [2026-08-27T12:33:41.352+0000] {dag.py:4180} INFO - Setting next_dagrun for airbyte_to_dbt_pipeline_prod to 2026-08-27 11:00:00+00:00, run_after=2026-08-27 12:00:00+00:00
[2026-08-27T12:33:41.377+0000] {processor.py:208} INFO - Processing /opt/airflow/dags/prod/airbyte_to_dbt_prod.py took 0.142 seconds
[2026-08-27T12:34:11.625+0000] {processor.py:186} INFO - Started process (PID=2326) to work on /opt/airflow/dags/prod/airbyte_to_dbt_prod.py
[2026-08-27T12:34:11.630+0000] {processor.py:914} INFO - Processing file /opt/airflow/dags/prod/airbyte_to_dbt_prod.py for tasks to queue
[2026-08-27T12:34:11.634+0000] {logging_mixin.py:190} INFO - [2026-08-27T12:34:11.633+0000] {dagbag.py:588} INFO - Filling up the DagBag from /opt/airflow/dags/prod/airbyte_to_dbt_prod.py
[2026-08-27T12:34:11.686+0000] {processor.py:925} INFO - DAG(s) 'airbyte_to_dbt_pipeline_prod' retrieved from /opt/airflow/dags/prod/airbyte_to_dbt_prod.py
[2026-08-27T12:34:11.752+0000] {logging_mixin.py:190} INFO - [2026-08-27T12:34:11.751+0000] {dag.py:3239} INFO - Sync 1 DAGs
[2026-08-27T12:34:11.802+0000] {logging_mixin.py:190} INFO - [2026-08-27T12:34:11.802+0000] {dag.py:4180} INFO - Setting next_dagrun for airbyte_to_dbt_pipeline_prod to 2026-08-27 11:00:00+00:00, run_after=2026-08-27 12:00:00+00:00
[2026-08-27T12:34:11.843+0000] {processor.py:208} INFO - Processing /opt/airflow/dags/prod/airbyte_to_dbt_prod.py took 0.240 seconds
[2026-08-27T12:34:42.009+0000] {processor.py:186} INFO - Started process (PID=2336) to work on /opt/airflow/dags/prod/airbyte_to_dbt_prod.py
[2026-08-27T12:34:42.010+0000] {processor.py:914} INFO - Processing file /opt/airflow/dags/prod/airbyte_to_dbt_prod.py for tasks to queue
[2026-08-27T12:34:42.013+0000] {logging_mixin.py:190} INFO - [2026-08-27T12:34:42.013+0000] {dagbag.py:588} INFO - Filling up the DagBag from /opt/airflow/dags/prod/airbyte_to_dbt_prod.py
[2026-08-27T12:34:42.036+0000] {processor.py:925} INFO - DAG(s) 'airbyte_to_dbt_pipeline_prod' retrieved from /opt/airflow/dags/prod/airbyte_to_dbt_prod.py
[2026-08-27T12:34:42.076+0000] {logging_mixin.py:190} INFO - [2026-08-27T12:34:42.076+0000] {dag.py:3239} INFO - Sync 1 DAGs
[2026-08-27T12:34:42.107+0000] {logging_mixin.py:190} INFO - [2026-08-27T12:34:42.106+0000] {dag.py:4180} INFO - Setting next_dagrun for airbyte_to_dbt_pipeline_prod to 2026-08-27 11:00:00+00:00, run_after=2026-08-27 12:00:00+00:00
[2026-08-27T12:34:42.130+0000] {processor.py:208} INFO - Processing /opt/airflow/dags/prod/airbyte_to_dbt_prod.py took 0.129 seconds
[2026-08-27T12:35:12.319+0000] {processor.py:186} INFO - Started process (PID=2346) to work on /opt/airflow/dags/prod/airbyte_to_dbt_prod.py
[2026-08-27T12:35:12.320+0000] {processor.py:914} INFO - Processing file /opt/airflow/dags/prod/airbyte_to_dbt_prod.py for tasks to queue
[2026-08-27T12:35:12.324+0000] {logging_mixin.py:190} INFO - [2026-08-27T12:35:12.324+0000] {dagbag.py:588} INFO - Filling up the DagBag from /opt/airflow/dags/prod/airbyte_to_dbt_prod.py
[2026-08-27T12:35:12.353+0000] {processor.py:925} INFO - DAG(s) 'airbyte_to_dbt_pipeline_prod' retrieved from /opt/airflow/dags/prod/airbyte_to_dbt_prod.py
[2026-08-27T12:35:12.405+0000] {logging_mixin.py:190} INFO - [2026-08-27T12:35:12.405+0000] {dag.py:3239} INFO - Sync 1 DAGs
[2026-08-27T12:35:12.441+0000] {logging_mixin.py:190} INFO - [2026-08-27T12:35:12.441+0000] {dag.py:4180} INFO - Setting next_dagrun for airbyte_to_dbt_pipeline_prod to 2026-08-27 11:00:00+00:00, run_after=2026-08-27 12:00:00+00:00
[2026-08-27T12:35:12.465+0000] {processor.py:208} INFO - Processing /opt/airflow/dags/prod/airbyte_to_dbt_prod.py took 0.156 seconds
[2026-08-27T12:35:42.629+0000] {processor.py:186} INFO - Started process (PID=2356) to work on /opt/airflow/dags/prod/airbyte_to_dbt_prod.py
[2026-08-27T12:35:42.630+0000] {processor.py:914} INFO - Processing file /opt/airflow/dags/prod/airbyte_to_dbt_prod.py for tasks to queue
[2026-08-27T12:35:42.633+0000] {logging_mixin.py:190} INFO - [2026-08-27T12:35:42.633+0000] {dagbag.py:588} INFO - Filling up the DagBag from /opt/airflow/dags/prod/airbyte_to_dbt_prod.py
[2026-08-27T12:35:42.659+0000] {processor.py:925} INFO - DAG(s) 'airbyte_to_dbt_pipeline_prod' retrieved from /opt/airflow/dags/prod/airbyte_to_dbt_prod.py
[2026-08-27T12:35:42.705+0000] {logging_mixin.py:190} INFO - [2026-08-27T12:35:42.704+0000] {dag.py:3239} INFO - Sync 1 DAGs
[2026-08-27T12:35:42.735+0000] {logging_mixin.py:190} INFO - [2026-08-27T12:35:42.734+0000] {dag.py:4180} INFO - Setting next_dagrun for airbyte_to_dbt_pipeline_prod to 2026-08-27 11:00:00+00:00, run_after=2026-08-27 12:00:00+00:00
[2026-08-27T12:35:42.758+0000] {processor.py:208} INFO - Processing /opt/airflow/dags/prod/airbyte_to_dbt_prod.py took 0.139 seconds
[2026-08-27T12:36:12.926+0000] {processor.py:186} INFO - Started process (PID=2366) to work on /opt/airflow/dags/prod/airbyte_to_dbt_prod.py
[2026-08-27T12:36:12.927+0000] {processor.py:914} INFO - Processing file /opt/airflow/dags/prod/airbyte_to_dbt_prod.py for tasks to queue
[2026-08-27T12:36:12.930+0000] {logging_mixin.py:190} INFO - [2026-08-27T12:36:12.930+0000] {dagbag.py:588} INFO - Filling up the DagBag from /opt/airflow/dags/prod/airbyte_to_dbt_prod.py
[2026-08-27T12:36:12.954+0000] {processor.py:925} INFO - DAG(s) 'airbyte_to_dbt_pipeline_prod' retrieved from /opt/airflow/dags/prod/airbyte_to_dbt_prod.py
[2026-08-27T12:36:13.005+0000] {logging_mixin.py:190} INFO - [2026-08-27T12:36:13.005+0000] {dag.py:3239} INFO - Sync 1 DAGs
[2026-08-27T12:36:13.041+0000] {logging_mixin.py:190} INFO - [2026-08-27T12:36:13.041+0000] {dag.py:4180} INFO - Setting next_dagrun for airbyte_to_dbt_pipeline_prod to 2026-08-27 11:00:00+00:00, run_after=2026-08-27 12:00:00+00:00
[2026-08-27T12:36:13.068+0000] {processor.py:208} INFO - Processing /opt/airflow/dags/prod/airbyte_to_dbt_prod.py took 0.151 seconds
[2026-08-27T12:36:43.241+0000] {processor.py:186} INFO - Started process (PID=2376) to work on /opt/airflow/dags/prod/airbyte_to_dbt_prod.py
[2026-08-27T12:36:43.243+0000] {processor.py:914} INFO - Processing file /opt/airflow/dags/prod/airbyte_to_dbt_prod.py for tasks to queue
[2026-08-27T12:36:43.246+0000] {logging_mixin.py:190} INFO - [2026-08-27T12:36:43.246+0000] {dagbag.py:588} INFO - Filling up the DagBag from /opt/airflow/dags/prod/airbyte_to_dbt_prod.py
[2026-08-27T12:36:43.274+0000] {processor.py:925} INFO - DAG(s) 'airbyte_to_dbt_pipeline_prod' retrieved from /opt/airflow/dags/prod/airbyte_to_dbt_prod.py
[2026-08-27T12:36:43.323+0000] {logging_mixin.py:190} INFO - [2026-08-27T12:36:43.323+0000] {dag.py:3239} INFO - Sync 1 DAGs
[2026-08-27T12:36:43.361+0000] {logging_mixin.py:190} INFO - [2026-08-27T12:36:43.361+0000] {dag.py:4180} INFO - Setting next_dagrun for airbyte_to_dbt_pipeline_prod to 2026-08-27 11:00:00+00:00, run_after=2026-08-27 12:00:00+00:00
[2026-08-27T12:36:43.385+0000] {processor.py:208} INFO - Processing /opt/airflow/dags/prod/airbyte_to_dbt_prod.py took 0.154 seconds
[2026-08-27T12:37:13.568+0000] {processor.py:186} INFO - Started process (PID=2386) to work on /opt/airflow/dags/prod/airbyte_to_dbt_prod.py
[2026-08-27T12:37:13.569+0000] {processor.py:914} INFO - Processing file /opt/airflow/dags/prod/airbyte_to_dbt_prod.py for tasks to queue
[2026-08-27T12:37:13.572+0000] {logging_mixin.py:190} INFO - [2026-08-27T12:37:13.571+0000] {dagbag.py:588} INFO - Filling up the DagBag from /opt/airflow/dags/prod/airbyte_to_dbt_prod.py
[2026-08-27T12:37:13.601+0000] {processor.py:925} INFO - DAG(s) 'airbyte_to_dbt_pipeline_prod' retrieved from /opt/airflow/dags/prod/airbyte_to_dbt_prod.py
[2026-08-27T12:37:13.644+0000] {logging_mixin.py:190} INFO - [2026-08-27T12:37:13.643+0000] {dag.py:3239} INFO - Sync 1 DAGs
[2026-08-27T12:37:13.688+0000] {logging_mixin.py:190} INFO - [2026-08-27T12:37:13.687+0000] {dag.py:4180} INFO - Setting next_dagrun for airbyte_to_dbt_pipeline_prod to 2026-08-27 11:00:00+00:00, run_after=2026-08-27 12:00:00+00:00
[2026-08-27T12:37:13.721+0000] {processor.py:208} INFO - Processing /opt/airflow/dags/prod/airbyte_to_dbt_prod.py took 0.163 seconds
[2026-08-27T12:37:43.905+0000] {processor.py:186} INFO - Started process (PID=2396) to work on /opt/airflow/dags/prod/airbyte_to_dbt_prod.py
[2026-08-27T12:37:43.906+0000] {processor.py:914} INFO - Processing file /opt/airflow/dags/prod/airbyte_to_dbt_prod.py for tasks to queue
[2026-08-27T12:37:43.909+0000] {logging_mixin.py:190} INFO - [2026-08-27T12:37:43.909+0000] {dagbag.py:588} INFO - Filling up the DagBag from /opt/airflow/dags/prod/airbyte_to_dbt_prod.py
[2026-08-27T12:37:43.935+0000] {processor.py:925} INFO - DAG(s) 'airbyte_to_dbt_pipeline_prod' retrieved from /opt/airflow/dags/prod/airbyte_to_dbt_prod.py
[2026-08-27T12:37:43.979+0000] {logging_mixin.py:190} INFO - [2026-08-27T12:37:43.979+0000] {dag.py:3239} INFO - Sync 1 DAGs
[2026-08-27T12:37:44.011+0000] {logging_mixin.py:190} INFO - [2026-08-27T12:37:44.011+0000] {dag.py:4180} INFO - Setting next_dagrun for airbyte_to_dbt_pipeline_prod to 2026-08-27 11:00:00+00:00, run_after=2026-08-27 12:00:00+00:00
[2026-08-27T12:37:44.034+0000] {processor.py:208} INFO - Processing /opt/airflow/dags/prod/airbyte_to_dbt_prod.py took 0.137 seconds
[2026-08-27T12:38:14.198+0000] {processor.py:186} INFO - Started process (PID=2406) to work on /opt/airflow/dags/prod/airbyte_to_dbt_prod.py
[2026-08-27T12:38:14.199+0000] {processor.py:914} INFO - Processing file /opt/airflow/dags/prod/airbyte_to_dbt_prod.py for tasks to queue
[2026-08-27T12:38:14.202+0000] {logging_mixin.py:190} INFO - [2026-08-27T12:38:14.201+0000] {dagbag.py:588} INFO - Filling up the DagBag from /opt/airflow/dags/prod/airbyte_to_dbt_prod.py
[2026-08-27T12:38:14.223+0000] {processor.py:925} INFO - DAG(s) 'airbyte_to_dbt_pipeline_prod' retrieved from /opt/airflow/dags/prod/airbyte_to_dbt_prod.py
[2026-08-27T12:38:14.265+0000] {logging_mixin.py:190} INFO - [2026-08-27T12:38:14.265+0000] {dag.py:3239} INFO - Sync 1 DAGs
[2026-08-27T12:38:14.296+0000] {logging_mixin.py:190} INFO - [2026-08-27T12:38:14.296+0000] {dag.py:4180} INFO - Setting next_dagrun for airbyte_to_dbt_pipeline_prod to 2026-08-27 11:00:00+00:00, run_after=2026-08-27 12:00:00+00:00
[2026-08-27T12:38:14.323+0000] {processor.py:208} INFO - Processing /opt/airflow/dags/prod/airbyte_to_dbt_prod.py took 0.134 seconds
[2026-08-27T12:38:44.492+0000] {processor.py:186} INFO - Started process (PID=2416) to work on /opt/airflow/dags/prod/airbyte_to_dbt_prod.py
[2026-08-27T12:38:44.493+0000] {processor.py:914} INFO - Processing file /opt/airflow/dags/prod/airbyte_to_dbt_prod.py for tasks to queue
[2026-08-27T12:38:44.497+0000] {logging_mixin.py:190} INFO - [2026-08-27T12:38:44.496+0000] {dagbag.py:588} INFO - Filling up the DagBag from /opt/airflow/dags/prod/airbyte_to_dbt_prod.py
[2026-08-27T12:38:44.523+0000] {processor.py:925} INFO - DAG(s) 'airbyte_to_dbt_pipeline_prod' retrieved from /opt/airflow/dags/prod/airbyte_to_dbt_prod.py
[2026-08-27T12:38:44.572+0000] {logging_mixin.py:190} INFO - [2026-08-27T12:38:44.572+0000] {dag.py:3239} INFO - Sync 1 DAGs
[2026-08-27T12:38:44.609+0000] {logging_mixin.py:190} INFO - [2026-08-27T12:38:44.608+0000] {dag.py:4180} INFO - Setting next_dagrun for airbyte_to_dbt_pipeline_prod to 2026-08-27 11:00:00+00:00, run_after=2026-08-27 12:00:00+00:00
[2026-08-27T12:38:44.633+0000] {processor.py:208} INFO - Processing /opt/airflow/dags/prod/airbyte_to_dbt_prod.py took 0.150 seconds
[2026-08-27T12:39:14.857+0000] {processor.py:186} INFO - Started process (PID=2426) to work on /opt/airflow/dags/prod/airbyte_to_dbt_prod.py
[2026-08-27T12:39:14.862+0000] {processor.py:914} INFO - Processing file /opt/airflow/dags/prod/airbyte_to_dbt_prod.py for tasks to queue
[2026-08-27T12:39:14.868+0000] {logging_mixin.py:190} INFO - [2026-08-27T12:39:14.866+0000] {dagbag.py:588} INFO - Filling up the DagBag from /opt/airflow/dags/prod/airbyte_to_dbt_prod.py
[2026-08-27T12:39:14.910+0000] {processor.py:925} INFO - DAG(s) 'airbyte_to_dbt_pipeline_prod' retrieved from /opt/airflow/dags/prod/airbyte_to_dbt_prod.py
[2026-08-27T12:39:14.981+0000] {logging_mixin.py:190} INFO - [2026-08-27T12:39:14.981+0000] {dag.py:3239} INFO - Sync 1 DAGs
[2026-08-27T12:39:15.030+0000] {logging_mixin.py:190} INFO - [2026-08-27T12:39:15.030+0000] {dag.py:4180} INFO - Setting next_dagrun for airbyte_to_dbt_pipeline_prod to 2026-08-27 11:00:00+00:00, run_after=2026-08-27 12:00:00+00:00
[2026-08-27T12:39:15.060+0000] {processor.py:208} INFO - Processing /opt/airflow/dags/prod/airbyte_to_dbt_prod.py took 0.216 seconds
[2026-08-27T12:39:45.264+0000] {processor.py:186} INFO - Started process (PID=2436) to work on /opt/airflow/dags/prod/airbyte_to_dbt_prod.py
[2026-08-27T12:39:45.265+0000] {processor.py:914} INFO - Processing file /opt/airflow/dags/prod/airbyte_to_dbt_prod.py for tasks to queue
[2026-08-27T12:39:45.269+0000] {logging_mixin.py:190} INFO - [2026-08-27T12:39:45.268+0000] {dagbag.py:588} INFO - Filling up the DagBag from /opt/airflow/dags/prod/airbyte_to_dbt_prod.py
[2026-08-27T12:39:45.298+0000] {processor.py:925} INFO - DAG(s) 'airbyte_to_dbt_pipeline_prod' retrieved from /opt/airflow/dags/prod/airbyte_to_dbt_prod.py
[2026-08-27T12:39:45.341+0000] {logging_mixin.py:190} INFO - [2026-08-27T12:39:45.341+0000] {dag.py:3239} INFO - Sync 1 DAGs
[2026-08-27T12:39:45.373+0000] {logging_mixin.py:190} INFO - [2026-08-27T12:39:45.373+0000] {dag.py:4180} INFO - Setting next_dagrun for airbyte_to_dbt_pipeline_prod to 2026-08-27 11:00:00+00:00, run_after=2026-08-27 12:00:00+00:00
[2026-08-27T12:39:45.395+0000] {processor.py:208} INFO - Processing /opt/airflow/dags/prod/airbyte_to_dbt_prod.py took 0.142 seconds
[2026-08-27T12:40:15.570+0000] {processor.py:186} INFO - Started process (PID=2446) to work on /opt/airflow/dags/prod/airbyte_to_dbt_prod.py
[2026-08-27T12:40:15.572+0000] {processor.py:914} INFO - Processing file /opt/airflow/dags/prod/airbyte_to_dbt_prod.py for tasks to queue
[2026-08-27T12:40:15.575+0000] {logging_mixin.py:190} INFO - [2026-08-27T12:40:15.575+0000] {dagbag.py:588} INFO - Filling up the DagBag from /opt/airflow/dags/prod/airbyte_to_dbt_prod.py
[2026-08-27T12:40:15.601+0000] {processor.py:925} INFO - DAG(s) 'airbyte_to_dbt_pipeline_prod' retrieved from /opt/airflow/dags/prod/airbyte_to_dbt_prod.py
[2026-08-27T12:40:15.638+0000] {logging_mixin.py:190} INFO - [2026-08-27T12:40:15.637+0000] {dag.py:3239} INFO - Sync 1 DAGs
[2026-08-27T12:40:15.666+0000] {logging_mixin.py:190} INFO - [2026-08-27T12:40:15.666+0000] {dag.py:4180} INFO - Setting next_dagrun for airbyte_to_dbt_pipeline_prod to 2026-08-27 11:00:00+00:00, run_after=2026-08-27 12:00:00+00:00
[2026-08-27T12:40:15.691+0000] {processor.py:208} INFO - Processing /opt/airflow/dags/prod/airbyte_to_dbt_prod.py took 0.130 seconds
[2026-08-27T12:40:45.886+0000] {processor.py:186} INFO - Started process (PID=2456) to work on /opt/airflow/dags/prod/airbyte_to_dbt_prod.py
[2026-08-27T12:40:45.888+0000] {processor.py:914} INFO - Processing file /opt/airflow/dags/prod/airbyte_to_dbt_prod.py for tasks to queue
[2026-08-27T12:40:45.891+0000] {logging_mixin.py:190} INFO - [2026-08-27T12:40:45.890+0000] {dagbag.py:588} INFO - Filling up the DagBag from /opt/airflow/dags/prod/airbyte_to_dbt_prod.py
[2026-08-27T12:40:45.914+0000] {processor.py:925} INFO - DAG(s) 'airbyte_to_dbt_pipeline_prod' retrieved from /opt/airflow/dags/prod/airbyte_to_dbt_prod.py
[2026-08-27T12:40:45.963+0000] {logging_mixin.py:190} INFO - [2026-08-27T12:40:45.963+0000] {dag.py:3239} INFO - Sync 1 DAGs
[2026-08-27T12:40:46.000+0000] {logging_mixin.py:190} INFO - [2026-08-27T12:40:45.999+0000] {dag.py:4180} INFO - Setting next_dagrun for airbyte_to_dbt_pipeline_prod to 2026-08-27 11:00:00+00:00, run_after=2026-08-27 12:00:00+00:00
[2026-08-27T12:40:46.019+0000] {processor.py:208} INFO - Processing /opt/airflow/dags/prod/airbyte_to_dbt_prod.py took 0.143 seconds
[2026-08-27T12:41:16.202+0000] {processor.py:186} INFO - Started process (PID=2466) to work on /opt/airflow/dags/prod/airbyte_to_dbt_prod.py
[2026-08-27T12:41:16.203+0000] {processor.py:914} INFO - Processing file /opt/airflow/dags/prod/airbyte_to_dbt_prod.py for tasks to queue
[2026-08-27T12:41:16.206+0000] {logging_mixin.py:190} INFO - [2026-08-27T12:41:16.206+0000] {dagbag.py:588} INFO - Filling up the DagBag from /opt/airflow/dags/prod/airbyte_to_dbt_prod.py
[2026-08-27T12:41:16.239+0000] {processor.py:925} INFO - DAG(s) 'airbyte_to_dbt_pipeline_prod' retrieved from /opt/airflow/dags/prod/airbyte_to_dbt_prod.py
[2026-08-27T12:41:16.289+0000] {logging_mixin.py:190} INFO - [2026-08-27T12:41:16.289+0000] {dag.py:3239} INFO - Sync 1 DAGs
[2026-08-27T12:41:16.321+0000] {logging_mixin.py:190} INFO - [2026-08-27T12:41:16.321+0000] {dag.py:4180} INFO - Setting next_dagrun for airbyte_to_dbt_pipeline_prod to 2026-08-27 11:00:00+00:00, run_after=2026-08-27 12:00:00+00:00
[2026-08-27T12:41:16.345+0000] {processor.py:208} INFO - Processing /opt/airflow/dags/prod/airbyte_to_dbt_prod.py took 0.154 seconds
[2026-08-27T12:41:46.517+0000] {processor.py:186} INFO - Started process (PID=2476) to work on /opt/airflow/dags/prod/airbyte_to_dbt_prod.py
[2026-08-27T12:41:46.518+0000] {processor.py:914} INFO - Processing file /opt/airflow/dags/prod/airbyte_to_dbt_prod.py for tasks to queue
[2026-08-27T12:41:46.522+0000] {logging_mixin.py:190} INFO - [2026-08-27T12:41:46.522+0000] {dagbag.py:588} INFO - Filling up the DagBag from /opt/airflow/dags/prod/airbyte_to_dbt_prod.py
[2026-08-27T12:41:46.546+0000] {processor.py:925} INFO - DAG(s) 'airbyte_to_dbt_pipeline_prod' retrieved from /opt/airflow/dags/prod/airbyte_to_dbt_prod.py
[2026-08-27T12:41:46.584+0000] {logging_mixin.py:190} INFO - [2026-08-27T12:41:46.583+0000] {dag.py:3239} INFO - Sync 1 DAGs
[2026-08-27T12:41:46.616+0000] {logging_mixin.py:190} INFO - [2026-08-27T12:41:46.616+0000] {dag.py:4180} INFO - Setting next_dagrun for airbyte_to_dbt_pipeline_prod to 2026-08-27 11:00:00+00:00, run_after=2026-08-27 12:00:00+00:00
[2026-08-27T12:41:46.642+0000] {processor.py:208} INFO - Processing /opt/airflow/dags/prod/airbyte_to_dbt_prod.py took 0.135 seconds
[2026-08-27T12:42:16.809+0000] {processor.py:186} INFO - Started process (PID=2486) to work on /opt/airflow/dags/prod/airbyte_to_dbt_prod.py
[2026-08-27T12:42:16.814+0000] {processor.py:914} INFO - Processing file /opt/airflow/dags/prod/airbyte_to_dbt_prod.py for tasks to queue
[2026-08-27T12:42:16.818+0000] {logging_mixin.py:190} INFO - [2026-08-27T12:42:16.817+0000] {dagbag.py:588} INFO - Filling up the DagBag from /opt/airflow/dags/prod/airbyte_to_dbt_prod.py
[2026-08-27T12:42:16.847+0000] {processor.py:925} INFO - DAG(s) 'airbyte_to_dbt_pipeline_prod' retrieved from /opt/airflow/dags/prod/airbyte_to_dbt_prod.py
[2026-08-27T12:42:16.885+0000] {logging_mixin.py:190} INFO - [2026-08-27T12:42:16.884+0000] {dag.py:3239} INFO - Sync 1 DAGs
[2026-08-27T12:42:16.912+0000] {logging_mixin.py:190} INFO - [2026-08-27T12:42:16.912+0000] {dag.py:4180} INFO - Setting next_dagrun for airbyte_to_dbt_pipeline_prod to 2026-08-27 11:00:00+00:00, run_after=2026-08-27 12:00:00+00:00
[2026-08-27T12:42:16.937+0000] {processor.py:208} INFO - Processing /opt/airflow/dags/prod/airbyte_to_dbt_prod.py took 0.139 seconds
[2026-08-27T12:42:47.114+0000] {processor.py:186} INFO - Started process (PID=2496) to work on /opt/airflow/dags/prod/airbyte_to_dbt_prod.py
[2026-08-27T12:42:47.115+0000] {processor.py:914} INFO - Processing file /opt/airflow/dags/prod/airbyte_to_dbt_prod.py for tasks to queue
[2026-08-27T12:42:47.118+0000] {logging_mixin.py:190} INFO - [2026-08-27T12:42:47.118+0000] {dagbag.py:588} INFO - Filling up the DagBag from /opt/airflow/dags/prod/airbyte_to_dbt_prod.py
[2026-08-27T12:42:47.144+0000] {processor.py:925} INFO - DAG(s) 'airbyte_to_dbt_pipeline_prod' retrieved from /opt/airflow/dags/prod/airbyte_to_dbt_prod.py
[2026-08-27T12:42:47.194+0000] {logging_mixin.py:190} INFO - [2026-08-27T12:42:47.194+0000] {dag.py:3239} INFO - Sync 1 DAGs
[2026-08-27T12:42:47.224+0000] {logging_mixin.py:190} INFO - [2026-08-27T12:42:47.224+0000] {dag.py:4180} INFO - Setting next_dagrun for airbyte_to_dbt_pipeline_prod to 2026-08-27 11:00:00+00:00, run_after=2026-08-27 12:00:00+00:00
[2026-08-27T12:42:47.249+0000] {processor.py:208} INFO - Processing /opt/airflow/dags/prod/airbyte_to_dbt_prod.py took 0.144 seconds
[2026-08-27T12:43:17.419+0000] {processor.py:186} INFO - Started process (PID=2506) to work on /opt/airflow/dags/prod/airbyte_to_dbt_prod.py
[2026-08-27T12:43:17.421+0000] {processor.py:914} INFO - Processing file /opt/airflow/dags/prod/airbyte_to_dbt_prod.py for tasks to queue
[2026-08-27T12:43:17.425+0000] {logging_mixin.py:190} INFO - [2026-08-27T12:43:17.424+0000] {dagbag.py:588} INFO - Filling up the DagBag from /opt/airflow/dags/prod/airbyte_to_dbt_prod.py
[2026-08-27T12:43:17.454+0000] {processor.py:925} INFO - DAG(s) 'airbyte_to_dbt_pipeline_prod' retrieved from /opt/airflow/dags/prod/airbyte_to_dbt_prod.py
[2026-08-27T12:43:17.505+0000] {logging_mixin.py:190} INFO - [2026-08-27T12:43:17.505+0000] {dag.py:3239} INFO - Sync 1 DAGs
[2026-08-27T12:43:17.535+0000] {logging_mixin.py:190} INFO - [2026-08-27T12:43:17.534+0000] {dag.py:4180} INFO - Setting next_dagrun for airbyte_to_dbt_pipeline_prod to 2026-08-27 11:00:00+00:00, run_after=2026-08-27 12:00:00+00:00
[2026-08-27T12:43:17.557+0000] {processor.py:208} INFO - Processing /opt/airflow/dags/prod/airbyte_to_dbt_prod.py took 0.149 seconds
[2026-08-27T12:43:47.720+0000] {processor.py:186} INFO - Started process (PID=2516) to work on /opt/airflow/dags/prod/airbyte_to_dbt_prod.py
[2026-08-27T12:43:47.721+0000] {processor.py:914} INFO - Processing file /opt/airflow/dags/prod/airbyte_to_dbt_prod.py for tasks to queue
[2026-08-27T12:43:47.724+0000] {logging_mixin.py:190} INFO - [2026-08-27T12:43:47.723+0000] {dagbag.py:588} INFO - Filling up the DagBag from /opt/airflow/dags/prod/airbyte_to_dbt_prod.py
[2026-08-27T12:43:47.746+0000] {processor.py:925} INFO - DAG(s) 'airbyte_to_dbt_pipeline_prod' retrieved from /opt/airflow/dags/prod/airbyte_to_dbt_prod.py
[2026-08-27T12:43:47.795+0000] {logging_mixin.py:190} INFO - [2026-08-27T12:43:47.795+0000] {dag.py:3239} INFO - Sync 1 DAGs
[2026-08-27T12:43:47.829+0000] {logging_mixin.py:190} INFO - [2026-08-27T12:43:47.829+0000] {dag.py:4180} INFO - Setting next_dagrun for airbyte_to_dbt_pipeline_prod to 2026-08-27 11:00:00+00:00, run_after=2026-08-27 12:00:00+00:00
[2026-08-27T12:43:47.853+0000] {processor.py:208} INFO - Processing /opt/airflow/dags/prod/airbyte_to_dbt_prod.py took 0.142 seconds
[2026-08-27T12:44:18.026+0000] {processor.py:186} INFO - Started process (PID=2526) to work on /opt/airflow/dags/prod/airbyte_to_dbt_prod.py
[2026-08-27T12:44:18.028+0000] {processor.py:914} INFO - Processing file /opt/airflow/dags/prod/airbyte_to_dbt_prod.py for tasks to queue
[2026-08-27T12:44:18.030+0000] {logging_mixin.py:190} INFO - [2026-08-27T12:44:18.030+0000] {dagbag.py:588} INFO - Filling up the DagBag from /opt/airflow/dags/prod/airbyte_to_dbt_prod.py
[2026-08-27T12:44:18.057+0000] {processor.py:925} INFO - DAG(s) 'airbyte_to_dbt_pipeline_prod' retrieved from /opt/airflow/dags/prod/airbyte_to_dbt_prod.py
[2026-08-27T12:44:18.102+0000] {logging_mixin.py:190} INFO - [2026-08-27T12:44:18.101+0000] {dag.py:3239} INFO - Sync 1 DAGs
[2026-08-27T12:44:18.136+0000] {logging_mixin.py:190} INFO - [2026-08-27T12:44:18.136+0000] {dag.py:4180} INFO - Setting next_dagrun for airbyte_to_dbt_pipeline_prod to 2026-08-27 11:00:00+00:00, run_after=2026-08-27 12:00:00+00:00
[2026-08-27T12:44:18.162+0000] {processor.py:208} INFO - Processing /opt/airflow/dags/prod/airbyte_to_dbt_prod.py took 0.143 seconds
[2026-08-27T12:44:48.319+0000] {processor.py:186} INFO - Started process (PID=2536) to work on /opt/airflow/dags/prod/airbyte_to_dbt_prod.py
[2026-08-27T12:44:48.320+0000] {processor.py:914} INFO - Processing file /opt/airflow/dags/prod/airbyte_to_dbt_prod.py for tasks to queue
[2026-08-27T12:44:48.323+0000] {logging_mixin.py:190} INFO - [2026-08-27T12:44:48.322+0000] {dagbag.py:588} INFO - Filling up the DagBag from /opt/airflow/dags/prod/airbyte_to_dbt_prod.py
[2026-08-27T12:44:48.344+0000] {processor.py:925} INFO - DAG(s) 'airbyte_to_dbt_pipeline_prod' retrieved from /opt/airflow/dags/prod/airbyte_to_dbt_prod.py
[2026-08-27T12:44:48.395+0000] {logging_mixin.py:190} INFO - [2026-08-27T12:44:48.395+0000] {dag.py:3239} INFO - Sync 1 DAGs
[2026-08-27T12:44:48.426+0000] {logging_mixin.py:190} INFO - [2026-08-27T12:44:48.425+0000] {dag.py:4180} INFO - Setting next_dagrun for airbyte_to_dbt_pipeline_prod to 2026-08-27 11:00:00+00:00, run_after=2026-08-27 12:00:00+00:00
[2026-08-27T12:44:48.450+0000] {processor.py:208} INFO - Processing /opt/airflow/dags/prod/airbyte_to_dbt_prod.py took 0.141 seconds
[2026-08-27T12:45:18.609+0000] {processor.py:186} INFO - Started process (PID=2546) to work on /opt/airflow/dags/prod/airbyte_to_dbt_prod.py
[2026-08-27T12:45:18.611+0000] {processor.py:914} INFO - Processing file /opt/airflow/dags/prod/airbyte_to_dbt_prod.py for tasks to queue
[2026-08-27T12:45:18.614+0000] {logging_mixin.py:190} INFO - [2026-08-27T12:45:18.613+0000] {dagbag.py:588} INFO - Filling up the DagBag from /opt/airflow/dags/prod/airbyte_to_dbt_prod.py
[2026-08-27T12:45:18.637+0000] {processor.py:925} INFO - DAG(s) 'airbyte_to_dbt_pipeline_prod' retrieved from /opt/airflow/dags/prod/airbyte_to_dbt_prod.py
[2026-08-27T12:45:18.685+0000] {logging_mixin.py:190} INFO - [2026-08-27T12:45:18.684+0000] {dag.py:3239} INFO - Sync 1 DAGs
[2026-08-27T12:45:18.716+0000] {logging_mixin.py:190} INFO - [2026-08-27T12:45:18.715+0000] {dag.py:4180} INFO - Setting next_dagrun for airbyte_to_dbt_pipeline_prod to 2026-08-27 11:00:00+00:00, run_after=2026-08-27 12:00:00+00:00
[2026-08-27T12:45:18.738+0000] {processor.py:208} INFO - Processing /opt/airflow/dags/prod/airbyte_to_dbt_prod.py took 0.138 seconds
[2026-08-27T12:45:48.910+0000] {processor.py:186} INFO - Started process (PID=2556) to work on /opt/airflow/dags/prod/airbyte_to_dbt_prod.py
[2026-08-27T12:45:48.911+0000] {processor.py:914} INFO - Processing file /opt/airflow/dags/prod/airbyte_to_dbt_prod.py for tasks to queue
[2026-08-27T12:45:48.915+0000] {logging_mixin.py:190} INFO - [2026-08-27T12:45:48.914+0000] {dagbag.py:588} INFO - Filling up the DagBag from /opt/airflow/dags/prod/airbyte_to_dbt_prod.py
[2026-08-27T12:45:48.945+0000] {processor.py:925} INFO - DAG(s) 'airbyte_to_dbt_pipeline_prod' retrieved from /opt/airflow/dags/prod/airbyte_to_dbt_prod.py
[2026-08-27T12:45:48.991+0000] {logging_mixin.py:190} INFO - [2026-08-27T12:45:48.990+0000] {dag.py:3239} INFO - Sync 1 DAGs
[2026-08-27T12:45:49.026+0000] {logging_mixin.py:190} INFO - [2026-08-27T12:45:49.026+0000] {dag.py:4180} INFO - Setting next_dagrun for airbyte_to_dbt_pipeline_prod to 2026-08-27 11:00:00+00:00, run_after=2026-08-27 12:00:00+00:00
[2026-08-27T12:45:49.048+0000] {processor.py:208} INFO - Processing /opt/airflow/dags/prod/airbyte_to_dbt_prod.py took 0.149 seconds
[2026-08-27T12:46:19.215+0000] {processor.py:186} INFO - Started process (PID=2566) to work on /opt/airflow/dags/prod/airbyte_to_dbt_prod.py
[2026-08-27T12:46:19.219+0000] {processor.py:914} INFO - Processing file /opt/airflow/dags/prod/airbyte_to_dbt_prod.py for tasks to queue
[2026-08-27T12:46:19.222+0000] {logging_mixin.py:190} INFO - [2026-08-27T12:46:19.222+0000] {dagbag.py:588} INFO - Filling up the DagBag from /opt/airflow/dags/prod/airbyte_to_dbt_prod.py
[2026-08-27T12:46:19.245+0000] {processor.py:925} INFO - DAG(s) 'airbyte_to_dbt_pipeline_prod' retrieved from /opt/airflow/dags/prod/airbyte_to_dbt_prod.py
[2026-08-27T12:46:19.301+0000] {logging_mixin.py:190} INFO - [2026-08-27T12:46:19.300+0000] {dag.py:3239} INFO - Sync 1 DAGs
[2026-08-27T12:46:19.337+0000] {logging_mixin.py:190} INFO - [2026-08-27T12:46:19.337+0000] {dag.py:4180} INFO - Setting next_dagrun for airbyte_to_dbt_pipeline_prod to 2026-08-27 11:00:00+00:00, run_after=2026-08-27 12:00:00+00:00
[2026-08-27T12:46:19.360+0000] {processor.py:208} INFO - Processing /opt/airflow/dags/prod/airbyte_to_dbt_prod.py took 0.155 seconds
[2026-08-27T12:46:49.510+0000] {processor.py:186} INFO - Started process (PID=2576) to work on /opt/airflow/dags/prod/airbyte_to_dbt_prod.py
[2026-08-27T12:46:49.512+0000] {processor.py:914} INFO - Processing file /opt/airflow/dags/prod/airbyte_to_dbt_prod.py for tasks to queue
[2026-08-27T12:46:49.515+0000] {logging_mixin.py:190} INFO - [2026-08-27T12:46:49.515+0000] {dagbag.py:588} INFO - Filling up the DagBag from /opt/airflow/dags/prod/airbyte_to_dbt_prod.py
[2026-08-27T12:46:49.537+0000] {processor.py:925} INFO - DAG(s) 'airbyte_to_dbt_pipeline_prod' retrieved from /opt/airflow/dags/prod/airbyte_to_dbt_prod.py
[2026-08-27T12:46:49.579+0000] {logging_mixin.py:190} INFO - [2026-08-27T12:46:49.579+0000] {dag.py:3239} INFO - Sync 1 DAGs
[2026-08-27T12:46:49.611+0000] {logging_mixin.py:190} INFO - [2026-08-27T12:46:49.611+0000] {dag.py:4180} INFO - Setting next_dagrun for airbyte_to_dbt_pipeline_prod to 2026-08-27 11:00:00+00:00, run_after=2026-08-27 12:00:00+00:00
[2026-08-27T12:46:49.635+0000] {processor.py:208} INFO - Processing /opt/airflow/dags/prod/airbyte_to_dbt_prod.py took 0.134 seconds
[2026-08-27T12:47:19.819+0000] {processor.py:186} INFO - Started process (PID=2586) to work on /opt/airflow/dags/prod/airbyte_to_dbt_prod.py
[2026-08-27T12:47:19.821+0000] {processor.py:914} INFO - Processing file /opt/airflow/dags/prod/airbyte_to_dbt_prod.py for tasks to queue
[2026-08-27T12:47:19.825+0000] {logging_mixin.py:190} INFO - [2026-08-27T12:47:19.825+0000] {dagbag.py:588} INFO - Filling up the DagBag from /opt/airflow/dags/prod/airbyte_to_dbt_prod.py
[2026-08-27T12:47:19.862+0000] {processor.py:925} INFO - DAG(s) 'airbyte_to_dbt_pipeline_prod' retrieved from /opt/airflow/dags/prod/airbyte_to_dbt_prod.py
[2026-08-27T12:47:19.902+0000] {logging_mixin.py:190} INFO - [2026-08-27T12:47:19.901+0000] {dag.py:3239} INFO - Sync 1 DAGs
[2026-08-27T12:47:19.933+0000] {logging_mixin.py:190} INFO - [2026-08-27T12:47:19.932+0000] {dag.py:4180} INFO - Setting next_dagrun for airbyte_to_dbt_pipeline_prod to 2026-08-27 11:00:00+00:00, run_after=2026-08-27 12:00:00+00:00
[2026-08-27T12:47:19.955+0000] {processor.py:208} INFO - Processing /opt/airflow/dags/prod/airbyte_to_dbt_prod.py took 0.146 seconds
[2026-08-27T12:47:50.119+0000] {processor.py:186} INFO - Started process (PID=2596) to work on /opt/airflow/dags/prod/airbyte_to_dbt_prod.py
[2026-08-27T12:47:50.120+0000] {processor.py:914} INFO - Processing file /opt/airflow/dags/prod/airbyte_to_dbt_prod.py for tasks to queue
[2026-08-27T12:47:50.123+0000] {logging_mixin.py:190} INFO - [2026-08-27T12:47:50.123+0000] {dagbag.py:588} INFO - Filling up the DagBag from /opt/airflow/dags/prod/airbyte_to_dbt_prod.py
[2026-08-27T12:47:50.145+0000] {processor.py:925} INFO - DAG(s) 'airbyte_to_dbt_pipeline_prod' retrieved from /opt/airflow/dags/prod/airbyte_to_dbt_prod.py
[2026-08-27T12:47:50.192+0000] {logging_mixin.py:190} INFO - [2026-08-27T12:47:50.192+0000] {dag.py:3239} INFO - Sync 1 DAGs
[2026-08-27T12:47:50.224+0000] {logging_mixin.py:190} INFO - [2026-08-27T12:47:50.224+0000] {dag.py:4180} INFO - Setting next_dagrun for airbyte_to_dbt_pipeline_prod to 2026-08-27 11:00:00+00:00, run_after=2026-08-27 12:00:00+00:00
[2026-08-27T12:47:50.251+0000] {processor.py:208} INFO - Processing /opt/airflow/dags/prod/airbyte_to_dbt_prod.py took 0.141 seconds
[2026-08-27T12:48:20.407+0000] {processor.py:186} INFO - Started process (PID=2606) to work on /opt/airflow/dags/prod/airbyte_to_dbt_prod.py
[2026-08-27T12:48:20.409+0000] {processor.py:914} INFO - Processing file /opt/airflow/dags/prod/airbyte_to_dbt_prod.py for tasks to queue
[2026-08-27T12:48:20.411+0000] {logging_mixin.py:190} INFO - [2026-08-27T12:48:20.411+0000] {dagbag.py:588} INFO - Filling up the DagBag from /opt/airflow/dags/prod/airbyte_to_dbt_prod.py
[2026-08-27T12:48:20.434+0000] {processor.py:925} INFO - DAG(s) 'airbyte_to_dbt_pipeline_prod' retrieved from /opt/airflow/dags/prod/airbyte_to_dbt_prod.py
[2026-08-27T12:48:20.477+0000] {logging_mixin.py:190} INFO - [2026-08-27T12:48:20.477+0000] {dag.py:3239} INFO - Sync 1 DAGs
[2026-08-27T12:48:20.509+0000] {logging_mixin.py:190} INFO - [2026-08-27T12:48:20.508+0000] {dag.py:4180} INFO - Setting next_dagrun for airbyte_to_dbt_pipeline_prod to 2026-08-27 11:00:00+00:00, run_after=2026-08-27 12:00:00+00:00
[2026-08-27T12:48:20.532+0000] {processor.py:208} INFO - Processing /opt/airflow/dags/prod/airbyte_to_dbt_prod.py took 0.133 seconds
[2026-08-27T12:48:50.694+0000] {processor.py:186} INFO - Started process (PID=2616) to work on /opt/airflow/dags/prod/airbyte_to_dbt_prod.py
[2026-08-27T12:48:50.695+0000] {processor.py:914} INFO - Processing file /opt/airflow/dags/prod/airbyte_to_dbt_prod.py for tasks to queue
[2026-08-27T12:48:50.698+0000] {logging_mixin.py:190} INFO - [2026-08-27T12:48:50.697+0000] {dagbag.py:588} INFO - Filling up the DagBag from /opt/airflow/dags/prod/airbyte_to_dbt_prod.py
[2026-08-27T12:48:50.722+0000] {processor.py:925} INFO - DAG(s) 'airbyte_to_dbt_pipeline_prod' retrieved from /opt/airflow/dags/prod/airbyte_to_dbt_prod.py
[2026-08-27T12:48:50.767+0000] {logging_mixin.py:190} INFO - [2026-08-27T12:48:50.767+0000] {dag.py:3239} INFO - Sync 1 DAGs
[2026-08-27T12:48:50.803+0000] {logging_mixin.py:190} INFO - [2026-08-27T12:48:50.803+0000] {dag.py:4180} INFO - Setting next_dagrun for airbyte_to_dbt_pipeline_prod to 2026-08-27 11:00:00+00:00, run_after=2026-08-27 12:00:00+00:00
[2026-08-27T12:48:50.826+0000] {processor.py:208} INFO - Processing /opt/airflow/dags/prod/airbyte_to_dbt_prod.py took 0.141 seconds
[2026-08-27T12:49:21.001+0000] {processor.py:186} INFO - Started process (PID=2626) to work on /opt/airflow/dags/prod/airbyte_to_dbt_prod.py
[2026-08-27T12:49:21.002+0000] {processor.py:914} INFO - Processing file /opt/airflow/dags/prod/airbyte_to_dbt_prod.py for tasks to queue
[2026-08-27T12:49:21.006+0000] {logging_mixin.py:190} INFO - [2026-08-27T12:49:21.006+0000] {dagbag.py:588} INFO - Filling up the DagBag from /opt/airflow/dags/prod/airbyte_to_dbt_prod.py
[2026-08-27T12:49:21.035+0000] {processor.py:925} INFO - DAG(s) 'airbyte_to_dbt_pipeline_prod' retrieved from /opt/airflow/dags/prod/airbyte_to_dbt_prod.py
[2026-08-27T12:49:21.080+0000] {logging_mixin.py:190} INFO - [2026-08-27T12:49:21.080+0000] {dag.py:3239} INFO - Sync 1 DAGs
[2026-08-27T12:49:21.115+0000] {logging_mixin.py:190} INFO - [2026-08-27T12:49:21.115+0000] {dag.py:4180} INFO - Setting next_dagrun for airbyte_to_dbt_pipeline_prod to 2026-08-27 11:00:00+00:00, run_after=2026-08-27 12:00:00+00:00
[2026-08-27T12:49:21.138+0000] {processor.py:208} INFO - Processing /opt/airflow/dags/prod/airbyte_to_dbt_prod.py took 0.148 seconds
[2026-08-27T12:49:51.291+0000] {processor.py:186} INFO - Started process (PID=2636) to work on /opt/airflow/dags/prod/airbyte_to_dbt_prod.py
[2026-08-27T12:49:51.293+0000] {processor.py:914} INFO - Processing file /opt/airflow/dags/prod/airbyte_to_dbt_prod.py for tasks to queue
[2026-08-27T12:49:51.297+0000] {logging_mixin.py:190} INFO - [2026-08-27T12:49:51.296+0000] {dagbag.py:588} INFO - Filling up the DagBag from /opt/airflow/dags/prod/airbyte_to_dbt_prod.py
[2026-08-27T12:49:51.326+0000] {processor.py:925} INFO - DAG(s) 'airbyte_to_dbt_pipeline_prod' retrieved from /opt/airflow/dags/prod/airbyte_to_dbt_prod.py
[2026-08-27T12:49:51.371+0000] {logging_mixin.py:190} INFO - [2026-08-27T12:49:51.371+0000] {dag.py:3239} INFO - Sync 1 DAGs
[2026-08-27T12:49:51.403+0000] {logging_mixin.py:190} INFO - [2026-08-27T12:49:51.403+0000] {dag.py:4180} INFO - Setting next_dagrun for airbyte_to_dbt_pipeline_prod to 2026-08-27 11:00:00+00:00, run_after=2026-08-27 12:00:00+00:00
[2026-08-27T12:49:51.427+0000] {processor.py:208} INFO - Processing /opt/airflow/dags/prod/airbyte_to_dbt_prod.py took 0.146 seconds
[2026-08-27T12:50:21.591+0000] {processor.py:186} INFO - Started process (PID=2646) to work on /opt/airflow/dags/prod/airbyte_to_dbt_prod.py
[2026-08-27T12:50:21.592+0000] {processor.py:914} INFO - Processing file /opt/airflow/dags/prod/airbyte_to_dbt_prod.py for tasks to queue
[2026-08-27T12:50:21.595+0000] {logging_mixin.py:190} INFO - [2026-08-27T12:50:21.595+0000] {dagbag.py:588} INFO - Filling up the DagBag from /opt/airflow/dags/prod/airbyte_to_dbt_prod.py
[2026-08-27T12:50:21.616+0000] {processor.py:925} INFO - DAG(s) 'airbyte_to_dbt_pipeline_prod' retrieved from /opt/airflow/dags/prod/airbyte_to_dbt_prod.py
[2026-08-27T12:50:21.660+0000] {logging_mixin.py:190} INFO - [2026-08-27T12:50:21.660+0000] {dag.py:3239} INFO - Sync 1 DAGs
[2026-08-27T12:50:21.694+0000] {logging_mixin.py:190} INFO - [2026-08-27T12:50:21.693+0000] {dag.py:4180} INFO - Setting next_dagrun for airbyte_to_dbt_pipeline_prod to 2026-08-27 11:00:00+00:00, run_after=2026-08-27 12:00:00+00:00
[2026-08-27T12:50:21.718+0000] {processor.py:208} INFO - Processing /opt/airflow/dags/prod/airbyte_to_dbt_prod.py took 0.135 seconds
[2026-08-27T12:50:51.882+0000] {processor.py:186} INFO - Started process (PID=2656) to work on /opt/airflow/dags/prod/airbyte_to_dbt_prod.py
[2026-08-27T12:50:51.883+0000] {processor.py:914} INFO - Processing file /opt/airflow/dags/prod/airbyte_to_dbt_prod.py for tasks to queue
[2026-08-27T12:50:51.886+0000] {logging_mixin.py:190} INFO - [2026-08-27T12:50:51.885+0000] {dagbag.py:588} INFO - Filling up the DagBag from /opt/airflow/dags/prod/airbyte_to_dbt_prod.py
[2026-08-27T12:50:51.907+0000] {processor.py:925} INFO - DAG(s) 'airbyte_to_dbt_pipeline_prod' retrieved from /opt/airflow/dags/prod/airbyte_to_dbt_prod.py
[2026-08-27T12:50:51.947+0000] {logging_mixin.py:190} INFO - [2026-08-27T12:50:51.947+0000] {dag.py:3239} INFO - Sync 1 DAGs
[2026-08-27T12:50:51.984+0000] {logging_mixin.py:190} INFO - [2026-08-27T12:50:51.984+0000] {dag.py:4180} INFO - Setting next_dagrun for airbyte_to_dbt_pipeline_prod to 2026-08-27 11:00:00+00:00, run_after=2026-08-27 12:00:00+00:00
[2026-08-27T12:50:52.009+0000] {processor.py:208} INFO - Processing /opt/airflow/dags/prod/airbyte_to_dbt_prod.py took 0.135 seconds
[2026-08-27T12:51:22.173+0000] {processor.py:186} INFO - Started process (PID=2666) to work on /opt/airflow/dags/prod/airbyte_to_dbt_prod.py
[2026-08-27T12:51:22.174+0000] {processor.py:914} INFO - Processing file /opt/airflow/dags/prod/airbyte_to_dbt_prod.py for tasks to queue
[2026-08-27T12:51:22.177+0000] {logging_mixin.py:190} INFO - [2026-08-27T12:51:22.177+0000] {dagbag.py:588} INFO - Filling up the DagBag from /opt/airflow/dags/prod/airbyte_to_dbt_prod.py
[2026-08-27T12:51:22.202+0000] {processor.py:925} INFO - DAG(s) 'airbyte_to_dbt_pipeline_prod' retrieved from /opt/airflow/dags/prod/airbyte_to_dbt_prod.py
[2026-08-27T12:51:22.243+0000] {logging_mixin.py:190} INFO - [2026-08-27T12:51:22.242+0000] {dag.py:3239} INFO - Sync 1 DAGs
[2026-08-27T12:51:22.277+0000] {logging_mixin.py:190} INFO - [2026-08-27T12:51:22.277+0000] {dag.py:4180} INFO - Setting next_dagrun for airbyte_to_dbt_pipeline_prod to 2026-08-27 11:00:00+00:00, run_after=2026-08-27 12:00:00+00:00
[2026-08-27T12:51:22.302+0000] {processor.py:208} INFO - Processing /opt/airflow/dags/prod/airbyte_to_dbt_prod.py took 0.137 seconds
[2026-08-27T12:51:52.466+0000] {processor.py:186} INFO - Started process (PID=2676) to work on /opt/airflow/dags/prod/airbyte_to_dbt_prod.py
[2026-08-27T12:51:52.467+0000] {processor.py:914} INFO - Processing file /opt/airflow/dags/prod/airbyte_to_dbt_prod.py for tasks to queue
[2026-08-27T12:51:52.470+0000] {logging_mixin.py:190} INFO - [2026-08-27T12:51:52.470+0000] {dagbag.py:588} INFO - Filling up the DagBag from /opt/airflow/dags/prod/airbyte_to_dbt_prod.py
[2026-08-27T12:51:52.492+0000] {processor.py:925} INFO - DAG(s) 'airbyte_to_dbt_pipeline_prod' retrieved from /opt/airflow/dags/prod/airbyte_to_dbt_prod.py
[2026-08-27T12:51:52.548+0000] {logging_mixin.py:190} INFO - [2026-08-27T12:51:52.547+0000] {dag.py:3239} INFO - Sync 1 DAGs
[2026-08-27T12:51:52.577+0000] {logging_mixin.py:190} INFO - [2026-08-27T12:51:52.577+0000] {dag.py:4180} INFO - Setting next_dagrun for airbyte_to_dbt_pipeline_prod to 2026-08-27 11:00:00+00:00, run_after=2026-08-27 12:00:00+00:00
[2026-08-27T12:51:52.602+0000] {processor.py:208} INFO - Processing /opt/airflow/dags/prod/airbyte_to_dbt_prod.py took 0.146 seconds
[2026-08-27T12:52:22.778+0000] {processor.py:186} INFO - Started process (PID=2686) to work on /opt/airflow/dags/prod/airbyte_to_dbt_prod.py
[2026-08-27T12:52:22.780+0000] {processor.py:914} INFO - Processing file /opt/airflow/dags/prod/airbyte_to_dbt_prod.py for tasks to queue
[2026-08-27T12:52:22.784+0000] {logging_mixin.py:190} INFO - [2026-08-27T12:52:22.784+0000] {dagbag.py:588} INFO - Filling up the DagBag from /opt/airflow/dags/prod/airbyte_to_dbt_prod.py
[2026-08-27T12:52:22.815+0000] {processor.py:925} INFO - DAG(s) 'airbyte_to_dbt_pipeline_prod' retrieved from /opt/airflow/dags/prod/airbyte_to_dbt_prod.py
[2026-08-27T12:52:22.857+0000] {logging_mixin.py:190} INFO - [2026-08-27T12:52:22.857+0000] {dag.py:3239} INFO - Sync 1 DAGs
[2026-08-27T12:52:22.889+0000] {logging_mixin.py:190} INFO - [2026-08-27T12:52:22.889+0000] {dag.py:4180} INFO - Setting next_dagrun for airbyte_to_dbt_pipeline_prod to 2026-08-27 11:00:00+00:00, run_after=2026-08-27 12:00:00+00:00
[2026-08-27T12:52:22.915+0000] {processor.py:208} INFO - Processing /opt/airflow/dags/prod/airbyte_to_dbt_prod.py took 0.148 seconds
[2026-08-27T12:52:53.086+0000] {processor.py:186} INFO - Started process (PID=2696) to work on /opt/airflow/dags/prod/airbyte_to_dbt_prod.py
[2026-08-27T12:52:53.087+0000] {processor.py:914} INFO - Processing file /opt/airflow/dags/prod/airbyte_to_dbt_prod.py for tasks to queue
[2026-08-27T12:52:53.089+0000] {logging_mixin.py:190} INFO - [2026-08-27T12:52:53.089+0000] {dagbag.py:588} INFO - Filling up the DagBag from /opt/airflow/dags/prod/airbyte_to_dbt_prod.py
[2026-08-27T12:52:53.113+0000] {processor.py:925} INFO - DAG(s) 'airbyte_to_dbt_pipeline_prod' retrieved from /opt/airflow/dags/prod/airbyte_to_dbt_prod.py
[2026-08-27T12:52:53.155+0000] {logging_mixin.py:190} INFO - [2026-08-27T12:52:53.155+0000] {dag.py:3239} INFO - Sync 1 DAGs
[2026-08-27T12:52:53.190+0000] {logging_mixin.py:190} INFO - [2026-08-27T12:52:53.190+0000] {dag.py:4180} INFO - Setting next_dagrun for airbyte_to_dbt_pipeline_prod to 2026-08-27 11:00:00+00:00, run_after=2026-08-27 12:00:00+00:00
[2026-08-27T12:52:53.214+0000] {processor.py:208} INFO - Processing /opt/airflow/dags/prod/airbyte_to_dbt_prod.py took 0.137 seconds
[2026-08-27T12:53:23.374+0000] {processor.py:186} INFO - Started process (PID=2706) to work on /opt/airflow/dags/prod/airbyte_to_dbt_prod.py
[2026-08-27T12:53:23.376+0000] {processor.py:914} INFO - Processing file /opt/airflow/dags/prod/airbyte_to_dbt_prod.py for tasks to queue
[2026-08-27T12:53:23.379+0000] {logging_mixin.py:190} INFO - [2026-08-27T12:53:23.378+0000] {dagbag.py:588} INFO - Filling up the DagBag from /opt/airflow/dags/prod/airbyte_to_dbt_prod.py
[2026-08-27T12:53:23.401+0000] {processor.py:925} INFO - DAG(s) 'airbyte_to_dbt_pipeline_prod' retrieved from /opt/airflow/dags/prod/airbyte_to_dbt_prod.py
[2026-08-27T12:53:23.453+0000] {logging_mixin.py:190} INFO - [2026-08-27T12:53:23.453+0000] {dag.py:3239} INFO - Sync 1 DAGs
[2026-08-27T12:53:23.486+0000] {logging_mixin.py:190} INFO - [2026-08-27T12:53:23.485+0000] {dag.py:4180} INFO - Setting next_dagrun for airbyte_to_dbt_pipeline_prod to 2026-08-27 11:00:00+00:00, run_after=2026-08-27 12:00:00+00:00
[2026-08-27T12:53:23.509+0000] {processor.py:208} INFO - Processing /opt/airflow/dags/prod/airbyte_to_dbt_prod.py took 0.143 seconds
[2026-08-27T12:53:53.674+0000] {processor.py:186} INFO - Started process (PID=2716) to work on /opt/airflow/dags/prod/airbyte_to_dbt_prod.py
[2026-08-27T12:53:53.675+0000] {processor.py:914} INFO - Processing file /opt/airflow/dags/prod/airbyte_to_dbt_prod.py for tasks to queue
[2026-08-27T12:53:53.678+0000] {logging_mixin.py:190} INFO - [2026-08-27T12:53:53.677+0000] {dagbag.py:588} INFO - Filling up the DagBag from /opt/airflow/dags/prod/airbyte_to_dbt_prod.py
[2026-08-27T12:53:53.699+0000] {processor.py:925} INFO - DAG(s) 'airbyte_to_dbt_pipeline_prod' retrieved from /opt/airflow/dags/prod/airbyte_to_dbt_prod.py
[2026-08-27T12:53:53.750+0000] {logging_mixin.py:190} INFO - [2026-08-27T12:53:53.750+0000] {dag.py:3239} INFO - Sync 1 DAGs
[2026-08-27T12:53:53.786+0000] {logging_mixin.py:190} INFO - [2026-08-27T12:53:53.786+0000] {dag.py:4180} INFO - Setting next_dagrun for airbyte_to_dbt_pipeline_prod to 2026-08-27 11:00:00+00:00, run_after=2026-08-27 12:00:00+00:00
[2026-08-27T12:53:53.814+0000] {processor.py:208} INFO - Processing /opt/airflow/dags/prod/airbyte_to_dbt_prod.py took 0.149 seconds
[2026-08-27T12:54:24.000+0000] {processor.py:186} INFO - Started process (PID=2726) to work on /opt/airflow/dags/prod/airbyte_to_dbt_prod.py
[2026-08-27T12:54:24.002+0000] {processor.py:914} INFO - Processing file /opt/airflow/dags/prod/airbyte_to_dbt_prod.py for tasks to queue
[2026-08-27T12:54:24.006+0000] {logging_mixin.py:190} INFO - [2026-08-27T12:54:24.005+0000] {dagbag.py:588} INFO - Filling up the DagBag from /opt/airflow/dags/prod/airbyte_to_dbt_prod.py
[2026-08-27T12:54:24.030+0000] {processor.py:925} INFO - DAG(s) 'airbyte_to_dbt_pipeline_prod' retrieved from /opt/airflow/dags/prod/airbyte_to_dbt_prod.py
[2026-08-27T12:54:24.091+0000] {logging_mixin.py:190} INFO - [2026-08-27T12:54:24.091+0000] {dag.py:3239} INFO - Sync 1 DAGs
[2026-08-27T12:54:24.130+0000] {logging_mixin.py:190} INFO - [2026-08-27T12:54:24.130+0000] {dag.py:4180} INFO - Setting next_dagrun for airbyte_to_dbt_pipeline_prod to 2026-08-27 11:00:00+00:00, run_after=2026-08-27 12:00:00+00:00
[2026-08-27T12:54:24.161+0000] {processor.py:208} INFO - Processing /opt/airflow/dags/prod/airbyte_to_dbt_prod.py took 0.171 seconds
[2026-08-27T12:54:54.338+0000] {processor.py:186} INFO - Started process (PID=2736) to work on /opt/airflow/dags/prod/airbyte_to_dbt_prod.py
[2026-08-27T12:54:54.338+0000] {processor.py:914} INFO - Processing file /opt/airflow/dags/prod/airbyte_to_dbt_prod.py for tasks to queue
[2026-08-27T12:54:54.342+0000] {logging_mixin.py:190} INFO - [2026-08-27T12:54:54.341+0000] {dagbag.py:588} INFO - Filling up the DagBag from /opt/airflow/dags/prod/airbyte_to_dbt_prod.py
[2026-08-27T12:54:54.367+0000] {processor.py:925} INFO - DAG(s) 'airbyte_to_dbt_pipeline_prod' retrieved from /opt/airflow/dags/prod/airbyte_to_dbt_prod.py
[2026-08-27T12:54:54.423+0000] {logging_mixin.py:190} INFO - [2026-08-27T12:54:54.423+0000] {dag.py:3239} INFO - Sync 1 DAGs
[2026-08-27T12:54:54.464+0000] {logging_mixin.py:190} INFO - [2026-08-27T12:54:54.464+0000] {dag.py:4180} INFO - Setting next_dagrun for airbyte_to_dbt_pipeline_prod to 2026-08-27 11:00:00+00:00, run_after=2026-08-27 12:00:00+00:00
[2026-08-27T12:54:54.490+0000] {processor.py:208} INFO - Processing /opt/airflow/dags/prod/airbyte_to_dbt_prod.py took 0.161 seconds
[2026-08-27T12:55:24.687+0000] {processor.py:186} INFO - Started process (PID=2746) to work on /opt/airflow/dags/prod/airbyte_to_dbt_prod.py
[2026-08-27T12:55:24.689+0000] {processor.py:914} INFO - Processing file /opt/airflow/dags/prod/airbyte_to_dbt_prod.py for tasks to queue
[2026-08-27T12:55:24.694+0000] {logging_mixin.py:190} INFO - [2026-08-27T12:55:24.693+0000] {dagbag.py:588} INFO - Filling up the DagBag from /opt/airflow/dags/prod/airbyte_to_dbt_prod.py
[2026-08-27T12:55:24.728+0000] {processor.py:925} INFO - DAG(s) 'airbyte_to_dbt_pipeline_prod' retrieved from /opt/airflow/dags/prod/airbyte_to_dbt_prod.py
[2026-08-27T12:55:24.778+0000] {logging_mixin.py:190} INFO - [2026-08-27T12:55:24.778+0000] {dag.py:3239} INFO - Sync 1 DAGs
[2026-08-27T12:55:24.812+0000] {logging_mixin.py:190} INFO - [2026-08-27T12:55:24.812+0000] {dag.py:4180} INFO - Setting next_dagrun for airbyte_to_dbt_pipeline_prod to 2026-08-27 11:00:00+00:00, run_after=2026-08-27 12:00:00+00:00
[2026-08-27T12:55:24.840+0000] {processor.py:208} INFO - Processing /opt/airflow/dags/prod/airbyte_to_dbt_prod.py took 0.167 seconds
[2026-08-27T12:55:55.023+0000] {processor.py:186} INFO - Started process (PID=2756) to work on /opt/airflow/dags/prod/airbyte_to_dbt_prod.py
[2026-08-27T12:55:55.024+0000] {processor.py:914} INFO - Processing file /opt/airflow/dags/prod/airbyte_to_dbt_prod.py for tasks to queue
[2026-08-27T12:55:55.031+0000] {logging_mixin.py:190} INFO - [2026-08-27T12:55:55.030+0000] {dagbag.py:588} INFO - Filling up the DagBag from /opt/airflow/dags/prod/airbyte_to_dbt_prod.py
[2026-08-27T12:55:55.071+0000] {processor.py:925} INFO - DAG(s) 'airbyte_to_dbt_pipeline_prod' retrieved from /opt/airflow/dags/prod/airbyte_to_dbt_prod.py
[2026-08-27T12:55:55.134+0000] {logging_mixin.py:190} INFO - [2026-08-27T12:55:55.134+0000] {dag.py:3239} INFO - Sync 1 DAGs
[2026-08-27T12:55:55.172+0000] {logging_mixin.py:190} INFO - [2026-08-27T12:55:55.172+0000] {dag.py:4180} INFO - Setting next_dagrun for airbyte_to_dbt_pipeline_prod to 2026-08-27 11:00:00+00:00, run_after=2026-08-27 12:00:00+00:00
[2026-08-27T12:55:55.197+0000] {processor.py:208} INFO - Processing /opt/airflow/dags/prod/airbyte_to_dbt_prod.py took 0.186 seconds
[2026-08-27T12:56:25.386+0000] {processor.py:186} INFO - Started process (PID=2766) to work on /opt/airflow/dags/prod/airbyte_to_dbt_prod.py
[2026-08-27T12:56:25.389+0000] {processor.py:914} INFO - Processing file /opt/airflow/dags/prod/airbyte_to_dbt_prod.py for tasks to queue
[2026-08-27T12:56:25.397+0000] {logging_mixin.py:190} INFO - [2026-08-27T12:56:25.397+0000] {dagbag.py:588} INFO - Filling up the DagBag from /opt/airflow/dags/prod/airbyte_to_dbt_prod.py
[2026-08-27T12:56:25.449+0000] {processor.py:925} INFO - DAG(s) 'airbyte_to_dbt_pipeline_prod' retrieved from /opt/airflow/dags/prod/airbyte_to_dbt_prod.py
[2026-08-27T12:56:25.551+0000] {logging_mixin.py:190} INFO - [2026-08-27T12:56:25.551+0000] {dag.py:3239} INFO - Sync 1 DAGs
[2026-08-27T12:56:25.624+0000] {logging_mixin.py:190} INFO - [2026-08-27T12:56:25.623+0000] {dag.py:4180} INFO - Setting next_dagrun for airbyte_to_dbt_pipeline_prod to 2026-08-27 11:00:00+00:00, run_after=2026-08-27 12:00:00+00:00
[2026-08-27T12:56:25.663+0000] {processor.py:208} INFO - Processing /opt/airflow/dags/prod/airbyte_to_dbt_prod.py took 0.293 seconds
[2026-08-27T12:56:55.800+0000] {processor.py:186} INFO - Started process (PID=2776) to work on /opt/airflow/dags/prod/airbyte_to_dbt_prod.py
[2026-08-27T12:56:55.801+0000] {processor.py:914} INFO - Processing file /opt/airflow/dags/prod/airbyte_to_dbt_prod.py for tasks to queue
[2026-08-27T12:56:55.804+0000] {logging_mixin.py:190} INFO - [2026-08-27T12:56:55.803+0000] {dagbag.py:588} INFO - Filling up the DagBag from /opt/airflow/dags/prod/airbyte_to_dbt_prod.py
[2026-08-27T12:56:55.827+0000] {processor.py:925} INFO - DAG(s) 'airbyte_to_dbt_pipeline_prod' retrieved from /opt/airflow/dags/prod/airbyte_to_dbt_prod.py
[2026-08-27T12:56:55.881+0000] {logging_mixin.py:190} INFO - [2026-08-27T12:56:55.881+0000] {dag.py:3239} INFO - Sync 1 DAGs
[2026-08-27T12:56:55.917+0000] {logging_mixin.py:190} INFO - [2026-08-27T12:56:55.917+0000] {dag.py:4180} INFO - Setting next_dagrun for airbyte_to_dbt_pipeline_prod to 2026-08-27 11:00:00+00:00, run_after=2026-08-27 12:00:00+00:00
[2026-08-27T12:56:55.942+0000] {processor.py:208} INFO - Processing /opt/airflow/dags/prod/airbyte_to_dbt_prod.py took 0.150 seconds
[2026-08-27T12:57:26.118+0000] {processor.py:186} INFO - Started process (PID=2786) to work on /opt/airflow/dags/prod/airbyte_to_dbt_prod.py
[2026-08-27T12:57:26.120+0000] {processor.py:914} INFO - Processing file /opt/airflow/dags/prod/airbyte_to_dbt_prod.py for tasks to queue
[2026-08-27T12:57:26.125+0000] {logging_mixin.py:190} INFO - [2026-08-27T12:57:26.124+0000] {dagbag.py:588} INFO - Filling up the DagBag from /opt/airflow/dags/prod/airbyte_to_dbt_prod.py
[2026-08-27T12:57:26.149+0000] {processor.py:925} INFO - DAG(s) 'airbyte_to_dbt_pipeline_prod' retrieved from /opt/airflow/dags/prod/airbyte_to_dbt_prod.py
[2026-08-27T12:57:26.198+0000] {logging_mixin.py:190} INFO - [2026-08-27T12:57:26.198+0000] {dag.py:3239} INFO - Sync 1 DAGs
[2026-08-27T12:57:26.240+0000] {logging_mixin.py:190} INFO - [2026-08-27T12:57:26.240+0000] {dag.py:4180} INFO - Setting next_dagrun for airbyte_to_dbt_pipeline_prod to 2026-08-27 11:00:00+00:00, run_after=2026-08-27 12:00:00+00:00
[2026-08-27T12:57:26.264+0000] {processor.py:208} INFO - Processing /opt/airflow/dags/prod/airbyte_to_dbt_prod.py took 0.155 seconds
[2026-08-27T12:57:56.415+0000] {processor.py:186} INFO - Started process (PID=2796) to work on /opt/airflow/dags/prod/airbyte_to_dbt_prod.py
[2026-08-27T12:57:56.416+0000] {processor.py:914} INFO - Processing file /opt/airflow/dags/prod/airbyte_to_dbt_prod.py for tasks to queue
[2026-08-27T12:57:56.420+0000] {logging_mixin.py:190} INFO - [2026-08-27T12:57:56.420+0000] {dagbag.py:588} INFO - Filling up the DagBag from /opt/airflow/dags/prod/airbyte_to_dbt_prod.py
[2026-08-27T12:57:56.448+0000] {processor.py:925} INFO - DAG(s) 'airbyte_to_dbt_pipeline_prod' retrieved from /opt/airflow/dags/prod/airbyte_to_dbt_prod.py
[2026-08-27T12:57:56.488+0000] {logging_mixin.py:190} INFO - [2026-08-27T12:57:56.488+0000] {dag.py:3239} INFO - Sync 1 DAGs
[2026-08-27T12:57:56.520+0000] {logging_mixin.py:190} INFO - [2026-08-27T12:57:56.520+0000] {dag.py:4180} INFO - Setting next_dagrun for airbyte_to_dbt_pipeline_prod to 2026-08-27 11:00:00+00:00, run_after=2026-08-27 12:00:00+00:00
[2026-08-27T12:57:56.553+0000] {processor.py:208} INFO - Processing /opt/airflow/dags/prod/airbyte_to_dbt_prod.py took 0.149 seconds
[2026-08-27T12:58:26.872+0000] {processor.py:186} INFO - Started process (PID=2804) to work on /opt/airflow/dags/prod/airbyte_to_dbt_prod.py
[2026-08-27T12:58:26.876+0000] {processor.py:914} INFO - Processing file /opt/airflow/dags/prod/airbyte_to_dbt_prod.py for tasks to queue
[2026-08-27T12:58:26.921+0000] {logging_mixin.py:190} INFO - [2026-08-27T12:58:26.916+0000] {dagbag.py:588} INFO - Filling up the DagBag from /opt/airflow/dags/prod/airbyte_to_dbt_prod.py
[2026-08-27T12:58:27.287+0000] {processor.py:925} INFO - DAG(s) 'airbyte_to_dbt_pipeline_prod' retrieved from /opt/airflow/dags/prod/airbyte_to_dbt_prod.py
[2026-08-27T12:58:27.388+0000] {logging_mixin.py:190} INFO - [2026-08-27T12:58:27.388+0000] {dag.py:3239} INFO - Sync 1 DAGs
[2026-08-27T12:58:27.468+0000] {logging_mixin.py:190} INFO - [2026-08-27T12:58:27.467+0000] {dag.py:4180} INFO - Setting next_dagrun for airbyte_to_dbt_pipeline_prod to 2026-08-27 11:00:00+00:00, run_after=2026-08-27 12:00:00+00:00
[2026-08-27T12:58:27.496+0000] {processor.py:208} INFO - Processing /opt/airflow/dags/prod/airbyte_to_dbt_prod.py took 0.728 seconds
[2026-08-27T12:58:57.702+0000] {processor.py:186} INFO - Started process (PID=2816) to work on /opt/airflow/dags/prod/airbyte_to_dbt_prod.py
[2026-08-27T12:58:57.703+0000] {processor.py:914} INFO - Processing file /opt/airflow/dags/prod/airbyte_to_dbt_prod.py for tasks to queue
[2026-08-27T12:58:57.708+0000] {logging_mixin.py:190} INFO - [2026-08-27T12:58:57.707+0000] {dagbag.py:588} INFO - Filling up the DagBag from /opt/airflow/dags/prod/airbyte_to_dbt_prod.py
[2026-08-27T12:58:57.740+0000] {processor.py:925} INFO - DAG(s) 'airbyte_to_dbt_pipeline_prod' retrieved from /opt/airflow/dags/prod/airbyte_to_dbt_prod.py
[2026-08-27T12:58:57.791+0000] {logging_mixin.py:190} INFO - [2026-08-27T12:58:57.790+0000] {dag.py:3239} INFO - Sync 1 DAGs
[2026-08-27T12:58:57.828+0000] {logging_mixin.py:190} INFO - [2026-08-27T12:58:57.828+0000] {dag.py:4180} INFO - Setting next_dagrun for airbyte_to_dbt_pipeline_prod to 2026-08-27 11:00:00+00:00, run_after=2026-08-27 12:00:00+00:00
[2026-08-27T12:58:57.857+0000] {processor.py:208} INFO - Processing /opt/airflow/dags/prod/airbyte_to_dbt_prod.py took 0.168 seconds
[2026-08-27T12:59:28.057+0000] {processor.py:186} INFO - Started process (PID=2826) to work on /opt/airflow/dags/prod/airbyte_to_dbt_prod.py
[2026-08-27T12:59:28.059+0000] {processor.py:914} INFO - Processing file /opt/airflow/dags/prod/airbyte_to_dbt_prod.py for tasks to queue
[2026-08-27T12:59:28.063+0000] {logging_mixin.py:190} INFO - [2026-08-27T12:59:28.062+0000] {dagbag.py:588} INFO - Filling up the DagBag from /opt/airflow/dags/prod/airbyte_to_dbt_prod.py
[2026-08-27T12:59:28.094+0000] {processor.py:925} INFO - DAG(s) 'airbyte_to_dbt_pipeline_prod' retrieved from /opt/airflow/dags/prod/airbyte_to_dbt_prod.py
[2026-08-27T12:59:28.139+0000] {logging_mixin.py:190} INFO - [2026-08-27T12:59:28.139+0000] {dag.py:3239} INFO - Sync 1 DAGs
[2026-08-27T12:59:28.168+0000] {logging_mixin.py:190} INFO - [2026-08-27T12:59:28.168+0000] {dag.py:4180} INFO - Setting next_dagrun for airbyte_to_dbt_pipeline_prod to 2026-08-27 11:00:00+00:00, run_after=2026-08-27 12:00:00+00:00
[2026-08-27T12:59:28.196+0000] {processor.py:208} INFO - Processing /opt/airflow/dags/prod/airbyte_to_dbt_prod.py took 0.150 seconds
[2026-08-27T12:59:58.376+0000] {processor.py:186} INFO - Started process (PID=2836) to work on /opt/airflow/dags/prod/airbyte_to_dbt_prod.py
[2026-08-27T12:59:58.377+0000] {processor.py:914} INFO - Processing file /opt/airflow/dags/prod/airbyte_to_dbt_prod.py for tasks to queue
[2026-08-27T12:59:58.380+0000] {logging_mixin.py:190} INFO - [2026-08-27T12:59:58.380+0000] {dagbag.py:588} INFO - Filling up the DagBag from /opt/airflow/dags/prod/airbyte_to_dbt_prod.py
[2026-08-27T12:59:58.411+0000] {processor.py:925} INFO - DAG(s) 'airbyte_to_dbt_pipeline_prod' retrieved from /opt/airflow/dags/prod/airbyte_to_dbt_prod.py
[2026-08-27T12:59:58.471+0000] {logging_mixin.py:190} INFO - [2026-08-27T12:59:58.471+0000] {dag.py:3239} INFO - Sync 1 DAGs
[2026-08-27T12:59:58.513+0000] {logging_mixin.py:190} INFO - [2026-08-27T12:59:58.513+0000] {dag.py:4180} INFO - Setting next_dagrun for airbyte_to_dbt_pipeline_prod to 2026-08-27 11:00:00+00:00, run_after=2026-08-27 12:00:00+00:00
[2026-08-27T12:59:58.547+0000] {processor.py:208} INFO - Processing /opt/airflow/dags/prod/airbyte_to_dbt_prod.py took 0.183 seconds
[2026-08-27T13:00:28.711+0000] {processor.py:186} INFO - Started process (PID=2846) to work on /opt/airflow/dags/prod/airbyte_to_dbt_prod.py
[2026-08-27T13:00:28.712+0000] {processor.py:914} INFO - Processing file /opt/airflow/dags/prod/airbyte_to_dbt_prod.py for tasks to queue
[2026-08-27T13:00:28.716+0000] {logging_mixin.py:190} INFO - [2026-08-27T13:00:28.715+0000] {dagbag.py:588} INFO - Filling up the DagBag from /opt/airflow/dags/prod/airbyte_to_dbt_prod.py
[2026-08-27T13:00:28.745+0000] {processor.py:925} INFO - DAG(s) 'airbyte_to_dbt_pipeline_prod' retrieved from /opt/airflow/dags/prod/airbyte_to_dbt_prod.py
[2026-08-27T13:00:28.798+0000] {logging_mixin.py:190} INFO - [2026-08-27T13:00:28.798+0000] {dag.py:3239} INFO - Sync 1 DAGs
[2026-08-27T13:00:28.837+0000] {logging_mixin.py:190} INFO - [2026-08-27T13:00:28.836+0000] {dag.py:4180} INFO - Setting next_dagrun for airbyte_to_dbt_pipeline_prod to 2026-08-27 12:00:00+00:00, run_after=2026-08-27 13:00:00+00:00
[2026-08-27T13:00:28.861+0000] {processor.py:208} INFO - Processing /opt/airflow/dags/prod/airbyte_to_dbt_prod.py took 0.159 seconds
[2026-08-27T13:00:59.036+0000] {processor.py:186} INFO - Started process (PID=2856) to work on /opt/airflow/dags/prod/airbyte_to_dbt_prod.py
[2026-08-27T13:00:59.037+0000] {processor.py:914} INFO - Processing file /opt/airflow/dags/prod/airbyte_to_dbt_prod.py for tasks to queue
[2026-08-27T13:00:59.042+0000] {logging_mixin.py:190} INFO - [2026-08-27T13:00:59.041+0000] {dagbag.py:588} INFO - Filling up the DagBag from /opt/airflow/dags/prod/airbyte_to_dbt_prod.py
[2026-08-27T13:00:59.078+0000] {processor.py:925} INFO - DAG(s) 'airbyte_to_dbt_pipeline_prod' retrieved from /opt/airflow/dags/prod/airbyte_to_dbt_prod.py
[2026-08-27T13:00:59.117+0000] {logging_mixin.py:190} INFO - [2026-08-27T13:00:59.117+0000] {dag.py:3239} INFO - Sync 1 DAGs
[2026-08-27T13:00:59.147+0000] {logging_mixin.py:190} INFO - [2026-08-27T13:00:59.146+0000] {dag.py:4180} INFO - Setting next_dagrun for airbyte_to_dbt_pipeline_prod to 2026-08-27 12:00:00+00:00, run_after=2026-08-27 13:00:00+00:00
[2026-08-27T13:00:59.169+0000] {processor.py:208} INFO - Processing /opt/airflow/dags/prod/airbyte_to_dbt_prod.py took 0.147 seconds
[2026-08-27T13:01:29.357+0000] {processor.py:186} INFO - Started process (PID=2866) to work on /opt/airflow/dags/prod/airbyte_to_dbt_prod.py
[2026-08-27T13:01:29.358+0000] {processor.py:914} INFO - Processing file /opt/airflow/dags/prod/airbyte_to_dbt_prod.py for tasks to queue
[2026-08-27T13:01:29.361+0000] {logging_mixin.py:190} INFO - [2026-08-27T13:01:29.360+0000] {dagbag.py:588} INFO - Filling up the DagBag from /opt/airflow/dags/prod/airbyte_to_dbt_prod.py
[2026-08-27T13:01:29.384+0000] {processor.py:925} INFO - DAG(s) 'airbyte_to_dbt_pipeline_prod' retrieved from /opt/airflow/dags/prod/airbyte_to_dbt_prod.py
[2026-08-27T13:01:29.435+0000] {logging_mixin.py:190} INFO - [2026-08-27T13:01:29.435+0000] {dag.py:3239} INFO - Sync 1 DAGs
[2026-08-27T13:01:29.468+0000] {logging_mixin.py:190} INFO - [2026-08-27T13:01:29.468+0000] {dag.py:4180} INFO - Setting next_dagrun for airbyte_to_dbt_pipeline_prod to 2026-08-27 12:00:00+00:00, run_after=2026-08-27 13:00:00+00:00
[2026-08-27T13:01:29.499+0000] {processor.py:208} INFO - Processing /opt/airflow/dags/prod/airbyte_to_dbt_prod.py took 0.152 seconds
[2026-08-27T13:01:59.672+0000] {processor.py:186} INFO - Started process (PID=2876) to work on /opt/airflow/dags/prod/airbyte_to_dbt_prod.py
[2026-08-27T13:01:59.673+0000] {processor.py:914} INFO - Processing file /opt/airflow/dags/prod/airbyte_to_dbt_prod.py for tasks to queue
[2026-08-27T13:01:59.677+0000] {logging_mixin.py:190} INFO - [2026-08-27T13:01:59.677+0000] {dagbag.py:588} INFO - Filling up the DagBag from /opt/airflow/dags/prod/airbyte_to_dbt_prod.py
[2026-08-27T13:01:59.708+0000] {processor.py:925} INFO - DAG(s) 'airbyte_to_dbt_pipeline_prod' retrieved from /opt/airflow/dags/prod/airbyte_to_dbt_prod.py
[2026-08-27T13:01:59.758+0000] {logging_mixin.py:190} INFO - [2026-08-27T13:01:59.757+0000] {dag.py:3239} INFO - Sync 1 DAGs
[2026-08-27T13:01:59.794+0000] {logging_mixin.py:190} INFO - [2026-08-27T13:01:59.793+0000] {dag.py:4180} INFO - Setting next_dagrun for airbyte_to_dbt_pipeline_prod to 2026-08-27 12:00:00+00:00, run_after=2026-08-27 13:00:00+00:00
[2026-08-27T13:01:59.817+0000] {processor.py:208} INFO - Processing /opt/airflow/dags/prod/airbyte_to_dbt_prod.py took 0.157 seconds
[2026-08-27T13:02:29.974+0000] {processor.py:186} INFO - Started process (PID=2886) to work on /opt/airflow/dags/prod/airbyte_to_dbt_prod.py
[2026-08-27T13:02:29.975+0000] {processor.py:914} INFO - Processing file /opt/airflow/dags/prod/airbyte_to_dbt_prod.py for tasks to queue
[2026-08-27T13:02:29.978+0000] {logging_mixin.py:190} INFO - [2026-08-27T13:02:29.978+0000] {dagbag.py:588} INFO - Filling up the DagBag from /opt/airflow/dags/prod/airbyte_to_dbt_prod.py
[2026-08-27T13:02:30.001+0000] {processor.py:925} INFO - DAG(s) 'airbyte_to_dbt_pipeline_prod' retrieved from /opt/airflow/dags/prod/airbyte_to_dbt_prod.py
[2026-08-27T13:02:30.042+0000] {logging_mixin.py:190} INFO - [2026-08-27T13:02:30.042+0000] {dag.py:3239} INFO - Sync 1 DAGs
[2026-08-27T13:02:30.081+0000] {logging_mixin.py:190} INFO - [2026-08-27T13:02:30.081+0000] {dag.py:4180} INFO - Setting next_dagrun for airbyte_to_dbt_pipeline_prod to 2026-08-27 12:00:00+00:00, run_after=2026-08-27 13:00:00+00:00
[2026-08-27T13:02:30.105+0000] {processor.py:208} INFO - Processing /opt/airflow/dags/prod/airbyte_to_dbt_prod.py took 0.141 seconds
[2026-08-27T13:03:00.269+0000] {processor.py:186} INFO - Started process (PID=2896) to work on /opt/airflow/dags/prod/airbyte_to_dbt_prod.py
[2026-08-27T13:03:00.270+0000] {processor.py:914} INFO - Processing file /opt/airflow/dags/prod/airbyte_to_dbt_prod.py for tasks to queue
[2026-08-27T13:03:00.273+0000] {logging_mixin.py:190} INFO - [2026-08-27T13:03:00.273+0000] {dagbag.py:588} INFO - Filling up the DagBag from /opt/airflow/dags/prod/airbyte_to_dbt_prod.py
[2026-08-27T13:03:00.297+0000] {processor.py:925} INFO - DAG(s) 'airbyte_to_dbt_pipeline_prod' retrieved from /opt/airflow/dags/prod/airbyte_to_dbt_prod.py
[2026-08-27T13:03:00.347+0000] {logging_mixin.py:190} INFO - [2026-08-27T13:03:00.347+0000] {dag.py:3239} INFO - Sync 1 DAGs
[2026-08-27T13:03:00.384+0000] {logging_mixin.py:190} INFO - [2026-08-27T13:03:00.384+0000] {dag.py:4180} INFO - Setting next_dagrun for airbyte_to_dbt_pipeline_prod to 2026-08-27 12:00:00+00:00, run_after=2026-08-27 13:00:00+00:00
[2026-08-27T13:03:00.409+0000] {processor.py:208} INFO - Processing /opt/airflow/dags/prod/airbyte_to_dbt_prod.py took 0.149 seconds
[2026-08-27T13:03:30.522+0000] {processor.py:186} INFO - Started process (PID=2906) to work on /opt/airflow/dags/prod/airbyte_to_dbt_prod.py
[2026-08-27T13:03:30.523+0000] {processor.py:914} INFO - Processing file /opt/airflow/dags/prod/airbyte_to_dbt_prod.py for tasks to queue
[2026-08-27T13:03:30.526+0000] {logging_mixin.py:190} INFO - [2026-08-27T13:03:30.526+0000] {dagbag.py:588} INFO - Filling up the DagBag from /opt/airflow/dags/prod/airbyte_to_dbt_prod.py
[2026-08-27T13:03:30.551+0000] {processor.py:925} INFO - DAG(s) 'airbyte_to_dbt_pipeline_prod' retrieved from /opt/airflow/dags/prod/airbyte_to_dbt_prod.py
[2026-08-27T13:03:30.600+0000] {logging_mixin.py:190} INFO - [2026-08-27T13:03:30.600+0000] {dag.py:3239} INFO - Sync 1 DAGs
[2026-08-27T13:03:30.634+0000] {logging_mixin.py:190} INFO - [2026-08-27T13:03:30.634+0000] {dag.py:4180} INFO - Setting next_dagrun for airbyte_to_dbt_pipeline_prod to 2026-08-27 12:00:00+00:00, run_after=2026-08-27 13:00:00+00:00
[2026-08-27T13:03:30.656+0000] {processor.py:208} INFO - Processing /opt/airflow/dags/prod/airbyte_to_dbt_prod.py took 0.143 seconds
[2026-08-27T13:04:00.813+0000] {processor.py:186} INFO - Started process (PID=2916) to work on /opt/airflow/dags/prod/airbyte_to_dbt_prod.py
[2026-08-27T13:04:00.814+0000] {processor.py:914} INFO - Processing file /opt/airflow/dags/prod/airbyte_to_dbt_prod.py for tasks to queue
[2026-08-27T13:04:00.817+0000] {logging_mixin.py:190} INFO - [2026-08-27T13:04:00.816+0000] {dagbag.py:588} INFO - Filling up the DagBag from /opt/airflow/dags/prod/airbyte_to_dbt_prod.py
[2026-08-27T13:04:00.839+0000] {processor.py:925} INFO - DAG(s) 'airbyte_to_dbt_pipeline_prod' retrieved from /opt/airflow/dags/prod/airbyte_to_dbt_prod.py
[2026-08-27T13:04:00.884+0000] {logging_mixin.py:190} INFO - [2026-08-27T13:04:00.884+0000] {dag.py:3239} INFO - Sync 1 DAGs
[2026-08-27T13:04:00.919+0000] {logging_mixin.py:190} INFO - [2026-08-27T13:04:00.919+0000] {dag.py:4180} INFO - Setting next_dagrun for airbyte_to_dbt_pipeline_prod to 2026-08-27 12:00:00+00:00, run_after=2026-08-27 13:00:00+00:00
[2026-08-27T13:04:00.943+0000] {processor.py:208} INFO - Processing /opt/airflow/dags/prod/airbyte_to_dbt_prod.py took 0.139 seconds
[2026-08-27T13:04:31.118+0000] {processor.py:186} INFO - Started process (PID=2926) to work on /opt/airflow/dags/prod/airbyte_to_dbt_prod.py
[2026-08-27T13:04:31.119+0000] {processor.py:914} INFO - Processing file /opt/airflow/dags/prod/airbyte_to_dbt_prod.py for tasks to queue
[2026-08-27T13:04:31.124+0000] {logging_mixin.py:190} INFO - [2026-08-27T13:04:31.123+0000] {dagbag.py:588} INFO - Filling up the DagBag from /opt/airflow/dags/prod/airbyte_to_dbt_prod.py
[2026-08-27T13:04:31.148+0000] {processor.py:925} INFO - DAG(s) 'airbyte_to_dbt_pipeline_prod' retrieved from /opt/airflow/dags/prod/airbyte_to_dbt_prod.py
[2026-08-27T13:04:31.189+0000] {logging_mixin.py:190} INFO - [2026-08-27T13:04:31.189+0000] {dag.py:3239} INFO - Sync 1 DAGs
[2026-08-27T13:04:31.232+0000] {logging_mixin.py:190} INFO - [2026-08-27T13:04:31.232+0000] {dag.py:4180} INFO - Setting next_dagrun for airbyte_to_dbt_pipeline_prod to 2026-08-27 12:00:00+00:00, run_after=2026-08-27 13:00:00+00:00
[2026-08-27T13:04:31.258+0000] {processor.py:208} INFO - Processing /opt/airflow/dags/prod/airbyte_to_dbt_prod.py took 0.150 seconds
[2026-08-27T13:05:01.404+0000] {processor.py:186} INFO - Started process (PID=2936) to work on /opt/airflow/dags/prod/airbyte_to_dbt_prod.py
[2026-08-27T13:05:01.405+0000] {processor.py:914} INFO - Processing file /opt/airflow/dags/prod/airbyte_to_dbt_prod.py for tasks to queue
[2026-08-27T13:05:01.408+0000] {logging_mixin.py:190} INFO - [2026-08-27T13:05:01.408+0000] {dagbag.py:588} INFO - Filling up the DagBag from /opt/airflow/dags/prod/airbyte_to_dbt_prod.py
[2026-08-27T13:05:01.434+0000] {processor.py:925} INFO - DAG(s) 'airbyte_to_dbt_pipeline_prod' retrieved from /opt/airflow/dags/prod/airbyte_to_dbt_prod.py
[2026-08-27T13:05:01.487+0000] {logging_mixin.py:190} INFO - [2026-08-27T13:05:01.487+0000] {dag.py:3239} INFO - Sync 1 DAGs
[2026-08-27T13:05:01.526+0000] {logging_mixin.py:190} INFO - [2026-08-27T13:05:01.526+0000] {dag.py:4180} INFO - Setting next_dagrun for airbyte_to_dbt_pipeline_prod to 2026-08-27 12:00:00+00:00, run_after=2026-08-27 13:00:00+00:00
[2026-08-27T13:05:01.554+0000] {processor.py:208} INFO - Processing /opt/airflow/dags/prod/airbyte_to_dbt_prod.py took 0.158 seconds
[2026-08-27T13:05:31.715+0000] {processor.py:186} INFO - Started process (PID=2946) to work on /opt/airflow/dags/prod/airbyte_to_dbt_prod.py
[2026-08-27T13:05:31.716+0000] {processor.py:914} INFO - Processing file /opt/airflow/dags/prod/airbyte_to_dbt_prod.py for tasks to queue
[2026-08-27T13:05:31.720+0000] {logging_mixin.py:190} INFO - [2026-08-27T13:05:31.719+0000] {dagbag.py:588} INFO - Filling up the DagBag from /opt/airflow/dags/prod/airbyte_to_dbt_prod.py
[2026-08-27T13:05:31.744+0000] {processor.py:925} INFO - DAG(s) 'airbyte_to_dbt_pipeline_prod' retrieved from /opt/airflow/dags/prod/airbyte_to_dbt_prod.py
[2026-08-27T13:05:31.783+0000] {logging_mixin.py:190} INFO - [2026-08-27T13:05:31.782+0000] {dag.py:3239} INFO - Sync 1 DAGs
[2026-08-27T13:05:31.815+0000] {logging_mixin.py:190} INFO - [2026-08-27T13:05:31.815+0000] {dag.py:4180} INFO - Setting next_dagrun for airbyte_to_dbt_pipeline_prod to 2026-08-27 12:00:00+00:00, run_after=2026-08-27 13:00:00+00:00
[2026-08-27T13:05:31.840+0000] {processor.py:208} INFO - Processing /opt/airflow/dags/prod/airbyte_to_dbt_prod.py took 0.134 seconds
[2026-08-27T13:06:02.101+0000] {processor.py:186} INFO - Started process (PID=2955) to work on /opt/airflow/dags/prod/airbyte_to_dbt_prod.py
[2026-08-27T13:06:02.102+0000] {processor.py:914} INFO - Processing file /opt/airflow/dags/prod/airbyte_to_dbt_prod.py for tasks to queue
[2026-08-27T13:06:02.116+0000] {logging_mixin.py:190} INFO - [2026-08-27T13:06:02.115+0000] {dagbag.py:588} INFO - Filling up the DagBag from /opt/airflow/dags/prod/airbyte_to_dbt_prod.py
[2026-08-27T13:06:02.162+0000] {processor.py:925} INFO - DAG(s) 'airbyte_to_dbt_pipeline_prod' retrieved from /opt/airflow/dags/prod/airbyte_to_dbt_prod.py
[2026-08-27T13:06:02.251+0000] {logging_mixin.py:190} INFO - [2026-08-27T13:06:02.251+0000] {dag.py:3239} INFO - Sync 1 DAGs
[2026-08-27T13:06:02.321+0000] {logging_mixin.py:190} INFO - [2026-08-27T13:06:02.320+0000] {dag.py:4180} INFO - Setting next_dagrun for airbyte_to_dbt_pipeline_prod to 2026-08-27 12:00:00+00:00, run_after=2026-08-27 13:00:00+00:00
[2026-08-27T13:06:02.346+0000] {processor.py:208} INFO - Processing /opt/airflow/dags/prod/airbyte_to_dbt_prod.py took 0.305 seconds
[2026-08-27T13:06:32.514+0000] {processor.py:186} INFO - Started process (PID=2966) to work on /opt/airflow/dags/prod/airbyte_to_dbt_prod.py
[2026-08-27T13:06:32.515+0000] {processor.py:914} INFO - Processing file /opt/airflow/dags/prod/airbyte_to_dbt_prod.py for tasks to queue
[2026-08-27T13:06:32.518+0000] {logging_mixin.py:190} INFO - [2026-08-27T13:06:32.518+0000] {dagbag.py:588} INFO - Filling up the DagBag from /opt/airflow/dags/prod/airbyte_to_dbt_prod.py
[2026-08-27T13:06:32.541+0000] {processor.py:925} INFO - DAG(s) 'airbyte_to_dbt_pipeline_prod' retrieved from /opt/airflow/dags/prod/airbyte_to_dbt_prod.py
[2026-08-27T13:06:32.592+0000] {logging_mixin.py:190} INFO - [2026-08-27T13:06:32.591+0000] {dag.py:3239} INFO - Sync 1 DAGs
[2026-08-27T13:06:32.628+0000] {logging_mixin.py:190} INFO - [2026-08-27T13:06:32.627+0000] {dag.py:4180} INFO - Setting next_dagrun for airbyte_to_dbt_pipeline_prod to 2026-08-27 12:00:00+00:00, run_after=2026-08-27 13:00:00+00:00
[2026-08-27T13:06:32.650+0000] {processor.py:208} INFO - Processing /opt/airflow/dags/prod/airbyte_to_dbt_prod.py took 0.144 seconds
[2026-08-27T13:07:02.823+0000] {processor.py:186} INFO - Started process (PID=2976) to work on /opt/airflow/dags/prod/airbyte_to_dbt_prod.py
[2026-08-27T13:07:02.824+0000] {processor.py:914} INFO - Processing file /opt/airflow/dags/prod/airbyte_to_dbt_prod.py for tasks to queue
[2026-08-27T13:07:02.829+0000] {logging_mixin.py:190} INFO - [2026-08-27T13:07:02.828+0000] {dagbag.py:588} INFO - Filling up the DagBag from /opt/airflow/dags/prod/airbyte_to_dbt_prod.py
[2026-08-27T13:07:02.858+0000] {processor.py:925} INFO - DAG(s) 'airbyte_to_dbt_pipeline_prod' retrieved from /opt/airflow/dags/prod/airbyte_to_dbt_prod.py
[2026-08-27T13:07:02.899+0000] {logging_mixin.py:190} INFO - [2026-08-27T13:07:02.898+0000] {dag.py:3239} INFO - Sync 1 DAGs
[2026-08-27T13:07:02.930+0000] {logging_mixin.py:190} INFO - [2026-08-27T13:07:02.930+0000] {dag.py:4180} INFO - Setting next_dagrun for airbyte_to_dbt_pipeline_prod to 2026-08-27 12:00:00+00:00, run_after=2026-08-27 13:00:00+00:00
[2026-08-27T13:07:02.951+0000] {processor.py:208} INFO - Processing /opt/airflow/dags/prod/airbyte_to_dbt_prod.py took 0.141 seconds
[2026-08-27T13:07:33.126+0000] {processor.py:186} INFO - Started process (PID=2986) to work on /opt/airflow/dags/prod/airbyte_to_dbt_prod.py
[2026-08-27T13:07:33.127+0000] {processor.py:914} INFO - Processing file /opt/airflow/dags/prod/airbyte_to_dbt_prod.py for tasks to queue
[2026-08-27T13:07:33.130+0000] {logging_mixin.py:190} INFO - [2026-08-27T13:07:33.130+0000] {dagbag.py:588} INFO - Filling up the DagBag from /opt/airflow/dags/prod/airbyte_to_dbt_prod.py
[2026-08-27T13:07:33.159+0000] {processor.py:925} INFO - DAG(s) 'airbyte_to_dbt_pipeline_prod' retrieved from /opt/airflow/dags/prod/airbyte_to_dbt_prod.py
[2026-08-27T13:07:33.198+0000] {logging_mixin.py:190} INFO - [2026-08-27T13:07:33.198+0000] {dag.py:3239} INFO - Sync 1 DAGs
[2026-08-27T13:07:33.233+0000] {logging_mixin.py:190} INFO - [2026-08-27T13:07:33.233+0000] {dag.py:4180} INFO - Setting next_dagrun for airbyte_to_dbt_pipeline_prod to 2026-08-27 12:00:00+00:00, run_after=2026-08-27 13:00:00+00:00
[2026-08-27T13:07:33.255+0000] {processor.py:208} INFO - Processing /opt/airflow/dags/prod/airbyte_to_dbt_prod.py took 0.138 seconds
[2026-08-27T13:08:03.424+0000] {processor.py:186} INFO - Started process (PID=2996) to work on /opt/airflow/dags/prod/airbyte_to_dbt_prod.py
[2026-08-27T13:08:03.425+0000] {processor.py:914} INFO - Processing file /opt/airflow/dags/prod/airbyte_to_dbt_prod.py for tasks to queue
[2026-08-27T13:08:03.428+0000] {logging_mixin.py:190} INFO - [2026-08-27T13:08:03.428+0000] {dagbag.py:588} INFO - Filling up the DagBag from /opt/airflow/dags/prod/airbyte_to_dbt_prod.py
[2026-08-27T13:08:03.450+0000] {processor.py:925} INFO - DAG(s) 'airbyte_to_dbt_pipeline_prod' retrieved from /opt/airflow/dags/prod/airbyte_to_dbt_prod.py
[2026-08-27T13:08:03.492+0000] {logging_mixin.py:190} INFO - [2026-08-27T13:08:03.492+0000] {dag.py:3239} INFO - Sync 1 DAGs
[2026-08-27T13:08:03.542+0000] {logging_mixin.py:190} INFO - [2026-08-27T13:08:03.541+0000] {dag.py:4180} INFO - Setting next_dagrun for airbyte_to_dbt_pipeline_prod to 2026-08-27 12:00:00+00:00, run_after=2026-08-27 13:00:00+00:00
[2026-08-27T13:08:03.578+0000] {processor.py:208} INFO - Processing /opt/airflow/dags/prod/airbyte_to_dbt_prod.py took 0.163 seconds
[2026-08-27T13:08:33.768+0000] {processor.py:186} INFO - Started process (PID=3006) to work on /opt/airflow/dags/prod/airbyte_to_dbt_prod.py
[2026-08-27T13:08:33.769+0000] {processor.py:914} INFO - Processing file /opt/airflow/dags/prod/airbyte_to_dbt_prod.py for tasks to queue
[2026-08-27T13:08:33.772+0000] {logging_mixin.py:190} INFO - [2026-08-27T13:08:33.772+0000] {dagbag.py:588} INFO - Filling up the DagBag from /opt/airflow/dags/prod/airbyte_to_dbt_prod.py
[2026-08-27T13:08:33.795+0000] {processor.py:925} INFO - DAG(s) 'airbyte_to_dbt_pipeline_prod' retrieved from /opt/airflow/dags/prod/airbyte_to_dbt_prod.py
[2026-08-27T13:08:33.832+0000] {logging_mixin.py:190} INFO - [2026-08-27T13:08:33.832+0000] {dag.py:3239} INFO - Sync 1 DAGs
[2026-08-27T13:08:33.860+0000] {logging_mixin.py:190} INFO - [2026-08-27T13:08:33.860+0000] {dag.py:4180} INFO - Setting next_dagrun for airbyte_to_dbt_pipeline_prod to 2026-08-27 12:00:00+00:00, run_after=2026-08-27 13:00:00+00:00
[2026-08-27T13:08:33.883+0000] {processor.py:208} INFO - Processing /opt/airflow/dags/prod/airbyte_to_dbt_prod.py took 0.123 seconds
[2026-08-27T13:09:04.048+0000] {processor.py:186} INFO - Started process (PID=3016) to work on /opt/airflow/dags/prod/airbyte_to_dbt_prod.py
[2026-08-27T13:09:04.049+0000] {processor.py:914} INFO - Processing file /opt/airflow/dags/prod/airbyte_to_dbt_prod.py for tasks to queue
[2026-08-27T13:09:04.052+0000] {logging_mixin.py:190} INFO - [2026-08-27T13:09:04.052+0000] {dagbag.py:588} INFO - Filling up the DagBag from /opt/airflow/dags/prod/airbyte_to_dbt_prod.py
[2026-08-27T13:09:04.077+0000] {processor.py:925} INFO - DAG(s) 'airbyte_to_dbt_pipeline_prod' retrieved from /opt/airflow/dags/prod/airbyte_to_dbt_prod.py
[2026-08-27T13:09:04.120+0000] {logging_mixin.py:190} INFO - [2026-08-27T13:09:04.119+0000] {dag.py:3239} INFO - Sync 1 DAGs
[2026-08-27T13:09:04.153+0000] {logging_mixin.py:190} INFO - [2026-08-27T13:09:04.153+0000] {dag.py:4180} INFO - Setting next_dagrun for airbyte_to_dbt_pipeline_prod to 2026-08-27 12:00:00+00:00, run_after=2026-08-27 13:00:00+00:00
[2026-08-27T13:09:04.185+0000] {processor.py:208} INFO - Processing /opt/airflow/dags/prod/airbyte_to_dbt_prod.py took 0.147 seconds
[2026-08-27T13:09:34.359+0000] {processor.py:186} INFO - Started process (PID=3026) to work on /opt/airflow/dags/prod/airbyte_to_dbt_prod.py
[2026-08-27T13:09:34.360+0000] {processor.py:914} INFO - Processing file /opt/airflow/dags/prod/airbyte_to_dbt_prod.py for tasks to queue
[2026-08-27T13:09:34.363+0000] {logging_mixin.py:190} INFO - [2026-08-27T13:09:34.363+0000] {dagbag.py:588} INFO - Filling up the DagBag from /opt/airflow/dags/prod/airbyte_to_dbt_prod.py
[2026-08-27T13:09:34.387+0000] {processor.py:925} INFO - DAG(s) 'airbyte_to_dbt_pipeline_prod' retrieved from /opt/airflow/dags/prod/airbyte_to_dbt_prod.py
[2026-08-27T13:09:34.432+0000] {logging_mixin.py:190} INFO - [2026-08-27T13:09:34.432+0000] {dag.py:3239} INFO - Sync 1 DAGs
[2026-08-27T13:09:34.466+0000] {logging_mixin.py:190} INFO - [2026-08-27T13:09:34.466+0000] {dag.py:4180} INFO - Setting next_dagrun for airbyte_to_dbt_pipeline_prod to 2026-08-27 12:00:00+00:00, run_after=2026-08-27 13:00:00+00:00
[2026-08-27T13:09:34.489+0000] {processor.py:208} INFO - Processing /opt/airflow/dags/prod/airbyte_to_dbt_prod.py took 0.139 seconds
[2026-08-27T13:10:04.646+0000] {processor.py:186} INFO - Started process (PID=3036) to work on /opt/airflow/dags/prod/airbyte_to_dbt_prod.py
[2026-08-27T13:10:04.647+0000] {processor.py:914} INFO - Processing file /opt/airflow/dags/prod/airbyte_to_dbt_prod.py for tasks to queue
[2026-08-27T13:10:04.650+0000] {logging_mixin.py:190} INFO - [2026-08-27T13:10:04.650+0000] {dagbag.py:588} INFO - Filling up the DagBag from /opt/airflow/dags/prod/airbyte_to_dbt_prod.py
[2026-08-27T13:10:04.673+0000] {processor.py:925} INFO - DAG(s) 'airbyte_to_dbt_pipeline_prod' retrieved from /opt/airflow/dags/prod/airbyte_to_dbt_prod.py
[2026-08-27T13:10:04.712+0000] {logging_mixin.py:190} INFO - [2026-08-27T13:10:04.711+0000] {dag.py:3239} INFO - Sync 1 DAGs
[2026-08-27T13:10:04.741+0000] {logging_mixin.py:190} INFO - [2026-08-27T13:10:04.741+0000] {dag.py:4180} INFO - Setting next_dagrun for airbyte_to_dbt_pipeline_prod to 2026-08-27 12:00:00+00:00, run_after=2026-08-27 13:00:00+00:00
[2026-08-27T13:10:04.766+0000] {processor.py:208} INFO - Processing /opt/airflow/dags/prod/airbyte_to_dbt_prod.py took 0.129 seconds
[2026-08-27T13:10:34.937+0000] {processor.py:186} INFO - Started process (PID=3046) to work on /opt/airflow/dags/prod/airbyte_to_dbt_prod.py
[2026-08-27T13:10:34.938+0000] {processor.py:914} INFO - Processing file /opt/airflow/dags/prod/airbyte_to_dbt_prod.py for tasks to queue
[2026-08-27T13:10:34.941+0000] {logging_mixin.py:190} INFO - [2026-08-27T13:10:34.940+0000] {dagbag.py:588} INFO - Filling up the DagBag from /opt/airflow/dags/prod/airbyte_to_dbt_prod.py
[2026-08-27T13:10:34.963+0000] {processor.py:925} INFO - DAG(s) 'airbyte_to_dbt_pipeline_prod' retrieved from /opt/airflow/dags/prod/airbyte_to_dbt_prod.py
[2026-08-27T13:10:35.003+0000] {logging_mixin.py:190} INFO - [2026-08-27T13:10:35.003+0000] {dag.py:3239} INFO - Sync 1 DAGs
[2026-08-27T13:10:35.039+0000] {logging_mixin.py:190} INFO - [2026-08-27T13:10:35.039+0000] {dag.py:4180} INFO - Setting next_dagrun for airbyte_to_dbt_pipeline_prod to 2026-08-27 12:00:00+00:00, run_after=2026-08-27 13:00:00+00:00
[2026-08-27T13:10:35.063+0000] {processor.py:208} INFO - Processing /opt/airflow/dags/prod/airbyte_to_dbt_prod.py took 0.135 seconds
[2026-08-27T13:11:05.221+0000] {processor.py:186} INFO - Started process (PID=3056) to work on /opt/airflow/dags/prod/airbyte_to_dbt_prod.py
[2026-08-27T13:11:05.222+0000] {processor.py:914} INFO - Processing file /opt/airflow/dags/prod/airbyte_to_dbt_prod.py for tasks to queue
[2026-08-27T13:11:05.225+0000] {logging_mixin.py:190} INFO - [2026-08-27T13:11:05.225+0000] {dagbag.py:588} INFO - Filling up the DagBag from /opt/airflow/dags/prod/airbyte_to_dbt_prod.py
[2026-08-27T13:11:05.247+0000] {processor.py:925} INFO - DAG(s) 'airbyte_to_dbt_pipeline_prod' retrieved from /opt/airflow/dags/prod/airbyte_to_dbt_prod.py
[2026-08-27T13:11:05.297+0000] {logging_mixin.py:190} INFO - [2026-08-27T13:11:05.297+0000] {dag.py:3239} INFO - Sync 1 DAGs
[2026-08-27T13:11:05.333+0000] {logging_mixin.py:190} INFO - [2026-08-27T13:11:05.333+0000] {dag.py:4180} INFO - Setting next_dagrun for airbyte_to_dbt_pipeline_prod to 2026-08-27 12:00:00+00:00, run_after=2026-08-27 13:00:00+00:00
[2026-08-27T13:11:05.358+0000] {processor.py:208} INFO - Processing /opt/airflow/dags/prod/airbyte_to_dbt_prod.py took 0.145 seconds
[2026-08-27T13:11:35.523+0000] {processor.py:186} INFO - Started process (PID=3066) to work on /opt/airflow/dags/prod/airbyte_to_dbt_prod.py
[2026-08-27T13:11:35.525+0000] {processor.py:914} INFO - Processing file /opt/airflow/dags/prod/airbyte_to_dbt_prod.py for tasks to queue
[2026-08-27T13:11:35.528+0000] {logging_mixin.py:190} INFO - [2026-08-27T13:11:35.527+0000] {dagbag.py:588} INFO - Filling up the DagBag from /opt/airflow/dags/prod/airbyte_to_dbt_prod.py
[2026-08-27T13:11:35.550+0000] {processor.py:925} INFO - DAG(s) 'airbyte_to_dbt_pipeline_prod' retrieved from /opt/airflow/dags/prod/airbyte_to_dbt_prod.py
[2026-08-27T13:11:35.589+0000] {logging_mixin.py:190} INFO - [2026-08-27T13:11:35.589+0000] {dag.py:3239} INFO - Sync 1 DAGs
[2026-08-27T13:11:35.621+0000] {logging_mixin.py:190} INFO - [2026-08-27T13:11:35.621+0000] {dag.py:4180} INFO - Setting next_dagrun for airbyte_to_dbt_pipeline_prod to 2026-08-27 12:00:00+00:00, run_after=2026-08-27 13:00:00+00:00
[2026-08-27T13:11:35.646+0000] {processor.py:208} INFO - Processing /opt/airflow/dags/prod/airbyte_to_dbt_prod.py took 0.132 seconds
[2026-08-27T13:12:05.807+0000] {processor.py:186} INFO - Started process (PID=3076) to work on /opt/airflow/dags/prod/airbyte_to_dbt_prod.py
[2026-08-27T13:12:05.808+0000] {processor.py:914} INFO - Processing file /opt/airflow/dags/prod/airbyte_to_dbt_prod.py for tasks to queue
[2026-08-27T13:12:05.811+0000] {logging_mixin.py:190} INFO - [2026-08-27T13:12:05.811+0000] {dagbag.py:588} INFO - Filling up the DagBag from /opt/airflow/dags/prod/airbyte_to_dbt_prod.py
[2026-08-27T13:12:05.836+0000] {processor.py:925} INFO - DAG(s) 'airbyte_to_dbt_pipeline_prod' retrieved from /opt/airflow/dags/prod/airbyte_to_dbt_prod.py
[2026-08-27T13:12:05.878+0000] {logging_mixin.py:190} INFO - [2026-08-27T13:12:05.877+0000] {dag.py:3239} INFO - Sync 1 DAGs
[2026-08-27T13:12:05.912+0000] {logging_mixin.py:190} INFO - [2026-08-27T13:12:05.912+0000] {dag.py:4180} INFO - Setting next_dagrun for airbyte_to_dbt_pipeline_prod to 2026-08-27 12:00:00+00:00, run_after=2026-08-27 13:00:00+00:00
[2026-08-27T13:12:05.936+0000] {processor.py:208} INFO - Processing /opt/airflow/dags/prod/airbyte_to_dbt_prod.py took 0.137 seconds
[2026-08-27T13:12:36.092+0000] {processor.py:186} INFO - Started process (PID=3086) to work on /opt/airflow/dags/prod/airbyte_to_dbt_prod.py
[2026-08-27T13:12:36.094+0000] {processor.py:914} INFO - Processing file /opt/airflow/dags/prod/airbyte_to_dbt_prod.py for tasks to queue
[2026-08-27T13:12:36.097+0000] {logging_mixin.py:190} INFO - [2026-08-27T13:12:36.096+0000] {dagbag.py:588} INFO - Filling up the DagBag from /opt/airflow/dags/prod/airbyte_to_dbt_prod.py
[2026-08-27T13:12:36.120+0000] {processor.py:925} INFO - DAG(s) 'airbyte_to_dbt_pipeline_prod' retrieved from /opt/airflow/dags/prod/airbyte_to_dbt_prod.py
[2026-08-27T13:12:36.172+0000] {logging_mixin.py:190} INFO - [2026-08-27T13:12:36.171+0000] {dag.py:3239} INFO - Sync 1 DAGs
[2026-08-27T13:12:36.205+0000] {logging_mixin.py:190} INFO - [2026-08-27T13:12:36.205+0000] {dag.py:4180} INFO - Setting next_dagrun for airbyte_to_dbt_pipeline_prod to 2026-08-27 12:00:00+00:00, run_after=2026-08-27 13:00:00+00:00
[2026-08-27T13:12:36.227+0000] {processor.py:208} INFO - Processing /opt/airflow/dags/prod/airbyte_to_dbt_prod.py took 0.144 seconds
[2026-08-27T13:13:06.400+0000] {processor.py:186} INFO - Started process (PID=3096) to work on /opt/airflow/dags/prod/airbyte_to_dbt_prod.py
[2026-08-27T13:13:06.401+0000] {processor.py:914} INFO - Processing file /opt/airflow/dags/prod/airbyte_to_dbt_prod.py for tasks to queue
[2026-08-27T13:13:06.404+0000] {logging_mixin.py:190} INFO - [2026-08-27T13:13:06.404+0000] {dagbag.py:588} INFO - Filling up the DagBag from /opt/airflow/dags/prod/airbyte_to_dbt_prod.py
[2026-08-27T13:13:06.426+0000] {processor.py:925} INFO - DAG(s) 'airbyte_to_dbt_pipeline_prod' retrieved from /opt/airflow/dags/prod/airbyte_to_dbt_prod.py
[2026-08-27T13:13:06.480+0000] {logging_mixin.py:190} INFO - [2026-08-27T13:13:06.480+0000] {dag.py:3239} INFO - Sync 1 DAGs
[2026-08-27T13:13:06.516+0000] {logging_mixin.py:190} INFO - [2026-08-27T13:13:06.516+0000] {dag.py:4180} INFO - Setting next_dagrun for airbyte_to_dbt_pipeline_prod to 2026-08-27 12:00:00+00:00, run_after=2026-08-27 13:00:00+00:00
[2026-08-27T13:13:06.540+0000] {processor.py:208} INFO - Processing /opt/airflow/dags/prod/airbyte_to_dbt_prod.py took 0.148 seconds
[2026-08-27T13:13:36.699+0000] {processor.py:186} INFO - Started process (PID=3106) to work on /opt/airflow/dags/prod/airbyte_to_dbt_prod.py
[2026-08-27T13:13:36.700+0000] {processor.py:914} INFO - Processing file /opt/airflow/dags/prod/airbyte_to_dbt_prod.py for tasks to queue
[2026-08-27T13:13:36.703+0000] {logging_mixin.py:190} INFO - [2026-08-27T13:13:36.703+0000] {dagbag.py:588} INFO - Filling up the DagBag from /opt/airflow/dags/prod/airbyte_to_dbt_prod.py
[2026-08-27T13:13:36.725+0000] {processor.py:925} INFO - DAG(s) 'airbyte_to_dbt_pipeline_prod' retrieved from /opt/airflow/dags/prod/airbyte_to_dbt_prod.py
[2026-08-27T13:13:36.764+0000] {logging_mixin.py:190} INFO - [2026-08-27T13:13:36.764+0000] {dag.py:3239} INFO - Sync 1 DAGs
[2026-08-27T13:13:36.795+0000] {logging_mixin.py:190} INFO - [2026-08-27T13:13:36.795+0000] {dag.py:4180} INFO - Setting next_dagrun for airbyte_to_dbt_pipeline_prod to 2026-08-27 12:00:00+00:00, run_after=2026-08-27 13:00:00+00:00
[2026-08-27T13:13:36.822+0000] {processor.py:208} INFO - Processing /opt/airflow/dags/prod/airbyte_to_dbt_prod.py took 0.132 seconds
[2026-08-27T13:14:06.974+0000] {processor.py:186} INFO - Started process (PID=3116) to work on /opt/airflow/dags/prod/airbyte_to_dbt_prod.py
[2026-08-27T13:14:06.976+0000] {processor.py:914} INFO - Processing file /opt/airflow/dags/prod/airbyte_to_dbt_prod.py for tasks to queue
[2026-08-27T13:14:06.979+0000] {logging_mixin.py:190} INFO - [2026-08-27T13:14:06.978+0000] {dagbag.py:588} INFO - Filling up the DagBag from /opt/airflow/dags/prod/airbyte_to_dbt_prod.py
[2026-08-27T13:14:07.000+0000] {processor.py:925} INFO - DAG(s) 'airbyte_to_dbt_pipeline_prod' retrieved from /opt/airflow/dags/prod/airbyte_to_dbt_prod.py
[2026-08-27T13:14:07.044+0000] {logging_mixin.py:190} INFO - [2026-08-27T13:14:07.044+0000] {dag.py:3239} INFO - Sync 1 DAGs
[2026-08-27T13:14:07.076+0000] {logging_mixin.py:190} INFO - [2026-08-27T13:14:07.076+0000] {dag.py:4180} INFO - Setting next_dagrun for airbyte_to_dbt_pipeline_prod to 2026-08-27 12:00:00+00:00, run_after=2026-08-27 13:00:00+00:00
[2026-08-27T13:14:07.100+0000] {processor.py:208} INFO - Processing /opt/airflow/dags/prod/airbyte_to_dbt_prod.py took 0.134 seconds
[2026-08-27T13:14:37.273+0000] {processor.py:186} INFO - Started process (PID=3126) to work on /opt/airflow/dags/prod/airbyte_to_dbt_prod.py
[2026-08-27T13:14:37.274+0000] {processor.py:914} INFO - Processing file /opt/airflow/dags/prod/airbyte_to_dbt_prod.py for tasks to queue
[2026-08-27T13:14:37.277+0000] {logging_mixin.py:190} INFO - [2026-08-27T13:14:37.277+0000] {dagbag.py:588} INFO - Filling up the DagBag from /opt/airflow/dags/prod/airbyte_to_dbt_prod.py
[2026-08-27T13:14:37.299+0000] {processor.py:925} INFO - DAG(s) 'airbyte_to_dbt_pipeline_prod' retrieved from /opt/airflow/dags/prod/airbyte_to_dbt_prod.py
[2026-08-27T13:14:37.338+0000] {logging_mixin.py:190} INFO - [2026-08-27T13:14:37.337+0000] {dag.py:3239} INFO - Sync 1 DAGs
[2026-08-27T13:14:37.368+0000] {logging_mixin.py:190} INFO - [2026-08-27T13:14:37.368+0000] {dag.py:4180} INFO - Setting next_dagrun for airbyte_to_dbt_pipeline_prod to 2026-08-27 12:00:00+00:00, run_after=2026-08-27 13:00:00+00:00
[2026-08-27T13:14:37.393+0000] {processor.py:208} INFO - Processing /opt/airflow/dags/prod/airbyte_to_dbt_prod.py took 0.129 seconds
[2026-08-27T13:15:07.567+0000] {processor.py:186} INFO - Started process (PID=3136) to work on /opt/airflow/dags/prod/airbyte_to_dbt_prod.py
[2026-08-27T13:15:07.568+0000] {processor.py:914} INFO - Processing file /opt/airflow/dags/prod/airbyte_to_dbt_prod.py for tasks to queue
[2026-08-27T13:15:07.572+0000] {logging_mixin.py:190} INFO - [2026-08-27T13:15:07.571+0000] {dagbag.py:588} INFO - Filling up the DagBag from /opt/airflow/dags/prod/airbyte_to_dbt_prod.py
[2026-08-27T13:15:07.594+0000] {processor.py:925} INFO - DAG(s) 'airbyte_to_dbt_pipeline_prod' retrieved from /opt/airflow/dags/prod/airbyte_to_dbt_prod.py
[2026-08-27T13:15:07.646+0000] {logging_mixin.py:190} INFO - [2026-08-27T13:15:07.645+0000] {dag.py:3239} INFO - Sync 1 DAGs
[2026-08-27T13:15:07.682+0000] {logging_mixin.py:190} INFO - [2026-08-27T13:15:07.682+0000] {dag.py:4180} INFO - Setting next_dagrun for airbyte_to_dbt_pipeline_prod to 2026-08-27 12:00:00+00:00, run_after=2026-08-27 13:00:00+00:00
[2026-08-27T13:15:07.707+0000] {processor.py:208} INFO - Processing /opt/airflow/dags/prod/airbyte_to_dbt_prod.py took 0.149 seconds
[2026-08-27T13:15:37.862+0000] {processor.py:186} INFO - Started process (PID=3146) to work on /opt/airflow/dags/prod/airbyte_to_dbt_prod.py
[2026-08-27T13:15:37.863+0000] {processor.py:914} INFO - Processing file /opt/airflow/dags/prod/airbyte_to_dbt_prod.py for tasks to queue
[2026-08-27T13:15:37.866+0000] {logging_mixin.py:190} INFO - [2026-08-27T13:15:37.866+0000] {dagbag.py:588} INFO - Filling up the DagBag from /opt/airflow/dags/prod/airbyte_to_dbt_prod.py
[2026-08-27T13:15:37.890+0000] {processor.py:925} INFO - DAG(s) 'airbyte_to_dbt_pipeline_prod' retrieved from /opt/airflow/dags/prod/airbyte_to_dbt_prod.py
[2026-08-27T13:15:37.927+0000] {logging_mixin.py:190} INFO - [2026-08-27T13:15:37.927+0000] {dag.py:3239} INFO - Sync 1 DAGs
[2026-08-27T13:15:37.960+0000] {logging_mixin.py:190} INFO - [2026-08-27T13:15:37.960+0000] {dag.py:4180} INFO - Setting next_dagrun for airbyte_to_dbt_pipeline_prod to 2026-08-27 12:00:00+00:00, run_after=2026-08-27 13:00:00+00:00
[2026-08-27T13:15:37.985+0000] {processor.py:208} INFO - Processing /opt/airflow/dags/prod/airbyte_to_dbt_prod.py took 0.132 seconds
[2026-08-27T13:16:08.154+0000] {processor.py:186} INFO - Started process (PID=3156) to work on /opt/airflow/dags/prod/airbyte_to_dbt_prod.py
[2026-08-27T13:16:08.155+0000] {processor.py:914} INFO - Processing file /opt/airflow/dags/prod/airbyte_to_dbt_prod.py for tasks to queue
[2026-08-27T13:16:08.158+0000] {logging_mixin.py:190} INFO - [2026-08-27T13:16:08.158+0000] {dagbag.py:588} INFO - Filling up the DagBag from /opt/airflow/dags/prod/airbyte_to_dbt_prod.py
[2026-08-27T13:16:08.180+0000] {processor.py:925} INFO - DAG(s) 'airbyte_to_dbt_pipeline_prod' retrieved from /opt/airflow/dags/prod/airbyte_to_dbt_prod.py
[2026-08-27T13:16:08.222+0000] {logging_mixin.py:190} INFO - [2026-08-27T13:16:08.221+0000] {dag.py:3239} INFO - Sync 1 DAGs
[2026-08-27T13:16:08.253+0000] {logging_mixin.py:190} INFO - [2026-08-27T13:16:08.253+0000] {dag.py:4180} INFO - Setting next_dagrun for airbyte_to_dbt_pipeline_prod to 2026-08-27 12:00:00+00:00, run_after=2026-08-27 13:00:00+00:00
[2026-08-27T13:16:08.279+0000] {processor.py:208} INFO - Processing /opt/airflow/dags/prod/airbyte_to_dbt_prod.py took 0.136 seconds
[2026-08-27T13:16:38.437+0000] {processor.py:186} INFO - Started process (PID=3166) to work on /opt/airflow/dags/prod/airbyte_to_dbt_prod.py
[2026-08-27T13:16:38.438+0000] {processor.py:914} INFO - Processing file /opt/airflow/dags/prod/airbyte_to_dbt_prod.py for tasks to queue
[2026-08-27T13:16:38.441+0000] {logging_mixin.py:190} INFO - [2026-08-27T13:16:38.440+0000] {dagbag.py:588} INFO - Filling up the DagBag from /opt/airflow/dags/prod/airbyte_to_dbt_prod.py
[2026-08-27T13:16:38.463+0000] {processor.py:925} INFO - DAG(s) 'airbyte_to_dbt_pipeline_prod' retrieved from /opt/airflow/dags/prod/airbyte_to_dbt_prod.py
[2026-08-27T13:16:38.504+0000] {logging_mixin.py:190} INFO - [2026-08-27T13:16:38.504+0000] {dag.py:3239} INFO - Sync 1 DAGs
[2026-08-27T13:16:38.538+0000] {logging_mixin.py:190} INFO - [2026-08-27T13:16:38.538+0000] {dag.py:4180} INFO - Setting next_dagrun for airbyte_to_dbt_pipeline_prod to 2026-08-27 12:00:00+00:00, run_after=2026-08-27 13:00:00+00:00
[2026-08-27T13:16:38.566+0000] {processor.py:208} INFO - Processing /opt/airflow/dags/prod/airbyte_to_dbt_prod.py took 0.138 seconds
[2026-08-27T13:17:08.724+0000] {processor.py:186} INFO - Started process (PID=3176) to work on /opt/airflow/dags/prod/airbyte_to_dbt_prod.py
[2026-08-27T13:17:08.725+0000] {processor.py:914} INFO - Processing file /opt/airflow/dags/prod/airbyte_to_dbt_prod.py for tasks to queue
[2026-08-27T13:17:08.728+0000] {logging_mixin.py:190} INFO - [2026-08-27T13:17:08.727+0000] {dagbag.py:588} INFO - Filling up the DagBag from /opt/airflow/dags/prod/airbyte_to_dbt_prod.py
[2026-08-27T13:17:08.751+0000] {processor.py:925} INFO - DAG(s) 'airbyte_to_dbt_pipeline_prod' retrieved from /opt/airflow/dags/prod/airbyte_to_dbt_prod.py
[2026-08-27T13:17:08.788+0000] {logging_mixin.py:190} INFO - [2026-08-27T13:17:08.788+0000] {dag.py:3239} INFO - Sync 1 DAGs
[2026-08-27T13:17:08.822+0000] {logging_mixin.py:190} INFO - [2026-08-27T13:17:08.821+0000] {dag.py:4180} INFO - Setting next_dagrun for airbyte_to_dbt_pipeline_prod to 2026-08-27 12:00:00+00:00, run_after=2026-08-27 13:00:00+00:00
[2026-08-27T13:17:08.847+0000] {processor.py:208} INFO - Processing /opt/airflow/dags/prod/airbyte_to_dbt_prod.py took 0.132 seconds
[2026-08-27T13:17:39.011+0000] {processor.py:186} INFO - Started process (PID=3186) to work on /opt/airflow/dags/prod/airbyte_to_dbt_prod.py
[2026-08-27T13:17:39.012+0000] {processor.py:914} INFO - Processing file /opt/airflow/dags/prod/airbyte_to_dbt_prod.py for tasks to queue
[2026-08-27T13:17:39.016+0000] {logging_mixin.py:190} INFO - [2026-08-27T13:17:39.015+0000] {dagbag.py:588} INFO - Filling up the DagBag from /opt/airflow/dags/prod/airbyte_to_dbt_prod.py
[2026-08-27T13:17:39.039+0000] {processor.py:925} INFO - DAG(s) 'airbyte_to_dbt_pipeline_prod' retrieved from /opt/airflow/dags/prod/airbyte_to_dbt_prod.py
[2026-08-27T13:17:39.092+0000] {logging_mixin.py:190} INFO - [2026-08-27T13:17:39.092+0000] {dag.py:3239} INFO - Sync 1 DAGs
[2026-08-27T13:17:39.130+0000] {logging_mixin.py:190} INFO - [2026-08-27T13:17:39.129+0000] {dag.py:4180} INFO - Setting next_dagrun for airbyte_to_dbt_pipeline_prod to 2026-08-27 12:00:00+00:00, run_after=2026-08-27 13:00:00+00:00
[2026-08-27T13:17:39.154+0000] {processor.py:208} INFO - Processing /opt/airflow/dags/prod/airbyte_to_dbt_prod.py took 0.151 seconds
[2026-08-27T13:18:09.313+0000] {processor.py:186} INFO - Started process (PID=3196) to work on /opt/airflow/dags/prod/airbyte_to_dbt_prod.py
[2026-08-27T13:18:09.315+0000] {processor.py:914} INFO - Processing file /opt/airflow/dags/prod/airbyte_to_dbt_prod.py for tasks to queue
[2026-08-27T13:18:09.319+0000] {logging_mixin.py:190} INFO - [2026-08-27T13:18:09.318+0000] {dagbag.py:588} INFO - Filling up the DagBag from /opt/airflow/dags/prod/airbyte_to_dbt_prod.py
[2026-08-27T13:18:09.343+0000] {processor.py:925} INFO - DAG(s) 'airbyte_to_dbt_pipeline_prod' retrieved from /opt/airflow/dags/prod/airbyte_to_dbt_prod.py
[2026-08-27T13:18:09.394+0000] {logging_mixin.py:190} INFO - [2026-08-27T13:18:09.394+0000] {dag.py:3239} INFO - Sync 1 DAGs
[2026-08-27T13:18:09.427+0000] {logging_mixin.py:190} INFO - [2026-08-27T13:18:09.427+0000] {dag.py:4180} INFO - Setting next_dagrun for airbyte_to_dbt_pipeline_prod to 2026-08-27 12:00:00+00:00, run_after=2026-08-27 13:00:00+00:00
[2026-08-27T13:18:09.451+0000] {processor.py:208} INFO - Processing /opt/airflow/dags/prod/airbyte_to_dbt_prod.py took 0.148 seconds
[2026-08-27T13:23:46.512+0000] {processor.py:186} INFO - Started process (PID=3205) to work on /opt/airflow/dags/prod/airbyte_to_dbt_prod.py
[2026-08-27T13:23:46.524+0000] {processor.py:914} INFO - Processing file /opt/airflow/dags/prod/airbyte_to_dbt_prod.py for tasks to queue
[2026-08-27T13:23:46.532+0000] {logging_mixin.py:190} INFO - [2026-08-27T13:23:46.531+0000] {dagbag.py:588} INFO - Filling up the DagBag from /opt/airflow/dags/prod/airbyte_to_dbt_prod.py
[2026-08-27T13:23:46.586+0000] {processor.py:925} INFO - DAG(s) 'airbyte_to_dbt_pipeline_prod' retrieved from /opt/airflow/dags/prod/airbyte_to_dbt_prod.py
[2026-08-27T13:23:46.752+0000] {logging_mixin.py:190} INFO - [2026-08-27T13:23:46.751+0000] {dag.py:3239} INFO - Sync 1 DAGs
[2026-08-27T13:23:46.794+0000] {logging_mixin.py:190} INFO - [2026-08-27T13:23:46.794+0000] {dag.py:4180} INFO - Setting next_dagrun for airbyte_to_dbt_pipeline_prod to 2026-08-27 12:00:00+00:00, run_after=2026-08-27 13:00:00+00:00
[2026-08-27T13:23:46.830+0000] {processor.py:208} INFO - Processing /opt/airflow/dags/prod/airbyte_to_dbt_prod.py took 0.398 seconds
[2026-08-27T13:24:17.049+0000] {processor.py:186} INFO - Started process (PID=3216) to work on /opt/airflow/dags/prod/airbyte_to_dbt_prod.py
[2026-08-27T13:24:17.051+0000] {processor.py:914} INFO - Processing file /opt/airflow/dags/prod/airbyte_to_dbt_prod.py for tasks to queue
[2026-08-27T13:24:17.055+0000] {logging_mixin.py:190} INFO - [2026-08-27T13:24:17.055+0000] {dagbag.py:588} INFO - Filling up the DagBag from /opt/airflow/dags/prod/airbyte_to_dbt_prod.py
[2026-08-27T13:24:17.089+0000] {processor.py:925} INFO - DAG(s) 'airbyte_to_dbt_pipeline_prod' retrieved from /opt/airflow/dags/prod/airbyte_to_dbt_prod.py
[2026-08-27T13:24:17.139+0000] {logging_mixin.py:190} INFO - [2026-08-27T13:24:17.138+0000] {dag.py:3239} INFO - Sync 1 DAGs
[2026-08-27T13:24:17.177+0000] {logging_mixin.py:190} INFO - [2026-08-27T13:24:17.177+0000] {dag.py:4180} INFO - Setting next_dagrun for airbyte_to_dbt_pipeline_prod to 2026-08-27 12:00:00+00:00, run_after=2026-08-27 13:00:00+00:00
[2026-08-27T13:24:17.210+0000] {processor.py:208} INFO - Processing /opt/airflow/dags/prod/airbyte_to_dbt_prod.py took 0.172 seconds
[2026-08-27T13:24:47.397+0000] {processor.py:186} INFO - Started process (PID=3226) to work on /opt/airflow/dags/prod/airbyte_to_dbt_prod.py
[2026-08-27T13:24:47.398+0000] {processor.py:914} INFO - Processing file /opt/airflow/dags/prod/airbyte_to_dbt_prod.py for tasks to queue
[2026-08-27T13:24:47.404+0000] {logging_mixin.py:190} INFO - [2026-08-27T13:24:47.403+0000] {dagbag.py:588} INFO - Filling up the DagBag from /opt/airflow/dags/prod/airbyte_to_dbt_prod.py
[2026-08-27T13:24:47.437+0000] {processor.py:925} INFO - DAG(s) 'airbyte_to_dbt_pipeline_prod' retrieved from /opt/airflow/dags/prod/airbyte_to_dbt_prod.py
[2026-08-27T13:24:47.480+0000] {logging_mixin.py:190} INFO - [2026-08-27T13:24:47.480+0000] {dag.py:3239} INFO - Sync 1 DAGs
[2026-08-27T13:24:47.507+0000] {logging_mixin.py:190} INFO - [2026-08-27T13:24:47.507+0000] {dag.py:4180} INFO - Setting next_dagrun for airbyte_to_dbt_pipeline_prod to 2026-08-27 12:00:00+00:00, run_after=2026-08-27 13:00:00+00:00
[2026-08-27T13:24:47.530+0000] {processor.py:208} INFO - Processing /opt/airflow/dags/prod/airbyte_to_dbt_prod.py took 0.143 seconds
[2026-08-27T13:25:17.699+0000] {processor.py:186} INFO - Started process (PID=3236) to work on /opt/airflow/dags/prod/airbyte_to_dbt_prod.py
[2026-08-27T13:25:17.700+0000] {processor.py:914} INFO - Processing file /opt/airflow/dags/prod/airbyte_to_dbt_prod.py for tasks to queue
[2026-08-27T13:25:17.704+0000] {logging_mixin.py:190} INFO - [2026-08-27T13:25:17.704+0000] {dagbag.py:588} INFO - Filling up the DagBag from /opt/airflow/dags/prod/airbyte_to_dbt_prod.py
[2026-08-27T13:25:17.735+0000] {processor.py:925} INFO - DAG(s) 'airbyte_to_dbt_pipeline_prod' retrieved from /opt/airflow/dags/prod/airbyte_to_dbt_prod.py
[2026-08-27T13:25:17.778+0000] {logging_mixin.py:190} INFO - [2026-08-27T13:25:17.777+0000] {dag.py:3239} INFO - Sync 1 DAGs
[2026-08-27T13:25:17.809+0000] {logging_mixin.py:190} INFO - [2026-08-27T13:25:17.808+0000] {dag.py:4180} INFO - Setting next_dagrun for airbyte_to_dbt_pipeline_prod to 2026-08-27 12:00:00+00:00, run_after=2026-08-27 13:00:00+00:00
[2026-08-27T13:25:17.830+0000] {processor.py:208} INFO - Processing /opt/airflow/dags/prod/airbyte_to_dbt_prod.py took 0.143 seconds
[2026-08-27T13:25:48.019+0000] {processor.py:186} INFO - Started process (PID=3246) to work on /opt/airflow/dags/prod/airbyte_to_dbt_prod.py
[2026-08-27T13:25:48.020+0000] {processor.py:914} INFO - Processing file /opt/airflow/dags/prod/airbyte_to_dbt_prod.py for tasks to queue
[2026-08-27T13:25:48.025+0000] {logging_mixin.py:190} INFO - [2026-08-27T13:25:48.024+0000] {dagbag.py:588} INFO - Filling up the DagBag from /opt/airflow/dags/prod/airbyte_to_dbt_prod.py
[2026-08-27T13:25:48.061+0000] {processor.py:925} INFO - DAG(s) 'airbyte_to_dbt_pipeline_prod' retrieved from /opt/airflow/dags/prod/airbyte_to_dbt_prod.py
[2026-08-27T13:25:48.123+0000] {logging_mixin.py:190} INFO - [2026-08-27T13:25:48.123+0000] {dag.py:3239} INFO - Sync 1 DAGs
[2026-08-27T13:25:48.173+0000] {logging_mixin.py:190} INFO - [2026-08-27T13:25:48.172+0000] {dag.py:4180} INFO - Setting next_dagrun for airbyte_to_dbt_pipeline_prod to 2026-08-27 12:00:00+00:00, run_after=2026-08-27 13:00:00+00:00
[2026-08-27T13:25:48.209+0000] {processor.py:208} INFO - Processing /opt/airflow/dags/prod/airbyte_to_dbt_prod.py took 0.206 seconds
[2026-08-27T13:26:18.381+0000] {processor.py:186} INFO - Started process (PID=3256) to work on /opt/airflow/dags/prod/airbyte_to_dbt_prod.py
[2026-08-27T13:26:18.382+0000] {processor.py:914} INFO - Processing file /opt/airflow/dags/prod/airbyte_to_dbt_prod.py for tasks to queue
[2026-08-27T13:26:18.385+0000] {logging_mixin.py:190} INFO - [2026-08-27T13:26:18.385+0000] {dagbag.py:588} INFO - Filling up the DagBag from /opt/airflow/dags/prod/airbyte_to_dbt_prod.py
[2026-08-27T13:26:18.407+0000] {processor.py:925} INFO - DAG(s) 'airbyte_to_dbt_pipeline_prod' retrieved from /opt/airflow/dags/prod/airbyte_to_dbt_prod.py
[2026-08-27T13:26:18.451+0000] {logging_mixin.py:190} INFO - [2026-08-27T13:26:18.450+0000] {dag.py:3239} INFO - Sync 1 DAGs
[2026-08-27T13:26:18.484+0000] {logging_mixin.py:190} INFO - [2026-08-27T13:26:18.484+0000] {dag.py:4180} INFO - Setting next_dagrun for airbyte_to_dbt_pipeline_prod to 2026-08-27 12:00:00+00:00, run_after=2026-08-27 13:00:00+00:00
[2026-08-27T13:26:18.510+0000] {processor.py:208} INFO - Processing /opt/airflow/dags/prod/airbyte_to_dbt_prod.py took 0.138 seconds
[2026-08-27T13:26:48.673+0000] {processor.py:186} INFO - Started process (PID=3266) to work on /opt/airflow/dags/prod/airbyte_to_dbt_prod.py
[2026-08-27T13:26:48.674+0000] {processor.py:914} INFO - Processing file /opt/airflow/dags/prod/airbyte_to_dbt_prod.py for tasks to queue
[2026-08-27T13:26:48.677+0000] {logging_mixin.py:190} INFO - [2026-08-27T13:26:48.676+0000] {dagbag.py:588} INFO - Filling up the DagBag from /opt/airflow/dags/prod/airbyte_to_dbt_prod.py
[2026-08-27T13:26:48.699+0000] {processor.py:925} INFO - DAG(s) 'airbyte_to_dbt_pipeline_prod' retrieved from /opt/airflow/dags/prod/airbyte_to_dbt_prod.py
[2026-08-27T13:26:48.745+0000] {logging_mixin.py:190} INFO - [2026-08-27T13:26:48.745+0000] {dag.py:3239} INFO - Sync 1 DAGs
[2026-08-27T13:26:48.775+0000] {logging_mixin.py:190} INFO - [2026-08-27T13:26:48.775+0000] {dag.py:4180} INFO - Setting next_dagrun for airbyte_to_dbt_pipeline_prod to 2026-08-27 12:00:00+00:00, run_after=2026-08-27 13:00:00+00:00
[2026-08-27T13:26:48.799+0000] {processor.py:208} INFO - Processing /opt/airflow/dags/prod/airbyte_to_dbt_prod.py took 0.135 seconds
[2026-08-27T13:27:18.967+0000] {processor.py:186} INFO - Started process (PID=3276) to work on /opt/airflow/dags/prod/airbyte_to_dbt_prod.py
[2026-08-27T13:27:18.969+0000] {processor.py:914} INFO - Processing file /opt/airflow/dags/prod/airbyte_to_dbt_prod.py for tasks to queue
[2026-08-27T13:27:18.973+0000] {logging_mixin.py:190} INFO - [2026-08-27T13:27:18.972+0000] {dagbag.py:588} INFO - Filling up the DagBag from /opt/airflow/dags/prod/airbyte_to_dbt_prod.py
[2026-08-27T13:27:18.999+0000] {processor.py:925} INFO - DAG(s) 'airbyte_to_dbt_pipeline_prod' retrieved from /opt/airflow/dags/prod/airbyte_to_dbt_prod.py
[2026-08-27T13:27:19.049+0000] {logging_mixin.py:190} INFO - [2026-08-27T13:27:19.049+0000] {dag.py:3239} INFO - Sync 1 DAGs
[2026-08-27T13:27:19.082+0000] {logging_mixin.py:190} INFO - [2026-08-27T13:27:19.082+0000] {dag.py:4180} INFO - Setting next_dagrun for airbyte_to_dbt_pipeline_prod to 2026-08-27 12:00:00+00:00, run_after=2026-08-27 13:00:00+00:00
[2026-08-27T13:27:19.103+0000] {processor.py:208} INFO - Processing /opt/airflow/dags/prod/airbyte_to_dbt_prod.py took 0.146 seconds
[2026-08-27T13:27:49.257+0000] {processor.py:186} INFO - Started process (PID=3286) to work on /opt/airflow/dags/prod/airbyte_to_dbt_prod.py
[2026-08-27T13:27:49.258+0000] {processor.py:914} INFO - Processing file /opt/airflow/dags/prod/airbyte_to_dbt_prod.py for tasks to queue
[2026-08-27T13:27:49.261+0000] {logging_mixin.py:190} INFO - [2026-08-27T13:27:49.260+0000] {dagbag.py:588} INFO - Filling up the DagBag from /opt/airflow/dags/prod/airbyte_to_dbt_prod.py
[2026-08-27T13:27:49.284+0000] {processor.py:925} INFO - DAG(s) 'airbyte_to_dbt_pipeline_prod' retrieved from /opt/airflow/dags/prod/airbyte_to_dbt_prod.py
[2026-08-27T13:27:49.330+0000] {logging_mixin.py:190} INFO - [2026-08-27T13:27:49.330+0000] {dag.py:3239} INFO - Sync 1 DAGs
[2026-08-27T13:27:49.363+0000] {logging_mixin.py:190} INFO - [2026-08-27T13:27:49.363+0000] {dag.py:4180} INFO - Setting next_dagrun for airbyte_to_dbt_pipeline_prod to 2026-08-27 12:00:00+00:00, run_after=2026-08-27 13:00:00+00:00
[2026-08-27T13:27:49.392+0000] {processor.py:208} INFO - Processing /opt/airflow/dags/prod/airbyte_to_dbt_prod.py took 0.144 seconds
[2026-08-27T13:28:19.574+0000] {processor.py:186} INFO - Started process (PID=3296) to work on /opt/airflow/dags/prod/airbyte_to_dbt_prod.py
[2026-08-27T13:28:19.575+0000] {processor.py:914} INFO - Processing file /opt/airflow/dags/prod/airbyte_to_dbt_prod.py for tasks to queue
[2026-08-27T13:28:19.578+0000] {logging_mixin.py:190} INFO - [2026-08-27T13:28:19.578+0000] {dagbag.py:588} INFO - Filling up the DagBag from /opt/airflow/dags/prod/airbyte_to_dbt_prod.py
[2026-08-27T13:28:19.602+0000] {processor.py:925} INFO - DAG(s) 'airbyte_to_dbt_pipeline_prod' retrieved from /opt/airflow/dags/prod/airbyte_to_dbt_prod.py
[2026-08-27T13:28:19.641+0000] {logging_mixin.py:190} INFO - [2026-08-27T13:28:19.640+0000] {dag.py:3239} INFO - Sync 1 DAGs
[2026-08-27T13:28:19.672+0000] {logging_mixin.py:190} INFO - [2026-08-27T13:28:19.672+0000] {dag.py:4180} INFO - Setting next_dagrun for airbyte_to_dbt_pipeline_prod to 2026-08-27 12:00:00+00:00, run_after=2026-08-27 13:00:00+00:00
[2026-08-27T13:28:19.695+0000] {processor.py:208} INFO - Processing /opt/airflow/dags/prod/airbyte_to_dbt_prod.py took 0.131 seconds
[2026-08-27T13:28:49.878+0000] {processor.py:186} INFO - Started process (PID=3306) to work on /opt/airflow/dags/prod/airbyte_to_dbt_prod.py
[2026-08-27T13:28:49.879+0000] {processor.py:914} INFO - Processing file /opt/airflow/dags/prod/airbyte_to_dbt_prod.py for tasks to queue
[2026-08-27T13:28:49.883+0000] {logging_mixin.py:190} INFO - [2026-08-27T13:28:49.883+0000] {dagbag.py:588} INFO - Filling up the DagBag from /opt/airflow/dags/prod/airbyte_to_dbt_prod.py
[2026-08-27T13:28:49.912+0000] {processor.py:925} INFO - DAG(s) 'airbyte_to_dbt_pipeline_prod' retrieved from /opt/airflow/dags/prod/airbyte_to_dbt_prod.py
[2026-08-27T13:28:49.960+0000] {logging_mixin.py:190} INFO - [2026-08-27T13:28:49.959+0000] {dag.py:3239} INFO - Sync 1 DAGs
[2026-08-27T13:28:49.994+0000] {logging_mixin.py:190} INFO - [2026-08-27T13:28:49.994+0000] {dag.py:4180} INFO - Setting next_dagrun for airbyte_to_dbt_pipeline_prod to 2026-08-27 12:00:00+00:00, run_after=2026-08-27 13:00:00+00:00
[2026-08-27T13:28:50.020+0000] {processor.py:208} INFO - Processing /opt/airflow/dags/prod/airbyte_to_dbt_prod.py took 0.152 seconds
[2026-08-27T13:29:20.301+0000] {processor.py:186} INFO - Started process (PID=3314) to work on /opt/airflow/dags/prod/airbyte_to_dbt_prod.py
[2026-08-27T13:29:20.317+0000] {processor.py:914} INFO - Processing file /opt/airflow/dags/prod/airbyte_to_dbt_prod.py for tasks to queue
[2026-08-27T13:29:20.360+0000] {logging_mixin.py:190} INFO - [2026-08-27T13:29:20.356+0000] {dagbag.py:588} INFO - Filling up the DagBag from /opt/airflow/dags/prod/airbyte_to_dbt_prod.py
[2026-08-27T13:29:20.484+0000] {processor.py:925} INFO - DAG(s) 'airbyte_to_dbt_pipeline_prod' retrieved from /opt/airflow/dags/prod/airbyte_to_dbt_prod.py
[2026-08-27T13:29:20.569+0000] {logging_mixin.py:190} INFO - [2026-08-27T13:29:20.569+0000] {dag.py:3239} INFO - Sync 1 DAGs
[2026-08-27T13:29:20.663+0000] {logging_mixin.py:190} INFO - [2026-08-27T13:29:20.663+0000] {dag.py:4180} INFO - Setting next_dagrun for airbyte_to_dbt_pipeline_prod to 2026-08-27 12:00:00+00:00, run_after=2026-08-27 13:00:00+00:00
[2026-08-27T13:29:20.703+0000] {processor.py:208} INFO - Processing /opt/airflow/dags/prod/airbyte_to_dbt_prod.py took 0.454 seconds
[2026-08-27T13:29:50.848+0000] {processor.py:186} INFO - Started process (PID=3326) to work on /opt/airflow/dags/prod/airbyte_to_dbt_prod.py
[2026-08-27T13:29:50.849+0000] {processor.py:914} INFO - Processing file /opt/airflow/dags/prod/airbyte_to_dbt_prod.py for tasks to queue
[2026-08-27T13:29:50.854+0000] {logging_mixin.py:190} INFO - [2026-08-27T13:29:50.853+0000] {dagbag.py:588} INFO - Filling up the DagBag from /opt/airflow/dags/prod/airbyte_to_dbt_prod.py
[2026-08-27T13:29:50.879+0000] {processor.py:925} INFO - DAG(s) 'airbyte_to_dbt_pipeline_prod' retrieved from /opt/airflow/dags/prod/airbyte_to_dbt_prod.py
[2026-08-27T13:29:50.931+0000] {logging_mixin.py:190} INFO - [2026-08-27T13:29:50.931+0000] {dag.py:3239} INFO - Sync 1 DAGs
[2026-08-27T13:29:50.972+0000] {logging_mixin.py:190} INFO - [2026-08-27T13:29:50.972+0000] {dag.py:4180} INFO - Setting next_dagrun for airbyte_to_dbt_pipeline_prod to 2026-08-27 12:00:00+00:00, run_after=2026-08-27 13:00:00+00:00
[2026-08-27T13:29:50.995+0000] {processor.py:208} INFO - Processing /opt/airflow/dags/prod/airbyte_to_dbt_prod.py took 0.155 seconds
[2026-08-27T13:30:21.179+0000] {processor.py:186} INFO - Started process (PID=3336) to work on /opt/airflow/dags/prod/airbyte_to_dbt_prod.py
[2026-08-27T13:30:21.180+0000] {processor.py:914} INFO - Processing file /opt/airflow/dags/prod/airbyte_to_dbt_prod.py for tasks to queue
[2026-08-27T13:30:21.184+0000] {logging_mixin.py:190} INFO - [2026-08-27T13:30:21.184+0000] {dagbag.py:588} INFO - Filling up the DagBag from /opt/airflow/dags/prod/airbyte_to_dbt_prod.py
[2026-08-27T13:30:21.215+0000] {processor.py:925} INFO - DAG(s) 'airbyte_to_dbt_pipeline_prod' retrieved from /opt/airflow/dags/prod/airbyte_to_dbt_prod.py
[2026-08-27T13:30:21.273+0000] {logging_mixin.py:190} INFO - [2026-08-27T13:30:21.273+0000] {dag.py:3239} INFO - Sync 1 DAGs
[2026-08-27T13:30:21.311+0000] {logging_mixin.py:190} INFO - [2026-08-27T13:30:21.311+0000] {dag.py:4180} INFO - Setting next_dagrun for airbyte_to_dbt_pipeline_prod to 2026-08-27 12:00:00+00:00, run_after=2026-08-27 13:00:00+00:00
[2026-08-27T13:30:21.336+0000] {processor.py:208} INFO - Processing /opt/airflow/dags/prod/airbyte_to_dbt_prod.py took 0.166 seconds
[2026-08-27T13:30:51.526+0000] {processor.py:186} INFO - Started process (PID=3346) to work on /opt/airflow/dags/prod/airbyte_to_dbt_prod.py
[2026-08-27T13:30:51.528+0000] {processor.py:914} INFO - Processing file /opt/airflow/dags/prod/airbyte_to_dbt_prod.py for tasks to queue
[2026-08-27T13:30:51.532+0000] {logging_mixin.py:190} INFO - [2026-08-27T13:30:51.531+0000] {dagbag.py:588} INFO - Filling up the DagBag from /opt/airflow/dags/prod/airbyte_to_dbt_prod.py
[2026-08-27T13:30:51.560+0000] {processor.py:925} INFO - DAG(s) 'airbyte_to_dbt_pipeline_prod' retrieved from /opt/airflow/dags/prod/airbyte_to_dbt_prod.py
[2026-08-27T13:30:51.615+0000] {logging_mixin.py:190} INFO - [2026-08-27T13:30:51.615+0000] {dag.py:3239} INFO - Sync 1 DAGs
[2026-08-27T13:30:51.656+0000] {logging_mixin.py:190} INFO - [2026-08-27T13:30:51.656+0000] {dag.py:4180} INFO - Setting next_dagrun for airbyte_to_dbt_pipeline_prod to 2026-08-27 12:00:00+00:00, run_after=2026-08-27 13:00:00+00:00
[2026-08-27T13:30:51.683+0000] {processor.py:208} INFO - Processing /opt/airflow/dags/prod/airbyte_to_dbt_prod.py took 0.175 seconds
[2026-08-27T13:31:21.866+0000] {processor.py:186} INFO - Started process (PID=3356) to work on /opt/airflow/dags/prod/airbyte_to_dbt_prod.py
[2026-08-27T13:31:21.868+0000] {processor.py:914} INFO - Processing file /opt/airflow/dags/prod/airbyte_to_dbt_prod.py for tasks to queue
[2026-08-27T13:31:21.874+0000] {logging_mixin.py:190} INFO - [2026-08-27T13:31:21.873+0000] {dagbag.py:588} INFO - Filling up the DagBag from /opt/airflow/dags/prod/airbyte_to_dbt_prod.py
[2026-08-27T13:31:21.915+0000] {processor.py:925} INFO - DAG(s) 'airbyte_to_dbt_pipeline_prod' retrieved from /opt/airflow/dags/prod/airbyte_to_dbt_prod.py
[2026-08-27T13:31:21.973+0000] {logging_mixin.py:190} INFO - [2026-08-27T13:31:21.973+0000] {dag.py:3239} INFO - Sync 1 DAGs
[2026-08-27T13:31:22.008+0000] {logging_mixin.py:190} INFO - [2026-08-27T13:31:22.008+0000] {dag.py:4180} INFO - Setting next_dagrun for airbyte_to_dbt_pipeline_prod to 2026-08-27 12:00:00+00:00, run_after=2026-08-27 13:00:00+00:00
[2026-08-27T13:31:22.029+0000] {processor.py:208} INFO - Processing /opt/airflow/dags/prod/airbyte_to_dbt_prod.py took 0.179 seconds
[2026-08-27T13:31:52.220+0000] {processor.py:186} INFO - Started process (PID=3366) to work on /opt/airflow/dags/prod/airbyte_to_dbt_prod.py
[2026-08-27T13:31:52.221+0000] {processor.py:914} INFO - Processing file /opt/airflow/dags/prod/airbyte_to_dbt_prod.py for tasks to queue
[2026-08-27T13:31:52.224+0000] {logging_mixin.py:190} INFO - [2026-08-27T13:31:52.224+0000] {dagbag.py:588} INFO - Filling up the DagBag from /opt/airflow/dags/prod/airbyte_to_dbt_prod.py
[2026-08-27T13:31:52.246+0000] {processor.py:925} INFO - DAG(s) 'airbyte_to_dbt_pipeline_prod' retrieved from /opt/airflow/dags/prod/airbyte_to_dbt_prod.py
[2026-08-27T13:31:52.300+0000] {logging_mixin.py:190} INFO - [2026-08-27T13:31:52.300+0000] {dag.py:3239} INFO - Sync 1 DAGs
[2026-08-27T13:31:52.347+0000] {logging_mixin.py:190} INFO - [2026-08-27T13:31:52.346+0000] {dag.py:4180} INFO - Setting next_dagrun for airbyte_to_dbt_pipeline_prod to 2026-08-27 12:00:00+00:00, run_after=2026-08-27 13:00:00+00:00
[2026-08-27T13:31:52.374+0000] {processor.py:208} INFO - Processing /opt/airflow/dags/prod/airbyte_to_dbt_prod.py took 0.164 seconds
[2026-08-27T13:32:22.542+0000] {processor.py:186} INFO - Started process (PID=3376) to work on /opt/airflow/dags/prod/airbyte_to_dbt_prod.py
[2026-08-27T13:32:22.543+0000] {processor.py:914} INFO - Processing file /opt/airflow/dags/prod/airbyte_to_dbt_prod.py for tasks to queue
[2026-08-27T13:32:22.546+0000] {logging_mixin.py:190} INFO - [2026-08-27T13:32:22.546+0000] {dagbag.py:588} INFO - Filling up the DagBag from /opt/airflow/dags/prod/airbyte_to_dbt_prod.py
[2026-08-27T13:32:22.569+0000] {processor.py:925} INFO - DAG(s) 'airbyte_to_dbt_pipeline_prod' retrieved from /opt/airflow/dags/prod/airbyte_to_dbt_prod.py
[2026-08-27T13:32:22.611+0000] {logging_mixin.py:190} INFO - [2026-08-27T13:32:22.611+0000] {dag.py:3239} INFO - Sync 1 DAGs
[2026-08-27T13:32:22.643+0000] {logging_mixin.py:190} INFO - [2026-08-27T13:32:22.643+0000] {dag.py:4180} INFO - Setting next_dagrun for airbyte_to_dbt_pipeline_prod to 2026-08-27 12:00:00+00:00, run_after=2026-08-27 13:00:00+00:00
[2026-08-27T13:32:22.669+0000] {processor.py:208} INFO - Processing /opt/airflow/dags/prod/airbyte_to_dbt_prod.py took 0.135 seconds
[2026-08-27T13:32:52.854+0000] {processor.py:186} INFO - Started process (PID=3386) to work on /opt/airflow/dags/prod/airbyte_to_dbt_prod.py
[2026-08-27T13:32:52.855+0000] {processor.py:914} INFO - Processing file /opt/airflow/dags/prod/airbyte_to_dbt_prod.py for tasks to queue
[2026-08-27T13:32:52.858+0000] {logging_mixin.py:190} INFO - [2026-08-27T13:32:52.858+0000] {dagbag.py:588} INFO - Filling up the DagBag from /opt/airflow/dags/prod/airbyte_to_dbt_prod.py
[2026-08-27T13:32:52.880+0000] {processor.py:925} INFO - DAG(s) 'airbyte_to_dbt_pipeline_prod' retrieved from /opt/airflow/dags/prod/airbyte_to_dbt_prod.py
[2026-08-27T13:32:52.921+0000] {logging_mixin.py:190} INFO - [2026-08-27T13:32:52.921+0000] {dag.py:3239} INFO - Sync 1 DAGs
[2026-08-27T13:32:52.952+0000] {logging_mixin.py:190} INFO - [2026-08-27T13:32:52.952+0000] {dag.py:4180} INFO - Setting next_dagrun for airbyte_to_dbt_pipeline_prod to 2026-08-27 12:00:00+00:00, run_after=2026-08-27 13:00:00+00:00
[2026-08-27T13:32:52.977+0000] {processor.py:208} INFO - Processing /opt/airflow/dags/prod/airbyte_to_dbt_prod.py took 0.133 seconds
[2026-08-27T13:33:23.150+0000] {processor.py:186} INFO - Started process (PID=3396) to work on /opt/airflow/dags/prod/airbyte_to_dbt_prod.py
[2026-08-27T13:33:23.151+0000] {processor.py:914} INFO - Processing file /opt/airflow/dags/prod/airbyte_to_dbt_prod.py for tasks to queue
[2026-08-27T13:33:23.155+0000] {logging_mixin.py:190} INFO - [2026-08-27T13:33:23.154+0000] {dagbag.py:588} INFO - Filling up the DagBag from /opt/airflow/dags/prod/airbyte_to_dbt_prod.py
[2026-08-27T13:33:23.183+0000] {processor.py:925} INFO - DAG(s) 'airbyte_to_dbt_pipeline_prod' retrieved from /opt/airflow/dags/prod/airbyte_to_dbt_prod.py
[2026-08-27T13:33:23.229+0000] {logging_mixin.py:190} INFO - [2026-08-27T13:33:23.228+0000] {dag.py:3239} INFO - Sync 1 DAGs
[2026-08-27T13:33:23.263+0000] {logging_mixin.py:190} INFO - [2026-08-27T13:33:23.263+0000] {dag.py:4180} INFO - Setting next_dagrun for airbyte_to_dbt_pipeline_prod to 2026-08-27 12:00:00+00:00, run_after=2026-08-27 13:00:00+00:00
[2026-08-27T13:33:23.288+0000] {processor.py:208} INFO - Processing /opt/airflow/dags/prod/airbyte_to_dbt_prod.py took 0.147 seconds
[2026-08-27T13:33:53.467+0000] {processor.py:186} INFO - Started process (PID=3406) to work on /opt/airflow/dags/prod/airbyte_to_dbt_prod.py
[2026-08-27T13:33:53.469+0000] {processor.py:914} INFO - Processing file /opt/airflow/dags/prod/airbyte_to_dbt_prod.py for tasks to queue
[2026-08-27T13:33:53.473+0000] {logging_mixin.py:190} INFO - [2026-08-27T13:33:53.472+0000] {dagbag.py:588} INFO - Filling up the DagBag from /opt/airflow/dags/prod/airbyte_to_dbt_prod.py
[2026-08-27T13:33:53.497+0000] {processor.py:925} INFO - DAG(s) 'airbyte_to_dbt_pipeline_prod' retrieved from /opt/airflow/dags/prod/airbyte_to_dbt_prod.py
[2026-08-27T13:33:53.549+0000] {logging_mixin.py:190} INFO - [2026-08-27T13:33:53.549+0000] {dag.py:3239} INFO - Sync 1 DAGs
[2026-08-27T13:33:53.586+0000] {logging_mixin.py:190} INFO - [2026-08-27T13:33:53.586+0000] {dag.py:4180} INFO - Setting next_dagrun for airbyte_to_dbt_pipeline_prod to 2026-08-27 12:00:00+00:00, run_after=2026-08-27 13:00:00+00:00
[2026-08-27T13:33:53.612+0000] {processor.py:208} INFO - Processing /opt/airflow/dags/prod/airbyte_to_dbt_prod.py took 0.155 seconds
[2026-08-27T13:34:23.780+0000] {processor.py:186} INFO - Started process (PID=3416) to work on /opt/airflow/dags/prod/airbyte_to_dbt_prod.py
[2026-08-27T13:34:23.782+0000] {processor.py:914} INFO - Processing file /opt/airflow/dags/prod/airbyte_to_dbt_prod.py for tasks to queue
[2026-08-27T13:34:23.786+0000] {logging_mixin.py:190} INFO - [2026-08-27T13:34:23.785+0000] {dagbag.py:588} INFO - Filling up the DagBag from /opt/airflow/dags/prod/airbyte_to_dbt_prod.py
[2026-08-27T13:34:23.815+0000] {processor.py:925} INFO - DAG(s) 'airbyte_to_dbt_pipeline_prod' retrieved from /opt/airflow/dags/prod/airbyte_to_dbt_prod.py
[2026-08-27T13:34:23.871+0000] {logging_mixin.py:190} INFO - [2026-08-27T13:34:23.871+0000] {dag.py:3239} INFO - Sync 1 DAGs
[2026-08-27T13:34:23.910+0000] {logging_mixin.py:190} INFO - [2026-08-27T13:34:23.910+0000] {dag.py:4180} INFO - Setting next_dagrun for airbyte_to_dbt_pipeline_prod to 2026-08-27 12:00:00+00:00, run_after=2026-08-27 13:00:00+00:00
[2026-08-27T13:34:23.932+0000] {processor.py:208} INFO - Processing /opt/airflow/dags/prod/airbyte_to_dbt_prod.py took 0.161 seconds
[2026-08-27T13:34:54.108+0000] {processor.py:186} INFO - Started process (PID=3426) to work on /opt/airflow/dags/prod/airbyte_to_dbt_prod.py
[2026-08-27T13:34:54.110+0000] {processor.py:914} INFO - Processing file /opt/airflow/dags/prod/airbyte_to_dbt_prod.py for tasks to queue
[2026-08-27T13:34:54.114+0000] {logging_mixin.py:190} INFO - [2026-08-27T13:34:54.114+0000] {dagbag.py:588} INFO - Filling up the DagBag from /opt/airflow/dags/prod/airbyte_to_dbt_prod.py
[2026-08-27T13:34:54.140+0000] {processor.py:925} INFO - DAG(s) 'airbyte_to_dbt_pipeline_prod' retrieved from /opt/airflow/dags/prod/airbyte_to_dbt_prod.py
[2026-08-27T13:34:54.183+0000] {logging_mixin.py:190} INFO - [2026-08-27T13:34:54.182+0000] {dag.py:3239} INFO - Sync 1 DAGs
[2026-08-27T13:34:54.217+0000] {logging_mixin.py:190} INFO - [2026-08-27T13:34:54.217+0000] {dag.py:4180} INFO - Setting next_dagrun for airbyte_to_dbt_pipeline_prod to 2026-08-27 12:00:00+00:00, run_after=2026-08-27 13:00:00+00:00
[2026-08-27T13:34:54.239+0000] {processor.py:208} INFO - Processing /opt/airflow/dags/prod/airbyte_to_dbt_prod.py took 0.139 seconds
[2026-08-27T13:35:24.412+0000] {processor.py:186} INFO - Started process (PID=3436) to work on /opt/airflow/dags/prod/airbyte_to_dbt_prod.py
[2026-08-27T13:35:24.413+0000] {processor.py:914} INFO - Processing file /opt/airflow/dags/prod/airbyte_to_dbt_prod.py for tasks to queue
[2026-08-27T13:35:24.416+0000] {logging_mixin.py:190} INFO - [2026-08-27T13:35:24.415+0000] {dagbag.py:588} INFO - Filling up the DagBag from /opt/airflow/dags/prod/airbyte_to_dbt_prod.py
[2026-08-27T13:35:24.438+0000] {processor.py:925} INFO - DAG(s) 'airbyte_to_dbt_pipeline_prod' retrieved from /opt/airflow/dags/prod/airbyte_to_dbt_prod.py
[2026-08-27T13:35:24.481+0000] {logging_mixin.py:190} INFO - [2026-08-27T13:35:24.481+0000] {dag.py:3239} INFO - Sync 1 DAGs
[2026-08-27T13:35:24.521+0000] {logging_mixin.py:190} INFO - [2026-08-27T13:35:24.521+0000] {dag.py:4180} INFO - Setting next_dagrun for airbyte_to_dbt_pipeline_prod to 2026-08-27 12:00:00+00:00, run_after=2026-08-27 13:00:00+00:00
[2026-08-27T13:35:24.550+0000] {processor.py:208} INFO - Processing /opt/airflow/dags/prod/airbyte_to_dbt_prod.py took 0.146 seconds
[2026-08-27T13:35:54.730+0000] {processor.py:186} INFO - Started process (PID=3446) to work on /opt/airflow/dags/prod/airbyte_to_dbt_prod.py
[2026-08-27T13:35:54.731+0000] {processor.py:914} INFO - Processing file /opt/airflow/dags/prod/airbyte_to_dbt_prod.py for tasks to queue
[2026-08-27T13:35:54.734+0000] {logging_mixin.py:190} INFO - [2026-08-27T13:35:54.734+0000] {dagbag.py:588} INFO - Filling up the DagBag from /opt/airflow/dags/prod/airbyte_to_dbt_prod.py
[2026-08-27T13:35:54.761+0000] {processor.py:925} INFO - DAG(s) 'airbyte_to_dbt_pipeline_prod' retrieved from /opt/airflow/dags/prod/airbyte_to_dbt_prod.py
[2026-08-27T13:35:54.819+0000] {logging_mixin.py:190} INFO - [2026-08-27T13:35:54.818+0000] {dag.py:3239} INFO - Sync 1 DAGs
[2026-08-27T13:35:54.860+0000] {logging_mixin.py:190} INFO - [2026-08-27T13:35:54.860+0000] {dag.py:4180} INFO - Setting next_dagrun for airbyte_to_dbt_pipeline_prod to 2026-08-27 12:00:00+00:00, run_after=2026-08-27 13:00:00+00:00
[2026-08-27T13:35:54.901+0000] {processor.py:208} INFO - Processing /opt/airflow/dags/prod/airbyte_to_dbt_prod.py took 0.180 seconds
[2026-08-27T13:36:25.089+0000] {processor.py:186} INFO - Started process (PID=3456) to work on /opt/airflow/dags/prod/airbyte_to_dbt_prod.py
[2026-08-27T13:36:25.090+0000] {processor.py:914} INFO - Processing file /opt/airflow/dags/prod/airbyte_to_dbt_prod.py for tasks to queue
[2026-08-27T13:36:25.095+0000] {logging_mixin.py:190} INFO - [2026-08-27T13:36:25.094+0000] {dagbag.py:588} INFO - Filling up the DagBag from /opt/airflow/dags/prod/airbyte_to_dbt_prod.py
[2026-08-27T13:36:25.125+0000] {processor.py:925} INFO - DAG(s) 'airbyte_to_dbt_pipeline_prod' retrieved from /opt/airflow/dags/prod/airbyte_to_dbt_prod.py
[2026-08-27T13:36:25.186+0000] {logging_mixin.py:190} INFO - [2026-08-27T13:36:25.185+0000] {dag.py:3239} INFO - Sync 1 DAGs
[2026-08-27T13:36:25.227+0000] {logging_mixin.py:190} INFO - [2026-08-27T13:36:25.227+0000] {dag.py:4180} INFO - Setting next_dagrun for airbyte_to_dbt_pipeline_prod to 2026-08-27 12:00:00+00:00, run_after=2026-08-27 13:00:00+00:00
[2026-08-27T13:36:25.249+0000] {processor.py:208} INFO - Processing /opt/airflow/dags/prod/airbyte_to_dbt_prod.py took 0.171 seconds
[2026-08-27T13:36:55.424+0000] {processor.py:186} INFO - Started process (PID=3466) to work on /opt/airflow/dags/prod/airbyte_to_dbt_prod.py
[2026-08-27T13:36:55.426+0000] {processor.py:914} INFO - Processing file /opt/airflow/dags/prod/airbyte_to_dbt_prod.py for tasks to queue
[2026-08-27T13:36:55.430+0000] {logging_mixin.py:190} INFO - [2026-08-27T13:36:55.429+0000] {dagbag.py:588} INFO - Filling up the DagBag from /opt/airflow/dags/prod/airbyte_to_dbt_prod.py
[2026-08-27T13:36:55.466+0000] {processor.py:925} INFO - DAG(s) 'airbyte_to_dbt_pipeline_prod' retrieved from /opt/airflow/dags/prod/airbyte_to_dbt_prod.py
[2026-08-27T13:36:55.539+0000] {logging_mixin.py:190} INFO - [2026-08-27T13:36:55.539+0000] {dag.py:3239} INFO - Sync 1 DAGs
[2026-08-27T13:36:55.591+0000] {logging_mixin.py:190} INFO - [2026-08-27T13:36:55.590+0000] {dag.py:4180} INFO - Setting next_dagrun for airbyte_to_dbt_pipeline_prod to 2026-08-27 12:00:00+00:00, run_after=2026-08-27 13:00:00+00:00
[2026-08-27T13:36:55.636+0000] {processor.py:208} INFO - Processing /opt/airflow/dags/prod/airbyte_to_dbt_prod.py took 0.231 seconds
[2026-08-27T13:37:26.282+0000] {processor.py:186} INFO - Started process (PID=3474) to work on /opt/airflow/dags/prod/airbyte_to_dbt_prod.py
[2026-08-27T13:37:26.289+0000] {processor.py:914} INFO - Processing file /opt/airflow/dags/prod/airbyte_to_dbt_prod.py for tasks to queue
[2026-08-27T13:37:26.421+0000] {logging_mixin.py:190} INFO - [2026-08-27T13:37:26.412+0000] {dagbag.py:588} INFO - Filling up the DagBag from /opt/airflow/dags/prod/airbyte_to_dbt_prod.py
[2026-08-27T13:37:28.010+0000] {processor.py:925} INFO - DAG(s) 'airbyte_to_dbt_pipeline_prod' retrieved from /opt/airflow/dags/prod/airbyte_to_dbt_prod.py
[2026-08-27T13:37:30.247+0000] {logging_mixin.py:190} INFO - [2026-08-27T13:37:30.247+0000] {dag.py:3239} INFO - Sync 1 DAGs
[2026-08-27T13:37:30.765+0000] {logging_mixin.py:190} INFO - [2026-08-27T13:37:30.763+0000] {dag.py:4180} INFO - Setting next_dagrun for airbyte_to_dbt_pipeline_prod to 2026-08-27 12:00:00+00:00, run_after=2026-08-27 13:00:00+00:00
[2026-08-27T13:37:30.813+0000] {processor.py:208} INFO - Processing /opt/airflow/dags/prod/airbyte_to_dbt_prod.py took 4.776 seconds
[2026-08-27T13:38:02.001+0000] {processor.py:186} INFO - Started process (PID=3484) to work on /opt/airflow/dags/prod/airbyte_to_dbt_prod.py
[2026-08-27T13:38:02.016+0000] {processor.py:914} INFO - Processing file /opt/airflow/dags/prod/airbyte_to_dbt_prod.py for tasks to queue
[2026-08-27T13:38:02.230+0000] {logging_mixin.py:190} INFO - [2026-08-27T13:38:02.220+0000] {dagbag.py:588} INFO - Filling up the DagBag from /opt/airflow/dags/prod/airbyte_to_dbt_prod.py
[2026-08-27T13:38:02.460+0000] {processor.py:925} INFO - DAG(s) 'airbyte_to_dbt_pipeline_prod' retrieved from /opt/airflow/dags/prod/airbyte_to_dbt_prod.py
[2026-08-27T13:38:02.990+0000] {logging_mixin.py:190} INFO - [2026-08-27T13:38:02.990+0000] {dag.py:3239} INFO - Sync 1 DAGs
[2026-08-27T13:38:03.282+0000] {logging_mixin.py:190} INFO - [2026-08-27T13:38:03.281+0000] {dag.py:4180} INFO - Setting next_dagrun for airbyte_to_dbt_pipeline_prod to 2026-08-27 12:00:00+00:00, run_after=2026-08-27 13:00:00+00:00
[2026-08-27T13:38:03.308+0000] {processor.py:208} INFO - Processing /opt/airflow/dags/prod/airbyte_to_dbt_prod.py took 1.704 seconds
[2026-08-27T13:38:33.549+0000] {processor.py:186} INFO - Started process (PID=3496) to work on /opt/airflow/dags/prod/airbyte_to_dbt_prod.py
[2026-08-27T13:38:33.550+0000] {processor.py:914} INFO - Processing file /opt/airflow/dags/prod/airbyte_to_dbt_prod.py for tasks to queue
[2026-08-27T13:38:33.553+0000] {logging_mixin.py:190} INFO - [2026-08-27T13:38:33.553+0000] {dagbag.py:588} INFO - Filling up the DagBag from /opt/airflow/dags/prod/airbyte_to_dbt_prod.py
[2026-08-27T13:38:33.602+0000] {processor.py:925} INFO - DAG(s) 'airbyte_to_dbt_pipeline_prod' retrieved from /opt/airflow/dags/prod/airbyte_to_dbt_prod.py
[2026-08-27T13:38:33.669+0000] {logging_mixin.py:190} INFO - [2026-08-27T13:38:33.669+0000] {dag.py:3239} INFO - Sync 1 DAGs
[2026-08-27T13:38:33.748+0000] {logging_mixin.py:190} INFO - [2026-08-27T13:38:33.748+0000] {dag.py:4180} INFO - Setting next_dagrun for airbyte_to_dbt_pipeline_prod to 2026-08-27 12:00:00+00:00, run_after=2026-08-27 13:00:00+00:00
[2026-08-27T13:38:33.804+0000] {processor.py:208} INFO - Processing /opt/airflow/dags/prod/airbyte_to_dbt_prod.py took 0.276 seconds
[2026-08-27T13:39:04.085+0000] {processor.py:186} INFO - Started process (PID=3506) to work on /opt/airflow/dags/prod/airbyte_to_dbt_prod.py
[2026-08-27T13:39:04.086+0000] {processor.py:914} INFO - Processing file /opt/airflow/dags/prod/airbyte_to_dbt_prod.py for tasks to queue
[2026-08-27T13:39:04.090+0000] {logging_mixin.py:190} INFO - [2026-08-27T13:39:04.089+0000] {dagbag.py:588} INFO - Filling up the DagBag from /opt/airflow/dags/prod/airbyte_to_dbt_prod.py
[2026-08-27T13:39:04.119+0000] {processor.py:925} INFO - DAG(s) 'airbyte_to_dbt_pipeline_prod' retrieved from /opt/airflow/dags/prod/airbyte_to_dbt_prod.py
[2026-08-27T13:39:04.189+0000] {logging_mixin.py:190} INFO - [2026-08-27T13:39:04.188+0000] {dag.py:3239} INFO - Sync 1 DAGs
[2026-08-27T13:39:04.233+0000] {logging_mixin.py:190} INFO - [2026-08-27T13:39:04.233+0000] {dag.py:4180} INFO - Setting next_dagrun for airbyte_to_dbt_pipeline_prod to 2026-08-27 12:00:00+00:00, run_after=2026-08-27 13:00:00+00:00
[2026-08-27T13:39:04.256+0000] {processor.py:208} INFO - Processing /opt/airflow/dags/prod/airbyte_to_dbt_prod.py took 0.180 seconds
[2026-08-27T13:39:34.446+0000] {processor.py:186} INFO - Started process (PID=3516) to work on /opt/airflow/dags/prod/airbyte_to_dbt_prod.py
[2026-08-27T13:39:34.447+0000] {processor.py:914} INFO - Processing file /opt/airflow/dags/prod/airbyte_to_dbt_prod.py for tasks to queue
[2026-08-27T13:39:34.450+0000] {logging_mixin.py:190} INFO - [2026-08-27T13:39:34.449+0000] {dagbag.py:588} INFO - Filling up the DagBag from /opt/airflow/dags/prod/airbyte_to_dbt_prod.py
[2026-08-27T13:39:34.472+0000] {processor.py:925} INFO - DAG(s) 'airbyte_to_dbt_pipeline_prod' retrieved from /opt/airflow/dags/prod/airbyte_to_dbt_prod.py
[2026-08-27T13:39:34.522+0000] {logging_mixin.py:190} INFO - [2026-08-27T13:39:34.522+0000] {dag.py:3239} INFO - Sync 1 DAGs
[2026-08-27T13:39:34.559+0000] {logging_mixin.py:190} INFO - [2026-08-27T13:39:34.559+0000] {dag.py:4180} INFO - Setting next_dagrun for airbyte_to_dbt_pipeline_prod to 2026-08-27 12:00:00+00:00, run_after=2026-08-27 13:00:00+00:00
[2026-08-27T13:39:34.585+0000] {processor.py:208} INFO - Processing /opt/airflow/dags/prod/airbyte_to_dbt_prod.py took 0.149 seconds
[2026-08-27T13:40:04.761+0000] {processor.py:186} INFO - Started process (PID=3526) to work on /opt/airflow/dags/prod/airbyte_to_dbt_prod.py
[2026-08-27T13:40:04.763+0000] {processor.py:914} INFO - Processing file /opt/airflow/dags/prod/airbyte_to_dbt_prod.py for tasks to queue
[2026-08-27T13:40:04.767+0000] {logging_mixin.py:190} INFO - [2026-08-27T13:40:04.766+0000] {dagbag.py:588} INFO - Filling up the DagBag from /opt/airflow/dags/prod/airbyte_to_dbt_prod.py
[2026-08-27T13:40:04.790+0000] {processor.py:925} INFO - DAG(s) 'airbyte_to_dbt_pipeline_prod' retrieved from /opt/airflow/dags/prod/airbyte_to_dbt_prod.py
[2026-08-27T13:40:04.865+0000] {logging_mixin.py:190} INFO - [2026-08-27T13:40:04.865+0000] {dag.py:3239} INFO - Sync 1 DAGs
[2026-08-27T13:40:04.900+0000] {logging_mixin.py:190} INFO - [2026-08-27T13:40:04.900+0000] {dag.py:4180} INFO - Setting next_dagrun for airbyte_to_dbt_pipeline_prod to 2026-08-27 12:00:00+00:00, run_after=2026-08-27 13:00:00+00:00
[2026-08-27T13:40:04.954+0000] {processor.py:208} INFO - Processing /opt/airflow/dags/prod/airbyte_to_dbt_prod.py took 0.213 seconds
[2026-08-27T13:40:35.132+0000] {processor.py:186} INFO - Started process (PID=3536) to work on /opt/airflow/dags/prod/airbyte_to_dbt_prod.py
[2026-08-27T13:40:35.133+0000] {processor.py:914} INFO - Processing file /opt/airflow/dags/prod/airbyte_to_dbt_prod.py for tasks to queue
[2026-08-27T13:40:35.137+0000] {logging_mixin.py:190} INFO - [2026-08-27T13:40:35.136+0000] {dagbag.py:588} INFO - Filling up the DagBag from /opt/airflow/dags/prod/airbyte_to_dbt_prod.py
[2026-08-27T13:40:35.166+0000] {processor.py:925} INFO - DAG(s) 'airbyte_to_dbt_pipeline_prod' retrieved from /opt/airflow/dags/prod/airbyte_to_dbt_prod.py
[2026-08-27T13:40:35.218+0000] {logging_mixin.py:190} INFO - [2026-08-27T13:40:35.218+0000] {dag.py:3239} INFO - Sync 1 DAGs
[2026-08-27T13:40:35.252+0000] {logging_mixin.py:190} INFO - [2026-08-27T13:40:35.252+0000] {dag.py:4180} INFO - Setting next_dagrun for airbyte_to_dbt_pipeline_prod to 2026-08-27 12:00:00+00:00, run_after=2026-08-27 13:00:00+00:00
[2026-08-27T13:40:35.282+0000] {processor.py:208} INFO - Processing /opt/airflow/dags/prod/airbyte_to_dbt_prod.py took 0.161 seconds
[2026-08-27T13:41:05.495+0000] {processor.py:186} INFO - Started process (PID=3546) to work on /opt/airflow/dags/prod/airbyte_to_dbt_prod.py
[2026-08-27T13:41:05.498+0000] {processor.py:914} INFO - Processing file /opt/airflow/dags/prod/airbyte_to_dbt_prod.py for tasks to queue
[2026-08-27T13:41:05.504+0000] {logging_mixin.py:190} INFO - [2026-08-27T13:41:05.503+0000] {dagbag.py:588} INFO - Filling up the DagBag from /opt/airflow/dags/prod/airbyte_to_dbt_prod.py
[2026-08-27T13:41:05.554+0000] {processor.py:925} INFO - DAG(s) 'airbyte_to_dbt_pipeline_prod' retrieved from /opt/airflow/dags/prod/airbyte_to_dbt_prod.py
[2026-08-27T13:41:05.652+0000] {logging_mixin.py:190} INFO - [2026-08-27T13:41:05.652+0000] {dag.py:3239} INFO - Sync 1 DAGs
[2026-08-27T13:41:05.724+0000] {logging_mixin.py:190} INFO - [2026-08-27T13:41:05.723+0000] {dag.py:4180} INFO - Setting next_dagrun for airbyte_to_dbt_pipeline_prod to 2026-08-27 12:00:00+00:00, run_after=2026-08-27 13:00:00+00:00
[2026-08-27T13:41:05.773+0000] {processor.py:208} INFO - Processing /opt/airflow/dags/prod/airbyte_to_dbt_prod.py took 0.307 seconds
[2026-08-27T13:41:35.967+0000] {processor.py:186} INFO - Started process (PID=3556) to work on /opt/airflow/dags/prod/airbyte_to_dbt_prod.py
[2026-08-27T13:41:35.968+0000] {processor.py:914} INFO - Processing file /opt/airflow/dags/prod/airbyte_to_dbt_prod.py for tasks to queue
[2026-08-27T13:41:35.974+0000] {logging_mixin.py:190} INFO - [2026-08-27T13:41:35.973+0000] {dagbag.py:588} INFO - Filling up the DagBag from /opt/airflow/dags/prod/airbyte_to_dbt_prod.py
[2026-08-27T13:41:36.015+0000] {processor.py:925} INFO - DAG(s) 'airbyte_to_dbt_pipeline_prod' retrieved from /opt/airflow/dags/prod/airbyte_to_dbt_prod.py
[2026-08-27T13:41:36.106+0000] {logging_mixin.py:190} INFO - [2026-08-27T13:41:36.105+0000] {dag.py:3239} INFO - Sync 1 DAGs
[2026-08-27T13:41:36.170+0000] {logging_mixin.py:190} INFO - [2026-08-27T13:41:36.170+0000] {dag.py:4180} INFO - Setting next_dagrun for airbyte_to_dbt_pipeline_prod to 2026-08-27 12:00:00+00:00, run_after=2026-08-27 13:00:00+00:00
[2026-08-27T13:41:36.210+0000] {processor.py:208} INFO - Processing /opt/airflow/dags/prod/airbyte_to_dbt_prod.py took 0.256 seconds
[2026-08-27T13:42:06.377+0000] {processor.py:186} INFO - Started process (PID=3566) to work on /opt/airflow/dags/prod/airbyte_to_dbt_prod.py
[2026-08-27T13:42:06.379+0000] {processor.py:914} INFO - Processing file /opt/airflow/dags/prod/airbyte_to_dbt_prod.py for tasks to queue
[2026-08-27T13:42:06.383+0000] {logging_mixin.py:190} INFO - [2026-08-27T13:42:06.383+0000] {dagbag.py:588} INFO - Filling up the DagBag from /opt/airflow/dags/prod/airbyte_to_dbt_prod.py
[2026-08-27T13:42:06.413+0000] {processor.py:925} INFO - DAG(s) 'airbyte_to_dbt_pipeline_prod' retrieved from /opt/airflow/dags/prod/airbyte_to_dbt_prod.py
[2026-08-27T13:42:06.462+0000] {logging_mixin.py:190} INFO - [2026-08-27T13:42:06.462+0000] {dag.py:3239} INFO - Sync 1 DAGs
[2026-08-27T13:42:06.497+0000] {logging_mixin.py:190} INFO - [2026-08-27T13:42:06.497+0000] {dag.py:4180} INFO - Setting next_dagrun for airbyte_to_dbt_pipeline_prod to 2026-08-27 12:00:00+00:00, run_after=2026-08-27 13:00:00+00:00
[2026-08-27T13:42:06.521+0000] {processor.py:208} INFO - Processing /opt/airflow/dags/prod/airbyte_to_dbt_prod.py took 0.155 seconds
[2026-08-27T13:42:36.691+0000] {processor.py:186} INFO - Started process (PID=3576) to work on /opt/airflow/dags/prod/airbyte_to_dbt_prod.py
[2026-08-27T13:42:36.692+0000] {processor.py:914} INFO - Processing file /opt/airflow/dags/prod/airbyte_to_dbt_prod.py for tasks to queue
[2026-08-27T13:42:36.695+0000] {logging_mixin.py:190} INFO - [2026-08-27T13:42:36.695+0000] {dagbag.py:588} INFO - Filling up the DagBag from /opt/airflow/dags/prod/airbyte_to_dbt_prod.py
[2026-08-27T13:42:36.731+0000] {processor.py:925} INFO - DAG(s) 'airbyte_to_dbt_pipeline_prod' retrieved from /opt/airflow/dags/prod/airbyte_to_dbt_prod.py
[2026-08-27T13:42:36.791+0000] {logging_mixin.py:190} INFO - [2026-08-27T13:42:36.791+0000] {dag.py:3239} INFO - Sync 1 DAGs
[2026-08-27T13:42:36.830+0000] {logging_mixin.py:190} INFO - [2026-08-27T13:42:36.830+0000] {dag.py:4180} INFO - Setting next_dagrun for airbyte_to_dbt_pipeline_prod to 2026-08-27 12:00:00+00:00, run_after=2026-08-27 13:00:00+00:00
[2026-08-27T13:42:36.865+0000] {processor.py:208} INFO - Processing /opt/airflow/dags/prod/airbyte_to_dbt_prod.py took 0.182 seconds
[2026-08-27T13:43:07.052+0000] {processor.py:186} INFO - Started process (PID=3586) to work on /opt/airflow/dags/prod/airbyte_to_dbt_prod.py
[2026-08-27T13:43:07.053+0000] {processor.py:914} INFO - Processing file /opt/airflow/dags/prod/airbyte_to_dbt_prod.py for tasks to queue
[2026-08-27T13:43:07.057+0000] {logging_mixin.py:190} INFO - [2026-08-27T13:43:07.056+0000] {dagbag.py:588} INFO - Filling up the DagBag from /opt/airflow/dags/prod/airbyte_to_dbt_prod.py
[2026-08-27T13:43:07.086+0000] {processor.py:925} INFO - DAG(s) 'airbyte_to_dbt_pipeline_prod' retrieved from /opt/airflow/dags/prod/airbyte_to_dbt_prod.py
[2026-08-27T13:43:07.140+0000] {logging_mixin.py:190} INFO - [2026-08-27T13:43:07.140+0000] {dag.py:3239} INFO - Sync 1 DAGs
[2026-08-27T13:43:07.172+0000] {logging_mixin.py:190} INFO - [2026-08-27T13:43:07.172+0000] {dag.py:4180} INFO - Setting next_dagrun for airbyte_to_dbt_pipeline_prod to 2026-08-27 12:00:00+00:00, run_after=2026-08-27 13:00:00+00:00
[2026-08-27T13:43:07.199+0000] {processor.py:208} INFO - Processing /opt/airflow/dags/prod/airbyte_to_dbt_prod.py took 0.159 seconds
[2026-08-27T13:43:37.376+0000] {processor.py:186} INFO - Started process (PID=3596) to work on /opt/airflow/dags/prod/airbyte_to_dbt_prod.py
[2026-08-27T13:43:37.377+0000] {processor.py:914} INFO - Processing file /opt/airflow/dags/prod/airbyte_to_dbt_prod.py for tasks to queue
[2026-08-27T13:43:37.381+0000] {logging_mixin.py:190} INFO - [2026-08-27T13:43:37.380+0000] {dagbag.py:588} INFO - Filling up the DagBag from /opt/airflow/dags/prod/airbyte_to_dbt_prod.py
[2026-08-27T13:43:37.405+0000] {processor.py:925} INFO - DAG(s) 'airbyte_to_dbt_pipeline_prod' retrieved from /opt/airflow/dags/prod/airbyte_to_dbt_prod.py
[2026-08-27T13:43:37.456+0000] {logging_mixin.py:190} INFO - [2026-08-27T13:43:37.456+0000] {dag.py:3239} INFO - Sync 1 DAGs
[2026-08-27T13:43:37.492+0000] {logging_mixin.py:190} INFO - [2026-08-27T13:43:37.492+0000] {dag.py:4180} INFO - Setting next_dagrun for airbyte_to_dbt_pipeline_prod to 2026-08-27 12:00:00+00:00, run_after=2026-08-27 13:00:00+00:00
[2026-08-27T13:43:37.514+0000] {processor.py:208} INFO - Processing /opt/airflow/dags/prod/airbyte_to_dbt_prod.py took 0.146 seconds
[2026-08-27T13:44:07.684+0000] {processor.py:186} INFO - Started process (PID=3606) to work on /opt/airflow/dags/prod/airbyte_to_dbt_prod.py
[2026-08-27T13:44:07.685+0000] {processor.py:914} INFO - Processing file /opt/airflow/dags/prod/airbyte_to_dbt_prod.py for tasks to queue
[2026-08-27T13:44:07.688+0000] {logging_mixin.py:190} INFO - [2026-08-27T13:44:07.687+0000] {dagbag.py:588} INFO - Filling up the DagBag from /opt/airflow/dags/prod/airbyte_to_dbt_prod.py
[2026-08-27T13:44:07.709+0000] {processor.py:925} INFO - DAG(s) 'airbyte_to_dbt_pipeline_prod' retrieved from /opt/airflow/dags/prod/airbyte_to_dbt_prod.py
[2026-08-27T13:44:07.758+0000] {logging_mixin.py:190} INFO - [2026-08-27T13:44:07.758+0000] {dag.py:3239} INFO - Sync 1 DAGs
[2026-08-27T13:44:07.794+0000] {logging_mixin.py:190} INFO - [2026-08-27T13:44:07.794+0000] {dag.py:4180} INFO - Setting next_dagrun for airbyte_to_dbt_pipeline_prod to 2026-08-27 12:00:00+00:00, run_after=2026-08-27 13:00:00+00:00
[2026-08-27T13:44:07.817+0000] {processor.py:208} INFO - Processing /opt/airflow/dags/prod/airbyte_to_dbt_prod.py took 0.142 seconds
[2026-08-27T13:44:37.986+0000] {processor.py:186} INFO - Started process (PID=3616) to work on /opt/airflow/dags/prod/airbyte_to_dbt_prod.py
[2026-08-27T13:44:37.987+0000] {processor.py:914} INFO - Processing file /opt/airflow/dags/prod/airbyte_to_dbt_prod.py for tasks to queue
[2026-08-27T13:44:37.990+0000] {logging_mixin.py:190} INFO - [2026-08-27T13:44:37.990+0000] {dagbag.py:588} INFO - Filling up the DagBag from /opt/airflow/dags/prod/airbyte_to_dbt_prod.py
[2026-08-27T13:44:38.012+0000] {processor.py:925} INFO - DAG(s) 'airbyte_to_dbt_pipeline_prod' retrieved from /opt/airflow/dags/prod/airbyte_to_dbt_prod.py
[2026-08-27T13:44:38.063+0000] {logging_mixin.py:190} INFO - [2026-08-27T13:44:38.062+0000] {dag.py:3239} INFO - Sync 1 DAGs
[2026-08-27T13:44:38.097+0000] {logging_mixin.py:190} INFO - [2026-08-27T13:44:38.097+0000] {dag.py:4180} INFO - Setting next_dagrun for airbyte_to_dbt_pipeline_prod to 2026-08-27 12:00:00+00:00, run_after=2026-08-27 13:00:00+00:00
[2026-08-27T13:44:38.122+0000] {processor.py:208} INFO - Processing /opt/airflow/dags/prod/airbyte_to_dbt_prod.py took 0.145 seconds
[2026-08-27T13:45:08.299+0000] {processor.py:186} INFO - Started process (PID=3626) to work on /opt/airflow/dags/prod/airbyte_to_dbt_prod.py
[2026-08-27T13:45:08.299+0000] {processor.py:914} INFO - Processing file /opt/airflow/dags/prod/airbyte_to_dbt_prod.py for tasks to queue
[2026-08-27T13:45:08.303+0000] {logging_mixin.py:190} INFO - [2026-08-27T13:45:08.302+0000] {dagbag.py:588} INFO - Filling up the DagBag from /opt/airflow/dags/prod/airbyte_to_dbt_prod.py
[2026-08-27T13:45:08.333+0000] {processor.py:925} INFO - DAG(s) 'airbyte_to_dbt_pipeline_prod' retrieved from /opt/airflow/dags/prod/airbyte_to_dbt_prod.py
[2026-08-27T13:45:08.382+0000] {logging_mixin.py:190} INFO - [2026-08-27T13:45:08.382+0000] {dag.py:3239} INFO - Sync 1 DAGs
[2026-08-27T13:45:08.423+0000] {logging_mixin.py:190} INFO - [2026-08-27T13:45:08.423+0000] {dag.py:4180} INFO - Setting next_dagrun for airbyte_to_dbt_pipeline_prod to 2026-08-27 12:00:00+00:00, run_after=2026-08-27 13:00:00+00:00
[2026-08-27T13:45:08.449+0000] {processor.py:208} INFO - Processing /opt/airflow/dags/prod/airbyte_to_dbt_prod.py took 0.167 seconds
[2026-08-27T13:45:38.622+0000] {processor.py:186} INFO - Started process (PID=3636) to work on /opt/airflow/dags/prod/airbyte_to_dbt_prod.py
[2026-08-27T13:45:38.623+0000] {processor.py:914} INFO - Processing file /opt/airflow/dags/prod/airbyte_to_dbt_prod.py for tasks to queue
[2026-08-27T13:45:38.626+0000] {logging_mixin.py:190} INFO - [2026-08-27T13:45:38.626+0000] {dagbag.py:588} INFO - Filling up the DagBag from /opt/airflow/dags/prod/airbyte_to_dbt_prod.py
[2026-08-27T13:45:38.654+0000] {processor.py:925} INFO - DAG(s) 'airbyte_to_dbt_pipeline_prod' retrieved from /opt/airflow/dags/prod/airbyte_to_dbt_prod.py
[2026-08-27T13:45:38.706+0000] {logging_mixin.py:190} INFO - [2026-08-27T13:45:38.706+0000] {dag.py:3239} INFO - Sync 1 DAGs
[2026-08-27T13:45:38.742+0000] {logging_mixin.py:190} INFO - [2026-08-27T13:45:38.742+0000] {dag.py:4180} INFO - Setting next_dagrun for airbyte_to_dbt_pipeline_prod to 2026-08-27 12:00:00+00:00, run_after=2026-08-27 13:00:00+00:00
[2026-08-27T13:45:38.768+0000] {processor.py:208} INFO - Processing /opt/airflow/dags/prod/airbyte_to_dbt_prod.py took 0.155 seconds
[2026-08-27T13:46:08.923+0000] {processor.py:186} INFO - Started process (PID=3646) to work on /opt/airflow/dags/prod/airbyte_to_dbt_prod.py
[2026-08-27T13:46:08.924+0000] {processor.py:914} INFO - Processing file /opt/airflow/dags/prod/airbyte_to_dbt_prod.py for tasks to queue
[2026-08-27T13:46:08.927+0000] {logging_mixin.py:190} INFO - [2026-08-27T13:46:08.927+0000] {dagbag.py:588} INFO - Filling up the DagBag from /opt/airflow/dags/prod/airbyte_to_dbt_prod.py
[2026-08-27T13:46:08.950+0000] {processor.py:925} INFO - DAG(s) 'airbyte_to_dbt_pipeline_prod' retrieved from /opt/airflow/dags/prod/airbyte_to_dbt_prod.py
[2026-08-27T13:46:08.995+0000] {logging_mixin.py:190} INFO - [2026-08-27T13:46:08.995+0000] {dag.py:3239} INFO - Sync 1 DAGs
[2026-08-27T13:46:09.030+0000] {logging_mixin.py:190} INFO - [2026-08-27T13:46:09.030+0000] {dag.py:4180} INFO - Setting next_dagrun for airbyte_to_dbt_pipeline_prod to 2026-08-27 12:00:00+00:00, run_after=2026-08-27 13:00:00+00:00
[2026-08-27T13:46:09.058+0000] {processor.py:208} INFO - Processing /opt/airflow/dags/prod/airbyte_to_dbt_prod.py took 0.143 seconds
[2026-08-27T13:46:39.219+0000] {processor.py:186} INFO - Started process (PID=3656) to work on /opt/airflow/dags/prod/airbyte_to_dbt_prod.py
[2026-08-27T13:46:39.220+0000] {processor.py:914} INFO - Processing file /opt/airflow/dags/prod/airbyte_to_dbt_prod.py for tasks to queue
[2026-08-27T13:46:39.223+0000] {logging_mixin.py:190} INFO - [2026-08-27T13:46:39.222+0000] {dagbag.py:588} INFO - Filling up the DagBag from /opt/airflow/dags/prod/airbyte_to_dbt_prod.py
[2026-08-27T13:46:39.245+0000] {processor.py:925} INFO - DAG(s) 'airbyte_to_dbt_pipeline_prod' retrieved from /opt/airflow/dags/prod/airbyte_to_dbt_prod.py
[2026-08-27T13:46:39.296+0000] {logging_mixin.py:190} INFO - [2026-08-27T13:46:39.296+0000] {dag.py:3239} INFO - Sync 1 DAGs
[2026-08-27T13:46:39.336+0000] {logging_mixin.py:190} INFO - [2026-08-27T13:46:39.336+0000] {dag.py:4180} INFO - Setting next_dagrun for airbyte_to_dbt_pipeline_prod to 2026-08-27 12:00:00+00:00, run_after=2026-08-27 13:00:00+00:00
[2026-08-27T13:46:39.360+0000] {processor.py:208} INFO - Processing /opt/airflow/dags/prod/airbyte_to_dbt_prod.py took 0.150 seconds
[2026-08-27T13:47:09.538+0000] {processor.py:186} INFO - Started process (PID=3666) to work on /opt/airflow/dags/prod/airbyte_to_dbt_prod.py
[2026-08-27T13:47:09.539+0000] {processor.py:914} INFO - Processing file /opt/airflow/dags/prod/airbyte_to_dbt_prod.py for tasks to queue
[2026-08-27T13:47:09.542+0000] {logging_mixin.py:190} INFO - [2026-08-27T13:47:09.542+0000] {dagbag.py:588} INFO - Filling up the DagBag from /opt/airflow/dags/prod/airbyte_to_dbt_prod.py
[2026-08-27T13:47:09.565+0000] {processor.py:925} INFO - DAG(s) 'airbyte_to_dbt_pipeline_prod' retrieved from /opt/airflow/dags/prod/airbyte_to_dbt_prod.py
[2026-08-27T13:47:09.606+0000] {logging_mixin.py:190} INFO - [2026-08-27T13:47:09.606+0000] {dag.py:3239} INFO - Sync 1 DAGs
[2026-08-27T13:47:09.635+0000] {logging_mixin.py:190} INFO - [2026-08-27T13:47:09.634+0000] {dag.py:4180} INFO - Setting next_dagrun for airbyte_to_dbt_pipeline_prod to 2026-08-27 12:00:00+00:00, run_after=2026-08-27 13:00:00+00:00
[2026-08-27T13:47:09.658+0000] {processor.py:208} INFO - Processing /opt/airflow/dags/prod/airbyte_to_dbt_prod.py took 0.130 seconds
[2026-08-27T13:47:39.818+0000] {processor.py:186} INFO - Started process (PID=3676) to work on /opt/airflow/dags/prod/airbyte_to_dbt_prod.py
[2026-08-27T13:47:39.819+0000] {processor.py:914} INFO - Processing file /opt/airflow/dags/prod/airbyte_to_dbt_prod.py for tasks to queue
[2026-08-27T13:47:39.822+0000] {logging_mixin.py:190} INFO - [2026-08-27T13:47:39.822+0000] {dagbag.py:588} INFO - Filling up the DagBag from /opt/airflow/dags/prod/airbyte_to_dbt_prod.py
[2026-08-27T13:47:39.843+0000] {processor.py:925} INFO - DAG(s) 'airbyte_to_dbt_pipeline_prod' retrieved from /opt/airflow/dags/prod/airbyte_to_dbt_prod.py
[2026-08-27T13:47:39.902+0000] {logging_mixin.py:190} INFO - [2026-08-27T13:47:39.902+0000] {dag.py:3239} INFO - Sync 1 DAGs
[2026-08-27T13:47:39.934+0000] {logging_mixin.py:190} INFO - [2026-08-27T13:47:39.933+0000] {dag.py:4180} INFO - Setting next_dagrun for airbyte_to_dbt_pipeline_prod to 2026-08-27 12:00:00+00:00, run_after=2026-08-27 13:00:00+00:00
[2026-08-27T13:47:39.957+0000] {processor.py:208} INFO - Processing /opt/airflow/dags/prod/airbyte_to_dbt_prod.py took 0.147 seconds
[2026-08-27T13:48:10.124+0000] {processor.py:186} INFO - Started process (PID=3686) to work on /opt/airflow/dags/prod/airbyte_to_dbt_prod.py
[2026-08-27T13:48:10.125+0000] {processor.py:914} INFO - Processing file /opt/airflow/dags/prod/airbyte_to_dbt_prod.py for tasks to queue
[2026-08-27T13:48:10.128+0000] {logging_mixin.py:190} INFO - [2026-08-27T13:48:10.128+0000] {dagbag.py:588} INFO - Filling up the DagBag from /opt/airflow/dags/prod/airbyte_to_dbt_prod.py
[2026-08-27T13:48:10.154+0000] {processor.py:925} INFO - DAG(s) 'airbyte_to_dbt_pipeline_prod' retrieved from /opt/airflow/dags/prod/airbyte_to_dbt_prod.py
[2026-08-27T13:48:10.201+0000] {logging_mixin.py:190} INFO - [2026-08-27T13:48:10.201+0000] {dag.py:3239} INFO - Sync 1 DAGs
[2026-08-27T13:48:10.231+0000] {logging_mixin.py:190} INFO - [2026-08-27T13:48:10.231+0000] {dag.py:4180} INFO - Setting next_dagrun for airbyte_to_dbt_pipeline_prod to 2026-08-27 12:00:00+00:00, run_after=2026-08-27 13:00:00+00:00
[2026-08-27T13:48:10.256+0000] {processor.py:208} INFO - Processing /opt/airflow/dags/prod/airbyte_to_dbt_prod.py took 0.141 seconds
[2026-08-27T13:48:40.425+0000] {processor.py:186} INFO - Started process (PID=3696) to work on /opt/airflow/dags/prod/airbyte_to_dbt_prod.py
[2026-08-27T13:48:40.427+0000] {processor.py:914} INFO - Processing file /opt/airflow/dags/prod/airbyte_to_dbt_prod.py for tasks to queue
[2026-08-27T13:48:40.430+0000] {logging_mixin.py:190} INFO - [2026-08-27T13:48:40.429+0000] {dagbag.py:588} INFO - Filling up the DagBag from /opt/airflow/dags/prod/airbyte_to_dbt_prod.py
[2026-08-27T13:48:40.453+0000] {processor.py:925} INFO - DAG(s) 'airbyte_to_dbt_pipeline_prod' retrieved from /opt/airflow/dags/prod/airbyte_to_dbt_prod.py
[2026-08-27T13:48:40.499+0000] {logging_mixin.py:190} INFO - [2026-08-27T13:48:40.498+0000] {dag.py:3239} INFO - Sync 1 DAGs
[2026-08-27T13:48:40.534+0000] {logging_mixin.py:190} INFO - [2026-08-27T13:48:40.534+0000] {dag.py:4180} INFO - Setting next_dagrun for airbyte_to_dbt_pipeline_prod to 2026-08-27 12:00:00+00:00, run_after=2026-08-27 13:00:00+00:00
[2026-08-27T13:48:40.563+0000] {processor.py:208} INFO - Processing /opt/airflow/dags/prod/airbyte_to_dbt_prod.py took 0.146 seconds
[2026-08-27T13:49:10.740+0000] {processor.py:186} INFO - Started process (PID=3706) to work on /opt/airflow/dags/prod/airbyte_to_dbt_prod.py
[2026-08-27T13:49:10.740+0000] {processor.py:914} INFO - Processing file /opt/airflow/dags/prod/airbyte_to_dbt_prod.py for tasks to queue
[2026-08-27T13:49:10.743+0000] {logging_mixin.py:190} INFO - [2026-08-27T13:49:10.743+0000] {dagbag.py:588} INFO - Filling up the DagBag from /opt/airflow/dags/prod/airbyte_to_dbt_prod.py
[2026-08-27T13:49:10.768+0000] {processor.py:925} INFO - DAG(s) 'airbyte_to_dbt_pipeline_prod' retrieved from /opt/airflow/dags/prod/airbyte_to_dbt_prod.py
[2026-08-27T13:49:10.833+0000] {logging_mixin.py:190} INFO - [2026-08-27T13:49:10.832+0000] {dag.py:3239} INFO - Sync 1 DAGs
[2026-08-27T13:49:10.866+0000] {logging_mixin.py:190} INFO - [2026-08-27T13:49:10.865+0000] {dag.py:4180} INFO - Setting next_dagrun for airbyte_to_dbt_pipeline_prod to 2026-08-27 12:00:00+00:00, run_after=2026-08-27 13:00:00+00:00
[2026-08-27T13:49:10.888+0000] {processor.py:208} INFO - Processing /opt/airflow/dags/prod/airbyte_to_dbt_prod.py took 0.155 seconds
[2026-08-27T13:49:41.068+0000] {processor.py:186} INFO - Started process (PID=3716) to work on /opt/airflow/dags/prod/airbyte_to_dbt_prod.py
[2026-08-27T13:49:41.069+0000] {processor.py:914} INFO - Processing file /opt/airflow/dags/prod/airbyte_to_dbt_prod.py for tasks to queue
[2026-08-27T13:49:41.073+0000] {logging_mixin.py:190} INFO - [2026-08-27T13:49:41.073+0000] {dagbag.py:588} INFO - Filling up the DagBag from /opt/airflow/dags/prod/airbyte_to_dbt_prod.py
[2026-08-27T13:49:41.103+0000] {processor.py:925} INFO - DAG(s) 'airbyte_to_dbt_pipeline_prod' retrieved from /opt/airflow/dags/prod/airbyte_to_dbt_prod.py
[2026-08-27T13:49:41.145+0000] {logging_mixin.py:190} INFO - [2026-08-27T13:49:41.145+0000] {dag.py:3239} INFO - Sync 1 DAGs
[2026-08-27T13:49:41.175+0000] {logging_mixin.py:190} INFO - [2026-08-27T13:49:41.174+0000] {dag.py:4180} INFO - Setting next_dagrun for airbyte_to_dbt_pipeline_prod to 2026-08-27 12:00:00+00:00, run_after=2026-08-27 13:00:00+00:00
[2026-08-27T13:49:41.201+0000] {processor.py:208} INFO - Processing /opt/airflow/dags/prod/airbyte_to_dbt_prod.py took 0.145 seconds
[2026-08-27T13:50:11.370+0000] {processor.py:186} INFO - Started process (PID=3726) to work on /opt/airflow/dags/prod/airbyte_to_dbt_prod.py
[2026-08-27T13:50:11.371+0000] {processor.py:914} INFO - Processing file /opt/airflow/dags/prod/airbyte_to_dbt_prod.py for tasks to queue
[2026-08-27T13:50:11.374+0000] {logging_mixin.py:190} INFO - [2026-08-27T13:50:11.374+0000] {dagbag.py:588} INFO - Filling up the DagBag from /opt/airflow/dags/prod/airbyte_to_dbt_prod.py
[2026-08-27T13:50:11.406+0000] {processor.py:925} INFO - DAG(s) 'airbyte_to_dbt_pipeline_prod' retrieved from /opt/airflow/dags/prod/airbyte_to_dbt_prod.py
[2026-08-27T13:50:11.455+0000] {logging_mixin.py:190} INFO - [2026-08-27T13:50:11.455+0000] {dag.py:3239} INFO - Sync 1 DAGs
[2026-08-27T13:50:11.492+0000] {logging_mixin.py:190} INFO - [2026-08-27T13:50:11.491+0000] {dag.py:4180} INFO - Setting next_dagrun for airbyte_to_dbt_pipeline_prod to 2026-08-27 12:00:00+00:00, run_after=2026-08-27 13:00:00+00:00
[2026-08-27T13:50:11.518+0000] {processor.py:208} INFO - Processing /opt/airflow/dags/prod/airbyte_to_dbt_prod.py took 0.157 seconds
[2026-08-27T13:50:41.681+0000] {processor.py:186} INFO - Started process (PID=3736) to work on /opt/airflow/dags/prod/airbyte_to_dbt_prod.py
[2026-08-27T13:50:41.682+0000] {processor.py:914} INFO - Processing file /opt/airflow/dags/prod/airbyte_to_dbt_prod.py for tasks to queue
[2026-08-27T13:50:41.686+0000] {logging_mixin.py:190} INFO - [2026-08-27T13:50:41.685+0000] {dagbag.py:588} INFO - Filling up the DagBag from /opt/airflow/dags/prod/airbyte_to_dbt_prod.py
[2026-08-27T13:50:41.715+0000] {processor.py:925} INFO - DAG(s) 'airbyte_to_dbt_pipeline_prod' retrieved from /opt/airflow/dags/prod/airbyte_to_dbt_prod.py
[2026-08-27T13:50:41.760+0000] {logging_mixin.py:190} INFO - [2026-08-27T13:50:41.759+0000] {dag.py:3239} INFO - Sync 1 DAGs
[2026-08-27T13:50:41.800+0000] {logging_mixin.py:190} INFO - [2026-08-27T13:50:41.800+0000] {dag.py:4180} INFO - Setting next_dagrun for airbyte_to_dbt_pipeline_prod to 2026-08-27 12:00:00+00:00, run_after=2026-08-27 13:00:00+00:00
[2026-08-27T13:50:41.821+0000] {processor.py:208} INFO - Processing /opt/airflow/dags/prod/airbyte_to_dbt_prod.py took 0.150 seconds
[2026-08-27T13:51:11.986+0000] {processor.py:186} INFO - Started process (PID=3746) to work on /opt/airflow/dags/prod/airbyte_to_dbt_prod.py
[2026-08-27T13:51:11.986+0000] {processor.py:914} INFO - Processing file /opt/airflow/dags/prod/airbyte_to_dbt_prod.py for tasks to queue
[2026-08-27T13:51:11.989+0000] {logging_mixin.py:190} INFO - [2026-08-27T13:51:11.989+0000] {dagbag.py:588} INFO - Filling up the DagBag from /opt/airflow/dags/prod/airbyte_to_dbt_prod.py
[2026-08-27T13:51:12.012+0000] {processor.py:925} INFO - DAG(s) 'airbyte_to_dbt_pipeline_prod' retrieved from /opt/airflow/dags/prod/airbyte_to_dbt_prod.py
[2026-08-27T13:51:12.051+0000] {logging_mixin.py:190} INFO - [2026-08-27T13:51:12.050+0000] {dag.py:3239} INFO - Sync 1 DAGs
[2026-08-27T13:51:12.088+0000] {logging_mixin.py:190} INFO - [2026-08-27T13:51:12.088+0000] {dag.py:4180} INFO - Setting next_dagrun for airbyte_to_dbt_pipeline_prod to 2026-08-27 12:00:00+00:00, run_after=2026-08-27 13:00:00+00:00
[2026-08-27T13:51:12.113+0000] {processor.py:208} INFO - Processing /opt/airflow/dags/prod/airbyte_to_dbt_prod.py took 0.135 seconds
[2026-08-27T13:51:42.277+0000] {processor.py:186} INFO - Started process (PID=3756) to work on /opt/airflow/dags/prod/airbyte_to_dbt_prod.py
[2026-08-27T13:51:42.278+0000] {processor.py:914} INFO - Processing file /opt/airflow/dags/prod/airbyte_to_dbt_prod.py for tasks to queue
[2026-08-27T13:51:42.281+0000] {logging_mixin.py:190} INFO - [2026-08-27T13:51:42.281+0000] {dagbag.py:588} INFO - Filling up the DagBag from /opt/airflow/dags/prod/airbyte_to_dbt_prod.py
[2026-08-27T13:51:42.302+0000] {processor.py:925} INFO - DAG(s) 'airbyte_to_dbt_pipeline_prod' retrieved from /opt/airflow/dags/prod/airbyte_to_dbt_prod.py
[2026-08-27T13:51:42.354+0000] {logging_mixin.py:190} INFO - [2026-08-27T13:51:42.353+0000] {dag.py:3239} INFO - Sync 1 DAGs
[2026-08-27T13:51:42.391+0000] {logging_mixin.py:190} INFO - [2026-08-27T13:51:42.391+0000] {dag.py:4180} INFO - Setting next_dagrun for airbyte_to_dbt_pipeline_prod to 2026-08-27 12:00:00+00:00, run_after=2026-08-27 13:00:00+00:00
[2026-08-27T13:51:42.414+0000] {processor.py:208} INFO - Processing /opt/airflow/dags/prod/airbyte_to_dbt_prod.py took 0.146 seconds
[2026-08-27T13:52:12.579+0000] {processor.py:186} INFO - Started process (PID=3766) to work on /opt/airflow/dags/prod/airbyte_to_dbt_prod.py
[2026-08-27T13:52:12.580+0000] {processor.py:914} INFO - Processing file /opt/airflow/dags/prod/airbyte_to_dbt_prod.py for tasks to queue
[2026-08-27T13:52:12.583+0000] {logging_mixin.py:190} INFO - [2026-08-27T13:52:12.582+0000] {dagbag.py:588} INFO - Filling up the DagBag from /opt/airflow/dags/prod/airbyte_to_dbt_prod.py
[2026-08-27T13:52:12.606+0000] {processor.py:925} INFO - DAG(s) 'airbyte_to_dbt_pipeline_prod' retrieved from /opt/airflow/dags/prod/airbyte_to_dbt_prod.py
[2026-08-27T13:52:12.646+0000] {logging_mixin.py:190} INFO - [2026-08-27T13:52:12.646+0000] {dag.py:3239} INFO - Sync 1 DAGs
[2026-08-27T13:52:12.681+0000] {logging_mixin.py:190} INFO - [2026-08-27T13:52:12.681+0000] {dag.py:4180} INFO - Setting next_dagrun for airbyte_to_dbt_pipeline_prod to 2026-08-27 12:00:00+00:00, run_after=2026-08-27 13:00:00+00:00
[2026-08-27T13:52:12.706+0000] {processor.py:208} INFO - Processing /opt/airflow/dags/prod/airbyte_to_dbt_prod.py took 0.136 seconds
[2026-08-27T13:52:42.873+0000] {processor.py:186} INFO - Started process (PID=3776) to work on /opt/airflow/dags/prod/airbyte_to_dbt_prod.py
[2026-08-27T13:52:42.874+0000] {processor.py:914} INFO - Processing file /opt/airflow/dags/prod/airbyte_to_dbt_prod.py for tasks to queue
[2026-08-27T13:52:42.877+0000] {logging_mixin.py:190} INFO - [2026-08-27T13:52:42.876+0000] {dagbag.py:588} INFO - Filling up the DagBag from /opt/airflow/dags/prod/airbyte_to_dbt_prod.py
[2026-08-27T13:52:42.899+0000] {processor.py:925} INFO - DAG(s) 'airbyte_to_dbt_pipeline_prod' retrieved from /opt/airflow/dags/prod/airbyte_to_dbt_prod.py
[2026-08-27T13:52:42.936+0000] {logging_mixin.py:190} INFO - [2026-08-27T13:52:42.936+0000] {dag.py:3239} INFO - Sync 1 DAGs
[2026-08-27T13:52:42.965+0000] {logging_mixin.py:190} INFO - [2026-08-27T13:52:42.965+0000] {dag.py:4180} INFO - Setting next_dagrun for airbyte_to_dbt_pipeline_prod to 2026-08-27 12:00:00+00:00, run_after=2026-08-27 13:00:00+00:00
[2026-08-27T13:52:42.988+0000] {processor.py:208} INFO - Processing /opt/airflow/dags/prod/airbyte_to_dbt_prod.py took 0.124 seconds
[2026-08-27T13:53:13.158+0000] {processor.py:186} INFO - Started process (PID=3786) to work on /opt/airflow/dags/prod/airbyte_to_dbt_prod.py
[2026-08-27T13:53:13.159+0000] {processor.py:914} INFO - Processing file /opt/airflow/dags/prod/airbyte_to_dbt_prod.py for tasks to queue
[2026-08-27T13:53:13.162+0000] {logging_mixin.py:190} INFO - [2026-08-27T13:53:13.161+0000] {dagbag.py:588} INFO - Filling up the DagBag from /opt/airflow/dags/prod/airbyte_to_dbt_prod.py
[2026-08-27T13:53:13.186+0000] {processor.py:925} INFO - DAG(s) 'airbyte_to_dbt_pipeline_prod' retrieved from /opt/airflow/dags/prod/airbyte_to_dbt_prod.py
[2026-08-27T13:53:13.226+0000] {logging_mixin.py:190} INFO - [2026-08-27T13:53:13.226+0000] {dag.py:3239} INFO - Sync 1 DAGs
[2026-08-27T13:53:13.259+0000] {logging_mixin.py:190} INFO - [2026-08-27T13:53:13.259+0000] {dag.py:4180} INFO - Setting next_dagrun for airbyte_to_dbt_pipeline_prod to 2026-08-27 12:00:00+00:00, run_after=2026-08-27 13:00:00+00:00
[2026-08-27T13:53:13.283+0000] {processor.py:208} INFO - Processing /opt/airflow/dags/prod/airbyte_to_dbt_prod.py took 0.134 seconds
[2026-08-27T13:53:43.465+0000] {processor.py:186} INFO - Started process (PID=3796) to work on /opt/airflow/dags/prod/airbyte_to_dbt_prod.py
[2026-08-27T13:53:43.468+0000] {processor.py:914} INFO - Processing file /opt/airflow/dags/prod/airbyte_to_dbt_prod.py for tasks to queue
[2026-08-27T13:53:43.472+0000] {logging_mixin.py:190} INFO - [2026-08-27T13:53:43.472+0000] {dagbag.py:588} INFO - Filling up the DagBag from /opt/airflow/dags/prod/airbyte_to_dbt_prod.py
[2026-08-27T13:53:43.501+0000] {processor.py:925} INFO - DAG(s) 'airbyte_to_dbt_pipeline_prod' retrieved from /opt/airflow/dags/prod/airbyte_to_dbt_prod.py
[2026-08-27T13:53:43.568+0000] {logging_mixin.py:190} INFO - [2026-08-27T13:53:43.568+0000] {dag.py:3239} INFO - Sync 1 DAGs
[2026-08-27T13:53:43.623+0000] {logging_mixin.py:190} INFO - [2026-08-27T13:53:43.622+0000] {dag.py:4180} INFO - Setting next_dagrun for airbyte_to_dbt_pipeline_prod to 2026-08-27 12:00:00+00:00, run_after=2026-08-27 13:00:00+00:00
[2026-08-27T13:53:43.673+0000] {processor.py:208} INFO - Processing /opt/airflow/dags/prod/airbyte_to_dbt_prod.py took 0.219 seconds
[2026-08-27T13:54:13.895+0000] {processor.py:186} INFO - Started process (PID=3806) to work on /opt/airflow/dags/prod/airbyte_to_dbt_prod.py
[2026-08-27T13:54:13.896+0000] {processor.py:914} INFO - Processing file /opt/airflow/dags/prod/airbyte_to_dbt_prod.py for tasks to queue
[2026-08-27T13:54:13.901+0000] {logging_mixin.py:190} INFO - [2026-08-27T13:54:13.900+0000] {dagbag.py:588} INFO - Filling up the DagBag from /opt/airflow/dags/prod/airbyte_to_dbt_prod.py
[2026-08-27T13:54:13.947+0000] {processor.py:925} INFO - DAG(s) 'airbyte_to_dbt_pipeline_prod' retrieved from /opt/airflow/dags/prod/airbyte_to_dbt_prod.py
[2026-08-27T13:54:14.013+0000] {logging_mixin.py:190} INFO - [2026-08-27T13:54:14.013+0000] {dag.py:3239} INFO - Sync 1 DAGs
[2026-08-27T13:54:14.067+0000] {logging_mixin.py:190} INFO - [2026-08-27T13:54:14.067+0000] {dag.py:4180} INFO - Setting next_dagrun for airbyte_to_dbt_pipeline_prod to 2026-08-27 12:00:00+00:00, run_after=2026-08-27 13:00:00+00:00
[2026-08-27T13:54:14.108+0000] {processor.py:208} INFO - Processing /opt/airflow/dags/prod/airbyte_to_dbt_prod.py took 0.226 seconds
[2026-08-27T13:54:44.310+0000] {processor.py:186} INFO - Started process (PID=3816) to work on /opt/airflow/dags/prod/airbyte_to_dbt_prod.py
[2026-08-27T13:54:44.311+0000] {processor.py:914} INFO - Processing file /opt/airflow/dags/prod/airbyte_to_dbt_prod.py for tasks to queue
[2026-08-27T13:54:44.314+0000] {logging_mixin.py:190} INFO - [2026-08-27T13:54:44.313+0000] {dagbag.py:588} INFO - Filling up the DagBag from /opt/airflow/dags/prod/airbyte_to_dbt_prod.py
[2026-08-27T13:54:44.338+0000] {processor.py:925} INFO - DAG(s) 'airbyte_to_dbt_pipeline_prod' retrieved from /opt/airflow/dags/prod/airbyte_to_dbt_prod.py
[2026-08-27T13:54:44.388+0000] {logging_mixin.py:190} INFO - [2026-08-27T13:54:44.388+0000] {dag.py:3239} INFO - Sync 1 DAGs
[2026-08-27T13:54:44.424+0000] {logging_mixin.py:190} INFO - [2026-08-27T13:54:44.424+0000] {dag.py:4180} INFO - Setting next_dagrun for airbyte_to_dbt_pipeline_prod to 2026-08-27 12:00:00+00:00, run_after=2026-08-27 13:00:00+00:00
[2026-08-27T13:54:44.446+0000] {processor.py:208} INFO - Processing /opt/airflow/dags/prod/airbyte_to_dbt_prod.py took 0.147 seconds
[2026-08-27T13:55:14.611+0000] {processor.py:186} INFO - Started process (PID=3826) to work on /opt/airflow/dags/prod/airbyte_to_dbt_prod.py
[2026-08-27T13:55:14.613+0000] {processor.py:914} INFO - Processing file /opt/airflow/dags/prod/airbyte_to_dbt_prod.py for tasks to queue
[2026-08-27T13:55:14.616+0000] {logging_mixin.py:190} INFO - [2026-08-27T13:55:14.616+0000] {dagbag.py:588} INFO - Filling up the DagBag from /opt/airflow/dags/prod/airbyte_to_dbt_prod.py
[2026-08-27T13:55:14.641+0000] {processor.py:925} INFO - DAG(s) 'airbyte_to_dbt_pipeline_prod' retrieved from /opt/airflow/dags/prod/airbyte_to_dbt_prod.py
[2026-08-27T13:55:14.685+0000] {logging_mixin.py:190} INFO - [2026-08-27T13:55:14.685+0000] {dag.py:3239} INFO - Sync 1 DAGs
[2026-08-27T13:55:14.719+0000] {logging_mixin.py:190} INFO - [2026-08-27T13:55:14.719+0000] {dag.py:4180} INFO - Setting next_dagrun for airbyte_to_dbt_pipeline_prod to 2026-08-27 12:00:00+00:00, run_after=2026-08-27 13:00:00+00:00
[2026-08-27T13:55:14.744+0000] {processor.py:208} INFO - Processing /opt/airflow/dags/prod/airbyte_to_dbt_prod.py took 0.141 seconds
[2026-08-27T13:55:44.908+0000] {processor.py:186} INFO - Started process (PID=3836) to work on /opt/airflow/dags/prod/airbyte_to_dbt_prod.py
[2026-08-27T13:55:44.909+0000] {processor.py:914} INFO - Processing file /opt/airflow/dags/prod/airbyte_to_dbt_prod.py for tasks to queue
[2026-08-27T13:55:44.912+0000] {logging_mixin.py:190} INFO - [2026-08-27T13:55:44.912+0000] {dagbag.py:588} INFO - Filling up the DagBag from /opt/airflow/dags/prod/airbyte_to_dbt_prod.py
[2026-08-27T13:55:44.938+0000] {processor.py:925} INFO - DAG(s) 'airbyte_to_dbt_pipeline_prod' retrieved from /opt/airflow/dags/prod/airbyte_to_dbt_prod.py
[2026-08-27T13:55:44.993+0000] {logging_mixin.py:190} INFO - [2026-08-27T13:55:44.992+0000] {dag.py:3239} INFO - Sync 1 DAGs
[2026-08-27T13:55:45.032+0000] {logging_mixin.py:190} INFO - [2026-08-27T13:55:45.032+0000] {dag.py:4180} INFO - Setting next_dagrun for airbyte_to_dbt_pipeline_prod to 2026-08-27 12:00:00+00:00, run_after=2026-08-27 13:00:00+00:00
[2026-08-27T13:55:45.056+0000] {processor.py:208} INFO - Processing /opt/airflow/dags/prod/airbyte_to_dbt_prod.py took 0.158 seconds
[2026-08-27T13:56:15.220+0000] {processor.py:186} INFO - Started process (PID=3846) to work on /opt/airflow/dags/prod/airbyte_to_dbt_prod.py
[2026-08-27T13:56:15.221+0000] {processor.py:914} INFO - Processing file /opt/airflow/dags/prod/airbyte_to_dbt_prod.py for tasks to queue
[2026-08-27T13:56:15.224+0000] {logging_mixin.py:190} INFO - [2026-08-27T13:56:15.224+0000] {dagbag.py:588} INFO - Filling up the DagBag from /opt/airflow/dags/prod/airbyte_to_dbt_prod.py
[2026-08-27T13:56:15.250+0000] {processor.py:925} INFO - DAG(s) 'airbyte_to_dbt_pipeline_prod' retrieved from /opt/airflow/dags/prod/airbyte_to_dbt_prod.py
[2026-08-27T13:56:15.299+0000] {logging_mixin.py:190} INFO - [2026-08-27T13:56:15.299+0000] {dag.py:3239} INFO - Sync 1 DAGs
[2026-08-27T13:56:15.332+0000] {logging_mixin.py:190} INFO - [2026-08-27T13:56:15.332+0000] {dag.py:4180} INFO - Setting next_dagrun for airbyte_to_dbt_pipeline_prod to 2026-08-27 12:00:00+00:00, run_after=2026-08-27 13:00:00+00:00
[2026-08-27T13:56:15.357+0000] {processor.py:208} INFO - Processing /opt/airflow/dags/prod/airbyte_to_dbt_prod.py took 0.146 seconds
[2026-08-27T13:56:45.529+0000] {processor.py:186} INFO - Started process (PID=3856) to work on /opt/airflow/dags/prod/airbyte_to_dbt_prod.py
[2026-08-27T13:56:45.529+0000] {processor.py:914} INFO - Processing file /opt/airflow/dags/prod/airbyte_to_dbt_prod.py for tasks to queue
[2026-08-27T13:56:45.533+0000] {logging_mixin.py:190} INFO - [2026-08-27T13:56:45.532+0000] {dagbag.py:588} INFO - Filling up the DagBag from /opt/airflow/dags/prod/airbyte_to_dbt_prod.py
[2026-08-27T13:56:45.555+0000] {processor.py:925} INFO - DAG(s) 'airbyte_to_dbt_pipeline_prod' retrieved from /opt/airflow/dags/prod/airbyte_to_dbt_prod.py
[2026-08-27T13:56:45.603+0000] {logging_mixin.py:190} INFO - [2026-08-27T13:56:45.602+0000] {dag.py:3239} INFO - Sync 1 DAGs
[2026-08-27T13:56:45.637+0000] {logging_mixin.py:190} INFO - [2026-08-27T13:56:45.637+0000] {dag.py:4180} INFO - Setting next_dagrun for airbyte_to_dbt_pipeline_prod to 2026-08-27 12:00:00+00:00, run_after=2026-08-27 13:00:00+00:00
[2026-08-27T13:56:45.663+0000] {processor.py:208} INFO - Processing /opt/airflow/dags/prod/airbyte_to_dbt_prod.py took 0.144 seconds
[2026-08-27T13:57:15.863+0000] {processor.py:186} INFO - Started process (PID=3866) to work on /opt/airflow/dags/prod/airbyte_to_dbt_prod.py
[2026-08-27T13:57:15.864+0000] {processor.py:914} INFO - Processing file /opt/airflow/dags/prod/airbyte_to_dbt_prod.py for tasks to queue
[2026-08-27T13:57:15.868+0000] {logging_mixin.py:190} INFO - [2026-08-27T13:57:15.868+0000] {dagbag.py:588} INFO - Filling up the DagBag from /opt/airflow/dags/prod/airbyte_to_dbt_prod.py
[2026-08-27T13:57:15.905+0000] {processor.py:925} INFO - DAG(s) 'airbyte_to_dbt_pipeline_prod' retrieved from /opt/airflow/dags/prod/airbyte_to_dbt_prod.py
[2026-08-27T13:57:15.975+0000] {logging_mixin.py:190} INFO - [2026-08-27T13:57:15.974+0000] {dag.py:3239} INFO - Sync 1 DAGs
[2026-08-27T13:57:16.033+0000] {logging_mixin.py:190} INFO - [2026-08-27T13:57:16.033+0000] {dag.py:4180} INFO - Setting next_dagrun for airbyte_to_dbt_pipeline_prod to 2026-08-27 12:00:00+00:00, run_after=2026-08-27 13:00:00+00:00
[2026-08-27T13:57:16.063+0000] {processor.py:208} INFO - Processing /opt/airflow/dags/prod/airbyte_to_dbt_prod.py took 0.213 seconds
[2026-08-27T13:57:46.221+0000] {processor.py:186} INFO - Started process (PID=3876) to work on /opt/airflow/dags/prod/airbyte_to_dbt_prod.py
[2026-08-27T13:57:46.222+0000] {processor.py:914} INFO - Processing file /opt/airflow/dags/prod/airbyte_to_dbt_prod.py for tasks to queue
[2026-08-27T13:57:46.225+0000] {logging_mixin.py:190} INFO - [2026-08-27T13:57:46.225+0000] {dagbag.py:588} INFO - Filling up the DagBag from /opt/airflow/dags/prod/airbyte_to_dbt_prod.py
[2026-08-27T13:57:46.251+0000] {processor.py:925} INFO - DAG(s) 'airbyte_to_dbt_pipeline_prod' retrieved from /opt/airflow/dags/prod/airbyte_to_dbt_prod.py
[2026-08-27T13:57:46.311+0000] {logging_mixin.py:190} INFO - [2026-08-27T13:57:46.311+0000] {dag.py:3239} INFO - Sync 1 DAGs
[2026-08-27T13:57:46.351+0000] {logging_mixin.py:190} INFO - [2026-08-27T13:57:46.351+0000] {dag.py:4180} INFO - Setting next_dagrun for airbyte_to_dbt_pipeline_prod to 2026-08-27 12:00:00+00:00, run_after=2026-08-27 13:00:00+00:00
[2026-08-27T13:57:46.376+0000] {processor.py:208} INFO - Processing /opt/airflow/dags/prod/airbyte_to_dbt_prod.py took 0.164 seconds
[2026-08-27T13:58:16.554+0000] {processor.py:186} INFO - Started process (PID=3886) to work on /opt/airflow/dags/prod/airbyte_to_dbt_prod.py
[2026-08-27T13:58:16.555+0000] {processor.py:914} INFO - Processing file /opt/airflow/dags/prod/airbyte_to_dbt_prod.py for tasks to queue
[2026-08-27T13:58:16.559+0000] {logging_mixin.py:190} INFO - [2026-08-27T13:58:16.558+0000] {dagbag.py:588} INFO - Filling up the DagBag from /opt/airflow/dags/prod/airbyte_to_dbt_prod.py
[2026-08-27T13:58:16.589+0000] {processor.py:925} INFO - DAG(s) 'airbyte_to_dbt_pipeline_prod' retrieved from /opt/airflow/dags/prod/airbyte_to_dbt_prod.py
[2026-08-27T13:58:16.647+0000] {logging_mixin.py:190} INFO - [2026-08-27T13:58:16.647+0000] {dag.py:3239} INFO - Sync 1 DAGs
[2026-08-27T13:58:16.694+0000] {logging_mixin.py:190} INFO - [2026-08-27T13:58:16.693+0000] {dag.py:4180} INFO - Setting next_dagrun for airbyte_to_dbt_pipeline_prod to 2026-08-27 12:00:00+00:00, run_after=2026-08-27 13:00:00+00:00
[2026-08-27T13:58:16.729+0000] {processor.py:208} INFO - Processing /opt/airflow/dags/prod/airbyte_to_dbt_prod.py took 0.185 seconds
[2026-08-27T13:58:46.910+0000] {processor.py:186} INFO - Started process (PID=3896) to work on /opt/airflow/dags/prod/airbyte_to_dbt_prod.py
[2026-08-27T13:58:46.911+0000] {processor.py:914} INFO - Processing file /opt/airflow/dags/prod/airbyte_to_dbt_prod.py for tasks to queue
[2026-08-27T13:58:46.914+0000] {logging_mixin.py:190} INFO - [2026-08-27T13:58:46.913+0000] {dagbag.py:588} INFO - Filling up the DagBag from /opt/airflow/dags/prod/airbyte_to_dbt_prod.py
[2026-08-27T13:58:46.935+0000] {processor.py:925} INFO - DAG(s) 'airbyte_to_dbt_pipeline_prod' retrieved from /opt/airflow/dags/prod/airbyte_to_dbt_prod.py
[2026-08-27T13:58:46.980+0000] {logging_mixin.py:190} INFO - [2026-08-27T13:58:46.980+0000] {dag.py:3239} INFO - Sync 1 DAGs
[2026-08-27T13:58:47.008+0000] {logging_mixin.py:190} INFO - [2026-08-27T13:58:47.008+0000] {dag.py:4180} INFO - Setting next_dagrun for airbyte_to_dbt_pipeline_prod to 2026-08-27 12:00:00+00:00, run_after=2026-08-27 13:00:00+00:00
[2026-08-27T13:58:47.031+0000] {processor.py:208} INFO - Processing /opt/airflow/dags/prod/airbyte_to_dbt_prod.py took 0.130 seconds
[2026-08-27T13:59:17.244+0000] {processor.py:186} INFO - Started process (PID=3906) to work on /opt/airflow/dags/prod/airbyte_to_dbt_prod.py
[2026-08-27T13:59:17.246+0000] {processor.py:914} INFO - Processing file /opt/airflow/dags/prod/airbyte_to_dbt_prod.py for tasks to queue
[2026-08-27T13:59:17.249+0000] {logging_mixin.py:190} INFO - [2026-08-27T13:59:17.249+0000] {dagbag.py:588} INFO - Filling up the DagBag from /opt/airflow/dags/prod/airbyte_to_dbt_prod.py
[2026-08-27T13:59:17.272+0000] {processor.py:925} INFO - DAG(s) 'airbyte_to_dbt_pipeline_prod' retrieved from /opt/airflow/dags/prod/airbyte_to_dbt_prod.py
[2026-08-27T13:59:17.323+0000] {logging_mixin.py:190} INFO - [2026-08-27T13:59:17.322+0000] {dag.py:3239} INFO - Sync 1 DAGs
[2026-08-27T13:59:17.354+0000] {logging_mixin.py:190} INFO - [2026-08-27T13:59:17.354+0000] {dag.py:4180} INFO - Setting next_dagrun for airbyte_to_dbt_pipeline_prod to 2026-08-27 12:00:00+00:00, run_after=2026-08-27 13:00:00+00:00
[2026-08-27T13:59:17.377+0000] {processor.py:208} INFO - Processing /opt/airflow/dags/prod/airbyte_to_dbt_prod.py took 0.143 seconds
[2026-08-27T13:59:47.577+0000] {processor.py:186} INFO - Started process (PID=3916) to work on /opt/airflow/dags/prod/airbyte_to_dbt_prod.py
[2026-08-27T13:59:47.578+0000] {processor.py:914} INFO - Processing file /opt/airflow/dags/prod/airbyte_to_dbt_prod.py for tasks to queue
[2026-08-27T13:59:47.583+0000] {logging_mixin.py:190} INFO - [2026-08-27T13:59:47.582+0000] {dagbag.py:588} INFO - Filling up the DagBag from /opt/airflow/dags/prod/airbyte_to_dbt_prod.py
[2026-08-27T13:59:47.617+0000] {processor.py:925} INFO - DAG(s) 'airbyte_to_dbt_pipeline_prod' retrieved from /opt/airflow/dags/prod/airbyte_to_dbt_prod.py
[2026-08-27T13:59:47.663+0000] {logging_mixin.py:190} INFO - [2026-08-27T13:59:47.663+0000] {dag.py:3239} INFO - Sync 1 DAGs
[2026-08-27T13:59:47.701+0000] {logging_mixin.py:190} INFO - [2026-08-27T13:59:47.700+0000] {dag.py:4180} INFO - Setting next_dagrun for airbyte_to_dbt_pipeline_prod to 2026-08-27 12:00:00+00:00, run_after=2026-08-27 13:00:00+00:00
[2026-08-27T13:59:47.726+0000] {processor.py:208} INFO - Processing /opt/airflow/dags/prod/airbyte_to_dbt_prod.py took 0.161 seconds
[2026-08-27T14:00:17.883+0000] {processor.py:186} INFO - Started process (PID=3926) to work on /opt/airflow/dags/prod/airbyte_to_dbt_prod.py
[2026-08-27T14:00:17.884+0000] {processor.py:914} INFO - Processing file /opt/airflow/dags/prod/airbyte_to_dbt_prod.py for tasks to queue
[2026-08-27T14:00:17.888+0000] {logging_mixin.py:190} INFO - [2026-08-27T14:00:17.888+0000] {dagbag.py:588} INFO - Filling up the DagBag from /opt/airflow/dags/prod/airbyte_to_dbt_prod.py
[2026-08-27T14:00:17.918+0000] {processor.py:925} INFO - DAG(s) 'airbyte_to_dbt_pipeline_prod' retrieved from /opt/airflow/dags/prod/airbyte_to_dbt_prod.py
[2026-08-27T14:00:17.963+0000] {logging_mixin.py:190} INFO - [2026-08-27T14:00:17.963+0000] {dag.py:3239} INFO - Sync 1 DAGs
[2026-08-27T14:00:17.996+0000] {logging_mixin.py:190} INFO - [2026-08-27T14:00:17.995+0000] {dag.py:4180} INFO - Setting next_dagrun for airbyte_to_dbt_pipeline_prod to 2026-08-27 13:00:00+00:00, run_after=2026-08-27 14:00:00+00:00
[2026-08-27T14:00:18.018+0000] {processor.py:208} INFO - Processing /opt/airflow/dags/prod/airbyte_to_dbt_prod.py took 0.147 seconds
[2026-08-27T14:00:48.179+0000] {processor.py:186} INFO - Started process (PID=3936) to work on /opt/airflow/dags/prod/airbyte_to_dbt_prod.py
[2026-08-27T14:00:48.180+0000] {processor.py:914} INFO - Processing file /opt/airflow/dags/prod/airbyte_to_dbt_prod.py for tasks to queue
[2026-08-27T14:00:48.184+0000] {logging_mixin.py:190} INFO - [2026-08-27T14:00:48.183+0000] {dagbag.py:588} INFO - Filling up the DagBag from /opt/airflow/dags/prod/airbyte_to_dbt_prod.py
[2026-08-27T14:00:48.208+0000] {processor.py:925} INFO - DAG(s) 'airbyte_to_dbt_pipeline_prod' retrieved from /opt/airflow/dags/prod/airbyte_to_dbt_prod.py
[2026-08-27T14:00:48.257+0000] {logging_mixin.py:190} INFO - [2026-08-27T14:00:48.257+0000] {dag.py:3239} INFO - Sync 1 DAGs
[2026-08-27T14:00:48.292+0000] {logging_mixin.py:190} INFO - [2026-08-27T14:00:48.292+0000] {dag.py:4180} INFO - Setting next_dagrun for airbyte_to_dbt_pipeline_prod to 2026-08-27 13:00:00+00:00, run_after=2026-08-27 14:00:00+00:00
[2026-08-27T14:00:48.316+0000] {processor.py:208} INFO - Processing /opt/airflow/dags/prod/airbyte_to_dbt_prod.py took 0.146 seconds
[2026-08-27T14:01:18.488+0000] {processor.py:186} INFO - Started process (PID=3946) to work on /opt/airflow/dags/prod/airbyte_to_dbt_prod.py
[2026-08-27T14:01:18.490+0000] {processor.py:914} INFO - Processing file /opt/airflow/dags/prod/airbyte_to_dbt_prod.py for tasks to queue
[2026-08-27T14:01:18.494+0000] {logging_mixin.py:190} INFO - [2026-08-27T14:01:18.493+0000] {dagbag.py:588} INFO - Filling up the DagBag from /opt/airflow/dags/prod/airbyte_to_dbt_prod.py
[2026-08-27T14:01:18.522+0000] {processor.py:925} INFO - DAG(s) 'airbyte_to_dbt_pipeline_prod' retrieved from /opt/airflow/dags/prod/airbyte_to_dbt_prod.py
[2026-08-27T14:01:18.562+0000] {logging_mixin.py:190} INFO - [2026-08-27T14:01:18.562+0000] {dag.py:3239} INFO - Sync 1 DAGs
[2026-08-27T14:01:18.596+0000] {logging_mixin.py:190} INFO - [2026-08-27T14:01:18.595+0000] {dag.py:4180} INFO - Setting next_dagrun for airbyte_to_dbt_pipeline_prod to 2026-08-27 13:00:00+00:00, run_after=2026-08-27 14:00:00+00:00
[2026-08-27T14:01:18.624+0000] {processor.py:208} INFO - Processing /opt/airflow/dags/prod/airbyte_to_dbt_prod.py took 0.146 seconds
[2026-08-27T14:01:48.791+0000] {processor.py:186} INFO - Started process (PID=3956) to work on /opt/airflow/dags/prod/airbyte_to_dbt_prod.py
[2026-08-27T14:01:48.792+0000] {processor.py:914} INFO - Processing file /opt/airflow/dags/prod/airbyte_to_dbt_prod.py for tasks to queue
[2026-08-27T14:01:48.795+0000] {logging_mixin.py:190} INFO - [2026-08-27T14:01:48.794+0000] {dagbag.py:588} INFO - Filling up the DagBag from /opt/airflow/dags/prod/airbyte_to_dbt_prod.py
[2026-08-27T14:01:48.816+0000] {processor.py:925} INFO - DAG(s) 'airbyte_to_dbt_pipeline_prod' retrieved from /opt/airflow/dags/prod/airbyte_to_dbt_prod.py
[2026-08-27T14:01:48.855+0000] {logging_mixin.py:190} INFO - [2026-08-27T14:01:48.855+0000] {dag.py:3239} INFO - Sync 1 DAGs
[2026-08-27T14:01:48.887+0000] {logging_mixin.py:190} INFO - [2026-08-27T14:01:48.887+0000] {dag.py:4180} INFO - Setting next_dagrun for airbyte_to_dbt_pipeline_prod to 2026-08-27 13:00:00+00:00, run_after=2026-08-27 14:00:00+00:00
[2026-08-27T14:01:48.911+0000] {processor.py:208} INFO - Processing /opt/airflow/dags/prod/airbyte_to_dbt_prod.py took 0.133 seconds
[2026-08-27T14:02:19.084+0000] {processor.py:186} INFO - Started process (PID=3966) to work on /opt/airflow/dags/prod/airbyte_to_dbt_prod.py
[2026-08-27T14:02:19.084+0000] {processor.py:914} INFO - Processing file /opt/airflow/dags/prod/airbyte_to_dbt_prod.py for tasks to queue
[2026-08-27T14:02:19.088+0000] {logging_mixin.py:190} INFO - [2026-08-27T14:02:19.087+0000] {dagbag.py:588} INFO - Filling up the DagBag from /opt/airflow/dags/prod/airbyte_to_dbt_prod.py
[2026-08-27T14:02:19.112+0000] {processor.py:925} INFO - DAG(s) 'airbyte_to_dbt_pipeline_prod' retrieved from /opt/airflow/dags/prod/airbyte_to_dbt_prod.py
[2026-08-27T14:02:19.165+0000] {logging_mixin.py:190} INFO - [2026-08-27T14:02:19.165+0000] {dag.py:3239} INFO - Sync 1 DAGs
[2026-08-27T14:02:19.202+0000] {logging_mixin.py:190} INFO - [2026-08-27T14:02:19.201+0000] {dag.py:4180} INFO - Setting next_dagrun for airbyte_to_dbt_pipeline_prod to 2026-08-27 13:00:00+00:00, run_after=2026-08-27 14:00:00+00:00
[2026-08-27T14:02:19.224+0000] {processor.py:208} INFO - Processing /opt/airflow/dags/prod/airbyte_to_dbt_prod.py took 0.148 seconds
[2026-08-27T14:02:49.388+0000] {processor.py:186} INFO - Started process (PID=3976) to work on /opt/airflow/dags/prod/airbyte_to_dbt_prod.py
[2026-08-27T14:02:49.389+0000] {processor.py:914} INFO - Processing file /opt/airflow/dags/prod/airbyte_to_dbt_prod.py for tasks to queue
[2026-08-27T14:02:49.392+0000] {logging_mixin.py:190} INFO - [2026-08-27T14:02:49.391+0000] {dagbag.py:588} INFO - Filling up the DagBag from /opt/airflow/dags/prod/airbyte_to_dbt_prod.py
[2026-08-27T14:02:49.417+0000] {processor.py:925} INFO - DAG(s) 'airbyte_to_dbt_pipeline_prod' retrieved from /opt/airflow/dags/prod/airbyte_to_dbt_prod.py
[2026-08-27T14:02:49.467+0000] {logging_mixin.py:190} INFO - [2026-08-27T14:02:49.466+0000] {dag.py:3239} INFO - Sync 1 DAGs
[2026-08-27T14:02:49.502+0000] {logging_mixin.py:190} INFO - [2026-08-27T14:02:49.502+0000] {dag.py:4180} INFO - Setting next_dagrun for airbyte_to_dbt_pipeline_prod to 2026-08-27 13:00:00+00:00, run_after=2026-08-27 14:00:00+00:00
[2026-08-27T14:02:49.526+0000] {processor.py:208} INFO - Processing /opt/airflow/dags/prod/airbyte_to_dbt_prod.py took 0.148 seconds
[2026-08-27T14:03:19.693+0000] {processor.py:186} INFO - Started process (PID=3986) to work on /opt/airflow/dags/prod/airbyte_to_dbt_prod.py
[2026-08-27T14:03:19.694+0000] {processor.py:914} INFO - Processing file /opt/airflow/dags/prod/airbyte_to_dbt_prod.py for tasks to queue
[2026-08-27T14:03:19.697+0000] {logging_mixin.py:190} INFO - [2026-08-27T14:03:19.697+0000] {dagbag.py:588} INFO - Filling up the DagBag from /opt/airflow/dags/prod/airbyte_to_dbt_prod.py
[2026-08-27T14:03:19.723+0000] {processor.py:925} INFO - DAG(s) 'airbyte_to_dbt_pipeline_prod' retrieved from /opt/airflow/dags/prod/airbyte_to_dbt_prod.py
[2026-08-27T14:03:19.767+0000] {logging_mixin.py:190} INFO - [2026-08-27T14:03:19.767+0000] {dag.py:3239} INFO - Sync 1 DAGs
[2026-08-27T14:03:19.805+0000] {logging_mixin.py:190} INFO - [2026-08-27T14:03:19.805+0000] {dag.py:4180} INFO - Setting next_dagrun for airbyte_to_dbt_pipeline_prod to 2026-08-27 13:00:00+00:00, run_after=2026-08-27 14:00:00+00:00
[2026-08-27T14:03:19.828+0000] {processor.py:208} INFO - Processing /opt/airflow/dags/prod/airbyte_to_dbt_prod.py took 0.145 seconds
[2026-08-27T14:03:50.011+0000] {processor.py:186} INFO - Started process (PID=3996) to work on /opt/airflow/dags/prod/airbyte_to_dbt_prod.py
[2026-08-27T14:03:50.013+0000] {processor.py:914} INFO - Processing file /opt/airflow/dags/prod/airbyte_to_dbt_prod.py for tasks to queue
[2026-08-27T14:03:50.018+0000] {logging_mixin.py:190} INFO - [2026-08-27T14:03:50.018+0000] {dagbag.py:588} INFO - Filling up the DagBag from /opt/airflow/dags/prod/airbyte_to_dbt_prod.py
[2026-08-27T14:03:50.058+0000] {processor.py:925} INFO - DAG(s) 'airbyte_to_dbt_pipeline_prod' retrieved from /opt/airflow/dags/prod/airbyte_to_dbt_prod.py
[2026-08-27T14:03:50.165+0000] {logging_mixin.py:190} INFO - [2026-08-27T14:03:50.165+0000] {dag.py:3239} INFO - Sync 1 DAGs
[2026-08-27T14:03:50.219+0000] {logging_mixin.py:190} INFO - [2026-08-27T14:03:50.219+0000] {dag.py:4180} INFO - Setting next_dagrun for airbyte_to_dbt_pipeline_prod to 2026-08-27 13:00:00+00:00, run_after=2026-08-27 14:00:00+00:00
[2026-08-27T14:03:50.255+0000] {processor.py:208} INFO - Processing /opt/airflow/dags/prod/airbyte_to_dbt_prod.py took 0.258 seconds
[2026-08-27T14:04:20.406+0000] {processor.py:186} INFO - Started process (PID=4006) to work on /opt/airflow/dags/prod/airbyte_to_dbt_prod.py
[2026-08-27T14:04:20.407+0000] {processor.py:914} INFO - Processing file /opt/airflow/dags/prod/airbyte_to_dbt_prod.py for tasks to queue
[2026-08-27T14:04:20.411+0000] {logging_mixin.py:190} INFO - [2026-08-27T14:04:20.411+0000] {dagbag.py:588} INFO - Filling up the DagBag from /opt/airflow/dags/prod/airbyte_to_dbt_prod.py
[2026-08-27T14:04:20.440+0000] {processor.py:925} INFO - DAG(s) 'airbyte_to_dbt_pipeline_prod' retrieved from /opt/airflow/dags/prod/airbyte_to_dbt_prod.py
[2026-08-27T14:04:20.487+0000] {logging_mixin.py:190} INFO - [2026-08-27T14:04:20.487+0000] {dag.py:3239} INFO - Sync 1 DAGs
[2026-08-27T14:04:20.519+0000] {logging_mixin.py:190} INFO - [2026-08-27T14:04:20.519+0000] {dag.py:4180} INFO - Setting next_dagrun for airbyte_to_dbt_pipeline_prod to 2026-08-27 13:00:00+00:00, run_after=2026-08-27 14:00:00+00:00
[2026-08-27T14:04:20.541+0000] {processor.py:208} INFO - Processing /opt/airflow/dags/prod/airbyte_to_dbt_prod.py took 0.147 seconds
[2026-08-27T14:04:50.707+0000] {processor.py:186} INFO - Started process (PID=4016) to work on /opt/airflow/dags/prod/airbyte_to_dbt_prod.py
[2026-08-27T14:04:50.708+0000] {processor.py:914} INFO - Processing file /opt/airflow/dags/prod/airbyte_to_dbt_prod.py for tasks to queue
[2026-08-27T14:04:50.712+0000] {logging_mixin.py:190} INFO - [2026-08-27T14:04:50.711+0000] {dagbag.py:588} INFO - Filling up the DagBag from /opt/airflow/dags/prod/airbyte_to_dbt_prod.py
[2026-08-27T14:04:50.736+0000] {processor.py:925} INFO - DAG(s) 'airbyte_to_dbt_pipeline_prod' retrieved from /opt/airflow/dags/prod/airbyte_to_dbt_prod.py
[2026-08-27T14:04:50.776+0000] {logging_mixin.py:190} INFO - [2026-08-27T14:04:50.776+0000] {dag.py:3239} INFO - Sync 1 DAGs
[2026-08-27T14:04:50.808+0000] {logging_mixin.py:190} INFO - [2026-08-27T14:04:50.807+0000] {dag.py:4180} INFO - Setting next_dagrun for airbyte_to_dbt_pipeline_prod to 2026-08-27 13:00:00+00:00, run_after=2026-08-27 14:00:00+00:00
[2026-08-27T14:04:50.834+0000] {processor.py:208} INFO - Processing /opt/airflow/dags/prod/airbyte_to_dbt_prod.py took 0.135 seconds
[2026-08-27T14:05:21.001+0000] {processor.py:186} INFO - Started process (PID=4026) to work on /opt/airflow/dags/prod/airbyte_to_dbt_prod.py
[2026-08-27T14:05:21.002+0000] {processor.py:914} INFO - Processing file /opt/airflow/dags/prod/airbyte_to_dbt_prod.py for tasks to queue
[2026-08-27T14:05:21.006+0000] {logging_mixin.py:190} INFO - [2026-08-27T14:05:21.005+0000] {dagbag.py:588} INFO - Filling up the DagBag from /opt/airflow/dags/prod/airbyte_to_dbt_prod.py
[2026-08-27T14:05:21.028+0000] {processor.py:925} INFO - DAG(s) 'airbyte_to_dbt_pipeline_prod' retrieved from /opt/airflow/dags/prod/airbyte_to_dbt_prod.py
[2026-08-27T14:05:21.068+0000] {logging_mixin.py:190} INFO - [2026-08-27T14:05:21.067+0000] {dag.py:3239} INFO - Sync 1 DAGs
[2026-08-27T14:05:21.101+0000] {logging_mixin.py:190} INFO - [2026-08-27T14:05:21.101+0000] {dag.py:4180} INFO - Setting next_dagrun for airbyte_to_dbt_pipeline_prod to 2026-08-27 13:00:00+00:00, run_after=2026-08-27 14:00:00+00:00
[2026-08-27T14:05:21.127+0000] {processor.py:208} INFO - Processing /opt/airflow/dags/prod/airbyte_to_dbt_prod.py took 0.135 seconds
[2026-08-27T14:05:51.292+0000] {processor.py:186} INFO - Started process (PID=4036) to work on /opt/airflow/dags/prod/airbyte_to_dbt_prod.py
[2026-08-27T14:05:51.293+0000] {processor.py:914} INFO - Processing file /opt/airflow/dags/prod/airbyte_to_dbt_prod.py for tasks to queue
[2026-08-27T14:05:51.296+0000] {logging_mixin.py:190} INFO - [2026-08-27T14:05:51.296+0000] {dagbag.py:588} INFO - Filling up the DagBag from /opt/airflow/dags/prod/airbyte_to_dbt_prod.py
[2026-08-27T14:05:51.318+0000] {processor.py:925} INFO - DAG(s) 'airbyte_to_dbt_pipeline_prod' retrieved from /opt/airflow/dags/prod/airbyte_to_dbt_prod.py
[2026-08-27T14:05:51.359+0000] {logging_mixin.py:190} INFO - [2026-08-27T14:05:51.358+0000] {dag.py:3239} INFO - Sync 1 DAGs
[2026-08-27T14:05:51.390+0000] {logging_mixin.py:190} INFO - [2026-08-27T14:05:51.390+0000] {dag.py:4180} INFO - Setting next_dagrun for airbyte_to_dbt_pipeline_prod to 2026-08-27 13:00:00+00:00, run_after=2026-08-27 14:00:00+00:00
[2026-08-27T14:05:51.413+0000] {processor.py:208} INFO - Processing /opt/airflow/dags/prod/airbyte_to_dbt_prod.py took 0.130 seconds
[2026-08-27T14:06:21.577+0000] {processor.py:186} INFO - Started process (PID=4046) to work on /opt/airflow/dags/prod/airbyte_to_dbt_prod.py
[2026-08-27T14:06:21.577+0000] {processor.py:914} INFO - Processing file /opt/airflow/dags/prod/airbyte_to_dbt_prod.py for tasks to queue
[2026-08-27T14:06:21.581+0000] {logging_mixin.py:190} INFO - [2026-08-27T14:06:21.580+0000] {dagbag.py:588} INFO - Filling up the DagBag from /opt/airflow/dags/prod/airbyte_to_dbt_prod.py
[2026-08-27T14:06:21.605+0000] {processor.py:925} INFO - DAG(s) 'airbyte_to_dbt_pipeline_prod' retrieved from /opt/airflow/dags/prod/airbyte_to_dbt_prod.py
[2026-08-27T14:06:21.649+0000] {logging_mixin.py:190} INFO - [2026-08-27T14:06:21.648+0000] {dag.py:3239} INFO - Sync 1 DAGs
[2026-08-27T14:06:21.683+0000] {logging_mixin.py:190} INFO - [2026-08-27T14:06:21.683+0000] {dag.py:4180} INFO - Setting next_dagrun for airbyte_to_dbt_pipeline_prod to 2026-08-27 13:00:00+00:00, run_after=2026-08-27 14:00:00+00:00
[2026-08-27T14:06:21.709+0000] {processor.py:208} INFO - Processing /opt/airflow/dags/prod/airbyte_to_dbt_prod.py took 0.142 seconds
[2026-08-27T14:06:51.877+0000] {processor.py:186} INFO - Started process (PID=4056) to work on /opt/airflow/dags/prod/airbyte_to_dbt_prod.py
[2026-08-27T14:06:51.879+0000] {processor.py:914} INFO - Processing file /opt/airflow/dags/prod/airbyte_to_dbt_prod.py for tasks to queue
[2026-08-27T14:06:51.883+0000] {logging_mixin.py:190} INFO - [2026-08-27T14:06:51.883+0000] {dagbag.py:588} INFO - Filling up the DagBag from /opt/airflow/dags/prod/airbyte_to_dbt_prod.py
[2026-08-27T14:06:51.914+0000] {processor.py:925} INFO - DAG(s) 'airbyte_to_dbt_pipeline_prod' retrieved from /opt/airflow/dags/prod/airbyte_to_dbt_prod.py
[2026-08-27T14:06:51.955+0000] {logging_mixin.py:190} INFO - [2026-08-27T14:06:51.954+0000] {dag.py:3239} INFO - Sync 1 DAGs
[2026-08-27T14:06:51.984+0000] {logging_mixin.py:190} INFO - [2026-08-27T14:06:51.984+0000] {dag.py:4180} INFO - Setting next_dagrun for airbyte_to_dbt_pipeline_prod to 2026-08-27 13:00:00+00:00, run_after=2026-08-27 14:00:00+00:00
[2026-08-27T14:06:52.007+0000] {processor.py:208} INFO - Processing /opt/airflow/dags/prod/airbyte_to_dbt_prod.py took 0.143 seconds
[2026-08-27T14:07:22.202+0000] {processor.py:186} INFO - Started process (PID=4066) to work on /opt/airflow/dags/prod/airbyte_to_dbt_prod.py
[2026-08-27T14:07:22.203+0000] {processor.py:914} INFO - Processing file /opt/airflow/dags/prod/airbyte_to_dbt_prod.py for tasks to queue
[2026-08-27T14:07:22.206+0000] {logging_mixin.py:190} INFO - [2026-08-27T14:07:22.206+0000] {dagbag.py:588} INFO - Filling up the DagBag from /opt/airflow/dags/prod/airbyte_to_dbt_prod.py
[2026-08-27T14:07:22.232+0000] {processor.py:925} INFO - DAG(s) 'airbyte_to_dbt_pipeline_prod' retrieved from /opt/airflow/dags/prod/airbyte_to_dbt_prod.py
[2026-08-27T14:07:22.279+0000] {logging_mixin.py:190} INFO - [2026-08-27T14:07:22.279+0000] {dag.py:3239} INFO - Sync 1 DAGs
[2026-08-27T14:07:22.309+0000] {logging_mixin.py:190} INFO - [2026-08-27T14:07:22.309+0000] {dag.py:4180} INFO - Setting next_dagrun for airbyte_to_dbt_pipeline_prod to 2026-08-27 13:00:00+00:00, run_after=2026-08-27 14:00:00+00:00
[2026-08-27T14:07:22.330+0000] {processor.py:208} INFO - Processing /opt/airflow/dags/prod/airbyte_to_dbt_prod.py took 0.137 seconds
[2026-08-27T14:07:52.493+0000] {processor.py:186} INFO - Started process (PID=4076) to work on /opt/airflow/dags/prod/airbyte_to_dbt_prod.py
[2026-08-27T14:07:52.494+0000] {processor.py:914} INFO - Processing file /opt/airflow/dags/prod/airbyte_to_dbt_prod.py for tasks to queue
[2026-08-27T14:07:52.497+0000] {logging_mixin.py:190} INFO - [2026-08-27T14:07:52.496+0000] {dagbag.py:588} INFO - Filling up the DagBag from /opt/airflow/dags/prod/airbyte_to_dbt_prod.py
[2026-08-27T14:07:52.518+0000] {processor.py:925} INFO - DAG(s) 'airbyte_to_dbt_pipeline_prod' retrieved from /opt/airflow/dags/prod/airbyte_to_dbt_prod.py
[2026-08-27T14:07:52.556+0000] {logging_mixin.py:190} INFO - [2026-08-27T14:07:52.556+0000] {dag.py:3239} INFO - Sync 1 DAGs
[2026-08-27T14:07:52.588+0000] {logging_mixin.py:190} INFO - [2026-08-27T14:07:52.587+0000] {dag.py:4180} INFO - Setting next_dagrun for airbyte_to_dbt_pipeline_prod to 2026-08-27 13:00:00+00:00, run_after=2026-08-27 14:00:00+00:00
[2026-08-27T14:07:52.612+0000] {processor.py:208} INFO - Processing /opt/airflow/dags/prod/airbyte_to_dbt_prod.py took 0.127 seconds
[2026-08-27T14:08:22.777+0000] {processor.py:186} INFO - Started process (PID=4086) to work on /opt/airflow/dags/prod/airbyte_to_dbt_prod.py
[2026-08-27T14:08:22.778+0000] {processor.py:914} INFO - Processing file /opt/airflow/dags/prod/airbyte_to_dbt_prod.py for tasks to queue
[2026-08-27T14:08:22.781+0000] {logging_mixin.py:190} INFO - [2026-08-27T14:08:22.781+0000] {dagbag.py:588} INFO - Filling up the DagBag from /opt/airflow/dags/prod/airbyte_to_dbt_prod.py
[2026-08-27T14:08:22.803+0000] {processor.py:925} INFO - DAG(s) 'airbyte_to_dbt_pipeline_prod' retrieved from /opt/airflow/dags/prod/airbyte_to_dbt_prod.py
[2026-08-27T14:08:22.844+0000] {logging_mixin.py:190} INFO - [2026-08-27T14:08:22.844+0000] {dag.py:3239} INFO - Sync 1 DAGs
[2026-08-27T14:08:22.881+0000] {logging_mixin.py:190} INFO - [2026-08-27T14:08:22.880+0000] {dag.py:4180} INFO - Setting next_dagrun for airbyte_to_dbt_pipeline_prod to 2026-08-27 13:00:00+00:00, run_after=2026-08-27 14:00:00+00:00
[2026-08-27T14:08:22.907+0000] {processor.py:208} INFO - Processing /opt/airflow/dags/prod/airbyte_to_dbt_prod.py took 0.138 seconds
[2026-08-27T14:08:53.082+0000] {processor.py:186} INFO - Started process (PID=4096) to work on /opt/airflow/dags/prod/airbyte_to_dbt_prod.py
[2026-08-27T14:08:53.083+0000] {processor.py:914} INFO - Processing file /opt/airflow/dags/prod/airbyte_to_dbt_prod.py for tasks to queue
[2026-08-27T14:08:53.086+0000] {logging_mixin.py:190} INFO - [2026-08-27T14:08:53.085+0000] {dagbag.py:588} INFO - Filling up the DagBag from /opt/airflow/dags/prod/airbyte_to_dbt_prod.py
[2026-08-27T14:08:53.107+0000] {processor.py:925} INFO - DAG(s) 'airbyte_to_dbt_pipeline_prod' retrieved from /opt/airflow/dags/prod/airbyte_to_dbt_prod.py
[2026-08-27T14:08:53.158+0000] {logging_mixin.py:190} INFO - [2026-08-27T14:08:53.157+0000] {dag.py:3239} INFO - Sync 1 DAGs
[2026-08-27T14:08:53.198+0000] {logging_mixin.py:190} INFO - [2026-08-27T14:08:53.198+0000] {dag.py:4180} INFO - Setting next_dagrun for airbyte_to_dbt_pipeline_prod to 2026-08-27 13:00:00+00:00, run_after=2026-08-27 14:00:00+00:00
[2026-08-27T14:08:53.220+0000] {processor.py:208} INFO - Processing /opt/airflow/dags/prod/airbyte_to_dbt_prod.py took 0.147 seconds
[2026-08-27T14:09:23.386+0000] {processor.py:186} INFO - Started process (PID=4106) to work on /opt/airflow/dags/prod/airbyte_to_dbt_prod.py
[2026-08-27T14:09:23.387+0000] {processor.py:914} INFO - Processing file /opt/airflow/dags/prod/airbyte_to_dbt_prod.py for tasks to queue
[2026-08-27T14:09:23.390+0000] {logging_mixin.py:190} INFO - [2026-08-27T14:09:23.390+0000] {dagbag.py:588} INFO - Filling up the DagBag from /opt/airflow/dags/prod/airbyte_to_dbt_prod.py
[2026-08-27T14:09:23.413+0000] {processor.py:925} INFO - DAG(s) 'airbyte_to_dbt_pipeline_prod' retrieved from /opt/airflow/dags/prod/airbyte_to_dbt_prod.py
[2026-08-27T14:09:23.459+0000] {logging_mixin.py:190} INFO - [2026-08-27T14:09:23.458+0000] {dag.py:3239} INFO - Sync 1 DAGs
[2026-08-27T14:09:23.495+0000] {logging_mixin.py:190} INFO - [2026-08-27T14:09:23.495+0000] {dag.py:4180} INFO - Setting next_dagrun for airbyte_to_dbt_pipeline_prod to 2026-08-27 13:00:00+00:00, run_after=2026-08-27 14:00:00+00:00
[2026-08-27T14:09:23.519+0000] {processor.py:208} INFO - Processing /opt/airflow/dags/prod/airbyte_to_dbt_prod.py took 0.142 seconds
[2026-08-27T14:09:53.674+0000] {processor.py:186} INFO - Started process (PID=4116) to work on /opt/airflow/dags/prod/airbyte_to_dbt_prod.py
[2026-08-27T14:09:53.675+0000] {processor.py:914} INFO - Processing file /opt/airflow/dags/prod/airbyte_to_dbt_prod.py for tasks to queue
[2026-08-27T14:09:53.678+0000] {logging_mixin.py:190} INFO - [2026-08-27T14:09:53.677+0000] {dagbag.py:588} INFO - Filling up the DagBag from /opt/airflow/dags/prod/airbyte_to_dbt_prod.py
[2026-08-27T14:09:53.700+0000] {processor.py:925} INFO - DAG(s) 'airbyte_to_dbt_pipeline_prod' retrieved from /opt/airflow/dags/prod/airbyte_to_dbt_prod.py
[2026-08-27T14:09:53.752+0000] {logging_mixin.py:190} INFO - [2026-08-27T14:09:53.751+0000] {dag.py:3239} INFO - Sync 1 DAGs
[2026-08-27T14:09:53.783+0000] {logging_mixin.py:190} INFO - [2026-08-27T14:09:53.783+0000] {dag.py:4180} INFO - Setting next_dagrun for airbyte_to_dbt_pipeline_prod to 2026-08-27 13:00:00+00:00, run_after=2026-08-27 14:00:00+00:00
[2026-08-27T14:09:53.807+0000] {processor.py:208} INFO - Processing /opt/airflow/dags/prod/airbyte_to_dbt_prod.py took 0.141 seconds
[2026-08-27T14:10:23.979+0000] {processor.py:186} INFO - Started process (PID=4126) to work on /opt/airflow/dags/prod/airbyte_to_dbt_prod.py
[2026-08-27T14:10:23.981+0000] {processor.py:914} INFO - Processing file /opt/airflow/dags/prod/airbyte_to_dbt_prod.py for tasks to queue
[2026-08-27T14:10:23.985+0000] {logging_mixin.py:190} INFO - [2026-08-27T14:10:23.985+0000] {dagbag.py:588} INFO - Filling up the DagBag from /opt/airflow/dags/prod/airbyte_to_dbt_prod.py
[2026-08-27T14:10:24.014+0000] {processor.py:925} INFO - DAG(s) 'airbyte_to_dbt_pipeline_prod' retrieved from /opt/airflow/dags/prod/airbyte_to_dbt_prod.py
[2026-08-27T14:10:24.063+0000] {logging_mixin.py:190} INFO - [2026-08-27T14:10:24.063+0000] {dag.py:3239} INFO - Sync 1 DAGs
[2026-08-27T14:10:24.092+0000] {logging_mixin.py:190} INFO - [2026-08-27T14:10:24.091+0000] {dag.py:4180} INFO - Setting next_dagrun for airbyte_to_dbt_pipeline_prod to 2026-08-27 13:00:00+00:00, run_after=2026-08-27 14:00:00+00:00
[2026-08-27T14:10:24.117+0000] {processor.py:208} INFO - Processing /opt/airflow/dags/prod/airbyte_to_dbt_prod.py took 0.149 seconds
[2026-08-27T14:10:54.275+0000] {processor.py:186} INFO - Started process (PID=4136) to work on /opt/airflow/dags/prod/airbyte_to_dbt_prod.py
[2026-08-27T14:10:54.275+0000] {processor.py:914} INFO - Processing file /opt/airflow/dags/prod/airbyte_to_dbt_prod.py for tasks to queue
[2026-08-27T14:10:54.278+0000] {logging_mixin.py:190} INFO - [2026-08-27T14:10:54.278+0000] {dagbag.py:588} INFO - Filling up the DagBag from /opt/airflow/dags/prod/airbyte_to_dbt_prod.py
[2026-08-27T14:10:54.301+0000] {processor.py:925} INFO - DAG(s) 'airbyte_to_dbt_pipeline_prod' retrieved from /opt/airflow/dags/prod/airbyte_to_dbt_prod.py
[2026-08-27T14:10:54.353+0000] {logging_mixin.py:190} INFO - [2026-08-27T14:10:54.353+0000] {dag.py:3239} INFO - Sync 1 DAGs
[2026-08-27T14:10:54.388+0000] {logging_mixin.py:190} INFO - [2026-08-27T14:10:54.388+0000] {dag.py:4180} INFO - Setting next_dagrun for airbyte_to_dbt_pipeline_prod to 2026-08-27 13:00:00+00:00, run_after=2026-08-27 14:00:00+00:00
[2026-08-27T14:10:54.413+0000] {processor.py:208} INFO - Processing /opt/airflow/dags/prod/airbyte_to_dbt_prod.py took 0.149 seconds
[2026-08-27T14:11:24.576+0000] {processor.py:186} INFO - Started process (PID=4146) to work on /opt/airflow/dags/prod/airbyte_to_dbt_prod.py
[2026-08-27T14:11:24.577+0000] {processor.py:914} INFO - Processing file /opt/airflow/dags/prod/airbyte_to_dbt_prod.py for tasks to queue
[2026-08-27T14:11:24.580+0000] {logging_mixin.py:190} INFO - [2026-08-27T14:11:24.580+0000] {dagbag.py:588} INFO - Filling up the DagBag from /opt/airflow/dags/prod/airbyte_to_dbt_prod.py
[2026-08-27T14:11:24.603+0000] {processor.py:925} INFO - DAG(s) 'airbyte_to_dbt_pipeline_prod' retrieved from /opt/airflow/dags/prod/airbyte_to_dbt_prod.py
[2026-08-27T14:11:24.651+0000] {logging_mixin.py:190} INFO - [2026-08-27T14:11:24.651+0000] {dag.py:3239} INFO - Sync 1 DAGs
[2026-08-27T14:11:24.686+0000] {logging_mixin.py:190} INFO - [2026-08-27T14:11:24.686+0000] {dag.py:4180} INFO - Setting next_dagrun for airbyte_to_dbt_pipeline_prod to 2026-08-27 13:00:00+00:00, run_after=2026-08-27 14:00:00+00:00
[2026-08-27T14:11:24.710+0000] {processor.py:208} INFO - Processing /opt/airflow/dags/prod/airbyte_to_dbt_prod.py took 0.144 seconds
[2026-08-27T14:11:54.880+0000] {processor.py:186} INFO - Started process (PID=4156) to work on /opt/airflow/dags/prod/airbyte_to_dbt_prod.py
[2026-08-27T14:11:54.881+0000] {processor.py:914} INFO - Processing file /opt/airflow/dags/prod/airbyte_to_dbt_prod.py for tasks to queue
[2026-08-27T14:11:54.884+0000] {logging_mixin.py:190} INFO - [2026-08-27T14:11:54.883+0000] {dagbag.py:588} INFO - Filling up the DagBag from /opt/airflow/dags/prod/airbyte_to_dbt_prod.py
[2026-08-27T14:11:54.909+0000] {processor.py:925} INFO - DAG(s) 'airbyte_to_dbt_pipeline_prod' retrieved from /opt/airflow/dags/prod/airbyte_to_dbt_prod.py
[2026-08-27T14:11:54.946+0000] {logging_mixin.py:190} INFO - [2026-08-27T14:11:54.946+0000] {dag.py:3239} INFO - Sync 1 DAGs
[2026-08-27T14:11:54.978+0000] {logging_mixin.py:190} INFO - [2026-08-27T14:11:54.977+0000] {dag.py:4180} INFO - Setting next_dagrun for airbyte_to_dbt_pipeline_prod to 2026-08-27 13:00:00+00:00, run_after=2026-08-27 14:00:00+00:00
[2026-08-27T14:11:55.003+0000] {processor.py:208} INFO - Processing /opt/airflow/dags/prod/airbyte_to_dbt_prod.py took 0.132 seconds
[2026-08-27T14:12:25.164+0000] {processor.py:186} INFO - Started process (PID=4166) to work on /opt/airflow/dags/prod/airbyte_to_dbt_prod.py
[2026-08-27T14:12:25.165+0000] {processor.py:914} INFO - Processing file /opt/airflow/dags/prod/airbyte_to_dbt_prod.py for tasks to queue
[2026-08-27T14:12:25.170+0000] {logging_mixin.py:190} INFO - [2026-08-27T14:12:25.169+0000] {dagbag.py:588} INFO - Filling up the DagBag from /opt/airflow/dags/prod/airbyte_to_dbt_prod.py
[2026-08-27T14:12:25.201+0000] {processor.py:925} INFO - DAG(s) 'airbyte_to_dbt_pipeline_prod' retrieved from /opt/airflow/dags/prod/airbyte_to_dbt_prod.py
[2026-08-27T14:12:25.254+0000] {logging_mixin.py:190} INFO - [2026-08-27T14:12:25.254+0000] {dag.py:3239} INFO - Sync 1 DAGs
[2026-08-27T14:12:25.296+0000] {logging_mixin.py:190} INFO - [2026-08-27T14:12:25.295+0000] {dag.py:4180} INFO - Setting next_dagrun for airbyte_to_dbt_pipeline_prod to 2026-08-27 13:00:00+00:00, run_after=2026-08-27 14:00:00+00:00
[2026-08-27T14:12:25.321+0000] {processor.py:208} INFO - Processing /opt/airflow/dags/prod/airbyte_to_dbt_prod.py took 0.169 seconds
[2026-08-27T14:12:55.494+0000] {processor.py:186} INFO - Started process (PID=4176) to work on /opt/airflow/dags/prod/airbyte_to_dbt_prod.py
[2026-08-27T14:12:55.495+0000] {processor.py:914} INFO - Processing file /opt/airflow/dags/prod/airbyte_to_dbt_prod.py for tasks to queue
[2026-08-27T14:12:55.498+0000] {logging_mixin.py:190} INFO - [2026-08-27T14:12:55.498+0000] {dagbag.py:588} INFO - Filling up the DagBag from /opt/airflow/dags/prod/airbyte_to_dbt_prod.py
[2026-08-27T14:12:55.520+0000] {processor.py:925} INFO - DAG(s) 'airbyte_to_dbt_pipeline_prod' retrieved from /opt/airflow/dags/prod/airbyte_to_dbt_prod.py
[2026-08-27T14:12:55.559+0000] {logging_mixin.py:190} INFO - [2026-08-27T14:12:55.559+0000] {dag.py:3239} INFO - Sync 1 DAGs
[2026-08-27T14:12:55.589+0000] {logging_mixin.py:190} INFO - [2026-08-27T14:12:55.589+0000] {dag.py:4180} INFO - Setting next_dagrun for airbyte_to_dbt_pipeline_prod to 2026-08-27 13:00:00+00:00, run_after=2026-08-27 14:00:00+00:00
[2026-08-27T14:12:55.613+0000] {processor.py:208} INFO - Processing /opt/airflow/dags/prod/airbyte_to_dbt_prod.py took 0.126 seconds
[2026-08-27T14:13:25.781+0000] {processor.py:186} INFO - Started process (PID=4186) to work on /opt/airflow/dags/prod/airbyte_to_dbt_prod.py
[2026-08-27T14:13:25.783+0000] {processor.py:914} INFO - Processing file /opt/airflow/dags/prod/airbyte_to_dbt_prod.py for tasks to queue
[2026-08-27T14:13:25.786+0000] {logging_mixin.py:190} INFO - [2026-08-27T14:13:25.785+0000] {dagbag.py:588} INFO - Filling up the DagBag from /opt/airflow/dags/prod/airbyte_to_dbt_prod.py
[2026-08-27T14:13:25.807+0000] {processor.py:925} INFO - DAG(s) 'airbyte_to_dbt_pipeline_prod' retrieved from /opt/airflow/dags/prod/airbyte_to_dbt_prod.py
[2026-08-27T14:13:25.859+0000] {logging_mixin.py:190} INFO - [2026-08-27T14:13:25.859+0000] {dag.py:3239} INFO - Sync 1 DAGs
[2026-08-27T14:13:25.898+0000] {logging_mixin.py:190} INFO - [2026-08-27T14:13:25.898+0000] {dag.py:4180} INFO - Setting next_dagrun for airbyte_to_dbt_pipeline_prod to 2026-08-27 13:00:00+00:00, run_after=2026-08-27 14:00:00+00:00
[2026-08-27T14:13:25.926+0000] {processor.py:208} INFO - Processing /opt/airflow/dags/prod/airbyte_to_dbt_prod.py took 0.154 seconds
[2026-08-27T14:13:56.106+0000] {processor.py:186} INFO - Started process (PID=4196) to work on /opt/airflow/dags/prod/airbyte_to_dbt_prod.py
[2026-08-27T14:13:56.107+0000] {processor.py:914} INFO - Processing file /opt/airflow/dags/prod/airbyte_to_dbt_prod.py for tasks to queue
[2026-08-27T14:13:56.110+0000] {logging_mixin.py:190} INFO - [2026-08-27T14:13:56.109+0000] {dagbag.py:588} INFO - Filling up the DagBag from /opt/airflow/dags/prod/airbyte_to_dbt_prod.py
[2026-08-27T14:13:56.137+0000] {processor.py:925} INFO - DAG(s) 'airbyte_to_dbt_pipeline_prod' retrieved from /opt/airflow/dags/prod/airbyte_to_dbt_prod.py
[2026-08-27T14:13:56.196+0000] {logging_mixin.py:190} INFO - [2026-08-27T14:13:56.195+0000] {dag.py:3239} INFO - Sync 1 DAGs
[2026-08-27T14:13:56.230+0000] {logging_mixin.py:190} INFO - [2026-08-27T14:13:56.229+0000] {dag.py:4180} INFO - Setting next_dagrun for airbyte_to_dbt_pipeline_prod to 2026-08-27 13:00:00+00:00, run_after=2026-08-27 14:00:00+00:00
[2026-08-27T14:13:56.251+0000] {processor.py:208} INFO - Processing /opt/airflow/dags/prod/airbyte_to_dbt_prod.py took 0.154 seconds
[2026-08-27T14:14:26.416+0000] {processor.py:186} INFO - Started process (PID=4206) to work on /opt/airflow/dags/prod/airbyte_to_dbt_prod.py
[2026-08-27T14:14:26.417+0000] {processor.py:914} INFO - Processing file /opt/airflow/dags/prod/airbyte_to_dbt_prod.py for tasks to queue
[2026-08-27T14:14:26.420+0000] {logging_mixin.py:190} INFO - [2026-08-27T14:14:26.419+0000] {dagbag.py:588} INFO - Filling up the DagBag from /opt/airflow/dags/prod/airbyte_to_dbt_prod.py
[2026-08-27T14:14:26.445+0000] {processor.py:925} INFO - DAG(s) 'airbyte_to_dbt_pipeline_prod' retrieved from /opt/airflow/dags/prod/airbyte_to_dbt_prod.py
[2026-08-27T14:14:26.499+0000] {logging_mixin.py:190} INFO - [2026-08-27T14:14:26.498+0000] {dag.py:3239} INFO - Sync 1 DAGs
[2026-08-27T14:14:26.537+0000] {logging_mixin.py:190} INFO - [2026-08-27T14:14:26.537+0000] {dag.py:4180} INFO - Setting next_dagrun for airbyte_to_dbt_pipeline_prod to 2026-08-27 13:00:00+00:00, run_after=2026-08-27 14:00:00+00:00
[2026-08-27T14:14:26.563+0000] {processor.py:208} INFO - Processing /opt/airflow/dags/prod/airbyte_to_dbt_prod.py took 0.156 seconds
[2026-08-27T14:14:56.716+0000] {processor.py:186} INFO - Started process (PID=4216) to work on /opt/airflow/dags/prod/airbyte_to_dbt_prod.py
[2026-08-27T14:14:56.717+0000] {processor.py:914} INFO - Processing file /opt/airflow/dags/prod/airbyte_to_dbt_prod.py for tasks to queue
[2026-08-27T14:14:56.720+0000] {logging_mixin.py:190} INFO - [2026-08-27T14:14:56.720+0000] {dagbag.py:588} INFO - Filling up the DagBag from /opt/airflow/dags/prod/airbyte_to_dbt_prod.py
[2026-08-27T14:14:56.745+0000] {processor.py:925} INFO - DAG(s) 'airbyte_to_dbt_pipeline_prod' retrieved from /opt/airflow/dags/prod/airbyte_to_dbt_prod.py
[2026-08-27T14:14:56.797+0000] {logging_mixin.py:190} INFO - [2026-08-27T14:14:56.797+0000] {dag.py:3239} INFO - Sync 1 DAGs
[2026-08-27T14:14:56.832+0000] {logging_mixin.py:190} INFO - [2026-08-27T14:14:56.831+0000] {dag.py:4180} INFO - Setting next_dagrun for airbyte_to_dbt_pipeline_prod to 2026-08-27 13:00:00+00:00, run_after=2026-08-27 14:00:00+00:00
[2026-08-27T14:14:56.851+0000] {processor.py:208} INFO - Processing /opt/airflow/dags/prod/airbyte_to_dbt_prod.py took 0.144 seconds
[2026-08-27T14:15:27.015+0000] {processor.py:186} INFO - Started process (PID=4226) to work on /opt/airflow/dags/prod/airbyte_to_dbt_prod.py
[2026-08-27T14:15:27.016+0000] {processor.py:914} INFO - Processing file /opt/airflow/dags/prod/airbyte_to_dbt_prod.py for tasks to queue
[2026-08-27T14:15:27.019+0000] {logging_mixin.py:190} INFO - [2026-08-27T14:15:27.019+0000] {dagbag.py:588} INFO - Filling up the DagBag from /opt/airflow/dags/prod/airbyte_to_dbt_prod.py
[2026-08-27T14:15:27.047+0000] {processor.py:925} INFO - DAG(s) 'airbyte_to_dbt_pipeline_prod' retrieved from /opt/airflow/dags/prod/airbyte_to_dbt_prod.py
[2026-08-27T14:15:27.100+0000] {logging_mixin.py:190} INFO - [2026-08-27T14:15:27.100+0000] {dag.py:3239} INFO - Sync 1 DAGs
[2026-08-27T14:15:27.136+0000] {logging_mixin.py:190} INFO - [2026-08-27T14:15:27.135+0000] {dag.py:4180} INFO - Setting next_dagrun for airbyte_to_dbt_pipeline_prod to 2026-08-27 13:00:00+00:00, run_after=2026-08-27 14:00:00+00:00
[2026-08-27T14:15:27.158+0000] {processor.py:208} INFO - Processing /opt/airflow/dags/prod/airbyte_to_dbt_prod.py took 0.151 seconds
[2026-08-27T14:15:57.314+0000] {processor.py:186} INFO - Started process (PID=4236) to work on /opt/airflow/dags/prod/airbyte_to_dbt_prod.py
[2026-08-27T14:15:57.315+0000] {processor.py:914} INFO - Processing file /opt/airflow/dags/prod/airbyte_to_dbt_prod.py for tasks to queue
[2026-08-27T14:15:57.318+0000] {logging_mixin.py:190} INFO - [2026-08-27T14:15:57.317+0000] {dagbag.py:588} INFO - Filling up the DagBag from /opt/airflow/dags/prod/airbyte_to_dbt_prod.py
[2026-08-27T14:15:57.341+0000] {processor.py:925} INFO - DAG(s) 'airbyte_to_dbt_pipeline_prod' retrieved from /opt/airflow/dags/prod/airbyte_to_dbt_prod.py
[2026-08-27T14:15:57.382+0000] {logging_mixin.py:190} INFO - [2026-08-27T14:15:57.381+0000] {dag.py:3239} INFO - Sync 1 DAGs
[2026-08-27T14:15:57.417+0000] {logging_mixin.py:190} INFO - [2026-08-27T14:15:57.417+0000] {dag.py:4180} INFO - Setting next_dagrun for airbyte_to_dbt_pipeline_prod to 2026-08-27 13:00:00+00:00, run_after=2026-08-27 14:00:00+00:00
[2026-08-27T14:15:57.441+0000] {processor.py:208} INFO - Processing /opt/airflow/dags/prod/airbyte_to_dbt_prod.py took 0.136 seconds
[2026-08-27T14:16:27.603+0000] {processor.py:186} INFO - Started process (PID=4246) to work on /opt/airflow/dags/prod/airbyte_to_dbt_prod.py
[2026-08-27T14:16:27.604+0000] {processor.py:914} INFO - Processing file /opt/airflow/dags/prod/airbyte_to_dbt_prod.py for tasks to queue
[2026-08-27T14:16:27.607+0000] {logging_mixin.py:190} INFO - [2026-08-27T14:16:27.607+0000] {dagbag.py:588} INFO - Filling up the DagBag from /opt/airflow/dags/prod/airbyte_to_dbt_prod.py
[2026-08-27T14:16:27.630+0000] {processor.py:925} INFO - DAG(s) 'airbyte_to_dbt_pipeline_prod' retrieved from /opt/airflow/dags/prod/airbyte_to_dbt_prod.py
[2026-08-27T14:16:27.669+0000] {logging_mixin.py:190} INFO - [2026-08-27T14:16:27.669+0000] {dag.py:3239} INFO - Sync 1 DAGs
[2026-08-27T14:16:27.704+0000] {logging_mixin.py:190} INFO - [2026-08-27T14:16:27.703+0000] {dag.py:4180} INFO - Setting next_dagrun for airbyte_to_dbt_pipeline_prod to 2026-08-27 13:00:00+00:00, run_after=2026-08-27 14:00:00+00:00
[2026-08-27T14:16:27.728+0000] {processor.py:208} INFO - Processing /opt/airflow/dags/prod/airbyte_to_dbt_prod.py took 0.135 seconds
[2026-08-27T14:16:57.890+0000] {processor.py:186} INFO - Started process (PID=4256) to work on /opt/airflow/dags/prod/airbyte_to_dbt_prod.py
[2026-08-27T14:16:57.891+0000] {processor.py:914} INFO - Processing file /opt/airflow/dags/prod/airbyte_to_dbt_prod.py for tasks to queue
[2026-08-27T14:16:57.894+0000] {logging_mixin.py:190} INFO - [2026-08-27T14:16:57.894+0000] {dagbag.py:588} INFO - Filling up the DagBag from /opt/airflow/dags/prod/airbyte_to_dbt_prod.py
[2026-08-27T14:16:57.916+0000] {processor.py:925} INFO - DAG(s) 'airbyte_to_dbt_pipeline_prod' retrieved from /opt/airflow/dags/prod/airbyte_to_dbt_prod.py
[2026-08-27T14:16:57.956+0000] {logging_mixin.py:190} INFO - [2026-08-27T14:16:57.956+0000] {dag.py:3239} INFO - Sync 1 DAGs
[2026-08-27T14:16:57.997+0000] {logging_mixin.py:190} INFO - [2026-08-27T14:16:57.997+0000] {dag.py:4180} INFO - Setting next_dagrun for airbyte_to_dbt_pipeline_prod to 2026-08-27 13:00:00+00:00, run_after=2026-08-27 14:00:00+00:00
[2026-08-27T14:16:58.019+0000] {processor.py:208} INFO - Processing /opt/airflow/dags/prod/airbyte_to_dbt_prod.py took 0.138 seconds
[2026-08-27T14:17:28.207+0000] {processor.py:186} INFO - Started process (PID=4266) to work on /opt/airflow/dags/prod/airbyte_to_dbt_prod.py
[2026-08-27T14:17:28.208+0000] {processor.py:914} INFO - Processing file /opt/airflow/dags/prod/airbyte_to_dbt_prod.py for tasks to queue
[2026-08-27T14:17:28.212+0000] {logging_mixin.py:190} INFO - [2026-08-27T14:17:28.212+0000] {dagbag.py:588} INFO - Filling up the DagBag from /opt/airflow/dags/prod/airbyte_to_dbt_prod.py
[2026-08-27T14:17:28.242+0000] {processor.py:925} INFO - DAG(s) 'airbyte_to_dbt_pipeline_prod' retrieved from /opt/airflow/dags/prod/airbyte_to_dbt_prod.py
[2026-08-27T14:17:28.290+0000] {logging_mixin.py:190} INFO - [2026-08-27T14:17:28.290+0000] {dag.py:3239} INFO - Sync 1 DAGs
[2026-08-27T14:17:28.324+0000] {logging_mixin.py:190} INFO - [2026-08-27T14:17:28.324+0000] {dag.py:4180} INFO - Setting next_dagrun for airbyte_to_dbt_pipeline_prod to 2026-08-27 13:00:00+00:00, run_after=2026-08-27 14:00:00+00:00
[2026-08-27T14:17:28.349+0000] {processor.py:208} INFO - Processing /opt/airflow/dags/prod/airbyte_to_dbt_prod.py took 0.154 seconds
[2026-08-27T14:17:58.515+0000] {processor.py:186} INFO - Started process (PID=4276) to work on /opt/airflow/dags/prod/airbyte_to_dbt_prod.py
[2026-08-27T14:17:58.516+0000] {processor.py:914} INFO - Processing file /opt/airflow/dags/prod/airbyte_to_dbt_prod.py for tasks to queue
[2026-08-27T14:17:58.519+0000] {logging_mixin.py:190} INFO - [2026-08-27T14:17:58.518+0000] {dagbag.py:588} INFO - Filling up the DagBag from /opt/airflow/dags/prod/airbyte_to_dbt_prod.py
[2026-08-27T14:17:58.543+0000] {processor.py:925} INFO - DAG(s) 'airbyte_to_dbt_pipeline_prod' retrieved from /opt/airflow/dags/prod/airbyte_to_dbt_prod.py
[2026-08-27T14:17:58.583+0000] {logging_mixin.py:190} INFO - [2026-08-27T14:17:58.583+0000] {dag.py:3239} INFO - Sync 1 DAGs
[2026-08-27T14:17:58.622+0000] {logging_mixin.py:190} INFO - [2026-08-27T14:17:58.622+0000] {dag.py:4180} INFO - Setting next_dagrun for airbyte_to_dbt_pipeline_prod to 2026-08-27 13:00:00+00:00, run_after=2026-08-27 14:00:00+00:00
[2026-08-27T14:17:58.645+0000] {processor.py:208} INFO - Processing /opt/airflow/dags/prod/airbyte_to_dbt_prod.py took 0.140 seconds
[2026-08-27T14:18:28.809+0000] {processor.py:186} INFO - Started process (PID=4286) to work on /opt/airflow/dags/prod/airbyte_to_dbt_prod.py
[2026-08-27T14:18:28.810+0000] {processor.py:914} INFO - Processing file /opt/airflow/dags/prod/airbyte_to_dbt_prod.py for tasks to queue
[2026-08-27T14:18:28.813+0000] {logging_mixin.py:190} INFO - [2026-08-27T14:18:28.813+0000] {dagbag.py:588} INFO - Filling up the DagBag from /opt/airflow/dags/prod/airbyte_to_dbt_prod.py
[2026-08-27T14:18:28.834+0000] {processor.py:925} INFO - DAG(s) 'airbyte_to_dbt_pipeline_prod' retrieved from /opt/airflow/dags/prod/airbyte_to_dbt_prod.py
[2026-08-27T14:18:28.873+0000] {logging_mixin.py:190} INFO - [2026-08-27T14:18:28.873+0000] {dag.py:3239} INFO - Sync 1 DAGs
[2026-08-27T14:18:28.910+0000] {logging_mixin.py:190} INFO - [2026-08-27T14:18:28.910+0000] {dag.py:4180} INFO - Setting next_dagrun for airbyte_to_dbt_pipeline_prod to 2026-08-27 13:00:00+00:00, run_after=2026-08-27 14:00:00+00:00
[2026-08-27T14:18:28.933+0000] {processor.py:208} INFO - Processing /opt/airflow/dags/prod/airbyte_to_dbt_prod.py took 0.133 seconds
[2026-08-27T14:18:59.103+0000] {processor.py:186} INFO - Started process (PID=4296) to work on /opt/airflow/dags/prod/airbyte_to_dbt_prod.py
[2026-08-27T14:18:59.104+0000] {processor.py:914} INFO - Processing file /opt/airflow/dags/prod/airbyte_to_dbt_prod.py for tasks to queue
[2026-08-27T14:18:59.109+0000] {logging_mixin.py:190} INFO - [2026-08-27T14:18:59.108+0000] {dagbag.py:588} INFO - Filling up the DagBag from /opt/airflow/dags/prod/airbyte_to_dbt_prod.py
[2026-08-27T14:18:59.138+0000] {processor.py:925} INFO - DAG(s) 'airbyte_to_dbt_pipeline_prod' retrieved from /opt/airflow/dags/prod/airbyte_to_dbt_prod.py
[2026-08-27T14:18:59.194+0000] {logging_mixin.py:190} INFO - [2026-08-27T14:18:59.193+0000] {dag.py:3239} INFO - Sync 1 DAGs
[2026-08-27T14:18:59.237+0000] {logging_mixin.py:190} INFO - [2026-08-27T14:18:59.237+0000] {dag.py:4180} INFO - Setting next_dagrun for airbyte_to_dbt_pipeline_prod to 2026-08-27 13:00:00+00:00, run_after=2026-08-27 14:00:00+00:00
[2026-08-27T14:18:59.260+0000] {processor.py:208} INFO - Processing /opt/airflow/dags/prod/airbyte_to_dbt_prod.py took 0.169 seconds
[2026-08-27T14:19:29.433+0000] {processor.py:186} INFO - Started process (PID=4306) to work on /opt/airflow/dags/prod/airbyte_to_dbt_prod.py
[2026-08-27T14:19:29.435+0000] {processor.py:914} INFO - Processing file /opt/airflow/dags/prod/airbyte_to_dbt_prod.py for tasks to queue
[2026-08-27T14:19:29.438+0000] {logging_mixin.py:190} INFO - [2026-08-27T14:19:29.437+0000] {dagbag.py:588} INFO - Filling up the DagBag from /opt/airflow/dags/prod/airbyte_to_dbt_prod.py
[2026-08-27T14:19:29.466+0000] {processor.py:925} INFO - DAG(s) 'airbyte_to_dbt_pipeline_prod' retrieved from /opt/airflow/dags/prod/airbyte_to_dbt_prod.py
[2026-08-27T14:19:29.506+0000] {logging_mixin.py:190} INFO - [2026-08-27T14:19:29.506+0000] {dag.py:3239} INFO - Sync 1 DAGs
[2026-08-27T14:19:29.541+0000] {logging_mixin.py:190} INFO - [2026-08-27T14:19:29.541+0000] {dag.py:4180} INFO - Setting next_dagrun for airbyte_to_dbt_pipeline_prod to 2026-08-27 13:00:00+00:00, run_after=2026-08-27 14:00:00+00:00
[2026-08-27T14:19:29.566+0000] {processor.py:208} INFO - Processing /opt/airflow/dags/prod/airbyte_to_dbt_prod.py took 0.140 seconds
[2026-08-27T14:19:59.738+0000] {processor.py:186} INFO - Started process (PID=4316) to work on /opt/airflow/dags/prod/airbyte_to_dbt_prod.py
[2026-08-27T14:19:59.739+0000] {processor.py:914} INFO - Processing file /opt/airflow/dags/prod/airbyte_to_dbt_prod.py for tasks to queue
[2026-08-27T14:19:59.743+0000] {logging_mixin.py:190} INFO - [2026-08-27T14:19:59.742+0000] {dagbag.py:588} INFO - Filling up the DagBag from /opt/airflow/dags/prod/airbyte_to_dbt_prod.py
[2026-08-27T14:19:59.768+0000] {processor.py:925} INFO - DAG(s) 'airbyte_to_dbt_pipeline_prod' retrieved from /opt/airflow/dags/prod/airbyte_to_dbt_prod.py
[2026-08-27T14:19:59.810+0000] {logging_mixin.py:190} INFO - [2026-08-27T14:19:59.810+0000] {dag.py:3239} INFO - Sync 1 DAGs
[2026-08-27T14:19:59.846+0000] {logging_mixin.py:190} INFO - [2026-08-27T14:19:59.846+0000] {dag.py:4180} INFO - Setting next_dagrun for airbyte_to_dbt_pipeline_prod to 2026-08-27 13:00:00+00:00, run_after=2026-08-27 14:00:00+00:00
[2026-08-27T14:19:59.870+0000] {processor.py:208} INFO - Processing /opt/airflow/dags/prod/airbyte_to_dbt_prod.py took 0.142 seconds
[2026-08-27T14:20:30.028+0000] {processor.py:186} INFO - Started process (PID=4326) to work on /opt/airflow/dags/prod/airbyte_to_dbt_prod.py
[2026-08-27T14:20:30.030+0000] {processor.py:914} INFO - Processing file /opt/airflow/dags/prod/airbyte_to_dbt_prod.py for tasks to queue
[2026-08-27T14:20:30.033+0000] {logging_mixin.py:190} INFO - [2026-08-27T14:20:30.033+0000] {dagbag.py:588} INFO - Filling up the DagBag from /opt/airflow/dags/prod/airbyte_to_dbt_prod.py
[2026-08-27T14:20:30.055+0000] {processor.py:925} INFO - DAG(s) 'airbyte_to_dbt_pipeline_prod' retrieved from /opt/airflow/dags/prod/airbyte_to_dbt_prod.py
[2026-08-27T14:20:30.108+0000] {logging_mixin.py:190} INFO - [2026-08-27T14:20:30.108+0000] {dag.py:3239} INFO - Sync 1 DAGs
[2026-08-27T14:20:30.149+0000] {logging_mixin.py:190} INFO - [2026-08-27T14:20:30.149+0000] {dag.py:4180} INFO - Setting next_dagrun for airbyte_to_dbt_pipeline_prod to 2026-08-27 13:00:00+00:00, run_after=2026-08-27 14:00:00+00:00
[2026-08-27T14:20:30.175+0000] {processor.py:208} INFO - Processing /opt/airflow/dags/prod/airbyte_to_dbt_prod.py took 0.157 seconds
[2026-08-27T14:21:00.344+0000] {processor.py:186} INFO - Started process (PID=4336) to work on /opt/airflow/dags/prod/airbyte_to_dbt_prod.py
[2026-08-27T14:21:00.345+0000] {processor.py:914} INFO - Processing file /opt/airflow/dags/prod/airbyte_to_dbt_prod.py for tasks to queue
[2026-08-27T14:21:00.349+0000] {logging_mixin.py:190} INFO - [2026-08-27T14:21:00.348+0000] {dagbag.py:588} INFO - Filling up the DagBag from /opt/airflow/dags/prod/airbyte_to_dbt_prod.py
[2026-08-27T14:21:00.382+0000] {processor.py:925} INFO - DAG(s) 'airbyte_to_dbt_pipeline_prod' retrieved from /opt/airflow/dags/prod/airbyte_to_dbt_prod.py
[2026-08-27T14:21:00.433+0000] {logging_mixin.py:190} INFO - [2026-08-27T14:21:00.432+0000] {dag.py:3239} INFO - Sync 1 DAGs
[2026-08-27T14:21:00.468+0000] {logging_mixin.py:190} INFO - [2026-08-27T14:21:00.468+0000] {dag.py:4180} INFO - Setting next_dagrun for airbyte_to_dbt_pipeline_prod to 2026-08-27 13:00:00+00:00, run_after=2026-08-27 14:00:00+00:00
[2026-08-27T14:21:00.492+0000] {processor.py:208} INFO - Processing /opt/airflow/dags/prod/airbyte_to_dbt_prod.py took 0.158 seconds
[2026-08-27T14:21:30.667+0000] {processor.py:186} INFO - Started process (PID=4346) to work on /opt/airflow/dags/prod/airbyte_to_dbt_prod.py
[2026-08-27T14:21:30.669+0000] {processor.py:914} INFO - Processing file /opt/airflow/dags/prod/airbyte_to_dbt_prod.py for tasks to queue
[2026-08-27T14:21:30.675+0000] {logging_mixin.py:190} INFO - [2026-08-27T14:21:30.674+0000] {dagbag.py:588} INFO - Filling up the DagBag from /opt/airflow/dags/prod/airbyte_to_dbt_prod.py
[2026-08-27T14:21:30.716+0000] {processor.py:925} INFO - DAG(s) 'airbyte_to_dbt_pipeline_prod' retrieved from /opt/airflow/dags/prod/airbyte_to_dbt_prod.py
[2026-08-27T14:21:30.763+0000] {logging_mixin.py:190} INFO - [2026-08-27T14:21:30.762+0000] {dag.py:3239} INFO - Sync 1 DAGs
[2026-08-27T14:21:30.796+0000] {logging_mixin.py:190} INFO - [2026-08-27T14:21:30.795+0000] {dag.py:4180} INFO - Setting next_dagrun for airbyte_to_dbt_pipeline_prod to 2026-08-27 13:00:00+00:00, run_after=2026-08-27 14:00:00+00:00
[2026-08-27T14:21:30.819+0000] {processor.py:208} INFO - Processing /opt/airflow/dags/prod/airbyte_to_dbt_prod.py took 0.164 seconds
[2026-08-27T14:22:01.018+0000] {processor.py:186} INFO - Started process (PID=4356) to work on /opt/airflow/dags/prod/airbyte_to_dbt_prod.py
[2026-08-27T14:22:01.022+0000] {processor.py:914} INFO - Processing file /opt/airflow/dags/prod/airbyte_to_dbt_prod.py for tasks to queue
[2026-08-27T14:22:01.029+0000] {logging_mixin.py:190} INFO - [2026-08-27T14:22:01.028+0000] {dagbag.py:588} INFO - Filling up the DagBag from /opt/airflow/dags/prod/airbyte_to_dbt_prod.py
[2026-08-27T14:22:01.083+0000] {processor.py:925} INFO - DAG(s) 'airbyte_to_dbt_pipeline_prod' retrieved from /opt/airflow/dags/prod/airbyte_to_dbt_prod.py
[2026-08-27T14:22:01.164+0000] {logging_mixin.py:190} INFO - [2026-08-27T14:22:01.163+0000] {dag.py:3239} INFO - Sync 1 DAGs
[2026-08-27T14:22:01.242+0000] {logging_mixin.py:190} INFO - [2026-08-27T14:22:01.242+0000] {dag.py:4180} INFO - Setting next_dagrun for airbyte_to_dbt_pipeline_prod to 2026-08-27 13:00:00+00:00, run_after=2026-08-27 14:00:00+00:00
[2026-08-27T14:22:01.277+0000] {processor.py:208} INFO - Processing /opt/airflow/dags/prod/airbyte_to_dbt_prod.py took 0.274 seconds
[2026-08-27T14:22:31.488+0000] {processor.py:186} INFO - Started process (PID=4366) to work on /opt/airflow/dags/prod/airbyte_to_dbt_prod.py
[2026-08-27T14:22:31.490+0000] {processor.py:914} INFO - Processing file /opt/airflow/dags/prod/airbyte_to_dbt_prod.py for tasks to queue
[2026-08-27T14:22:31.494+0000] {logging_mixin.py:190} INFO - [2026-08-27T14:22:31.493+0000] {dagbag.py:588} INFO - Filling up the DagBag from /opt/airflow/dags/prod/airbyte_to_dbt_prod.py
[2026-08-27T14:22:31.541+0000] {processor.py:925} INFO - DAG(s) 'airbyte_to_dbt_pipeline_prod' retrieved from /opt/airflow/dags/prod/airbyte_to_dbt_prod.py
[2026-08-27T14:22:31.616+0000] {logging_mixin.py:190} INFO - [2026-08-27T14:22:31.615+0000] {dag.py:3239} INFO - Sync 1 DAGs
[2026-08-27T14:22:31.676+0000] {logging_mixin.py:190} INFO - [2026-08-27T14:22:31.676+0000] {dag.py:4180} INFO - Setting next_dagrun for airbyte_to_dbt_pipeline_prod to 2026-08-27 13:00:00+00:00, run_after=2026-08-27 14:00:00+00:00
[2026-08-27T14:22:31.721+0000] {processor.py:208} INFO - Processing /opt/airflow/dags/prod/airbyte_to_dbt_prod.py took 0.260 seconds
[2026-08-27T14:23:01.906+0000] {processor.py:186} INFO - Started process (PID=4376) to work on /opt/airflow/dags/prod/airbyte_to_dbt_prod.py
[2026-08-27T14:23:01.907+0000] {processor.py:914} INFO - Processing file /opt/airflow/dags/prod/airbyte_to_dbt_prod.py for tasks to queue
[2026-08-27T14:23:01.912+0000] {logging_mixin.py:190} INFO - [2026-08-27T14:23:01.911+0000] {dagbag.py:588} INFO - Filling up the DagBag from /opt/airflow/dags/prod/airbyte_to_dbt_prod.py
[2026-08-27T14:23:01.945+0000] {processor.py:925} INFO - DAG(s) 'airbyte_to_dbt_pipeline_prod' retrieved from /opt/airflow/dags/prod/airbyte_to_dbt_prod.py
[2026-08-27T14:23:01.997+0000] {logging_mixin.py:190} INFO - [2026-08-27T14:23:01.996+0000] {dag.py:3239} INFO - Sync 1 DAGs
[2026-08-27T14:23:02.031+0000] {logging_mixin.py:190} INFO - [2026-08-27T14:23:02.031+0000] {dag.py:4180} INFO - Setting next_dagrun for airbyte_to_dbt_pipeline_prod to 2026-08-27 13:00:00+00:00, run_after=2026-08-27 14:00:00+00:00
[2026-08-27T14:23:02.059+0000] {processor.py:208} INFO - Processing /opt/airflow/dags/prod/airbyte_to_dbt_prod.py took 0.164 seconds
[2026-08-27T14:23:32.221+0000] {processor.py:186} INFO - Started process (PID=4386) to work on /opt/airflow/dags/prod/airbyte_to_dbt_prod.py
[2026-08-27T14:23:32.223+0000] {processor.py:914} INFO - Processing file /opt/airflow/dags/prod/airbyte_to_dbt_prod.py for tasks to queue
[2026-08-27T14:23:32.226+0000] {logging_mixin.py:190} INFO - [2026-08-27T14:23:32.225+0000] {dagbag.py:588} INFO - Filling up the DagBag from /opt/airflow/dags/prod/airbyte_to_dbt_prod.py
[2026-08-27T14:23:32.255+0000] {processor.py:925} INFO - DAG(s) 'airbyte_to_dbt_pipeline_prod' retrieved from /opt/airflow/dags/prod/airbyte_to_dbt_prod.py
[2026-08-27T14:23:32.305+0000] {logging_mixin.py:190} INFO - [2026-08-27T14:23:32.305+0000] {dag.py:3239} INFO - Sync 1 DAGs
[2026-08-27T14:23:32.342+0000] {logging_mixin.py:190} INFO - [2026-08-27T14:23:32.342+0000] {dag.py:4180} INFO - Setting next_dagrun for airbyte_to_dbt_pipeline_prod to 2026-08-27 13:00:00+00:00, run_after=2026-08-27 14:00:00+00:00
[2026-08-27T14:23:32.368+0000] {processor.py:208} INFO - Processing /opt/airflow/dags/prod/airbyte_to_dbt_prod.py took 0.155 seconds
[2026-08-27T15:25:11.731+0000] {processor.py:186} INFO - Started process (PID=4396) to work on /opt/airflow/dags/prod/airbyte_to_dbt_prod.py
[2026-08-27T15:25:11.744+0000] {processor.py:914} INFO - Processing file /opt/airflow/dags/prod/airbyte_to_dbt_prod.py for tasks to queue
[2026-08-27T15:25:11.788+0000] {logging_mixin.py:190} INFO - [2026-08-27T15:25:11.754+0000] {dagbag.py:588} INFO - Filling up the DagBag from /opt/airflow/dags/prod/airbyte_to_dbt_prod.py
[2026-08-27T15:25:11.899+0000] {processor.py:925} INFO - DAG(s) 'airbyte_to_dbt_pipeline_prod' retrieved from /opt/airflow/dags/prod/airbyte_to_dbt_prod.py
[2026-08-27T15:25:12.265+0000] {logging_mixin.py:190} INFO - [2026-08-27T15:25:12.265+0000] {dag.py:3239} INFO - Sync 1 DAGs
[2026-08-27T15:25:12.307+0000] {logging_mixin.py:190} INFO - [2026-08-27T15:25:12.306+0000] {dag.py:4180} INFO - Setting next_dagrun for airbyte_to_dbt_pipeline_prod to 2026-08-27 14:00:00+00:00, run_after=2026-08-27 15:00:00+00:00
[2026-08-27T15:25:12.346+0000] {processor.py:208} INFO - Processing /opt/airflow/dags/prod/airbyte_to_dbt_prod.py took 0.672 seconds
[2026-08-27T15:25:42.851+0000] {processor.py:186} INFO - Started process (PID=4404) to work on /opt/airflow/dags/prod/airbyte_to_dbt_prod.py
[2026-08-27T15:25:42.858+0000] {processor.py:914} INFO - Processing file /opt/airflow/dags/prod/airbyte_to_dbt_prod.py for tasks to queue
[2026-08-27T15:25:43.015+0000] {logging_mixin.py:190} INFO - [2026-08-27T15:25:42.999+0000] {dagbag.py:588} INFO - Filling up the DagBag from /opt/airflow/dags/prod/airbyte_to_dbt_prod.py
[2026-08-27T15:25:44.176+0000] {processor.py:925} INFO - DAG(s) 'airbyte_to_dbt_pipeline_prod' retrieved from /opt/airflow/dags/prod/airbyte_to_dbt_prod.py
[2026-08-27T15:25:51.235+0000] {logging_mixin.py:190} INFO - [2026-08-27T15:25:51.234+0000] {dag.py:3239} INFO - Sync 1 DAGs
[2026-08-27T15:25:56.493+0000] {logging_mixin.py:190} INFO - [2026-08-27T15:25:56.487+0000] {dag.py:4180} INFO - Setting next_dagrun for airbyte_to_dbt_pipeline_prod to 2026-08-27 14:00:00+00:00, run_after=2026-08-27 15:00:00+00:00
[2026-08-27T15:25:56.549+0000] {processor.py:208} INFO - Processing /opt/airflow/dags/prod/airbyte_to_dbt_prod.py took 13.826 seconds
[2026-08-27T15:26:26.724+0000] {processor.py:186} INFO - Started process (PID=4416) to work on /opt/airflow/dags/prod/airbyte_to_dbt_prod.py
[2026-08-27T15:26:26.725+0000] {processor.py:914} INFO - Processing file /opt/airflow/dags/prod/airbyte_to_dbt_prod.py for tasks to queue
[2026-08-27T15:26:26.731+0000] {logging_mixin.py:190} INFO - [2026-08-27T15:26:26.730+0000] {dagbag.py:588} INFO - Filling up the DagBag from /opt/airflow/dags/prod/airbyte_to_dbt_prod.py
[2026-08-27T15:26:26.774+0000] {processor.py:925} INFO - DAG(s) 'airbyte_to_dbt_pipeline_prod' retrieved from /opt/airflow/dags/prod/airbyte_to_dbt_prod.py
[2026-08-27T15:26:26.845+0000] {logging_mixin.py:190} INFO - [2026-08-27T15:26:26.845+0000] {dag.py:3239} INFO - Sync 1 DAGs
[2026-08-27T15:26:26.922+0000] {logging_mixin.py:190} INFO - [2026-08-27T15:26:26.922+0000] {dag.py:4180} INFO - Setting next_dagrun for airbyte_to_dbt_pipeline_prod to 2026-08-27 14:00:00+00:00, run_after=2026-08-27 15:00:00+00:00
[2026-08-27T15:26:26.966+0000] {processor.py:208} INFO - Processing /opt/airflow/dags/prod/airbyte_to_dbt_prod.py took 0.259 seconds
[2026-08-27T15:26:57.349+0000] {processor.py:186} INFO - Started process (PID=4424) to work on /opt/airflow/dags/prod/airbyte_to_dbt_prod.py
[2026-08-27T15:26:57.353+0000] {processor.py:914} INFO - Processing file /opt/airflow/dags/prod/airbyte_to_dbt_prod.py for tasks to queue
[2026-08-27T15:26:57.381+0000] {logging_mixin.py:190} INFO - [2026-08-27T15:26:57.377+0000] {dagbag.py:588} INFO - Filling up the DagBag from /opt/airflow/dags/prod/airbyte_to_dbt_prod.py
[2026-08-27T15:26:57.501+0000] {processor.py:925} INFO - DAG(s) 'airbyte_to_dbt_pipeline_prod' retrieved from /opt/airflow/dags/prod/airbyte_to_dbt_prod.py
[2026-08-27T15:26:57.739+0000] {logging_mixin.py:190} INFO - [2026-08-27T15:26:57.739+0000] {dag.py:3239} INFO - Sync 1 DAGs
[2026-08-27T15:26:57.874+0000] {logging_mixin.py:190} INFO - [2026-08-27T15:26:57.874+0000] {dag.py:4180} INFO - Setting next_dagrun for airbyte_to_dbt_pipeline_prod to 2026-08-27 14:00:00+00:00, run_after=2026-08-27 15:00:00+00:00
[2026-08-27T15:26:57.956+0000] {processor.py:208} INFO - Processing /opt/airflow/dags/prod/airbyte_to_dbt_prod.py took 0.701 seconds
[2026-08-27T15:27:28.271+0000] {processor.py:186} INFO - Started process (PID=4436) to work on /opt/airflow/dags/prod/airbyte_to_dbt_prod.py
[2026-08-27T15:27:28.272+0000] {processor.py:914} INFO - Processing file /opt/airflow/dags/prod/airbyte_to_dbt_prod.py for tasks to queue
[2026-08-27T15:27:28.277+0000] {logging_mixin.py:190} INFO - [2026-08-27T15:27:28.276+0000] {dagbag.py:588} INFO - Filling up the DagBag from /opt/airflow/dags/prod/airbyte_to_dbt_prod.py
[2026-08-27T15:27:28.306+0000] {processor.py:925} INFO - DAG(s) 'airbyte_to_dbt_pipeline_prod' retrieved from /opt/airflow/dags/prod/airbyte_to_dbt_prod.py
[2026-08-27T15:27:28.363+0000] {logging_mixin.py:190} INFO - [2026-08-27T15:27:28.362+0000] {dag.py:3239} INFO - Sync 1 DAGs
[2026-08-27T15:27:28.405+0000] {logging_mixin.py:190} INFO - [2026-08-27T15:27:28.404+0000] {dag.py:4180} INFO - Setting next_dagrun for airbyte_to_dbt_pipeline_prod to 2026-08-27 14:00:00+00:00, run_after=2026-08-27 15:00:00+00:00
[2026-08-27T15:27:28.431+0000] {processor.py:208} INFO - Processing /opt/airflow/dags/prod/airbyte_to_dbt_prod.py took 0.170 seconds
[2026-08-27T15:27:58.613+0000] {processor.py:186} INFO - Started process (PID=4446) to work on /opt/airflow/dags/prod/airbyte_to_dbt_prod.py
[2026-08-27T15:27:58.615+0000] {processor.py:914} INFO - Processing file /opt/airflow/dags/prod/airbyte_to_dbt_prod.py for tasks to queue
[2026-08-27T15:27:58.618+0000] {logging_mixin.py:190} INFO - [2026-08-27T15:27:58.617+0000] {dagbag.py:588} INFO - Filling up the DagBag from /opt/airflow/dags/prod/airbyte_to_dbt_prod.py
[2026-08-27T15:27:58.644+0000] {processor.py:925} INFO - DAG(s) 'airbyte_to_dbt_pipeline_prod' retrieved from /opt/airflow/dags/prod/airbyte_to_dbt_prod.py
[2026-08-27T15:27:58.706+0000] {logging_mixin.py:190} INFO - [2026-08-27T15:27:58.706+0000] {dag.py:3239} INFO - Sync 1 DAGs
[2026-08-27T15:27:58.771+0000] {logging_mixin.py:190} INFO - [2026-08-27T15:27:58.770+0000] {dag.py:4180} INFO - Setting next_dagrun for airbyte_to_dbt_pipeline_prod to 2026-08-27 14:00:00+00:00, run_after=2026-08-27 15:00:00+00:00
[2026-08-27T15:27:58.833+0000] {processor.py:208} INFO - Processing /opt/airflow/dags/prod/airbyte_to_dbt_prod.py took 0.230 seconds
[2026-08-27T15:28:28.992+0000] {processor.py:186} INFO - Started process (PID=4456) to work on /opt/airflow/dags/prod/airbyte_to_dbt_prod.py
[2026-08-27T15:28:28.993+0000] {processor.py:914} INFO - Processing file /opt/airflow/dags/prod/airbyte_to_dbt_prod.py for tasks to queue
[2026-08-27T15:28:28.996+0000] {logging_mixin.py:190} INFO - [2026-08-27T15:28:28.995+0000] {dagbag.py:588} INFO - Filling up the DagBag from /opt/airflow/dags/prod/airbyte_to_dbt_prod.py
[2026-08-27T15:28:29.023+0000] {processor.py:925} INFO - DAG(s) 'airbyte_to_dbt_pipeline_prod' retrieved from /opt/airflow/dags/prod/airbyte_to_dbt_prod.py
[2026-08-27T15:28:29.081+0000] {logging_mixin.py:190} INFO - [2026-08-27T15:28:29.081+0000] {dag.py:3239} INFO - Sync 1 DAGs
[2026-08-27T15:28:29.134+0000] {logging_mixin.py:190} INFO - [2026-08-27T15:28:29.134+0000] {dag.py:4180} INFO - Setting next_dagrun for airbyte_to_dbt_pipeline_prod to 2026-08-27 14:00:00+00:00, run_after=2026-08-27 15:00:00+00:00
[2026-08-27T15:28:29.165+0000] {processor.py:208} INFO - Processing /opt/airflow/dags/prod/airbyte_to_dbt_prod.py took 0.184 seconds
[2026-08-27T15:28:59.369+0000] {processor.py:186} INFO - Started process (PID=4466) to work on /opt/airflow/dags/prod/airbyte_to_dbt_prod.py
[2026-08-27T15:28:59.372+0000] {processor.py:914} INFO - Processing file /opt/airflow/dags/prod/airbyte_to_dbt_prod.py for tasks to queue
[2026-08-27T15:28:59.376+0000] {logging_mixin.py:190} INFO - [2026-08-27T15:28:59.376+0000] {dagbag.py:588} INFO - Filling up the DagBag from /opt/airflow/dags/prod/airbyte_to_dbt_prod.py
[2026-08-27T15:28:59.405+0000] {processor.py:925} INFO - DAG(s) 'airbyte_to_dbt_pipeline_prod' retrieved from /opt/airflow/dags/prod/airbyte_to_dbt_prod.py
[2026-08-27T15:28:59.475+0000] {logging_mixin.py:190} INFO - [2026-08-27T15:28:59.474+0000] {dag.py:3239} INFO - Sync 1 DAGs
[2026-08-27T15:28:59.521+0000] {logging_mixin.py:190} INFO - [2026-08-27T15:28:59.520+0000] {dag.py:4180} INFO - Setting next_dagrun for airbyte_to_dbt_pipeline_prod to 2026-08-27 14:00:00+00:00, run_after=2026-08-27 15:00:00+00:00
[2026-08-27T15:28:59.546+0000] {processor.py:208} INFO - Processing /opt/airflow/dags/prod/airbyte_to_dbt_prod.py took 0.200 seconds
[2026-08-27T15:29:29.871+0000] {processor.py:186} INFO - Started process (PID=4476) to work on /opt/airflow/dags/prod/airbyte_to_dbt_prod.py
[2026-08-27T15:29:29.917+0000] {processor.py:914} INFO - Processing file /opt/airflow/dags/prod/airbyte_to_dbt_prod.py for tasks to queue
[2026-08-27T15:29:29.924+0000] {logging_mixin.py:190} INFO - [2026-08-27T15:29:29.923+0000] {dagbag.py:588} INFO - Filling up the DagBag from /opt/airflow/dags/prod/airbyte_to_dbt_prod.py
[2026-08-27T15:29:29.970+0000] {processor.py:925} INFO - DAG(s) 'airbyte_to_dbt_pipeline_prod' retrieved from /opt/airflow/dags/prod/airbyte_to_dbt_prod.py
[2026-08-27T15:29:30.063+0000] {logging_mixin.py:190} INFO - [2026-08-27T15:29:30.063+0000] {dag.py:3239} INFO - Sync 1 DAGs
[2026-08-27T15:29:30.141+0000] {logging_mixin.py:190} INFO - [2026-08-27T15:29:30.141+0000] {dag.py:4180} INFO - Setting next_dagrun for airbyte_to_dbt_pipeline_prod to 2026-08-27 14:00:00+00:00, run_after=2026-08-27 15:00:00+00:00
[2026-08-27T15:29:30.220+0000] {processor.py:208} INFO - Processing /opt/airflow/dags/prod/airbyte_to_dbt_prod.py took 0.362 seconds
[2026-08-27T15:30:00.625+0000] {processor.py:186} INFO - Started process (PID=4484) to work on /opt/airflow/dags/prod/airbyte_to_dbt_prod.py
[2026-08-27T15:30:00.631+0000] {processor.py:914} INFO - Processing file /opt/airflow/dags/prod/airbyte_to_dbt_prod.py for tasks to queue
[2026-08-27T15:30:00.765+0000] {logging_mixin.py:190} INFO - [2026-08-27T15:30:00.751+0000] {dagbag.py:588} INFO - Filling up the DagBag from /opt/airflow/dags/prod/airbyte_to_dbt_prod.py
[2026-08-27T15:30:01.227+0000] {processor.py:925} INFO - DAG(s) 'airbyte_to_dbt_pipeline_prod' retrieved from /opt/airflow/dags/prod/airbyte_to_dbt_prod.py
[2026-08-27T15:30:02.312+0000] {logging_mixin.py:190} INFO - [2026-08-27T15:30:02.312+0000] {dag.py:3239} INFO - Sync 1 DAGs
[2026-08-27T15:30:04.458+0000] {logging_mixin.py:190} INFO - [2026-08-27T15:30:04.458+0000] {dag.py:4180} INFO - Setting next_dagrun for airbyte_to_dbt_pipeline_prod to 2026-08-27 14:00:00+00:00, run_after=2026-08-27 15:00:00+00:00
[2026-08-27T15:30:04.500+0000] {processor.py:208} INFO - Processing /opt/airflow/dags/prod/airbyte_to_dbt_prod.py took 4.016 seconds
[2026-08-27T15:30:34.689+0000] {processor.py:186} INFO - Started process (PID=4494) to work on /opt/airflow/dags/prod/airbyte_to_dbt_prod.py
[2026-08-27T15:30:34.699+0000] {processor.py:914} INFO - Processing file /opt/airflow/dags/prod/airbyte_to_dbt_prod.py for tasks to queue
[2026-08-27T15:30:34.709+0000] {logging_mixin.py:190} INFO - [2026-08-27T15:30:34.703+0000] {dagbag.py:588} INFO - Filling up the DagBag from /opt/airflow/dags/prod/airbyte_to_dbt_prod.py
[2026-08-27T15:30:34.815+0000] {processor.py:925} INFO - DAG(s) 'airbyte_to_dbt_pipeline_prod' retrieved from /opt/airflow/dags/prod/airbyte_to_dbt_prod.py
[2026-08-27T15:30:34.963+0000] {logging_mixin.py:190} INFO - [2026-08-27T15:30:34.962+0000] {dag.py:3239} INFO - Sync 1 DAGs
[2026-08-27T15:30:35.034+0000] {logging_mixin.py:190} INFO - [2026-08-27T15:30:35.034+0000] {dag.py:4180} INFO - Setting next_dagrun for airbyte_to_dbt_pipeline_prod to 2026-08-27 14:00:00+00:00, run_after=2026-08-27 15:00:00+00:00
[2026-08-27T15:30:35.062+0000] {processor.py:208} INFO - Processing /opt/airflow/dags/prod/airbyte_to_dbt_prod.py took 0.413 seconds
[2026-08-27T15:31:05.264+0000] {processor.py:186} INFO - Started process (PID=4506) to work on /opt/airflow/dags/prod/airbyte_to_dbt_prod.py
[2026-08-27T15:31:05.266+0000] {processor.py:914} INFO - Processing file /opt/airflow/dags/prod/airbyte_to_dbt_prod.py for tasks to queue
[2026-08-27T15:31:05.274+0000] {logging_mixin.py:190} INFO - [2026-08-27T15:31:05.274+0000] {dagbag.py:588} INFO - Filling up the DagBag from /opt/airflow/dags/prod/airbyte_to_dbt_prod.py
[2026-08-27T15:31:05.308+0000] {processor.py:925} INFO - DAG(s) 'airbyte_to_dbt_pipeline_prod' retrieved from /opt/airflow/dags/prod/airbyte_to_dbt_prod.py
[2026-08-27T15:31:05.368+0000] {logging_mixin.py:190} INFO - [2026-08-27T15:31:05.368+0000] {dag.py:3239} INFO - Sync 1 DAGs
[2026-08-27T15:31:05.407+0000] {logging_mixin.py:190} INFO - [2026-08-27T15:31:05.407+0000] {dag.py:4180} INFO - Setting next_dagrun for airbyte_to_dbt_pipeline_prod to 2026-08-27 14:00:00+00:00, run_after=2026-08-27 15:00:00+00:00
[2026-08-27T15:31:05.433+0000] {processor.py:208} INFO - Processing /opt/airflow/dags/prod/airbyte_to_dbt_prod.py took 0.190 seconds
[2026-08-27T15:31:35.605+0000] {processor.py:186} INFO - Started process (PID=4516) to work on /opt/airflow/dags/prod/airbyte_to_dbt_prod.py
[2026-08-27T15:31:35.606+0000] {processor.py:914} INFO - Processing file /opt/airflow/dags/prod/airbyte_to_dbt_prod.py for tasks to queue
[2026-08-27T15:31:35.611+0000] {logging_mixin.py:190} INFO - [2026-08-27T15:31:35.610+0000] {dagbag.py:588} INFO - Filling up the DagBag from /opt/airflow/dags/prod/airbyte_to_dbt_prod.py
[2026-08-27T15:31:35.640+0000] {processor.py:925} INFO - DAG(s) 'airbyte_to_dbt_pipeline_prod' retrieved from /opt/airflow/dags/prod/airbyte_to_dbt_prod.py
[2026-08-27T15:31:35.693+0000] {logging_mixin.py:190} INFO - [2026-08-27T15:31:35.693+0000] {dag.py:3239} INFO - Sync 1 DAGs
[2026-08-27T15:31:35.728+0000] {logging_mixin.py:190} INFO - [2026-08-27T15:31:35.727+0000] {dag.py:4180} INFO - Setting next_dagrun for airbyte_to_dbt_pipeline_prod to 2026-08-27 14:00:00+00:00, run_after=2026-08-27 15:00:00+00:00
[2026-08-27T15:31:35.753+0000] {processor.py:208} INFO - Processing /opt/airflow/dags/prod/airbyte_to_dbt_prod.py took 0.160 seconds
[2026-08-27T15:32:05.931+0000] {processor.py:186} INFO - Started process (PID=4526) to work on /opt/airflow/dags/prod/airbyte_to_dbt_prod.py
[2026-08-27T15:32:05.932+0000] {processor.py:914} INFO - Processing file /opt/airflow/dags/prod/airbyte_to_dbt_prod.py for tasks to queue
[2026-08-27T15:32:05.935+0000] {logging_mixin.py:190} INFO - [2026-08-27T15:32:05.935+0000] {dagbag.py:588} INFO - Filling up the DagBag from /opt/airflow/dags/prod/airbyte_to_dbt_prod.py
[2026-08-27T15:32:05.964+0000] {processor.py:925} INFO - DAG(s) 'airbyte_to_dbt_pipeline_prod' retrieved from /opt/airflow/dags/prod/airbyte_to_dbt_prod.py
[2026-08-27T15:32:06.018+0000] {logging_mixin.py:190} INFO - [2026-08-27T15:32:06.017+0000] {dag.py:3239} INFO - Sync 1 DAGs
[2026-08-27T15:32:06.054+0000] {logging_mixin.py:190} INFO - [2026-08-27T15:32:06.053+0000] {dag.py:4180} INFO - Setting next_dagrun for airbyte_to_dbt_pipeline_prod to 2026-08-27 14:00:00+00:00, run_after=2026-08-27 15:00:00+00:00
[2026-08-27T15:32:06.079+0000] {processor.py:208} INFO - Processing /opt/airflow/dags/prod/airbyte_to_dbt_prod.py took 0.158 seconds
[2026-08-27T15:32:36.265+0000] {processor.py:186} INFO - Started process (PID=4536) to work on /opt/airflow/dags/prod/airbyte_to_dbt_prod.py
[2026-08-27T15:32:36.267+0000] {processor.py:914} INFO - Processing file /opt/airflow/dags/prod/airbyte_to_dbt_prod.py for tasks to queue
[2026-08-27T15:32:36.270+0000] {logging_mixin.py:190} INFO - [2026-08-27T15:32:36.269+0000] {dagbag.py:588} INFO - Filling up the DagBag from /opt/airflow/dags/prod/airbyte_to_dbt_prod.py
[2026-08-27T15:32:36.302+0000] {processor.py:925} INFO - DAG(s) 'airbyte_to_dbt_pipeline_prod' retrieved from /opt/airflow/dags/prod/airbyte_to_dbt_prod.py
[2026-08-27T15:32:36.359+0000] {logging_mixin.py:190} INFO - [2026-08-27T15:32:36.358+0000] {dag.py:3239} INFO - Sync 1 DAGs
[2026-08-27T15:32:36.404+0000] {logging_mixin.py:190} INFO - [2026-08-27T15:32:36.404+0000] {dag.py:4180} INFO - Setting next_dagrun for airbyte_to_dbt_pipeline_prod to 2026-08-27 14:00:00+00:00, run_after=2026-08-27 15:00:00+00:00
[2026-08-27T15:32:36.438+0000] {processor.py:208} INFO - Processing /opt/airflow/dags/prod/airbyte_to_dbt_prod.py took 0.183 seconds
[2026-08-27T15:33:06.686+0000] {processor.py:186} INFO - Started process (PID=4546) to work on /opt/airflow/dags/prod/airbyte_to_dbt_prod.py
[2026-08-27T15:33:06.687+0000] {processor.py:914} INFO - Processing file /opt/airflow/dags/prod/airbyte_to_dbt_prod.py for tasks to queue
[2026-08-27T15:33:06.692+0000] {logging_mixin.py:190} INFO - [2026-08-27T15:33:06.691+0000] {dagbag.py:588} INFO - Filling up the DagBag from /opt/airflow/dags/prod/airbyte_to_dbt_prod.py
[2026-08-27T15:33:06.734+0000] {processor.py:925} INFO - DAG(s) 'airbyte_to_dbt_pipeline_prod' retrieved from /opt/airflow/dags/prod/airbyte_to_dbt_prod.py
[2026-08-27T15:33:06.812+0000] {logging_mixin.py:190} INFO - [2026-08-27T15:33:06.812+0000] {dag.py:3239} INFO - Sync 1 DAGs
[2026-08-27T15:33:06.861+0000] {logging_mixin.py:190} INFO - [2026-08-27T15:33:06.860+0000] {dag.py:4180} INFO - Setting next_dagrun for airbyte_to_dbt_pipeline_prod to 2026-08-27 14:00:00+00:00, run_after=2026-08-27 15:00:00+00:00
[2026-08-27T15:33:06.899+0000] {processor.py:208} INFO - Processing /opt/airflow/dags/prod/airbyte_to_dbt_prod.py took 0.235 seconds
[2026-08-27T15:33:37.142+0000] {processor.py:186} INFO - Started process (PID=4556) to work on /opt/airflow/dags/prod/airbyte_to_dbt_prod.py
[2026-08-27T15:33:37.144+0000] {processor.py:914} INFO - Processing file /opt/airflow/dags/prod/airbyte_to_dbt_prod.py for tasks to queue
[2026-08-27T15:33:37.147+0000] {logging_mixin.py:190} INFO - [2026-08-27T15:33:37.146+0000] {dagbag.py:588} INFO - Filling up the DagBag from /opt/airflow/dags/prod/airbyte_to_dbt_prod.py
[2026-08-27T15:33:37.175+0000] {processor.py:925} INFO - DAG(s) 'airbyte_to_dbt_pipeline_prod' retrieved from /opt/airflow/dags/prod/airbyte_to_dbt_prod.py
[2026-08-27T15:33:37.236+0000] {logging_mixin.py:190} INFO - [2026-08-27T15:33:37.236+0000] {dag.py:3239} INFO - Sync 1 DAGs
[2026-08-27T15:33:37.276+0000] {logging_mixin.py:190} INFO - [2026-08-27T15:33:37.276+0000] {dag.py:4180} INFO - Setting next_dagrun for airbyte_to_dbt_pipeline_prod to 2026-08-27 14:00:00+00:00, run_after=2026-08-27 15:00:00+00:00
[2026-08-27T15:33:37.304+0000] {processor.py:208} INFO - Processing /opt/airflow/dags/prod/airbyte_to_dbt_prod.py took 0.172 seconds
[2026-08-27T15:34:07.473+0000] {processor.py:186} INFO - Started process (PID=4566) to work on /opt/airflow/dags/prod/airbyte_to_dbt_prod.py
[2026-08-27T15:34:07.474+0000] {processor.py:914} INFO - Processing file /opt/airflow/dags/prod/airbyte_to_dbt_prod.py for tasks to queue
[2026-08-27T15:34:07.478+0000] {logging_mixin.py:190} INFO - [2026-08-27T15:34:07.477+0000] {dagbag.py:588} INFO - Filling up the DagBag from /opt/airflow/dags/prod/airbyte_to_dbt_prod.py
[2026-08-27T15:34:07.504+0000] {processor.py:925} INFO - DAG(s) 'airbyte_to_dbt_pipeline_prod' retrieved from /opt/airflow/dags/prod/airbyte_to_dbt_prod.py
[2026-08-27T15:34:07.552+0000] {logging_mixin.py:190} INFO - [2026-08-27T15:34:07.552+0000] {dag.py:3239} INFO - Sync 1 DAGs
[2026-08-27T15:34:07.591+0000] {logging_mixin.py:190} INFO - [2026-08-27T15:34:07.590+0000] {dag.py:4180} INFO - Setting next_dagrun for airbyte_to_dbt_pipeline_prod to 2026-08-27 14:00:00+00:00, run_after=2026-08-27 15:00:00+00:00
[2026-08-27T15:34:07.628+0000] {processor.py:208} INFO - Processing /opt/airflow/dags/prod/airbyte_to_dbt_prod.py took 0.166 seconds
[2026-08-27T15:34:37.805+0000] {processor.py:186} INFO - Started process (PID=4576) to work on /opt/airflow/dags/prod/airbyte_to_dbt_prod.py
[2026-08-27T15:34:37.806+0000] {processor.py:914} INFO - Processing file /opt/airflow/dags/prod/airbyte_to_dbt_prod.py for tasks to queue
[2026-08-27T15:34:37.812+0000] {logging_mixin.py:190} INFO - [2026-08-27T15:34:37.811+0000] {dagbag.py:588} INFO - Filling up the DagBag from /opt/airflow/dags/prod/airbyte_to_dbt_prod.py
[2026-08-27T15:34:37.846+0000] {processor.py:925} INFO - DAG(s) 'airbyte_to_dbt_pipeline_prod' retrieved from /opt/airflow/dags/prod/airbyte_to_dbt_prod.py
[2026-08-27T15:34:37.908+0000] {logging_mixin.py:190} INFO - [2026-08-27T15:34:37.908+0000] {dag.py:3239} INFO - Sync 1 DAGs
[2026-08-27T15:34:37.957+0000] {logging_mixin.py:190} INFO - [2026-08-27T15:34:37.956+0000] {dag.py:4180} INFO - Setting next_dagrun for airbyte_to_dbt_pipeline_prod to 2026-08-27 14:00:00+00:00, run_after=2026-08-27 15:00:00+00:00
[2026-08-27T15:34:37.990+0000] {processor.py:208} INFO - Processing /opt/airflow/dags/prod/airbyte_to_dbt_prod.py took 0.197 seconds
[2026-08-27T15:35:08.182+0000] {processor.py:186} INFO - Started process (PID=4586) to work on /opt/airflow/dags/prod/airbyte_to_dbt_prod.py
[2026-08-27T15:35:08.183+0000] {processor.py:914} INFO - Processing file /opt/airflow/dags/prod/airbyte_to_dbt_prod.py for tasks to queue
[2026-08-27T15:35:08.187+0000] {logging_mixin.py:190} INFO - [2026-08-27T15:35:08.186+0000] {dagbag.py:588} INFO - Filling up the DagBag from /opt/airflow/dags/prod/airbyte_to_dbt_prod.py
[2026-08-27T15:35:08.216+0000] {processor.py:925} INFO - DAG(s) 'airbyte_to_dbt_pipeline_prod' retrieved from /opt/airflow/dags/prod/airbyte_to_dbt_prod.py
[2026-08-27T15:35:08.265+0000] {logging_mixin.py:190} INFO - [2026-08-27T15:35:08.265+0000] {dag.py:3239} INFO - Sync 1 DAGs
[2026-08-27T15:35:08.302+0000] {logging_mixin.py:190} INFO - [2026-08-27T15:35:08.301+0000] {dag.py:4180} INFO - Setting next_dagrun for airbyte_to_dbt_pipeline_prod to 2026-08-27 14:00:00+00:00, run_after=2026-08-27 15:00:00+00:00
[2026-08-27T15:35:08.330+0000] {processor.py:208} INFO - Processing /opt/airflow/dags/prod/airbyte_to_dbt_prod.py took 0.157 seconds
[2026-08-27T15:35:38.525+0000] {processor.py:186} INFO - Started process (PID=4596) to work on /opt/airflow/dags/prod/airbyte_to_dbt_prod.py
[2026-08-27T15:35:38.526+0000] {processor.py:914} INFO - Processing file /opt/airflow/dags/prod/airbyte_to_dbt_prod.py for tasks to queue
[2026-08-27T15:35:38.531+0000] {logging_mixin.py:190} INFO - [2026-08-27T15:35:38.530+0000] {dagbag.py:588} INFO - Filling up the DagBag from /opt/airflow/dags/prod/airbyte_to_dbt_prod.py
[2026-08-27T15:35:38.556+0000] {processor.py:925} INFO - DAG(s) 'airbyte_to_dbt_pipeline_prod' retrieved from /opt/airflow/dags/prod/airbyte_to_dbt_prod.py
[2026-08-27T15:35:38.604+0000] {logging_mixin.py:190} INFO - [2026-08-27T15:35:38.604+0000] {dag.py:3239} INFO - Sync 1 DAGs
[2026-08-27T15:35:38.638+0000] {logging_mixin.py:190} INFO - [2026-08-27T15:35:38.638+0000] {dag.py:4180} INFO - Setting next_dagrun for airbyte_to_dbt_pipeline_prod to 2026-08-27 14:00:00+00:00, run_after=2026-08-27 15:00:00+00:00
[2026-08-27T15:35:38.669+0000] {processor.py:208} INFO - Processing /opt/airflow/dags/prod/airbyte_to_dbt_prod.py took 0.155 seconds
[2026-08-27T15:36:08.851+0000] {processor.py:186} INFO - Started process (PID=4606) to work on /opt/airflow/dags/prod/airbyte_to_dbt_prod.py
[2026-08-27T15:36:08.852+0000] {processor.py:914} INFO - Processing file /opt/airflow/dags/prod/airbyte_to_dbt_prod.py for tasks to queue
[2026-08-27T15:36:08.855+0000] {logging_mixin.py:190} INFO - [2026-08-27T15:36:08.855+0000] {dagbag.py:588} INFO - Filling up the DagBag from /opt/airflow/dags/prod/airbyte_to_dbt_prod.py
[2026-08-27T15:36:08.882+0000] {processor.py:925} INFO - DAG(s) 'airbyte_to_dbt_pipeline_prod' retrieved from /opt/airflow/dags/prod/airbyte_to_dbt_prod.py
[2026-08-27T15:36:08.938+0000] {logging_mixin.py:190} INFO - [2026-08-27T15:36:08.937+0000] {dag.py:3239} INFO - Sync 1 DAGs
[2026-08-27T15:36:08.978+0000] {logging_mixin.py:190} INFO - [2026-08-27T15:36:08.977+0000] {dag.py:4180} INFO - Setting next_dagrun for airbyte_to_dbt_pipeline_prod to 2026-08-27 14:00:00+00:00, run_after=2026-08-27 15:00:00+00:00
[2026-08-27T15:36:09.006+0000] {processor.py:208} INFO - Processing /opt/airflow/dags/prod/airbyte_to_dbt_prod.py took 0.167 seconds
[2026-08-27T15:36:39.197+0000] {processor.py:186} INFO - Started process (PID=4616) to work on /opt/airflow/dags/prod/airbyte_to_dbt_prod.py
[2026-08-27T15:36:39.198+0000] {processor.py:914} INFO - Processing file /opt/airflow/dags/prod/airbyte_to_dbt_prod.py for tasks to queue
[2026-08-27T15:36:39.203+0000] {logging_mixin.py:190} INFO - [2026-08-27T15:36:39.202+0000] {dagbag.py:588} INFO - Filling up the DagBag from /opt/airflow/dags/prod/airbyte_to_dbt_prod.py
[2026-08-27T15:36:39.235+0000] {processor.py:925} INFO - DAG(s) 'airbyte_to_dbt_pipeline_prod' retrieved from /opt/airflow/dags/prod/airbyte_to_dbt_prod.py
[2026-08-27T15:36:39.294+0000] {logging_mixin.py:190} INFO - [2026-08-27T15:36:39.294+0000] {dag.py:3239} INFO - Sync 1 DAGs
[2026-08-27T15:36:39.333+0000] {logging_mixin.py:190} INFO - [2026-08-27T15:36:39.332+0000] {dag.py:4180} INFO - Setting next_dagrun for airbyte_to_dbt_pipeline_prod to 2026-08-27 14:00:00+00:00, run_after=2026-08-27 15:00:00+00:00
[2026-08-27T15:36:39.366+0000] {processor.py:208} INFO - Processing /opt/airflow/dags/prod/airbyte_to_dbt_prod.py took 0.181 seconds
[2026-08-27T15:37:09.538+0000] {processor.py:186} INFO - Started process (PID=4626) to work on /opt/airflow/dags/prod/airbyte_to_dbt_prod.py
[2026-08-27T15:37:09.539+0000] {processor.py:914} INFO - Processing file /opt/airflow/dags/prod/airbyte_to_dbt_prod.py for tasks to queue
[2026-08-27T15:37:09.544+0000] {logging_mixin.py:190} INFO - [2026-08-27T15:37:09.543+0000] {dagbag.py:588} INFO - Filling up the DagBag from /opt/airflow/dags/prod/airbyte_to_dbt_prod.py
[2026-08-27T15:37:09.575+0000] {processor.py:925} INFO - DAG(s) 'airbyte_to_dbt_pipeline_prod' retrieved from /opt/airflow/dags/prod/airbyte_to_dbt_prod.py
[2026-08-27T15:37:09.626+0000] {logging_mixin.py:190} INFO - [2026-08-27T15:37:09.625+0000] {dag.py:3239} INFO - Sync 1 DAGs
[2026-08-27T15:37:09.669+0000] {logging_mixin.py:190} INFO - [2026-08-27T15:37:09.669+0000] {dag.py:4180} INFO - Setting next_dagrun for airbyte_to_dbt_pipeline_prod to 2026-08-27 14:00:00+00:00, run_after=2026-08-27 15:00:00+00:00
[2026-08-27T15:37:09.700+0000] {processor.py:208} INFO - Processing /opt/airflow/dags/prod/airbyte_to_dbt_prod.py took 0.175 seconds
[2026-08-27T15:37:39.879+0000] {processor.py:186} INFO - Started process (PID=4636) to work on /opt/airflow/dags/prod/airbyte_to_dbt_prod.py
[2026-08-27T15:37:39.881+0000] {processor.py:914} INFO - Processing file /opt/airflow/dags/prod/airbyte_to_dbt_prod.py for tasks to queue
[2026-08-27T15:37:39.885+0000] {logging_mixin.py:190} INFO - [2026-08-27T15:37:39.885+0000] {dagbag.py:588} INFO - Filling up the DagBag from /opt/airflow/dags/prod/airbyte_to_dbt_prod.py
[2026-08-27T15:37:39.909+0000] {processor.py:925} INFO - DAG(s) 'airbyte_to_dbt_pipeline_prod' retrieved from /opt/airflow/dags/prod/airbyte_to_dbt_prod.py
[2026-08-27T15:37:39.963+0000] {logging_mixin.py:190} INFO - [2026-08-27T15:37:39.963+0000] {dag.py:3239} INFO - Sync 1 DAGs
[2026-08-27T15:37:40.000+0000] {logging_mixin.py:190} INFO - [2026-08-27T15:37:39.999+0000] {dag.py:4180} INFO - Setting next_dagrun for airbyte_to_dbt_pipeline_prod to 2026-08-27 14:00:00+00:00, run_after=2026-08-27 15:00:00+00:00
[2026-08-27T15:37:40.026+0000] {processor.py:208} INFO - Processing /opt/airflow/dags/prod/airbyte_to_dbt_prod.py took 0.157 seconds
[2026-08-27T15:38:10.208+0000] {processor.py:186} INFO - Started process (PID=4646) to work on /opt/airflow/dags/prod/airbyte_to_dbt_prod.py
[2026-08-27T15:38:10.209+0000] {processor.py:914} INFO - Processing file /opt/airflow/dags/prod/airbyte_to_dbt_prod.py for tasks to queue
[2026-08-27T15:38:10.212+0000] {logging_mixin.py:190} INFO - [2026-08-27T15:38:10.212+0000] {dagbag.py:588} INFO - Filling up the DagBag from /opt/airflow/dags/prod/airbyte_to_dbt_prod.py
[2026-08-27T15:38:10.240+0000] {processor.py:925} INFO - DAG(s) 'airbyte_to_dbt_pipeline_prod' retrieved from /opt/airflow/dags/prod/airbyte_to_dbt_prod.py
[2026-08-27T15:38:10.301+0000] {logging_mixin.py:190} INFO - [2026-08-27T15:38:10.301+0000] {dag.py:3239} INFO - Sync 1 DAGs
[2026-08-27T15:38:10.342+0000] {logging_mixin.py:190} INFO - [2026-08-27T15:38:10.342+0000] {dag.py:4180} INFO - Setting next_dagrun for airbyte_to_dbt_pipeline_prod to 2026-08-27 14:00:00+00:00, run_after=2026-08-27 15:00:00+00:00
[2026-08-27T15:38:10.370+0000] {processor.py:208} INFO - Processing /opt/airflow/dags/prod/airbyte_to_dbt_prod.py took 0.172 seconds
[2026-08-27T15:38:40.565+0000] {processor.py:186} INFO - Started process (PID=4656) to work on /opt/airflow/dags/prod/airbyte_to_dbt_prod.py
[2026-08-27T15:38:40.566+0000] {processor.py:914} INFO - Processing file /opt/airflow/dags/prod/airbyte_to_dbt_prod.py for tasks to queue
[2026-08-27T15:38:40.570+0000] {logging_mixin.py:190} INFO - [2026-08-27T15:38:40.570+0000] {dagbag.py:588} INFO - Filling up the DagBag from /opt/airflow/dags/prod/airbyte_to_dbt_prod.py
[2026-08-27T15:38:40.595+0000] {processor.py:925} INFO - DAG(s) 'airbyte_to_dbt_pipeline_prod' retrieved from /opt/airflow/dags/prod/airbyte_to_dbt_prod.py
[2026-08-27T15:38:40.641+0000] {logging_mixin.py:190} INFO - [2026-08-27T15:38:40.641+0000] {dag.py:3239} INFO - Sync 1 DAGs
[2026-08-27T15:38:40.676+0000] {logging_mixin.py:190} INFO - [2026-08-27T15:38:40.676+0000] {dag.py:4180} INFO - Setting next_dagrun for airbyte_to_dbt_pipeline_prod to 2026-08-27 14:00:00+00:00, run_after=2026-08-27 15:00:00+00:00
[2026-08-27T15:38:40.704+0000] {processor.py:208} INFO - Processing /opt/airflow/dags/prod/airbyte_to_dbt_prod.py took 0.150 seconds
[2026-08-27T15:39:10.887+0000] {processor.py:186} INFO - Started process (PID=4666) to work on /opt/airflow/dags/prod/airbyte_to_dbt_prod.py
[2026-08-27T15:39:10.887+0000] {processor.py:914} INFO - Processing file /opt/airflow/dags/prod/airbyte_to_dbt_prod.py for tasks to queue
[2026-08-27T15:39:10.891+0000] {logging_mixin.py:190} INFO - [2026-08-27T15:39:10.891+0000] {dagbag.py:588} INFO - Filling up the DagBag from /opt/airflow/dags/prod/airbyte_to_dbt_prod.py
[2026-08-27T15:39:10.918+0000] {processor.py:925} INFO - DAG(s) 'airbyte_to_dbt_pipeline_prod' retrieved from /opt/airflow/dags/prod/airbyte_to_dbt_prod.py
[2026-08-27T15:39:10.975+0000] {logging_mixin.py:190} INFO - [2026-08-27T15:39:10.974+0000] {dag.py:3239} INFO - Sync 1 DAGs
[2026-08-27T15:39:11.013+0000] {logging_mixin.py:190} INFO - [2026-08-27T15:39:11.013+0000] {dag.py:4180} INFO - Setting next_dagrun for airbyte_to_dbt_pipeline_prod to 2026-08-27 14:00:00+00:00, run_after=2026-08-27 15:00:00+00:00
[2026-08-27T15:39:11.041+0000] {processor.py:208} INFO - Processing /opt/airflow/dags/prod/airbyte_to_dbt_prod.py took 0.165 seconds
[2026-08-27T15:39:41.220+0000] {processor.py:186} INFO - Started process (PID=4676) to work on /opt/airflow/dags/prod/airbyte_to_dbt_prod.py
[2026-08-27T15:39:41.222+0000] {processor.py:914} INFO - Processing file /opt/airflow/dags/prod/airbyte_to_dbt_prod.py for tasks to queue
[2026-08-27T15:39:41.226+0000] {logging_mixin.py:190} INFO - [2026-08-27T15:39:41.225+0000] {dagbag.py:588} INFO - Filling up the DagBag from /opt/airflow/dags/prod/airbyte_to_dbt_prod.py
[2026-08-27T15:39:41.252+0000] {processor.py:925} INFO - DAG(s) 'airbyte_to_dbt_pipeline_prod' retrieved from /opt/airflow/dags/prod/airbyte_to_dbt_prod.py
[2026-08-27T15:39:41.306+0000] {logging_mixin.py:190} INFO - [2026-08-27T15:39:41.306+0000] {dag.py:3239} INFO - Sync 1 DAGs
[2026-08-27T15:39:41.343+0000] {logging_mixin.py:190} INFO - [2026-08-27T15:39:41.342+0000] {dag.py:4180} INFO - Setting next_dagrun for airbyte_to_dbt_pipeline_prod to 2026-08-27 14:00:00+00:00, run_after=2026-08-27 15:00:00+00:00
[2026-08-27T15:39:41.370+0000] {processor.py:208} INFO - Processing /opt/airflow/dags/prod/airbyte_to_dbt_prod.py took 0.160 seconds
[2026-08-27T15:40:11.548+0000] {processor.py:186} INFO - Started process (PID=4686) to work on /opt/airflow/dags/prod/airbyte_to_dbt_prod.py
[2026-08-27T15:40:11.549+0000] {processor.py:914} INFO - Processing file /opt/airflow/dags/prod/airbyte_to_dbt_prod.py for tasks to queue
[2026-08-27T15:40:11.553+0000] {logging_mixin.py:190} INFO - [2026-08-27T15:40:11.552+0000] {dagbag.py:588} INFO - Filling up the DagBag from /opt/airflow/dags/prod/airbyte_to_dbt_prod.py
[2026-08-27T15:40:11.578+0000] {processor.py:925} INFO - DAG(s) 'airbyte_to_dbt_pipeline_prod' retrieved from /opt/airflow/dags/prod/airbyte_to_dbt_prod.py
[2026-08-27T15:40:11.634+0000] {logging_mixin.py:190} INFO - [2026-08-27T15:40:11.633+0000] {dag.py:3239} INFO - Sync 1 DAGs
[2026-08-27T15:40:11.671+0000] {logging_mixin.py:190} INFO - [2026-08-27T15:40:11.671+0000] {dag.py:4180} INFO - Setting next_dagrun for airbyte_to_dbt_pipeline_prod to 2026-08-27 14:00:00+00:00, run_after=2026-08-27 15:00:00+00:00
[2026-08-27T15:40:11.698+0000] {processor.py:208} INFO - Processing /opt/airflow/dags/prod/airbyte_to_dbt_prod.py took 0.162 seconds
[2026-08-27T15:40:41.884+0000] {processor.py:186} INFO - Started process (PID=4696) to work on /opt/airflow/dags/prod/airbyte_to_dbt_prod.py
[2026-08-27T15:40:41.885+0000] {processor.py:914} INFO - Processing file /opt/airflow/dags/prod/airbyte_to_dbt_prod.py for tasks to queue
[2026-08-27T15:40:41.890+0000] {logging_mixin.py:190} INFO - [2026-08-27T15:40:41.889+0000] {dagbag.py:588} INFO - Filling up the DagBag from /opt/airflow/dags/prod/airbyte_to_dbt_prod.py
[2026-08-27T15:40:41.915+0000] {processor.py:925} INFO - DAG(s) 'airbyte_to_dbt_pipeline_prod' retrieved from /opt/airflow/dags/prod/airbyte_to_dbt_prod.py
[2026-08-27T15:40:41.966+0000] {logging_mixin.py:190} INFO - [2026-08-27T15:40:41.966+0000] {dag.py:3239} INFO - Sync 1 DAGs
[2026-08-27T15:40:42.006+0000] {logging_mixin.py:190} INFO - [2026-08-27T15:40:42.005+0000] {dag.py:4180} INFO - Setting next_dagrun for airbyte_to_dbt_pipeline_prod to 2026-08-27 14:00:00+00:00, run_after=2026-08-27 15:00:00+00:00
[2026-08-27T15:40:42.034+0000] {processor.py:208} INFO - Processing /opt/airflow/dags/prod/airbyte_to_dbt_prod.py took 0.161 seconds
[2026-08-27T15:41:12.207+0000] {processor.py:186} INFO - Started process (PID=4706) to work on /opt/airflow/dags/prod/airbyte_to_dbt_prod.py
[2026-08-27T15:41:12.208+0000] {processor.py:914} INFO - Processing file /opt/airflow/dags/prod/airbyte_to_dbt_prod.py for tasks to queue
[2026-08-27T15:41:12.212+0000] {logging_mixin.py:190} INFO - [2026-08-27T15:41:12.211+0000] {dagbag.py:588} INFO - Filling up the DagBag from /opt/airflow/dags/prod/airbyte_to_dbt_prod.py
[2026-08-27T15:41:12.238+0000] {processor.py:925} INFO - DAG(s) 'airbyte_to_dbt_pipeline_prod' retrieved from /opt/airflow/dags/prod/airbyte_to_dbt_prod.py
[2026-08-27T15:41:12.290+0000] {logging_mixin.py:190} INFO - [2026-08-27T15:41:12.290+0000] {dag.py:3239} INFO - Sync 1 DAGs
[2026-08-27T15:41:12.329+0000] {logging_mixin.py:190} INFO - [2026-08-27T15:41:12.329+0000] {dag.py:4180} INFO - Setting next_dagrun for airbyte_to_dbt_pipeline_prod to 2026-08-27 14:00:00+00:00, run_after=2026-08-27 15:00:00+00:00
[2026-08-27T15:41:12.360+0000] {processor.py:208} INFO - Processing /opt/airflow/dags/prod/airbyte_to_dbt_prod.py took 0.163 seconds
[2026-08-27T15:41:42.527+0000] {processor.py:186} INFO - Started process (PID=4716) to work on /opt/airflow/dags/prod/airbyte_to_dbt_prod.py
[2026-08-27T15:41:42.528+0000] {processor.py:914} INFO - Processing file /opt/airflow/dags/prod/airbyte_to_dbt_prod.py for tasks to queue
[2026-08-27T15:41:42.532+0000] {logging_mixin.py:190} INFO - [2026-08-27T15:41:42.532+0000] {dagbag.py:588} INFO - Filling up the DagBag from /opt/airflow/dags/prod/airbyte_to_dbt_prod.py
[2026-08-27T15:41:42.564+0000] {processor.py:925} INFO - DAG(s) 'airbyte_to_dbt_pipeline_prod' retrieved from /opt/airflow/dags/prod/airbyte_to_dbt_prod.py
[2026-08-27T15:41:42.615+0000] {logging_mixin.py:190} INFO - [2026-08-27T15:41:42.615+0000] {dag.py:3239} INFO - Sync 1 DAGs
[2026-08-27T15:41:42.651+0000] {logging_mixin.py:190} INFO - [2026-08-27T15:41:42.651+0000] {dag.py:4180} INFO - Setting next_dagrun for airbyte_to_dbt_pipeline_prod to 2026-08-27 14:00:00+00:00, run_after=2026-08-27 15:00:00+00:00
[2026-08-27T15:41:42.677+0000] {processor.py:208} INFO - Processing /opt/airflow/dags/prod/airbyte_to_dbt_prod.py took 0.163 seconds
[2026-08-27T15:42:12.864+0000] {processor.py:186} INFO - Started process (PID=4726) to work on /opt/airflow/dags/prod/airbyte_to_dbt_prod.py
[2026-08-27T15:42:12.865+0000] {processor.py:914} INFO - Processing file /opt/airflow/dags/prod/airbyte_to_dbt_prod.py for tasks to queue
[2026-08-27T15:42:12.868+0000] {logging_mixin.py:190} INFO - [2026-08-27T15:42:12.868+0000] {dagbag.py:588} INFO - Filling up the DagBag from /opt/airflow/dags/prod/airbyte_to_dbt_prod.py
[2026-08-27T15:42:12.895+0000] {processor.py:925} INFO - DAG(s) 'airbyte_to_dbt_pipeline_prod' retrieved from /opt/airflow/dags/prod/airbyte_to_dbt_prod.py
[2026-08-27T15:42:12.940+0000] {logging_mixin.py:190} INFO - [2026-08-27T15:42:12.939+0000] {dag.py:3239} INFO - Sync 1 DAGs
[2026-08-27T15:42:12.977+0000] {logging_mixin.py:190} INFO - [2026-08-27T15:42:12.976+0000] {dag.py:4180} INFO - Setting next_dagrun for airbyte_to_dbt_pipeline_prod to 2026-08-27 14:00:00+00:00, run_after=2026-08-27 15:00:00+00:00
[2026-08-27T15:42:13.004+0000] {processor.py:208} INFO - Processing /opt/airflow/dags/prod/airbyte_to_dbt_prod.py took 0.151 seconds
[2026-08-27T15:42:43.663+0000] {processor.py:186} INFO - Started process (PID=4736) to work on /opt/airflow/dags/prod/airbyte_to_dbt_prod.py
[2026-08-27T15:42:43.665+0000] {processor.py:914} INFO - Processing file /opt/airflow/dags/prod/airbyte_to_dbt_prod.py for tasks to queue
[2026-08-27T15:42:43.669+0000] {logging_mixin.py:190} INFO - [2026-08-27T15:42:43.668+0000] {dagbag.py:588} INFO - Filling up the DagBag from /opt/airflow/dags/prod/airbyte_to_dbt_prod.py
[2026-08-27T15:42:43.693+0000] {processor.py:925} INFO - DAG(s) 'airbyte_to_dbt_pipeline_prod' retrieved from /opt/airflow/dags/prod/airbyte_to_dbt_prod.py
[2026-08-27T15:42:43.740+0000] {logging_mixin.py:190} INFO - [2026-08-27T15:42:43.739+0000] {dag.py:3239} INFO - Sync 1 DAGs
[2026-08-27T15:42:43.771+0000] {logging_mixin.py:190} INFO - [2026-08-27T15:42:43.771+0000] {dag.py:4180} INFO - Setting next_dagrun for airbyte_to_dbt_pipeline_prod to 2026-08-27 14:00:00+00:00, run_after=2026-08-27 15:00:00+00:00
[2026-08-27T15:42:43.798+0000] {processor.py:208} INFO - Processing /opt/airflow/dags/prod/airbyte_to_dbt_prod.py took 0.146 seconds
[2026-08-27T15:43:13.991+0000] {processor.py:186} INFO - Started process (PID=4746) to work on /opt/airflow/dags/prod/airbyte_to_dbt_prod.py
[2026-08-27T15:43:13.992+0000] {processor.py:914} INFO - Processing file /opt/airflow/dags/prod/airbyte_to_dbt_prod.py for tasks to queue
[2026-08-27T15:43:13.996+0000] {logging_mixin.py:190} INFO - [2026-08-27T15:43:13.995+0000] {dagbag.py:588} INFO - Filling up the DagBag from /opt/airflow/dags/prod/airbyte_to_dbt_prod.py
[2026-08-27T15:43:14.022+0000] {processor.py:925} INFO - DAG(s) 'airbyte_to_dbt_pipeline_prod' retrieved from /opt/airflow/dags/prod/airbyte_to_dbt_prod.py
[2026-08-27T15:43:14.075+0000] {logging_mixin.py:190} INFO - [2026-08-27T15:43:14.075+0000] {dag.py:3239} INFO - Sync 1 DAGs
[2026-08-27T15:43:14.117+0000] {logging_mixin.py:190} INFO - [2026-08-27T15:43:14.117+0000] {dag.py:4180} INFO - Setting next_dagrun for airbyte_to_dbt_pipeline_prod to 2026-08-27 14:00:00+00:00, run_after=2026-08-27 15:00:00+00:00
[2026-08-27T15:43:14.142+0000] {processor.py:208} INFO - Processing /opt/airflow/dags/prod/airbyte_to_dbt_prod.py took 0.163 seconds
[2026-08-27T15:43:44.321+0000] {processor.py:186} INFO - Started process (PID=4756) to work on /opt/airflow/dags/prod/airbyte_to_dbt_prod.py
[2026-08-27T15:43:44.322+0000] {processor.py:914} INFO - Processing file /opt/airflow/dags/prod/airbyte_to_dbt_prod.py for tasks to queue
[2026-08-27T15:43:44.326+0000] {logging_mixin.py:190} INFO - [2026-08-27T15:43:44.326+0000] {dagbag.py:588} INFO - Filling up the DagBag from /opt/airflow/dags/prod/airbyte_to_dbt_prod.py
[2026-08-27T15:43:44.358+0000] {processor.py:925} INFO - DAG(s) 'airbyte_to_dbt_pipeline_prod' retrieved from /opt/airflow/dags/prod/airbyte_to_dbt_prod.py
[2026-08-27T15:43:44.405+0000] {logging_mixin.py:190} INFO - [2026-08-27T15:43:44.405+0000] {dag.py:3239} INFO - Sync 1 DAGs
[2026-08-27T15:43:44.444+0000] {logging_mixin.py:190} INFO - [2026-08-27T15:43:44.444+0000] {dag.py:4180} INFO - Setting next_dagrun for airbyte_to_dbt_pipeline_prod to 2026-08-27 14:00:00+00:00, run_after=2026-08-27 15:00:00+00:00
[2026-08-27T15:43:44.470+0000] {processor.py:208} INFO - Processing /opt/airflow/dags/prod/airbyte_to_dbt_prod.py took 0.160 seconds
[2026-08-27T15:44:14.645+0000] {processor.py:186} INFO - Started process (PID=4766) to work on /opt/airflow/dags/prod/airbyte_to_dbt_prod.py
[2026-08-27T15:44:14.646+0000] {processor.py:914} INFO - Processing file /opt/airflow/dags/prod/airbyte_to_dbt_prod.py for tasks to queue
[2026-08-27T15:44:14.650+0000] {logging_mixin.py:190} INFO - [2026-08-27T15:44:14.649+0000] {dagbag.py:588} INFO - Filling up the DagBag from /opt/airflow/dags/prod/airbyte_to_dbt_prod.py
[2026-08-27T15:44:14.677+0000] {processor.py:925} INFO - DAG(s) 'airbyte_to_dbt_pipeline_prod' retrieved from /opt/airflow/dags/prod/airbyte_to_dbt_prod.py
[2026-08-27T15:44:14.721+0000] {logging_mixin.py:190} INFO - [2026-08-27T15:44:14.721+0000] {dag.py:3239} INFO - Sync 1 DAGs
[2026-08-27T15:44:14.758+0000] {logging_mixin.py:190} INFO - [2026-08-27T15:44:14.758+0000] {dag.py:4180} INFO - Setting next_dagrun for airbyte_to_dbt_pipeline_prod to 2026-08-27 14:00:00+00:00, run_after=2026-08-27 15:00:00+00:00
[2026-08-27T15:44:14.786+0000] {processor.py:208} INFO - Processing /opt/airflow/dags/prod/airbyte_to_dbt_prod.py took 0.152 seconds
[2026-08-27T15:44:44.961+0000] {processor.py:186} INFO - Started process (PID=4776) to work on /opt/airflow/dags/prod/airbyte_to_dbt_prod.py
[2026-08-27T15:44:44.962+0000] {processor.py:914} INFO - Processing file /opt/airflow/dags/prod/airbyte_to_dbt_prod.py for tasks to queue
[2026-08-27T15:44:44.965+0000] {logging_mixin.py:190} INFO - [2026-08-27T15:44:44.965+0000] {dagbag.py:588} INFO - Filling up the DagBag from /opt/airflow/dags/prod/airbyte_to_dbt_prod.py
[2026-08-27T15:44:44.991+0000] {processor.py:925} INFO - DAG(s) 'airbyte_to_dbt_pipeline_prod' retrieved from /opt/airflow/dags/prod/airbyte_to_dbt_prod.py
[2026-08-27T15:44:45.042+0000] {logging_mixin.py:190} INFO - [2026-08-27T15:44:45.041+0000] {dag.py:3239} INFO - Sync 1 DAGs
[2026-08-27T15:44:45.079+0000] {logging_mixin.py:190} INFO - [2026-08-27T15:44:45.079+0000] {dag.py:4180} INFO - Setting next_dagrun for airbyte_to_dbt_pipeline_prod to 2026-08-27 14:00:00+00:00, run_after=2026-08-27 15:00:00+00:00
[2026-08-27T15:44:45.104+0000] {processor.py:208} INFO - Processing /opt/airflow/dags/prod/airbyte_to_dbt_prod.py took 0.155 seconds
[2026-08-27T15:45:15.307+0000] {processor.py:186} INFO - Started process (PID=4786) to work on /opt/airflow/dags/prod/airbyte_to_dbt_prod.py
[2026-08-27T15:45:15.308+0000] {processor.py:914} INFO - Processing file /opt/airflow/dags/prod/airbyte_to_dbt_prod.py for tasks to queue
[2026-08-27T15:45:15.312+0000] {logging_mixin.py:190} INFO - [2026-08-27T15:45:15.311+0000] {dagbag.py:588} INFO - Filling up the DagBag from /opt/airflow/dags/prod/airbyte_to_dbt_prod.py
[2026-08-27T15:45:15.336+0000] {processor.py:925} INFO - DAG(s) 'airbyte_to_dbt_pipeline_prod' retrieved from /opt/airflow/dags/prod/airbyte_to_dbt_prod.py
[2026-08-27T15:45:15.382+0000] {logging_mixin.py:190} INFO - [2026-08-27T15:45:15.382+0000] {dag.py:3239} INFO - Sync 1 DAGs
[2026-08-27T15:45:15.416+0000] {logging_mixin.py:190} INFO - [2026-08-27T15:45:15.415+0000] {dag.py:4180} INFO - Setting next_dagrun for airbyte_to_dbt_pipeline_prod to 2026-08-27 14:00:00+00:00, run_after=2026-08-27 15:00:00+00:00
[2026-08-27T15:45:15.439+0000] {processor.py:208} INFO - Processing /opt/airflow/dags/prod/airbyte_to_dbt_prod.py took 0.143 seconds
[2026-08-27T15:45:45.639+0000] {processor.py:186} INFO - Started process (PID=4796) to work on /opt/airflow/dags/prod/airbyte_to_dbt_prod.py
[2026-08-27T15:45:45.642+0000] {processor.py:914} INFO - Processing file /opt/airflow/dags/prod/airbyte_to_dbt_prod.py for tasks to queue
[2026-08-27T15:45:45.646+0000] {logging_mixin.py:190} INFO - [2026-08-27T15:45:45.645+0000] {dagbag.py:588} INFO - Filling up the DagBag from /opt/airflow/dags/prod/airbyte_to_dbt_prod.py
[2026-08-27T15:45:45.686+0000] {processor.py:925} INFO - DAG(s) 'airbyte_to_dbt_pipeline_prod' retrieved from /opt/airflow/dags/prod/airbyte_to_dbt_prod.py
[2026-08-27T15:45:45.750+0000] {logging_mixin.py:190} INFO - [2026-08-27T15:45:45.750+0000] {dag.py:3239} INFO - Sync 1 DAGs
[2026-08-27T15:45:45.792+0000] {logging_mixin.py:190} INFO - [2026-08-27T15:45:45.792+0000] {dag.py:4180} INFO - Setting next_dagrun for airbyte_to_dbt_pipeline_prod to 2026-08-27 14:00:00+00:00, run_after=2026-08-27 15:00:00+00:00
[2026-08-27T15:45:45.822+0000] {processor.py:208} INFO - Processing /opt/airflow/dags/prod/airbyte_to_dbt_prod.py took 0.201 seconds
[2026-08-27T15:46:16.012+0000] {processor.py:186} INFO - Started process (PID=4806) to work on /opt/airflow/dags/prod/airbyte_to_dbt_prod.py
[2026-08-27T15:46:16.014+0000] {processor.py:914} INFO - Processing file /opt/airflow/dags/prod/airbyte_to_dbt_prod.py for tasks to queue
[2026-08-27T15:46:16.020+0000] {logging_mixin.py:190} INFO - [2026-08-27T15:46:16.019+0000] {dagbag.py:588} INFO - Filling up the DagBag from /opt/airflow/dags/prod/airbyte_to_dbt_prod.py
[2026-08-27T15:46:16.055+0000] {processor.py:925} INFO - DAG(s) 'airbyte_to_dbt_pipeline_prod' retrieved from /opt/airflow/dags/prod/airbyte_to_dbt_prod.py
[2026-08-27T15:46:16.135+0000] {logging_mixin.py:190} INFO - [2026-08-27T15:46:16.135+0000] {dag.py:3239} INFO - Sync 1 DAGs
[2026-08-27T15:46:16.173+0000] {logging_mixin.py:190} INFO - [2026-08-27T15:46:16.173+0000] {dag.py:4180} INFO - Setting next_dagrun for airbyte_to_dbt_pipeline_prod to 2026-08-27 14:00:00+00:00, run_after=2026-08-27 15:00:00+00:00
[2026-08-27T15:46:16.199+0000] {processor.py:208} INFO - Processing /opt/airflow/dags/prod/airbyte_to_dbt_prod.py took 0.198 seconds
[2026-08-27T15:46:46.367+0000] {processor.py:186} INFO - Started process (PID=4816) to work on /opt/airflow/dags/prod/airbyte_to_dbt_prod.py
[2026-08-27T15:46:46.368+0000] {processor.py:914} INFO - Processing file /opt/airflow/dags/prod/airbyte_to_dbt_prod.py for tasks to queue
[2026-08-27T15:46:46.372+0000] {logging_mixin.py:190} INFO - [2026-08-27T15:46:46.372+0000] {dagbag.py:588} INFO - Filling up the DagBag from /opt/airflow/dags/prod/airbyte_to_dbt_prod.py
[2026-08-27T15:46:46.409+0000] {processor.py:925} INFO - DAG(s) 'airbyte_to_dbt_pipeline_prod' retrieved from /opt/airflow/dags/prod/airbyte_to_dbt_prod.py
[2026-08-27T15:46:46.467+0000] {logging_mixin.py:190} INFO - [2026-08-27T15:46:46.466+0000] {dag.py:3239} INFO - Sync 1 DAGs
[2026-08-27T15:46:46.527+0000] {logging_mixin.py:190} INFO - [2026-08-27T15:46:46.526+0000] {dag.py:4180} INFO - Setting next_dagrun for airbyte_to_dbt_pipeline_prod to 2026-08-27 14:00:00+00:00, run_after=2026-08-27 15:00:00+00:00
[2026-08-27T15:46:46.557+0000] {processor.py:208} INFO - Processing /opt/airflow/dags/prod/airbyte_to_dbt_prod.py took 0.201 seconds
[2026-08-27T15:47:16.719+0000] {processor.py:186} INFO - Started process (PID=4826) to work on /opt/airflow/dags/prod/airbyte_to_dbt_prod.py
[2026-08-27T15:47:16.720+0000] {processor.py:914} INFO - Processing file /opt/airflow/dags/prod/airbyte_to_dbt_prod.py for tasks to queue
[2026-08-27T15:47:16.725+0000] {logging_mixin.py:190} INFO - [2026-08-27T15:47:16.724+0000] {dagbag.py:588} INFO - Filling up the DagBag from /opt/airflow/dags/prod/airbyte_to_dbt_prod.py
[2026-08-27T15:47:16.757+0000] {processor.py:925} INFO - DAG(s) 'airbyte_to_dbt_pipeline_prod' retrieved from /opt/airflow/dags/prod/airbyte_to_dbt_prod.py
[2026-08-27T15:47:16.820+0000] {logging_mixin.py:190} INFO - [2026-08-27T15:47:16.820+0000] {dag.py:3239} INFO - Sync 1 DAGs
[2026-08-27T15:47:16.863+0000] {logging_mixin.py:190} INFO - [2026-08-27T15:47:16.863+0000] {dag.py:4180} INFO - Setting next_dagrun for airbyte_to_dbt_pipeline_prod to 2026-08-27 14:00:00+00:00, run_after=2026-08-27 15:00:00+00:00
[2026-08-27T15:47:16.896+0000] {processor.py:208} INFO - Processing /opt/airflow/dags/prod/airbyte_to_dbt_prod.py took 0.188 seconds
[2026-08-27T15:47:47.068+0000] {processor.py:186} INFO - Started process (PID=4836) to work on /opt/airflow/dags/prod/airbyte_to_dbt_prod.py
[2026-08-27T15:47:47.069+0000] {processor.py:914} INFO - Processing file /opt/airflow/dags/prod/airbyte_to_dbt_prod.py for tasks to queue
[2026-08-27T15:47:47.073+0000] {logging_mixin.py:190} INFO - [2026-08-27T15:47:47.073+0000] {dagbag.py:588} INFO - Filling up the DagBag from /opt/airflow/dags/prod/airbyte_to_dbt_prod.py
[2026-08-27T15:47:47.100+0000] {processor.py:925} INFO - DAG(s) 'airbyte_to_dbt_pipeline_prod' retrieved from /opt/airflow/dags/prod/airbyte_to_dbt_prod.py
[2026-08-27T15:47:47.150+0000] {logging_mixin.py:190} INFO - [2026-08-27T15:47:47.150+0000] {dag.py:3239} INFO - Sync 1 DAGs
[2026-08-27T15:47:47.194+0000] {logging_mixin.py:190} INFO - [2026-08-27T15:47:47.194+0000] {dag.py:4180} INFO - Setting next_dagrun for airbyte_to_dbt_pipeline_prod to 2026-08-27 14:00:00+00:00, run_after=2026-08-27 15:00:00+00:00
[2026-08-27T15:47:47.226+0000] {processor.py:208} INFO - Processing /opt/airflow/dags/prod/airbyte_to_dbt_prod.py took 0.169 seconds
[2026-08-27T15:48:17.411+0000] {processor.py:186} INFO - Started process (PID=4846) to work on /opt/airflow/dags/prod/airbyte_to_dbt_prod.py
[2026-08-27T15:48:17.412+0000] {processor.py:914} INFO - Processing file /opt/airflow/dags/prod/airbyte_to_dbt_prod.py for tasks to queue
[2026-08-27T15:48:17.415+0000] {logging_mixin.py:190} INFO - [2026-08-27T15:48:17.415+0000] {dagbag.py:588} INFO - Filling up the DagBag from /opt/airflow/dags/prod/airbyte_to_dbt_prod.py
[2026-08-27T15:48:17.444+0000] {processor.py:925} INFO - DAG(s) 'airbyte_to_dbt_pipeline_prod' retrieved from /opt/airflow/dags/prod/airbyte_to_dbt_prod.py
[2026-08-27T15:48:17.504+0000] {logging_mixin.py:190} INFO - [2026-08-27T15:48:17.503+0000] {dag.py:3239} INFO - Sync 1 DAGs
[2026-08-27T15:48:17.546+0000] {logging_mixin.py:190} INFO - [2026-08-27T15:48:17.546+0000] {dag.py:4180} INFO - Setting next_dagrun for airbyte_to_dbt_pipeline_prod to 2026-08-27 14:00:00+00:00, run_after=2026-08-27 15:00:00+00:00
[2026-08-27T15:48:17.580+0000] {processor.py:208} INFO - Processing /opt/airflow/dags/prod/airbyte_to_dbt_prod.py took 0.179 seconds
[2026-08-27T15:48:47.759+0000] {processor.py:186} INFO - Started process (PID=4856) to work on /opt/airflow/dags/prod/airbyte_to_dbt_prod.py
[2026-08-27T15:48:47.763+0000] {processor.py:914} INFO - Processing file /opt/airflow/dags/prod/airbyte_to_dbt_prod.py for tasks to queue
[2026-08-27T15:48:47.767+0000] {logging_mixin.py:190} INFO - [2026-08-27T15:48:47.766+0000] {dagbag.py:588} INFO - Filling up the DagBag from /opt/airflow/dags/prod/airbyte_to_dbt_prod.py
[2026-08-27T15:48:47.794+0000] {processor.py:925} INFO - DAG(s) 'airbyte_to_dbt_pipeline_prod' retrieved from /opt/airflow/dags/prod/airbyte_to_dbt_prod.py
[2026-08-27T15:48:47.841+0000] {logging_mixin.py:190} INFO - [2026-08-27T15:48:47.840+0000] {dag.py:3239} INFO - Sync 1 DAGs
[2026-08-27T15:48:47.876+0000] {logging_mixin.py:190} INFO - [2026-08-27T15:48:47.875+0000] {dag.py:4180} INFO - Setting next_dagrun for airbyte_to_dbt_pipeline_prod to 2026-08-27 14:00:00+00:00, run_after=2026-08-27 15:00:00+00:00
[2026-08-27T15:48:47.901+0000] {processor.py:208} INFO - Processing /opt/airflow/dags/prod/airbyte_to_dbt_prod.py took 0.151 seconds
[2026-08-27T15:49:18.078+0000] {processor.py:186} INFO - Started process (PID=4866) to work on /opt/airflow/dags/prod/airbyte_to_dbt_prod.py
[2026-08-27T15:49:18.079+0000] {processor.py:914} INFO - Processing file /opt/airflow/dags/prod/airbyte_to_dbt_prod.py for tasks to queue
[2026-08-27T15:49:18.085+0000] {logging_mixin.py:190} INFO - [2026-08-27T15:49:18.084+0000] {dagbag.py:588} INFO - Filling up the DagBag from /opt/airflow/dags/prod/airbyte_to_dbt_prod.py
[2026-08-27T15:49:18.118+0000] {processor.py:925} INFO - DAG(s) 'airbyte_to_dbt_pipeline_prod' retrieved from /opt/airflow/dags/prod/airbyte_to_dbt_prod.py
[2026-08-27T15:49:18.169+0000] {logging_mixin.py:190} INFO - [2026-08-27T15:49:18.169+0000] {dag.py:3239} INFO - Sync 1 DAGs
[2026-08-27T15:49:18.210+0000] {logging_mixin.py:190} INFO - [2026-08-27T15:49:18.210+0000] {dag.py:4180} INFO - Setting next_dagrun for airbyte_to_dbt_pipeline_prod to 2026-08-27 14:00:00+00:00, run_after=2026-08-27 15:00:00+00:00
[2026-08-27T15:49:18.244+0000] {processor.py:208} INFO - Processing /opt/airflow/dags/prod/airbyte_to_dbt_prod.py took 0.178 seconds
[2026-08-27T15:49:48.421+0000] {processor.py:186} INFO - Started process (PID=4876) to work on /opt/airflow/dags/prod/airbyte_to_dbt_prod.py
[2026-08-27T15:49:48.423+0000] {processor.py:914} INFO - Processing file /opt/airflow/dags/prod/airbyte_to_dbt_prod.py for tasks to queue
[2026-08-27T15:49:48.426+0000] {logging_mixin.py:190} INFO - [2026-08-27T15:49:48.426+0000] {dagbag.py:588} INFO - Filling up the DagBag from /opt/airflow/dags/prod/airbyte_to_dbt_prod.py
[2026-08-27T15:49:48.453+0000] {processor.py:925} INFO - DAG(s) 'airbyte_to_dbt_pipeline_prod' retrieved from /opt/airflow/dags/prod/airbyte_to_dbt_prod.py
[2026-08-27T15:49:48.503+0000] {logging_mixin.py:190} INFO - [2026-08-27T15:49:48.503+0000] {dag.py:3239} INFO - Sync 1 DAGs
[2026-08-27T15:49:48.541+0000] {logging_mixin.py:190} INFO - [2026-08-27T15:49:48.541+0000] {dag.py:4180} INFO - Setting next_dagrun for airbyte_to_dbt_pipeline_prod to 2026-08-27 14:00:00+00:00, run_after=2026-08-27 15:00:00+00:00
[2026-08-27T15:49:48.568+0000] {processor.py:208} INFO - Processing /opt/airflow/dags/prod/airbyte_to_dbt_prod.py took 0.157 seconds
[2026-08-27T15:50:18.749+0000] {processor.py:186} INFO - Started process (PID=4886) to work on /opt/airflow/dags/prod/airbyte_to_dbt_prod.py
[2026-08-27T15:50:18.750+0000] {processor.py:914} INFO - Processing file /opt/airflow/dags/prod/airbyte_to_dbt_prod.py for tasks to queue
[2026-08-27T15:50:18.754+0000] {logging_mixin.py:190} INFO - [2026-08-27T15:50:18.753+0000] {dagbag.py:588} INFO - Filling up the DagBag from /opt/airflow/dags/prod/airbyte_to_dbt_prod.py
[2026-08-27T15:50:18.777+0000] {processor.py:925} INFO - DAG(s) 'airbyte_to_dbt_pipeline_prod' retrieved from /opt/airflow/dags/prod/airbyte_to_dbt_prod.py
[2026-08-27T15:50:18.834+0000] {logging_mixin.py:190} INFO - [2026-08-27T15:50:18.834+0000] {dag.py:3239} INFO - Sync 1 DAGs
[2026-08-27T15:50:18.874+0000] {logging_mixin.py:190} INFO - [2026-08-27T15:50:18.873+0000] {dag.py:4180} INFO - Setting next_dagrun for airbyte_to_dbt_pipeline_prod to 2026-08-27 14:00:00+00:00, run_after=2026-08-27 15:00:00+00:00
[2026-08-27T15:50:18.901+0000] {processor.py:208} INFO - Processing /opt/airflow/dags/prod/airbyte_to_dbt_prod.py took 0.162 seconds
[2026-08-27T15:50:49.092+0000] {processor.py:186} INFO - Started process (PID=4896) to work on /opt/airflow/dags/prod/airbyte_to_dbt_prod.py
[2026-08-27T15:50:49.093+0000] {processor.py:914} INFO - Processing file /opt/airflow/dags/prod/airbyte_to_dbt_prod.py for tasks to queue
[2026-08-27T15:50:49.098+0000] {logging_mixin.py:190} INFO - [2026-08-27T15:50:49.097+0000] {dagbag.py:588} INFO - Filling up the DagBag from /opt/airflow/dags/prod/airbyte_to_dbt_prod.py
[2026-08-27T15:50:49.123+0000] {processor.py:925} INFO - DAG(s) 'airbyte_to_dbt_pipeline_prod' retrieved from /opt/airflow/dags/prod/airbyte_to_dbt_prod.py
[2026-08-27T15:50:49.179+0000] {logging_mixin.py:190} INFO - [2026-08-27T15:50:49.179+0000] {dag.py:3239} INFO - Sync 1 DAGs
[2026-08-27T15:50:49.220+0000] {logging_mixin.py:190} INFO - [2026-08-27T15:50:49.219+0000] {dag.py:4180} INFO - Setting next_dagrun for airbyte_to_dbt_pipeline_prod to 2026-08-27 14:00:00+00:00, run_after=2026-08-27 15:00:00+00:00
[2026-08-27T15:50:49.248+0000] {processor.py:208} INFO - Processing /opt/airflow/dags/prod/airbyte_to_dbt_prod.py took 0.169 seconds
[2026-08-27T15:51:19.420+0000] {processor.py:186} INFO - Started process (PID=4906) to work on /opt/airflow/dags/prod/airbyte_to_dbt_prod.py
[2026-08-27T15:51:19.421+0000] {processor.py:914} INFO - Processing file /opt/airflow/dags/prod/airbyte_to_dbt_prod.py for tasks to queue
[2026-08-27T15:51:19.425+0000] {logging_mixin.py:190} INFO - [2026-08-27T15:51:19.424+0000] {dagbag.py:588} INFO - Filling up the DagBag from /opt/airflow/dags/prod/airbyte_to_dbt_prod.py
[2026-08-27T15:51:19.453+0000] {processor.py:925} INFO - DAG(s) 'airbyte_to_dbt_pipeline_prod' retrieved from /opt/airflow/dags/prod/airbyte_to_dbt_prod.py
[2026-08-27T15:51:19.502+0000] {logging_mixin.py:190} INFO - [2026-08-27T15:51:19.502+0000] {dag.py:3239} INFO - Sync 1 DAGs
[2026-08-27T15:51:19.542+0000] {logging_mixin.py:190} INFO - [2026-08-27T15:51:19.542+0000] {dag.py:4180} INFO - Setting next_dagrun for airbyte_to_dbt_pipeline_prod to 2026-08-27 14:00:00+00:00, run_after=2026-08-27 15:00:00+00:00
[2026-08-27T15:51:19.572+0000] {processor.py:208} INFO - Processing /opt/airflow/dags/prod/airbyte_to_dbt_prod.py took 0.162 seconds
[2026-08-27T15:51:49.752+0000] {processor.py:186} INFO - Started process (PID=4916) to work on /opt/airflow/dags/prod/airbyte_to_dbt_prod.py
[2026-08-27T15:51:49.754+0000] {processor.py:914} INFO - Processing file /opt/airflow/dags/prod/airbyte_to_dbt_prod.py for tasks to queue
[2026-08-27T15:51:49.759+0000] {logging_mixin.py:190} INFO - [2026-08-27T15:51:49.758+0000] {dagbag.py:588} INFO - Filling up the DagBag from /opt/airflow/dags/prod/airbyte_to_dbt_prod.py
[2026-08-27T15:51:49.793+0000] {processor.py:925} INFO - DAG(s) 'airbyte_to_dbt_pipeline_prod' retrieved from /opt/airflow/dags/prod/airbyte_to_dbt_prod.py
[2026-08-27T15:51:49.851+0000] {logging_mixin.py:190} INFO - [2026-08-27T15:51:49.851+0000] {dag.py:3239} INFO - Sync 1 DAGs
[2026-08-27T15:51:49.891+0000] {logging_mixin.py:190} INFO - [2026-08-27T15:51:49.891+0000] {dag.py:4180} INFO - Setting next_dagrun for airbyte_to_dbt_pipeline_prod to 2026-08-27 14:00:00+00:00, run_after=2026-08-27 15:00:00+00:00
[2026-08-27T15:51:49.921+0000] {processor.py:208} INFO - Processing /opt/airflow/dags/prod/airbyte_to_dbt_prod.py took 0.181 seconds
[2026-08-27T15:52:20.093+0000] {processor.py:186} INFO - Started process (PID=4926) to work on /opt/airflow/dags/prod/airbyte_to_dbt_prod.py
[2026-08-27T15:52:20.094+0000] {processor.py:914} INFO - Processing file /opt/airflow/dags/prod/airbyte_to_dbt_prod.py for tasks to queue
[2026-08-27T15:52:20.098+0000] {logging_mixin.py:190} INFO - [2026-08-27T15:52:20.098+0000] {dagbag.py:588} INFO - Filling up the DagBag from /opt/airflow/dags/prod/airbyte_to_dbt_prod.py
[2026-08-27T15:52:20.125+0000] {processor.py:925} INFO - DAG(s) 'airbyte_to_dbt_pipeline_prod' retrieved from /opt/airflow/dags/prod/airbyte_to_dbt_prod.py
[2026-08-27T15:52:20.176+0000] {logging_mixin.py:190} INFO - [2026-08-27T15:52:20.175+0000] {dag.py:3239} INFO - Sync 1 DAGs
[2026-08-27T15:52:20.211+0000] {logging_mixin.py:190} INFO - [2026-08-27T15:52:20.211+0000] {dag.py:4180} INFO - Setting next_dagrun for airbyte_to_dbt_pipeline_prod to 2026-08-27 14:00:00+00:00, run_after=2026-08-27 15:00:00+00:00
[2026-08-27T15:52:20.241+0000] {processor.py:208} INFO - Processing /opt/airflow/dags/prod/airbyte_to_dbt_prod.py took 0.158 seconds
[2026-08-27T15:52:50.411+0000] {processor.py:186} INFO - Started process (PID=4936) to work on /opt/airflow/dags/prod/airbyte_to_dbt_prod.py
[2026-08-27T15:52:50.412+0000] {processor.py:914} INFO - Processing file /opt/airflow/dags/prod/airbyte_to_dbt_prod.py for tasks to queue
[2026-08-27T15:52:50.417+0000] {logging_mixin.py:190} INFO - [2026-08-27T15:52:50.416+0000] {dagbag.py:588} INFO - Filling up the DagBag from /opt/airflow/dags/prod/airbyte_to_dbt_prod.py
[2026-08-27T15:52:50.449+0000] {processor.py:925} INFO - DAG(s) 'airbyte_to_dbt_pipeline_prod' retrieved from /opt/airflow/dags/prod/airbyte_to_dbt_prod.py
[2026-08-27T15:52:50.497+0000] {logging_mixin.py:190} INFO - [2026-08-27T15:52:50.496+0000] {dag.py:3239} INFO - Sync 1 DAGs
[2026-08-27T15:52:50.547+0000] {logging_mixin.py:190} INFO - [2026-08-27T15:52:50.546+0000] {dag.py:4180} INFO - Setting next_dagrun for airbyte_to_dbt_pipeline_prod to 2026-08-27 14:00:00+00:00, run_after=2026-08-27 15:00:00+00:00
[2026-08-27T15:52:50.577+0000] {processor.py:208} INFO - Processing /opt/airflow/dags/prod/airbyte_to_dbt_prod.py took 0.179 seconds
[2026-08-27T15:53:20.765+0000] {processor.py:186} INFO - Started process (PID=4946) to work on /opt/airflow/dags/prod/airbyte_to_dbt_prod.py
[2026-08-27T15:53:20.766+0000] {processor.py:914} INFO - Processing file /opt/airflow/dags/prod/airbyte_to_dbt_prod.py for tasks to queue
[2026-08-27T15:53:20.770+0000] {logging_mixin.py:190} INFO - [2026-08-27T15:53:20.770+0000] {dagbag.py:588} INFO - Filling up the DagBag from /opt/airflow/dags/prod/airbyte_to_dbt_prod.py
[2026-08-27T15:53:20.804+0000] {processor.py:925} INFO - DAG(s) 'airbyte_to_dbt_pipeline_prod' retrieved from /opt/airflow/dags/prod/airbyte_to_dbt_prod.py
[2026-08-27T15:53:20.856+0000] {logging_mixin.py:190} INFO - [2026-08-27T15:53:20.855+0000] {dag.py:3239} INFO - Sync 1 DAGs
[2026-08-27T15:53:20.898+0000] {logging_mixin.py:190} INFO - [2026-08-27T15:53:20.898+0000] {dag.py:4180} INFO - Setting next_dagrun for airbyte_to_dbt_pipeline_prod to 2026-08-27 14:00:00+00:00, run_after=2026-08-27 15:00:00+00:00
[2026-08-27T15:53:20.924+0000] {processor.py:208} INFO - Processing /opt/airflow/dags/prod/airbyte_to_dbt_prod.py took 0.170 seconds
[2026-08-27T15:53:51.097+0000] {processor.py:186} INFO - Started process (PID=4956) to work on /opt/airflow/dags/prod/airbyte_to_dbt_prod.py
[2026-08-27T15:53:51.101+0000] {processor.py:914} INFO - Processing file /opt/airflow/dags/prod/airbyte_to_dbt_prod.py for tasks to queue
[2026-08-27T15:53:51.104+0000] {logging_mixin.py:190} INFO - [2026-08-27T15:53:51.104+0000] {dagbag.py:588} INFO - Filling up the DagBag from /opt/airflow/dags/prod/airbyte_to_dbt_prod.py
[2026-08-27T15:53:51.134+0000] {processor.py:925} INFO - DAG(s) 'airbyte_to_dbt_pipeline_prod' retrieved from /opt/airflow/dags/prod/airbyte_to_dbt_prod.py
[2026-08-27T15:53:51.178+0000] {logging_mixin.py:190} INFO - [2026-08-27T15:53:51.177+0000] {dag.py:3239} INFO - Sync 1 DAGs
[2026-08-27T15:53:51.208+0000] {logging_mixin.py:190} INFO - [2026-08-27T15:53:51.208+0000] {dag.py:4180} INFO - Setting next_dagrun for airbyte_to_dbt_pipeline_prod to 2026-08-27 14:00:00+00:00, run_after=2026-08-27 15:00:00+00:00
[2026-08-27T15:53:51.241+0000] {processor.py:208} INFO - Processing /opt/airflow/dags/prod/airbyte_to_dbt_prod.py took 0.154 seconds
[2026-08-27T15:54:21.419+0000] {processor.py:186} INFO - Started process (PID=4966) to work on /opt/airflow/dags/prod/airbyte_to_dbt_prod.py
[2026-08-27T15:54:21.420+0000] {processor.py:914} INFO - Processing file /opt/airflow/dags/prod/airbyte_to_dbt_prod.py for tasks to queue
[2026-08-27T15:54:21.424+0000] {logging_mixin.py:190} INFO - [2026-08-27T15:54:21.423+0000] {dagbag.py:588} INFO - Filling up the DagBag from /opt/airflow/dags/prod/airbyte_to_dbt_prod.py
[2026-08-27T15:54:21.451+0000] {processor.py:925} INFO - DAG(s) 'airbyte_to_dbt_pipeline_prod' retrieved from /opt/airflow/dags/prod/airbyte_to_dbt_prod.py
[2026-08-27T15:54:21.492+0000] {logging_mixin.py:190} INFO - [2026-08-27T15:54:21.492+0000] {dag.py:3239} INFO - Sync 1 DAGs
[2026-08-27T15:54:21.532+0000] {logging_mixin.py:190} INFO - [2026-08-27T15:54:21.531+0000] {dag.py:4180} INFO - Setting next_dagrun for airbyte_to_dbt_pipeline_prod to 2026-08-27 14:00:00+00:00, run_after=2026-08-27 15:00:00+00:00
[2026-08-27T15:54:21.559+0000] {processor.py:208} INFO - Processing /opt/airflow/dags/prod/airbyte_to_dbt_prod.py took 0.151 seconds
[2026-08-27T15:54:51.723+0000] {processor.py:186} INFO - Started process (PID=4976) to work on /opt/airflow/dags/prod/airbyte_to_dbt_prod.py
[2026-08-27T15:54:51.724+0000] {processor.py:914} INFO - Processing file /opt/airflow/dags/prod/airbyte_to_dbt_prod.py for tasks to queue
[2026-08-27T15:54:51.728+0000] {logging_mixin.py:190} INFO - [2026-08-27T15:54:51.728+0000] {dagbag.py:588} INFO - Filling up the DagBag from /opt/airflow/dags/prod/airbyte_to_dbt_prod.py
[2026-08-27T15:54:51.758+0000] {processor.py:925} INFO - DAG(s) 'airbyte_to_dbt_pipeline_prod' retrieved from /opt/airflow/dags/prod/airbyte_to_dbt_prod.py
[2026-08-27T15:54:51.809+0000] {logging_mixin.py:190} INFO - [2026-08-27T15:54:51.809+0000] {dag.py:3239} INFO - Sync 1 DAGs
[2026-08-27T15:54:51.843+0000] {logging_mixin.py:190} INFO - [2026-08-27T15:54:51.843+0000] {dag.py:4180} INFO - Setting next_dagrun for airbyte_to_dbt_pipeline_prod to 2026-08-27 14:00:00+00:00, run_after=2026-08-27 15:00:00+00:00
[2026-08-27T15:54:51.872+0000] {processor.py:208} INFO - Processing /opt/airflow/dags/prod/airbyte_to_dbt_prod.py took 0.160 seconds
[2026-08-27T15:55:22.066+0000] {processor.py:186} INFO - Started process (PID=4986) to work on /opt/airflow/dags/prod/airbyte_to_dbt_prod.py
[2026-08-27T15:55:22.067+0000] {processor.py:914} INFO - Processing file /opt/airflow/dags/prod/airbyte_to_dbt_prod.py for tasks to queue
[2026-08-27T15:55:22.070+0000] {logging_mixin.py:190} INFO - [2026-08-27T15:55:22.070+0000] {dagbag.py:588} INFO - Filling up the DagBag from /opt/airflow/dags/prod/airbyte_to_dbt_prod.py
[2026-08-27T15:55:22.094+0000] {processor.py:925} INFO - DAG(s) 'airbyte_to_dbt_pipeline_prod' retrieved from /opt/airflow/dags/prod/airbyte_to_dbt_prod.py
[2026-08-27T15:55:22.151+0000] {logging_mixin.py:190} INFO - [2026-08-27T15:55:22.151+0000] {dag.py:3239} INFO - Sync 1 DAGs
[2026-08-27T15:55:22.182+0000] {logging_mixin.py:190} INFO - [2026-08-27T15:55:22.182+0000] {dag.py:4180} INFO - Setting next_dagrun for airbyte_to_dbt_pipeline_prod to 2026-08-27 14:00:00+00:00, run_after=2026-08-27 15:00:00+00:00
[2026-08-27T15:55:22.209+0000] {processor.py:208} INFO - Processing /opt/airflow/dags/prod/airbyte_to_dbt_prod.py took 0.154 seconds
[2026-08-27T15:55:52.367+0000] {processor.py:186} INFO - Started process (PID=4996) to work on /opt/airflow/dags/prod/airbyte_to_dbt_prod.py
[2026-08-27T15:55:52.368+0000] {processor.py:914} INFO - Processing file /opt/airflow/dags/prod/airbyte_to_dbt_prod.py for tasks to queue
[2026-08-27T15:55:52.371+0000] {logging_mixin.py:190} INFO - [2026-08-27T15:55:52.371+0000] {dagbag.py:588} INFO - Filling up the DagBag from /opt/airflow/dags/prod/airbyte_to_dbt_prod.py
[2026-08-27T15:55:52.396+0000] {processor.py:925} INFO - DAG(s) 'airbyte_to_dbt_pipeline_prod' retrieved from /opt/airflow/dags/prod/airbyte_to_dbt_prod.py
[2026-08-27T15:55:52.449+0000] {logging_mixin.py:190} INFO - [2026-08-27T15:55:52.448+0000] {dag.py:3239} INFO - Sync 1 DAGs
[2026-08-27T15:55:52.490+0000] {logging_mixin.py:190} INFO - [2026-08-27T15:55:52.490+0000] {dag.py:4180} INFO - Setting next_dagrun for airbyte_to_dbt_pipeline_prod to 2026-08-27 14:00:00+00:00, run_after=2026-08-27 15:00:00+00:00
[2026-08-27T15:55:52.516+0000] {processor.py:208} INFO - Processing /opt/airflow/dags/prod/airbyte_to_dbt_prod.py took 0.157 seconds
[2026-08-27T15:56:22.681+0000] {processor.py:186} INFO - Started process (PID=5006) to work on /opt/airflow/dags/prod/airbyte_to_dbt_prod.py
[2026-08-27T15:56:22.682+0000] {processor.py:914} INFO - Processing file /opt/airflow/dags/prod/airbyte_to_dbt_prod.py for tasks to queue
[2026-08-27T15:56:22.686+0000] {logging_mixin.py:190} INFO - [2026-08-27T15:56:22.686+0000] {dagbag.py:588} INFO - Filling up the DagBag from /opt/airflow/dags/prod/airbyte_to_dbt_prod.py
[2026-08-27T15:56:22.717+0000] {processor.py:925} INFO - DAG(s) 'airbyte_to_dbt_pipeline_prod' retrieved from /opt/airflow/dags/prod/airbyte_to_dbt_prod.py
[2026-08-27T15:56:22.770+0000] {logging_mixin.py:190} INFO - [2026-08-27T15:56:22.769+0000] {dag.py:3239} INFO - Sync 1 DAGs
[2026-08-27T15:56:22.805+0000] {logging_mixin.py:190} INFO - [2026-08-27T15:56:22.805+0000] {dag.py:4180} INFO - Setting next_dagrun for airbyte_to_dbt_pipeline_prod to 2026-08-27 14:00:00+00:00, run_after=2026-08-27 15:00:00+00:00
[2026-08-27T15:56:22.830+0000] {processor.py:208} INFO - Processing /opt/airflow/dags/prod/airbyte_to_dbt_prod.py took 0.160 seconds
[2026-08-27T15:56:52.996+0000] {processor.py:186} INFO - Started process (PID=5016) to work on /opt/airflow/dags/prod/airbyte_to_dbt_prod.py
[2026-08-27T15:56:52.998+0000] {processor.py:914} INFO - Processing file /opt/airflow/dags/prod/airbyte_to_dbt_prod.py for tasks to queue
[2026-08-27T15:56:53.001+0000] {logging_mixin.py:190} INFO - [2026-08-27T15:56:53.001+0000] {dagbag.py:588} INFO - Filling up the DagBag from /opt/airflow/dags/prod/airbyte_to_dbt_prod.py
[2026-08-27T15:56:53.024+0000] {processor.py:925} INFO - DAG(s) 'airbyte_to_dbt_pipeline_prod' retrieved from /opt/airflow/dags/prod/airbyte_to_dbt_prod.py
[2026-08-27T15:56:53.069+0000] {logging_mixin.py:190} INFO - [2026-08-27T15:56:53.068+0000] {dag.py:3239} INFO - Sync 1 DAGs
[2026-08-27T15:56:53.102+0000] {logging_mixin.py:190} INFO - [2026-08-27T15:56:53.102+0000] {dag.py:4180} INFO - Setting next_dagrun for airbyte_to_dbt_pipeline_prod to 2026-08-27 14:00:00+00:00, run_after=2026-08-27 15:00:00+00:00
[2026-08-27T15:56:53.127+0000] {processor.py:208} INFO - Processing /opt/airflow/dags/prod/airbyte_to_dbt_prod.py took 0.140 seconds
[2026-08-27T15:57:23.282+0000] {processor.py:186} INFO - Started process (PID=5026) to work on /opt/airflow/dags/prod/airbyte_to_dbt_prod.py
[2026-08-27T15:57:23.283+0000] {processor.py:914} INFO - Processing file /opt/airflow/dags/prod/airbyte_to_dbt_prod.py for tasks to queue
[2026-08-27T15:57:23.286+0000] {logging_mixin.py:190} INFO - [2026-08-27T15:57:23.285+0000] {dagbag.py:588} INFO - Filling up the DagBag from /opt/airflow/dags/prod/airbyte_to_dbt_prod.py
[2026-08-27T15:57:23.308+0000] {processor.py:925} INFO - DAG(s) 'airbyte_to_dbt_pipeline_prod' retrieved from /opt/airflow/dags/prod/airbyte_to_dbt_prod.py
[2026-08-27T15:57:23.348+0000] {logging_mixin.py:190} INFO - [2026-08-27T15:57:23.347+0000] {dag.py:3239} INFO - Sync 1 DAGs
[2026-08-27T15:57:23.377+0000] {logging_mixin.py:190} INFO - [2026-08-27T15:57:23.377+0000] {dag.py:4180} INFO - Setting next_dagrun for airbyte_to_dbt_pipeline_prod to 2026-08-27 14:00:00+00:00, run_after=2026-08-27 15:00:00+00:00
[2026-08-27T15:57:23.398+0000] {processor.py:208} INFO - Processing /opt/airflow/dags/prod/airbyte_to_dbt_prod.py took 0.125 seconds
[2026-08-27T15:57:53.568+0000] {processor.py:186} INFO - Started process (PID=5036) to work on /opt/airflow/dags/prod/airbyte_to_dbt_prod.py
[2026-08-27T15:57:53.569+0000] {processor.py:914} INFO - Processing file /opt/airflow/dags/prod/airbyte_to_dbt_prod.py for tasks to queue
[2026-08-27T15:57:53.573+0000] {logging_mixin.py:190} INFO - [2026-08-27T15:57:53.572+0000] {dagbag.py:588} INFO - Filling up the DagBag from /opt/airflow/dags/prod/airbyte_to_dbt_prod.py
[2026-08-27T15:57:53.598+0000] {processor.py:925} INFO - DAG(s) 'airbyte_to_dbt_pipeline_prod' retrieved from /opt/airflow/dags/prod/airbyte_to_dbt_prod.py
[2026-08-27T15:57:53.641+0000] {logging_mixin.py:190} INFO - [2026-08-27T15:57:53.641+0000] {dag.py:3239} INFO - Sync 1 DAGs
[2026-08-27T15:57:53.678+0000] {logging_mixin.py:190} INFO - [2026-08-27T15:57:53.678+0000] {dag.py:4180} INFO - Setting next_dagrun for airbyte_to_dbt_pipeline_prod to 2026-08-27 14:00:00+00:00, run_after=2026-08-27 15:00:00+00:00
[2026-08-27T15:57:53.703+0000] {processor.py:208} INFO - Processing /opt/airflow/dags/prod/airbyte_to_dbt_prod.py took 0.146 seconds
[2026-08-27T15:58:23.863+0000] {processor.py:186} INFO - Started process (PID=5046) to work on /opt/airflow/dags/prod/airbyte_to_dbt_prod.py
[2026-08-27T15:58:23.864+0000] {processor.py:914} INFO - Processing file /opt/airflow/dags/prod/airbyte_to_dbt_prod.py for tasks to queue
[2026-08-27T15:58:23.868+0000] {logging_mixin.py:190} INFO - [2026-08-27T15:58:23.867+0000] {dagbag.py:588} INFO - Filling up the DagBag from /opt/airflow/dags/prod/airbyte_to_dbt_prod.py
[2026-08-27T15:58:23.898+0000] {processor.py:925} INFO - DAG(s) 'airbyte_to_dbt_pipeline_prod' retrieved from /opt/airflow/dags/prod/airbyte_to_dbt_prod.py
[2026-08-27T15:58:23.951+0000] {logging_mixin.py:190} INFO - [2026-08-27T15:58:23.950+0000] {dag.py:3239} INFO - Sync 1 DAGs
[2026-08-27T15:58:23.985+0000] {logging_mixin.py:190} INFO - [2026-08-27T15:58:23.984+0000] {dag.py:4180} INFO - Setting next_dagrun for airbyte_to_dbt_pipeline_prod to 2026-08-27 14:00:00+00:00, run_after=2026-08-27 15:00:00+00:00
[2026-08-27T15:58:24.009+0000] {processor.py:208} INFO - Processing /opt/airflow/dags/prod/airbyte_to_dbt_prod.py took 0.158 seconds
[2026-08-27T15:58:54.177+0000] {processor.py:186} INFO - Started process (PID=5056) to work on /opt/airflow/dags/prod/airbyte_to_dbt_prod.py
[2026-08-27T15:58:54.179+0000] {processor.py:914} INFO - Processing file /opt/airflow/dags/prod/airbyte_to_dbt_prod.py for tasks to queue
[2026-08-27T15:58:54.182+0000] {logging_mixin.py:190} INFO - [2026-08-27T15:58:54.182+0000] {dagbag.py:588} INFO - Filling up the DagBag from /opt/airflow/dags/prod/airbyte_to_dbt_prod.py
[2026-08-27T15:58:54.206+0000] {processor.py:925} INFO - DAG(s) 'airbyte_to_dbt_pipeline_prod' retrieved from /opt/airflow/dags/prod/airbyte_to_dbt_prod.py
[2026-08-27T15:58:54.248+0000] {logging_mixin.py:190} INFO - [2026-08-27T15:58:54.248+0000] {dag.py:3239} INFO - Sync 1 DAGs
[2026-08-27T15:58:54.276+0000] {logging_mixin.py:190} INFO - [2026-08-27T15:58:54.275+0000] {dag.py:4180} INFO - Setting next_dagrun for airbyte_to_dbt_pipeline_prod to 2026-08-27 14:00:00+00:00, run_after=2026-08-27 15:00:00+00:00
[2026-08-27T15:58:54.300+0000] {processor.py:208} INFO - Processing /opt/airflow/dags/prod/airbyte_to_dbt_prod.py took 0.131 seconds
[2026-08-27T15:59:24.471+0000] {processor.py:186} INFO - Started process (PID=5066) to work on /opt/airflow/dags/prod/airbyte_to_dbt_prod.py
[2026-08-27T15:59:24.472+0000] {processor.py:914} INFO - Processing file /opt/airflow/dags/prod/airbyte_to_dbt_prod.py for tasks to queue
[2026-08-27T15:59:24.475+0000] {logging_mixin.py:190} INFO - [2026-08-27T15:59:24.475+0000] {dagbag.py:588} INFO - Filling up the DagBag from /opt/airflow/dags/prod/airbyte_to_dbt_prod.py
[2026-08-27T15:59:24.500+0000] {processor.py:925} INFO - DAG(s) 'airbyte_to_dbt_pipeline_prod' retrieved from /opt/airflow/dags/prod/airbyte_to_dbt_prod.py
[2026-08-27T15:59:24.541+0000] {logging_mixin.py:190} INFO - [2026-08-27T15:59:24.541+0000] {dag.py:3239} INFO - Sync 1 DAGs
[2026-08-27T15:59:24.572+0000] {logging_mixin.py:190} INFO - [2026-08-27T15:59:24.572+0000] {dag.py:4180} INFO - Setting next_dagrun for airbyte_to_dbt_pipeline_prod to 2026-08-27 14:00:00+00:00, run_after=2026-08-27 15:00:00+00:00
[2026-08-27T15:59:24.595+0000] {processor.py:208} INFO - Processing /opt/airflow/dags/prod/airbyte_to_dbt_prod.py took 0.132 seconds
[2026-08-27T15:59:54.772+0000] {processor.py:186} INFO - Started process (PID=5076) to work on /opt/airflow/dags/prod/airbyte_to_dbt_prod.py
[2026-08-27T15:59:54.773+0000] {processor.py:914} INFO - Processing file /opt/airflow/dags/prod/airbyte_to_dbt_prod.py for tasks to queue
[2026-08-27T15:59:54.777+0000] {logging_mixin.py:190} INFO - [2026-08-27T15:59:54.777+0000] {dagbag.py:588} INFO - Filling up the DagBag from /opt/airflow/dags/prod/airbyte_to_dbt_prod.py
[2026-08-27T15:59:54.807+0000] {processor.py:925} INFO - DAG(s) 'airbyte_to_dbt_pipeline_prod' retrieved from /opt/airflow/dags/prod/airbyte_to_dbt_prod.py
[2026-08-27T15:59:54.854+0000] {logging_mixin.py:190} INFO - [2026-08-27T15:59:54.853+0000] {dag.py:3239} INFO - Sync 1 DAGs
[2026-08-27T15:59:54.885+0000] {logging_mixin.py:190} INFO - [2026-08-27T15:59:54.885+0000] {dag.py:4180} INFO - Setting next_dagrun for airbyte_to_dbt_pipeline_prod to 2026-08-27 14:00:00+00:00, run_after=2026-08-27 15:00:00+00:00
[2026-08-27T15:59:54.910+0000] {processor.py:208} INFO - Processing /opt/airflow/dags/prod/airbyte_to_dbt_prod.py took 0.146 seconds
[2026-08-27T16:00:25.095+0000] {processor.py:186} INFO - Started process (PID=5086) to work on /opt/airflow/dags/prod/airbyte_to_dbt_prod.py
[2026-08-27T16:00:25.096+0000] {processor.py:914} INFO - Processing file /opt/airflow/dags/prod/airbyte_to_dbt_prod.py for tasks to queue
[2026-08-27T16:00:25.099+0000] {logging_mixin.py:190} INFO - [2026-08-27T16:00:25.099+0000] {dagbag.py:588} INFO - Filling up the DagBag from /opt/airflow/dags/prod/airbyte_to_dbt_prod.py
[2026-08-27T16:00:25.121+0000] {processor.py:925} INFO - DAG(s) 'airbyte_to_dbt_pipeline_prod' retrieved from /opt/airflow/dags/prod/airbyte_to_dbt_prod.py
[2026-08-27T16:00:25.162+0000] {logging_mixin.py:190} INFO - [2026-08-27T16:00:25.162+0000] {dag.py:3239} INFO - Sync 1 DAGs
[2026-08-27T16:00:25.193+0000] {logging_mixin.py:190} INFO - [2026-08-27T16:00:25.193+0000] {dag.py:4180} INFO - Setting next_dagrun for airbyte_to_dbt_pipeline_prod to 2026-08-27 15:00:00+00:00, run_after=2026-08-27 16:00:00+00:00
[2026-08-27T16:00:25.218+0000] {processor.py:208} INFO - Processing /opt/airflow/dags/prod/airbyte_to_dbt_prod.py took 0.134 seconds
[2026-08-27T16:00:55.383+0000] {processor.py:186} INFO - Started process (PID=5096) to work on /opt/airflow/dags/prod/airbyte_to_dbt_prod.py
[2026-08-27T16:00:55.385+0000] {processor.py:914} INFO - Processing file /opt/airflow/dags/prod/airbyte_to_dbt_prod.py for tasks to queue
[2026-08-27T16:00:55.388+0000] {logging_mixin.py:190} INFO - [2026-08-27T16:00:55.387+0000] {dagbag.py:588} INFO - Filling up the DagBag from /opt/airflow/dags/prod/airbyte_to_dbt_prod.py
[2026-08-27T16:00:55.412+0000] {processor.py:925} INFO - DAG(s) 'airbyte_to_dbt_pipeline_prod' retrieved from /opt/airflow/dags/prod/airbyte_to_dbt_prod.py
[2026-08-27T16:00:55.450+0000] {logging_mixin.py:190} INFO - [2026-08-27T16:00:55.450+0000] {dag.py:3239} INFO - Sync 1 DAGs
[2026-08-27T16:00:55.478+0000] {logging_mixin.py:190} INFO - [2026-08-27T16:00:55.478+0000] {dag.py:4180} INFO - Setting next_dagrun for airbyte_to_dbt_pipeline_prod to 2026-08-27 15:00:00+00:00, run_after=2026-08-27 16:00:00+00:00
[2026-08-27T16:00:55.500+0000] {processor.py:208} INFO - Processing /opt/airflow/dags/prod/airbyte_to_dbt_prod.py took 0.125 seconds
[2026-08-27T16:01:25.682+0000] {processor.py:186} INFO - Started process (PID=5106) to work on /opt/airflow/dags/prod/airbyte_to_dbt_prod.py
[2026-08-27T16:01:25.683+0000] {processor.py:914} INFO - Processing file /opt/airflow/dags/prod/airbyte_to_dbt_prod.py for tasks to queue
[2026-08-27T16:01:25.687+0000] {logging_mixin.py:190} INFO - [2026-08-27T16:01:25.686+0000] {dagbag.py:588} INFO - Filling up the DagBag from /opt/airflow/dags/prod/airbyte_to_dbt_prod.py
[2026-08-27T16:01:25.715+0000] {processor.py:925} INFO - DAG(s) 'airbyte_to_dbt_pipeline_prod' retrieved from /opt/airflow/dags/prod/airbyte_to_dbt_prod.py
[2026-08-27T16:01:25.754+0000] {logging_mixin.py:190} INFO - [2026-08-27T16:01:25.753+0000] {dag.py:3239} INFO - Sync 1 DAGs
[2026-08-27T16:01:25.784+0000] {logging_mixin.py:190} INFO - [2026-08-27T16:01:25.784+0000] {dag.py:4180} INFO - Setting next_dagrun for airbyte_to_dbt_pipeline_prod to 2026-08-27 15:00:00+00:00, run_after=2026-08-27 16:00:00+00:00
[2026-08-27T16:01:25.808+0000] {processor.py:208} INFO - Processing /opt/airflow/dags/prod/airbyte_to_dbt_prod.py took 0.141 seconds
[2026-08-27T16:01:55.972+0000] {processor.py:186} INFO - Started process (PID=5116) to work on /opt/airflow/dags/prod/airbyte_to_dbt_prod.py
[2026-08-27T16:01:55.973+0000] {processor.py:914} INFO - Processing file /opt/airflow/dags/prod/airbyte_to_dbt_prod.py for tasks to queue
[2026-08-27T16:01:55.976+0000] {logging_mixin.py:190} INFO - [2026-08-27T16:01:55.976+0000] {dagbag.py:588} INFO - Filling up the DagBag from /opt/airflow/dags/prod/airbyte_to_dbt_prod.py
[2026-08-27T16:01:55.998+0000] {processor.py:925} INFO - DAG(s) 'airbyte_to_dbt_pipeline_prod' retrieved from /opt/airflow/dags/prod/airbyte_to_dbt_prod.py
[2026-08-27T16:01:56.049+0000] {logging_mixin.py:190} INFO - [2026-08-27T16:01:56.048+0000] {dag.py:3239} INFO - Sync 1 DAGs
[2026-08-27T16:01:56.083+0000] {logging_mixin.py:190} INFO - [2026-08-27T16:01:56.082+0000] {dag.py:4180} INFO - Setting next_dagrun for airbyte_to_dbt_pipeline_prod to 2026-08-27 15:00:00+00:00, run_after=2026-08-27 16:00:00+00:00
[2026-08-27T16:01:56.108+0000] {processor.py:208} INFO - Processing /opt/airflow/dags/prod/airbyte_to_dbt_prod.py took 0.145 seconds
[2026-08-27T16:02:26.274+0000] {processor.py:186} INFO - Started process (PID=5126) to work on /opt/airflow/dags/prod/airbyte_to_dbt_prod.py
[2026-08-27T16:02:26.275+0000] {processor.py:914} INFO - Processing file /opt/airflow/dags/prod/airbyte_to_dbt_prod.py for tasks to queue
[2026-08-27T16:02:26.278+0000] {logging_mixin.py:190} INFO - [2026-08-27T16:02:26.278+0000] {dagbag.py:588} INFO - Filling up the DagBag from /opt/airflow/dags/prod/airbyte_to_dbt_prod.py
[2026-08-27T16:02:26.301+0000] {processor.py:925} INFO - DAG(s) 'airbyte_to_dbt_pipeline_prod' retrieved from /opt/airflow/dags/prod/airbyte_to_dbt_prod.py
[2026-08-27T16:02:26.343+0000] {logging_mixin.py:190} INFO - [2026-08-27T16:02:26.343+0000] {dag.py:3239} INFO - Sync 1 DAGs
[2026-08-27T16:02:26.379+0000] {logging_mixin.py:190} INFO - [2026-08-27T16:02:26.379+0000] {dag.py:4180} INFO - Setting next_dagrun for airbyte_to_dbt_pipeline_prod to 2026-08-27 15:00:00+00:00, run_after=2026-08-27 16:00:00+00:00
[2026-08-27T16:02:26.406+0000] {processor.py:208} INFO - Processing /opt/airflow/dags/prod/airbyte_to_dbt_prod.py took 0.140 seconds
[2026-08-27T16:02:56.580+0000] {processor.py:186} INFO - Started process (PID=5136) to work on /opt/airflow/dags/prod/airbyte_to_dbt_prod.py
[2026-08-27T16:02:56.581+0000] {processor.py:914} INFO - Processing file /opt/airflow/dags/prod/airbyte_to_dbt_prod.py for tasks to queue
[2026-08-27T16:02:56.584+0000] {logging_mixin.py:190} INFO - [2026-08-27T16:02:56.584+0000] {dagbag.py:588} INFO - Filling up the DagBag from /opt/airflow/dags/prod/airbyte_to_dbt_prod.py
[2026-08-27T16:02:56.605+0000] {processor.py:925} INFO - DAG(s) 'airbyte_to_dbt_pipeline_prod' retrieved from /opt/airflow/dags/prod/airbyte_to_dbt_prod.py
[2026-08-27T16:02:56.659+0000] {logging_mixin.py:190} INFO - [2026-08-27T16:02:56.659+0000] {dag.py:3239} INFO - Sync 1 DAGs
[2026-08-27T16:02:56.694+0000] {logging_mixin.py:190} INFO - [2026-08-27T16:02:56.694+0000] {dag.py:4180} INFO - Setting next_dagrun for airbyte_to_dbt_pipeline_prod to 2026-08-27 15:00:00+00:00, run_after=2026-08-27 16:00:00+00:00
[2026-08-27T16:02:56.718+0000] {processor.py:208} INFO - Processing /opt/airflow/dags/prod/airbyte_to_dbt_prod.py took 0.147 seconds
[2026-08-27T16:03:26.878+0000] {processor.py:186} INFO - Started process (PID=5146) to work on /opt/airflow/dags/prod/airbyte_to_dbt_prod.py
[2026-08-27T16:03:26.879+0000] {processor.py:914} INFO - Processing file /opt/airflow/dags/prod/airbyte_to_dbt_prod.py for tasks to queue
[2026-08-27T16:03:26.882+0000] {logging_mixin.py:190} INFO - [2026-08-27T16:03:26.881+0000] {dagbag.py:588} INFO - Filling up the DagBag from /opt/airflow/dags/prod/airbyte_to_dbt_prod.py
[2026-08-27T16:03:26.905+0000] {processor.py:925} INFO - DAG(s) 'airbyte_to_dbt_pipeline_prod' retrieved from /opt/airflow/dags/prod/airbyte_to_dbt_prod.py
[2026-08-27T16:03:26.947+0000] {logging_mixin.py:190} INFO - [2026-08-27T16:03:26.946+0000] {dag.py:3239} INFO - Sync 1 DAGs
[2026-08-27T16:03:26.978+0000] {logging_mixin.py:190} INFO - [2026-08-27T16:03:26.978+0000] {dag.py:4180} INFO - Setting next_dagrun for airbyte_to_dbt_pipeline_prod to 2026-08-27 15:00:00+00:00, run_after=2026-08-27 16:00:00+00:00
[2026-08-27T16:03:27.002+0000] {processor.py:208} INFO - Processing /opt/airflow/dags/prod/airbyte_to_dbt_prod.py took 0.133 seconds
[2026-08-27T16:03:57.180+0000] {processor.py:186} INFO - Started process (PID=5156) to work on /opt/airflow/dags/prod/airbyte_to_dbt_prod.py
[2026-08-27T16:03:57.181+0000] {processor.py:914} INFO - Processing file /opt/airflow/dags/prod/airbyte_to_dbt_prod.py for tasks to queue
[2026-08-27T16:03:57.184+0000] {logging_mixin.py:190} INFO - [2026-08-27T16:03:57.184+0000] {dagbag.py:588} INFO - Filling up the DagBag from /opt/airflow/dags/prod/airbyte_to_dbt_prod.py
[2026-08-27T16:03:57.209+0000] {processor.py:925} INFO - DAG(s) 'airbyte_to_dbt_pipeline_prod' retrieved from /opt/airflow/dags/prod/airbyte_to_dbt_prod.py
[2026-08-27T16:03:57.254+0000] {logging_mixin.py:190} INFO - [2026-08-27T16:03:57.254+0000] {dag.py:3239} INFO - Sync 1 DAGs
[2026-08-27T16:03:57.288+0000] {logging_mixin.py:190} INFO - [2026-08-27T16:03:57.288+0000] {dag.py:4180} INFO - Setting next_dagrun for airbyte_to_dbt_pipeline_prod to 2026-08-27 15:00:00+00:00, run_after=2026-08-27 16:00:00+00:00
[2026-08-27T16:03:57.313+0000] {processor.py:208} INFO - Processing /opt/airflow/dags/prod/airbyte_to_dbt_prod.py took 0.143 seconds
[2026-08-27T16:04:27.481+0000] {processor.py:186} INFO - Started process (PID=5166) to work on /opt/airflow/dags/prod/airbyte_to_dbt_prod.py
[2026-08-27T16:04:27.482+0000] {processor.py:914} INFO - Processing file /opt/airflow/dags/prod/airbyte_to_dbt_prod.py for tasks to queue
[2026-08-27T16:04:27.485+0000] {logging_mixin.py:190} INFO - [2026-08-27T16:04:27.485+0000] {dagbag.py:588} INFO - Filling up the DagBag from /opt/airflow/dags/prod/airbyte_to_dbt_prod.py
[2026-08-27T16:04:27.510+0000] {processor.py:925} INFO - DAG(s) 'airbyte_to_dbt_pipeline_prod' retrieved from /opt/airflow/dags/prod/airbyte_to_dbt_prod.py
[2026-08-27T16:04:27.562+0000] {logging_mixin.py:190} INFO - [2026-08-27T16:04:27.561+0000] {dag.py:3239} INFO - Sync 1 DAGs
[2026-08-27T16:04:27.594+0000] {logging_mixin.py:190} INFO - [2026-08-27T16:04:27.594+0000] {dag.py:4180} INFO - Setting next_dagrun for airbyte_to_dbt_pipeline_prod to 2026-08-27 15:00:00+00:00, run_after=2026-08-27 16:00:00+00:00
[2026-08-27T16:04:27.619+0000] {processor.py:208} INFO - Processing /opt/airflow/dags/prod/airbyte_to_dbt_prod.py took 0.148 seconds
[2026-08-27T16:04:57.792+0000] {processor.py:186} INFO - Started process (PID=5176) to work on /opt/airflow/dags/prod/airbyte_to_dbt_prod.py
[2026-08-27T16:04:57.793+0000] {processor.py:914} INFO - Processing file /opt/airflow/dags/prod/airbyte_to_dbt_prod.py for tasks to queue
[2026-08-27T16:04:57.796+0000] {logging_mixin.py:190} INFO - [2026-08-27T16:04:57.796+0000] {dagbag.py:588} INFO - Filling up the DagBag from /opt/airflow/dags/prod/airbyte_to_dbt_prod.py
[2026-08-27T16:04:57.817+0000] {processor.py:925} INFO - DAG(s) 'airbyte_to_dbt_pipeline_prod' retrieved from /opt/airflow/dags/prod/airbyte_to_dbt_prod.py
[2026-08-27T16:04:57.861+0000] {logging_mixin.py:190} INFO - [2026-08-27T16:04:57.860+0000] {dag.py:3239} INFO - Sync 1 DAGs
[2026-08-27T16:04:57.897+0000] {logging_mixin.py:190} INFO - [2026-08-27T16:04:57.897+0000] {dag.py:4180} INFO - Setting next_dagrun for airbyte_to_dbt_pipeline_prod to 2026-08-27 15:00:00+00:00, run_after=2026-08-27 16:00:00+00:00
[2026-08-27T16:04:57.920+0000] {processor.py:208} INFO - Processing /opt/airflow/dags/prod/airbyte_to_dbt_prod.py took 0.136 seconds
[2026-08-27T16:05:28.090+0000] {processor.py:186} INFO - Started process (PID=5186) to work on /opt/airflow/dags/prod/airbyte_to_dbt_prod.py
[2026-08-27T16:05:28.091+0000] {processor.py:914} INFO - Processing file /opt/airflow/dags/prod/airbyte_to_dbt_prod.py for tasks to queue
[2026-08-27T16:05:28.095+0000] {logging_mixin.py:190} INFO - [2026-08-27T16:05:28.095+0000] {dagbag.py:588} INFO - Filling up the DagBag from /opt/airflow/dags/prod/airbyte_to_dbt_prod.py
[2026-08-27T16:05:28.124+0000] {processor.py:925} INFO - DAG(s) 'airbyte_to_dbt_pipeline_prod' retrieved from /opt/airflow/dags/prod/airbyte_to_dbt_prod.py
[2026-08-27T16:05:28.167+0000] {logging_mixin.py:190} INFO - [2026-08-27T16:05:28.167+0000] {dag.py:3239} INFO - Sync 1 DAGs
[2026-08-27T16:05:28.200+0000] {logging_mixin.py:190} INFO - [2026-08-27T16:05:28.200+0000] {dag.py:4180} INFO - Setting next_dagrun for airbyte_to_dbt_pipeline_prod to 2026-08-27 15:00:00+00:00, run_after=2026-08-27 16:00:00+00:00
[2026-08-27T16:05:28.224+0000] {processor.py:208} INFO - Processing /opt/airflow/dags/prod/airbyte_to_dbt_prod.py took 0.146 seconds
[2026-08-27T16:05:58.388+0000] {processor.py:186} INFO - Started process (PID=5196) to work on /opt/airflow/dags/prod/airbyte_to_dbt_prod.py
[2026-08-27T16:05:58.389+0000] {processor.py:914} INFO - Processing file /opt/airflow/dags/prod/airbyte_to_dbt_prod.py for tasks to queue
[2026-08-27T16:05:58.392+0000] {logging_mixin.py:190} INFO - [2026-08-27T16:05:58.392+0000] {dagbag.py:588} INFO - Filling up the DagBag from /opt/airflow/dags/prod/airbyte_to_dbt_prod.py
[2026-08-27T16:05:58.413+0000] {processor.py:925} INFO - DAG(s) 'airbyte_to_dbt_pipeline_prod' retrieved from /opt/airflow/dags/prod/airbyte_to_dbt_prod.py
[2026-08-27T16:05:58.451+0000] {logging_mixin.py:190} INFO - [2026-08-27T16:05:58.451+0000] {dag.py:3239} INFO - Sync 1 DAGs
[2026-08-27T16:05:58.483+0000] {logging_mixin.py:190} INFO - [2026-08-27T16:05:58.483+0000] {dag.py:4180} INFO - Setting next_dagrun for airbyte_to_dbt_pipeline_prod to 2026-08-27 15:00:00+00:00, run_after=2026-08-27 16:00:00+00:00
[2026-08-27T16:05:58.508+0000] {processor.py:208} INFO - Processing /opt/airflow/dags/prod/airbyte_to_dbt_prod.py took 0.128 seconds
[2026-08-27T16:06:28.680+0000] {processor.py:186} INFO - Started process (PID=5206) to work on /opt/airflow/dags/prod/airbyte_to_dbt_prod.py
[2026-08-27T16:06:28.681+0000] {processor.py:914} INFO - Processing file /opt/airflow/dags/prod/airbyte_to_dbt_prod.py for tasks to queue
[2026-08-27T16:06:28.685+0000] {logging_mixin.py:190} INFO - [2026-08-27T16:06:28.684+0000] {dagbag.py:588} INFO - Filling up the DagBag from /opt/airflow/dags/prod/airbyte_to_dbt_prod.py
[2026-08-27T16:06:28.708+0000] {processor.py:925} INFO - DAG(s) 'airbyte_to_dbt_pipeline_prod' retrieved from /opt/airflow/dags/prod/airbyte_to_dbt_prod.py
[2026-08-27T16:06:28.762+0000] {logging_mixin.py:190} INFO - [2026-08-27T16:06:28.761+0000] {dag.py:3239} INFO - Sync 1 DAGs
[2026-08-27T16:06:28.792+0000] {logging_mixin.py:190} INFO - [2026-08-27T16:06:28.792+0000] {dag.py:4180} INFO - Setting next_dagrun for airbyte_to_dbt_pipeline_prod to 2026-08-27 15:00:00+00:00, run_after=2026-08-27 16:00:00+00:00
[2026-08-27T16:06:28.820+0000] {processor.py:208} INFO - Processing /opt/airflow/dags/prod/airbyte_to_dbt_prod.py took 0.150 seconds
[2026-08-27T16:06:58.991+0000] {processor.py:186} INFO - Started process (PID=5216) to work on /opt/airflow/dags/prod/airbyte_to_dbt_prod.py
[2026-08-27T16:06:58.992+0000] {processor.py:914} INFO - Processing file /opt/airflow/dags/prod/airbyte_to_dbt_prod.py for tasks to queue
[2026-08-27T16:06:58.995+0000] {logging_mixin.py:190} INFO - [2026-08-27T16:06:58.994+0000] {dagbag.py:588} INFO - Filling up the DagBag from /opt/airflow/dags/prod/airbyte_to_dbt_prod.py
[2026-08-27T16:06:59.019+0000] {processor.py:925} INFO - DAG(s) 'airbyte_to_dbt_pipeline_prod' retrieved from /opt/airflow/dags/prod/airbyte_to_dbt_prod.py
[2026-08-27T16:06:59.061+0000] {logging_mixin.py:190} INFO - [2026-08-27T16:06:59.061+0000] {dag.py:3239} INFO - Sync 1 DAGs
[2026-08-27T16:06:59.094+0000] {logging_mixin.py:190} INFO - [2026-08-27T16:06:59.093+0000] {dag.py:4180} INFO - Setting next_dagrun for airbyte_to_dbt_pipeline_prod to 2026-08-27 15:00:00+00:00, run_after=2026-08-27 16:00:00+00:00
[2026-08-27T16:06:59.115+0000] {processor.py:208} INFO - Processing /opt/airflow/dags/prod/airbyte_to_dbt_prod.py took 0.133 seconds
[2026-08-27T16:07:29.276+0000] {processor.py:186} INFO - Started process (PID=5226) to work on /opt/airflow/dags/prod/airbyte_to_dbt_prod.py
[2026-08-27T16:07:29.277+0000] {processor.py:914} INFO - Processing file /opt/airflow/dags/prod/airbyte_to_dbt_prod.py for tasks to queue
[2026-08-27T16:07:29.281+0000] {logging_mixin.py:190} INFO - [2026-08-27T16:07:29.281+0000] {dagbag.py:588} INFO - Filling up the DagBag from /opt/airflow/dags/prod/airbyte_to_dbt_prod.py
[2026-08-27T16:07:29.306+0000] {processor.py:925} INFO - DAG(s) 'airbyte_to_dbt_pipeline_prod' retrieved from /opt/airflow/dags/prod/airbyte_to_dbt_prod.py
[2026-08-27T16:07:29.359+0000] {logging_mixin.py:190} INFO - [2026-08-27T16:07:29.358+0000] {dag.py:3239} INFO - Sync 1 DAGs
[2026-08-27T16:07:29.397+0000] {logging_mixin.py:190} INFO - [2026-08-27T16:07:29.397+0000] {dag.py:4180} INFO - Setting next_dagrun for airbyte_to_dbt_pipeline_prod to 2026-08-27 15:00:00+00:00, run_after=2026-08-27 16:00:00+00:00
[2026-08-27T16:07:29.423+0000] {processor.py:208} INFO - Processing /opt/airflow/dags/prod/airbyte_to_dbt_prod.py took 0.156 seconds
[2026-08-27T16:07:59.589+0000] {processor.py:186} INFO - Started process (PID=5236) to work on /opt/airflow/dags/prod/airbyte_to_dbt_prod.py
[2026-08-27T16:07:59.591+0000] {processor.py:914} INFO - Processing file /opt/airflow/dags/prod/airbyte_to_dbt_prod.py for tasks to queue
[2026-08-27T16:07:59.594+0000] {logging_mixin.py:190} INFO - [2026-08-27T16:07:59.594+0000] {dagbag.py:588} INFO - Filling up the DagBag from /opt/airflow/dags/prod/airbyte_to_dbt_prod.py
[2026-08-27T16:07:59.617+0000] {processor.py:925} INFO - DAG(s) 'airbyte_to_dbt_pipeline_prod' retrieved from /opt/airflow/dags/prod/airbyte_to_dbt_prod.py
[2026-08-27T16:07:59.659+0000] {logging_mixin.py:190} INFO - [2026-08-27T16:07:59.659+0000] {dag.py:3239} INFO - Sync 1 DAGs
[2026-08-27T16:07:59.692+0000] {logging_mixin.py:190} INFO - [2026-08-27T16:07:59.691+0000] {dag.py:4180} INFO - Setting next_dagrun for airbyte_to_dbt_pipeline_prod to 2026-08-27 15:00:00+00:00, run_after=2026-08-27 16:00:00+00:00
[2026-08-27T16:07:59.715+0000] {processor.py:208} INFO - Processing /opt/airflow/dags/prod/airbyte_to_dbt_prod.py took 0.133 seconds
[2026-08-27T16:08:29.880+0000] {processor.py:186} INFO - Started process (PID=5246) to work on /opt/airflow/dags/prod/airbyte_to_dbt_prod.py
[2026-08-27T16:08:29.881+0000] {processor.py:914} INFO - Processing file /opt/airflow/dags/prod/airbyte_to_dbt_prod.py for tasks to queue
[2026-08-27T16:08:29.884+0000] {logging_mixin.py:190} INFO - [2026-08-27T16:08:29.884+0000] {dagbag.py:588} INFO - Filling up the DagBag from /opt/airflow/dags/prod/airbyte_to_dbt_prod.py
[2026-08-27T16:08:29.908+0000] {processor.py:925} INFO - DAG(s) 'airbyte_to_dbt_pipeline_prod' retrieved from /opt/airflow/dags/prod/airbyte_to_dbt_prod.py
[2026-08-27T16:08:29.948+0000] {logging_mixin.py:190} INFO - [2026-08-27T16:08:29.948+0000] {dag.py:3239} INFO - Sync 1 DAGs
[2026-08-27T16:08:29.979+0000] {logging_mixin.py:190} INFO - [2026-08-27T16:08:29.979+0000] {dag.py:4180} INFO - Setting next_dagrun for airbyte_to_dbt_pipeline_prod to 2026-08-27 15:00:00+00:00, run_after=2026-08-27 16:00:00+00:00
[2026-08-27T16:08:30.002+0000] {processor.py:208} INFO - Processing /opt/airflow/dags/prod/airbyte_to_dbt_prod.py took 0.130 seconds
[2026-08-27T16:09:00.172+0000] {processor.py:186} INFO - Started process (PID=5256) to work on /opt/airflow/dags/prod/airbyte_to_dbt_prod.py
[2026-08-27T16:09:00.173+0000] {processor.py:914} INFO - Processing file /opt/airflow/dags/prod/airbyte_to_dbt_prod.py for tasks to queue
[2026-08-27T16:09:00.177+0000] {logging_mixin.py:190} INFO - [2026-08-27T16:09:00.176+0000] {dagbag.py:588} INFO - Filling up the DagBag from /opt/airflow/dags/prod/airbyte_to_dbt_prod.py
[2026-08-27T16:09:00.200+0000] {processor.py:925} INFO - DAG(s) 'airbyte_to_dbt_pipeline_prod' retrieved from /opt/airflow/dags/prod/airbyte_to_dbt_prod.py
[2026-08-27T16:09:00.250+0000] {logging_mixin.py:190} INFO - [2026-08-27T16:09:00.249+0000] {dag.py:3239} INFO - Sync 1 DAGs
[2026-08-27T16:09:00.281+0000] {logging_mixin.py:190} INFO - [2026-08-27T16:09:00.281+0000] {dag.py:4180} INFO - Setting next_dagrun for airbyte_to_dbt_pipeline_prod to 2026-08-27 15:00:00+00:00, run_after=2026-08-27 16:00:00+00:00
[2026-08-27T16:09:00.306+0000] {processor.py:208} INFO - Processing /opt/airflow/dags/prod/airbyte_to_dbt_prod.py took 0.143 seconds
[2026-08-27T16:09:30.471+0000] {processor.py:186} INFO - Started process (PID=5266) to work on /opt/airflow/dags/prod/airbyte_to_dbt_prod.py
[2026-08-27T16:09:30.472+0000] {processor.py:914} INFO - Processing file /opt/airflow/dags/prod/airbyte_to_dbt_prod.py for tasks to queue
[2026-08-27T16:09:30.475+0000] {logging_mixin.py:190} INFO - [2026-08-27T16:09:30.474+0000] {dagbag.py:588} INFO - Filling up the DagBag from /opt/airflow/dags/prod/airbyte_to_dbt_prod.py
[2026-08-27T16:09:30.497+0000] {processor.py:925} INFO - DAG(s) 'airbyte_to_dbt_pipeline_prod' retrieved from /opt/airflow/dags/prod/airbyte_to_dbt_prod.py
[2026-08-27T16:09:30.547+0000] {logging_mixin.py:190} INFO - [2026-08-27T16:09:30.546+0000] {dag.py:3239} INFO - Sync 1 DAGs
[2026-08-27T16:09:30.584+0000] {logging_mixin.py:190} INFO - [2026-08-27T16:09:30.584+0000] {dag.py:4180} INFO - Setting next_dagrun for airbyte_to_dbt_pipeline_prod to 2026-08-27 15:00:00+00:00, run_after=2026-08-27 16:00:00+00:00
[2026-08-27T16:09:30.607+0000] {processor.py:208} INFO - Processing /opt/airflow/dags/prod/airbyte_to_dbt_prod.py took 0.144 seconds
[2026-08-27T16:10:00.778+0000] {processor.py:186} INFO - Started process (PID=5276) to work on /opt/airflow/dags/prod/airbyte_to_dbt_prod.py
[2026-08-27T16:10:00.779+0000] {processor.py:914} INFO - Processing file /opt/airflow/dags/prod/airbyte_to_dbt_prod.py for tasks to queue
[2026-08-27T16:10:00.782+0000] {logging_mixin.py:190} INFO - [2026-08-27T16:10:00.782+0000] {dagbag.py:588} INFO - Filling up the DagBag from /opt/airflow/dags/prod/airbyte_to_dbt_prod.py
[2026-08-27T16:10:00.808+0000] {processor.py:925} INFO - DAG(s) 'airbyte_to_dbt_pipeline_prod' retrieved from /opt/airflow/dags/prod/airbyte_to_dbt_prod.py
[2026-08-27T16:10:00.854+0000] {logging_mixin.py:190} INFO - [2026-08-27T16:10:00.854+0000] {dag.py:3239} INFO - Sync 1 DAGs
[2026-08-27T16:10:00.889+0000] {logging_mixin.py:190} INFO - [2026-08-27T16:10:00.889+0000] {dag.py:4180} INFO - Setting next_dagrun for airbyte_to_dbt_pipeline_prod to 2026-08-27 15:00:00+00:00, run_after=2026-08-27 16:00:00+00:00
[2026-08-27T16:10:00.911+0000] {processor.py:208} INFO - Processing /opt/airflow/dags/prod/airbyte_to_dbt_prod.py took 0.141 seconds
[2026-08-27T16:10:31.084+0000] {processor.py:186} INFO - Started process (PID=5286) to work on /opt/airflow/dags/prod/airbyte_to_dbt_prod.py
[2026-08-27T16:10:31.085+0000] {processor.py:914} INFO - Processing file /opt/airflow/dags/prod/airbyte_to_dbt_prod.py for tasks to queue
[2026-08-27T16:10:31.089+0000] {logging_mixin.py:190} INFO - [2026-08-27T16:10:31.088+0000] {dagbag.py:588} INFO - Filling up the DagBag from /opt/airflow/dags/prod/airbyte_to_dbt_prod.py
[2026-08-27T16:10:31.114+0000] {processor.py:925} INFO - DAG(s) 'airbyte_to_dbt_pipeline_prod' retrieved from /opt/airflow/dags/prod/airbyte_to_dbt_prod.py
[2026-08-27T16:10:31.165+0000] {logging_mixin.py:190} INFO - [2026-08-27T16:10:31.165+0000] {dag.py:3239} INFO - Sync 1 DAGs
[2026-08-27T16:10:31.196+0000] {logging_mixin.py:190} INFO - [2026-08-27T16:10:31.196+0000] {dag.py:4180} INFO - Setting next_dagrun for airbyte_to_dbt_pipeline_prod to 2026-08-27 15:00:00+00:00, run_after=2026-08-27 16:00:00+00:00
[2026-08-27T16:10:31.220+0000] {processor.py:208} INFO - Processing /opt/airflow/dags/prod/airbyte_to_dbt_prod.py took 0.144 seconds
[2026-08-27T16:11:01.389+0000] {processor.py:186} INFO - Started process (PID=5296) to work on /opt/airflow/dags/prod/airbyte_to_dbt_prod.py
[2026-08-27T16:11:01.390+0000] {processor.py:914} INFO - Processing file /opt/airflow/dags/prod/airbyte_to_dbt_prod.py for tasks to queue
[2026-08-27T16:11:01.393+0000] {logging_mixin.py:190} INFO - [2026-08-27T16:11:01.392+0000] {dagbag.py:588} INFO - Filling up the DagBag from /opt/airflow/dags/prod/airbyte_to_dbt_prod.py
[2026-08-27T16:11:01.416+0000] {processor.py:925} INFO - DAG(s) 'airbyte_to_dbt_pipeline_prod' retrieved from /opt/airflow/dags/prod/airbyte_to_dbt_prod.py
[2026-08-27T16:11:01.462+0000] {logging_mixin.py:190} INFO - [2026-08-27T16:11:01.462+0000] {dag.py:3239} INFO - Sync 1 DAGs
[2026-08-27T16:11:01.490+0000] {logging_mixin.py:190} INFO - [2026-08-27T16:11:01.490+0000] {dag.py:4180} INFO - Setting next_dagrun for airbyte_to_dbt_pipeline_prod to 2026-08-27 15:00:00+00:00, run_after=2026-08-27 16:00:00+00:00
[2026-08-27T16:11:01.515+0000] {processor.py:208} INFO - Processing /opt/airflow/dags/prod/airbyte_to_dbt_prod.py took 0.135 seconds
[2026-08-27T16:11:31.681+0000] {processor.py:186} INFO - Started process (PID=5306) to work on /opt/airflow/dags/prod/airbyte_to_dbt_prod.py
[2026-08-27T16:11:31.682+0000] {processor.py:914} INFO - Processing file /opt/airflow/dags/prod/airbyte_to_dbt_prod.py for tasks to queue
[2026-08-27T16:11:31.685+0000] {logging_mixin.py:190} INFO - [2026-08-27T16:11:31.685+0000] {dagbag.py:588} INFO - Filling up the DagBag from /opt/airflow/dags/prod/airbyte_to_dbt_prod.py
[2026-08-27T16:11:31.708+0000] {processor.py:925} INFO - DAG(s) 'airbyte_to_dbt_pipeline_prod' retrieved from /opt/airflow/dags/prod/airbyte_to_dbt_prod.py
[2026-08-27T16:11:31.750+0000] {logging_mixin.py:190} INFO - [2026-08-27T16:11:31.750+0000] {dag.py:3239} INFO - Sync 1 DAGs
[2026-08-27T16:11:31.781+0000] {logging_mixin.py:190} INFO - [2026-08-27T16:11:31.781+0000] {dag.py:4180} INFO - Setting next_dagrun for airbyte_to_dbt_pipeline_prod to 2026-08-27 15:00:00+00:00, run_after=2026-08-27 16:00:00+00:00
[2026-08-27T16:11:31.804+0000] {processor.py:208} INFO - Processing /opt/airflow/dags/prod/airbyte_to_dbt_prod.py took 0.133 seconds
[2026-08-27T16:12:01.981+0000] {processor.py:186} INFO - Started process (PID=5316) to work on /opt/airflow/dags/prod/airbyte_to_dbt_prod.py
[2026-08-27T16:12:01.983+0000] {processor.py:914} INFO - Processing file /opt/airflow/dags/prod/airbyte_to_dbt_prod.py for tasks to queue
[2026-08-27T16:12:01.987+0000] {logging_mixin.py:190} INFO - [2026-08-27T16:12:01.987+0000] {dagbag.py:588} INFO - Filling up the DagBag from /opt/airflow/dags/prod/airbyte_to_dbt_prod.py
[2026-08-27T16:12:02.018+0000] {processor.py:925} INFO - DAG(s) 'airbyte_to_dbt_pipeline_prod' retrieved from /opt/airflow/dags/prod/airbyte_to_dbt_prod.py
[2026-08-27T16:12:02.066+0000] {logging_mixin.py:190} INFO - [2026-08-27T16:12:02.066+0000] {dag.py:3239} INFO - Sync 1 DAGs
[2026-08-27T16:12:02.104+0000] {logging_mixin.py:190} INFO - [2026-08-27T16:12:02.104+0000] {dag.py:4180} INFO - Setting next_dagrun for airbyte_to_dbt_pipeline_prod to 2026-08-27 15:00:00+00:00, run_after=2026-08-27 16:00:00+00:00
[2026-08-27T16:12:02.127+0000] {processor.py:208} INFO - Processing /opt/airflow/dags/prod/airbyte_to_dbt_prod.py took 0.158 seconds
[2026-08-27T16:12:32.285+0000] {processor.py:186} INFO - Started process (PID=5326) to work on /opt/airflow/dags/prod/airbyte_to_dbt_prod.py
[2026-08-27T16:12:32.286+0000] {processor.py:914} INFO - Processing file /opt/airflow/dags/prod/airbyte_to_dbt_prod.py for tasks to queue
[2026-08-27T16:12:32.289+0000] {logging_mixin.py:190} INFO - [2026-08-27T16:12:32.289+0000] {dagbag.py:588} INFO - Filling up the DagBag from /opt/airflow/dags/prod/airbyte_to_dbt_prod.py
[2026-08-27T16:12:32.315+0000] {processor.py:925} INFO - DAG(s) 'airbyte_to_dbt_pipeline_prod' retrieved from /opt/airflow/dags/prod/airbyte_to_dbt_prod.py
[2026-08-27T16:12:32.356+0000] {logging_mixin.py:190} INFO - [2026-08-27T16:12:32.356+0000] {dag.py:3239} INFO - Sync 1 DAGs
[2026-08-27T16:12:32.396+0000] {logging_mixin.py:190} INFO - [2026-08-27T16:12:32.395+0000] {dag.py:4180} INFO - Setting next_dagrun for airbyte_to_dbt_pipeline_prod to 2026-08-27 15:00:00+00:00, run_after=2026-08-27 16:00:00+00:00
[2026-08-27T16:12:32.423+0000] {processor.py:208} INFO - Processing /opt/airflow/dags/prod/airbyte_to_dbt_prod.py took 0.148 seconds
[2026-08-27T16:13:02.601+0000] {processor.py:186} INFO - Started process (PID=5336) to work on /opt/airflow/dags/prod/airbyte_to_dbt_prod.py
[2026-08-27T16:13:02.602+0000] {processor.py:914} INFO - Processing file /opt/airflow/dags/prod/airbyte_to_dbt_prod.py for tasks to queue
[2026-08-27T16:13:02.606+0000] {logging_mixin.py:190} INFO - [2026-08-27T16:13:02.606+0000] {dagbag.py:588} INFO - Filling up the DagBag from /opt/airflow/dags/prod/airbyte_to_dbt_prod.py
[2026-08-27T16:13:02.636+0000] {processor.py:925} INFO - DAG(s) 'airbyte_to_dbt_pipeline_prod' retrieved from /opt/airflow/dags/prod/airbyte_to_dbt_prod.py
[2026-08-27T16:13:02.685+0000] {logging_mixin.py:190} INFO - [2026-08-27T16:13:02.685+0000] {dag.py:3239} INFO - Sync 1 DAGs
[2026-08-27T16:13:02.715+0000] {logging_mixin.py:190} INFO - [2026-08-27T16:13:02.715+0000] {dag.py:4180} INFO - Setting next_dagrun for airbyte_to_dbt_pipeline_prod to 2026-08-27 15:00:00+00:00, run_after=2026-08-27 16:00:00+00:00
[2026-08-27T16:13:02.752+0000] {processor.py:208} INFO - Processing /opt/airflow/dags/prod/airbyte_to_dbt_prod.py took 0.162 seconds
[2026-08-27T16:13:32.930+0000] {processor.py:186} INFO - Started process (PID=5346) to work on /opt/airflow/dags/prod/airbyte_to_dbt_prod.py
[2026-08-27T16:13:32.931+0000] {processor.py:914} INFO - Processing file /opt/airflow/dags/prod/airbyte_to_dbt_prod.py for tasks to queue
[2026-08-27T16:13:32.934+0000] {logging_mixin.py:190} INFO - [2026-08-27T16:13:32.934+0000] {dagbag.py:588} INFO - Filling up the DagBag from /opt/airflow/dags/prod/airbyte_to_dbt_prod.py
[2026-08-27T16:13:32.957+0000] {processor.py:925} INFO - DAG(s) 'airbyte_to_dbt_pipeline_prod' retrieved from /opt/airflow/dags/prod/airbyte_to_dbt_prod.py
[2026-08-27T16:13:33.002+0000] {logging_mixin.py:190} INFO - [2026-08-27T16:13:33.002+0000] {dag.py:3239} INFO - Sync 1 DAGs
[2026-08-27T16:13:33.032+0000] {logging_mixin.py:190} INFO - [2026-08-27T16:13:33.032+0000] {dag.py:4180} INFO - Setting next_dagrun for airbyte_to_dbt_pipeline_prod to 2026-08-27 15:00:00+00:00, run_after=2026-08-27 16:00:00+00:00
[2026-08-27T16:13:33.056+0000] {processor.py:208} INFO - Processing /opt/airflow/dags/prod/airbyte_to_dbt_prod.py took 0.134 seconds
[2026-08-27T16:14:03.234+0000] {processor.py:186} INFO - Started process (PID=5356) to work on /opt/airflow/dags/prod/airbyte_to_dbt_prod.py
[2026-08-27T16:14:03.235+0000] {processor.py:914} INFO - Processing file /opt/airflow/dags/prod/airbyte_to_dbt_prod.py for tasks to queue
[2026-08-27T16:14:03.238+0000] {logging_mixin.py:190} INFO - [2026-08-27T16:14:03.238+0000] {dagbag.py:588} INFO - Filling up the DagBag from /opt/airflow/dags/prod/airbyte_to_dbt_prod.py
[2026-08-27T16:14:03.264+0000] {processor.py:925} INFO - DAG(s) 'airbyte_to_dbt_pipeline_prod' retrieved from /opt/airflow/dags/prod/airbyte_to_dbt_prod.py
[2026-08-27T16:14:03.315+0000] {logging_mixin.py:190} INFO - [2026-08-27T16:14:03.315+0000] {dag.py:3239} INFO - Sync 1 DAGs
[2026-08-27T16:14:03.346+0000] {logging_mixin.py:190} INFO - [2026-08-27T16:14:03.346+0000] {dag.py:4180} INFO - Setting next_dagrun for airbyte_to_dbt_pipeline_prod to 2026-08-27 15:00:00+00:00, run_after=2026-08-27 16:00:00+00:00
[2026-08-27T16:14:03.367+0000] {processor.py:208} INFO - Processing /opt/airflow/dags/prod/airbyte_to_dbt_prod.py took 0.140 seconds
[2026-08-27T16:14:33.520+0000] {processor.py:186} INFO - Started process (PID=5366) to work on /opt/airflow/dags/prod/airbyte_to_dbt_prod.py
[2026-08-27T16:14:33.522+0000] {processor.py:914} INFO - Processing file /opt/airflow/dags/prod/airbyte_to_dbt_prod.py for tasks to queue
[2026-08-27T16:14:33.525+0000] {logging_mixin.py:190} INFO - [2026-08-27T16:14:33.524+0000] {dagbag.py:588} INFO - Filling up the DagBag from /opt/airflow/dags/prod/airbyte_to_dbt_prod.py
[2026-08-27T16:14:33.546+0000] {processor.py:925} INFO - DAG(s) 'airbyte_to_dbt_pipeline_prod' retrieved from /opt/airflow/dags/prod/airbyte_to_dbt_prod.py
[2026-08-27T16:14:33.589+0000] {logging_mixin.py:190} INFO - [2026-08-27T16:14:33.588+0000] {dag.py:3239} INFO - Sync 1 DAGs
[2026-08-27T16:14:33.621+0000] {logging_mixin.py:190} INFO - [2026-08-27T16:14:33.621+0000] {dag.py:4180} INFO - Setting next_dagrun for airbyte_to_dbt_pipeline_prod to 2026-08-27 15:00:00+00:00, run_after=2026-08-27 16:00:00+00:00
[2026-08-27T16:14:33.645+0000] {processor.py:208} INFO - Processing /opt/airflow/dags/prod/airbyte_to_dbt_prod.py took 0.134 seconds
[2026-08-27T16:15:03.817+0000] {processor.py:186} INFO - Started process (PID=5376) to work on /opt/airflow/dags/prod/airbyte_to_dbt_prod.py
[2026-08-27T16:15:03.818+0000] {processor.py:914} INFO - Processing file /opt/airflow/dags/prod/airbyte_to_dbt_prod.py for tasks to queue
[2026-08-27T16:15:03.822+0000] {logging_mixin.py:190} INFO - [2026-08-27T16:15:03.822+0000] {dagbag.py:588} INFO - Filling up the DagBag from /opt/airflow/dags/prod/airbyte_to_dbt_prod.py
[2026-08-27T16:15:03.850+0000] {processor.py:925} INFO - DAG(s) 'airbyte_to_dbt_pipeline_prod' retrieved from /opt/airflow/dags/prod/airbyte_to_dbt_prod.py
[2026-08-27T16:15:03.901+0000] {logging_mixin.py:190} INFO - [2026-08-27T16:15:03.901+0000] {dag.py:3239} INFO - Sync 1 DAGs
[2026-08-27T16:15:03.937+0000] {logging_mixin.py:190} INFO - [2026-08-27T16:15:03.937+0000] {dag.py:4180} INFO - Setting next_dagrun for airbyte_to_dbt_pipeline_prod to 2026-08-27 15:00:00+00:00, run_after=2026-08-27 16:00:00+00:00
[2026-08-27T16:15:03.965+0000] {processor.py:208} INFO - Processing /opt/airflow/dags/prod/airbyte_to_dbt_prod.py took 0.158 seconds
