[2026-08-29T12:02:51.754+0000] {processor.py:186} INFO - Started process (PID=165) to work on /opt/airflow/dags/prod/airbyte_to_dbt_prod.py
[2026-08-29T12:02:51.755+0000] {processor.py:914} INFO - Processing file /opt/airflow/dags/prod/airbyte_to_dbt_prod.py for tasks to queue
[2026-08-29T12:02:51.758+0000] {logging_mixin.py:190} INFO - [2026-08-29T12:02:51.758+0000] {dagbag.py:588} INFO - Filling up the DagBag from /opt/airflow/dags/prod/airbyte_to_dbt_prod.py
[2026-08-29T12:02:51.790+0000] {processor.py:925} INFO - DAG(s) 'airbyte_to_dbt_pipeline_prod' retrieved from /opt/airflow/dags/prod/airbyte_to_dbt_prod.py
[2026-08-29T12:02:51.849+0000] {logging_mixin.py:190} INFO - [2026-08-29T12:02:51.849+0000] {dag.py:3239} INFO - Sync 1 DAGs
[2026-08-29T12:02:51.909+0000] {logging_mixin.py:190} INFO - [2026-08-29T12:02:51.909+0000] {dag.py:4180} INFO - Setting next_dagrun for airbyte_to_dbt_pipeline_prod to 2026-08-29 11:00:00+00:00, run_after=2026-08-29 12:00:00+00:00
[2026-08-29T12:02:51.976+0000] {processor.py:208} INFO - Processing /opt/airflow/dags/prod/airbyte_to_dbt_prod.py took 0.230 seconds
[2026-08-29T12:03:22.156+0000] {processor.py:186} INFO - Started process (PID=176) to work on /opt/airflow/dags/prod/airbyte_to_dbt_prod.py
[2026-08-29T12:03:22.158+0000] {processor.py:914} INFO - Processing file /opt/airflow/dags/prod/airbyte_to_dbt_prod.py for tasks to queue
[2026-08-29T12:03:22.161+0000] {logging_mixin.py:190} INFO - [2026-08-29T12:03:22.161+0000] {dagbag.py:588} INFO - Filling up the DagBag from /opt/airflow/dags/prod/airbyte_to_dbt_prod.py
[2026-08-29T12:03:22.190+0000] {processor.py:925} INFO - DAG(s) 'airbyte_to_dbt_pipeline_prod' retrieved from /opt/airflow/dags/prod/airbyte_to_dbt_prod.py
[2026-08-29T12:03:22.244+0000] {logging_mixin.py:190} INFO - [2026-08-29T12:03:22.244+0000] {dag.py:3239} INFO - Sync 1 DAGs
[2026-08-29T12:03:22.289+0000] {logging_mixin.py:190} INFO - [2026-08-29T12:03:22.289+0000] {dag.py:4180} INFO - Setting next_dagrun for airbyte_to_dbt_pipeline_prod to 2026-08-29 11:00:00+00:00, run_after=2026-08-29 12:00:00+00:00
[2026-08-29T12:03:22.361+0000] {processor.py:208} INFO - Processing /opt/airflow/dags/prod/airbyte_to_dbt_prod.py took 0.215 seconds
[2026-08-29T12:03:52.770+0000] {processor.py:186} INFO - Started process (PID=184) to work on /opt/airflow/dags/prod/airbyte_to_dbt_prod.py
[2026-08-29T12:03:52.773+0000] {processor.py:914} INFO - Processing file /opt/airflow/dags/prod/airbyte_to_dbt_prod.py for tasks to queue
[2026-08-29T12:03:52.787+0000] {logging_mixin.py:190} INFO - [2026-08-29T12:03:52.780+0000] {dagbag.py:588} INFO - Filling up the DagBag from /opt/airflow/dags/prod/airbyte_to_dbt_prod.py
[2026-08-29T12:03:53.294+0000] {processor.py:925} INFO - DAG(s) 'airbyte_to_dbt_pipeline_prod' retrieved from /opt/airflow/dags/prod/airbyte_to_dbt_prod.py
[2026-08-29T12:03:53.673+0000] {logging_mixin.py:190} INFO - [2026-08-29T12:03:53.673+0000] {dag.py:3239} INFO - Sync 1 DAGs
[2026-08-29T12:03:53.906+0000] {logging_mixin.py:190} INFO - [2026-08-29T12:03:53.906+0000] {dag.py:4180} INFO - Setting next_dagrun for airbyte_to_dbt_pipeline_prod to 2026-08-29 11:00:00+00:00, run_after=2026-08-29 12:00:00+00:00
[2026-08-29T12:03:53.949+0000] {processor.py:208} INFO - Processing /opt/airflow/dags/prod/airbyte_to_dbt_prod.py took 1.262 seconds
[2026-08-29T12:04:24.298+0000] {processor.py:186} INFO - Started process (PID=196) to work on /opt/airflow/dags/prod/airbyte_to_dbt_prod.py
[2026-08-29T12:04:24.300+0000] {processor.py:914} INFO - Processing file /opt/airflow/dags/prod/airbyte_to_dbt_prod.py for tasks to queue
[2026-08-29T12:04:24.373+0000] {logging_mixin.py:190} INFO - [2026-08-29T12:04:24.372+0000] {dagbag.py:588} INFO - Filling up the DagBag from /opt/airflow/dags/prod/airbyte_to_dbt_prod.py
[2026-08-29T12:04:24.643+0000] {processor.py:925} INFO - DAG(s) 'airbyte_to_dbt_pipeline_prod' retrieved from /opt/airflow/dags/prod/airbyte_to_dbt_prod.py
[2026-08-29T12:04:25.068+0000] {logging_mixin.py:190} INFO - [2026-08-29T12:04:25.067+0000] {dag.py:3239} INFO - Sync 1 DAGs
[2026-08-29T12:04:25.508+0000] {logging_mixin.py:190} INFO - [2026-08-29T12:04:25.506+0000] {dag.py:4180} INFO - Setting next_dagrun for airbyte_to_dbt_pipeline_prod to 2026-08-29 11:00:00+00:00, run_after=2026-08-29 12:00:00+00:00
[2026-08-29T12:04:25.541+0000] {processor.py:208} INFO - Processing /opt/airflow/dags/prod/airbyte_to_dbt_prod.py took 1.337 seconds
[2026-08-29T12:04:55.934+0000] {processor.py:186} INFO - Started process (PID=204) to work on /opt/airflow/dags/prod/airbyte_to_dbt_prod.py
[2026-08-29T12:04:55.940+0000] {processor.py:914} INFO - Processing file /opt/airflow/dags/prod/airbyte_to_dbt_prod.py for tasks to queue
[2026-08-29T12:04:55.979+0000] {logging_mixin.py:190} INFO - [2026-08-29T12:04:55.979+0000] {dagbag.py:588} INFO - Filling up the DagBag from /opt/airflow/dags/prod/airbyte_to_dbt_prod.py
[2026-08-29T12:04:56.146+0000] {processor.py:925} INFO - DAG(s) 'airbyte_to_dbt_pipeline_prod' retrieved from /opt/airflow/dags/prod/airbyte_to_dbt_prod.py
[2026-08-29T12:04:56.373+0000] {logging_mixin.py:190} INFO - [2026-08-29T12:04:56.373+0000] {dag.py:3239} INFO - Sync 1 DAGs
[2026-08-29T12:04:56.514+0000] {logging_mixin.py:190} INFO - [2026-08-29T12:04:56.514+0000] {dag.py:4180} INFO - Setting next_dagrun for airbyte_to_dbt_pipeline_prod to 2026-08-29 11:00:00+00:00, run_after=2026-08-29 12:00:00+00:00
[2026-08-29T12:04:56.552+0000] {processor.py:208} INFO - Processing /opt/airflow/dags/prod/airbyte_to_dbt_prod.py took 0.672 seconds
[2026-08-29T12:05:26.847+0000] {processor.py:186} INFO - Started process (PID=214) to work on /opt/airflow/dags/prod/airbyte_to_dbt_prod.py
[2026-08-29T12:05:26.850+0000] {processor.py:914} INFO - Processing file /opt/airflow/dags/prod/airbyte_to_dbt_prod.py for tasks to queue
[2026-08-29T12:05:26.854+0000] {logging_mixin.py:190} INFO - [2026-08-29T12:05:26.853+0000] {dagbag.py:588} INFO - Filling up the DagBag from /opt/airflow/dags/prod/airbyte_to_dbt_prod.py
[2026-08-29T12:05:26.882+0000] {processor.py:925} INFO - DAG(s) 'airbyte_to_dbt_pipeline_prod' retrieved from /opt/airflow/dags/prod/airbyte_to_dbt_prod.py
[2026-08-29T12:05:26.963+0000] {logging_mixin.py:190} INFO - [2026-08-29T12:05:26.962+0000] {dag.py:3239} INFO - Sync 1 DAGs
[2026-08-29T12:05:27.014+0000] {logging_mixin.py:190} INFO - [2026-08-29T12:05:27.014+0000] {dag.py:4180} INFO - Setting next_dagrun for airbyte_to_dbt_pipeline_prod to 2026-08-29 11:00:00+00:00, run_after=2026-08-29 12:00:00+00:00
[2026-08-29T12:05:27.063+0000] {processor.py:208} INFO - Processing /opt/airflow/dags/prod/airbyte_to_dbt_prod.py took 0.227 seconds
[2026-08-29T12:05:57.243+0000] {processor.py:186} INFO - Started process (PID=226) to work on /opt/airflow/dags/prod/airbyte_to_dbt_prod.py
[2026-08-29T12:05:57.250+0000] {processor.py:914} INFO - Processing file /opt/airflow/dags/prod/airbyte_to_dbt_prod.py for tasks to queue
[2026-08-29T12:05:57.252+0000] {logging_mixin.py:190} INFO - [2026-08-29T12:05:57.252+0000] {dagbag.py:588} INFO - Filling up the DagBag from /opt/airflow/dags/prod/airbyte_to_dbt_prod.py
[2026-08-29T12:05:57.303+0000] {processor.py:925} INFO - DAG(s) 'airbyte_to_dbt_pipeline_prod' retrieved from /opt/airflow/dags/prod/airbyte_to_dbt_prod.py
[2026-08-29T12:05:57.399+0000] {logging_mixin.py:190} INFO - [2026-08-29T12:05:57.399+0000] {dag.py:3239} INFO - Sync 1 DAGs
[2026-08-29T12:05:57.435+0000] {logging_mixin.py:190} INFO - [2026-08-29T12:05:57.435+0000] {dag.py:4180} INFO - Setting next_dagrun for airbyte_to_dbt_pipeline_prod to 2026-08-29 11:00:00+00:00, run_after=2026-08-29 12:00:00+00:00
[2026-08-29T12:05:57.467+0000] {processor.py:208} INFO - Processing /opt/airflow/dags/prod/airbyte_to_dbt_prod.py took 0.231 seconds
[2026-08-29T12:06:27.625+0000] {processor.py:186} INFO - Started process (PID=236) to work on /opt/airflow/dags/prod/airbyte_to_dbt_prod.py
[2026-08-29T12:06:27.627+0000] {processor.py:914} INFO - Processing file /opt/airflow/dags/prod/airbyte_to_dbt_prod.py for tasks to queue
[2026-08-29T12:06:27.636+0000] {logging_mixin.py:190} INFO - [2026-08-29T12:06:27.635+0000] {dagbag.py:588} INFO - Filling up the DagBag from /opt/airflow/dags/prod/airbyte_to_dbt_prod.py
[2026-08-29T12:06:27.689+0000] {processor.py:925} INFO - DAG(s) 'airbyte_to_dbt_pipeline_prod' retrieved from /opt/airflow/dags/prod/airbyte_to_dbt_prod.py
[2026-08-29T12:06:27.767+0000] {logging_mixin.py:190} INFO - [2026-08-29T12:06:27.767+0000] {dag.py:3239} INFO - Sync 1 DAGs
[2026-08-29T12:06:27.815+0000] {logging_mixin.py:190} INFO - [2026-08-29T12:06:27.814+0000] {dag.py:4180} INFO - Setting next_dagrun for airbyte_to_dbt_pipeline_prod to 2026-08-29 11:00:00+00:00, run_after=2026-08-29 12:00:00+00:00
[2026-08-29T12:06:27.847+0000] {processor.py:208} INFO - Processing /opt/airflow/dags/prod/airbyte_to_dbt_prod.py took 0.232 seconds
[2026-08-29T12:06:58.143+0000] {processor.py:186} INFO - Started process (PID=244) to work on /opt/airflow/dags/prod/airbyte_to_dbt_prod.py
[2026-08-29T12:06:58.146+0000] {processor.py:914} INFO - Processing file /opt/airflow/dags/prod/airbyte_to_dbt_prod.py for tasks to queue
[2026-08-29T12:06:58.193+0000] {logging_mixin.py:190} INFO - [2026-08-29T12:06:58.192+0000] {dagbag.py:588} INFO - Filling up the DagBag from /opt/airflow/dags/prod/airbyte_to_dbt_prod.py
[2026-08-29T12:06:58.278+0000] {processor.py:925} INFO - DAG(s) 'airbyte_to_dbt_pipeline_prod' retrieved from /opt/airflow/dags/prod/airbyte_to_dbt_prod.py
[2026-08-29T12:06:58.369+0000] {logging_mixin.py:190} INFO - [2026-08-29T12:06:58.369+0000] {dag.py:3239} INFO - Sync 1 DAGs
[2026-08-29T12:06:58.432+0000] {logging_mixin.py:190} INFO - [2026-08-29T12:06:58.432+0000] {dag.py:4180} INFO - Setting next_dagrun for airbyte_to_dbt_pipeline_prod to 2026-08-29 11:00:00+00:00, run_after=2026-08-29 12:00:00+00:00
[2026-08-29T12:06:58.458+0000] {processor.py:208} INFO - Processing /opt/airflow/dags/prod/airbyte_to_dbt_prod.py took 0.414 seconds
[2026-08-29T12:07:28.622+0000] {processor.py:186} INFO - Started process (PID=256) to work on /opt/airflow/dags/prod/airbyte_to_dbt_prod.py
[2026-08-29T12:07:28.623+0000] {processor.py:914} INFO - Processing file /opt/airflow/dags/prod/airbyte_to_dbt_prod.py for tasks to queue
[2026-08-29T12:07:28.626+0000] {logging_mixin.py:190} INFO - [2026-08-29T12:07:28.626+0000] {dagbag.py:588} INFO - Filling up the DagBag from /opt/airflow/dags/prod/airbyte_to_dbt_prod.py
[2026-08-29T12:07:28.649+0000] {processor.py:925} INFO - DAG(s) 'airbyte_to_dbt_pipeline_prod' retrieved from /opt/airflow/dags/prod/airbyte_to_dbt_prod.py
[2026-08-29T12:07:28.692+0000] {logging_mixin.py:190} INFO - [2026-08-29T12:07:28.692+0000] {dag.py:3239} INFO - Sync 1 DAGs
[2026-08-29T12:07:28.723+0000] {logging_mixin.py:190} INFO - [2026-08-29T12:07:28.722+0000] {dag.py:4180} INFO - Setting next_dagrun for airbyte_to_dbt_pipeline_prod to 2026-08-29 11:00:00+00:00, run_after=2026-08-29 12:00:00+00:00
[2026-08-29T12:07:28.747+0000] {processor.py:208} INFO - Processing /opt/airflow/dags/prod/airbyte_to_dbt_prod.py took 0.132 seconds
[2026-08-29T12:07:58.952+0000] {processor.py:186} INFO - Started process (PID=266) to work on /opt/airflow/dags/prod/airbyte_to_dbt_prod.py
[2026-08-29T12:07:58.956+0000] {processor.py:914} INFO - Processing file /opt/airflow/dags/prod/airbyte_to_dbt_prod.py for tasks to queue
[2026-08-29T12:07:58.959+0000] {logging_mixin.py:190} INFO - [2026-08-29T12:07:58.959+0000] {dagbag.py:588} INFO - Filling up the DagBag from /opt/airflow/dags/prod/airbyte_to_dbt_prod.py
[2026-08-29T12:07:58.982+0000] {processor.py:925} INFO - DAG(s) 'airbyte_to_dbt_pipeline_prod' retrieved from /opt/airflow/dags/prod/airbyte_to_dbt_prod.py
[2026-08-29T12:07:59.035+0000] {logging_mixin.py:190} INFO - [2026-08-29T12:07:59.035+0000] {dag.py:3239} INFO - Sync 1 DAGs
[2026-08-29T12:07:59.065+0000] {logging_mixin.py:190} INFO - [2026-08-29T12:07:59.065+0000] {dag.py:4180} INFO - Setting next_dagrun for airbyte_to_dbt_pipeline_prod to 2026-08-29 11:00:00+00:00, run_after=2026-08-29 12:00:00+00:00
[2026-08-29T12:07:59.091+0000] {processor.py:208} INFO - Processing /opt/airflow/dags/prod/airbyte_to_dbt_prod.py took 0.148 seconds
[2026-08-29T12:08:29.260+0000] {processor.py:186} INFO - Started process (PID=276) to work on /opt/airflow/dags/prod/airbyte_to_dbt_prod.py
[2026-08-29T12:08:29.261+0000] {processor.py:914} INFO - Processing file /opt/airflow/dags/prod/airbyte_to_dbt_prod.py for tasks to queue
[2026-08-29T12:08:29.265+0000] {logging_mixin.py:190} INFO - [2026-08-29T12:08:29.265+0000] {dagbag.py:588} INFO - Filling up the DagBag from /opt/airflow/dags/prod/airbyte_to_dbt_prod.py
[2026-08-29T12:08:29.294+0000] {processor.py:925} INFO - DAG(s) 'airbyte_to_dbt_pipeline_prod' retrieved from /opt/airflow/dags/prod/airbyte_to_dbt_prod.py
[2026-08-29T12:08:29.339+0000] {logging_mixin.py:190} INFO - [2026-08-29T12:08:29.339+0000] {dag.py:3239} INFO - Sync 1 DAGs
[2026-08-29T12:08:29.372+0000] {logging_mixin.py:190} INFO - [2026-08-29T12:08:29.372+0000] {dag.py:4180} INFO - Setting next_dagrun for airbyte_to_dbt_pipeline_prod to 2026-08-29 11:00:00+00:00, run_after=2026-08-29 12:00:00+00:00
[2026-08-29T12:08:29.410+0000] {processor.py:208} INFO - Processing /opt/airflow/dags/prod/airbyte_to_dbt_prod.py took 0.162 seconds
[2026-08-29T12:08:59.554+0000] {processor.py:186} INFO - Started process (PID=286) to work on /opt/airflow/dags/prod/airbyte_to_dbt_prod.py
[2026-08-29T12:08:59.555+0000] {processor.py:914} INFO - Processing file /opt/airflow/dags/prod/airbyte_to_dbt_prod.py for tasks to queue
[2026-08-29T12:08:59.558+0000] {logging_mixin.py:190} INFO - [2026-08-29T12:08:59.557+0000] {dagbag.py:588} INFO - Filling up the DagBag from /opt/airflow/dags/prod/airbyte_to_dbt_prod.py
[2026-08-29T12:08:59.580+0000] {processor.py:925} INFO - DAG(s) 'airbyte_to_dbt_pipeline_prod' retrieved from /opt/airflow/dags/prod/airbyte_to_dbt_prod.py
[2026-08-29T12:08:59.631+0000] {logging_mixin.py:190} INFO - [2026-08-29T12:08:59.631+0000] {dag.py:3239} INFO - Sync 1 DAGs
[2026-08-29T12:08:59.668+0000] {logging_mixin.py:190} INFO - [2026-08-29T12:08:59.668+0000] {dag.py:4180} INFO - Setting next_dagrun for airbyte_to_dbt_pipeline_prod to 2026-08-29 11:00:00+00:00, run_after=2026-08-29 12:00:00+00:00
[2026-08-29T12:08:59.696+0000] {processor.py:208} INFO - Processing /opt/airflow/dags/prod/airbyte_to_dbt_prod.py took 0.150 seconds
[2026-08-29T12:09:29.863+0000] {processor.py:186} INFO - Started process (PID=296) to work on /opt/airflow/dags/prod/airbyte_to_dbt_prod.py
[2026-08-29T12:09:29.864+0000] {processor.py:914} INFO - Processing file /opt/airflow/dags/prod/airbyte_to_dbt_prod.py for tasks to queue
[2026-08-29T12:09:29.867+0000] {logging_mixin.py:190} INFO - [2026-08-29T12:09:29.867+0000] {dagbag.py:588} INFO - Filling up the DagBag from /opt/airflow/dags/prod/airbyte_to_dbt_prod.py
[2026-08-29T12:09:29.890+0000] {processor.py:925} INFO - DAG(s) 'airbyte_to_dbt_pipeline_prod' retrieved from /opt/airflow/dags/prod/airbyte_to_dbt_prod.py
[2026-08-29T12:09:29.928+0000] {logging_mixin.py:190} INFO - [2026-08-29T12:09:29.927+0000] {dag.py:3239} INFO - Sync 1 DAGs
[2026-08-29T12:09:29.960+0000] {logging_mixin.py:190} INFO - [2026-08-29T12:09:29.959+0000] {dag.py:4180} INFO - Setting next_dagrun for airbyte_to_dbt_pipeline_prod to 2026-08-29 11:00:00+00:00, run_after=2026-08-29 12:00:00+00:00
[2026-08-29T12:09:29.981+0000] {processor.py:208} INFO - Processing /opt/airflow/dags/prod/airbyte_to_dbt_prod.py took 0.128 seconds
[2026-08-29T12:10:00.172+0000] {processor.py:186} INFO - Started process (PID=306) to work on /opt/airflow/dags/prod/airbyte_to_dbt_prod.py
[2026-08-29T12:10:00.173+0000] {processor.py:914} INFO - Processing file /opt/airflow/dags/prod/airbyte_to_dbt_prod.py for tasks to queue
[2026-08-29T12:10:00.185+0000] {logging_mixin.py:190} INFO - [2026-08-29T12:10:00.184+0000] {dagbag.py:588} INFO - Filling up the DagBag from /opt/airflow/dags/prod/airbyte_to_dbt_prod.py
[2026-08-29T12:10:00.249+0000] {processor.py:925} INFO - DAG(s) 'airbyte_to_dbt_pipeline_prod' retrieved from /opt/airflow/dags/prod/airbyte_to_dbt_prod.py
[2026-08-29T12:10:00.356+0000] {logging_mixin.py:190} INFO - [2026-08-29T12:10:00.355+0000] {dag.py:3239} INFO - Sync 1 DAGs
[2026-08-29T12:10:00.411+0000] {logging_mixin.py:190} INFO - [2026-08-29T12:10:00.411+0000] {dag.py:4180} INFO - Setting next_dagrun for airbyte_to_dbt_pipeline_prod to 2026-08-29 11:00:00+00:00, run_after=2026-08-29 12:00:00+00:00
[2026-08-29T12:10:00.437+0000] {processor.py:208} INFO - Processing /opt/airflow/dags/prod/airbyte_to_dbt_prod.py took 0.277 seconds
[2026-08-29T12:10:30.618+0000] {processor.py:186} INFO - Started process (PID=316) to work on /opt/airflow/dags/prod/airbyte_to_dbt_prod.py
[2026-08-29T12:10:30.619+0000] {processor.py:914} INFO - Processing file /opt/airflow/dags/prod/airbyte_to_dbt_prod.py for tasks to queue
[2026-08-29T12:10:30.622+0000] {logging_mixin.py:190} INFO - [2026-08-29T12:10:30.621+0000] {dagbag.py:588} INFO - Filling up the DagBag from /opt/airflow/dags/prod/airbyte_to_dbt_prod.py
[2026-08-29T12:10:30.645+0000] {processor.py:925} INFO - DAG(s) 'airbyte_to_dbt_pipeline_prod' retrieved from /opt/airflow/dags/prod/airbyte_to_dbt_prod.py
[2026-08-29T12:10:30.698+0000] {logging_mixin.py:190} INFO - [2026-08-29T12:10:30.697+0000] {dag.py:3239} INFO - Sync 1 DAGs
[2026-08-29T12:10:30.736+0000] {logging_mixin.py:190} INFO - [2026-08-29T12:10:30.736+0000] {dag.py:4180} INFO - Setting next_dagrun for airbyte_to_dbt_pipeline_prod to 2026-08-29 11:00:00+00:00, run_after=2026-08-29 12:00:00+00:00
[2026-08-29T12:10:30.761+0000] {processor.py:208} INFO - Processing /opt/airflow/dags/prod/airbyte_to_dbt_prod.py took 0.152 seconds
[2026-08-29T12:11:00.915+0000] {processor.py:186} INFO - Started process (PID=326) to work on /opt/airflow/dags/prod/airbyte_to_dbt_prod.py
[2026-08-29T12:11:00.916+0000] {processor.py:914} INFO - Processing file /opt/airflow/dags/prod/airbyte_to_dbt_prod.py for tasks to queue
[2026-08-29T12:11:00.919+0000] {logging_mixin.py:190} INFO - [2026-08-29T12:11:00.919+0000] {dagbag.py:588} INFO - Filling up the DagBag from /opt/airflow/dags/prod/airbyte_to_dbt_prod.py
[2026-08-29T12:11:00.943+0000] {processor.py:925} INFO - DAG(s) 'airbyte_to_dbt_pipeline_prod' retrieved from /opt/airflow/dags/prod/airbyte_to_dbt_prod.py
[2026-08-29T12:11:00.995+0000] {logging_mixin.py:190} INFO - [2026-08-29T12:11:00.995+0000] {dag.py:3239} INFO - Sync 1 DAGs
[2026-08-29T12:11:01.033+0000] {logging_mixin.py:190} INFO - [2026-08-29T12:11:01.033+0000] {dag.py:4180} INFO - Setting next_dagrun for airbyte_to_dbt_pipeline_prod to 2026-08-29 11:00:00+00:00, run_after=2026-08-29 12:00:00+00:00
[2026-08-29T12:11:01.059+0000] {processor.py:208} INFO - Processing /opt/airflow/dags/prod/airbyte_to_dbt_prod.py took 0.153 seconds
[2026-08-29T12:11:31.222+0000] {processor.py:186} INFO - Started process (PID=336) to work on /opt/airflow/dags/prod/airbyte_to_dbt_prod.py
[2026-08-29T12:11:31.223+0000] {processor.py:914} INFO - Processing file /opt/airflow/dags/prod/airbyte_to_dbt_prod.py for tasks to queue
[2026-08-29T12:11:31.226+0000] {logging_mixin.py:190} INFO - [2026-08-29T12:11:31.225+0000] {dagbag.py:588} INFO - Filling up the DagBag from /opt/airflow/dags/prod/airbyte_to_dbt_prod.py
[2026-08-29T12:11:31.249+0000] {processor.py:925} INFO - DAG(s) 'airbyte_to_dbt_pipeline_prod' retrieved from /opt/airflow/dags/prod/airbyte_to_dbt_prod.py
[2026-08-29T12:11:31.290+0000] {logging_mixin.py:190} INFO - [2026-08-29T12:11:31.290+0000] {dag.py:3239} INFO - Sync 1 DAGs
[2026-08-29T12:11:31.321+0000] {logging_mixin.py:190} INFO - [2026-08-29T12:11:31.321+0000] {dag.py:4180} INFO - Setting next_dagrun for airbyte_to_dbt_pipeline_prod to 2026-08-29 11:00:00+00:00, run_after=2026-08-29 12:00:00+00:00
[2026-08-29T12:11:31.344+0000] {processor.py:208} INFO - Processing /opt/airflow/dags/prod/airbyte_to_dbt_prod.py took 0.131 seconds
[2026-08-29T12:12:01.507+0000] {processor.py:186} INFO - Started process (PID=346) to work on /opt/airflow/dags/prod/airbyte_to_dbt_prod.py
[2026-08-29T12:12:01.509+0000] {processor.py:914} INFO - Processing file /opt/airflow/dags/prod/airbyte_to_dbt_prod.py for tasks to queue
[2026-08-29T12:12:01.513+0000] {logging_mixin.py:190} INFO - [2026-08-29T12:12:01.512+0000] {dagbag.py:588} INFO - Filling up the DagBag from /opt/airflow/dags/prod/airbyte_to_dbt_prod.py
[2026-08-29T12:12:01.546+0000] {processor.py:925} INFO - DAG(s) 'airbyte_to_dbt_pipeline_prod' retrieved from /opt/airflow/dags/prod/airbyte_to_dbt_prod.py
[2026-08-29T12:12:01.593+0000] {logging_mixin.py:190} INFO - [2026-08-29T12:12:01.592+0000] {dag.py:3239} INFO - Sync 1 DAGs
[2026-08-29T12:12:01.630+0000] {logging_mixin.py:190} INFO - [2026-08-29T12:12:01.630+0000] {dag.py:4180} INFO - Setting next_dagrun for airbyte_to_dbt_pipeline_prod to 2026-08-29 11:00:00+00:00, run_after=2026-08-29 12:00:00+00:00
[2026-08-29T12:12:01.653+0000] {processor.py:208} INFO - Processing /opt/airflow/dags/prod/airbyte_to_dbt_prod.py took 0.156 seconds
[2026-08-29T12:12:31.814+0000] {processor.py:186} INFO - Started process (PID=356) to work on /opt/airflow/dags/prod/airbyte_to_dbt_prod.py
[2026-08-29T12:12:31.815+0000] {processor.py:914} INFO - Processing file /opt/airflow/dags/prod/airbyte_to_dbt_prod.py for tasks to queue
[2026-08-29T12:12:31.819+0000] {logging_mixin.py:190} INFO - [2026-08-29T12:12:31.819+0000] {dagbag.py:588} INFO - Filling up the DagBag from /opt/airflow/dags/prod/airbyte_to_dbt_prod.py
[2026-08-29T12:12:31.847+0000] {processor.py:925} INFO - DAG(s) 'airbyte_to_dbt_pipeline_prod' retrieved from /opt/airflow/dags/prod/airbyte_to_dbt_prod.py
[2026-08-29T12:12:31.902+0000] {logging_mixin.py:190} INFO - [2026-08-29T12:12:31.901+0000] {dag.py:3239} INFO - Sync 1 DAGs
[2026-08-29T12:12:31.938+0000] {logging_mixin.py:190} INFO - [2026-08-29T12:12:31.938+0000] {dag.py:4180} INFO - Setting next_dagrun for airbyte_to_dbt_pipeline_prod to 2026-08-29 11:00:00+00:00, run_after=2026-08-29 12:00:00+00:00
[2026-08-29T12:12:31.962+0000] {processor.py:208} INFO - Processing /opt/airflow/dags/prod/airbyte_to_dbt_prod.py took 0.158 seconds
[2026-08-29T12:13:02.139+0000] {processor.py:186} INFO - Started process (PID=366) to work on /opt/airflow/dags/prod/airbyte_to_dbt_prod.py
[2026-08-29T12:13:02.141+0000] {processor.py:914} INFO - Processing file /opt/airflow/dags/prod/airbyte_to_dbt_prod.py for tasks to queue
[2026-08-29T12:13:02.144+0000] {logging_mixin.py:190} INFO - [2026-08-29T12:13:02.144+0000] {dagbag.py:588} INFO - Filling up the DagBag from /opt/airflow/dags/prod/airbyte_to_dbt_prod.py
[2026-08-29T12:13:02.167+0000] {processor.py:925} INFO - DAG(s) 'airbyte_to_dbt_pipeline_prod' retrieved from /opt/airflow/dags/prod/airbyte_to_dbt_prod.py
[2026-08-29T12:13:02.214+0000] {logging_mixin.py:190} INFO - [2026-08-29T12:13:02.214+0000] {dag.py:3239} INFO - Sync 1 DAGs
[2026-08-29T12:13:02.252+0000] {logging_mixin.py:190} INFO - [2026-08-29T12:13:02.252+0000] {dag.py:4180} INFO - Setting next_dagrun for airbyte_to_dbt_pipeline_prod to 2026-08-29 11:00:00+00:00, run_after=2026-08-29 12:00:00+00:00
[2026-08-29T12:13:02.277+0000] {processor.py:208} INFO - Processing /opt/airflow/dags/prod/airbyte_to_dbt_prod.py took 0.149 seconds
[2026-08-29T12:13:32.444+0000] {processor.py:186} INFO - Started process (PID=376) to work on /opt/airflow/dags/prod/airbyte_to_dbt_prod.py
[2026-08-29T12:13:32.444+0000] {processor.py:914} INFO - Processing file /opt/airflow/dags/prod/airbyte_to_dbt_prod.py for tasks to queue
[2026-08-29T12:13:32.448+0000] {logging_mixin.py:190} INFO - [2026-08-29T12:13:32.447+0000] {dagbag.py:588} INFO - Filling up the DagBag from /opt/airflow/dags/prod/airbyte_to_dbt_prod.py
[2026-08-29T12:13:32.473+0000] {processor.py:925} INFO - DAG(s) 'airbyte_to_dbt_pipeline_prod' retrieved from /opt/airflow/dags/prod/airbyte_to_dbt_prod.py
[2026-08-29T12:13:32.531+0000] {logging_mixin.py:190} INFO - [2026-08-29T12:13:32.530+0000] {dag.py:3239} INFO - Sync 1 DAGs
[2026-08-29T12:13:32.566+0000] {logging_mixin.py:190} INFO - [2026-08-29T12:13:32.566+0000] {dag.py:4180} INFO - Setting next_dagrun for airbyte_to_dbt_pipeline_prod to 2026-08-29 11:00:00+00:00, run_after=2026-08-29 12:00:00+00:00
[2026-08-29T12:13:32.593+0000] {processor.py:208} INFO - Processing /opt/airflow/dags/prod/airbyte_to_dbt_prod.py took 0.157 seconds
[2026-08-29T12:14:02.755+0000] {processor.py:186} INFO - Started process (PID=386) to work on /opt/airflow/dags/prod/airbyte_to_dbt_prod.py
[2026-08-29T12:14:02.756+0000] {processor.py:914} INFO - Processing file /opt/airflow/dags/prod/airbyte_to_dbt_prod.py for tasks to queue
[2026-08-29T12:14:02.759+0000] {logging_mixin.py:190} INFO - [2026-08-29T12:14:02.759+0000] {dagbag.py:588} INFO - Filling up the DagBag from /opt/airflow/dags/prod/airbyte_to_dbt_prod.py
[2026-08-29T12:14:02.781+0000] {processor.py:925} INFO - DAG(s) 'airbyte_to_dbt_pipeline_prod' retrieved from /opt/airflow/dags/prod/airbyte_to_dbt_prod.py
[2026-08-29T12:14:02.818+0000] {logging_mixin.py:190} INFO - [2026-08-29T12:14:02.818+0000] {dag.py:3239} INFO - Sync 1 DAGs
[2026-08-29T12:14:02.846+0000] {logging_mixin.py:190} INFO - [2026-08-29T12:14:02.846+0000] {dag.py:4180} INFO - Setting next_dagrun for airbyte_to_dbt_pipeline_prod to 2026-08-29 11:00:00+00:00, run_after=2026-08-29 12:00:00+00:00
[2026-08-29T12:14:02.873+0000] {processor.py:208} INFO - Processing /opt/airflow/dags/prod/airbyte_to_dbt_prod.py took 0.126 seconds
[2026-08-29T12:14:33.033+0000] {processor.py:186} INFO - Started process (PID=396) to work on /opt/airflow/dags/prod/airbyte_to_dbt_prod.py
[2026-08-29T12:14:33.033+0000] {processor.py:914} INFO - Processing file /opt/airflow/dags/prod/airbyte_to_dbt_prod.py for tasks to queue
[2026-08-29T12:14:33.036+0000] {logging_mixin.py:190} INFO - [2026-08-29T12:14:33.036+0000] {dagbag.py:588} INFO - Filling up the DagBag from /opt/airflow/dags/prod/airbyte_to_dbt_prod.py
[2026-08-29T12:14:33.057+0000] {processor.py:925} INFO - DAG(s) 'airbyte_to_dbt_pipeline_prod' retrieved from /opt/airflow/dags/prod/airbyte_to_dbt_prod.py
[2026-08-29T12:14:33.977+0000] {logging_mixin.py:190} INFO - [2026-08-29T12:14:33.977+0000] {dag.py:3239} INFO - Sync 1 DAGs
[2026-08-29T12:14:34.014+0000] {logging_mixin.py:190} INFO - [2026-08-29T12:14:34.014+0000] {dag.py:4180} INFO - Setting next_dagrun for airbyte_to_dbt_pipeline_prod to 2026-08-29 11:00:00+00:00, run_after=2026-08-29 12:00:00+00:00
[2026-08-29T12:14:34.040+0000] {processor.py:208} INFO - Processing /opt/airflow/dags/prod/airbyte_to_dbt_prod.py took 1.016 seconds
[2026-08-29T12:15:04.209+0000] {processor.py:186} INFO - Started process (PID=406) to work on /opt/airflow/dags/prod/airbyte_to_dbt_prod.py
[2026-08-29T12:15:04.210+0000] {processor.py:914} INFO - Processing file /opt/airflow/dags/prod/airbyte_to_dbt_prod.py for tasks to queue
[2026-08-29T12:15:04.213+0000] {logging_mixin.py:190} INFO - [2026-08-29T12:15:04.213+0000] {dagbag.py:588} INFO - Filling up the DagBag from /opt/airflow/dags/prod/airbyte_to_dbt_prod.py
[2026-08-29T12:15:04.234+0000] {processor.py:925} INFO - DAG(s) 'airbyte_to_dbt_pipeline_prod' retrieved from /opt/airflow/dags/prod/airbyte_to_dbt_prod.py
[2026-08-29T12:15:04.291+0000] {logging_mixin.py:190} INFO - [2026-08-29T12:15:04.291+0000] {dag.py:3239} INFO - Sync 1 DAGs
[2026-08-29T12:15:04.322+0000] {logging_mixin.py:190} INFO - [2026-08-29T12:15:04.321+0000] {dag.py:4180} INFO - Setting next_dagrun for airbyte_to_dbt_pipeline_prod to 2026-08-29 11:00:00+00:00, run_after=2026-08-29 12:00:00+00:00
[2026-08-29T12:15:04.346+0000] {processor.py:208} INFO - Processing /opt/airflow/dags/prod/airbyte_to_dbt_prod.py took 0.144 seconds
[2026-08-29T12:15:34.513+0000] {processor.py:186} INFO - Started process (PID=416) to work on /opt/airflow/dags/prod/airbyte_to_dbt_prod.py
[2026-08-29T12:15:34.514+0000] {processor.py:914} INFO - Processing file /opt/airflow/dags/prod/airbyte_to_dbt_prod.py for tasks to queue
[2026-08-29T12:15:34.517+0000] {logging_mixin.py:190} INFO - [2026-08-29T12:15:34.517+0000] {dagbag.py:588} INFO - Filling up the DagBag from /opt/airflow/dags/prod/airbyte_to_dbt_prod.py
[2026-08-29T12:15:34.553+0000] {processor.py:925} INFO - DAG(s) 'airbyte_to_dbt_pipeline_prod' retrieved from /opt/airflow/dags/prod/airbyte_to_dbt_prod.py
[2026-08-29T12:15:34.595+0000] {logging_mixin.py:190} INFO - [2026-08-29T12:15:34.595+0000] {dag.py:3239} INFO - Sync 1 DAGs
[2026-08-29T12:15:34.630+0000] {logging_mixin.py:190} INFO - [2026-08-29T12:15:34.630+0000] {dag.py:4180} INFO - Setting next_dagrun for airbyte_to_dbt_pipeline_prod to 2026-08-29 11:00:00+00:00, run_after=2026-08-29 12:00:00+00:00
[2026-08-29T12:15:34.666+0000] {processor.py:208} INFO - Processing /opt/airflow/dags/prod/airbyte_to_dbt_prod.py took 0.163 seconds
[2026-08-29T12:16:04.850+0000] {processor.py:186} INFO - Started process (PID=426) to work on /opt/airflow/dags/prod/airbyte_to_dbt_prod.py
[2026-08-29T12:16:04.851+0000] {processor.py:914} INFO - Processing file /opt/airflow/dags/prod/airbyte_to_dbt_prod.py for tasks to queue
[2026-08-29T12:16:04.854+0000] {logging_mixin.py:190} INFO - [2026-08-29T12:16:04.853+0000] {dagbag.py:588} INFO - Filling up the DagBag from /opt/airflow/dags/prod/airbyte_to_dbt_prod.py
[2026-08-29T12:16:04.888+0000] {processor.py:925} INFO - DAG(s) 'airbyte_to_dbt_pipeline_prod' retrieved from /opt/airflow/dags/prod/airbyte_to_dbt_prod.py
[2026-08-29T12:16:04.929+0000] {logging_mixin.py:190} INFO - [2026-08-29T12:16:04.928+0000] {dag.py:3239} INFO - Sync 1 DAGs
[2026-08-29T12:16:04.966+0000] {logging_mixin.py:190} INFO - [2026-08-29T12:16:04.966+0000] {dag.py:4180} INFO - Setting next_dagrun for airbyte_to_dbt_pipeline_prod to 2026-08-29 11:00:00+00:00, run_after=2026-08-29 12:00:00+00:00
[2026-08-29T12:16:04.995+0000] {processor.py:208} INFO - Processing /opt/airflow/dags/prod/airbyte_to_dbt_prod.py took 0.154 seconds
[2026-08-29T12:16:35.174+0000] {processor.py:186} INFO - Started process (PID=436) to work on /opt/airflow/dags/prod/airbyte_to_dbt_prod.py
[2026-08-29T12:16:35.174+0000] {processor.py:914} INFO - Processing file /opt/airflow/dags/prod/airbyte_to_dbt_prod.py for tasks to queue
[2026-08-29T12:16:35.177+0000] {logging_mixin.py:190} INFO - [2026-08-29T12:16:35.177+0000] {dagbag.py:588} INFO - Filling up the DagBag from /opt/airflow/dags/prod/airbyte_to_dbt_prod.py
[2026-08-29T12:16:35.197+0000] {processor.py:925} INFO - DAG(s) 'airbyte_to_dbt_pipeline_prod' retrieved from /opt/airflow/dags/prod/airbyte_to_dbt_prod.py
[2026-08-29T12:16:35.252+0000] {logging_mixin.py:190} INFO - [2026-08-29T12:16:35.251+0000] {dag.py:3239} INFO - Sync 1 DAGs
[2026-08-29T12:16:35.289+0000] {logging_mixin.py:190} INFO - [2026-08-29T12:16:35.288+0000] {dag.py:4180} INFO - Setting next_dagrun for airbyte_to_dbt_pipeline_prod to 2026-08-29 11:00:00+00:00, run_after=2026-08-29 12:00:00+00:00
[2026-08-29T12:16:35.315+0000] {processor.py:208} INFO - Processing /opt/airflow/dags/prod/airbyte_to_dbt_prod.py took 0.150 seconds
[2026-08-29T12:17:05.484+0000] {processor.py:186} INFO - Started process (PID=446) to work on /opt/airflow/dags/prod/airbyte_to_dbt_prod.py
[2026-08-29T12:17:05.485+0000] {processor.py:914} INFO - Processing file /opt/airflow/dags/prod/airbyte_to_dbt_prod.py for tasks to queue
[2026-08-29T12:17:05.489+0000] {logging_mixin.py:190} INFO - [2026-08-29T12:17:05.488+0000] {dagbag.py:588} INFO - Filling up the DagBag from /opt/airflow/dags/prod/airbyte_to_dbt_prod.py
[2026-08-29T12:17:05.516+0000] {processor.py:925} INFO - DAG(s) 'airbyte_to_dbt_pipeline_prod' retrieved from /opt/airflow/dags/prod/airbyte_to_dbt_prod.py
[2026-08-29T12:17:05.553+0000] {logging_mixin.py:190} INFO - [2026-08-29T12:17:05.552+0000] {dag.py:3239} INFO - Sync 1 DAGs
[2026-08-29T12:17:05.580+0000] {logging_mixin.py:190} INFO - [2026-08-29T12:17:05.580+0000] {dag.py:4180} INFO - Setting next_dagrun for airbyte_to_dbt_pipeline_prod to 2026-08-29 11:00:00+00:00, run_after=2026-08-29 12:00:00+00:00
[2026-08-29T12:17:05.602+0000] {processor.py:208} INFO - Processing /opt/airflow/dags/prod/airbyte_to_dbt_prod.py took 0.128 seconds
[2026-08-29T12:17:35.761+0000] {processor.py:186} INFO - Started process (PID=456) to work on /opt/airflow/dags/prod/airbyte_to_dbt_prod.py
[2026-08-29T12:17:35.761+0000] {processor.py:914} INFO - Processing file /opt/airflow/dags/prod/airbyte_to_dbt_prod.py for tasks to queue
[2026-08-29T12:17:35.764+0000] {logging_mixin.py:190} INFO - [2026-08-29T12:17:35.764+0000] {dagbag.py:588} INFO - Filling up the DagBag from /opt/airflow/dags/prod/airbyte_to_dbt_prod.py
[2026-08-29T12:17:35.784+0000] {processor.py:925} INFO - DAG(s) 'airbyte_to_dbt_pipeline_prod' retrieved from /opt/airflow/dags/prod/airbyte_to_dbt_prod.py
[2026-08-29T12:17:35.834+0000] {logging_mixin.py:190} INFO - [2026-08-29T12:17:35.834+0000] {dag.py:3239} INFO - Sync 1 DAGs
[2026-08-29T12:17:35.869+0000] {logging_mixin.py:190} INFO - [2026-08-29T12:17:35.869+0000] {dag.py:4180} INFO - Setting next_dagrun for airbyte_to_dbt_pipeline_prod to 2026-08-29 11:00:00+00:00, run_after=2026-08-29 12:00:00+00:00
[2026-08-29T12:17:35.892+0000] {processor.py:208} INFO - Processing /opt/airflow/dags/prod/airbyte_to_dbt_prod.py took 0.138 seconds
[2026-08-29T12:18:06.067+0000] {processor.py:186} INFO - Started process (PID=466) to work on /opt/airflow/dags/prod/airbyte_to_dbt_prod.py
[2026-08-29T12:18:06.068+0000] {processor.py:914} INFO - Processing file /opt/airflow/dags/prod/airbyte_to_dbt_prod.py for tasks to queue
[2026-08-29T12:18:06.071+0000] {logging_mixin.py:190} INFO - [2026-08-29T12:18:06.070+0000] {dagbag.py:588} INFO - Filling up the DagBag from /opt/airflow/dags/prod/airbyte_to_dbt_prod.py
[2026-08-29T12:18:06.090+0000] {processor.py:925} INFO - DAG(s) 'airbyte_to_dbt_pipeline_prod' retrieved from /opt/airflow/dags/prod/airbyte_to_dbt_prod.py
[2026-08-29T12:18:06.131+0000] {logging_mixin.py:190} INFO - [2026-08-29T12:18:06.131+0000] {dag.py:3239} INFO - Sync 1 DAGs
[2026-08-29T12:18:06.159+0000] {logging_mixin.py:190} INFO - [2026-08-29T12:18:06.159+0000] {dag.py:4180} INFO - Setting next_dagrun for airbyte_to_dbt_pipeline_prod to 2026-08-29 11:00:00+00:00, run_after=2026-08-29 12:00:00+00:00
[2026-08-29T12:18:06.182+0000] {processor.py:208} INFO - Processing /opt/airflow/dags/prod/airbyte_to_dbt_prod.py took 0.123 seconds
[2026-08-29T12:18:36.345+0000] {processor.py:186} INFO - Started process (PID=476) to work on /opt/airflow/dags/prod/airbyte_to_dbt_prod.py
[2026-08-29T12:18:36.346+0000] {processor.py:914} INFO - Processing file /opt/airflow/dags/prod/airbyte_to_dbt_prod.py for tasks to queue
[2026-08-29T12:18:36.350+0000] {logging_mixin.py:190} INFO - [2026-08-29T12:18:36.349+0000] {dagbag.py:588} INFO - Filling up the DagBag from /opt/airflow/dags/prod/airbyte_to_dbt_prod.py
[2026-08-29T12:18:36.378+0000] {processor.py:925} INFO - DAG(s) 'airbyte_to_dbt_pipeline_prod' retrieved from /opt/airflow/dags/prod/airbyte_to_dbt_prod.py
[2026-08-29T12:18:36.419+0000] {logging_mixin.py:190} INFO - [2026-08-29T12:18:36.418+0000] {dag.py:3239} INFO - Sync 1 DAGs
[2026-08-29T12:18:36.457+0000] {logging_mixin.py:190} INFO - [2026-08-29T12:18:36.457+0000] {dag.py:4180} INFO - Setting next_dagrun for airbyte_to_dbt_pipeline_prod to 2026-08-29 11:00:00+00:00, run_after=2026-08-29 12:00:00+00:00
[2026-08-29T12:18:36.480+0000] {processor.py:208} INFO - Processing /opt/airflow/dags/prod/airbyte_to_dbt_prod.py took 0.145 seconds
[2026-08-29T12:19:06.632+0000] {processor.py:186} INFO - Started process (PID=486) to work on /opt/airflow/dags/prod/airbyte_to_dbt_prod.py
[2026-08-29T12:19:06.634+0000] {processor.py:914} INFO - Processing file /opt/airflow/dags/prod/airbyte_to_dbt_prod.py for tasks to queue
[2026-08-29T12:19:06.636+0000] {logging_mixin.py:190} INFO - [2026-08-29T12:19:06.636+0000] {dagbag.py:588} INFO - Filling up the DagBag from /opt/airflow/dags/prod/airbyte_to_dbt_prod.py
[2026-08-29T12:19:06.657+0000] {processor.py:925} INFO - DAG(s) 'airbyte_to_dbt_pipeline_prod' retrieved from /opt/airflow/dags/prod/airbyte_to_dbt_prod.py
[2026-08-29T12:19:06.707+0000] {logging_mixin.py:190} INFO - [2026-08-29T12:19:06.707+0000] {dag.py:3239} INFO - Sync 1 DAGs
[2026-08-29T12:19:06.745+0000] {logging_mixin.py:190} INFO - [2026-08-29T12:19:06.744+0000] {dag.py:4180} INFO - Setting next_dagrun for airbyte_to_dbt_pipeline_prod to 2026-08-29 11:00:00+00:00, run_after=2026-08-29 12:00:00+00:00
[2026-08-29T12:19:06.769+0000] {processor.py:208} INFO - Processing /opt/airflow/dags/prod/airbyte_to_dbt_prod.py took 0.146 seconds
[2026-08-29T12:25:30.285+0000] {processor.py:186} INFO - Started process (PID=496) to work on /opt/airflow/dags/prod/airbyte_to_dbt_prod.py
[2026-08-29T12:25:30.295+0000] {processor.py:914} INFO - Processing file /opt/airflow/dags/prod/airbyte_to_dbt_prod.py for tasks to queue
[2026-08-29T12:25:30.299+0000] {logging_mixin.py:190} INFO - [2026-08-29T12:25:30.298+0000] {dagbag.py:588} INFO - Filling up the DagBag from /opt/airflow/dags/prod/airbyte_to_dbt_prod.py
[2026-08-29T12:25:30.335+0000] {processor.py:925} INFO - DAG(s) 'airbyte_to_dbt_pipeline_prod' retrieved from /opt/airflow/dags/prod/airbyte_to_dbt_prod.py
[2026-08-29T12:25:30.401+0000] {logging_mixin.py:190} INFO - [2026-08-29T12:25:30.401+0000] {dag.py:3239} INFO - Sync 1 DAGs
[2026-08-29T12:25:30.455+0000] {logging_mixin.py:190} INFO - [2026-08-29T12:25:30.455+0000] {dag.py:4180} INFO - Setting next_dagrun for airbyte_to_dbt_pipeline_prod to 2026-08-29 11:00:00+00:00, run_after=2026-08-29 12:00:00+00:00
[2026-08-29T12:25:30.516+0000] {processor.py:208} INFO - Processing /opt/airflow/dags/prod/airbyte_to_dbt_prod.py took 0.243 seconds
[2026-08-29T12:26:00.771+0000] {processor.py:186} INFO - Started process (PID=506) to work on /opt/airflow/dags/prod/airbyte_to_dbt_prod.py
[2026-08-29T12:26:00.775+0000] {processor.py:914} INFO - Processing file /opt/airflow/dags/prod/airbyte_to_dbt_prod.py for tasks to queue
[2026-08-29T12:26:00.799+0000] {logging_mixin.py:190} INFO - [2026-08-29T12:26:00.798+0000] {dagbag.py:588} INFO - Filling up the DagBag from /opt/airflow/dags/prod/airbyte_to_dbt_prod.py
[2026-08-29T12:26:01.001+0000] {processor.py:925} INFO - DAG(s) 'airbyte_to_dbt_pipeline_prod' retrieved from /opt/airflow/dags/prod/airbyte_to_dbt_prod.py
[2026-08-29T12:26:01.235+0000] {logging_mixin.py:190} INFO - [2026-08-29T12:26:01.233+0000] {dag.py:3239} INFO - Sync 1 DAGs
[2026-08-29T12:26:01.632+0000] {logging_mixin.py:190} INFO - [2026-08-29T12:26:01.632+0000] {dag.py:4180} INFO - Setting next_dagrun for airbyte_to_dbt_pipeline_prod to 2026-08-29 11:00:00+00:00, run_after=2026-08-29 12:00:00+00:00
[2026-08-29T12:26:01.654+0000] {processor.py:208} INFO - Processing /opt/airflow/dags/prod/airbyte_to_dbt_prod.py took 0.911 seconds
[2026-08-29T12:26:31.814+0000] {processor.py:186} INFO - Started process (PID=514) to work on /opt/airflow/dags/prod/airbyte_to_dbt_prod.py
[2026-08-29T12:26:31.816+0000] {processor.py:914} INFO - Processing file /opt/airflow/dags/prod/airbyte_to_dbt_prod.py for tasks to queue
[2026-08-29T12:26:31.827+0000] {logging_mixin.py:190} INFO - [2026-08-29T12:26:31.827+0000] {dagbag.py:588} INFO - Filling up the DagBag from /opt/airflow/dags/prod/airbyte_to_dbt_prod.py
[2026-08-29T12:26:31.955+0000] {processor.py:925} INFO - DAG(s) 'airbyte_to_dbt_pipeline_prod' retrieved from /opt/airflow/dags/prod/airbyte_to_dbt_prod.py
[2026-08-29T12:26:32.002+0000] {logging_mixin.py:190} INFO - [2026-08-29T12:26:32.001+0000] {dag.py:3239} INFO - Sync 1 DAGs
[2026-08-29T12:26:32.037+0000] {logging_mixin.py:190} INFO - [2026-08-29T12:26:32.037+0000] {dag.py:4180} INFO - Setting next_dagrun for airbyte_to_dbt_pipeline_prod to 2026-08-29 11:00:00+00:00, run_after=2026-08-29 12:00:00+00:00
[2026-08-29T12:26:32.060+0000] {processor.py:208} INFO - Processing /opt/airflow/dags/prod/airbyte_to_dbt_prod.py took 0.276 seconds
[2026-08-29T12:27:02.256+0000] {processor.py:186} INFO - Started process (PID=526) to work on /opt/airflow/dags/prod/airbyte_to_dbt_prod.py
[2026-08-29T12:27:02.257+0000] {processor.py:914} INFO - Processing file /opt/airflow/dags/prod/airbyte_to_dbt_prod.py for tasks to queue
[2026-08-29T12:27:02.260+0000] {logging_mixin.py:190} INFO - [2026-08-29T12:27:02.260+0000] {dagbag.py:588} INFO - Filling up the DagBag from /opt/airflow/dags/prod/airbyte_to_dbt_prod.py
[2026-08-29T12:27:02.284+0000] {processor.py:925} INFO - DAG(s) 'airbyte_to_dbt_pipeline_prod' retrieved from /opt/airflow/dags/prod/airbyte_to_dbt_prod.py
[2026-08-29T12:27:02.332+0000] {logging_mixin.py:190} INFO - [2026-08-29T12:27:02.331+0000] {dag.py:3239} INFO - Sync 1 DAGs
[2026-08-29T12:27:02.367+0000] {logging_mixin.py:190} INFO - [2026-08-29T12:27:02.366+0000] {dag.py:4180} INFO - Setting next_dagrun for airbyte_to_dbt_pipeline_prod to 2026-08-29 11:00:00+00:00, run_after=2026-08-29 12:00:00+00:00
[2026-08-29T12:27:02.390+0000] {processor.py:208} INFO - Processing /opt/airflow/dags/prod/airbyte_to_dbt_prod.py took 0.143 seconds
[2026-08-29T12:27:32.565+0000] {processor.py:186} INFO - Started process (PID=536) to work on /opt/airflow/dags/prod/airbyte_to_dbt_prod.py
[2026-08-29T12:27:32.576+0000] {processor.py:914} INFO - Processing file /opt/airflow/dags/prod/airbyte_to_dbt_prod.py for tasks to queue
[2026-08-29T12:27:32.580+0000] {logging_mixin.py:190} INFO - [2026-08-29T12:27:32.579+0000] {dagbag.py:588} INFO - Filling up the DagBag from /opt/airflow/dags/prod/airbyte_to_dbt_prod.py
[2026-08-29T12:27:32.615+0000] {processor.py:925} INFO - DAG(s) 'airbyte_to_dbt_pipeline_prod' retrieved from /opt/airflow/dags/prod/airbyte_to_dbt_prod.py
[2026-08-29T12:27:32.965+0000] {logging_mixin.py:190} INFO - [2026-08-29T12:27:32.965+0000] {dag.py:3239} INFO - Sync 1 DAGs
[2026-08-29T12:27:33.043+0000] {logging_mixin.py:190} INFO - [2026-08-29T12:27:33.043+0000] {dag.py:4180} INFO - Setting next_dagrun for airbyte_to_dbt_pipeline_prod to 2026-08-29 11:00:00+00:00, run_after=2026-08-29 12:00:00+00:00
[2026-08-29T12:27:33.090+0000] {processor.py:208} INFO - Processing /opt/airflow/dags/prod/airbyte_to_dbt_prod.py took 0.535 seconds
[2026-08-29T12:28:04.844+0000] {processor.py:186} INFO - Started process (PID=544) to work on /opt/airflow/dags/prod/airbyte_to_dbt_prod.py
[2026-08-29T12:28:04.866+0000] {processor.py:914} INFO - Processing file /opt/airflow/dags/prod/airbyte_to_dbt_prod.py for tasks to queue
[2026-08-29T12:28:05.325+0000] {logging_mixin.py:190} INFO - [2026-08-29T12:28:05.266+0000] {dagbag.py:588} INFO - Filling up the DagBag from /opt/airflow/dags/prod/airbyte_to_dbt_prod.py
[2026-08-29T12:28:07.884+0000] {processor.py:925} INFO - DAG(s) 'airbyte_to_dbt_pipeline_prod' retrieved from /opt/airflow/dags/prod/airbyte_to_dbt_prod.py
[2026-08-29T12:28:10.412+0000] {logging_mixin.py:190} INFO - [2026-08-29T12:28:10.403+0000] {dag.py:3239} INFO - Sync 1 DAGs
[2026-08-29T12:28:11.360+0000] {logging_mixin.py:190} INFO - [2026-08-29T12:28:11.359+0000] {dag.py:4180} INFO - Setting next_dagrun for airbyte_to_dbt_pipeline_prod to 2026-08-29 11:00:00+00:00, run_after=2026-08-29 12:00:00+00:00
[2026-08-29T12:28:11.469+0000] {processor.py:208} INFO - Processing /opt/airflow/dags/prod/airbyte_to_dbt_prod.py took 7.273 seconds
[2026-08-29T12:28:50.054+0000] {processor.py:186} INFO - Started process (PID=554) to work on /opt/airflow/dags/prod/airbyte_to_dbt_prod.py
[2026-08-29T12:28:50.080+0000] {processor.py:914} INFO - Processing file /opt/airflow/dags/prod/airbyte_to_dbt_prod.py for tasks to queue
[2026-08-29T12:28:50.348+0000] {logging_mixin.py:190} INFO - [2026-08-29T12:28:50.331+0000] {dagbag.py:588} INFO - Filling up the DagBag from /opt/airflow/dags/prod/airbyte_to_dbt_prod.py
[2026-08-29T12:28:52.030+0000] {processor.py:925} INFO - DAG(s) 'airbyte_to_dbt_pipeline_prod' retrieved from /opt/airflow/dags/prod/airbyte_to_dbt_prod.py
[2026-08-29T12:28:52.800+0000] {logging_mixin.py:190} INFO - [2026-08-29T12:28:52.800+0000] {dag.py:3239} INFO - Sync 1 DAGs
[2026-08-29T12:28:53.120+0000] {logging_mixin.py:190} INFO - [2026-08-29T12:28:53.119+0000] {dag.py:4180} INFO - Setting next_dagrun for airbyte_to_dbt_pipeline_prod to 2026-08-29 11:00:00+00:00, run_after=2026-08-29 12:00:00+00:00
[2026-08-29T12:28:53.148+0000] {processor.py:208} INFO - Processing /opt/airflow/dags/prod/airbyte_to_dbt_prod.py took 3.391 seconds
[2026-08-29T12:29:23.315+0000] {processor.py:186} INFO - Started process (PID=566) to work on /opt/airflow/dags/prod/airbyte_to_dbt_prod.py
[2026-08-29T12:29:23.317+0000] {processor.py:914} INFO - Processing file /opt/airflow/dags/prod/airbyte_to_dbt_prod.py for tasks to queue
[2026-08-29T12:29:23.321+0000] {logging_mixin.py:190} INFO - [2026-08-29T12:29:23.321+0000] {dagbag.py:588} INFO - Filling up the DagBag from /opt/airflow/dags/prod/airbyte_to_dbt_prod.py
[2026-08-29T12:29:23.353+0000] {processor.py:925} INFO - DAG(s) 'airbyte_to_dbt_pipeline_prod' retrieved from /opt/airflow/dags/prod/airbyte_to_dbt_prod.py
[2026-08-29T12:29:23.418+0000] {logging_mixin.py:190} INFO - [2026-08-29T12:29:23.417+0000] {dag.py:3239} INFO - Sync 1 DAGs
[2026-08-29T12:29:23.460+0000] {logging_mixin.py:190} INFO - [2026-08-29T12:29:23.459+0000] {dag.py:4180} INFO - Setting next_dagrun for airbyte_to_dbt_pipeline_prod to 2026-08-29 11:00:00+00:00, run_after=2026-08-29 12:00:00+00:00
[2026-08-29T12:29:23.495+0000] {processor.py:208} INFO - Processing /opt/airflow/dags/prod/airbyte_to_dbt_prod.py took 0.192 seconds
[2026-08-29T12:29:53.683+0000] {processor.py:186} INFO - Started process (PID=576) to work on /opt/airflow/dags/prod/airbyte_to_dbt_prod.py
[2026-08-29T12:29:53.684+0000] {processor.py:914} INFO - Processing file /opt/airflow/dags/prod/airbyte_to_dbt_prod.py for tasks to queue
[2026-08-29T12:29:53.687+0000] {logging_mixin.py:190} INFO - [2026-08-29T12:29:53.687+0000] {dagbag.py:588} INFO - Filling up the DagBag from /opt/airflow/dags/prod/airbyte_to_dbt_prod.py
[2026-08-29T12:29:53.708+0000] {processor.py:925} INFO - DAG(s) 'airbyte_to_dbt_pipeline_prod' retrieved from /opt/airflow/dags/prod/airbyte_to_dbt_prod.py
[2026-08-29T12:29:53.749+0000] {logging_mixin.py:190} INFO - [2026-08-29T12:29:53.748+0000] {dag.py:3239} INFO - Sync 1 DAGs
[2026-08-29T12:29:53.783+0000] {logging_mixin.py:190} INFO - [2026-08-29T12:29:53.782+0000] {dag.py:4180} INFO - Setting next_dagrun for airbyte_to_dbt_pipeline_prod to 2026-08-29 11:00:00+00:00, run_after=2026-08-29 12:00:00+00:00
[2026-08-29T12:29:53.804+0000] {processor.py:208} INFO - Processing /opt/airflow/dags/prod/airbyte_to_dbt_prod.py took 0.130 seconds
[2026-08-29T12:30:23.971+0000] {processor.py:186} INFO - Started process (PID=586) to work on /opt/airflow/dags/prod/airbyte_to_dbt_prod.py
[2026-08-29T12:30:23.973+0000] {processor.py:914} INFO - Processing file /opt/airflow/dags/prod/airbyte_to_dbt_prod.py for tasks to queue
[2026-08-29T12:30:23.977+0000] {logging_mixin.py:190} INFO - [2026-08-29T12:30:23.977+0000] {dagbag.py:588} INFO - Filling up the DagBag from /opt/airflow/dags/prod/airbyte_to_dbt_prod.py
[2026-08-29T12:30:24.010+0000] {processor.py:925} INFO - DAG(s) 'airbyte_to_dbt_pipeline_prod' retrieved from /opt/airflow/dags/prod/airbyte_to_dbt_prod.py
[2026-08-29T12:30:24.051+0000] {logging_mixin.py:190} INFO - [2026-08-29T12:30:24.051+0000] {dag.py:3239} INFO - Sync 1 DAGs
[2026-08-29T12:30:24.085+0000] {logging_mixin.py:190} INFO - [2026-08-29T12:30:24.085+0000] {dag.py:4180} INFO - Setting next_dagrun for airbyte_to_dbt_pipeline_prod to 2026-08-29 11:00:00+00:00, run_after=2026-08-29 12:00:00+00:00
[2026-08-29T12:30:24.109+0000] {processor.py:208} INFO - Processing /opt/airflow/dags/prod/airbyte_to_dbt_prod.py took 0.149 seconds
[2026-08-29T12:30:54.375+0000] {processor.py:186} INFO - Started process (PID=596) to work on /opt/airflow/dags/prod/airbyte_to_dbt_prod.py
[2026-08-29T12:30:54.377+0000] {processor.py:914} INFO - Processing file /opt/airflow/dags/prod/airbyte_to_dbt_prod.py for tasks to queue
[2026-08-29T12:30:54.385+0000] {logging_mixin.py:190} INFO - [2026-08-29T12:30:54.383+0000] {dagbag.py:588} INFO - Filling up the DagBag from /opt/airflow/dags/prod/airbyte_to_dbt_prod.py
[2026-08-29T12:30:54.418+0000] {processor.py:925} INFO - DAG(s) 'airbyte_to_dbt_pipeline_prod' retrieved from /opt/airflow/dags/prod/airbyte_to_dbt_prod.py
[2026-08-29T12:30:54.482+0000] {logging_mixin.py:190} INFO - [2026-08-29T12:30:54.481+0000] {dag.py:3239} INFO - Sync 1 DAGs
[2026-08-29T12:30:54.517+0000] {logging_mixin.py:190} INFO - [2026-08-29T12:30:54.517+0000] {dag.py:4180} INFO - Setting next_dagrun for airbyte_to_dbt_pipeline_prod to 2026-08-29 11:00:00+00:00, run_after=2026-08-29 12:00:00+00:00
[2026-08-29T12:30:54.540+0000] {processor.py:208} INFO - Processing /opt/airflow/dags/prod/airbyte_to_dbt_prod.py took 0.175 seconds
[2026-08-29T12:31:24.725+0000] {processor.py:186} INFO - Started process (PID=606) to work on /opt/airflow/dags/prod/airbyte_to_dbt_prod.py
[2026-08-29T12:31:24.727+0000] {processor.py:914} INFO - Processing file /opt/airflow/dags/prod/airbyte_to_dbt_prod.py for tasks to queue
[2026-08-29T12:31:24.733+0000] {logging_mixin.py:190} INFO - [2026-08-29T12:31:24.733+0000] {dagbag.py:588} INFO - Filling up the DagBag from /opt/airflow/dags/prod/airbyte_to_dbt_prod.py
[2026-08-29T12:31:24.764+0000] {processor.py:925} INFO - DAG(s) 'airbyte_to_dbt_pipeline_prod' retrieved from /opt/airflow/dags/prod/airbyte_to_dbt_prod.py
[2026-08-29T12:31:24.805+0000] {logging_mixin.py:190} INFO - [2026-08-29T12:31:24.804+0000] {dag.py:3239} INFO - Sync 1 DAGs
[2026-08-29T12:31:24.837+0000] {logging_mixin.py:190} INFO - [2026-08-29T12:31:24.837+0000] {dag.py:4180} INFO - Setting next_dagrun for airbyte_to_dbt_pipeline_prod to 2026-08-29 11:00:00+00:00, run_after=2026-08-29 12:00:00+00:00
[2026-08-29T12:31:24.864+0000] {processor.py:208} INFO - Processing /opt/airflow/dags/prod/airbyte_to_dbt_prod.py took 0.151 seconds
[2026-08-29T12:31:55.030+0000] {processor.py:186} INFO - Started process (PID=616) to work on /opt/airflow/dags/prod/airbyte_to_dbt_prod.py
[2026-08-29T12:31:55.031+0000] {processor.py:914} INFO - Processing file /opt/airflow/dags/prod/airbyte_to_dbt_prod.py for tasks to queue
[2026-08-29T12:31:55.034+0000] {logging_mixin.py:190} INFO - [2026-08-29T12:31:55.033+0000] {dagbag.py:588} INFO - Filling up the DagBag from /opt/airflow/dags/prod/airbyte_to_dbt_prod.py
[2026-08-29T12:31:55.055+0000] {processor.py:925} INFO - DAG(s) 'airbyte_to_dbt_pipeline_prod' retrieved from /opt/airflow/dags/prod/airbyte_to_dbt_prod.py
[2026-08-29T12:31:55.096+0000] {logging_mixin.py:190} INFO - [2026-08-29T12:31:55.095+0000] {dag.py:3239} INFO - Sync 1 DAGs
[2026-08-29T12:31:55.135+0000] {logging_mixin.py:190} INFO - [2026-08-29T12:31:55.135+0000] {dag.py:4180} INFO - Setting next_dagrun for airbyte_to_dbt_pipeline_prod to 2026-08-29 11:00:00+00:00, run_after=2026-08-29 12:00:00+00:00
[2026-08-29T12:31:55.157+0000] {processor.py:208} INFO - Processing /opt/airflow/dags/prod/airbyte_to_dbt_prod.py took 0.137 seconds
[2026-08-29T12:32:25.323+0000] {processor.py:186} INFO - Started process (PID=626) to work on /opt/airflow/dags/prod/airbyte_to_dbt_prod.py
[2026-08-29T12:32:25.323+0000] {processor.py:914} INFO - Processing file /opt/airflow/dags/prod/airbyte_to_dbt_prod.py for tasks to queue
[2026-08-29T12:32:25.326+0000] {logging_mixin.py:190} INFO - [2026-08-29T12:32:25.326+0000] {dagbag.py:588} INFO - Filling up the DagBag from /opt/airflow/dags/prod/airbyte_to_dbt_prod.py
[2026-08-29T12:32:25.348+0000] {processor.py:925} INFO - DAG(s) 'airbyte_to_dbt_pipeline_prod' retrieved from /opt/airflow/dags/prod/airbyte_to_dbt_prod.py
[2026-08-29T12:32:25.388+0000] {logging_mixin.py:190} INFO - [2026-08-29T12:32:25.388+0000] {dag.py:3239} INFO - Sync 1 DAGs
[2026-08-29T12:32:25.425+0000] {logging_mixin.py:190} INFO - [2026-08-29T12:32:25.425+0000] {dag.py:4180} INFO - Setting next_dagrun for airbyte_to_dbt_pipeline_prod to 2026-08-29 11:00:00+00:00, run_after=2026-08-29 12:00:00+00:00
[2026-08-29T12:32:25.454+0000] {processor.py:208} INFO - Processing /opt/airflow/dags/prod/airbyte_to_dbt_prod.py took 0.140 seconds
[2026-08-29T12:32:55.670+0000] {processor.py:186} INFO - Started process (PID=636) to work on /opt/airflow/dags/prod/airbyte_to_dbt_prod.py
[2026-08-29T12:32:55.671+0000] {processor.py:914} INFO - Processing file /opt/airflow/dags/prod/airbyte_to_dbt_prod.py for tasks to queue
[2026-08-29T12:32:55.674+0000] {logging_mixin.py:190} INFO - [2026-08-29T12:32:55.674+0000] {dagbag.py:588} INFO - Filling up the DagBag from /opt/airflow/dags/prod/airbyte_to_dbt_prod.py
[2026-08-29T12:32:55.696+0000] {processor.py:925} INFO - DAG(s) 'airbyte_to_dbt_pipeline_prod' retrieved from /opt/airflow/dags/prod/airbyte_to_dbt_prod.py
[2026-08-29T12:32:55.747+0000] {logging_mixin.py:190} INFO - [2026-08-29T12:32:55.746+0000] {dag.py:3239} INFO - Sync 1 DAGs
[2026-08-29T12:32:55.783+0000] {logging_mixin.py:190} INFO - [2026-08-29T12:32:55.783+0000] {dag.py:4180} INFO - Setting next_dagrun for airbyte_to_dbt_pipeline_prod to 2026-08-29 11:00:00+00:00, run_after=2026-08-29 12:00:00+00:00
[2026-08-29T12:32:55.810+0000] {processor.py:208} INFO - Processing /opt/airflow/dags/prod/airbyte_to_dbt_prod.py took 0.149 seconds
[2026-08-29T12:33:25.979+0000] {processor.py:186} INFO - Started process (PID=646) to work on /opt/airflow/dags/prod/airbyte_to_dbt_prod.py
[2026-08-29T12:33:25.980+0000] {processor.py:914} INFO - Processing file /opt/airflow/dags/prod/airbyte_to_dbt_prod.py for tasks to queue
[2026-08-29T12:33:25.983+0000] {logging_mixin.py:190} INFO - [2026-08-29T12:33:25.983+0000] {dagbag.py:588} INFO - Filling up the DagBag from /opt/airflow/dags/prod/airbyte_to_dbt_prod.py
[2026-08-29T12:33:26.005+0000] {processor.py:925} INFO - DAG(s) 'airbyte_to_dbt_pipeline_prod' retrieved from /opt/airflow/dags/prod/airbyte_to_dbt_prod.py
[2026-08-29T12:33:26.052+0000] {logging_mixin.py:190} INFO - [2026-08-29T12:33:26.051+0000] {dag.py:3239} INFO - Sync 1 DAGs
[2026-08-29T12:33:26.089+0000] {logging_mixin.py:190} INFO - [2026-08-29T12:33:26.088+0000] {dag.py:4180} INFO - Setting next_dagrun for airbyte_to_dbt_pipeline_prod to 2026-08-29 11:00:00+00:00, run_after=2026-08-29 12:00:00+00:00
[2026-08-29T12:33:26.115+0000] {processor.py:208} INFO - Processing /opt/airflow/dags/prod/airbyte_to_dbt_prod.py took 0.145 seconds
[2026-08-29T12:33:56.284+0000] {processor.py:186} INFO - Started process (PID=656) to work on /opt/airflow/dags/prod/airbyte_to_dbt_prod.py
[2026-08-29T12:33:56.285+0000] {processor.py:914} INFO - Processing file /opt/airflow/dags/prod/airbyte_to_dbt_prod.py for tasks to queue
[2026-08-29T12:33:56.289+0000] {logging_mixin.py:190} INFO - [2026-08-29T12:33:56.289+0000] {dagbag.py:588} INFO - Filling up the DagBag from /opt/airflow/dags/prod/airbyte_to_dbt_prod.py
[2026-08-29T12:33:56.317+0000] {processor.py:925} INFO - DAG(s) 'airbyte_to_dbt_pipeline_prod' retrieved from /opt/airflow/dags/prod/airbyte_to_dbt_prod.py
[2026-08-29T12:33:56.365+0000] {logging_mixin.py:190} INFO - [2026-08-29T12:33:56.365+0000] {dag.py:3239} INFO - Sync 1 DAGs
[2026-08-29T12:33:56.401+0000] {logging_mixin.py:190} INFO - [2026-08-29T12:33:56.401+0000] {dag.py:4180} INFO - Setting next_dagrun for airbyte_to_dbt_pipeline_prod to 2026-08-29 11:00:00+00:00, run_after=2026-08-29 12:00:00+00:00
[2026-08-29T12:33:56.422+0000] {processor.py:208} INFO - Processing /opt/airflow/dags/prod/airbyte_to_dbt_prod.py took 0.148 seconds
[2026-08-29T12:34:26.581+0000] {processor.py:186} INFO - Started process (PID=666) to work on /opt/airflow/dags/prod/airbyte_to_dbt_prod.py
[2026-08-29T12:34:26.582+0000] {processor.py:914} INFO - Processing file /opt/airflow/dags/prod/airbyte_to_dbt_prod.py for tasks to queue
[2026-08-29T12:34:26.585+0000] {logging_mixin.py:190} INFO - [2026-08-29T12:34:26.584+0000] {dagbag.py:588} INFO - Filling up the DagBag from /opt/airflow/dags/prod/airbyte_to_dbt_prod.py
[2026-08-29T12:34:26.609+0000] {processor.py:925} INFO - DAG(s) 'airbyte_to_dbt_pipeline_prod' retrieved from /opt/airflow/dags/prod/airbyte_to_dbt_prod.py
[2026-08-29T12:34:26.666+0000] {logging_mixin.py:190} INFO - [2026-08-29T12:34:26.666+0000] {dag.py:3239} INFO - Sync 1 DAGs
[2026-08-29T12:34:26.705+0000] {logging_mixin.py:190} INFO - [2026-08-29T12:34:26.704+0000] {dag.py:4180} INFO - Setting next_dagrun for airbyte_to_dbt_pipeline_prod to 2026-08-29 11:00:00+00:00, run_after=2026-08-29 12:00:00+00:00
[2026-08-29T12:34:26.729+0000] {processor.py:208} INFO - Processing /opt/airflow/dags/prod/airbyte_to_dbt_prod.py took 0.157 seconds
[2026-08-29T12:34:56.902+0000] {processor.py:186} INFO - Started process (PID=676) to work on /opt/airflow/dags/prod/airbyte_to_dbt_prod.py
[2026-08-29T12:34:56.903+0000] {processor.py:914} INFO - Processing file /opt/airflow/dags/prod/airbyte_to_dbt_prod.py for tasks to queue
[2026-08-29T12:34:56.906+0000] {logging_mixin.py:190} INFO - [2026-08-29T12:34:56.906+0000] {dagbag.py:588} INFO - Filling up the DagBag from /opt/airflow/dags/prod/airbyte_to_dbt_prod.py
[2026-08-29T12:34:56.928+0000] {processor.py:925} INFO - DAG(s) 'airbyte_to_dbt_pipeline_prod' retrieved from /opt/airflow/dags/prod/airbyte_to_dbt_prod.py
[2026-08-29T12:34:56.976+0000] {logging_mixin.py:190} INFO - [2026-08-29T12:34:56.975+0000] {dag.py:3239} INFO - Sync 1 DAGs
[2026-08-29T12:34:57.013+0000] {logging_mixin.py:190} INFO - [2026-08-29T12:34:57.012+0000] {dag.py:4180} INFO - Setting next_dagrun for airbyte_to_dbt_pipeline_prod to 2026-08-29 11:00:00+00:00, run_after=2026-08-29 12:00:00+00:00
[2026-08-29T12:34:57.036+0000] {processor.py:208} INFO - Processing /opt/airflow/dags/prod/airbyte_to_dbt_prod.py took 0.144 seconds
[2026-08-29T12:35:27.211+0000] {processor.py:186} INFO - Started process (PID=686) to work on /opt/airflow/dags/prod/airbyte_to_dbt_prod.py
[2026-08-29T12:35:27.212+0000] {processor.py:914} INFO - Processing file /opt/airflow/dags/prod/airbyte_to_dbt_prod.py for tasks to queue
[2026-08-29T12:35:27.215+0000] {logging_mixin.py:190} INFO - [2026-08-29T12:35:27.215+0000] {dagbag.py:588} INFO - Filling up the DagBag from /opt/airflow/dags/prod/airbyte_to_dbt_prod.py
[2026-08-29T12:35:27.238+0000] {processor.py:925} INFO - DAG(s) 'airbyte_to_dbt_pipeline_prod' retrieved from /opt/airflow/dags/prod/airbyte_to_dbt_prod.py
[2026-08-29T12:35:27.285+0000] {logging_mixin.py:190} INFO - [2026-08-29T12:35:27.285+0000] {dag.py:3239} INFO - Sync 1 DAGs
[2026-08-29T12:35:27.317+0000] {logging_mixin.py:190} INFO - [2026-08-29T12:35:27.317+0000] {dag.py:4180} INFO - Setting next_dagrun for airbyte_to_dbt_pipeline_prod to 2026-08-29 11:00:00+00:00, run_after=2026-08-29 12:00:00+00:00
[2026-08-29T12:35:27.340+0000] {processor.py:208} INFO - Processing /opt/airflow/dags/prod/airbyte_to_dbt_prod.py took 0.137 seconds
[2026-08-29T12:35:57.519+0000] {processor.py:186} INFO - Started process (PID=696) to work on /opt/airflow/dags/prod/airbyte_to_dbt_prod.py
[2026-08-29T12:35:57.529+0000] {processor.py:914} INFO - Processing file /opt/airflow/dags/prod/airbyte_to_dbt_prod.py for tasks to queue
[2026-08-29T12:35:57.532+0000] {logging_mixin.py:190} INFO - [2026-08-29T12:35:57.532+0000] {dagbag.py:588} INFO - Filling up the DagBag from /opt/airflow/dags/prod/airbyte_to_dbt_prod.py
[2026-08-29T12:35:57.553+0000] {processor.py:925} INFO - DAG(s) 'airbyte_to_dbt_pipeline_prod' retrieved from /opt/airflow/dags/prod/airbyte_to_dbt_prod.py
[2026-08-29T12:35:57.599+0000] {logging_mixin.py:190} INFO - [2026-08-29T12:35:57.599+0000] {dag.py:3239} INFO - Sync 1 DAGs
[2026-08-29T12:35:57.643+0000] {logging_mixin.py:190} INFO - [2026-08-29T12:35:57.642+0000] {dag.py:4180} INFO - Setting next_dagrun for airbyte_to_dbt_pipeline_prod to 2026-08-29 11:00:00+00:00, run_after=2026-08-29 12:00:00+00:00
[2026-08-29T12:35:57.671+0000] {processor.py:208} INFO - Processing /opt/airflow/dags/prod/airbyte_to_dbt_prod.py took 0.160 seconds
[2026-08-29T12:36:27.845+0000] {processor.py:186} INFO - Started process (PID=706) to work on /opt/airflow/dags/prod/airbyte_to_dbt_prod.py
[2026-08-29T12:36:27.846+0000] {processor.py:914} INFO - Processing file /opt/airflow/dags/prod/airbyte_to_dbt_prod.py for tasks to queue
[2026-08-29T12:36:27.850+0000] {logging_mixin.py:190} INFO - [2026-08-29T12:36:27.850+0000] {dagbag.py:588} INFO - Filling up the DagBag from /opt/airflow/dags/prod/airbyte_to_dbt_prod.py
[2026-08-29T12:36:27.877+0000] {processor.py:925} INFO - DAG(s) 'airbyte_to_dbt_pipeline_prod' retrieved from /opt/airflow/dags/prod/airbyte_to_dbt_prod.py
[2026-08-29T12:36:27.926+0000] {logging_mixin.py:190} INFO - [2026-08-29T12:36:27.926+0000] {dag.py:3239} INFO - Sync 1 DAGs
[2026-08-29T12:36:27.965+0000] {logging_mixin.py:190} INFO - [2026-08-29T12:36:27.964+0000] {dag.py:4180} INFO - Setting next_dagrun for airbyte_to_dbt_pipeline_prod to 2026-08-29 11:00:00+00:00, run_after=2026-08-29 12:00:00+00:00
[2026-08-29T12:36:27.988+0000] {processor.py:208} INFO - Processing /opt/airflow/dags/prod/airbyte_to_dbt_prod.py took 0.152 seconds
[2026-08-29T12:36:58.163+0000] {processor.py:186} INFO - Started process (PID=716) to work on /opt/airflow/dags/prod/airbyte_to_dbt_prod.py
[2026-08-29T12:36:58.164+0000] {processor.py:914} INFO - Processing file /opt/airflow/dags/prod/airbyte_to_dbt_prod.py for tasks to queue
[2026-08-29T12:36:58.167+0000] {logging_mixin.py:190} INFO - [2026-08-29T12:36:58.167+0000] {dagbag.py:588} INFO - Filling up the DagBag from /opt/airflow/dags/prod/airbyte_to_dbt_prod.py
[2026-08-29T12:36:58.193+0000] {processor.py:925} INFO - DAG(s) 'airbyte_to_dbt_pipeline_prod' retrieved from /opt/airflow/dags/prod/airbyte_to_dbt_prod.py
[2026-08-29T12:36:58.236+0000] {logging_mixin.py:190} INFO - [2026-08-29T12:36:58.235+0000] {dag.py:3239} INFO - Sync 1 DAGs
[2026-08-29T12:36:58.268+0000] {logging_mixin.py:190} INFO - [2026-08-29T12:36:58.268+0000] {dag.py:4180} INFO - Setting next_dagrun for airbyte_to_dbt_pipeline_prod to 2026-08-29 11:00:00+00:00, run_after=2026-08-29 12:00:00+00:00
[2026-08-29T12:36:58.291+0000] {processor.py:208} INFO - Processing /opt/airflow/dags/prod/airbyte_to_dbt_prod.py took 0.137 seconds
[2026-08-29T12:37:28.451+0000] {processor.py:186} INFO - Started process (PID=726) to work on /opt/airflow/dags/prod/airbyte_to_dbt_prod.py
[2026-08-29T12:37:28.452+0000] {processor.py:914} INFO - Processing file /opt/airflow/dags/prod/airbyte_to_dbt_prod.py for tasks to queue
[2026-08-29T12:37:28.456+0000] {logging_mixin.py:190} INFO - [2026-08-29T12:37:28.455+0000] {dagbag.py:588} INFO - Filling up the DagBag from /opt/airflow/dags/prod/airbyte_to_dbt_prod.py
[2026-08-29T12:37:28.477+0000] {processor.py:925} INFO - DAG(s) 'airbyte_to_dbt_pipeline_prod' retrieved from /opt/airflow/dags/prod/airbyte_to_dbt_prod.py
[2026-08-29T12:37:28.517+0000] {logging_mixin.py:190} INFO - [2026-08-29T12:37:28.517+0000] {dag.py:3239} INFO - Sync 1 DAGs
[2026-08-29T12:37:28.551+0000] {logging_mixin.py:190} INFO - [2026-08-29T12:37:28.551+0000] {dag.py:4180} INFO - Setting next_dagrun for airbyte_to_dbt_pipeline_prod to 2026-08-29 11:00:00+00:00, run_after=2026-08-29 12:00:00+00:00
[2026-08-29T12:37:28.575+0000] {processor.py:208} INFO - Processing /opt/airflow/dags/prod/airbyte_to_dbt_prod.py took 0.132 seconds
[2026-08-29T12:37:58.752+0000] {processor.py:186} INFO - Started process (PID=736) to work on /opt/airflow/dags/prod/airbyte_to_dbt_prod.py
[2026-08-29T12:37:58.753+0000] {processor.py:914} INFO - Processing file /opt/airflow/dags/prod/airbyte_to_dbt_prod.py for tasks to queue
[2026-08-29T12:37:58.756+0000] {logging_mixin.py:190} INFO - [2026-08-29T12:37:58.755+0000] {dagbag.py:588} INFO - Filling up the DagBag from /opt/airflow/dags/prod/airbyte_to_dbt_prod.py
[2026-08-29T12:37:58.780+0000] {processor.py:925} INFO - DAG(s) 'airbyte_to_dbt_pipeline_prod' retrieved from /opt/airflow/dags/prod/airbyte_to_dbt_prod.py
[2026-08-29T12:37:58.830+0000] {logging_mixin.py:190} INFO - [2026-08-29T12:37:58.829+0000] {dag.py:3239} INFO - Sync 1 DAGs
[2026-08-29T12:37:58.866+0000] {logging_mixin.py:190} INFO - [2026-08-29T12:37:58.865+0000] {dag.py:4180} INFO - Setting next_dagrun for airbyte_to_dbt_pipeline_prod to 2026-08-29 11:00:00+00:00, run_after=2026-08-29 12:00:00+00:00
[2026-08-29T12:37:58.889+0000] {processor.py:208} INFO - Processing /opt/airflow/dags/prod/airbyte_to_dbt_prod.py took 0.146 seconds
[2026-08-29T12:38:29.057+0000] {processor.py:186} INFO - Started process (PID=746) to work on /opt/airflow/dags/prod/airbyte_to_dbt_prod.py
[2026-08-29T12:38:29.058+0000] {processor.py:914} INFO - Processing file /opt/airflow/dags/prod/airbyte_to_dbt_prod.py for tasks to queue
[2026-08-29T12:38:29.061+0000] {logging_mixin.py:190} INFO - [2026-08-29T12:38:29.061+0000] {dagbag.py:588} INFO - Filling up the DagBag from /opt/airflow/dags/prod/airbyte_to_dbt_prod.py
[2026-08-29T12:38:29.082+0000] {processor.py:925} INFO - DAG(s) 'airbyte_to_dbt_pipeline_prod' retrieved from /opt/airflow/dags/prod/airbyte_to_dbt_prod.py
[2026-08-29T12:38:29.135+0000] {logging_mixin.py:190} INFO - [2026-08-29T12:38:29.135+0000] {dag.py:3239} INFO - Sync 1 DAGs
[2026-08-29T12:38:29.174+0000] {logging_mixin.py:190} INFO - [2026-08-29T12:38:29.174+0000] {dag.py:4180} INFO - Setting next_dagrun for airbyte_to_dbt_pipeline_prod to 2026-08-29 11:00:00+00:00, run_after=2026-08-29 12:00:00+00:00
[2026-08-29T12:38:29.200+0000] {processor.py:208} INFO - Processing /opt/airflow/dags/prod/airbyte_to_dbt_prod.py took 0.151 seconds
[2026-08-29T12:38:59.363+0000] {processor.py:186} INFO - Started process (PID=756) to work on /opt/airflow/dags/prod/airbyte_to_dbt_prod.py
[2026-08-29T12:38:59.364+0000] {processor.py:914} INFO - Processing file /opt/airflow/dags/prod/airbyte_to_dbt_prod.py for tasks to queue
[2026-08-29T12:38:59.368+0000] {logging_mixin.py:190} INFO - [2026-08-29T12:38:59.368+0000] {dagbag.py:588} INFO - Filling up the DagBag from /opt/airflow/dags/prod/airbyte_to_dbt_prod.py
[2026-08-29T12:38:59.389+0000] {processor.py:925} INFO - DAG(s) 'airbyte_to_dbt_pipeline_prod' retrieved from /opt/airflow/dags/prod/airbyte_to_dbt_prod.py
[2026-08-29T12:38:59.437+0000] {logging_mixin.py:190} INFO - [2026-08-29T12:38:59.436+0000] {dag.py:3239} INFO - Sync 1 DAGs
[2026-08-29T12:38:59.469+0000] {logging_mixin.py:190} INFO - [2026-08-29T12:38:59.469+0000] {dag.py:4180} INFO - Setting next_dagrun for airbyte_to_dbt_pipeline_prod to 2026-08-29 11:00:00+00:00, run_after=2026-08-29 12:00:00+00:00
[2026-08-29T12:38:59.495+0000] {processor.py:208} INFO - Processing /opt/airflow/dags/prod/airbyte_to_dbt_prod.py took 0.142 seconds
[2026-08-29T12:39:29.665+0000] {processor.py:186} INFO - Started process (PID=766) to work on /opt/airflow/dags/prod/airbyte_to_dbt_prod.py
[2026-08-29T12:39:29.666+0000] {processor.py:914} INFO - Processing file /opt/airflow/dags/prod/airbyte_to_dbt_prod.py for tasks to queue
[2026-08-29T12:39:29.669+0000] {logging_mixin.py:190} INFO - [2026-08-29T12:39:29.669+0000] {dagbag.py:588} INFO - Filling up the DagBag from /opt/airflow/dags/prod/airbyte_to_dbt_prod.py
[2026-08-29T12:39:29.690+0000] {processor.py:925} INFO - DAG(s) 'airbyte_to_dbt_pipeline_prod' retrieved from /opt/airflow/dags/prod/airbyte_to_dbt_prod.py
[2026-08-29T12:39:29.733+0000] {logging_mixin.py:190} INFO - [2026-08-29T12:39:29.733+0000] {dag.py:3239} INFO - Sync 1 DAGs
[2026-08-29T12:39:29.767+0000] {logging_mixin.py:190} INFO - [2026-08-29T12:39:29.766+0000] {dag.py:4180} INFO - Setting next_dagrun for airbyte_to_dbt_pipeline_prod to 2026-08-29 11:00:00+00:00, run_after=2026-08-29 12:00:00+00:00
[2026-08-29T12:39:29.790+0000] {processor.py:208} INFO - Processing /opt/airflow/dags/prod/airbyte_to_dbt_prod.py took 0.135 seconds
[2026-08-29T12:39:59.953+0000] {processor.py:186} INFO - Started process (PID=776) to work on /opt/airflow/dags/prod/airbyte_to_dbt_prod.py
[2026-08-29T12:39:59.954+0000] {processor.py:914} INFO - Processing file /opt/airflow/dags/prod/airbyte_to_dbt_prod.py for tasks to queue
[2026-08-29T12:39:59.957+0000] {logging_mixin.py:190} INFO - [2026-08-29T12:39:59.957+0000] {dagbag.py:588} INFO - Filling up the DagBag from /opt/airflow/dags/prod/airbyte_to_dbt_prod.py
[2026-08-29T12:39:59.985+0000] {processor.py:925} INFO - DAG(s) 'airbyte_to_dbt_pipeline_prod' retrieved from /opt/airflow/dags/prod/airbyte_to_dbt_prod.py
[2026-08-29T12:40:00.041+0000] {logging_mixin.py:190} INFO - [2026-08-29T12:40:00.041+0000] {dag.py:3239} INFO - Sync 1 DAGs
[2026-08-29T12:40:00.079+0000] {logging_mixin.py:190} INFO - [2026-08-29T12:40:00.079+0000] {dag.py:4180} INFO - Setting next_dagrun for airbyte_to_dbt_pipeline_prod to 2026-08-29 11:00:00+00:00, run_after=2026-08-29 12:00:00+00:00
[2026-08-29T12:40:00.110+0000] {processor.py:208} INFO - Processing /opt/airflow/dags/prod/airbyte_to_dbt_prod.py took 0.165 seconds
[2026-08-29T12:40:30.285+0000] {processor.py:186} INFO - Started process (PID=786) to work on /opt/airflow/dags/prod/airbyte_to_dbt_prod.py
[2026-08-29T12:40:30.286+0000] {processor.py:914} INFO - Processing file /opt/airflow/dags/prod/airbyte_to_dbt_prod.py for tasks to queue
[2026-08-29T12:40:30.290+0000] {logging_mixin.py:190} INFO - [2026-08-29T12:40:30.290+0000] {dagbag.py:588} INFO - Filling up the DagBag from /opt/airflow/dags/prod/airbyte_to_dbt_prod.py
[2026-08-29T12:40:30.321+0000] {processor.py:925} INFO - DAG(s) 'airbyte_to_dbt_pipeline_prod' retrieved from /opt/airflow/dags/prod/airbyte_to_dbt_prod.py
[2026-08-29T12:40:30.376+0000] {logging_mixin.py:190} INFO - [2026-08-29T12:40:30.375+0000] {dag.py:3239} INFO - Sync 1 DAGs
[2026-08-29T12:40:30.415+0000] {logging_mixin.py:190} INFO - [2026-08-29T12:40:30.415+0000] {dag.py:4180} INFO - Setting next_dagrun for airbyte_to_dbt_pipeline_prod to 2026-08-29 11:00:00+00:00, run_after=2026-08-29 12:00:00+00:00
[2026-08-29T12:40:30.438+0000] {processor.py:208} INFO - Processing /opt/airflow/dags/prod/airbyte_to_dbt_prod.py took 0.164 seconds
[2026-08-29T12:41:00.598+0000] {processor.py:186} INFO - Started process (PID=796) to work on /opt/airflow/dags/prod/airbyte_to_dbt_prod.py
[2026-08-29T12:41:00.599+0000] {processor.py:914} INFO - Processing file /opt/airflow/dags/prod/airbyte_to_dbt_prod.py for tasks to queue
[2026-08-29T12:41:00.603+0000] {logging_mixin.py:190} INFO - [2026-08-29T12:41:00.603+0000] {dagbag.py:588} INFO - Filling up the DagBag from /opt/airflow/dags/prod/airbyte_to_dbt_prod.py
[2026-08-29T12:41:00.629+0000] {processor.py:925} INFO - DAG(s) 'airbyte_to_dbt_pipeline_prod' retrieved from /opt/airflow/dags/prod/airbyte_to_dbt_prod.py
[2026-08-29T12:41:00.684+0000] {logging_mixin.py:190} INFO - [2026-08-29T12:41:00.683+0000] {dag.py:3239} INFO - Sync 1 DAGs
[2026-08-29T12:41:00.721+0000] {logging_mixin.py:190} INFO - [2026-08-29T12:41:00.720+0000] {dag.py:4180} INFO - Setting next_dagrun for airbyte_to_dbt_pipeline_prod to 2026-08-29 11:00:00+00:00, run_after=2026-08-29 12:00:00+00:00
[2026-08-29T12:41:00.744+0000] {processor.py:208} INFO - Processing /opt/airflow/dags/prod/airbyte_to_dbt_prod.py took 0.156 seconds
[2026-08-29T12:41:30.902+0000] {processor.py:186} INFO - Started process (PID=806) to work on /opt/airflow/dags/prod/airbyte_to_dbt_prod.py
[2026-08-29T12:41:30.903+0000] {processor.py:914} INFO - Processing file /opt/airflow/dags/prod/airbyte_to_dbt_prod.py for tasks to queue
[2026-08-29T12:41:30.906+0000] {logging_mixin.py:190} INFO - [2026-08-29T12:41:30.906+0000] {dagbag.py:588} INFO - Filling up the DagBag from /opt/airflow/dags/prod/airbyte_to_dbt_prod.py
[2026-08-29T12:41:30.931+0000] {processor.py:925} INFO - DAG(s) 'airbyte_to_dbt_pipeline_prod' retrieved from /opt/airflow/dags/prod/airbyte_to_dbt_prod.py
[2026-08-29T12:41:30.984+0000] {logging_mixin.py:190} INFO - [2026-08-29T12:41:30.984+0000] {dag.py:3239} INFO - Sync 1 DAGs
[2026-08-29T12:41:31.022+0000] {logging_mixin.py:190} INFO - [2026-08-29T12:41:31.021+0000] {dag.py:4180} INFO - Setting next_dagrun for airbyte_to_dbt_pipeline_prod to 2026-08-29 11:00:00+00:00, run_after=2026-08-29 12:00:00+00:00
[2026-08-29T12:41:31.046+0000] {processor.py:208} INFO - Processing /opt/airflow/dags/prod/airbyte_to_dbt_prod.py took 0.153 seconds
[2026-08-29T12:42:01.213+0000] {processor.py:186} INFO - Started process (PID=816) to work on /opt/airflow/dags/prod/airbyte_to_dbt_prod.py
[2026-08-29T12:42:01.214+0000] {processor.py:914} INFO - Processing file /opt/airflow/dags/prod/airbyte_to_dbt_prod.py for tasks to queue
[2026-08-29T12:42:01.218+0000] {logging_mixin.py:190} INFO - [2026-08-29T12:42:01.217+0000] {dagbag.py:588} INFO - Filling up the DagBag from /opt/airflow/dags/prod/airbyte_to_dbt_prod.py
[2026-08-29T12:42:01.241+0000] {processor.py:925} INFO - DAG(s) 'airbyte_to_dbt_pipeline_prod' retrieved from /opt/airflow/dags/prod/airbyte_to_dbt_prod.py
[2026-08-29T12:42:01.281+0000] {logging_mixin.py:190} INFO - [2026-08-29T12:42:01.281+0000] {dag.py:3239} INFO - Sync 1 DAGs
[2026-08-29T12:42:01.311+0000] {logging_mixin.py:190} INFO - [2026-08-29T12:42:01.310+0000] {dag.py:4180} INFO - Setting next_dagrun for airbyte_to_dbt_pipeline_prod to 2026-08-29 11:00:00+00:00, run_after=2026-08-29 12:00:00+00:00
[2026-08-29T12:42:01.335+0000] {processor.py:208} INFO - Processing /opt/airflow/dags/prod/airbyte_to_dbt_prod.py took 0.131 seconds
[2026-08-29T12:42:31.502+0000] {processor.py:186} INFO - Started process (PID=826) to work on /opt/airflow/dags/prod/airbyte_to_dbt_prod.py
[2026-08-29T12:42:31.504+0000] {processor.py:914} INFO - Processing file /opt/airflow/dags/prod/airbyte_to_dbt_prod.py for tasks to queue
[2026-08-29T12:42:31.509+0000] {logging_mixin.py:190} INFO - [2026-08-29T12:42:31.508+0000] {dagbag.py:588} INFO - Filling up the DagBag from /opt/airflow/dags/prod/airbyte_to_dbt_prod.py
[2026-08-29T12:42:31.537+0000] {processor.py:925} INFO - DAG(s) 'airbyte_to_dbt_pipeline_prod' retrieved from /opt/airflow/dags/prod/airbyte_to_dbt_prod.py
[2026-08-29T12:42:31.589+0000] {logging_mixin.py:190} INFO - [2026-08-29T12:42:31.588+0000] {dag.py:3239} INFO - Sync 1 DAGs
[2026-08-29T12:42:31.628+0000] {logging_mixin.py:190} INFO - [2026-08-29T12:42:31.628+0000] {dag.py:4180} INFO - Setting next_dagrun for airbyte_to_dbt_pipeline_prod to 2026-08-29 11:00:00+00:00, run_after=2026-08-29 12:00:00+00:00
[2026-08-29T12:42:31.652+0000] {processor.py:208} INFO - Processing /opt/airflow/dags/prod/airbyte_to_dbt_prod.py took 0.161 seconds
[2026-08-29T12:43:02.666+0000] {processor.py:186} INFO - Started process (PID=836) to work on /opt/airflow/dags/prod/airbyte_to_dbt_prod.py
[2026-08-29T12:43:02.667+0000] {processor.py:914} INFO - Processing file /opt/airflow/dags/prod/airbyte_to_dbt_prod.py for tasks to queue
[2026-08-29T12:43:02.671+0000] {logging_mixin.py:190} INFO - [2026-08-29T12:43:02.670+0000] {dagbag.py:588} INFO - Filling up the DagBag from /opt/airflow/dags/prod/airbyte_to_dbt_prod.py
[2026-08-29T12:43:02.695+0000] {processor.py:925} INFO - DAG(s) 'airbyte_to_dbt_pipeline_prod' retrieved from /opt/airflow/dags/prod/airbyte_to_dbt_prod.py
[2026-08-29T12:43:02.746+0000] {logging_mixin.py:190} INFO - [2026-08-29T12:43:02.746+0000] {dag.py:3239} INFO - Sync 1 DAGs
[2026-08-29T12:43:02.786+0000] {logging_mixin.py:190} INFO - [2026-08-29T12:43:02.785+0000] {dag.py:4180} INFO - Setting next_dagrun for airbyte_to_dbt_pipeline_prod to 2026-08-29 11:00:00+00:00, run_after=2026-08-29 12:00:00+00:00
[2026-08-29T12:43:02.808+0000] {processor.py:208} INFO - Processing /opt/airflow/dags/prod/airbyte_to_dbt_prod.py took 0.153 seconds
[2026-08-29T12:43:32.974+0000] {processor.py:186} INFO - Started process (PID=846) to work on /opt/airflow/dags/prod/airbyte_to_dbt_prod.py
[2026-08-29T12:43:32.975+0000] {processor.py:914} INFO - Processing file /opt/airflow/dags/prod/airbyte_to_dbt_prod.py for tasks to queue
[2026-08-29T12:43:32.978+0000] {logging_mixin.py:190} INFO - [2026-08-29T12:43:32.978+0000] {dagbag.py:588} INFO - Filling up the DagBag from /opt/airflow/dags/prod/airbyte_to_dbt_prod.py
[2026-08-29T12:43:33.003+0000] {processor.py:925} INFO - DAG(s) 'airbyte_to_dbt_pipeline_prod' retrieved from /opt/airflow/dags/prod/airbyte_to_dbt_prod.py
[2026-08-29T12:43:33.045+0000] {logging_mixin.py:190} INFO - [2026-08-29T12:43:33.045+0000] {dag.py:3239} INFO - Sync 1 DAGs
[2026-08-29T12:43:33.089+0000] {logging_mixin.py:190} INFO - [2026-08-29T12:43:33.088+0000] {dag.py:4180} INFO - Setting next_dagrun for airbyte_to_dbt_pipeline_prod to 2026-08-29 11:00:00+00:00, run_after=2026-08-29 12:00:00+00:00
[2026-08-29T12:43:33.120+0000] {processor.py:208} INFO - Processing /opt/airflow/dags/prod/airbyte_to_dbt_prod.py took 0.155 seconds
[2026-08-29T12:44:03.272+0000] {processor.py:186} INFO - Started process (PID=856) to work on /opt/airflow/dags/prod/airbyte_to_dbt_prod.py
[2026-08-29T12:44:03.274+0000] {processor.py:914} INFO - Processing file /opt/airflow/dags/prod/airbyte_to_dbt_prod.py for tasks to queue
[2026-08-29T12:44:03.277+0000] {logging_mixin.py:190} INFO - [2026-08-29T12:44:03.277+0000] {dagbag.py:588} INFO - Filling up the DagBag from /opt/airflow/dags/prod/airbyte_to_dbt_prod.py
[2026-08-29T12:44:03.302+0000] {processor.py:925} INFO - DAG(s) 'airbyte_to_dbt_pipeline_prod' retrieved from /opt/airflow/dags/prod/airbyte_to_dbt_prod.py
[2026-08-29T12:44:03.346+0000] {logging_mixin.py:190} INFO - [2026-08-29T12:44:03.346+0000] {dag.py:3239} INFO - Sync 1 DAGs
[2026-08-29T12:44:03.377+0000] {logging_mixin.py:190} INFO - [2026-08-29T12:44:03.377+0000] {dag.py:4180} INFO - Setting next_dagrun for airbyte_to_dbt_pipeline_prod to 2026-08-29 11:00:00+00:00, run_after=2026-08-29 12:00:00+00:00
[2026-08-29T12:44:03.400+0000] {processor.py:208} INFO - Processing /opt/airflow/dags/prod/airbyte_to_dbt_prod.py took 0.137 seconds
[2026-08-29T12:44:33.572+0000] {processor.py:186} INFO - Started process (PID=866) to work on /opt/airflow/dags/prod/airbyte_to_dbt_prod.py
[2026-08-29T12:44:33.573+0000] {processor.py:914} INFO - Processing file /opt/airflow/dags/prod/airbyte_to_dbt_prod.py for tasks to queue
[2026-08-29T12:44:33.578+0000] {logging_mixin.py:190} INFO - [2026-08-29T12:44:33.577+0000] {dagbag.py:588} INFO - Filling up the DagBag from /opt/airflow/dags/prod/airbyte_to_dbt_prod.py
[2026-08-29T12:44:33.607+0000] {processor.py:925} INFO - DAG(s) 'airbyte_to_dbt_pipeline_prod' retrieved from /opt/airflow/dags/prod/airbyte_to_dbt_prod.py
[2026-08-29T12:44:33.646+0000] {logging_mixin.py:190} INFO - [2026-08-29T12:44:33.646+0000] {dag.py:3239} INFO - Sync 1 DAGs
[2026-08-29T12:44:33.677+0000] {logging_mixin.py:190} INFO - [2026-08-29T12:44:33.677+0000] {dag.py:4180} INFO - Setting next_dagrun for airbyte_to_dbt_pipeline_prod to 2026-08-29 11:00:00+00:00, run_after=2026-08-29 12:00:00+00:00
[2026-08-29T12:44:33.703+0000] {processor.py:208} INFO - Processing /opt/airflow/dags/prod/airbyte_to_dbt_prod.py took 0.142 seconds
[2026-08-29T12:45:03.885+0000] {processor.py:186} INFO - Started process (PID=876) to work on /opt/airflow/dags/prod/airbyte_to_dbt_prod.py
[2026-08-29T12:45:03.886+0000] {processor.py:914} INFO - Processing file /opt/airflow/dags/prod/airbyte_to_dbt_prod.py for tasks to queue
[2026-08-29T12:45:03.891+0000] {logging_mixin.py:190} INFO - [2026-08-29T12:45:03.890+0000] {dagbag.py:588} INFO - Filling up the DagBag from /opt/airflow/dags/prod/airbyte_to_dbt_prod.py
[2026-08-29T12:45:03.919+0000] {processor.py:925} INFO - DAG(s) 'airbyte_to_dbt_pipeline_prod' retrieved from /opt/airflow/dags/prod/airbyte_to_dbt_prod.py
[2026-08-29T12:45:03.973+0000] {logging_mixin.py:190} INFO - [2026-08-29T12:45:03.973+0000] {dag.py:3239} INFO - Sync 1 DAGs
[2026-08-29T12:45:04.010+0000] {logging_mixin.py:190} INFO - [2026-08-29T12:45:04.010+0000] {dag.py:4180} INFO - Setting next_dagrun for airbyte_to_dbt_pipeline_prod to 2026-08-29 11:00:00+00:00, run_after=2026-08-29 12:00:00+00:00
[2026-08-29T12:45:04.035+0000] {processor.py:208} INFO - Processing /opt/airflow/dags/prod/airbyte_to_dbt_prod.py took 0.160 seconds
[2026-08-29T12:45:34.201+0000] {processor.py:186} INFO - Started process (PID=886) to work on /opt/airflow/dags/prod/airbyte_to_dbt_prod.py
[2026-08-29T12:45:34.202+0000] {processor.py:914} INFO - Processing file /opt/airflow/dags/prod/airbyte_to_dbt_prod.py for tasks to queue
[2026-08-29T12:45:34.205+0000] {logging_mixin.py:190} INFO - [2026-08-29T12:45:34.205+0000] {dagbag.py:588} INFO - Filling up the DagBag from /opt/airflow/dags/prod/airbyte_to_dbt_prod.py
[2026-08-29T12:45:34.227+0000] {processor.py:925} INFO - DAG(s) 'airbyte_to_dbt_pipeline_prod' retrieved from /opt/airflow/dags/prod/airbyte_to_dbt_prod.py
[2026-08-29T12:45:34.273+0000] {logging_mixin.py:190} INFO - [2026-08-29T12:45:34.272+0000] {dag.py:3239} INFO - Sync 1 DAGs
[2026-08-29T12:45:34.303+0000] {logging_mixin.py:190} INFO - [2026-08-29T12:45:34.303+0000] {dag.py:4180} INFO - Setting next_dagrun for airbyte_to_dbt_pipeline_prod to 2026-08-29 11:00:00+00:00, run_after=2026-08-29 12:00:00+00:00
[2026-08-29T12:45:34.325+0000] {processor.py:208} INFO - Processing /opt/airflow/dags/prod/airbyte_to_dbt_prod.py took 0.133 seconds
[2026-08-29T12:46:04.492+0000] {processor.py:186} INFO - Started process (PID=896) to work on /opt/airflow/dags/prod/airbyte_to_dbt_prod.py
[2026-08-29T12:46:04.493+0000] {processor.py:914} INFO - Processing file /opt/airflow/dags/prod/airbyte_to_dbt_prod.py for tasks to queue
[2026-08-29T12:46:04.496+0000] {logging_mixin.py:190} INFO - [2026-08-29T12:46:04.495+0000] {dagbag.py:588} INFO - Filling up the DagBag from /opt/airflow/dags/prod/airbyte_to_dbt_prod.py
[2026-08-29T12:46:04.520+0000] {processor.py:925} INFO - DAG(s) 'airbyte_to_dbt_pipeline_prod' retrieved from /opt/airflow/dags/prod/airbyte_to_dbt_prod.py
[2026-08-29T12:46:04.560+0000] {logging_mixin.py:190} INFO - [2026-08-29T12:46:04.560+0000] {dag.py:3239} INFO - Sync 1 DAGs
[2026-08-29T12:46:04.595+0000] {logging_mixin.py:190} INFO - [2026-08-29T12:46:04.594+0000] {dag.py:4180} INFO - Setting next_dagrun for airbyte_to_dbt_pipeline_prod to 2026-08-29 11:00:00+00:00, run_after=2026-08-29 12:00:00+00:00
[2026-08-29T12:46:04.618+0000] {processor.py:208} INFO - Processing /opt/airflow/dags/prod/airbyte_to_dbt_prod.py took 0.136 seconds
[2026-08-29T12:46:34.788+0000] {processor.py:186} INFO - Started process (PID=906) to work on /opt/airflow/dags/prod/airbyte_to_dbt_prod.py
[2026-08-29T12:46:34.789+0000] {processor.py:914} INFO - Processing file /opt/airflow/dags/prod/airbyte_to_dbt_prod.py for tasks to queue
[2026-08-29T12:46:34.793+0000] {logging_mixin.py:190} INFO - [2026-08-29T12:46:34.792+0000] {dagbag.py:588} INFO - Filling up the DagBag from /opt/airflow/dags/prod/airbyte_to_dbt_prod.py
[2026-08-29T12:46:34.825+0000] {processor.py:925} INFO - DAG(s) 'airbyte_to_dbt_pipeline_prod' retrieved from /opt/airflow/dags/prod/airbyte_to_dbt_prod.py
[2026-08-29T12:46:34.864+0000] {logging_mixin.py:190} INFO - [2026-08-29T12:46:34.864+0000] {dag.py:3239} INFO - Sync 1 DAGs
[2026-08-29T12:46:34.897+0000] {logging_mixin.py:190} INFO - [2026-08-29T12:46:34.897+0000] {dag.py:4180} INFO - Setting next_dagrun for airbyte_to_dbt_pipeline_prod to 2026-08-29 11:00:00+00:00, run_after=2026-08-29 12:00:00+00:00
[2026-08-29T12:46:34.921+0000] {processor.py:208} INFO - Processing /opt/airflow/dags/prod/airbyte_to_dbt_prod.py took 0.144 seconds
[2026-08-29T12:47:05.096+0000] {processor.py:186} INFO - Started process (PID=916) to work on /opt/airflow/dags/prod/airbyte_to_dbt_prod.py
[2026-08-29T12:47:05.097+0000] {processor.py:914} INFO - Processing file /opt/airflow/dags/prod/airbyte_to_dbt_prod.py for tasks to queue
[2026-08-29T12:47:05.101+0000] {logging_mixin.py:190} INFO - [2026-08-29T12:47:05.101+0000] {dagbag.py:588} INFO - Filling up the DagBag from /opt/airflow/dags/prod/airbyte_to_dbt_prod.py
[2026-08-29T12:47:05.132+0000] {processor.py:925} INFO - DAG(s) 'airbyte_to_dbt_pipeline_prod' retrieved from /opt/airflow/dags/prod/airbyte_to_dbt_prod.py
[2026-08-29T12:47:05.175+0000] {logging_mixin.py:190} INFO - [2026-08-29T12:47:05.175+0000] {dag.py:3239} INFO - Sync 1 DAGs
[2026-08-29T12:47:05.208+0000] {logging_mixin.py:190} INFO - [2026-08-29T12:47:05.208+0000] {dag.py:4180} INFO - Setting next_dagrun for airbyte_to_dbt_pipeline_prod to 2026-08-29 11:00:00+00:00, run_after=2026-08-29 12:00:00+00:00
[2026-08-29T12:47:05.232+0000] {processor.py:208} INFO - Processing /opt/airflow/dags/prod/airbyte_to_dbt_prod.py took 0.147 seconds
[2026-08-29T12:47:35.413+0000] {processor.py:186} INFO - Started process (PID=926) to work on /opt/airflow/dags/prod/airbyte_to_dbt_prod.py
[2026-08-29T12:47:35.414+0000] {processor.py:914} INFO - Processing file /opt/airflow/dags/prod/airbyte_to_dbt_prod.py for tasks to queue
[2026-08-29T12:47:35.420+0000] {logging_mixin.py:190} INFO - [2026-08-29T12:47:35.419+0000] {dagbag.py:588} INFO - Filling up the DagBag from /opt/airflow/dags/prod/airbyte_to_dbt_prod.py
[2026-08-29T12:47:35.452+0000] {processor.py:925} INFO - DAG(s) 'airbyte_to_dbt_pipeline_prod' retrieved from /opt/airflow/dags/prod/airbyte_to_dbt_prod.py
[2026-08-29T12:47:35.501+0000] {logging_mixin.py:190} INFO - [2026-08-29T12:47:35.500+0000] {dag.py:3239} INFO - Sync 1 DAGs
[2026-08-29T12:47:35.539+0000] {logging_mixin.py:190} INFO - [2026-08-29T12:47:35.538+0000] {dag.py:4180} INFO - Setting next_dagrun for airbyte_to_dbt_pipeline_prod to 2026-08-29 11:00:00+00:00, run_after=2026-08-29 12:00:00+00:00
[2026-08-29T12:47:35.563+0000] {processor.py:208} INFO - Processing /opt/airflow/dags/prod/airbyte_to_dbt_prod.py took 0.162 seconds
[2026-08-29T12:48:05.722+0000] {processor.py:186} INFO - Started process (PID=936) to work on /opt/airflow/dags/prod/airbyte_to_dbt_prod.py
[2026-08-29T12:48:05.722+0000] {processor.py:914} INFO - Processing file /opt/airflow/dags/prod/airbyte_to_dbt_prod.py for tasks to queue
[2026-08-29T12:48:05.725+0000] {logging_mixin.py:190} INFO - [2026-08-29T12:48:05.725+0000] {dagbag.py:588} INFO - Filling up the DagBag from /opt/airflow/dags/prod/airbyte_to_dbt_prod.py
[2026-08-29T12:48:05.747+0000] {processor.py:925} INFO - DAG(s) 'airbyte_to_dbt_pipeline_prod' retrieved from /opt/airflow/dags/prod/airbyte_to_dbt_prod.py
[2026-08-29T12:48:05.788+0000] {logging_mixin.py:190} INFO - [2026-08-29T12:48:05.787+0000] {dag.py:3239} INFO - Sync 1 DAGs
[2026-08-29T12:48:05.822+0000] {logging_mixin.py:190} INFO - [2026-08-29T12:48:05.822+0000] {dag.py:4180} INFO - Setting next_dagrun for airbyte_to_dbt_pipeline_prod to 2026-08-29 11:00:00+00:00, run_after=2026-08-29 12:00:00+00:00
[2026-08-29T12:48:05.846+0000] {processor.py:208} INFO - Processing /opt/airflow/dags/prod/airbyte_to_dbt_prod.py took 0.133 seconds
[2026-08-29T12:48:36.009+0000] {processor.py:186} INFO - Started process (PID=946) to work on /opt/airflow/dags/prod/airbyte_to_dbt_prod.py
[2026-08-29T12:48:36.010+0000] {processor.py:914} INFO - Processing file /opt/airflow/dags/prod/airbyte_to_dbt_prod.py for tasks to queue
[2026-08-29T12:48:36.013+0000] {logging_mixin.py:190} INFO - [2026-08-29T12:48:36.013+0000] {dagbag.py:588} INFO - Filling up the DagBag from /opt/airflow/dags/prod/airbyte_to_dbt_prod.py
[2026-08-29T12:48:36.037+0000] {processor.py:925} INFO - DAG(s) 'airbyte_to_dbt_pipeline_prod' retrieved from /opt/airflow/dags/prod/airbyte_to_dbt_prod.py
[2026-08-29T12:48:36.078+0000] {logging_mixin.py:190} INFO - [2026-08-29T12:48:36.078+0000] {dag.py:3239} INFO - Sync 1 DAGs
[2026-08-29T12:48:36.116+0000] {logging_mixin.py:190} INFO - [2026-08-29T12:48:36.115+0000] {dag.py:4180} INFO - Setting next_dagrun for airbyte_to_dbt_pipeline_prod to 2026-08-29 11:00:00+00:00, run_after=2026-08-29 12:00:00+00:00
[2026-08-29T12:48:36.139+0000] {processor.py:208} INFO - Processing /opt/airflow/dags/prod/airbyte_to_dbt_prod.py took 0.138 seconds
[2026-08-29T12:49:06.303+0000] {processor.py:186} INFO - Started process (PID=956) to work on /opt/airflow/dags/prod/airbyte_to_dbt_prod.py
[2026-08-29T12:49:06.304+0000] {processor.py:914} INFO - Processing file /opt/airflow/dags/prod/airbyte_to_dbt_prod.py for tasks to queue
[2026-08-29T12:49:06.307+0000] {logging_mixin.py:190} INFO - [2026-08-29T12:49:06.307+0000] {dagbag.py:588} INFO - Filling up the DagBag from /opt/airflow/dags/prod/airbyte_to_dbt_prod.py
[2026-08-29T12:49:06.331+0000] {processor.py:925} INFO - DAG(s) 'airbyte_to_dbt_pipeline_prod' retrieved from /opt/airflow/dags/prod/airbyte_to_dbt_prod.py
[2026-08-29T12:49:06.377+0000] {logging_mixin.py:190} INFO - [2026-08-29T12:49:06.376+0000] {dag.py:3239} INFO - Sync 1 DAGs
[2026-08-29T12:49:06.410+0000] {logging_mixin.py:190} INFO - [2026-08-29T12:49:06.409+0000] {dag.py:4180} INFO - Setting next_dagrun for airbyte_to_dbt_pipeline_prod to 2026-08-29 11:00:00+00:00, run_after=2026-08-29 12:00:00+00:00
[2026-08-29T12:49:06.432+0000] {processor.py:208} INFO - Processing /opt/airflow/dags/prod/airbyte_to_dbt_prod.py took 0.138 seconds
[2026-08-29T12:49:36.600+0000] {processor.py:186} INFO - Started process (PID=966) to work on /opt/airflow/dags/prod/airbyte_to_dbt_prod.py
[2026-08-29T12:49:36.601+0000] {processor.py:914} INFO - Processing file /opt/airflow/dags/prod/airbyte_to_dbt_prod.py for tasks to queue
[2026-08-29T12:49:36.604+0000] {logging_mixin.py:190} INFO - [2026-08-29T12:49:36.603+0000] {dagbag.py:588} INFO - Filling up the DagBag from /opt/airflow/dags/prod/airbyte_to_dbt_prod.py
[2026-08-29T12:49:36.624+0000] {processor.py:925} INFO - DAG(s) 'airbyte_to_dbt_pipeline_prod' retrieved from /opt/airflow/dags/prod/airbyte_to_dbt_prod.py
[2026-08-29T12:49:36.664+0000] {logging_mixin.py:190} INFO - [2026-08-29T12:49:36.663+0000] {dag.py:3239} INFO - Sync 1 DAGs
[2026-08-29T12:49:36.697+0000] {logging_mixin.py:190} INFO - [2026-08-29T12:49:36.697+0000] {dag.py:4180} INFO - Setting next_dagrun for airbyte_to_dbt_pipeline_prod to 2026-08-29 11:00:00+00:00, run_after=2026-08-29 12:00:00+00:00
[2026-08-29T12:49:36.722+0000] {processor.py:208} INFO - Processing /opt/airflow/dags/prod/airbyte_to_dbt_prod.py took 0.131 seconds
[2026-08-29T12:50:06.930+0000] {processor.py:186} INFO - Started process (PID=976) to work on /opt/airflow/dags/prod/airbyte_to_dbt_prod.py
[2026-08-29T12:50:06.931+0000] {processor.py:914} INFO - Processing file /opt/airflow/dags/prod/airbyte_to_dbt_prod.py for tasks to queue
[2026-08-29T12:50:06.935+0000] {logging_mixin.py:190} INFO - [2026-08-29T12:50:06.935+0000] {dagbag.py:588} INFO - Filling up the DagBag from /opt/airflow/dags/prod/airbyte_to_dbt_prod.py
[2026-08-29T12:50:06.965+0000] {processor.py:925} INFO - DAG(s) 'airbyte_to_dbt_pipeline_prod' retrieved from /opt/airflow/dags/prod/airbyte_to_dbt_prod.py
[2026-08-29T12:50:07.013+0000] {logging_mixin.py:190} INFO - [2026-08-29T12:50:07.013+0000] {dag.py:3239} INFO - Sync 1 DAGs
[2026-08-29T12:50:07.048+0000] {logging_mixin.py:190} INFO - [2026-08-29T12:50:07.047+0000] {dag.py:4180} INFO - Setting next_dagrun for airbyte_to_dbt_pipeline_prod to 2026-08-29 11:00:00+00:00, run_after=2026-08-29 12:00:00+00:00
[2026-08-29T12:50:07.069+0000] {processor.py:208} INFO - Processing /opt/airflow/dags/prod/airbyte_to_dbt_prod.py took 0.150 seconds
[2026-08-29T12:50:37.256+0000] {processor.py:186} INFO - Started process (PID=986) to work on /opt/airflow/dags/prod/airbyte_to_dbt_prod.py
[2026-08-29T12:50:37.257+0000] {processor.py:914} INFO - Processing file /opt/airflow/dags/prod/airbyte_to_dbt_prod.py for tasks to queue
[2026-08-29T12:50:37.261+0000] {logging_mixin.py:190} INFO - [2026-08-29T12:50:37.260+0000] {dagbag.py:588} INFO - Filling up the DagBag from /opt/airflow/dags/prod/airbyte_to_dbt_prod.py
[2026-08-29T12:50:37.282+0000] {processor.py:925} INFO - DAG(s) 'airbyte_to_dbt_pipeline_prod' retrieved from /opt/airflow/dags/prod/airbyte_to_dbt_prod.py
[2026-08-29T12:50:37.323+0000] {logging_mixin.py:190} INFO - [2026-08-29T12:50:37.323+0000] {dag.py:3239} INFO - Sync 1 DAGs
[2026-08-29T12:50:37.355+0000] {logging_mixin.py:190} INFO - [2026-08-29T12:50:37.354+0000] {dag.py:4180} INFO - Setting next_dagrun for airbyte_to_dbt_pipeline_prod to 2026-08-29 11:00:00+00:00, run_after=2026-08-29 12:00:00+00:00
[2026-08-29T12:50:37.379+0000] {processor.py:208} INFO - Processing /opt/airflow/dags/prod/airbyte_to_dbt_prod.py took 0.133 seconds
[2026-08-29T12:51:07.558+0000] {processor.py:186} INFO - Started process (PID=996) to work on /opt/airflow/dags/prod/airbyte_to_dbt_prod.py
[2026-08-29T12:51:07.559+0000] {processor.py:914} INFO - Processing file /opt/airflow/dags/prod/airbyte_to_dbt_prod.py for tasks to queue
[2026-08-29T12:51:07.562+0000] {logging_mixin.py:190} INFO - [2026-08-29T12:51:07.561+0000] {dagbag.py:588} INFO - Filling up the DagBag from /opt/airflow/dags/prod/airbyte_to_dbt_prod.py
[2026-08-29T12:51:07.582+0000] {processor.py:925} INFO - DAG(s) 'airbyte_to_dbt_pipeline_prod' retrieved from /opt/airflow/dags/prod/airbyte_to_dbt_prod.py
[2026-08-29T12:51:07.626+0000] {logging_mixin.py:190} INFO - [2026-08-29T12:51:07.626+0000] {dag.py:3239} INFO - Sync 1 DAGs
[2026-08-29T12:51:07.661+0000] {logging_mixin.py:190} INFO - [2026-08-29T12:51:07.660+0000] {dag.py:4180} INFO - Setting next_dagrun for airbyte_to_dbt_pipeline_prod to 2026-08-29 11:00:00+00:00, run_after=2026-08-29 12:00:00+00:00
[2026-08-29T12:51:07.685+0000] {processor.py:208} INFO - Processing /opt/airflow/dags/prod/airbyte_to_dbt_prod.py took 0.136 seconds
[2026-08-29T12:51:37.869+0000] {processor.py:186} INFO - Started process (PID=1006) to work on /opt/airflow/dags/prod/airbyte_to_dbt_prod.py
[2026-08-29T12:51:37.871+0000] {processor.py:914} INFO - Processing file /opt/airflow/dags/prod/airbyte_to_dbt_prod.py for tasks to queue
[2026-08-29T12:51:37.874+0000] {logging_mixin.py:190} INFO - [2026-08-29T12:51:37.873+0000] {dagbag.py:588} INFO - Filling up the DagBag from /opt/airflow/dags/prod/airbyte_to_dbt_prod.py
[2026-08-29T12:51:37.898+0000] {processor.py:925} INFO - DAG(s) 'airbyte_to_dbt_pipeline_prod' retrieved from /opt/airflow/dags/prod/airbyte_to_dbt_prod.py
[2026-08-29T12:51:37.941+0000] {logging_mixin.py:190} INFO - [2026-08-29T12:51:37.940+0000] {dag.py:3239} INFO - Sync 1 DAGs
[2026-08-29T12:51:37.978+0000] {logging_mixin.py:190} INFO - [2026-08-29T12:51:37.978+0000] {dag.py:4180} INFO - Setting next_dagrun for airbyte_to_dbt_pipeline_prod to 2026-08-29 11:00:00+00:00, run_after=2026-08-29 12:00:00+00:00
[2026-08-29T12:51:38.016+0000] {processor.py:208} INFO - Processing /opt/airflow/dags/prod/airbyte_to_dbt_prod.py took 0.158 seconds
[2026-08-29T12:52:08.206+0000] {processor.py:186} INFO - Started process (PID=1016) to work on /opt/airflow/dags/prod/airbyte_to_dbt_prod.py
[2026-08-29T12:52:08.206+0000] {processor.py:914} INFO - Processing file /opt/airflow/dags/prod/airbyte_to_dbt_prod.py for tasks to queue
[2026-08-29T12:52:08.210+0000] {logging_mixin.py:190} INFO - [2026-08-29T12:52:08.209+0000] {dagbag.py:588} INFO - Filling up the DagBag from /opt/airflow/dags/prod/airbyte_to_dbt_prod.py
[2026-08-29T12:52:08.233+0000] {processor.py:925} INFO - DAG(s) 'airbyte_to_dbt_pipeline_prod' retrieved from /opt/airflow/dags/prod/airbyte_to_dbt_prod.py
[2026-08-29T12:52:08.281+0000] {logging_mixin.py:190} INFO - [2026-08-29T12:52:08.281+0000] {dag.py:3239} INFO - Sync 1 DAGs
[2026-08-29T12:52:08.321+0000] {logging_mixin.py:190} INFO - [2026-08-29T12:52:08.321+0000] {dag.py:4180} INFO - Setting next_dagrun for airbyte_to_dbt_pipeline_prod to 2026-08-29 11:00:00+00:00, run_after=2026-08-29 12:00:00+00:00
[2026-08-29T12:52:08.347+0000] {processor.py:208} INFO - Processing /opt/airflow/dags/prod/airbyte_to_dbt_prod.py took 0.150 seconds
[2026-08-29T12:52:38.515+0000] {processor.py:186} INFO - Started process (PID=1026) to work on /opt/airflow/dags/prod/airbyte_to_dbt_prod.py
[2026-08-29T12:52:38.516+0000] {processor.py:914} INFO - Processing file /opt/airflow/dags/prod/airbyte_to_dbt_prod.py for tasks to queue
[2026-08-29T12:52:38.519+0000] {logging_mixin.py:190} INFO - [2026-08-29T12:52:38.519+0000] {dagbag.py:588} INFO - Filling up the DagBag from /opt/airflow/dags/prod/airbyte_to_dbt_prod.py
[2026-08-29T12:52:38.543+0000] {processor.py:925} INFO - DAG(s) 'airbyte_to_dbt_pipeline_prod' retrieved from /opt/airflow/dags/prod/airbyte_to_dbt_prod.py
[2026-08-29T12:52:38.590+0000] {logging_mixin.py:190} INFO - [2026-08-29T12:52:38.590+0000] {dag.py:3239} INFO - Sync 1 DAGs
[2026-08-29T12:52:38.628+0000] {logging_mixin.py:190} INFO - [2026-08-29T12:52:38.628+0000] {dag.py:4180} INFO - Setting next_dagrun for airbyte_to_dbt_pipeline_prod to 2026-08-29 11:00:00+00:00, run_after=2026-08-29 12:00:00+00:00
[2026-08-29T12:52:38.659+0000] {processor.py:208} INFO - Processing /opt/airflow/dags/prod/airbyte_to_dbt_prod.py took 0.154 seconds
[2026-08-29T12:53:08.865+0000] {processor.py:186} INFO - Started process (PID=1036) to work on /opt/airflow/dags/prod/airbyte_to_dbt_prod.py
[2026-08-29T12:53:08.866+0000] {processor.py:914} INFO - Processing file /opt/airflow/dags/prod/airbyte_to_dbt_prod.py for tasks to queue
[2026-08-29T12:53:08.870+0000] {logging_mixin.py:190} INFO - [2026-08-29T12:53:08.869+0000] {dagbag.py:588} INFO - Filling up the DagBag from /opt/airflow/dags/prod/airbyte_to_dbt_prod.py
[2026-08-29T12:53:08.900+0000] {processor.py:925} INFO - DAG(s) 'airbyte_to_dbt_pipeline_prod' retrieved from /opt/airflow/dags/prod/airbyte_to_dbt_prod.py
[2026-08-29T12:53:08.948+0000] {logging_mixin.py:190} INFO - [2026-08-29T12:53:08.947+0000] {dag.py:3239} INFO - Sync 1 DAGs
[2026-08-29T12:53:08.976+0000] {logging_mixin.py:190} INFO - [2026-08-29T12:53:08.976+0000] {dag.py:4180} INFO - Setting next_dagrun for airbyte_to_dbt_pipeline_prod to 2026-08-29 11:00:00+00:00, run_after=2026-08-29 12:00:00+00:00
[2026-08-29T12:53:08.998+0000] {processor.py:208} INFO - Processing /opt/airflow/dags/prod/airbyte_to_dbt_prod.py took 0.143 seconds
[2026-08-29T12:53:39.175+0000] {processor.py:186} INFO - Started process (PID=1046) to work on /opt/airflow/dags/prod/airbyte_to_dbt_prod.py
[2026-08-29T12:53:39.176+0000] {processor.py:914} INFO - Processing file /opt/airflow/dags/prod/airbyte_to_dbt_prod.py for tasks to queue
[2026-08-29T12:53:39.180+0000] {logging_mixin.py:190} INFO - [2026-08-29T12:53:39.179+0000] {dagbag.py:588} INFO - Filling up the DagBag from /opt/airflow/dags/prod/airbyte_to_dbt_prod.py
[2026-08-29T12:53:39.206+0000] {processor.py:925} INFO - DAG(s) 'airbyte_to_dbt_pipeline_prod' retrieved from /opt/airflow/dags/prod/airbyte_to_dbt_prod.py
[2026-08-29T12:53:39.257+0000] {logging_mixin.py:190} INFO - [2026-08-29T12:53:39.257+0000] {dag.py:3239} INFO - Sync 1 DAGs
[2026-08-29T12:53:39.299+0000] {logging_mixin.py:190} INFO - [2026-08-29T12:53:39.299+0000] {dag.py:4180} INFO - Setting next_dagrun for airbyte_to_dbt_pipeline_prod to 2026-08-29 11:00:00+00:00, run_after=2026-08-29 12:00:00+00:00
[2026-08-29T12:53:39.329+0000] {processor.py:208} INFO - Processing /opt/airflow/dags/prod/airbyte_to_dbt_prod.py took 0.163 seconds
[2026-08-29T12:54:09.497+0000] {processor.py:186} INFO - Started process (PID=1056) to work on /opt/airflow/dags/prod/airbyte_to_dbt_prod.py
[2026-08-29T12:54:09.500+0000] {processor.py:914} INFO - Processing file /opt/airflow/dags/prod/airbyte_to_dbt_prod.py for tasks to queue
[2026-08-29T12:54:09.505+0000] {logging_mixin.py:190} INFO - [2026-08-29T12:54:09.504+0000] {dagbag.py:588} INFO - Filling up the DagBag from /opt/airflow/dags/prod/airbyte_to_dbt_prod.py
[2026-08-29T12:54:09.538+0000] {processor.py:925} INFO - DAG(s) 'airbyte_to_dbt_pipeline_prod' retrieved from /opt/airflow/dags/prod/airbyte_to_dbt_prod.py
[2026-08-29T12:54:09.583+0000] {logging_mixin.py:190} INFO - [2026-08-29T12:54:09.582+0000] {dag.py:3239} INFO - Sync 1 DAGs
[2026-08-29T12:54:09.617+0000] {logging_mixin.py:190} INFO - [2026-08-29T12:54:09.617+0000] {dag.py:4180} INFO - Setting next_dagrun for airbyte_to_dbt_pipeline_prod to 2026-08-29 11:00:00+00:00, run_after=2026-08-29 12:00:00+00:00
[2026-08-29T12:54:09.640+0000] {processor.py:208} INFO - Processing /opt/airflow/dags/prod/airbyte_to_dbt_prod.py took 0.155 seconds
[2026-08-29T12:54:39.824+0000] {processor.py:186} INFO - Started process (PID=1066) to work on /opt/airflow/dags/prod/airbyte_to_dbt_prod.py
[2026-08-29T12:54:39.825+0000] {processor.py:914} INFO - Processing file /opt/airflow/dags/prod/airbyte_to_dbt_prod.py for tasks to queue
[2026-08-29T12:54:39.829+0000] {logging_mixin.py:190} INFO - [2026-08-29T12:54:39.828+0000] {dagbag.py:588} INFO - Filling up the DagBag from /opt/airflow/dags/prod/airbyte_to_dbt_prod.py
[2026-08-29T12:54:39.852+0000] {processor.py:925} INFO - DAG(s) 'airbyte_to_dbt_pipeline_prod' retrieved from /opt/airflow/dags/prod/airbyte_to_dbt_prod.py
[2026-08-29T12:54:39.895+0000] {logging_mixin.py:190} INFO - [2026-08-29T12:54:39.895+0000] {dag.py:3239} INFO - Sync 1 DAGs
[2026-08-29T12:54:39.933+0000] {logging_mixin.py:190} INFO - [2026-08-29T12:54:39.932+0000] {dag.py:4180} INFO - Setting next_dagrun for airbyte_to_dbt_pipeline_prod to 2026-08-29 11:00:00+00:00, run_after=2026-08-29 12:00:00+00:00
[2026-08-29T12:54:39.956+0000] {processor.py:208} INFO - Processing /opt/airflow/dags/prod/airbyte_to_dbt_prod.py took 0.141 seconds
[2026-08-29T12:55:10.124+0000] {processor.py:186} INFO - Started process (PID=1076) to work on /opt/airflow/dags/prod/airbyte_to_dbt_prod.py
[2026-08-29T12:55:10.124+0000] {processor.py:914} INFO - Processing file /opt/airflow/dags/prod/airbyte_to_dbt_prod.py for tasks to queue
[2026-08-29T12:55:10.128+0000] {logging_mixin.py:190} INFO - [2026-08-29T12:55:10.128+0000] {dagbag.py:588} INFO - Filling up the DagBag from /opt/airflow/dags/prod/airbyte_to_dbt_prod.py
[2026-08-29T12:55:10.155+0000] {processor.py:925} INFO - DAG(s) 'airbyte_to_dbt_pipeline_prod' retrieved from /opt/airflow/dags/prod/airbyte_to_dbt_prod.py
[2026-08-29T12:55:10.215+0000] {logging_mixin.py:190} INFO - [2026-08-29T12:55:10.215+0000] {dag.py:3239} INFO - Sync 1 DAGs
[2026-08-29T12:55:10.263+0000] {logging_mixin.py:190} INFO - [2026-08-29T12:55:10.263+0000] {dag.py:4180} INFO - Setting next_dagrun for airbyte_to_dbt_pipeline_prod to 2026-08-29 11:00:00+00:00, run_after=2026-08-29 12:00:00+00:00
[2026-08-29T12:55:10.293+0000] {processor.py:208} INFO - Processing /opt/airflow/dags/prod/airbyte_to_dbt_prod.py took 0.179 seconds
[2026-08-29T12:55:40.737+0000] {processor.py:186} INFO - Started process (PID=1084) to work on /opt/airflow/dags/prod/airbyte_to_dbt_prod.py
[2026-08-29T12:55:40.739+0000] {processor.py:914} INFO - Processing file /opt/airflow/dags/prod/airbyte_to_dbt_prod.py for tasks to queue
[2026-08-29T12:55:40.861+0000] {logging_mixin.py:190} INFO - [2026-08-29T12:55:40.849+0000] {dagbag.py:588} INFO - Filling up the DagBag from /opt/airflow/dags/prod/airbyte_to_dbt_prod.py
[2026-08-29T12:55:41.287+0000] {processor.py:925} INFO - DAG(s) 'airbyte_to_dbt_pipeline_prod' retrieved from /opt/airflow/dags/prod/airbyte_to_dbt_prod.py
[2026-08-29T12:55:41.470+0000] {logging_mixin.py:190} INFO - [2026-08-29T12:55:41.468+0000] {dag.py:3239} INFO - Sync 1 DAGs
[2026-08-29T12:55:41.532+0000] {logging_mixin.py:190} INFO - [2026-08-29T12:55:41.531+0000] {dag.py:4180} INFO - Setting next_dagrun for airbyte_to_dbt_pipeline_prod to 2026-08-29 11:00:00+00:00, run_after=2026-08-29 12:00:00+00:00
[2026-08-29T12:55:41.560+0000] {processor.py:208} INFO - Processing /opt/airflow/dags/prod/airbyte_to_dbt_prod.py took 0.983 seconds
[2026-08-29T12:56:11.770+0000] {processor.py:186} INFO - Started process (PID=1096) to work on /opt/airflow/dags/prod/airbyte_to_dbt_prod.py
[2026-08-29T12:56:11.771+0000] {processor.py:914} INFO - Processing file /opt/airflow/dags/prod/airbyte_to_dbt_prod.py for tasks to queue
[2026-08-29T12:56:11.789+0000] {logging_mixin.py:190} INFO - [2026-08-29T12:56:11.785+0000] {dagbag.py:588} INFO - Filling up the DagBag from /opt/airflow/dags/prod/airbyte_to_dbt_prod.py
[2026-08-29T12:56:11.853+0000] {processor.py:925} INFO - DAG(s) 'airbyte_to_dbt_pipeline_prod' retrieved from /opt/airflow/dags/prod/airbyte_to_dbt_prod.py
[2026-08-29T12:56:11.992+0000] {logging_mixin.py:190} INFO - [2026-08-29T12:56:11.991+0000] {dag.py:3239} INFO - Sync 1 DAGs
[2026-08-29T12:56:12.124+0000] {logging_mixin.py:190} INFO - [2026-08-29T12:56:12.124+0000] {dag.py:4180} INFO - Setting next_dagrun for airbyte_to_dbt_pipeline_prod to 2026-08-29 11:00:00+00:00, run_after=2026-08-29 12:00:00+00:00
[2026-08-29T12:56:12.153+0000] {processor.py:208} INFO - Processing /opt/airflow/dags/prod/airbyte_to_dbt_prod.py took 0.396 seconds
[2026-08-29T12:56:42.323+0000] {processor.py:186} INFO - Started process (PID=1106) to work on /opt/airflow/dags/prod/airbyte_to_dbt_prod.py
[2026-08-29T12:56:42.324+0000] {processor.py:914} INFO - Processing file /opt/airflow/dags/prod/airbyte_to_dbt_prod.py for tasks to queue
[2026-08-29T12:56:42.327+0000] {logging_mixin.py:190} INFO - [2026-08-29T12:56:42.326+0000] {dagbag.py:588} INFO - Filling up the DagBag from /opt/airflow/dags/prod/airbyte_to_dbt_prod.py
[2026-08-29T12:56:42.354+0000] {processor.py:925} INFO - DAG(s) 'airbyte_to_dbt_pipeline_prod' retrieved from /opt/airflow/dags/prod/airbyte_to_dbt_prod.py
[2026-08-29T12:56:42.403+0000] {logging_mixin.py:190} INFO - [2026-08-29T12:56:42.402+0000] {dag.py:3239} INFO - Sync 1 DAGs
[2026-08-29T12:56:42.440+0000] {logging_mixin.py:190} INFO - [2026-08-29T12:56:42.439+0000] {dag.py:4180} INFO - Setting next_dagrun for airbyte_to_dbt_pipeline_prod to 2026-08-29 11:00:00+00:00, run_after=2026-08-29 12:00:00+00:00
[2026-08-29T12:56:42.468+0000] {processor.py:208} INFO - Processing /opt/airflow/dags/prod/airbyte_to_dbt_prod.py took 0.155 seconds
[2026-08-29T12:57:12.634+0000] {processor.py:186} INFO - Started process (PID=1116) to work on /opt/airflow/dags/prod/airbyte_to_dbt_prod.py
[2026-08-29T12:57:12.635+0000] {processor.py:914} INFO - Processing file /opt/airflow/dags/prod/airbyte_to_dbt_prod.py for tasks to queue
[2026-08-29T12:57:12.639+0000] {logging_mixin.py:190} INFO - [2026-08-29T12:57:12.639+0000] {dagbag.py:588} INFO - Filling up the DagBag from /opt/airflow/dags/prod/airbyte_to_dbt_prod.py
[2026-08-29T12:57:12.668+0000] {processor.py:925} INFO - DAG(s) 'airbyte_to_dbt_pipeline_prod' retrieved from /opt/airflow/dags/prod/airbyte_to_dbt_prod.py
[2026-08-29T12:57:12.706+0000] {logging_mixin.py:190} INFO - [2026-08-29T12:57:12.706+0000] {dag.py:3239} INFO - Sync 1 DAGs
[2026-08-29T12:57:12.735+0000] {logging_mixin.py:190} INFO - [2026-08-29T12:57:12.735+0000] {dag.py:4180} INFO - Setting next_dagrun for airbyte_to_dbt_pipeline_prod to 2026-08-29 11:00:00+00:00, run_after=2026-08-29 12:00:00+00:00
[2026-08-29T12:57:12.759+0000] {processor.py:208} INFO - Processing /opt/airflow/dags/prod/airbyte_to_dbt_prod.py took 0.136 seconds
[2026-08-29T12:57:42.940+0000] {processor.py:186} INFO - Started process (PID=1126) to work on /opt/airflow/dags/prod/airbyte_to_dbt_prod.py
[2026-08-29T12:57:42.941+0000] {processor.py:914} INFO - Processing file /opt/airflow/dags/prod/airbyte_to_dbt_prod.py for tasks to queue
[2026-08-29T12:57:42.945+0000] {logging_mixin.py:190} INFO - [2026-08-29T12:57:42.944+0000] {dagbag.py:588} INFO - Filling up the DagBag from /opt/airflow/dags/prod/airbyte_to_dbt_prod.py
[2026-08-29T12:57:42.975+0000] {processor.py:925} INFO - DAG(s) 'airbyte_to_dbt_pipeline_prod' retrieved from /opt/airflow/dags/prod/airbyte_to_dbt_prod.py
[2026-08-29T12:57:43.039+0000] {logging_mixin.py:190} INFO - [2026-08-29T12:57:43.038+0000] {dag.py:3239} INFO - Sync 1 DAGs
[2026-08-29T12:57:43.084+0000] {logging_mixin.py:190} INFO - [2026-08-29T12:57:43.084+0000] {dag.py:4180} INFO - Setting next_dagrun for airbyte_to_dbt_pipeline_prod to 2026-08-29 11:00:00+00:00, run_after=2026-08-29 12:00:00+00:00
[2026-08-29T12:57:43.113+0000] {processor.py:208} INFO - Processing /opt/airflow/dags/prod/airbyte_to_dbt_prod.py took 0.185 seconds
[2026-08-29T12:58:13.310+0000] {processor.py:186} INFO - Started process (PID=1136) to work on /opt/airflow/dags/prod/airbyte_to_dbt_prod.py
[2026-08-29T12:58:13.312+0000] {processor.py:914} INFO - Processing file /opt/airflow/dags/prod/airbyte_to_dbt_prod.py for tasks to queue
[2026-08-29T12:58:13.317+0000] {logging_mixin.py:190} INFO - [2026-08-29T12:58:13.316+0000] {dagbag.py:588} INFO - Filling up the DagBag from /opt/airflow/dags/prod/airbyte_to_dbt_prod.py
[2026-08-29T12:58:13.350+0000] {processor.py:925} INFO - DAG(s) 'airbyte_to_dbt_pipeline_prod' retrieved from /opt/airflow/dags/prod/airbyte_to_dbt_prod.py
[2026-08-29T12:58:13.425+0000] {logging_mixin.py:190} INFO - [2026-08-29T12:58:13.425+0000] {dag.py:3239} INFO - Sync 1 DAGs
[2026-08-29T12:58:13.469+0000] {logging_mixin.py:190} INFO - [2026-08-29T12:58:13.469+0000] {dag.py:4180} INFO - Setting next_dagrun for airbyte_to_dbt_pipeline_prod to 2026-08-29 11:00:00+00:00, run_after=2026-08-29 12:00:00+00:00
[2026-08-29T12:58:13.500+0000] {processor.py:208} INFO - Processing /opt/airflow/dags/prod/airbyte_to_dbt_prod.py took 0.204 seconds
[2026-08-29T12:58:43.681+0000] {processor.py:186} INFO - Started process (PID=1146) to work on /opt/airflow/dags/prod/airbyte_to_dbt_prod.py
[2026-08-29T12:58:43.685+0000] {processor.py:914} INFO - Processing file /opt/airflow/dags/prod/airbyte_to_dbt_prod.py for tasks to queue
[2026-08-29T12:58:43.695+0000] {logging_mixin.py:190} INFO - [2026-08-29T12:58:43.693+0000] {dagbag.py:588} INFO - Filling up the DagBag from /opt/airflow/dags/prod/airbyte_to_dbt_prod.py
[2026-08-29T12:58:43.948+0000] {processor.py:925} INFO - DAG(s) 'airbyte_to_dbt_pipeline_prod' retrieved from /opt/airflow/dags/prod/airbyte_to_dbt_prod.py
[2026-08-29T12:58:44.091+0000] {logging_mixin.py:190} INFO - [2026-08-29T12:58:44.090+0000] {dag.py:3239} INFO - Sync 1 DAGs
[2026-08-29T12:58:44.237+0000] {logging_mixin.py:190} INFO - [2026-08-29T12:58:44.236+0000] {dag.py:4180} INFO - Setting next_dagrun for airbyte_to_dbt_pipeline_prod to 2026-08-29 11:00:00+00:00, run_after=2026-08-29 12:00:00+00:00
[2026-08-29T12:58:44.265+0000] {processor.py:208} INFO - Processing /opt/airflow/dags/prod/airbyte_to_dbt_prod.py took 0.617 seconds
[2026-08-29T12:59:14.434+0000] {processor.py:186} INFO - Started process (PID=1156) to work on /opt/airflow/dags/prod/airbyte_to_dbt_prod.py
[2026-08-29T12:59:14.435+0000] {processor.py:914} INFO - Processing file /opt/airflow/dags/prod/airbyte_to_dbt_prod.py for tasks to queue
[2026-08-29T12:59:14.439+0000] {logging_mixin.py:190} INFO - [2026-08-29T12:59:14.438+0000] {dagbag.py:588} INFO - Filling up the DagBag from /opt/airflow/dags/prod/airbyte_to_dbt_prod.py
[2026-08-29T12:59:14.462+0000] {processor.py:925} INFO - DAG(s) 'airbyte_to_dbt_pipeline_prod' retrieved from /opt/airflow/dags/prod/airbyte_to_dbt_prod.py
[2026-08-29T12:59:14.503+0000] {logging_mixin.py:190} INFO - [2026-08-29T12:59:14.503+0000] {dag.py:3239} INFO - Sync 1 DAGs
[2026-08-29T12:59:14.541+0000] {logging_mixin.py:190} INFO - [2026-08-29T12:59:14.541+0000] {dag.py:4180} INFO - Setting next_dagrun for airbyte_to_dbt_pipeline_prod to 2026-08-29 11:00:00+00:00, run_after=2026-08-29 12:00:00+00:00
[2026-08-29T12:59:14.565+0000] {processor.py:208} INFO - Processing /opt/airflow/dags/prod/airbyte_to_dbt_prod.py took 0.140 seconds
[2026-08-29T12:59:44.730+0000] {processor.py:186} INFO - Started process (PID=1166) to work on /opt/airflow/dags/prod/airbyte_to_dbt_prod.py
[2026-08-29T12:59:44.731+0000] {processor.py:914} INFO - Processing file /opt/airflow/dags/prod/airbyte_to_dbt_prod.py for tasks to queue
[2026-08-29T12:59:44.734+0000] {logging_mixin.py:190} INFO - [2026-08-29T12:59:44.733+0000] {dagbag.py:588} INFO - Filling up the DagBag from /opt/airflow/dags/prod/airbyte_to_dbt_prod.py
[2026-08-29T12:59:44.755+0000] {processor.py:925} INFO - DAG(s) 'airbyte_to_dbt_pipeline_prod' retrieved from /opt/airflow/dags/prod/airbyte_to_dbt_prod.py
[2026-08-29T12:59:44.794+0000] {logging_mixin.py:190} INFO - [2026-08-29T12:59:44.793+0000] {dag.py:3239} INFO - Sync 1 DAGs
[2026-08-29T12:59:44.823+0000] {logging_mixin.py:190} INFO - [2026-08-29T12:59:44.822+0000] {dag.py:4180} INFO - Setting next_dagrun for airbyte_to_dbt_pipeline_prod to 2026-08-29 11:00:00+00:00, run_after=2026-08-29 12:00:00+00:00
[2026-08-29T12:59:44.849+0000] {processor.py:208} INFO - Processing /opt/airflow/dags/prod/airbyte_to_dbt_prod.py took 0.127 seconds
[2026-08-29T13:00:15.014+0000] {processor.py:186} INFO - Started process (PID=1176) to work on /opt/airflow/dags/prod/airbyte_to_dbt_prod.py
[2026-08-29T13:00:15.018+0000] {processor.py:914} INFO - Processing file /opt/airflow/dags/prod/airbyte_to_dbt_prod.py for tasks to queue
[2026-08-29T13:00:15.024+0000] {logging_mixin.py:190} INFO - [2026-08-29T13:00:15.024+0000] {dagbag.py:588} INFO - Filling up the DagBag from /opt/airflow/dags/prod/airbyte_to_dbt_prod.py
[2026-08-29T13:00:15.047+0000] {processor.py:925} INFO - DAG(s) 'airbyte_to_dbt_pipeline_prod' retrieved from /opt/airflow/dags/prod/airbyte_to_dbt_prod.py
[2026-08-29T13:00:15.093+0000] {logging_mixin.py:190} INFO - [2026-08-29T13:00:15.093+0000] {dag.py:3239} INFO - Sync 1 DAGs
[2026-08-29T13:00:15.132+0000] {logging_mixin.py:190} INFO - [2026-08-29T13:00:15.132+0000] {dag.py:4180} INFO - Setting next_dagrun for airbyte_to_dbt_pipeline_prod to 2026-08-29 12:00:00+00:00, run_after=2026-08-29 13:00:00+00:00
[2026-08-29T13:00:15.159+0000] {processor.py:208} INFO - Processing /opt/airflow/dags/prod/airbyte_to_dbt_prod.py took 0.153 seconds
[2026-08-29T13:00:45.333+0000] {processor.py:186} INFO - Started process (PID=1186) to work on /opt/airflow/dags/prod/airbyte_to_dbt_prod.py
[2026-08-29T13:00:45.334+0000] {processor.py:914} INFO - Processing file /opt/airflow/dags/prod/airbyte_to_dbt_prod.py for tasks to queue
[2026-08-29T13:00:45.337+0000] {logging_mixin.py:190} INFO - [2026-08-29T13:00:45.336+0000] {dagbag.py:588} INFO - Filling up the DagBag from /opt/airflow/dags/prod/airbyte_to_dbt_prod.py
[2026-08-29T13:00:45.363+0000] {processor.py:925} INFO - DAG(s) 'airbyte_to_dbt_pipeline_prod' retrieved from /opt/airflow/dags/prod/airbyte_to_dbt_prod.py
[2026-08-29T13:00:45.432+0000] {logging_mixin.py:190} INFO - [2026-08-29T13:00:45.431+0000] {dag.py:3239} INFO - Sync 1 DAGs
[2026-08-29T13:00:45.471+0000] {logging_mixin.py:190} INFO - [2026-08-29T13:00:45.471+0000] {dag.py:4180} INFO - Setting next_dagrun for airbyte_to_dbt_pipeline_prod to 2026-08-29 12:00:00+00:00, run_after=2026-08-29 13:00:00+00:00
[2026-08-29T13:00:45.496+0000] {processor.py:208} INFO - Processing /opt/airflow/dags/prod/airbyte_to_dbt_prod.py took 0.172 seconds
[2026-08-29T13:01:15.686+0000] {processor.py:186} INFO - Started process (PID=1196) to work on /opt/airflow/dags/prod/airbyte_to_dbt_prod.py
[2026-08-29T13:01:15.687+0000] {processor.py:914} INFO - Processing file /opt/airflow/dags/prod/airbyte_to_dbt_prod.py for tasks to queue
[2026-08-29T13:01:15.693+0000] {logging_mixin.py:190} INFO - [2026-08-29T13:01:15.692+0000] {dagbag.py:588} INFO - Filling up the DagBag from /opt/airflow/dags/prod/airbyte_to_dbt_prod.py
[2026-08-29T13:01:15.730+0000] {processor.py:925} INFO - DAG(s) 'airbyte_to_dbt_pipeline_prod' retrieved from /opt/airflow/dags/prod/airbyte_to_dbt_prod.py
[2026-08-29T13:01:15.786+0000] {logging_mixin.py:190} INFO - [2026-08-29T13:01:15.786+0000] {dag.py:3239} INFO - Sync 1 DAGs
[2026-08-29T13:01:15.826+0000] {logging_mixin.py:190} INFO - [2026-08-29T13:01:15.826+0000] {dag.py:4180} INFO - Setting next_dagrun for airbyte_to_dbt_pipeline_prod to 2026-08-29 12:00:00+00:00, run_after=2026-08-29 13:00:00+00:00
[2026-08-29T13:01:15.859+0000] {processor.py:208} INFO - Processing /opt/airflow/dags/prod/airbyte_to_dbt_prod.py took 0.182 seconds
[2026-08-29T13:01:46.048+0000] {processor.py:186} INFO - Started process (PID=1206) to work on /opt/airflow/dags/prod/airbyte_to_dbt_prod.py
[2026-08-29T13:01:46.049+0000] {processor.py:914} INFO - Processing file /opt/airflow/dags/prod/airbyte_to_dbt_prod.py for tasks to queue
[2026-08-29T13:01:46.052+0000] {logging_mixin.py:190} INFO - [2026-08-29T13:01:46.051+0000] {dagbag.py:588} INFO - Filling up the DagBag from /opt/airflow/dags/prod/airbyte_to_dbt_prod.py
[2026-08-29T13:01:46.079+0000] {processor.py:925} INFO - DAG(s) 'airbyte_to_dbt_pipeline_prod' retrieved from /opt/airflow/dags/prod/airbyte_to_dbt_prod.py
[2026-08-29T13:01:46.120+0000] {logging_mixin.py:190} INFO - [2026-08-29T13:01:46.120+0000] {dag.py:3239} INFO - Sync 1 DAGs
[2026-08-29T13:01:46.147+0000] {logging_mixin.py:190} INFO - [2026-08-29T13:01:46.147+0000] {dag.py:4180} INFO - Setting next_dagrun for airbyte_to_dbt_pipeline_prod to 2026-08-29 12:00:00+00:00, run_after=2026-08-29 13:00:00+00:00
[2026-08-29T13:01:46.184+0000] {processor.py:208} INFO - Processing /opt/airflow/dags/prod/airbyte_to_dbt_prod.py took 0.144 seconds
[2026-08-29T13:02:16.341+0000] {processor.py:186} INFO - Started process (PID=1216) to work on /opt/airflow/dags/prod/airbyte_to_dbt_prod.py
[2026-08-29T13:02:16.342+0000] {processor.py:914} INFO - Processing file /opt/airflow/dags/prod/airbyte_to_dbt_prod.py for tasks to queue
[2026-08-29T13:02:16.345+0000] {logging_mixin.py:190} INFO - [2026-08-29T13:02:16.345+0000] {dagbag.py:588} INFO - Filling up the DagBag from /opt/airflow/dags/prod/airbyte_to_dbt_prod.py
[2026-08-29T13:02:16.368+0000] {processor.py:925} INFO - DAG(s) 'airbyte_to_dbt_pipeline_prod' retrieved from /opt/airflow/dags/prod/airbyte_to_dbt_prod.py
[2026-08-29T13:02:16.415+0000] {logging_mixin.py:190} INFO - [2026-08-29T13:02:16.415+0000] {dag.py:3239} INFO - Sync 1 DAGs
[2026-08-29T13:02:16.452+0000] {logging_mixin.py:190} INFO - [2026-08-29T13:02:16.451+0000] {dag.py:4180} INFO - Setting next_dagrun for airbyte_to_dbt_pipeline_prod to 2026-08-29 12:00:00+00:00, run_after=2026-08-29 13:00:00+00:00
[2026-08-29T13:02:16.477+0000] {processor.py:208} INFO - Processing /opt/airflow/dags/prod/airbyte_to_dbt_prod.py took 0.144 seconds
[2026-08-29T13:02:46.659+0000] {processor.py:186} INFO - Started process (PID=1226) to work on /opt/airflow/dags/prod/airbyte_to_dbt_prod.py
[2026-08-29T13:02:46.660+0000] {processor.py:914} INFO - Processing file /opt/airflow/dags/prod/airbyte_to_dbt_prod.py for tasks to queue
[2026-08-29T13:02:46.663+0000] {logging_mixin.py:190} INFO - [2026-08-29T13:02:46.663+0000] {dagbag.py:588} INFO - Filling up the DagBag from /opt/airflow/dags/prod/airbyte_to_dbt_prod.py
[2026-08-29T13:02:46.684+0000] {processor.py:925} INFO - DAG(s) 'airbyte_to_dbt_pipeline_prod' retrieved from /opt/airflow/dags/prod/airbyte_to_dbt_prod.py
[2026-08-29T13:02:46.726+0000] {logging_mixin.py:190} INFO - [2026-08-29T13:02:46.726+0000] {dag.py:3239} INFO - Sync 1 DAGs
[2026-08-29T13:02:46.757+0000] {logging_mixin.py:190} INFO - [2026-08-29T13:02:46.756+0000] {dag.py:4180} INFO - Setting next_dagrun for airbyte_to_dbt_pipeline_prod to 2026-08-29 12:00:00+00:00, run_after=2026-08-29 13:00:00+00:00
[2026-08-29T13:02:46.781+0000] {processor.py:208} INFO - Processing /opt/airflow/dags/prod/airbyte_to_dbt_prod.py took 0.130 seconds
[2026-08-29T13:03:17.014+0000] {processor.py:186} INFO - Started process (PID=1236) to work on /opt/airflow/dags/prod/airbyte_to_dbt_prod.py
[2026-08-29T13:03:17.016+0000] {processor.py:914} INFO - Processing file /opt/airflow/dags/prod/airbyte_to_dbt_prod.py for tasks to queue
[2026-08-29T13:03:17.023+0000] {logging_mixin.py:190} INFO - [2026-08-29T13:03:17.022+0000] {dagbag.py:588} INFO - Filling up the DagBag from /opt/airflow/dags/prod/airbyte_to_dbt_prod.py
[2026-08-29T13:03:17.076+0000] {processor.py:925} INFO - DAG(s) 'airbyte_to_dbt_pipeline_prod' retrieved from /opt/airflow/dags/prod/airbyte_to_dbt_prod.py
[2026-08-29T13:03:17.123+0000] {logging_mixin.py:190} INFO - [2026-08-29T13:03:17.122+0000] {dag.py:3239} INFO - Sync 1 DAGs
[2026-08-29T13:03:17.156+0000] {logging_mixin.py:190} INFO - [2026-08-29T13:03:17.156+0000] {dag.py:4180} INFO - Setting next_dagrun for airbyte_to_dbt_pipeline_prod to 2026-08-29 12:00:00+00:00, run_after=2026-08-29 13:00:00+00:00
[2026-08-29T13:03:17.183+0000] {processor.py:208} INFO - Processing /opt/airflow/dags/prod/airbyte_to_dbt_prod.py took 0.181 seconds
[2026-08-29T13:03:47.347+0000] {processor.py:186} INFO - Started process (PID=1246) to work on /opt/airflow/dags/prod/airbyte_to_dbt_prod.py
[2026-08-29T13:03:47.348+0000] {processor.py:914} INFO - Processing file /opt/airflow/dags/prod/airbyte_to_dbt_prod.py for tasks to queue
[2026-08-29T13:03:47.351+0000] {logging_mixin.py:190} INFO - [2026-08-29T13:03:47.350+0000] {dagbag.py:588} INFO - Filling up the DagBag from /opt/airflow/dags/prod/airbyte_to_dbt_prod.py
[2026-08-29T13:03:47.374+0000] {processor.py:925} INFO - DAG(s) 'airbyte_to_dbt_pipeline_prod' retrieved from /opt/airflow/dags/prod/airbyte_to_dbt_prod.py
[2026-08-29T13:03:47.414+0000] {logging_mixin.py:190} INFO - [2026-08-29T13:03:47.413+0000] {dag.py:3239} INFO - Sync 1 DAGs
[2026-08-29T13:03:47.446+0000] {logging_mixin.py:190} INFO - [2026-08-29T13:03:47.445+0000] {dag.py:4180} INFO - Setting next_dagrun for airbyte_to_dbt_pipeline_prod to 2026-08-29 12:00:00+00:00, run_after=2026-08-29 13:00:00+00:00
[2026-08-29T13:03:47.471+0000] {processor.py:208} INFO - Processing /opt/airflow/dags/prod/airbyte_to_dbt_prod.py took 0.133 seconds
[2026-08-29T13:04:17.666+0000] {processor.py:186} INFO - Started process (PID=1256) to work on /opt/airflow/dags/prod/airbyte_to_dbt_prod.py
[2026-08-29T13:04:17.669+0000] {processor.py:914} INFO - Processing file /opt/airflow/dags/prod/airbyte_to_dbt_prod.py for tasks to queue
[2026-08-29T13:04:17.675+0000] {logging_mixin.py:190} INFO - [2026-08-29T13:04:17.674+0000] {dagbag.py:588} INFO - Filling up the DagBag from /opt/airflow/dags/prod/airbyte_to_dbt_prod.py
[2026-08-29T13:04:17.713+0000] {processor.py:925} INFO - DAG(s) 'airbyte_to_dbt_pipeline_prod' retrieved from /opt/airflow/dags/prod/airbyte_to_dbt_prod.py
[2026-08-29T13:04:17.785+0000] {logging_mixin.py:190} INFO - [2026-08-29T13:04:17.784+0000] {dag.py:3239} INFO - Sync 1 DAGs
[2026-08-29T13:04:17.831+0000] {logging_mixin.py:190} INFO - [2026-08-29T13:04:17.830+0000] {dag.py:4180} INFO - Setting next_dagrun for airbyte_to_dbt_pipeline_prod to 2026-08-29 12:00:00+00:00, run_after=2026-08-29 13:00:00+00:00
[2026-08-29T13:04:17.879+0000] {processor.py:208} INFO - Processing /opt/airflow/dags/prod/airbyte_to_dbt_prod.py took 0.224 seconds
[2026-08-29T13:04:48.066+0000] {processor.py:186} INFO - Started process (PID=1266) to work on /opt/airflow/dags/prod/airbyte_to_dbt_prod.py
[2026-08-29T13:04:48.068+0000] {processor.py:914} INFO - Processing file /opt/airflow/dags/prod/airbyte_to_dbt_prod.py for tasks to queue
[2026-08-29T13:04:48.073+0000] {logging_mixin.py:190} INFO - [2026-08-29T13:04:48.072+0000] {dagbag.py:588} INFO - Filling up the DagBag from /opt/airflow/dags/prod/airbyte_to_dbt_prod.py
[2026-08-29T13:04:48.108+0000] {processor.py:925} INFO - DAG(s) 'airbyte_to_dbt_pipeline_prod' retrieved from /opt/airflow/dags/prod/airbyte_to_dbt_prod.py
[2026-08-29T13:04:48.157+0000] {logging_mixin.py:190} INFO - [2026-08-29T13:04:48.157+0000] {dag.py:3239} INFO - Sync 1 DAGs
[2026-08-29T13:04:48.192+0000] {logging_mixin.py:190} INFO - [2026-08-29T13:04:48.192+0000] {dag.py:4180} INFO - Setting next_dagrun for airbyte_to_dbt_pipeline_prod to 2026-08-29 12:00:00+00:00, run_after=2026-08-29 13:00:00+00:00
[2026-08-29T13:04:48.215+0000] {processor.py:208} INFO - Processing /opt/airflow/dags/prod/airbyte_to_dbt_prod.py took 0.161 seconds
[2026-08-29T13:05:18.663+0000] {processor.py:186} INFO - Started process (PID=1274) to work on /opt/airflow/dags/prod/airbyte_to_dbt_prod.py
[2026-08-29T13:05:18.669+0000] {processor.py:914} INFO - Processing file /opt/airflow/dags/prod/airbyte_to_dbt_prod.py for tasks to queue
[2026-08-29T13:05:18.749+0000] {logging_mixin.py:190} INFO - [2026-08-29T13:05:18.741+0000] {dagbag.py:588} INFO - Filling up the DagBag from /opt/airflow/dags/prod/airbyte_to_dbt_prod.py
[2026-08-29T13:05:19.843+0000] {processor.py:925} INFO - DAG(s) 'airbyte_to_dbt_pipeline_prod' retrieved from /opt/airflow/dags/prod/airbyte_to_dbt_prod.py
[2026-08-29T13:05:20.169+0000] {logging_mixin.py:190} INFO - [2026-08-29T13:05:20.168+0000] {dag.py:3239} INFO - Sync 1 DAGs
[2026-08-29T13:05:20.362+0000] {logging_mixin.py:190} INFO - [2026-08-29T13:05:20.360+0000] {dag.py:4180} INFO - Setting next_dagrun for airbyte_to_dbt_pipeline_prod to 2026-08-29 12:00:00+00:00, run_after=2026-08-29 13:00:00+00:00
[2026-08-29T13:05:20.419+0000] {processor.py:208} INFO - Processing /opt/airflow/dags/prod/airbyte_to_dbt_prod.py took 1.884 seconds
[2026-08-29T13:05:51.525+0000] {processor.py:186} INFO - Started process (PID=1284) to work on /opt/airflow/dags/prod/airbyte_to_dbt_prod.py
[2026-08-29T13:05:51.528+0000] {processor.py:914} INFO - Processing file /opt/airflow/dags/prod/airbyte_to_dbt_prod.py for tasks to queue
[2026-08-29T13:05:51.630+0000] {logging_mixin.py:190} INFO - [2026-08-29T13:05:51.610+0000] {dagbag.py:588} INFO - Filling up the DagBag from /opt/airflow/dags/prod/airbyte_to_dbt_prod.py
[2026-08-29T13:05:52.027+0000] {processor.py:925} INFO - DAG(s) 'airbyte_to_dbt_pipeline_prod' retrieved from /opt/airflow/dags/prod/airbyte_to_dbt_prod.py
[2026-08-29T13:05:52.845+0000] {logging_mixin.py:190} INFO - [2026-08-29T13:05:52.844+0000] {dag.py:3239} INFO - Sync 1 DAGs
[2026-08-29T13:05:53.470+0000] {logging_mixin.py:190} INFO - [2026-08-29T13:05:53.469+0000] {dag.py:4180} INFO - Setting next_dagrun for airbyte_to_dbt_pipeline_prod to 2026-08-29 12:00:00+00:00, run_after=2026-08-29 13:00:00+00:00
[2026-08-29T13:05:53.495+0000] {processor.py:208} INFO - Processing /opt/airflow/dags/prod/airbyte_to_dbt_prod.py took 2.277 seconds
[2026-08-29T13:06:23.763+0000] {processor.py:186} INFO - Started process (PID=1296) to work on /opt/airflow/dags/prod/airbyte_to_dbt_prod.py
[2026-08-29T13:06:23.764+0000] {processor.py:914} INFO - Processing file /opt/airflow/dags/prod/airbyte_to_dbt_prod.py for tasks to queue
[2026-08-29T13:06:23.767+0000] {logging_mixin.py:190} INFO - [2026-08-29T13:06:23.767+0000] {dagbag.py:588} INFO - Filling up the DagBag from /opt/airflow/dags/prod/airbyte_to_dbt_prod.py
[2026-08-29T13:06:23.805+0000] {processor.py:925} INFO - DAG(s) 'airbyte_to_dbt_pipeline_prod' retrieved from /opt/airflow/dags/prod/airbyte_to_dbt_prod.py
[2026-08-29T13:06:23.858+0000] {logging_mixin.py:190} INFO - [2026-08-29T13:06:23.857+0000] {dag.py:3239} INFO - Sync 1 DAGs
[2026-08-29T13:06:23.896+0000] {logging_mixin.py:190} INFO - [2026-08-29T13:06:23.895+0000] {dag.py:4180} INFO - Setting next_dagrun for airbyte_to_dbt_pipeline_prod to 2026-08-29 12:00:00+00:00, run_after=2026-08-29 13:00:00+00:00
[2026-08-29T13:06:23.926+0000] {processor.py:208} INFO - Processing /opt/airflow/dags/prod/airbyte_to_dbt_prod.py took 0.171 seconds
[2026-08-29T13:06:54.148+0000] {processor.py:186} INFO - Started process (PID=1306) to work on /opt/airflow/dags/prod/airbyte_to_dbt_prod.py
[2026-08-29T13:06:54.153+0000] {processor.py:914} INFO - Processing file /opt/airflow/dags/prod/airbyte_to_dbt_prod.py for tasks to queue
[2026-08-29T13:06:54.158+0000] {logging_mixin.py:190} INFO - [2026-08-29T13:06:54.157+0000] {dagbag.py:588} INFO - Filling up the DagBag from /opt/airflow/dags/prod/airbyte_to_dbt_prod.py
[2026-08-29T13:06:54.196+0000] {processor.py:925} INFO - DAG(s) 'airbyte_to_dbt_pipeline_prod' retrieved from /opt/airflow/dags/prod/airbyte_to_dbt_prod.py
[2026-08-29T13:06:54.273+0000] {logging_mixin.py:190} INFO - [2026-08-29T13:06:54.272+0000] {dag.py:3239} INFO - Sync 1 DAGs
[2026-08-29T13:06:54.325+0000] {logging_mixin.py:190} INFO - [2026-08-29T13:06:54.324+0000] {dag.py:4180} INFO - Setting next_dagrun for airbyte_to_dbt_pipeline_prod to 2026-08-29 12:00:00+00:00, run_after=2026-08-29 13:00:00+00:00
[2026-08-29T13:06:54.352+0000] {processor.py:208} INFO - Processing /opt/airflow/dags/prod/airbyte_to_dbt_prod.py took 0.214 seconds
[2026-08-29T13:07:24.530+0000] {processor.py:186} INFO - Started process (PID=1316) to work on /opt/airflow/dags/prod/airbyte_to_dbt_prod.py
[2026-08-29T13:07:24.530+0000] {processor.py:914} INFO - Processing file /opt/airflow/dags/prod/airbyte_to_dbt_prod.py for tasks to queue
[2026-08-29T13:07:24.534+0000] {logging_mixin.py:190} INFO - [2026-08-29T13:07:24.533+0000] {dagbag.py:588} INFO - Filling up the DagBag from /opt/airflow/dags/prod/airbyte_to_dbt_prod.py
[2026-08-29T13:07:24.560+0000] {processor.py:925} INFO - DAG(s) 'airbyte_to_dbt_pipeline_prod' retrieved from /opt/airflow/dags/prod/airbyte_to_dbt_prod.py
[2026-08-29T13:07:24.607+0000] {logging_mixin.py:190} INFO - [2026-08-29T13:07:24.607+0000] {dag.py:3239} INFO - Sync 1 DAGs
[2026-08-29T13:07:24.644+0000] {logging_mixin.py:190} INFO - [2026-08-29T13:07:24.644+0000] {dag.py:4180} INFO - Setting next_dagrun for airbyte_to_dbt_pipeline_prod to 2026-08-29 12:00:00+00:00, run_after=2026-08-29 13:00:00+00:00
[2026-08-29T13:07:24.668+0000] {processor.py:208} INFO - Processing /opt/airflow/dags/prod/airbyte_to_dbt_prod.py took 0.147 seconds
[2026-08-29T13:07:54.829+0000] {processor.py:186} INFO - Started process (PID=1326) to work on /opt/airflow/dags/prod/airbyte_to_dbt_prod.py
[2026-08-29T13:07:54.831+0000] {processor.py:914} INFO - Processing file /opt/airflow/dags/prod/airbyte_to_dbt_prod.py for tasks to queue
[2026-08-29T13:07:54.835+0000] {logging_mixin.py:190} INFO - [2026-08-29T13:07:54.835+0000] {dagbag.py:588} INFO - Filling up the DagBag from /opt/airflow/dags/prod/airbyte_to_dbt_prod.py
[2026-08-29T13:07:54.865+0000] {processor.py:925} INFO - DAG(s) 'airbyte_to_dbt_pipeline_prod' retrieved from /opt/airflow/dags/prod/airbyte_to_dbt_prod.py
[2026-08-29T13:07:54.918+0000] {logging_mixin.py:190} INFO - [2026-08-29T13:07:54.918+0000] {dag.py:3239} INFO - Sync 1 DAGs
[2026-08-29T13:07:54.958+0000] {logging_mixin.py:190} INFO - [2026-08-29T13:07:54.958+0000] {dag.py:4180} INFO - Setting next_dagrun for airbyte_to_dbt_pipeline_prod to 2026-08-29 12:00:00+00:00, run_after=2026-08-29 13:00:00+00:00
[2026-08-29T13:07:54.984+0000] {processor.py:208} INFO - Processing /opt/airflow/dags/prod/airbyte_to_dbt_prod.py took 0.166 seconds
[2026-08-29T13:08:25.186+0000] {processor.py:186} INFO - Started process (PID=1336) to work on /opt/airflow/dags/prod/airbyte_to_dbt_prod.py
[2026-08-29T13:08:25.187+0000] {processor.py:914} INFO - Processing file /opt/airflow/dags/prod/airbyte_to_dbt_prod.py for tasks to queue
[2026-08-29T13:08:25.193+0000] {logging_mixin.py:190} INFO - [2026-08-29T13:08:25.192+0000] {dagbag.py:588} INFO - Filling up the DagBag from /opt/airflow/dags/prod/airbyte_to_dbt_prod.py
[2026-08-29T13:08:25.230+0000] {processor.py:925} INFO - DAG(s) 'airbyte_to_dbt_pipeline_prod' retrieved from /opt/airflow/dags/prod/airbyte_to_dbt_prod.py
[2026-08-29T13:08:25.315+0000] {logging_mixin.py:190} INFO - [2026-08-29T13:08:25.315+0000] {dag.py:3239} INFO - Sync 1 DAGs
[2026-08-29T13:08:25.365+0000] {logging_mixin.py:190} INFO - [2026-08-29T13:08:25.365+0000] {dag.py:4180} INFO - Setting next_dagrun for airbyte_to_dbt_pipeline_prod to 2026-08-29 12:00:00+00:00, run_after=2026-08-29 13:00:00+00:00
[2026-08-29T13:08:25.390+0000] {processor.py:208} INFO - Processing /opt/airflow/dags/prod/airbyte_to_dbt_prod.py took 0.221 seconds
[2026-08-29T13:08:55.573+0000] {processor.py:186} INFO - Started process (PID=1346) to work on /opt/airflow/dags/prod/airbyte_to_dbt_prod.py
[2026-08-29T13:08:55.575+0000] {processor.py:914} INFO - Processing file /opt/airflow/dags/prod/airbyte_to_dbt_prod.py for tasks to queue
[2026-08-29T13:08:55.579+0000] {logging_mixin.py:190} INFO - [2026-08-29T13:08:55.578+0000] {dagbag.py:588} INFO - Filling up the DagBag from /opt/airflow/dags/prod/airbyte_to_dbt_prod.py
[2026-08-29T13:08:55.609+0000] {processor.py:925} INFO - DAG(s) 'airbyte_to_dbt_pipeline_prod' retrieved from /opt/airflow/dags/prod/airbyte_to_dbt_prod.py
[2026-08-29T13:08:55.672+0000] {logging_mixin.py:190} INFO - [2026-08-29T13:08:55.671+0000] {dag.py:3239} INFO - Sync 1 DAGs
[2026-08-29T13:08:55.728+0000] {logging_mixin.py:190} INFO - [2026-08-29T13:08:55.728+0000] {dag.py:4180} INFO - Setting next_dagrun for airbyte_to_dbt_pipeline_prod to 2026-08-29 12:00:00+00:00, run_after=2026-08-29 13:00:00+00:00
[2026-08-29T13:08:55.778+0000] {processor.py:208} INFO - Processing /opt/airflow/dags/prod/airbyte_to_dbt_prod.py took 0.220 seconds
[2026-08-29T13:09:25.956+0000] {processor.py:186} INFO - Started process (PID=1356) to work on /opt/airflow/dags/prod/airbyte_to_dbt_prod.py
[2026-08-29T13:09:25.958+0000] {processor.py:914} INFO - Processing file /opt/airflow/dags/prod/airbyte_to_dbt_prod.py for tasks to queue
[2026-08-29T13:09:25.963+0000] {logging_mixin.py:190} INFO - [2026-08-29T13:09:25.962+0000] {dagbag.py:588} INFO - Filling up the DagBag from /opt/airflow/dags/prod/airbyte_to_dbt_prod.py
[2026-08-29T13:09:25.996+0000] {processor.py:925} INFO - DAG(s) 'airbyte_to_dbt_pipeline_prod' retrieved from /opt/airflow/dags/prod/airbyte_to_dbt_prod.py
[2026-08-29T13:09:26.061+0000] {logging_mixin.py:190} INFO - [2026-08-29T13:09:26.061+0000] {dag.py:3239} INFO - Sync 1 DAGs
[2026-08-29T13:09:26.102+0000] {logging_mixin.py:190} INFO - [2026-08-29T13:09:26.102+0000] {dag.py:4180} INFO - Setting next_dagrun for airbyte_to_dbt_pipeline_prod to 2026-08-29 12:00:00+00:00, run_after=2026-08-29 13:00:00+00:00
[2026-08-29T13:09:26.125+0000] {processor.py:208} INFO - Processing /opt/airflow/dags/prod/airbyte_to_dbt_prod.py took 0.182 seconds
[2026-08-29T13:09:56.285+0000] {processor.py:186} INFO - Started process (PID=1366) to work on /opt/airflow/dags/prod/airbyte_to_dbt_prod.py
[2026-08-29T13:09:56.287+0000] {processor.py:914} INFO - Processing file /opt/airflow/dags/prod/airbyte_to_dbt_prod.py for tasks to queue
[2026-08-29T13:09:56.290+0000] {logging_mixin.py:190} INFO - [2026-08-29T13:09:56.289+0000] {dagbag.py:588} INFO - Filling up the DagBag from /opt/airflow/dags/prod/airbyte_to_dbt_prod.py
[2026-08-29T13:09:56.312+0000] {processor.py:925} INFO - DAG(s) 'airbyte_to_dbt_pipeline_prod' retrieved from /opt/airflow/dags/prod/airbyte_to_dbt_prod.py
[2026-08-29T13:09:56.353+0000] {logging_mixin.py:190} INFO - [2026-08-29T13:09:56.353+0000] {dag.py:3239} INFO - Sync 1 DAGs
[2026-08-29T13:09:56.384+0000] {logging_mixin.py:190} INFO - [2026-08-29T13:09:56.384+0000] {dag.py:4180} INFO - Setting next_dagrun for airbyte_to_dbt_pipeline_prod to 2026-08-29 12:00:00+00:00, run_after=2026-08-29 13:00:00+00:00
[2026-08-29T13:09:56.410+0000] {processor.py:208} INFO - Processing /opt/airflow/dags/prod/airbyte_to_dbt_prod.py took 0.133 seconds
[2026-08-29T13:10:26.466+0000] {processor.py:186} INFO - Started process (PID=1376) to work on /opt/airflow/dags/prod/airbyte_to_dbt_prod.py
[2026-08-29T13:10:26.467+0000] {processor.py:914} INFO - Processing file /opt/airflow/dags/prod/airbyte_to_dbt_prod.py for tasks to queue
[2026-08-29T13:10:26.470+0000] {logging_mixin.py:190} INFO - [2026-08-29T13:10:26.470+0000] {dagbag.py:588} INFO - Filling up the DagBag from /opt/airflow/dags/prod/airbyte_to_dbt_prod.py
[2026-08-29T13:10:26.491+0000] {processor.py:925} INFO - DAG(s) 'airbyte_to_dbt_pipeline_prod' retrieved from /opt/airflow/dags/prod/airbyte_to_dbt_prod.py
[2026-08-29T13:10:26.545+0000] {logging_mixin.py:190} INFO - [2026-08-29T13:10:26.545+0000] {dag.py:3239} INFO - Sync 1 DAGs
[2026-08-29T13:10:26.583+0000] {logging_mixin.py:190} INFO - [2026-08-29T13:10:26.583+0000] {dag.py:4180} INFO - Setting next_dagrun for airbyte_to_dbt_pipeline_prod to 2026-08-29 12:00:00+00:00, run_after=2026-08-29 13:00:00+00:00
[2026-08-29T13:10:26.605+0000] {processor.py:208} INFO - Processing /opt/airflow/dags/prod/airbyte_to_dbt_prod.py took 0.148 seconds
[2026-08-29T13:10:56.818+0000] {processor.py:186} INFO - Started process (PID=1386) to work on /opt/airflow/dags/prod/airbyte_to_dbt_prod.py
[2026-08-29T13:10:56.820+0000] {processor.py:914} INFO - Processing file /opt/airflow/dags/prod/airbyte_to_dbt_prod.py for tasks to queue
[2026-08-29T13:10:56.825+0000] {logging_mixin.py:190} INFO - [2026-08-29T13:10:56.824+0000] {dagbag.py:588} INFO - Filling up the DagBag from /opt/airflow/dags/prod/airbyte_to_dbt_prod.py
[2026-08-29T13:10:56.858+0000] {processor.py:925} INFO - DAG(s) 'airbyte_to_dbt_pipeline_prod' retrieved from /opt/airflow/dags/prod/airbyte_to_dbt_prod.py
[2026-08-29T13:10:56.914+0000] {logging_mixin.py:190} INFO - [2026-08-29T13:10:56.914+0000] {dag.py:3239} INFO - Sync 1 DAGs
[2026-08-29T13:10:56.956+0000] {logging_mixin.py:190} INFO - [2026-08-29T13:10:56.955+0000] {dag.py:4180} INFO - Setting next_dagrun for airbyte_to_dbt_pipeline_prod to 2026-08-29 12:00:00+00:00, run_after=2026-08-29 13:00:00+00:00
[2026-08-29T13:10:56.991+0000] {processor.py:208} INFO - Processing /opt/airflow/dags/prod/airbyte_to_dbt_prod.py took 0.185 seconds
[2026-08-29T13:11:27.194+0000] {processor.py:186} INFO - Started process (PID=1396) to work on /opt/airflow/dags/prod/airbyte_to_dbt_prod.py
[2026-08-29T13:11:27.195+0000] {processor.py:914} INFO - Processing file /opt/airflow/dags/prod/airbyte_to_dbt_prod.py for tasks to queue
[2026-08-29T13:11:27.199+0000] {logging_mixin.py:190} INFO - [2026-08-29T13:11:27.199+0000] {dagbag.py:588} INFO - Filling up the DagBag from /opt/airflow/dags/prod/airbyte_to_dbt_prod.py
[2026-08-29T13:11:27.234+0000] {processor.py:925} INFO - DAG(s) 'airbyte_to_dbt_pipeline_prod' retrieved from /opt/airflow/dags/prod/airbyte_to_dbt_prod.py
[2026-08-29T13:11:27.283+0000] {logging_mixin.py:190} INFO - [2026-08-29T13:11:27.283+0000] {dag.py:3239} INFO - Sync 1 DAGs
[2026-08-29T13:11:27.318+0000] {logging_mixin.py:190} INFO - [2026-08-29T13:11:27.318+0000] {dag.py:4180} INFO - Setting next_dagrun for airbyte_to_dbt_pipeline_prod to 2026-08-29 12:00:00+00:00, run_after=2026-08-29 13:00:00+00:00
[2026-08-29T13:11:27.345+0000] {processor.py:208} INFO - Processing /opt/airflow/dags/prod/airbyte_to_dbt_prod.py took 0.162 seconds
[2026-08-29T13:11:57.519+0000] {processor.py:186} INFO - Started process (PID=1406) to work on /opt/airflow/dags/prod/airbyte_to_dbt_prod.py
[2026-08-29T13:11:57.520+0000] {processor.py:914} INFO - Processing file /opt/airflow/dags/prod/airbyte_to_dbt_prod.py for tasks to queue
[2026-08-29T13:11:57.523+0000] {logging_mixin.py:190} INFO - [2026-08-29T13:11:57.523+0000] {dagbag.py:588} INFO - Filling up the DagBag from /opt/airflow/dags/prod/airbyte_to_dbt_prod.py
[2026-08-29T13:11:57.550+0000] {processor.py:925} INFO - DAG(s) 'airbyte_to_dbt_pipeline_prod' retrieved from /opt/airflow/dags/prod/airbyte_to_dbt_prod.py
[2026-08-29T13:11:57.596+0000] {logging_mixin.py:190} INFO - [2026-08-29T13:11:57.596+0000] {dag.py:3239} INFO - Sync 1 DAGs
[2026-08-29T13:11:57.627+0000] {logging_mixin.py:190} INFO - [2026-08-29T13:11:57.626+0000] {dag.py:4180} INFO - Setting next_dagrun for airbyte_to_dbt_pipeline_prod to 2026-08-29 12:00:00+00:00, run_after=2026-08-29 13:00:00+00:00
[2026-08-29T13:11:57.649+0000] {processor.py:208} INFO - Processing /opt/airflow/dags/prod/airbyte_to_dbt_prod.py took 0.143 seconds
[2026-08-29T13:12:27.914+0000] {processor.py:186} INFO - Started process (PID=1416) to work on /opt/airflow/dags/prod/airbyte_to_dbt_prod.py
[2026-08-29T13:12:27.915+0000] {processor.py:914} INFO - Processing file /opt/airflow/dags/prod/airbyte_to_dbt_prod.py for tasks to queue
[2026-08-29T13:12:27.924+0000] {logging_mixin.py:190} INFO - [2026-08-29T13:12:27.923+0000] {dagbag.py:588} INFO - Filling up the DagBag from /opt/airflow/dags/prod/airbyte_to_dbt_prod.py
[2026-08-29T13:12:27.975+0000] {processor.py:925} INFO - DAG(s) 'airbyte_to_dbt_pipeline_prod' retrieved from /opt/airflow/dags/prod/airbyte_to_dbt_prod.py
[2026-08-29T13:12:28.058+0000] {logging_mixin.py:190} INFO - [2026-08-29T13:12:28.058+0000] {dag.py:3239} INFO - Sync 1 DAGs
[2026-08-29T13:12:28.122+0000] {logging_mixin.py:190} INFO - [2026-08-29T13:12:28.122+0000] {dag.py:4180} INFO - Setting next_dagrun for airbyte_to_dbt_pipeline_prod to 2026-08-29 12:00:00+00:00, run_after=2026-08-29 13:00:00+00:00
[2026-08-29T13:12:28.156+0000] {processor.py:208} INFO - Processing /opt/airflow/dags/prod/airbyte_to_dbt_prod.py took 0.275 seconds
[2026-08-29T13:12:58.339+0000] {processor.py:186} INFO - Started process (PID=1426) to work on /opt/airflow/dags/prod/airbyte_to_dbt_prod.py
[2026-08-29T13:12:58.340+0000] {processor.py:914} INFO - Processing file /opt/airflow/dags/prod/airbyte_to_dbt_prod.py for tasks to queue
[2026-08-29T13:12:58.343+0000] {logging_mixin.py:190} INFO - [2026-08-29T13:12:58.343+0000] {dagbag.py:588} INFO - Filling up the DagBag from /opt/airflow/dags/prod/airbyte_to_dbt_prod.py
[2026-08-29T13:12:58.369+0000] {processor.py:925} INFO - DAG(s) 'airbyte_to_dbt_pipeline_prod' retrieved from /opt/airflow/dags/prod/airbyte_to_dbt_prod.py
[2026-08-29T13:12:58.425+0000] {logging_mixin.py:190} INFO - [2026-08-29T13:12:58.425+0000] {dag.py:3239} INFO - Sync 1 DAGs
[2026-08-29T13:12:58.466+0000] {logging_mixin.py:190} INFO - [2026-08-29T13:12:58.466+0000] {dag.py:4180} INFO - Setting next_dagrun for airbyte_to_dbt_pipeline_prod to 2026-08-29 12:00:00+00:00, run_after=2026-08-29 13:00:00+00:00
[2026-08-29T13:12:58.493+0000] {processor.py:208} INFO - Processing /opt/airflow/dags/prod/airbyte_to_dbt_prod.py took 0.165 seconds
[2026-08-29T13:13:28.698+0000] {processor.py:186} INFO - Started process (PID=1436) to work on /opt/airflow/dags/prod/airbyte_to_dbt_prod.py
[2026-08-29T13:13:28.699+0000] {processor.py:914} INFO - Processing file /opt/airflow/dags/prod/airbyte_to_dbt_prod.py for tasks to queue
[2026-08-29T13:13:28.702+0000] {logging_mixin.py:190} INFO - [2026-08-29T13:13:28.702+0000] {dagbag.py:588} INFO - Filling up the DagBag from /opt/airflow/dags/prod/airbyte_to_dbt_prod.py
[2026-08-29T13:13:28.725+0000] {processor.py:925} INFO - DAG(s) 'airbyte_to_dbt_pipeline_prod' retrieved from /opt/airflow/dags/prod/airbyte_to_dbt_prod.py
[2026-08-29T13:13:28.768+0000] {logging_mixin.py:190} INFO - [2026-08-29T13:13:28.768+0000] {dag.py:3239} INFO - Sync 1 DAGs
[2026-08-29T13:13:28.804+0000] {logging_mixin.py:190} INFO - [2026-08-29T13:13:28.804+0000] {dag.py:4180} INFO - Setting next_dagrun for airbyte_to_dbt_pipeline_prod to 2026-08-29 12:00:00+00:00, run_after=2026-08-29 13:00:00+00:00
[2026-08-29T13:13:28.828+0000] {processor.py:208} INFO - Processing /opt/airflow/dags/prod/airbyte_to_dbt_prod.py took 0.138 seconds
[2026-08-29T13:13:58.992+0000] {processor.py:186} INFO - Started process (PID=1446) to work on /opt/airflow/dags/prod/airbyte_to_dbt_prod.py
[2026-08-29T13:13:58.993+0000] {processor.py:914} INFO - Processing file /opt/airflow/dags/prod/airbyte_to_dbt_prod.py for tasks to queue
[2026-08-29T13:13:58.996+0000] {logging_mixin.py:190} INFO - [2026-08-29T13:13:58.996+0000] {dagbag.py:588} INFO - Filling up the DagBag from /opt/airflow/dags/prod/airbyte_to_dbt_prod.py
[2026-08-29T13:13:59.018+0000] {processor.py:925} INFO - DAG(s) 'airbyte_to_dbt_pipeline_prod' retrieved from /opt/airflow/dags/prod/airbyte_to_dbt_prod.py
[2026-08-29T13:13:59.058+0000] {logging_mixin.py:190} INFO - [2026-08-29T13:13:59.057+0000] {dag.py:3239} INFO - Sync 1 DAGs
[2026-08-29T13:13:59.088+0000] {logging_mixin.py:190} INFO - [2026-08-29T13:13:59.088+0000] {dag.py:4180} INFO - Setting next_dagrun for airbyte_to_dbt_pipeline_prod to 2026-08-29 12:00:00+00:00, run_after=2026-08-29 13:00:00+00:00
[2026-08-29T13:13:59.110+0000] {processor.py:208} INFO - Processing /opt/airflow/dags/prod/airbyte_to_dbt_prod.py took 0.126 seconds
[2026-08-29T13:14:29.271+0000] {processor.py:186} INFO - Started process (PID=1456) to work on /opt/airflow/dags/prod/airbyte_to_dbt_prod.py
[2026-08-29T13:14:29.272+0000] {processor.py:914} INFO - Processing file /opt/airflow/dags/prod/airbyte_to_dbt_prod.py for tasks to queue
[2026-08-29T13:14:29.275+0000] {logging_mixin.py:190} INFO - [2026-08-29T13:14:29.275+0000] {dagbag.py:588} INFO - Filling up the DagBag from /opt/airflow/dags/prod/airbyte_to_dbt_prod.py
[2026-08-29T13:14:29.301+0000] {processor.py:925} INFO - DAG(s) 'airbyte_to_dbt_pipeline_prod' retrieved from /opt/airflow/dags/prod/airbyte_to_dbt_prod.py
[2026-08-29T13:14:29.347+0000] {logging_mixin.py:190} INFO - [2026-08-29T13:14:29.346+0000] {dag.py:3239} INFO - Sync 1 DAGs
[2026-08-29T13:14:29.387+0000] {logging_mixin.py:190} INFO - [2026-08-29T13:14:29.386+0000] {dag.py:4180} INFO - Setting next_dagrun for airbyte_to_dbt_pipeline_prod to 2026-08-29 12:00:00+00:00, run_after=2026-08-29 13:00:00+00:00
[2026-08-29T13:14:29.412+0000] {processor.py:208} INFO - Processing /opt/airflow/dags/prod/airbyte_to_dbt_prod.py took 0.151 seconds
[2026-08-29T13:14:59.574+0000] {processor.py:186} INFO - Started process (PID=1466) to work on /opt/airflow/dags/prod/airbyte_to_dbt_prod.py
[2026-08-29T13:14:59.575+0000] {processor.py:914} INFO - Processing file /opt/airflow/dags/prod/airbyte_to_dbt_prod.py for tasks to queue
[2026-08-29T13:14:59.578+0000] {logging_mixin.py:190} INFO - [2026-08-29T13:14:59.578+0000] {dagbag.py:588} INFO - Filling up the DagBag from /opt/airflow/dags/prod/airbyte_to_dbt_prod.py
[2026-08-29T13:14:59.604+0000] {processor.py:925} INFO - DAG(s) 'airbyte_to_dbt_pipeline_prod' retrieved from /opt/airflow/dags/prod/airbyte_to_dbt_prod.py
[2026-08-29T13:14:59.648+0000] {logging_mixin.py:190} INFO - [2026-08-29T13:14:59.648+0000] {dag.py:3239} INFO - Sync 1 DAGs
[2026-08-29T13:14:59.684+0000] {logging_mixin.py:190} INFO - [2026-08-29T13:14:59.684+0000] {dag.py:4180} INFO - Setting next_dagrun for airbyte_to_dbt_pipeline_prod to 2026-08-29 12:00:00+00:00, run_after=2026-08-29 13:00:00+00:00
[2026-08-29T13:14:59.708+0000] {processor.py:208} INFO - Processing /opt/airflow/dags/prod/airbyte_to_dbt_prod.py took 0.143 seconds
[2026-08-29T13:15:29.866+0000] {processor.py:186} INFO - Started process (PID=1476) to work on /opt/airflow/dags/prod/airbyte_to_dbt_prod.py
[2026-08-29T13:15:29.867+0000] {processor.py:914} INFO - Processing file /opt/airflow/dags/prod/airbyte_to_dbt_prod.py for tasks to queue
[2026-08-29T13:15:29.871+0000] {logging_mixin.py:190} INFO - [2026-08-29T13:15:29.870+0000] {dagbag.py:588} INFO - Filling up the DagBag from /opt/airflow/dags/prod/airbyte_to_dbt_prod.py
[2026-08-29T13:15:29.892+0000] {processor.py:925} INFO - DAG(s) 'airbyte_to_dbt_pipeline_prod' retrieved from /opt/airflow/dags/prod/airbyte_to_dbt_prod.py
[2026-08-29T13:15:29.931+0000] {logging_mixin.py:190} INFO - [2026-08-29T13:15:29.931+0000] {dag.py:3239} INFO - Sync 1 DAGs
[2026-08-29T13:15:29.959+0000] {logging_mixin.py:190} INFO - [2026-08-29T13:15:29.959+0000] {dag.py:4180} INFO - Setting next_dagrun for airbyte_to_dbt_pipeline_prod to 2026-08-29 12:00:00+00:00, run_after=2026-08-29 13:00:00+00:00
[2026-08-29T13:15:29.982+0000] {processor.py:208} INFO - Processing /opt/airflow/dags/prod/airbyte_to_dbt_prod.py took 0.124 seconds
[2026-08-29T13:16:00.156+0000] {processor.py:186} INFO - Started process (PID=1486) to work on /opt/airflow/dags/prod/airbyte_to_dbt_prod.py
[2026-08-29T13:16:00.157+0000] {processor.py:914} INFO - Processing file /opt/airflow/dags/prod/airbyte_to_dbt_prod.py for tasks to queue
[2026-08-29T13:16:00.160+0000] {logging_mixin.py:190} INFO - [2026-08-29T13:16:00.160+0000] {dagbag.py:588} INFO - Filling up the DagBag from /opt/airflow/dags/prod/airbyte_to_dbt_prod.py
[2026-08-29T13:16:00.184+0000] {processor.py:925} INFO - DAG(s) 'airbyte_to_dbt_pipeline_prod' retrieved from /opt/airflow/dags/prod/airbyte_to_dbt_prod.py
[2026-08-29T13:16:00.237+0000] {logging_mixin.py:190} INFO - [2026-08-29T13:16:00.236+0000] {dag.py:3239} INFO - Sync 1 DAGs
[2026-08-29T13:16:00.274+0000] {logging_mixin.py:190} INFO - [2026-08-29T13:16:00.274+0000] {dag.py:4180} INFO - Setting next_dagrun for airbyte_to_dbt_pipeline_prod to 2026-08-29 12:00:00+00:00, run_after=2026-08-29 13:00:00+00:00
[2026-08-29T13:16:00.298+0000] {processor.py:208} INFO - Processing /opt/airflow/dags/prod/airbyte_to_dbt_prod.py took 0.150 seconds
[2026-08-29T13:16:30.455+0000] {processor.py:186} INFO - Started process (PID=1496) to work on /opt/airflow/dags/prod/airbyte_to_dbt_prod.py
[2026-08-29T13:16:30.456+0000] {processor.py:914} INFO - Processing file /opt/airflow/dags/prod/airbyte_to_dbt_prod.py for tasks to queue
[2026-08-29T13:16:30.459+0000] {logging_mixin.py:190} INFO - [2026-08-29T13:16:30.458+0000] {dagbag.py:588} INFO - Filling up the DagBag from /opt/airflow/dags/prod/airbyte_to_dbt_prod.py
[2026-08-29T13:16:30.481+0000] {processor.py:925} INFO - DAG(s) 'airbyte_to_dbt_pipeline_prod' retrieved from /opt/airflow/dags/prod/airbyte_to_dbt_prod.py
[2026-08-29T13:16:30.530+0000] {logging_mixin.py:190} INFO - [2026-08-29T13:16:30.530+0000] {dag.py:3239} INFO - Sync 1 DAGs
[2026-08-29T13:16:30.560+0000] {logging_mixin.py:190} INFO - [2026-08-29T13:16:30.560+0000] {dag.py:4180} INFO - Setting next_dagrun for airbyte_to_dbt_pipeline_prod to 2026-08-29 12:00:00+00:00, run_after=2026-08-29 13:00:00+00:00
[2026-08-29T13:16:30.583+0000] {processor.py:208} INFO - Processing /opt/airflow/dags/prod/airbyte_to_dbt_prod.py took 0.138 seconds
[2026-08-29T13:17:00.753+0000] {processor.py:186} INFO - Started process (PID=1506) to work on /opt/airflow/dags/prod/airbyte_to_dbt_prod.py
[2026-08-29T13:17:00.754+0000] {processor.py:914} INFO - Processing file /opt/airflow/dags/prod/airbyte_to_dbt_prod.py for tasks to queue
[2026-08-29T13:17:00.757+0000] {logging_mixin.py:190} INFO - [2026-08-29T13:17:00.757+0000] {dagbag.py:588} INFO - Filling up the DagBag from /opt/airflow/dags/prod/airbyte_to_dbt_prod.py
[2026-08-29T13:17:00.782+0000] {processor.py:925} INFO - DAG(s) 'airbyte_to_dbt_pipeline_prod' retrieved from /opt/airflow/dags/prod/airbyte_to_dbt_prod.py
[2026-08-29T13:17:00.823+0000] {logging_mixin.py:190} INFO - [2026-08-29T13:17:00.823+0000] {dag.py:3239} INFO - Sync 1 DAGs
[2026-08-29T13:17:00.858+0000] {logging_mixin.py:190} INFO - [2026-08-29T13:17:00.858+0000] {dag.py:4180} INFO - Setting next_dagrun for airbyte_to_dbt_pipeline_prod to 2026-08-29 12:00:00+00:00, run_after=2026-08-29 13:00:00+00:00
[2026-08-29T13:17:00.879+0000] {processor.py:208} INFO - Processing /opt/airflow/dags/prod/airbyte_to_dbt_prod.py took 0.136 seconds
[2026-08-29T13:17:31.049+0000] {processor.py:186} INFO - Started process (PID=1516) to work on /opt/airflow/dags/prod/airbyte_to_dbt_prod.py
[2026-08-29T13:17:31.050+0000] {processor.py:914} INFO - Processing file /opt/airflow/dags/prod/airbyte_to_dbt_prod.py for tasks to queue
[2026-08-29T13:17:31.053+0000] {logging_mixin.py:190} INFO - [2026-08-29T13:17:31.053+0000] {dagbag.py:588} INFO - Filling up the DagBag from /opt/airflow/dags/prod/airbyte_to_dbt_prod.py
[2026-08-29T13:17:31.076+0000] {processor.py:925} INFO - DAG(s) 'airbyte_to_dbt_pipeline_prod' retrieved from /opt/airflow/dags/prod/airbyte_to_dbt_prod.py
[2026-08-29T13:17:31.115+0000] {logging_mixin.py:190} INFO - [2026-08-29T13:17:31.115+0000] {dag.py:3239} INFO - Sync 1 DAGs
[2026-08-29T13:17:31.145+0000] {logging_mixin.py:190} INFO - [2026-08-29T13:17:31.144+0000] {dag.py:4180} INFO - Setting next_dagrun for airbyte_to_dbt_pipeline_prod to 2026-08-29 12:00:00+00:00, run_after=2026-08-29 13:00:00+00:00
[2026-08-29T13:17:31.167+0000] {processor.py:208} INFO - Processing /opt/airflow/dags/prod/airbyte_to_dbt_prod.py took 0.127 seconds
[2026-08-29T13:18:01.330+0000] {processor.py:186} INFO - Started process (PID=1526) to work on /opt/airflow/dags/prod/airbyte_to_dbt_prod.py
[2026-08-29T13:18:01.331+0000] {processor.py:914} INFO - Processing file /opt/airflow/dags/prod/airbyte_to_dbt_prod.py for tasks to queue
[2026-08-29T13:18:01.334+0000] {logging_mixin.py:190} INFO - [2026-08-29T13:18:01.333+0000] {dagbag.py:588} INFO - Filling up the DagBag from /opt/airflow/dags/prod/airbyte_to_dbt_prod.py
[2026-08-29T13:18:01.355+0000] {processor.py:925} INFO - DAG(s) 'airbyte_to_dbt_pipeline_prod' retrieved from /opt/airflow/dags/prod/airbyte_to_dbt_prod.py
[2026-08-29T13:18:01.399+0000] {logging_mixin.py:190} INFO - [2026-08-29T13:18:01.398+0000] {dag.py:3239} INFO - Sync 1 DAGs
[2026-08-29T13:18:01.429+0000] {logging_mixin.py:190} INFO - [2026-08-29T13:18:01.429+0000] {dag.py:4180} INFO - Setting next_dagrun for airbyte_to_dbt_pipeline_prod to 2026-08-29 12:00:00+00:00, run_after=2026-08-29 13:00:00+00:00
[2026-08-29T13:18:01.453+0000] {processor.py:208} INFO - Processing /opt/airflow/dags/prod/airbyte_to_dbt_prod.py took 0.132 seconds
[2026-08-29T13:18:31.630+0000] {processor.py:186} INFO - Started process (PID=1536) to work on /opt/airflow/dags/prod/airbyte_to_dbt_prod.py
[2026-08-29T13:18:31.633+0000] {processor.py:914} INFO - Processing file /opt/airflow/dags/prod/airbyte_to_dbt_prod.py for tasks to queue
[2026-08-29T13:18:31.637+0000] {logging_mixin.py:190} INFO - [2026-08-29T13:18:31.636+0000] {dagbag.py:588} INFO - Filling up the DagBag from /opt/airflow/dags/prod/airbyte_to_dbt_prod.py
[2026-08-29T13:18:31.665+0000] {processor.py:925} INFO - DAG(s) 'airbyte_to_dbt_pipeline_prod' retrieved from /opt/airflow/dags/prod/airbyte_to_dbt_prod.py
[2026-08-29T13:18:31.709+0000] {logging_mixin.py:190} INFO - [2026-08-29T13:18:31.708+0000] {dag.py:3239} INFO - Sync 1 DAGs
[2026-08-29T13:18:31.744+0000] {logging_mixin.py:190} INFO - [2026-08-29T13:18:31.743+0000] {dag.py:4180} INFO - Setting next_dagrun for airbyte_to_dbt_pipeline_prod to 2026-08-29 12:00:00+00:00, run_after=2026-08-29 13:00:00+00:00
[2026-08-29T13:18:31.767+0000] {processor.py:208} INFO - Processing /opt/airflow/dags/prod/airbyte_to_dbt_prod.py took 0.148 seconds
[2026-08-29T13:19:01.933+0000] {processor.py:186} INFO - Started process (PID=1546) to work on /opt/airflow/dags/prod/airbyte_to_dbt_prod.py
[2026-08-29T13:19:01.934+0000] {processor.py:914} INFO - Processing file /opt/airflow/dags/prod/airbyte_to_dbt_prod.py for tasks to queue
[2026-08-29T13:19:01.938+0000] {logging_mixin.py:190} INFO - [2026-08-29T13:19:01.937+0000] {dagbag.py:588} INFO - Filling up the DagBag from /opt/airflow/dags/prod/airbyte_to_dbt_prod.py
[2026-08-29T13:19:01.967+0000] {processor.py:925} INFO - DAG(s) 'airbyte_to_dbt_pipeline_prod' retrieved from /opt/airflow/dags/prod/airbyte_to_dbt_prod.py
[2026-08-29T13:19:02.004+0000] {logging_mixin.py:190} INFO - [2026-08-29T13:19:02.004+0000] {dag.py:3239} INFO - Sync 1 DAGs
[2026-08-29T13:19:02.033+0000] {logging_mixin.py:190} INFO - [2026-08-29T13:19:02.033+0000] {dag.py:4180} INFO - Setting next_dagrun for airbyte_to_dbt_pipeline_prod to 2026-08-29 12:00:00+00:00, run_after=2026-08-29 13:00:00+00:00
[2026-08-29T13:19:02.055+0000] {processor.py:208} INFO - Processing /opt/airflow/dags/prod/airbyte_to_dbt_prod.py took 0.134 seconds
[2026-08-29T13:19:32.227+0000] {processor.py:186} INFO - Started process (PID=1556) to work on /opt/airflow/dags/prod/airbyte_to_dbt_prod.py
[2026-08-29T13:19:32.228+0000] {processor.py:914} INFO - Processing file /opt/airflow/dags/prod/airbyte_to_dbt_prod.py for tasks to queue
[2026-08-29T13:19:32.231+0000] {logging_mixin.py:190} INFO - [2026-08-29T13:19:32.231+0000] {dagbag.py:588} INFO - Filling up the DagBag from /opt/airflow/dags/prod/airbyte_to_dbt_prod.py
[2026-08-29T13:19:32.252+0000] {processor.py:925} INFO - DAG(s) 'airbyte_to_dbt_pipeline_prod' retrieved from /opt/airflow/dags/prod/airbyte_to_dbt_prod.py
[2026-08-29T13:19:32.294+0000] {logging_mixin.py:190} INFO - [2026-08-29T13:19:32.294+0000] {dag.py:3239} INFO - Sync 1 DAGs
[2026-08-29T13:19:32.332+0000] {logging_mixin.py:190} INFO - [2026-08-29T13:19:32.332+0000] {dag.py:4180} INFO - Setting next_dagrun for airbyte_to_dbt_pipeline_prod to 2026-08-29 12:00:00+00:00, run_after=2026-08-29 13:00:00+00:00
[2026-08-29T13:19:32.356+0000] {processor.py:208} INFO - Processing /opt/airflow/dags/prod/airbyte_to_dbt_prod.py took 0.139 seconds
[2026-08-29T13:20:02.536+0000] {processor.py:186} INFO - Started process (PID=1566) to work on /opt/airflow/dags/prod/airbyte_to_dbt_prod.py
[2026-08-29T13:20:02.537+0000] {processor.py:914} INFO - Processing file /opt/airflow/dags/prod/airbyte_to_dbt_prod.py for tasks to queue
[2026-08-29T13:20:02.541+0000] {logging_mixin.py:190} INFO - [2026-08-29T13:20:02.540+0000] {dagbag.py:588} INFO - Filling up the DagBag from /opt/airflow/dags/prod/airbyte_to_dbt_prod.py
[2026-08-29T13:20:02.564+0000] {processor.py:925} INFO - DAG(s) 'airbyte_to_dbt_pipeline_prod' retrieved from /opt/airflow/dags/prod/airbyte_to_dbt_prod.py
[2026-08-29T13:20:02.615+0000] {logging_mixin.py:190} INFO - [2026-08-29T13:20:02.615+0000] {dag.py:3239} INFO - Sync 1 DAGs
[2026-08-29T13:20:02.653+0000] {logging_mixin.py:190} INFO - [2026-08-29T13:20:02.653+0000] {dag.py:4180} INFO - Setting next_dagrun for airbyte_to_dbt_pipeline_prod to 2026-08-29 12:00:00+00:00, run_after=2026-08-29 13:00:00+00:00
[2026-08-29T13:20:02.678+0000] {processor.py:208} INFO - Processing /opt/airflow/dags/prod/airbyte_to_dbt_prod.py took 0.149 seconds
[2026-08-29T13:20:32.855+0000] {processor.py:186} INFO - Started process (PID=1576) to work on /opt/airflow/dags/prod/airbyte_to_dbt_prod.py
[2026-08-29T13:20:32.856+0000] {processor.py:914} INFO - Processing file /opt/airflow/dags/prod/airbyte_to_dbt_prod.py for tasks to queue
[2026-08-29T13:20:32.859+0000] {logging_mixin.py:190} INFO - [2026-08-29T13:20:32.858+0000] {dagbag.py:588} INFO - Filling up the DagBag from /opt/airflow/dags/prod/airbyte_to_dbt_prod.py
[2026-08-29T13:20:32.880+0000] {processor.py:925} INFO - DAG(s) 'airbyte_to_dbt_pipeline_prod' retrieved from /opt/airflow/dags/prod/airbyte_to_dbt_prod.py
[2026-08-29T13:20:32.919+0000] {logging_mixin.py:190} INFO - [2026-08-29T13:20:32.919+0000] {dag.py:3239} INFO - Sync 1 DAGs
[2026-08-29T13:20:32.951+0000] {logging_mixin.py:190} INFO - [2026-08-29T13:20:32.951+0000] {dag.py:4180} INFO - Setting next_dagrun for airbyte_to_dbt_pipeline_prod to 2026-08-29 12:00:00+00:00, run_after=2026-08-29 13:00:00+00:00
[2026-08-29T13:20:32.976+0000] {processor.py:208} INFO - Processing /opt/airflow/dags/prod/airbyte_to_dbt_prod.py took 0.131 seconds
[2026-08-29T13:21:03.140+0000] {processor.py:186} INFO - Started process (PID=1586) to work on /opt/airflow/dags/prod/airbyte_to_dbt_prod.py
[2026-08-29T13:21:03.140+0000] {processor.py:914} INFO - Processing file /opt/airflow/dags/prod/airbyte_to_dbt_prod.py for tasks to queue
[2026-08-29T13:21:03.144+0000] {logging_mixin.py:190} INFO - [2026-08-29T13:21:03.143+0000] {dagbag.py:588} INFO - Filling up the DagBag from /opt/airflow/dags/prod/airbyte_to_dbt_prod.py
[2026-08-29T13:21:03.169+0000] {processor.py:925} INFO - DAG(s) 'airbyte_to_dbt_pipeline_prod' retrieved from /opt/airflow/dags/prod/airbyte_to_dbt_prod.py
[2026-08-29T13:21:03.207+0000] {logging_mixin.py:190} INFO - [2026-08-29T13:21:03.207+0000] {dag.py:3239} INFO - Sync 1 DAGs
[2026-08-29T13:21:03.239+0000] {logging_mixin.py:190} INFO - [2026-08-29T13:21:03.239+0000] {dag.py:4180} INFO - Setting next_dagrun for airbyte_to_dbt_pipeline_prod to 2026-08-29 12:00:00+00:00, run_after=2026-08-29 13:00:00+00:00
[2026-08-29T13:21:03.264+0000] {processor.py:208} INFO - Processing /opt/airflow/dags/prod/airbyte_to_dbt_prod.py took 0.133 seconds
[2026-08-29T13:21:33.435+0000] {processor.py:186} INFO - Started process (PID=1596) to work on /opt/airflow/dags/prod/airbyte_to_dbt_prod.py
[2026-08-29T13:21:33.436+0000] {processor.py:914} INFO - Processing file /opt/airflow/dags/prod/airbyte_to_dbt_prod.py for tasks to queue
[2026-08-29T13:21:33.440+0000] {logging_mixin.py:190} INFO - [2026-08-29T13:21:33.439+0000] {dagbag.py:588} INFO - Filling up the DagBag from /opt/airflow/dags/prod/airbyte_to_dbt_prod.py
[2026-08-29T13:21:33.465+0000] {processor.py:925} INFO - DAG(s) 'airbyte_to_dbt_pipeline_prod' retrieved from /opt/airflow/dags/prod/airbyte_to_dbt_prod.py
[2026-08-29T13:21:33.506+0000] {logging_mixin.py:190} INFO - [2026-08-29T13:21:33.506+0000] {dag.py:3239} INFO - Sync 1 DAGs
[2026-08-29T13:21:33.537+0000] {logging_mixin.py:190} INFO - [2026-08-29T13:21:33.536+0000] {dag.py:4180} INFO - Setting next_dagrun for airbyte_to_dbt_pipeline_prod to 2026-08-29 12:00:00+00:00, run_after=2026-08-29 13:00:00+00:00
[2026-08-29T13:21:33.558+0000] {processor.py:208} INFO - Processing /opt/airflow/dags/prod/airbyte_to_dbt_prod.py took 0.134 seconds
[2026-08-29T13:22:03.723+0000] {processor.py:186} INFO - Started process (PID=1606) to work on /opt/airflow/dags/prod/airbyte_to_dbt_prod.py
[2026-08-29T13:22:03.724+0000] {processor.py:914} INFO - Processing file /opt/airflow/dags/prod/airbyte_to_dbt_prod.py for tasks to queue
[2026-08-29T13:22:03.727+0000] {logging_mixin.py:190} INFO - [2026-08-29T13:22:03.726+0000] {dagbag.py:588} INFO - Filling up the DagBag from /opt/airflow/dags/prod/airbyte_to_dbt_prod.py
[2026-08-29T13:22:03.749+0000] {processor.py:925} INFO - DAG(s) 'airbyte_to_dbt_pipeline_prod' retrieved from /opt/airflow/dags/prod/airbyte_to_dbt_prod.py
[2026-08-29T13:22:03.800+0000] {logging_mixin.py:190} INFO - [2026-08-29T13:22:03.800+0000] {dag.py:3239} INFO - Sync 1 DAGs
[2026-08-29T13:22:03.838+0000] {logging_mixin.py:190} INFO - [2026-08-29T13:22:03.837+0000] {dag.py:4180} INFO - Setting next_dagrun for airbyte_to_dbt_pipeline_prod to 2026-08-29 12:00:00+00:00, run_after=2026-08-29 13:00:00+00:00
[2026-08-29T13:22:03.864+0000] {processor.py:208} INFO - Processing /opt/airflow/dags/prod/airbyte_to_dbt_prod.py took 0.150 seconds
[2026-08-29T13:22:34.019+0000] {processor.py:186} INFO - Started process (PID=1616) to work on /opt/airflow/dags/prod/airbyte_to_dbt_prod.py
[2026-08-29T13:22:34.020+0000] {processor.py:914} INFO - Processing file /opt/airflow/dags/prod/airbyte_to_dbt_prod.py for tasks to queue
[2026-08-29T13:22:34.024+0000] {logging_mixin.py:190} INFO - [2026-08-29T13:22:34.023+0000] {dagbag.py:588} INFO - Filling up the DagBag from /opt/airflow/dags/prod/airbyte_to_dbt_prod.py
[2026-08-29T13:22:34.046+0000] {processor.py:925} INFO - DAG(s) 'airbyte_to_dbt_pipeline_prod' retrieved from /opt/airflow/dags/prod/airbyte_to_dbt_prod.py
[2026-08-29T13:22:34.092+0000] {logging_mixin.py:190} INFO - [2026-08-29T13:22:34.092+0000] {dag.py:3239} INFO - Sync 1 DAGs
[2026-08-29T13:22:34.132+0000] {logging_mixin.py:190} INFO - [2026-08-29T13:22:34.132+0000] {dag.py:4180} INFO - Setting next_dagrun for airbyte_to_dbt_pipeline_prod to 2026-08-29 12:00:00+00:00, run_after=2026-08-29 13:00:00+00:00
[2026-08-29T13:22:34.156+0000] {processor.py:208} INFO - Processing /opt/airflow/dags/prod/airbyte_to_dbt_prod.py took 0.146 seconds
[2026-08-29T13:23:04.319+0000] {processor.py:186} INFO - Started process (PID=1626) to work on /opt/airflow/dags/prod/airbyte_to_dbt_prod.py
[2026-08-29T13:23:04.320+0000] {processor.py:914} INFO - Processing file /opt/airflow/dags/prod/airbyte_to_dbt_prod.py for tasks to queue
[2026-08-29T13:23:04.325+0000] {logging_mixin.py:190} INFO - [2026-08-29T13:23:04.324+0000] {dagbag.py:588} INFO - Filling up the DagBag from /opt/airflow/dags/prod/airbyte_to_dbt_prod.py
[2026-08-29T13:23:04.354+0000] {processor.py:925} INFO - DAG(s) 'airbyte_to_dbt_pipeline_prod' retrieved from /opt/airflow/dags/prod/airbyte_to_dbt_prod.py
[2026-08-29T13:23:04.397+0000] {logging_mixin.py:190} INFO - [2026-08-29T13:23:04.397+0000] {dag.py:3239} INFO - Sync 1 DAGs
[2026-08-29T13:23:04.435+0000] {logging_mixin.py:190} INFO - [2026-08-29T13:23:04.434+0000] {dag.py:4180} INFO - Setting next_dagrun for airbyte_to_dbt_pipeline_prod to 2026-08-29 12:00:00+00:00, run_after=2026-08-29 13:00:00+00:00
[2026-08-29T13:23:04.457+0000] {processor.py:208} INFO - Processing /opt/airflow/dags/prod/airbyte_to_dbt_prod.py took 0.148 seconds
[2026-08-29T13:23:34.617+0000] {processor.py:186} INFO - Started process (PID=1636) to work on /opt/airflow/dags/prod/airbyte_to_dbt_prod.py
[2026-08-29T13:23:34.619+0000] {processor.py:914} INFO - Processing file /opt/airflow/dags/prod/airbyte_to_dbt_prod.py for tasks to queue
[2026-08-29T13:23:34.622+0000] {logging_mixin.py:190} INFO - [2026-08-29T13:23:34.621+0000] {dagbag.py:588} INFO - Filling up the DagBag from /opt/airflow/dags/prod/airbyte_to_dbt_prod.py
[2026-08-29T13:23:34.644+0000] {processor.py:925} INFO - DAG(s) 'airbyte_to_dbt_pipeline_prod' retrieved from /opt/airflow/dags/prod/airbyte_to_dbt_prod.py
[2026-08-29T13:23:34.684+0000] {logging_mixin.py:190} INFO - [2026-08-29T13:23:34.683+0000] {dag.py:3239} INFO - Sync 1 DAGs
[2026-08-29T13:23:34.713+0000] {logging_mixin.py:190} INFO - [2026-08-29T13:23:34.713+0000] {dag.py:4180} INFO - Setting next_dagrun for airbyte_to_dbt_pipeline_prod to 2026-08-29 12:00:00+00:00, run_after=2026-08-29 13:00:00+00:00
[2026-08-29T13:23:34.736+0000] {processor.py:208} INFO - Processing /opt/airflow/dags/prod/airbyte_to_dbt_prod.py took 0.128 seconds
[2026-08-29T13:24:04.906+0000] {processor.py:186} INFO - Started process (PID=1646) to work on /opt/airflow/dags/prod/airbyte_to_dbt_prod.py
[2026-08-29T13:24:04.907+0000] {processor.py:914} INFO - Processing file /opt/airflow/dags/prod/airbyte_to_dbt_prod.py for tasks to queue
[2026-08-29T13:24:04.909+0000] {logging_mixin.py:190} INFO - [2026-08-29T13:24:04.909+0000] {dagbag.py:588} INFO - Filling up the DagBag from /opt/airflow/dags/prod/airbyte_to_dbt_prod.py
[2026-08-29T13:24:04.931+0000] {processor.py:925} INFO - DAG(s) 'airbyte_to_dbt_pipeline_prod' retrieved from /opt/airflow/dags/prod/airbyte_to_dbt_prod.py
[2026-08-29T13:24:04.983+0000] {logging_mixin.py:190} INFO - [2026-08-29T13:24:04.982+0000] {dag.py:3239} INFO - Sync 1 DAGs
[2026-08-29T13:24:05.018+0000] {logging_mixin.py:190} INFO - [2026-08-29T13:24:05.018+0000] {dag.py:4180} INFO - Setting next_dagrun for airbyte_to_dbt_pipeline_prod to 2026-08-29 12:00:00+00:00, run_after=2026-08-29 13:00:00+00:00
[2026-08-29T13:24:05.048+0000] {processor.py:208} INFO - Processing /opt/airflow/dags/prod/airbyte_to_dbt_prod.py took 0.151 seconds
[2026-08-29T13:24:35.217+0000] {processor.py:186} INFO - Started process (PID=1656) to work on /opt/airflow/dags/prod/airbyte_to_dbt_prod.py
[2026-08-29T13:24:35.218+0000] {processor.py:914} INFO - Processing file /opt/airflow/dags/prod/airbyte_to_dbt_prod.py for tasks to queue
[2026-08-29T13:24:35.221+0000] {logging_mixin.py:190} INFO - [2026-08-29T13:24:35.221+0000] {dagbag.py:588} INFO - Filling up the DagBag from /opt/airflow/dags/prod/airbyte_to_dbt_prod.py
[2026-08-29T13:24:35.243+0000] {processor.py:925} INFO - DAG(s) 'airbyte_to_dbt_pipeline_prod' retrieved from /opt/airflow/dags/prod/airbyte_to_dbt_prod.py
[2026-08-29T13:24:35.284+0000] {logging_mixin.py:190} INFO - [2026-08-29T13:24:35.283+0000] {dag.py:3239} INFO - Sync 1 DAGs
[2026-08-29T13:24:35.315+0000] {logging_mixin.py:190} INFO - [2026-08-29T13:24:35.314+0000] {dag.py:4180} INFO - Setting next_dagrun for airbyte_to_dbt_pipeline_prod to 2026-08-29 12:00:00+00:00, run_after=2026-08-29 13:00:00+00:00
[2026-08-29T13:24:35.336+0000] {processor.py:208} INFO - Processing /opt/airflow/dags/prod/airbyte_to_dbt_prod.py took 0.128 seconds
[2026-08-29T13:25:05.503+0000] {processor.py:186} INFO - Started process (PID=1666) to work on /opt/airflow/dags/prod/airbyte_to_dbt_prod.py
[2026-08-29T13:25:05.504+0000] {processor.py:914} INFO - Processing file /opt/airflow/dags/prod/airbyte_to_dbt_prod.py for tasks to queue
[2026-08-29T13:25:05.508+0000] {logging_mixin.py:190} INFO - [2026-08-29T13:25:05.508+0000] {dagbag.py:588} INFO - Filling up the DagBag from /opt/airflow/dags/prod/airbyte_to_dbt_prod.py
[2026-08-29T13:25:05.531+0000] {processor.py:925} INFO - DAG(s) 'airbyte_to_dbt_pipeline_prod' retrieved from /opt/airflow/dags/prod/airbyte_to_dbt_prod.py
[2026-08-29T13:25:05.581+0000] {logging_mixin.py:190} INFO - [2026-08-29T13:25:05.581+0000] {dag.py:3239} INFO - Sync 1 DAGs
[2026-08-29T13:25:05.620+0000] {logging_mixin.py:190} INFO - [2026-08-29T13:25:05.620+0000] {dag.py:4180} INFO - Setting next_dagrun for airbyte_to_dbt_pipeline_prod to 2026-08-29 12:00:00+00:00, run_after=2026-08-29 13:00:00+00:00
[2026-08-29T13:25:05.643+0000] {processor.py:208} INFO - Processing /opt/airflow/dags/prod/airbyte_to_dbt_prod.py took 0.149 seconds
[2026-08-29T13:25:35.827+0000] {processor.py:186} INFO - Started process (PID=1676) to work on /opt/airflow/dags/prod/airbyte_to_dbt_prod.py
[2026-08-29T13:25:35.828+0000] {processor.py:914} INFO - Processing file /opt/airflow/dags/prod/airbyte_to_dbt_prod.py for tasks to queue
[2026-08-29T13:25:35.831+0000] {logging_mixin.py:190} INFO - [2026-08-29T13:25:35.830+0000] {dagbag.py:588} INFO - Filling up the DagBag from /opt/airflow/dags/prod/airbyte_to_dbt_prod.py
[2026-08-29T13:25:35.855+0000] {processor.py:925} INFO - DAG(s) 'airbyte_to_dbt_pipeline_prod' retrieved from /opt/airflow/dags/prod/airbyte_to_dbt_prod.py
[2026-08-29T13:25:35.898+0000] {logging_mixin.py:190} INFO - [2026-08-29T13:25:35.898+0000] {dag.py:3239} INFO - Sync 1 DAGs
[2026-08-29T13:25:35.930+0000] {logging_mixin.py:190} INFO - [2026-08-29T13:25:35.930+0000] {dag.py:4180} INFO - Setting next_dagrun for airbyte_to_dbt_pipeline_prod to 2026-08-29 12:00:00+00:00, run_after=2026-08-29 13:00:00+00:00
[2026-08-29T13:25:35.951+0000] {processor.py:208} INFO - Processing /opt/airflow/dags/prod/airbyte_to_dbt_prod.py took 0.134 seconds
[2026-08-29T13:26:06.112+0000] {processor.py:186} INFO - Started process (PID=1686) to work on /opt/airflow/dags/prod/airbyte_to_dbt_prod.py
[2026-08-29T13:26:06.113+0000] {processor.py:914} INFO - Processing file /opt/airflow/dags/prod/airbyte_to_dbt_prod.py for tasks to queue
[2026-08-29T13:26:06.116+0000] {logging_mixin.py:190} INFO - [2026-08-29T13:26:06.116+0000] {dagbag.py:588} INFO - Filling up the DagBag from /opt/airflow/dags/prod/airbyte_to_dbt_prod.py
[2026-08-29T13:26:06.139+0000] {processor.py:925} INFO - DAG(s) 'airbyte_to_dbt_pipeline_prod' retrieved from /opt/airflow/dags/prod/airbyte_to_dbt_prod.py
[2026-08-29T13:26:06.180+0000] {logging_mixin.py:190} INFO - [2026-08-29T13:26:06.180+0000] {dag.py:3239} INFO - Sync 1 DAGs
[2026-08-29T13:26:06.209+0000] {logging_mixin.py:190} INFO - [2026-08-29T13:26:06.208+0000] {dag.py:4180} INFO - Setting next_dagrun for airbyte_to_dbt_pipeline_prod to 2026-08-29 12:00:00+00:00, run_after=2026-08-29 13:00:00+00:00
[2026-08-29T13:26:06.233+0000] {processor.py:208} INFO - Processing /opt/airflow/dags/prod/airbyte_to_dbt_prod.py took 0.129 seconds
[2026-08-29T13:26:36.406+0000] {processor.py:186} INFO - Started process (PID=1696) to work on /opt/airflow/dags/prod/airbyte_to_dbt_prod.py
[2026-08-29T13:26:36.407+0000] {processor.py:914} INFO - Processing file /opt/airflow/dags/prod/airbyte_to_dbt_prod.py for tasks to queue
[2026-08-29T13:26:36.410+0000] {logging_mixin.py:190} INFO - [2026-08-29T13:26:36.410+0000] {dagbag.py:588} INFO - Filling up the DagBag from /opt/airflow/dags/prod/airbyte_to_dbt_prod.py
[2026-08-29T13:26:36.434+0000] {processor.py:925} INFO - DAG(s) 'airbyte_to_dbt_pipeline_prod' retrieved from /opt/airflow/dags/prod/airbyte_to_dbt_prod.py
[2026-08-29T13:26:36.478+0000] {logging_mixin.py:190} INFO - [2026-08-29T13:26:36.477+0000] {dag.py:3239} INFO - Sync 1 DAGs
[2026-08-29T13:26:36.510+0000] {logging_mixin.py:190} INFO - [2026-08-29T13:26:36.510+0000] {dag.py:4180} INFO - Setting next_dagrun for airbyte_to_dbt_pipeline_prod to 2026-08-29 12:00:00+00:00, run_after=2026-08-29 13:00:00+00:00
[2026-08-29T13:26:36.533+0000] {processor.py:208} INFO - Processing /opt/airflow/dags/prod/airbyte_to_dbt_prod.py took 0.136 seconds
[2026-08-29T13:27:06.691+0000] {processor.py:186} INFO - Started process (PID=1706) to work on /opt/airflow/dags/prod/airbyte_to_dbt_prod.py
[2026-08-29T13:27:06.692+0000] {processor.py:914} INFO - Processing file /opt/airflow/dags/prod/airbyte_to_dbt_prod.py for tasks to queue
[2026-08-29T13:27:06.695+0000] {logging_mixin.py:190} INFO - [2026-08-29T13:27:06.694+0000] {dagbag.py:588} INFO - Filling up the DagBag from /opt/airflow/dags/prod/airbyte_to_dbt_prod.py
[2026-08-29T13:27:06.716+0000] {processor.py:925} INFO - DAG(s) 'airbyte_to_dbt_pipeline_prod' retrieved from /opt/airflow/dags/prod/airbyte_to_dbt_prod.py
[2026-08-29T13:27:06.756+0000] {logging_mixin.py:190} INFO - [2026-08-29T13:27:06.756+0000] {dag.py:3239} INFO - Sync 1 DAGs
[2026-08-29T13:27:06.790+0000] {logging_mixin.py:190} INFO - [2026-08-29T13:27:06.790+0000] {dag.py:4180} INFO - Setting next_dagrun for airbyte_to_dbt_pipeline_prod to 2026-08-29 12:00:00+00:00, run_after=2026-08-29 13:00:00+00:00
[2026-08-29T13:27:06.813+0000] {processor.py:208} INFO - Processing /opt/airflow/dags/prod/airbyte_to_dbt_prod.py took 0.131 seconds
[2026-08-29T13:27:36.975+0000] {processor.py:186} INFO - Started process (PID=1716) to work on /opt/airflow/dags/prod/airbyte_to_dbt_prod.py
[2026-08-29T13:27:36.976+0000] {processor.py:914} INFO - Processing file /opt/airflow/dags/prod/airbyte_to_dbt_prod.py for tasks to queue
[2026-08-29T13:27:36.979+0000] {logging_mixin.py:190} INFO - [2026-08-29T13:27:36.979+0000] {dagbag.py:588} INFO - Filling up the DagBag from /opt/airflow/dags/prod/airbyte_to_dbt_prod.py
[2026-08-29T13:27:37.001+0000] {processor.py:925} INFO - DAG(s) 'airbyte_to_dbt_pipeline_prod' retrieved from /opt/airflow/dags/prod/airbyte_to_dbt_prod.py
[2026-08-29T13:27:37.043+0000] {logging_mixin.py:190} INFO - [2026-08-29T13:27:37.043+0000] {dag.py:3239} INFO - Sync 1 DAGs
[2026-08-29T13:27:37.078+0000] {logging_mixin.py:190} INFO - [2026-08-29T13:27:37.078+0000] {dag.py:4180} INFO - Setting next_dagrun for airbyte_to_dbt_pipeline_prod to 2026-08-29 12:00:00+00:00, run_after=2026-08-29 13:00:00+00:00
[2026-08-29T13:27:37.099+0000] {processor.py:208} INFO - Processing /opt/airflow/dags/prod/airbyte_to_dbt_prod.py took 0.133 seconds
[2026-08-29T13:28:07.261+0000] {processor.py:186} INFO - Started process (PID=1726) to work on /opt/airflow/dags/prod/airbyte_to_dbt_prod.py
[2026-08-29T13:28:07.261+0000] {processor.py:914} INFO - Processing file /opt/airflow/dags/prod/airbyte_to_dbt_prod.py for tasks to queue
[2026-08-29T13:28:07.265+0000] {logging_mixin.py:190} INFO - [2026-08-29T13:28:07.264+0000] {dagbag.py:588} INFO - Filling up the DagBag from /opt/airflow/dags/prod/airbyte_to_dbt_prod.py
[2026-08-29T13:28:07.287+0000] {processor.py:925} INFO - DAG(s) 'airbyte_to_dbt_pipeline_prod' retrieved from /opt/airflow/dags/prod/airbyte_to_dbt_prod.py
[2026-08-29T13:28:07.338+0000] {logging_mixin.py:190} INFO - [2026-08-29T13:28:07.338+0000] {dag.py:3239} INFO - Sync 1 DAGs
[2026-08-29T13:28:07.382+0000] {logging_mixin.py:190} INFO - [2026-08-29T13:28:07.381+0000] {dag.py:4180} INFO - Setting next_dagrun for airbyte_to_dbt_pipeline_prod to 2026-08-29 12:00:00+00:00, run_after=2026-08-29 13:00:00+00:00
[2026-08-29T13:28:07.408+0000] {processor.py:208} INFO - Processing /opt/airflow/dags/prod/airbyte_to_dbt_prod.py took 0.156 seconds
[2026-08-29T13:28:37.578+0000] {processor.py:186} INFO - Started process (PID=1736) to work on /opt/airflow/dags/prod/airbyte_to_dbt_prod.py
[2026-08-29T13:28:37.580+0000] {processor.py:914} INFO - Processing file /opt/airflow/dags/prod/airbyte_to_dbt_prod.py for tasks to queue
[2026-08-29T13:28:37.583+0000] {logging_mixin.py:190} INFO - [2026-08-29T13:28:37.583+0000] {dagbag.py:588} INFO - Filling up the DagBag from /opt/airflow/dags/prod/airbyte_to_dbt_prod.py
[2026-08-29T13:28:37.604+0000] {processor.py:925} INFO - DAG(s) 'airbyte_to_dbt_pipeline_prod' retrieved from /opt/airflow/dags/prod/airbyte_to_dbt_prod.py
[2026-08-29T13:28:37.649+0000] {logging_mixin.py:190} INFO - [2026-08-29T13:28:37.649+0000] {dag.py:3239} INFO - Sync 1 DAGs
[2026-08-29T13:28:37.685+0000] {logging_mixin.py:190} INFO - [2026-08-29T13:28:37.685+0000] {dag.py:4180} INFO - Setting next_dagrun for airbyte_to_dbt_pipeline_prod to 2026-08-29 12:00:00+00:00, run_after=2026-08-29 13:00:00+00:00
[2026-08-29T13:28:37.706+0000] {processor.py:208} INFO - Processing /opt/airflow/dags/prod/airbyte_to_dbt_prod.py took 0.136 seconds
[2026-08-29T13:29:07.861+0000] {processor.py:186} INFO - Started process (PID=1746) to work on /opt/airflow/dags/prod/airbyte_to_dbt_prod.py
[2026-08-29T13:29:07.862+0000] {processor.py:914} INFO - Processing file /opt/airflow/dags/prod/airbyte_to_dbt_prod.py for tasks to queue
[2026-08-29T13:29:07.865+0000] {logging_mixin.py:190} INFO - [2026-08-29T13:29:07.865+0000] {dagbag.py:588} INFO - Filling up the DagBag from /opt/airflow/dags/prod/airbyte_to_dbt_prod.py
[2026-08-29T13:29:07.887+0000] {processor.py:925} INFO - DAG(s) 'airbyte_to_dbt_pipeline_prod' retrieved from /opt/airflow/dags/prod/airbyte_to_dbt_prod.py
[2026-08-29T13:29:07.924+0000] {logging_mixin.py:190} INFO - [2026-08-29T13:29:07.923+0000] {dag.py:3239} INFO - Sync 1 DAGs
[2026-08-29T13:29:07.953+0000] {logging_mixin.py:190} INFO - [2026-08-29T13:29:07.953+0000] {dag.py:4180} INFO - Setting next_dagrun for airbyte_to_dbt_pipeline_prod to 2026-08-29 12:00:00+00:00, run_after=2026-08-29 13:00:00+00:00
[2026-08-29T13:29:07.977+0000] {processor.py:208} INFO - Processing /opt/airflow/dags/prod/airbyte_to_dbt_prod.py took 0.125 seconds
[2026-08-29T13:29:38.144+0000] {processor.py:186} INFO - Started process (PID=1756) to work on /opt/airflow/dags/prod/airbyte_to_dbt_prod.py
[2026-08-29T13:29:38.146+0000] {processor.py:914} INFO - Processing file /opt/airflow/dags/prod/airbyte_to_dbt_prod.py for tasks to queue
[2026-08-29T13:29:38.149+0000] {logging_mixin.py:190} INFO - [2026-08-29T13:29:38.148+0000] {dagbag.py:588} INFO - Filling up the DagBag from /opt/airflow/dags/prod/airbyte_to_dbt_prod.py
[2026-08-29T13:29:38.171+0000] {processor.py:925} INFO - DAG(s) 'airbyte_to_dbt_pipeline_prod' retrieved from /opt/airflow/dags/prod/airbyte_to_dbt_prod.py
[2026-08-29T13:29:38.222+0000] {logging_mixin.py:190} INFO - [2026-08-29T13:29:38.221+0000] {dag.py:3239} INFO - Sync 1 DAGs
[2026-08-29T13:29:38.259+0000] {logging_mixin.py:190} INFO - [2026-08-29T13:29:38.259+0000] {dag.py:4180} INFO - Setting next_dagrun for airbyte_to_dbt_pipeline_prod to 2026-08-29 12:00:00+00:00, run_after=2026-08-29 13:00:00+00:00
[2026-08-29T13:29:38.284+0000] {processor.py:208} INFO - Processing /opt/airflow/dags/prod/airbyte_to_dbt_prod.py took 0.148 seconds
[2026-08-29T13:30:08.450+0000] {processor.py:186} INFO - Started process (PID=1766) to work on /opt/airflow/dags/prod/airbyte_to_dbt_prod.py
[2026-08-29T13:30:08.451+0000] {processor.py:914} INFO - Processing file /opt/airflow/dags/prod/airbyte_to_dbt_prod.py for tasks to queue
[2026-08-29T13:30:08.455+0000] {logging_mixin.py:190} INFO - [2026-08-29T13:30:08.455+0000] {dagbag.py:588} INFO - Filling up the DagBag from /opt/airflow/dags/prod/airbyte_to_dbt_prod.py
[2026-08-29T13:30:08.480+0000] {processor.py:925} INFO - DAG(s) 'airbyte_to_dbt_pipeline_prod' retrieved from /opt/airflow/dags/prod/airbyte_to_dbt_prod.py
[2026-08-29T13:30:08.528+0000] {logging_mixin.py:190} INFO - [2026-08-29T13:30:08.528+0000] {dag.py:3239} INFO - Sync 1 DAGs
[2026-08-29T13:30:08.566+0000] {logging_mixin.py:190} INFO - [2026-08-29T13:30:08.566+0000] {dag.py:4180} INFO - Setting next_dagrun for airbyte_to_dbt_pipeline_prod to 2026-08-29 12:00:00+00:00, run_after=2026-08-29 13:00:00+00:00
[2026-08-29T13:30:08.588+0000] {processor.py:208} INFO - Processing /opt/airflow/dags/prod/airbyte_to_dbt_prod.py took 0.149 seconds
[2026-08-29T13:30:38.760+0000] {processor.py:186} INFO - Started process (PID=1776) to work on /opt/airflow/dags/prod/airbyte_to_dbt_prod.py
[2026-08-29T13:30:38.761+0000] {processor.py:914} INFO - Processing file /opt/airflow/dags/prod/airbyte_to_dbt_prod.py for tasks to queue
[2026-08-29T13:30:38.765+0000] {logging_mixin.py:190} INFO - [2026-08-29T13:30:38.764+0000] {dagbag.py:588} INFO - Filling up the DagBag from /opt/airflow/dags/prod/airbyte_to_dbt_prod.py
[2026-08-29T13:30:38.787+0000] {processor.py:925} INFO - DAG(s) 'airbyte_to_dbt_pipeline_prod' retrieved from /opt/airflow/dags/prod/airbyte_to_dbt_prod.py
[2026-08-29T13:30:38.833+0000] {logging_mixin.py:190} INFO - [2026-08-29T13:30:38.833+0000] {dag.py:3239} INFO - Sync 1 DAGs
[2026-08-29T13:30:38.870+0000] {logging_mixin.py:190} INFO - [2026-08-29T13:30:38.870+0000] {dag.py:4180} INFO - Setting next_dagrun for airbyte_to_dbt_pipeline_prod to 2026-08-29 12:00:00+00:00, run_after=2026-08-29 13:00:00+00:00
[2026-08-29T13:30:38.893+0000] {processor.py:208} INFO - Processing /opt/airflow/dags/prod/airbyte_to_dbt_prod.py took 0.142 seconds
[2026-08-29T13:31:09.051+0000] {processor.py:186} INFO - Started process (PID=1786) to work on /opt/airflow/dags/prod/airbyte_to_dbt_prod.py
[2026-08-29T13:31:09.051+0000] {processor.py:914} INFO - Processing file /opt/airflow/dags/prod/airbyte_to_dbt_prod.py for tasks to queue
[2026-08-29T13:31:09.054+0000] {logging_mixin.py:190} INFO - [2026-08-29T13:31:09.054+0000] {dagbag.py:588} INFO - Filling up the DagBag from /opt/airflow/dags/prod/airbyte_to_dbt_prod.py
[2026-08-29T13:31:09.076+0000] {processor.py:925} INFO - DAG(s) 'airbyte_to_dbt_pipeline_prod' retrieved from /opt/airflow/dags/prod/airbyte_to_dbt_prod.py
[2026-08-29T13:31:09.129+0000] {logging_mixin.py:190} INFO - [2026-08-29T13:31:09.129+0000] {dag.py:3239} INFO - Sync 1 DAGs
[2026-08-29T13:31:09.163+0000] {logging_mixin.py:190} INFO - [2026-08-29T13:31:09.163+0000] {dag.py:4180} INFO - Setting next_dagrun for airbyte_to_dbt_pipeline_prod to 2026-08-29 12:00:00+00:00, run_after=2026-08-29 13:00:00+00:00
[2026-08-29T13:31:09.190+0000] {processor.py:208} INFO - Processing /opt/airflow/dags/prod/airbyte_to_dbt_prod.py took 0.147 seconds
[2026-08-29T13:31:39.359+0000] {processor.py:186} INFO - Started process (PID=1796) to work on /opt/airflow/dags/prod/airbyte_to_dbt_prod.py
[2026-08-29T13:31:39.360+0000] {processor.py:914} INFO - Processing file /opt/airflow/dags/prod/airbyte_to_dbt_prod.py for tasks to queue
[2026-08-29T13:31:39.363+0000] {logging_mixin.py:190} INFO - [2026-08-29T13:31:39.362+0000] {dagbag.py:588} INFO - Filling up the DagBag from /opt/airflow/dags/prod/airbyte_to_dbt_prod.py
[2026-08-29T13:31:39.388+0000] {processor.py:925} INFO - DAG(s) 'airbyte_to_dbt_pipeline_prod' retrieved from /opt/airflow/dags/prod/airbyte_to_dbt_prod.py
[2026-08-29T13:31:39.425+0000] {logging_mixin.py:190} INFO - [2026-08-29T13:31:39.425+0000] {dag.py:3239} INFO - Sync 1 DAGs
[2026-08-29T13:31:39.453+0000] {logging_mixin.py:190} INFO - [2026-08-29T13:31:39.453+0000] {dag.py:4180} INFO - Setting next_dagrun for airbyte_to_dbt_pipeline_prod to 2026-08-29 12:00:00+00:00, run_after=2026-08-29 13:00:00+00:00
[2026-08-29T13:31:39.477+0000] {processor.py:208} INFO - Processing /opt/airflow/dags/prod/airbyte_to_dbt_prod.py took 0.127 seconds
[2026-08-29T13:32:09.634+0000] {processor.py:186} INFO - Started process (PID=1806) to work on /opt/airflow/dags/prod/airbyte_to_dbt_prod.py
[2026-08-29T13:32:09.635+0000] {processor.py:914} INFO - Processing file /opt/airflow/dags/prod/airbyte_to_dbt_prod.py for tasks to queue
[2026-08-29T13:32:09.639+0000] {logging_mixin.py:190} INFO - [2026-08-29T13:32:09.638+0000] {dagbag.py:588} INFO - Filling up the DagBag from /opt/airflow/dags/prod/airbyte_to_dbt_prod.py
[2026-08-29T13:32:09.660+0000] {processor.py:925} INFO - DAG(s) 'airbyte_to_dbt_pipeline_prod' retrieved from /opt/airflow/dags/prod/airbyte_to_dbt_prod.py
[2026-08-29T13:32:09.702+0000] {logging_mixin.py:190} INFO - [2026-08-29T13:32:09.702+0000] {dag.py:3239} INFO - Sync 1 DAGs
[2026-08-29T13:32:09.734+0000] {logging_mixin.py:190} INFO - [2026-08-29T13:32:09.733+0000] {dag.py:4180} INFO - Setting next_dagrun for airbyte_to_dbt_pipeline_prod to 2026-08-29 12:00:00+00:00, run_after=2026-08-29 13:00:00+00:00
[2026-08-29T13:32:09.758+0000] {processor.py:208} INFO - Processing /opt/airflow/dags/prod/airbyte_to_dbt_prod.py took 0.133 seconds
[2026-08-29T13:32:39.927+0000] {processor.py:186} INFO - Started process (PID=1816) to work on /opt/airflow/dags/prod/airbyte_to_dbt_prod.py
[2026-08-29T13:32:39.928+0000] {processor.py:914} INFO - Processing file /opt/airflow/dags/prod/airbyte_to_dbt_prod.py for tasks to queue
[2026-08-29T13:32:39.931+0000] {logging_mixin.py:190} INFO - [2026-08-29T13:32:39.930+0000] {dagbag.py:588} INFO - Filling up the DagBag from /opt/airflow/dags/prod/airbyte_to_dbt_prod.py
[2026-08-29T13:32:39.955+0000] {processor.py:925} INFO - DAG(s) 'airbyte_to_dbt_pipeline_prod' retrieved from /opt/airflow/dags/prod/airbyte_to_dbt_prod.py
[2026-08-29T13:32:40.008+0000] {logging_mixin.py:190} INFO - [2026-08-29T13:32:40.008+0000] {dag.py:3239} INFO - Sync 1 DAGs
[2026-08-29T13:32:40.046+0000] {logging_mixin.py:190} INFO - [2026-08-29T13:32:40.046+0000] {dag.py:4180} INFO - Setting next_dagrun for airbyte_to_dbt_pipeline_prod to 2026-08-29 12:00:00+00:00, run_after=2026-08-29 13:00:00+00:00
[2026-08-29T13:32:40.071+0000] {processor.py:208} INFO - Processing /opt/airflow/dags/prod/airbyte_to_dbt_prod.py took 0.154 seconds
[2026-08-29T13:33:10.243+0000] {processor.py:186} INFO - Started process (PID=1826) to work on /opt/airflow/dags/prod/airbyte_to_dbt_prod.py
[2026-08-29T13:33:10.244+0000] {processor.py:914} INFO - Processing file /opt/airflow/dags/prod/airbyte_to_dbt_prod.py for tasks to queue
[2026-08-29T13:33:10.247+0000] {logging_mixin.py:190} INFO - [2026-08-29T13:33:10.246+0000] {dagbag.py:588} INFO - Filling up the DagBag from /opt/airflow/dags/prod/airbyte_to_dbt_prod.py
[2026-08-29T13:33:10.270+0000] {processor.py:925} INFO - DAG(s) 'airbyte_to_dbt_pipeline_prod' retrieved from /opt/airflow/dags/prod/airbyte_to_dbt_prod.py
[2026-08-29T13:33:10.314+0000] {logging_mixin.py:190} INFO - [2026-08-29T13:33:10.313+0000] {dag.py:3239} INFO - Sync 1 DAGs
[2026-08-29T13:33:10.351+0000] {logging_mixin.py:190} INFO - [2026-08-29T13:33:10.350+0000] {dag.py:4180} INFO - Setting next_dagrun for airbyte_to_dbt_pipeline_prod to 2026-08-29 12:00:00+00:00, run_after=2026-08-29 13:00:00+00:00
[2026-08-29T13:33:10.375+0000] {processor.py:208} INFO - Processing /opt/airflow/dags/prod/airbyte_to_dbt_prod.py took 0.141 seconds
[2026-08-29T13:33:40.541+0000] {processor.py:186} INFO - Started process (PID=1836) to work on /opt/airflow/dags/prod/airbyte_to_dbt_prod.py
[2026-08-29T13:33:40.542+0000] {processor.py:914} INFO - Processing file /opt/airflow/dags/prod/airbyte_to_dbt_prod.py for tasks to queue
[2026-08-29T13:33:40.546+0000] {logging_mixin.py:190} INFO - [2026-08-29T13:33:40.545+0000] {dagbag.py:588} INFO - Filling up the DagBag from /opt/airflow/dags/prod/airbyte_to_dbt_prod.py
[2026-08-29T13:33:40.574+0000] {processor.py:925} INFO - DAG(s) 'airbyte_to_dbt_pipeline_prod' retrieved from /opt/airflow/dags/prod/airbyte_to_dbt_prod.py
[2026-08-29T13:33:40.616+0000] {logging_mixin.py:190} INFO - [2026-08-29T13:33:40.616+0000] {dag.py:3239} INFO - Sync 1 DAGs
[2026-08-29T13:33:40.647+0000] {logging_mixin.py:190} INFO - [2026-08-29T13:33:40.647+0000] {dag.py:4180} INFO - Setting next_dagrun for airbyte_to_dbt_pipeline_prod to 2026-08-29 12:00:00+00:00, run_after=2026-08-29 13:00:00+00:00
[2026-08-29T13:33:40.671+0000] {processor.py:208} INFO - Processing /opt/airflow/dags/prod/airbyte_to_dbt_prod.py took 0.141 seconds
[2026-08-29T13:34:10.838+0000] {processor.py:186} INFO - Started process (PID=1846) to work on /opt/airflow/dags/prod/airbyte_to_dbt_prod.py
[2026-08-29T13:34:10.839+0000] {processor.py:914} INFO - Processing file /opt/airflow/dags/prod/airbyte_to_dbt_prod.py for tasks to queue
[2026-08-29T13:34:10.842+0000] {logging_mixin.py:190} INFO - [2026-08-29T13:34:10.842+0000] {dagbag.py:588} INFO - Filling up the DagBag from /opt/airflow/dags/prod/airbyte_to_dbt_prod.py
[2026-08-29T13:34:10.865+0000] {processor.py:925} INFO - DAG(s) 'airbyte_to_dbt_pipeline_prod' retrieved from /opt/airflow/dags/prod/airbyte_to_dbt_prod.py
[2026-08-29T13:34:10.906+0000] {logging_mixin.py:190} INFO - [2026-08-29T13:34:10.906+0000] {dag.py:3239} INFO - Sync 1 DAGs
[2026-08-29T13:34:10.941+0000] {logging_mixin.py:190} INFO - [2026-08-29T13:34:10.941+0000] {dag.py:4180} INFO - Setting next_dagrun for airbyte_to_dbt_pipeline_prod to 2026-08-29 12:00:00+00:00, run_after=2026-08-29 13:00:00+00:00
[2026-08-29T13:34:10.964+0000] {processor.py:208} INFO - Processing /opt/airflow/dags/prod/airbyte_to_dbt_prod.py took 0.135 seconds
[2026-08-29T13:34:41.121+0000] {processor.py:186} INFO - Started process (PID=1856) to work on /opt/airflow/dags/prod/airbyte_to_dbt_prod.py
[2026-08-29T13:34:41.122+0000] {processor.py:914} INFO - Processing file /opt/airflow/dags/prod/airbyte_to_dbt_prod.py for tasks to queue
[2026-08-29T13:34:41.126+0000] {logging_mixin.py:190} INFO - [2026-08-29T13:34:41.125+0000] {dagbag.py:588} INFO - Filling up the DagBag from /opt/airflow/dags/prod/airbyte_to_dbt_prod.py
[2026-08-29T13:34:41.156+0000] {processor.py:925} INFO - DAG(s) 'airbyte_to_dbt_pipeline_prod' retrieved from /opt/airflow/dags/prod/airbyte_to_dbt_prod.py
[2026-08-29T13:34:41.211+0000] {logging_mixin.py:190} INFO - [2026-08-29T13:34:41.210+0000] {dag.py:3239} INFO - Sync 1 DAGs
[2026-08-29T13:34:41.279+0000] {logging_mixin.py:190} INFO - [2026-08-29T13:34:41.279+0000] {dag.py:4180} INFO - Setting next_dagrun for airbyte_to_dbt_pipeline_prod to 2026-08-29 12:00:00+00:00, run_after=2026-08-29 13:00:00+00:00
[2026-08-29T13:34:41.321+0000] {processor.py:208} INFO - Processing /opt/airflow/dags/prod/airbyte_to_dbt_prod.py took 0.212 seconds
[2026-08-29T13:37:04.323+0000] {processor.py:186} INFO - Started process (PID=1866) to work on /opt/airflow/dags/prod/airbyte_to_dbt_prod.py
[2026-08-29T13:37:04.330+0000] {processor.py:914} INFO - Processing file /opt/airflow/dags/prod/airbyte_to_dbt_prod.py for tasks to queue
[2026-08-29T13:37:04.335+0000] {logging_mixin.py:190} INFO - [2026-08-29T13:37:04.335+0000] {dagbag.py:588} INFO - Filling up the DagBag from /opt/airflow/dags/prod/airbyte_to_dbt_prod.py
[2026-08-29T13:37:04.365+0000] {processor.py:925} INFO - DAG(s) 'airbyte_to_dbt_pipeline_prod' retrieved from /opt/airflow/dags/prod/airbyte_to_dbt_prod.py
[2026-08-29T13:37:04.430+0000] {logging_mixin.py:190} INFO - [2026-08-29T13:37:04.429+0000] {dag.py:3239} INFO - Sync 1 DAGs
[2026-08-29T13:37:04.486+0000] {logging_mixin.py:190} INFO - [2026-08-29T13:37:04.485+0000] {dag.py:4180} INFO - Setting next_dagrun for airbyte_to_dbt_pipeline_prod to 2026-08-29 12:00:00+00:00, run_after=2026-08-29 13:00:00+00:00
[2026-08-29T13:37:04.822+0000] {processor.py:208} INFO - Processing /opt/airflow/dags/prod/airbyte_to_dbt_prod.py took 0.517 seconds
[2026-08-29T13:37:34.862+0000] {processor.py:186} INFO - Started process (PID=1878) to work on /opt/airflow/dags/prod/airbyte_to_dbt_prod.py
[2026-08-29T13:37:34.863+0000] {processor.py:914} INFO - Processing file /opt/airflow/dags/prod/airbyte_to_dbt_prod.py for tasks to queue
[2026-08-29T13:37:34.867+0000] {logging_mixin.py:190} INFO - [2026-08-29T13:37:34.866+0000] {dagbag.py:588} INFO - Filling up the DagBag from /opt/airflow/dags/prod/airbyte_to_dbt_prod.py
[2026-08-29T13:37:34.891+0000] {processor.py:925} INFO - DAG(s) 'airbyte_to_dbt_pipeline_prod' retrieved from /opt/airflow/dags/prod/airbyte_to_dbt_prod.py
[2026-08-29T13:37:34.934+0000] {logging_mixin.py:190} INFO - [2026-08-29T13:37:34.933+0000] {dag.py:3239} INFO - Sync 1 DAGs
[2026-08-29T13:37:34.963+0000] {logging_mixin.py:190} INFO - [2026-08-29T13:37:34.963+0000] {dag.py:4180} INFO - Setting next_dagrun for airbyte_to_dbt_pipeline_prod to 2026-08-29 12:00:00+00:00, run_after=2026-08-29 13:00:00+00:00
[2026-08-29T13:37:34.984+0000] {processor.py:208} INFO - Processing /opt/airflow/dags/prod/airbyte_to_dbt_prod.py took 0.131 seconds
[2026-08-29T13:38:05.034+0000] {processor.py:186} INFO - Started process (PID=1886) to work on /opt/airflow/dags/prod/airbyte_to_dbt_prod.py
[2026-08-29T13:38:05.035+0000] {processor.py:914} INFO - Processing file /opt/airflow/dags/prod/airbyte_to_dbt_prod.py for tasks to queue
[2026-08-29T13:38:05.038+0000] {logging_mixin.py:190} INFO - [2026-08-29T13:38:05.038+0000] {dagbag.py:588} INFO - Filling up the DagBag from /opt/airflow/dags/prod/airbyte_to_dbt_prod.py
[2026-08-29T13:38:05.063+0000] {processor.py:925} INFO - DAG(s) 'airbyte_to_dbt_pipeline_prod' retrieved from /opt/airflow/dags/prod/airbyte_to_dbt_prod.py
[2026-08-29T13:38:05.104+0000] {logging_mixin.py:190} INFO - [2026-08-29T13:38:05.104+0000] {dag.py:3239} INFO - Sync 1 DAGs
[2026-08-29T13:38:05.138+0000] {logging_mixin.py:190} INFO - [2026-08-29T13:38:05.137+0000] {dag.py:4180} INFO - Setting next_dagrun for airbyte_to_dbt_pipeline_prod to 2026-08-29 12:00:00+00:00, run_after=2026-08-29 13:00:00+00:00
[2026-08-29T13:38:05.161+0000] {processor.py:208} INFO - Processing /opt/airflow/dags/prod/airbyte_to_dbt_prod.py took 0.136 seconds
[2026-08-29T13:38:35.319+0000] {processor.py:186} INFO - Started process (PID=1896) to work on /opt/airflow/dags/prod/airbyte_to_dbt_prod.py
[2026-08-29T13:38:35.320+0000] {processor.py:914} INFO - Processing file /opt/airflow/dags/prod/airbyte_to_dbt_prod.py for tasks to queue
[2026-08-29T13:38:35.323+0000] {logging_mixin.py:190} INFO - [2026-08-29T13:38:35.322+0000] {dagbag.py:588} INFO - Filling up the DagBag from /opt/airflow/dags/prod/airbyte_to_dbt_prod.py
[2026-08-29T13:38:35.351+0000] {processor.py:925} INFO - DAG(s) 'airbyte_to_dbt_pipeline_prod' retrieved from /opt/airflow/dags/prod/airbyte_to_dbt_prod.py
[2026-08-29T13:38:35.398+0000] {logging_mixin.py:190} INFO - [2026-08-29T13:38:35.397+0000] {dag.py:3239} INFO - Sync 1 DAGs
[2026-08-29T13:38:35.427+0000] {logging_mixin.py:190} INFO - [2026-08-29T13:38:35.427+0000] {dag.py:4180} INFO - Setting next_dagrun for airbyte_to_dbt_pipeline_prod to 2026-08-29 12:00:00+00:00, run_after=2026-08-29 13:00:00+00:00
[2026-08-29T13:38:35.451+0000] {processor.py:208} INFO - Processing /opt/airflow/dags/prod/airbyte_to_dbt_prod.py took 0.141 seconds
[2026-08-29T13:39:05.638+0000] {processor.py:186} INFO - Started process (PID=1906) to work on /opt/airflow/dags/prod/airbyte_to_dbt_prod.py
[2026-08-29T13:39:05.639+0000] {processor.py:914} INFO - Processing file /opt/airflow/dags/prod/airbyte_to_dbt_prod.py for tasks to queue
[2026-08-29T13:39:05.643+0000] {logging_mixin.py:190} INFO - [2026-08-29T13:39:05.643+0000] {dagbag.py:588} INFO - Filling up the DagBag from /opt/airflow/dags/prod/airbyte_to_dbt_prod.py
[2026-08-29T13:39:05.670+0000] {processor.py:925} INFO - DAG(s) 'airbyte_to_dbt_pipeline_prod' retrieved from /opt/airflow/dags/prod/airbyte_to_dbt_prod.py
[2026-08-29T13:39:05.727+0000] {logging_mixin.py:190} INFO - [2026-08-29T13:39:05.727+0000] {dag.py:3239} INFO - Sync 1 DAGs
[2026-08-29T13:39:05.772+0000] {logging_mixin.py:190} INFO - [2026-08-29T13:39:05.772+0000] {dag.py:4180} INFO - Setting next_dagrun for airbyte_to_dbt_pipeline_prod to 2026-08-29 12:00:00+00:00, run_after=2026-08-29 13:00:00+00:00
[2026-08-29T13:39:05.804+0000] {processor.py:208} INFO - Processing /opt/airflow/dags/prod/airbyte_to_dbt_prod.py took 0.177 seconds
[2026-08-29T13:39:35.967+0000] {processor.py:186} INFO - Started process (PID=1916) to work on /opt/airflow/dags/prod/airbyte_to_dbt_prod.py
[2026-08-29T13:39:35.968+0000] {processor.py:914} INFO - Processing file /opt/airflow/dags/prod/airbyte_to_dbt_prod.py for tasks to queue
[2026-08-29T13:39:35.971+0000] {logging_mixin.py:190} INFO - [2026-08-29T13:39:35.971+0000] {dagbag.py:588} INFO - Filling up the DagBag from /opt/airflow/dags/prod/airbyte_to_dbt_prod.py
[2026-08-29T13:39:35.993+0000] {processor.py:925} INFO - DAG(s) 'airbyte_to_dbt_pipeline_prod' retrieved from /opt/airflow/dags/prod/airbyte_to_dbt_prod.py
[2026-08-29T13:39:36.039+0000] {logging_mixin.py:190} INFO - [2026-08-29T13:39:36.038+0000] {dag.py:3239} INFO - Sync 1 DAGs
[2026-08-29T13:39:36.068+0000] {logging_mixin.py:190} INFO - [2026-08-29T13:39:36.068+0000] {dag.py:4180} INFO - Setting next_dagrun for airbyte_to_dbt_pipeline_prod to 2026-08-29 12:00:00+00:00, run_after=2026-08-29 13:00:00+00:00
[2026-08-29T13:39:36.090+0000] {processor.py:208} INFO - Processing /opt/airflow/dags/prod/airbyte_to_dbt_prod.py took 0.132 seconds
[2026-08-29T13:40:06.268+0000] {processor.py:186} INFO - Started process (PID=1926) to work on /opt/airflow/dags/prod/airbyte_to_dbt_prod.py
[2026-08-29T13:40:06.270+0000] {processor.py:914} INFO - Processing file /opt/airflow/dags/prod/airbyte_to_dbt_prod.py for tasks to queue
[2026-08-29T13:40:06.274+0000] {logging_mixin.py:190} INFO - [2026-08-29T13:40:06.273+0000] {dagbag.py:588} INFO - Filling up the DagBag from /opt/airflow/dags/prod/airbyte_to_dbt_prod.py
[2026-08-29T13:40:06.302+0000] {processor.py:925} INFO - DAG(s) 'airbyte_to_dbt_pipeline_prod' retrieved from /opt/airflow/dags/prod/airbyte_to_dbt_prod.py
[2026-08-29T13:40:06.350+0000] {logging_mixin.py:190} INFO - [2026-08-29T13:40:06.350+0000] {dag.py:3239} INFO - Sync 1 DAGs
[2026-08-29T13:40:06.385+0000] {logging_mixin.py:190} INFO - [2026-08-29T13:40:06.385+0000] {dag.py:4180} INFO - Setting next_dagrun for airbyte_to_dbt_pipeline_prod to 2026-08-29 12:00:00+00:00, run_after=2026-08-29 13:00:00+00:00
[2026-08-29T13:40:06.412+0000] {processor.py:208} INFO - Processing /opt/airflow/dags/prod/airbyte_to_dbt_prod.py took 0.155 seconds
[2026-08-29T13:40:36.579+0000] {processor.py:186} INFO - Started process (PID=1936) to work on /opt/airflow/dags/prod/airbyte_to_dbt_prod.py
[2026-08-29T13:40:36.580+0000] {processor.py:914} INFO - Processing file /opt/airflow/dags/prod/airbyte_to_dbt_prod.py for tasks to queue
[2026-08-29T13:40:36.583+0000] {logging_mixin.py:190} INFO - [2026-08-29T13:40:36.583+0000] {dagbag.py:588} INFO - Filling up the DagBag from /opt/airflow/dags/prod/airbyte_to_dbt_prod.py
[2026-08-29T13:40:36.608+0000] {processor.py:925} INFO - DAG(s) 'airbyte_to_dbt_pipeline_prod' retrieved from /opt/airflow/dags/prod/airbyte_to_dbt_prod.py
[2026-08-29T13:40:36.654+0000] {logging_mixin.py:190} INFO - [2026-08-29T13:40:36.653+0000] {dag.py:3239} INFO - Sync 1 DAGs
[2026-08-29T13:40:36.687+0000] {logging_mixin.py:190} INFO - [2026-08-29T13:40:36.687+0000] {dag.py:4180} INFO - Setting next_dagrun for airbyte_to_dbt_pipeline_prod to 2026-08-29 12:00:00+00:00, run_after=2026-08-29 13:00:00+00:00
[2026-08-29T13:40:36.712+0000] {processor.py:208} INFO - Processing /opt/airflow/dags/prod/airbyte_to_dbt_prod.py took 0.142 seconds
[2026-08-29T13:41:06.894+0000] {processor.py:186} INFO - Started process (PID=1946) to work on /opt/airflow/dags/prod/airbyte_to_dbt_prod.py
[2026-08-29T13:41:06.895+0000] {processor.py:914} INFO - Processing file /opt/airflow/dags/prod/airbyte_to_dbt_prod.py for tasks to queue
[2026-08-29T13:41:06.898+0000] {logging_mixin.py:190} INFO - [2026-08-29T13:41:06.898+0000] {dagbag.py:588} INFO - Filling up the DagBag from /opt/airflow/dags/prod/airbyte_to_dbt_prod.py
[2026-08-29T13:41:06.927+0000] {processor.py:925} INFO - DAG(s) 'airbyte_to_dbt_pipeline_prod' retrieved from /opt/airflow/dags/prod/airbyte_to_dbt_prod.py
[2026-08-29T13:41:06.982+0000] {logging_mixin.py:190} INFO - [2026-08-29T13:41:06.982+0000] {dag.py:3239} INFO - Sync 1 DAGs
[2026-08-29T13:41:07.021+0000] {logging_mixin.py:190} INFO - [2026-08-29T13:41:07.021+0000] {dag.py:4180} INFO - Setting next_dagrun for airbyte_to_dbt_pipeline_prod to 2026-08-29 12:00:00+00:00, run_after=2026-08-29 13:00:00+00:00
[2026-08-29T13:41:07.042+0000] {processor.py:208} INFO - Processing /opt/airflow/dags/prod/airbyte_to_dbt_prod.py took 0.158 seconds
[2026-08-29T13:41:37.202+0000] {processor.py:186} INFO - Started process (PID=1956) to work on /opt/airflow/dags/prod/airbyte_to_dbt_prod.py
[2026-08-29T13:41:37.203+0000] {processor.py:914} INFO - Processing file /opt/airflow/dags/prod/airbyte_to_dbt_prod.py for tasks to queue
[2026-08-29T13:41:37.208+0000] {logging_mixin.py:190} INFO - [2026-08-29T13:41:37.207+0000] {dagbag.py:588} INFO - Filling up the DagBag from /opt/airflow/dags/prod/airbyte_to_dbt_prod.py
[2026-08-29T13:41:37.237+0000] {processor.py:925} INFO - DAG(s) 'airbyte_to_dbt_pipeline_prod' retrieved from /opt/airflow/dags/prod/airbyte_to_dbt_prod.py
[2026-08-29T13:41:37.285+0000] {logging_mixin.py:190} INFO - [2026-08-29T13:41:37.285+0000] {dag.py:3239} INFO - Sync 1 DAGs
[2026-08-29T13:41:37.314+0000] {logging_mixin.py:190} INFO - [2026-08-29T13:41:37.314+0000] {dag.py:4180} INFO - Setting next_dagrun for airbyte_to_dbt_pipeline_prod to 2026-08-29 12:00:00+00:00, run_after=2026-08-29 13:00:00+00:00
[2026-08-29T13:41:37.337+0000] {processor.py:208} INFO - Processing /opt/airflow/dags/prod/airbyte_to_dbt_prod.py took 0.144 seconds
[2026-08-29T13:42:07.526+0000] {processor.py:186} INFO - Started process (PID=1966) to work on /opt/airflow/dags/prod/airbyte_to_dbt_prod.py
[2026-08-29T13:42:07.527+0000] {processor.py:914} INFO - Processing file /opt/airflow/dags/prod/airbyte_to_dbt_prod.py for tasks to queue
[2026-08-29T13:42:07.530+0000] {logging_mixin.py:190} INFO - [2026-08-29T13:42:07.530+0000] {dagbag.py:588} INFO - Filling up the DagBag from /opt/airflow/dags/prod/airbyte_to_dbt_prod.py
[2026-08-29T13:42:07.552+0000] {processor.py:925} INFO - DAG(s) 'airbyte_to_dbt_pipeline_prod' retrieved from /opt/airflow/dags/prod/airbyte_to_dbt_prod.py
[2026-08-29T13:42:07.651+0000] {logging_mixin.py:190} INFO - [2026-08-29T13:42:07.650+0000] {dag.py:3239} INFO - Sync 1 DAGs
[2026-08-29T13:42:07.688+0000] {logging_mixin.py:190} INFO - [2026-08-29T13:42:07.687+0000] {dag.py:4180} INFO - Setting next_dagrun for airbyte_to_dbt_pipeline_prod to 2026-08-29 12:00:00+00:00, run_after=2026-08-29 13:00:00+00:00
[2026-08-29T13:42:07.712+0000] {processor.py:208} INFO - Processing /opt/airflow/dags/prod/airbyte_to_dbt_prod.py took 0.196 seconds
[2026-08-29T13:42:37.890+0000] {processor.py:186} INFO - Started process (PID=1976) to work on /opt/airflow/dags/prod/airbyte_to_dbt_prod.py
[2026-08-29T13:42:37.891+0000] {processor.py:914} INFO - Processing file /opt/airflow/dags/prod/airbyte_to_dbt_prod.py for tasks to queue
[2026-08-29T13:42:37.894+0000] {logging_mixin.py:190} INFO - [2026-08-29T13:42:37.894+0000] {dagbag.py:588} INFO - Filling up the DagBag from /opt/airflow/dags/prod/airbyte_to_dbt_prod.py
[2026-08-29T13:42:37.916+0000] {processor.py:925} INFO - DAG(s) 'airbyte_to_dbt_pipeline_prod' retrieved from /opt/airflow/dags/prod/airbyte_to_dbt_prod.py
[2026-08-29T13:42:37.956+0000] {logging_mixin.py:190} INFO - [2026-08-29T13:42:37.956+0000] {dag.py:3239} INFO - Sync 1 DAGs
[2026-08-29T13:42:37.984+0000] {logging_mixin.py:190} INFO - [2026-08-29T13:42:37.984+0000] {dag.py:4180} INFO - Setting next_dagrun for airbyte_to_dbt_pipeline_prod to 2026-08-29 12:00:00+00:00, run_after=2026-08-29 13:00:00+00:00
[2026-08-29T13:42:38.008+0000] {processor.py:208} INFO - Processing /opt/airflow/dags/prod/airbyte_to_dbt_prod.py took 0.126 seconds
[2026-08-29T13:43:08.176+0000] {processor.py:186} INFO - Started process (PID=1986) to work on /opt/airflow/dags/prod/airbyte_to_dbt_prod.py
[2026-08-29T13:43:08.177+0000] {processor.py:914} INFO - Processing file /opt/airflow/dags/prod/airbyte_to_dbt_prod.py for tasks to queue
[2026-08-29T13:43:08.180+0000] {logging_mixin.py:190} INFO - [2026-08-29T13:43:08.180+0000] {dagbag.py:588} INFO - Filling up the DagBag from /opt/airflow/dags/prod/airbyte_to_dbt_prod.py
[2026-08-29T13:43:08.201+0000] {processor.py:925} INFO - DAG(s) 'airbyte_to_dbt_pipeline_prod' retrieved from /opt/airflow/dags/prod/airbyte_to_dbt_prod.py
[2026-08-29T13:43:08.243+0000] {logging_mixin.py:190} INFO - [2026-08-29T13:43:08.242+0000] {dag.py:3239} INFO - Sync 1 DAGs
[2026-08-29T13:43:08.276+0000] {logging_mixin.py:190} INFO - [2026-08-29T13:43:08.276+0000] {dag.py:4180} INFO - Setting next_dagrun for airbyte_to_dbt_pipeline_prod to 2026-08-29 12:00:00+00:00, run_after=2026-08-29 13:00:00+00:00
[2026-08-29T13:43:08.296+0000] {processor.py:208} INFO - Processing /opt/airflow/dags/prod/airbyte_to_dbt_prod.py took 0.131 seconds
[2026-08-29T13:43:38.460+0000] {processor.py:186} INFO - Started process (PID=1996) to work on /opt/airflow/dags/prod/airbyte_to_dbt_prod.py
[2026-08-29T13:43:38.461+0000] {processor.py:914} INFO - Processing file /opt/airflow/dags/prod/airbyte_to_dbt_prod.py for tasks to queue
[2026-08-29T13:43:38.464+0000] {logging_mixin.py:190} INFO - [2026-08-29T13:43:38.464+0000] {dagbag.py:588} INFO - Filling up the DagBag from /opt/airflow/dags/prod/airbyte_to_dbt_prod.py
[2026-08-29T13:43:38.523+0000] {processor.py:925} INFO - DAG(s) 'airbyte_to_dbt_pipeline_prod' retrieved from /opt/airflow/dags/prod/airbyte_to_dbt_prod.py
[2026-08-29T13:43:38.609+0000] {logging_mixin.py:190} INFO - [2026-08-29T13:43:38.609+0000] {dag.py:3239} INFO - Sync 1 DAGs
[2026-08-29T13:43:38.692+0000] {logging_mixin.py:190} INFO - [2026-08-29T13:43:38.692+0000] {dag.py:4180} INFO - Setting next_dagrun for airbyte_to_dbt_pipeline_prod to 2026-08-29 12:00:00+00:00, run_after=2026-08-29 13:00:00+00:00
[2026-08-29T13:43:38.718+0000] {processor.py:208} INFO - Processing /opt/airflow/dags/prod/airbyte_to_dbt_prod.py took 0.266 seconds
[2026-08-29T13:44:08.887+0000] {processor.py:186} INFO - Started process (PID=2006) to work on /opt/airflow/dags/prod/airbyte_to_dbt_prod.py
[2026-08-29T13:44:08.888+0000] {processor.py:914} INFO - Processing file /opt/airflow/dags/prod/airbyte_to_dbt_prod.py for tasks to queue
[2026-08-29T13:44:08.892+0000] {logging_mixin.py:190} INFO - [2026-08-29T13:44:08.891+0000] {dagbag.py:588} INFO - Filling up the DagBag from /opt/airflow/dags/prod/airbyte_to_dbt_prod.py
[2026-08-29T13:44:08.921+0000] {processor.py:925} INFO - DAG(s) 'airbyte_to_dbt_pipeline_prod' retrieved from /opt/airflow/dags/prod/airbyte_to_dbt_prod.py
[2026-08-29T13:44:08.979+0000] {logging_mixin.py:190} INFO - [2026-08-29T13:44:08.979+0000] {dag.py:3239} INFO - Sync 1 DAGs
[2026-08-29T13:44:09.018+0000] {logging_mixin.py:190} INFO - [2026-08-29T13:44:09.018+0000] {dag.py:4180} INFO - Setting next_dagrun for airbyte_to_dbt_pipeline_prod to 2026-08-29 12:00:00+00:00, run_after=2026-08-29 13:00:00+00:00
[2026-08-29T13:44:09.043+0000] {processor.py:208} INFO - Processing /opt/airflow/dags/prod/airbyte_to_dbt_prod.py took 0.166 seconds
[2026-08-29T13:44:39.197+0000] {processor.py:186} INFO - Started process (PID=2016) to work on /opt/airflow/dags/prod/airbyte_to_dbt_prod.py
[2026-08-29T13:44:39.198+0000] {processor.py:914} INFO - Processing file /opt/airflow/dags/prod/airbyte_to_dbt_prod.py for tasks to queue
[2026-08-29T13:44:39.201+0000] {logging_mixin.py:190} INFO - [2026-08-29T13:44:39.201+0000] {dagbag.py:588} INFO - Filling up the DagBag from /opt/airflow/dags/prod/airbyte_to_dbt_prod.py
[2026-08-29T13:44:39.222+0000] {processor.py:925} INFO - DAG(s) 'airbyte_to_dbt_pipeline_prod' retrieved from /opt/airflow/dags/prod/airbyte_to_dbt_prod.py
[2026-08-29T13:44:39.270+0000] {logging_mixin.py:190} INFO - [2026-08-29T13:44:39.269+0000] {dag.py:3239} INFO - Sync 1 DAGs
[2026-08-29T13:44:39.301+0000] {logging_mixin.py:190} INFO - [2026-08-29T13:44:39.301+0000] {dag.py:4180} INFO - Setting next_dagrun for airbyte_to_dbt_pipeline_prod to 2026-08-29 12:00:00+00:00, run_after=2026-08-29 13:00:00+00:00
[2026-08-29T13:44:39.325+0000] {processor.py:208} INFO - Processing /opt/airflow/dags/prod/airbyte_to_dbt_prod.py took 0.137 seconds
[2026-08-29T13:45:09.496+0000] {processor.py:186} INFO - Started process (PID=2026) to work on /opt/airflow/dags/prod/airbyte_to_dbt_prod.py
[2026-08-29T13:45:09.497+0000] {processor.py:914} INFO - Processing file /opt/airflow/dags/prod/airbyte_to_dbt_prod.py for tasks to queue
[2026-08-29T13:45:09.501+0000] {logging_mixin.py:190} INFO - [2026-08-29T13:45:09.500+0000] {dagbag.py:588} INFO - Filling up the DagBag from /opt/airflow/dags/prod/airbyte_to_dbt_prod.py
[2026-08-29T13:45:09.530+0000] {processor.py:925} INFO - DAG(s) 'airbyte_to_dbt_pipeline_prod' retrieved from /opt/airflow/dags/prod/airbyte_to_dbt_prod.py
[2026-08-29T13:45:09.574+0000] {logging_mixin.py:190} INFO - [2026-08-29T13:45:09.574+0000] {dag.py:3239} INFO - Sync 1 DAGs
[2026-08-29T13:45:09.607+0000] {logging_mixin.py:190} INFO - [2026-08-29T13:45:09.607+0000] {dag.py:4180} INFO - Setting next_dagrun for airbyte_to_dbt_pipeline_prod to 2026-08-29 12:00:00+00:00, run_after=2026-08-29 13:00:00+00:00
[2026-08-29T13:45:09.629+0000] {processor.py:208} INFO - Processing /opt/airflow/dags/prod/airbyte_to_dbt_prod.py took 0.144 seconds
[2026-08-29T13:45:39.790+0000] {processor.py:186} INFO - Started process (PID=2036) to work on /opt/airflow/dags/prod/airbyte_to_dbt_prod.py
[2026-08-29T13:45:39.792+0000] {processor.py:914} INFO - Processing file /opt/airflow/dags/prod/airbyte_to_dbt_prod.py for tasks to queue
[2026-08-29T13:45:39.795+0000] {logging_mixin.py:190} INFO - [2026-08-29T13:45:39.794+0000] {dagbag.py:588} INFO - Filling up the DagBag from /opt/airflow/dags/prod/airbyte_to_dbt_prod.py
[2026-08-29T13:45:39.820+0000] {processor.py:925} INFO - DAG(s) 'airbyte_to_dbt_pipeline_prod' retrieved from /opt/airflow/dags/prod/airbyte_to_dbt_prod.py
[2026-08-29T13:45:39.864+0000] {logging_mixin.py:190} INFO - [2026-08-29T13:45:39.863+0000] {dag.py:3239} INFO - Sync 1 DAGs
[2026-08-29T13:45:39.894+0000] {logging_mixin.py:190} INFO - [2026-08-29T13:45:39.894+0000] {dag.py:4180} INFO - Setting next_dagrun for airbyte_to_dbt_pipeline_prod to 2026-08-29 12:00:00+00:00, run_after=2026-08-29 13:00:00+00:00
[2026-08-29T13:45:39.917+0000] {processor.py:208} INFO - Processing /opt/airflow/dags/prod/airbyte_to_dbt_prod.py took 0.136 seconds
[2026-08-29T13:46:10.081+0000] {processor.py:186} INFO - Started process (PID=2046) to work on /opt/airflow/dags/prod/airbyte_to_dbt_prod.py
[2026-08-29T13:46:10.082+0000] {processor.py:914} INFO - Processing file /opt/airflow/dags/prod/airbyte_to_dbt_prod.py for tasks to queue
[2026-08-29T13:46:10.086+0000] {logging_mixin.py:190} INFO - [2026-08-29T13:46:10.086+0000] {dagbag.py:588} INFO - Filling up the DagBag from /opt/airflow/dags/prod/airbyte_to_dbt_prod.py
[2026-08-29T13:46:10.115+0000] {processor.py:925} INFO - DAG(s) 'airbyte_to_dbt_pipeline_prod' retrieved from /opt/airflow/dags/prod/airbyte_to_dbt_prod.py
[2026-08-29T13:46:10.161+0000] {logging_mixin.py:190} INFO - [2026-08-29T13:46:10.161+0000] {dag.py:3239} INFO - Sync 1 DAGs
[2026-08-29T13:46:10.197+0000] {logging_mixin.py:190} INFO - [2026-08-29T13:46:10.196+0000] {dag.py:4180} INFO - Setting next_dagrun for airbyte_to_dbt_pipeline_prod to 2026-08-29 12:00:00+00:00, run_after=2026-08-29 13:00:00+00:00
[2026-08-29T13:46:10.219+0000] {processor.py:208} INFO - Processing /opt/airflow/dags/prod/airbyte_to_dbt_prod.py took 0.148 seconds
[2026-08-29T13:46:40.387+0000] {processor.py:186} INFO - Started process (PID=2056) to work on /opt/airflow/dags/prod/airbyte_to_dbt_prod.py
[2026-08-29T13:46:40.388+0000] {processor.py:914} INFO - Processing file /opt/airflow/dags/prod/airbyte_to_dbt_prod.py for tasks to queue
[2026-08-29T13:46:40.392+0000] {logging_mixin.py:190} INFO - [2026-08-29T13:46:40.392+0000] {dagbag.py:588} INFO - Filling up the DagBag from /opt/airflow/dags/prod/airbyte_to_dbt_prod.py
[2026-08-29T13:46:40.422+0000] {processor.py:925} INFO - DAG(s) 'airbyte_to_dbt_pipeline_prod' retrieved from /opt/airflow/dags/prod/airbyte_to_dbt_prod.py
[2026-08-29T13:46:40.467+0000] {logging_mixin.py:190} INFO - [2026-08-29T13:46:40.467+0000] {dag.py:3239} INFO - Sync 1 DAGs
[2026-08-29T13:46:40.500+0000] {logging_mixin.py:190} INFO - [2026-08-29T13:46:40.500+0000] {dag.py:4180} INFO - Setting next_dagrun for airbyte_to_dbt_pipeline_prod to 2026-08-29 12:00:00+00:00, run_after=2026-08-29 13:00:00+00:00
[2026-08-29T13:46:40.524+0000] {processor.py:208} INFO - Processing /opt/airflow/dags/prod/airbyte_to_dbt_prod.py took 0.148 seconds
[2026-08-29T13:47:10.700+0000] {processor.py:186} INFO - Started process (PID=2066) to work on /opt/airflow/dags/prod/airbyte_to_dbt_prod.py
[2026-08-29T13:47:10.701+0000] {processor.py:914} INFO - Processing file /opt/airflow/dags/prod/airbyte_to_dbt_prod.py for tasks to queue
[2026-08-29T13:47:10.705+0000] {logging_mixin.py:190} INFO - [2026-08-29T13:47:10.704+0000] {dagbag.py:588} INFO - Filling up the DagBag from /opt/airflow/dags/prod/airbyte_to_dbt_prod.py
[2026-08-29T13:47:10.730+0000] {processor.py:925} INFO - DAG(s) 'airbyte_to_dbt_pipeline_prod' retrieved from /opt/airflow/dags/prod/airbyte_to_dbt_prod.py
[2026-08-29T13:47:10.781+0000] {logging_mixin.py:190} INFO - [2026-08-29T13:47:10.781+0000] {dag.py:3239} INFO - Sync 1 DAGs
[2026-08-29T13:47:10.820+0000] {logging_mixin.py:190} INFO - [2026-08-29T13:47:10.820+0000] {dag.py:4180} INFO - Setting next_dagrun for airbyte_to_dbt_pipeline_prod to 2026-08-29 12:00:00+00:00, run_after=2026-08-29 13:00:00+00:00
[2026-08-29T13:47:10.847+0000] {processor.py:208} INFO - Processing /opt/airflow/dags/prod/airbyte_to_dbt_prod.py took 0.157 seconds
[2026-08-29T13:47:41.011+0000] {processor.py:186} INFO - Started process (PID=2076) to work on /opt/airflow/dags/prod/airbyte_to_dbt_prod.py
[2026-08-29T13:47:41.012+0000] {processor.py:914} INFO - Processing file /opt/airflow/dags/prod/airbyte_to_dbt_prod.py for tasks to queue
[2026-08-29T13:47:41.015+0000] {logging_mixin.py:190} INFO - [2026-08-29T13:47:41.014+0000] {dagbag.py:588} INFO - Filling up the DagBag from /opt/airflow/dags/prod/airbyte_to_dbt_prod.py
[2026-08-29T13:47:41.037+0000] {processor.py:925} INFO - DAG(s) 'airbyte_to_dbt_pipeline_prod' retrieved from /opt/airflow/dags/prod/airbyte_to_dbt_prod.py
[2026-08-29T13:47:41.079+0000] {logging_mixin.py:190} INFO - [2026-08-29T13:47:41.078+0000] {dag.py:3239} INFO - Sync 1 DAGs
[2026-08-29T13:47:41.111+0000] {logging_mixin.py:190} INFO - [2026-08-29T13:47:41.111+0000] {dag.py:4180} INFO - Setting next_dagrun for airbyte_to_dbt_pipeline_prod to 2026-08-29 12:00:00+00:00, run_after=2026-08-29 13:00:00+00:00
[2026-08-29T13:47:41.133+0000] {processor.py:208} INFO - Processing /opt/airflow/dags/prod/airbyte_to_dbt_prod.py took 0.132 seconds
[2026-08-29T13:48:11.300+0000] {processor.py:186} INFO - Started process (PID=2086) to work on /opt/airflow/dags/prod/airbyte_to_dbt_prod.py
[2026-08-29T13:48:11.301+0000] {processor.py:914} INFO - Processing file /opt/airflow/dags/prod/airbyte_to_dbt_prod.py for tasks to queue
[2026-08-29T13:48:11.305+0000] {logging_mixin.py:190} INFO - [2026-08-29T13:48:11.304+0000] {dagbag.py:588} INFO - Filling up the DagBag from /opt/airflow/dags/prod/airbyte_to_dbt_prod.py
[2026-08-29T13:48:11.339+0000] {processor.py:925} INFO - DAG(s) 'airbyte_to_dbt_pipeline_prod' retrieved from /opt/airflow/dags/prod/airbyte_to_dbt_prod.py
[2026-08-29T13:48:11.391+0000] {logging_mixin.py:190} INFO - [2026-08-29T13:48:11.391+0000] {dag.py:3239} INFO - Sync 1 DAGs
[2026-08-29T13:48:11.425+0000] {logging_mixin.py:190} INFO - [2026-08-29T13:48:11.424+0000] {dag.py:4180} INFO - Setting next_dagrun for airbyte_to_dbt_pipeline_prod to 2026-08-29 12:00:00+00:00, run_after=2026-08-29 13:00:00+00:00
[2026-08-29T13:48:11.448+0000] {processor.py:208} INFO - Processing /opt/airflow/dags/prod/airbyte_to_dbt_prod.py took 0.159 seconds
[2026-08-29T13:48:41.601+0000] {processor.py:186} INFO - Started process (PID=2096) to work on /opt/airflow/dags/prod/airbyte_to_dbt_prod.py
[2026-08-29T13:48:41.602+0000] {processor.py:914} INFO - Processing file /opt/airflow/dags/prod/airbyte_to_dbt_prod.py for tasks to queue
[2026-08-29T13:48:41.605+0000] {logging_mixin.py:190} INFO - [2026-08-29T13:48:41.605+0000] {dagbag.py:588} INFO - Filling up the DagBag from /opt/airflow/dags/prod/airbyte_to_dbt_prod.py
[2026-08-29T13:48:41.627+0000] {processor.py:925} INFO - DAG(s) 'airbyte_to_dbt_pipeline_prod' retrieved from /opt/airflow/dags/prod/airbyte_to_dbt_prod.py
[2026-08-29T13:48:41.677+0000] {logging_mixin.py:190} INFO - [2026-08-29T13:48:41.677+0000] {dag.py:3239} INFO - Sync 1 DAGs
[2026-08-29T13:48:41.713+0000] {logging_mixin.py:190} INFO - [2026-08-29T13:48:41.713+0000] {dag.py:4180} INFO - Setting next_dagrun for airbyte_to_dbt_pipeline_prod to 2026-08-29 12:00:00+00:00, run_after=2026-08-29 13:00:00+00:00
[2026-08-29T13:48:41.739+0000] {processor.py:208} INFO - Processing /opt/airflow/dags/prod/airbyte_to_dbt_prod.py took 0.148 seconds
[2026-08-29T13:49:11.906+0000] {processor.py:186} INFO - Started process (PID=2106) to work on /opt/airflow/dags/prod/airbyte_to_dbt_prod.py
[2026-08-29T13:49:11.906+0000] {processor.py:914} INFO - Processing file /opt/airflow/dags/prod/airbyte_to_dbt_prod.py for tasks to queue
[2026-08-29T13:49:11.909+0000] {logging_mixin.py:190} INFO - [2026-08-29T13:49:11.909+0000] {dagbag.py:588} INFO - Filling up the DagBag from /opt/airflow/dags/prod/airbyte_to_dbt_prod.py
[2026-08-29T13:49:11.931+0000] {processor.py:925} INFO - DAG(s) 'airbyte_to_dbt_pipeline_prod' retrieved from /opt/airflow/dags/prod/airbyte_to_dbt_prod.py
[2026-08-29T13:49:11.973+0000] {logging_mixin.py:190} INFO - [2026-08-29T13:49:11.972+0000] {dag.py:3239} INFO - Sync 1 DAGs
[2026-08-29T13:49:12.007+0000] {logging_mixin.py:190} INFO - [2026-08-29T13:49:12.007+0000] {dag.py:4180} INFO - Setting next_dagrun for airbyte_to_dbt_pipeline_prod to 2026-08-29 12:00:00+00:00, run_after=2026-08-29 13:00:00+00:00
[2026-08-29T13:49:12.029+0000] {processor.py:208} INFO - Processing /opt/airflow/dags/prod/airbyte_to_dbt_prod.py took 0.133 seconds
[2026-08-29T13:49:42.188+0000] {processor.py:186} INFO - Started process (PID=2116) to work on /opt/airflow/dags/prod/airbyte_to_dbt_prod.py
[2026-08-29T13:49:42.191+0000] {processor.py:914} INFO - Processing file /opt/airflow/dags/prod/airbyte_to_dbt_prod.py for tasks to queue
[2026-08-29T13:49:42.194+0000] {logging_mixin.py:190} INFO - [2026-08-29T13:49:42.193+0000] {dagbag.py:588} INFO - Filling up the DagBag from /opt/airflow/dags/prod/airbyte_to_dbt_prod.py
[2026-08-29T13:49:42.216+0000] {processor.py:925} INFO - DAG(s) 'airbyte_to_dbt_pipeline_prod' retrieved from /opt/airflow/dags/prod/airbyte_to_dbt_prod.py
[2026-08-29T13:49:42.258+0000] {logging_mixin.py:190} INFO - [2026-08-29T13:49:42.257+0000] {dag.py:3239} INFO - Sync 1 DAGs
[2026-08-29T13:49:42.294+0000] {logging_mixin.py:190} INFO - [2026-08-29T13:49:42.294+0000] {dag.py:4180} INFO - Setting next_dagrun for airbyte_to_dbt_pipeline_prod to 2026-08-29 12:00:00+00:00, run_after=2026-08-29 13:00:00+00:00
[2026-08-29T13:49:42.319+0000] {processor.py:208} INFO - Processing /opt/airflow/dags/prod/airbyte_to_dbt_prod.py took 0.141 seconds
[2026-08-29T13:50:12.481+0000] {processor.py:186} INFO - Started process (PID=2126) to work on /opt/airflow/dags/prod/airbyte_to_dbt_prod.py
[2026-08-29T13:50:12.482+0000] {processor.py:914} INFO - Processing file /opt/airflow/dags/prod/airbyte_to_dbt_prod.py for tasks to queue
[2026-08-29T13:50:12.486+0000] {logging_mixin.py:190} INFO - [2026-08-29T13:50:12.485+0000] {dagbag.py:588} INFO - Filling up the DagBag from /opt/airflow/dags/prod/airbyte_to_dbt_prod.py
[2026-08-29T13:50:12.514+0000] {processor.py:925} INFO - DAG(s) 'airbyte_to_dbt_pipeline_prod' retrieved from /opt/airflow/dags/prod/airbyte_to_dbt_prod.py
[2026-08-29T13:50:12.557+0000] {logging_mixin.py:190} INFO - [2026-08-29T13:50:12.557+0000] {dag.py:3239} INFO - Sync 1 DAGs
[2026-08-29T13:50:12.591+0000] {logging_mixin.py:190} INFO - [2026-08-29T13:50:12.591+0000] {dag.py:4180} INFO - Setting next_dagrun for airbyte_to_dbt_pipeline_prod to 2026-08-29 12:00:00+00:00, run_after=2026-08-29 13:00:00+00:00
[2026-08-29T13:50:12.617+0000] {processor.py:208} INFO - Processing /opt/airflow/dags/prod/airbyte_to_dbt_prod.py took 0.147 seconds
[2026-08-29T13:50:42.781+0000] {processor.py:186} INFO - Started process (PID=2136) to work on /opt/airflow/dags/prod/airbyte_to_dbt_prod.py
[2026-08-29T13:50:42.782+0000] {processor.py:914} INFO - Processing file /opt/airflow/dags/prod/airbyte_to_dbt_prod.py for tasks to queue
[2026-08-29T13:50:42.785+0000] {logging_mixin.py:190} INFO - [2026-08-29T13:50:42.784+0000] {dagbag.py:588} INFO - Filling up the DagBag from /opt/airflow/dags/prod/airbyte_to_dbt_prod.py
[2026-08-29T13:50:42.807+0000] {processor.py:925} INFO - DAG(s) 'airbyte_to_dbt_pipeline_prod' retrieved from /opt/airflow/dags/prod/airbyte_to_dbt_prod.py
[2026-08-29T13:50:42.852+0000] {logging_mixin.py:190} INFO - [2026-08-29T13:50:42.852+0000] {dag.py:3239} INFO - Sync 1 DAGs
[2026-08-29T13:50:42.887+0000] {logging_mixin.py:190} INFO - [2026-08-29T13:50:42.886+0000] {dag.py:4180} INFO - Setting next_dagrun for airbyte_to_dbt_pipeline_prod to 2026-08-29 12:00:00+00:00, run_after=2026-08-29 13:00:00+00:00
[2026-08-29T13:50:42.911+0000] {processor.py:208} INFO - Processing /opt/airflow/dags/prod/airbyte_to_dbt_prod.py took 0.139 seconds
[2026-08-29T13:51:13.081+0000] {processor.py:186} INFO - Started process (PID=2146) to work on /opt/airflow/dags/prod/airbyte_to_dbt_prod.py
[2026-08-29T13:51:13.082+0000] {processor.py:914} INFO - Processing file /opt/airflow/dags/prod/airbyte_to_dbt_prod.py for tasks to queue
[2026-08-29T13:51:13.085+0000] {logging_mixin.py:190} INFO - [2026-08-29T13:51:13.084+0000] {dagbag.py:588} INFO - Filling up the DagBag from /opt/airflow/dags/prod/airbyte_to_dbt_prod.py
[2026-08-29T13:51:13.107+0000] {processor.py:925} INFO - DAG(s) 'airbyte_to_dbt_pipeline_prod' retrieved from /opt/airflow/dags/prod/airbyte_to_dbt_prod.py
[2026-08-29T13:51:13.149+0000] {logging_mixin.py:190} INFO - [2026-08-29T13:51:13.148+0000] {dag.py:3239} INFO - Sync 1 DAGs
[2026-08-29T13:51:13.180+0000] {logging_mixin.py:190} INFO - [2026-08-29T13:51:13.180+0000] {dag.py:4180} INFO - Setting next_dagrun for airbyte_to_dbt_pipeline_prod to 2026-08-29 12:00:00+00:00, run_after=2026-08-29 13:00:00+00:00
[2026-08-29T13:51:13.203+0000] {processor.py:208} INFO - Processing /opt/airflow/dags/prod/airbyte_to_dbt_prod.py took 0.131 seconds
[2026-08-29T13:51:43.371+0000] {processor.py:186} INFO - Started process (PID=2156) to work on /opt/airflow/dags/prod/airbyte_to_dbt_prod.py
[2026-08-29T13:51:43.372+0000] {processor.py:914} INFO - Processing file /opt/airflow/dags/prod/airbyte_to_dbt_prod.py for tasks to queue
[2026-08-29T13:51:43.375+0000] {logging_mixin.py:190} INFO - [2026-08-29T13:51:43.375+0000] {dagbag.py:588} INFO - Filling up the DagBag from /opt/airflow/dags/prod/airbyte_to_dbt_prod.py
[2026-08-29T13:51:43.398+0000] {processor.py:925} INFO - DAG(s) 'airbyte_to_dbt_pipeline_prod' retrieved from /opt/airflow/dags/prod/airbyte_to_dbt_prod.py
[2026-08-29T13:51:43.450+0000] {logging_mixin.py:190} INFO - [2026-08-29T13:51:43.449+0000] {dag.py:3239} INFO - Sync 1 DAGs
[2026-08-29T13:51:43.486+0000] {logging_mixin.py:190} INFO - [2026-08-29T13:51:43.486+0000] {dag.py:4180} INFO - Setting next_dagrun for airbyte_to_dbt_pipeline_prod to 2026-08-29 12:00:00+00:00, run_after=2026-08-29 13:00:00+00:00
[2026-08-29T13:51:43.511+0000] {processor.py:208} INFO - Processing /opt/airflow/dags/prod/airbyte_to_dbt_prod.py took 0.149 seconds
[2026-08-29T13:52:13.680+0000] {processor.py:186} INFO - Started process (PID=2166) to work on /opt/airflow/dags/prod/airbyte_to_dbt_prod.py
[2026-08-29T13:52:13.680+0000] {processor.py:914} INFO - Processing file /opt/airflow/dags/prod/airbyte_to_dbt_prod.py for tasks to queue
[2026-08-29T13:52:13.684+0000] {logging_mixin.py:190} INFO - [2026-08-29T13:52:13.683+0000] {dagbag.py:588} INFO - Filling up the DagBag from /opt/airflow/dags/prod/airbyte_to_dbt_prod.py
[2026-08-29T13:52:13.706+0000] {processor.py:925} INFO - DAG(s) 'airbyte_to_dbt_pipeline_prod' retrieved from /opt/airflow/dags/prod/airbyte_to_dbt_prod.py
[2026-08-29T13:52:13.748+0000] {logging_mixin.py:190} INFO - [2026-08-29T13:52:13.748+0000] {dag.py:3239} INFO - Sync 1 DAGs
[2026-08-29T13:52:13.779+0000] {logging_mixin.py:190} INFO - [2026-08-29T13:52:13.779+0000] {dag.py:4180} INFO - Setting next_dagrun for airbyte_to_dbt_pipeline_prod to 2026-08-29 12:00:00+00:00, run_after=2026-08-29 13:00:00+00:00
[2026-08-29T13:52:13.804+0000] {processor.py:208} INFO - Processing /opt/airflow/dags/prod/airbyte_to_dbt_prod.py took 0.133 seconds
[2026-08-29T13:52:43.976+0000] {processor.py:186} INFO - Started process (PID=2176) to work on /opt/airflow/dags/prod/airbyte_to_dbt_prod.py
[2026-08-29T13:52:43.977+0000] {processor.py:914} INFO - Processing file /opt/airflow/dags/prod/airbyte_to_dbt_prod.py for tasks to queue
[2026-08-29T13:52:43.981+0000] {logging_mixin.py:190} INFO - [2026-08-29T13:52:43.980+0000] {dagbag.py:588} INFO - Filling up the DagBag from /opt/airflow/dags/prod/airbyte_to_dbt_prod.py
[2026-08-29T13:52:44.003+0000] {processor.py:925} INFO - DAG(s) 'airbyte_to_dbt_pipeline_prod' retrieved from /opt/airflow/dags/prod/airbyte_to_dbt_prod.py
[2026-08-29T13:52:44.054+0000] {logging_mixin.py:190} INFO - [2026-08-29T13:52:44.053+0000] {dag.py:3239} INFO - Sync 1 DAGs
[2026-08-29T13:52:44.087+0000] {logging_mixin.py:190} INFO - [2026-08-29T13:52:44.087+0000] {dag.py:4180} INFO - Setting next_dagrun for airbyte_to_dbt_pipeline_prod to 2026-08-29 12:00:00+00:00, run_after=2026-08-29 13:00:00+00:00
[2026-08-29T13:52:44.110+0000] {processor.py:208} INFO - Processing /opt/airflow/dags/prod/airbyte_to_dbt_prod.py took 0.143 seconds
[2026-08-29T13:53:14.280+0000] {processor.py:186} INFO - Started process (PID=2186) to work on /opt/airflow/dags/prod/airbyte_to_dbt_prod.py
[2026-08-29T13:53:14.281+0000] {processor.py:914} INFO - Processing file /opt/airflow/dags/prod/airbyte_to_dbt_prod.py for tasks to queue
[2026-08-29T13:53:14.284+0000] {logging_mixin.py:190} INFO - [2026-08-29T13:53:14.284+0000] {dagbag.py:588} INFO - Filling up the DagBag from /opt/airflow/dags/prod/airbyte_to_dbt_prod.py
[2026-08-29T13:53:14.307+0000] {processor.py:925} INFO - DAG(s) 'airbyte_to_dbt_pipeline_prod' retrieved from /opt/airflow/dags/prod/airbyte_to_dbt_prod.py
[2026-08-29T13:53:14.353+0000] {logging_mixin.py:190} INFO - [2026-08-29T13:53:14.353+0000] {dag.py:3239} INFO - Sync 1 DAGs
[2026-08-29T13:53:14.387+0000] {logging_mixin.py:190} INFO - [2026-08-29T13:53:14.386+0000] {dag.py:4180} INFO - Setting next_dagrun for airbyte_to_dbt_pipeline_prod to 2026-08-29 12:00:00+00:00, run_after=2026-08-29 13:00:00+00:00
[2026-08-29T13:53:14.411+0000] {processor.py:208} INFO - Processing /opt/airflow/dags/prod/airbyte_to_dbt_prod.py took 0.140 seconds
[2026-08-29T13:53:44.575+0000] {processor.py:186} INFO - Started process (PID=2196) to work on /opt/airflow/dags/prod/airbyte_to_dbt_prod.py
[2026-08-29T13:53:44.576+0000] {processor.py:914} INFO - Processing file /opt/airflow/dags/prod/airbyte_to_dbt_prod.py for tasks to queue
[2026-08-29T13:53:44.581+0000] {logging_mixin.py:190} INFO - [2026-08-29T13:53:44.580+0000] {dagbag.py:588} INFO - Filling up the DagBag from /opt/airflow/dags/prod/airbyte_to_dbt_prod.py
[2026-08-29T13:53:44.610+0000] {processor.py:925} INFO - DAG(s) 'airbyte_to_dbt_pipeline_prod' retrieved from /opt/airflow/dags/prod/airbyte_to_dbt_prod.py
[2026-08-29T13:53:44.661+0000] {logging_mixin.py:190} INFO - [2026-08-29T13:53:44.661+0000] {dag.py:3239} INFO - Sync 1 DAGs
[2026-08-29T13:53:44.697+0000] {logging_mixin.py:190} INFO - [2026-08-29T13:53:44.697+0000] {dag.py:4180} INFO - Setting next_dagrun for airbyte_to_dbt_pipeline_prod to 2026-08-29 12:00:00+00:00, run_after=2026-08-29 13:00:00+00:00
[2026-08-29T13:53:44.722+0000] {processor.py:208} INFO - Processing /opt/airflow/dags/prod/airbyte_to_dbt_prod.py took 0.158 seconds
[2026-08-29T13:54:14.895+0000] {processor.py:186} INFO - Started process (PID=2206) to work on /opt/airflow/dags/prod/airbyte_to_dbt_prod.py
[2026-08-29T13:54:14.896+0000] {processor.py:914} INFO - Processing file /opt/airflow/dags/prod/airbyte_to_dbt_prod.py for tasks to queue
[2026-08-29T13:54:14.904+0000] {logging_mixin.py:190} INFO - [2026-08-29T13:54:14.903+0000] {dagbag.py:588} INFO - Filling up the DagBag from /opt/airflow/dags/prod/airbyte_to_dbt_prod.py
[2026-08-29T13:54:14.949+0000] {processor.py:925} INFO - DAG(s) 'airbyte_to_dbt_pipeline_prod' retrieved from /opt/airflow/dags/prod/airbyte_to_dbt_prod.py
[2026-08-29T13:54:14.997+0000] {logging_mixin.py:190} INFO - [2026-08-29T13:54:14.996+0000] {dag.py:3239} INFO - Sync 1 DAGs
[2026-08-29T13:54:15.048+0000] {logging_mixin.py:190} INFO - [2026-08-29T13:54:15.048+0000] {dag.py:4180} INFO - Setting next_dagrun for airbyte_to_dbt_pipeline_prod to 2026-08-29 12:00:00+00:00, run_after=2026-08-29 13:00:00+00:00
[2026-08-29T13:54:15.071+0000] {processor.py:208} INFO - Processing /opt/airflow/dags/prod/airbyte_to_dbt_prod.py took 0.186 seconds
[2026-08-29T13:54:45.233+0000] {processor.py:186} INFO - Started process (PID=2216) to work on /opt/airflow/dags/prod/airbyte_to_dbt_prod.py
[2026-08-29T13:54:45.265+0000] {processor.py:914} INFO - Processing file /opt/airflow/dags/prod/airbyte_to_dbt_prod.py for tasks to queue
[2026-08-29T13:54:45.268+0000] {logging_mixin.py:190} INFO - [2026-08-29T13:54:45.267+0000] {dagbag.py:588} INFO - Filling up the DagBag from /opt/airflow/dags/prod/airbyte_to_dbt_prod.py
[2026-08-29T13:54:45.288+0000] {processor.py:925} INFO - DAG(s) 'airbyte_to_dbt_pipeline_prod' retrieved from /opt/airflow/dags/prod/airbyte_to_dbt_prod.py
[2026-08-29T13:54:45.353+0000] {logging_mixin.py:190} INFO - [2026-08-29T13:54:45.352+0000] {dag.py:3239} INFO - Sync 1 DAGs
[2026-08-29T13:54:45.379+0000] {logging_mixin.py:190} INFO - [2026-08-29T13:54:45.379+0000] {dag.py:4180} INFO - Setting next_dagrun for airbyte_to_dbt_pipeline_prod to 2026-08-29 12:00:00+00:00, run_after=2026-08-29 13:00:00+00:00
[2026-08-29T13:54:45.418+0000] {processor.py:208} INFO - Processing /opt/airflow/dags/prod/airbyte_to_dbt_prod.py took 0.194 seconds
[2026-08-29T13:55:15.571+0000] {processor.py:186} INFO - Started process (PID=2226) to work on /opt/airflow/dags/prod/airbyte_to_dbt_prod.py
[2026-08-29T13:55:15.572+0000] {processor.py:914} INFO - Processing file /opt/airflow/dags/prod/airbyte_to_dbt_prod.py for tasks to queue
[2026-08-29T13:55:15.575+0000] {logging_mixin.py:190} INFO - [2026-08-29T13:55:15.574+0000] {dagbag.py:588} INFO - Filling up the DagBag from /opt/airflow/dags/prod/airbyte_to_dbt_prod.py
[2026-08-29T13:55:15.596+0000] {processor.py:925} INFO - DAG(s) 'airbyte_to_dbt_pipeline_prod' retrieved from /opt/airflow/dags/prod/airbyte_to_dbt_prod.py
[2026-08-29T13:55:15.645+0000] {logging_mixin.py:190} INFO - [2026-08-29T13:55:15.645+0000] {dag.py:3239} INFO - Sync 1 DAGs
[2026-08-29T13:55:15.679+0000] {logging_mixin.py:190} INFO - [2026-08-29T13:55:15.679+0000] {dag.py:4180} INFO - Setting next_dagrun for airbyte_to_dbt_pipeline_prod to 2026-08-29 12:00:00+00:00, run_after=2026-08-29 13:00:00+00:00
[2026-08-29T13:55:15.703+0000] {processor.py:208} INFO - Processing /opt/airflow/dags/prod/airbyte_to_dbt_prod.py took 0.140 seconds
[2026-08-29T13:55:45.865+0000] {processor.py:186} INFO - Started process (PID=2236) to work on /opt/airflow/dags/prod/airbyte_to_dbt_prod.py
[2026-08-29T13:55:45.866+0000] {processor.py:914} INFO - Processing file /opt/airflow/dags/prod/airbyte_to_dbt_prod.py for tasks to queue
[2026-08-29T13:55:45.870+0000] {logging_mixin.py:190} INFO - [2026-08-29T13:55:45.869+0000] {dagbag.py:588} INFO - Filling up the DagBag from /opt/airflow/dags/prod/airbyte_to_dbt_prod.py
[2026-08-29T13:55:45.894+0000] {processor.py:925} INFO - DAG(s) 'airbyte_to_dbt_pipeline_prod' retrieved from /opt/airflow/dags/prod/airbyte_to_dbt_prod.py
[2026-08-29T13:55:45.935+0000] {logging_mixin.py:190} INFO - [2026-08-29T13:55:45.934+0000] {dag.py:3239} INFO - Sync 1 DAGs
[2026-08-29T13:55:45.969+0000] {logging_mixin.py:190} INFO - [2026-08-29T13:55:45.969+0000] {dag.py:4180} INFO - Setting next_dagrun for airbyte_to_dbt_pipeline_prod to 2026-08-29 12:00:00+00:00, run_after=2026-08-29 13:00:00+00:00
[2026-08-29T13:55:45.992+0000] {processor.py:208} INFO - Processing /opt/airflow/dags/prod/airbyte_to_dbt_prod.py took 0.138 seconds
[2026-08-29T13:56:16.162+0000] {processor.py:186} INFO - Started process (PID=2246) to work on /opt/airflow/dags/prod/airbyte_to_dbt_prod.py
[2026-08-29T13:56:16.162+0000] {processor.py:914} INFO - Processing file /opt/airflow/dags/prod/airbyte_to_dbt_prod.py for tasks to queue
[2026-08-29T13:56:16.165+0000] {logging_mixin.py:190} INFO - [2026-08-29T13:56:16.165+0000] {dagbag.py:588} INFO - Filling up the DagBag from /opt/airflow/dags/prod/airbyte_to_dbt_prod.py
[2026-08-29T13:56:16.189+0000] {processor.py:925} INFO - DAG(s) 'airbyte_to_dbt_pipeline_prod' retrieved from /opt/airflow/dags/prod/airbyte_to_dbt_prod.py
[2026-08-29T13:56:16.228+0000] {logging_mixin.py:190} INFO - [2026-08-29T13:56:16.228+0000] {dag.py:3239} INFO - Sync 1 DAGs
[2026-08-29T13:56:16.257+0000] {logging_mixin.py:190} INFO - [2026-08-29T13:56:16.257+0000] {dag.py:4180} INFO - Setting next_dagrun for airbyte_to_dbt_pipeline_prod to 2026-08-29 12:00:00+00:00, run_after=2026-08-29 13:00:00+00:00
[2026-08-29T13:56:16.279+0000] {processor.py:208} INFO - Processing /opt/airflow/dags/prod/airbyte_to_dbt_prod.py took 0.126 seconds
[2026-08-29T13:56:46.442+0000] {processor.py:186} INFO - Started process (PID=2256) to work on /opt/airflow/dags/prod/airbyte_to_dbt_prod.py
[2026-08-29T13:56:46.443+0000] {processor.py:914} INFO - Processing file /opt/airflow/dags/prod/airbyte_to_dbt_prod.py for tasks to queue
[2026-08-29T13:56:46.446+0000] {logging_mixin.py:190} INFO - [2026-08-29T13:56:46.446+0000] {dagbag.py:588} INFO - Filling up the DagBag from /opt/airflow/dags/prod/airbyte_to_dbt_prod.py
[2026-08-29T13:56:46.469+0000] {processor.py:925} INFO - DAG(s) 'airbyte_to_dbt_pipeline_prod' retrieved from /opt/airflow/dags/prod/airbyte_to_dbt_prod.py
[2026-08-29T13:56:46.508+0000] {logging_mixin.py:190} INFO - [2026-08-29T13:56:46.508+0000] {dag.py:3239} INFO - Sync 1 DAGs
[2026-08-29T13:56:46.544+0000] {logging_mixin.py:190} INFO - [2026-08-29T13:56:46.544+0000] {dag.py:4180} INFO - Setting next_dagrun for airbyte_to_dbt_pipeline_prod to 2026-08-29 12:00:00+00:00, run_after=2026-08-29 13:00:00+00:00
[2026-08-29T13:56:46.568+0000] {processor.py:208} INFO - Processing /opt/airflow/dags/prod/airbyte_to_dbt_prod.py took 0.135 seconds
[2026-08-29T13:57:16.752+0000] {processor.py:186} INFO - Started process (PID=2266) to work on /opt/airflow/dags/prod/airbyte_to_dbt_prod.py
[2026-08-29T13:57:16.753+0000] {processor.py:914} INFO - Processing file /opt/airflow/dags/prod/airbyte_to_dbt_prod.py for tasks to queue
[2026-08-29T13:57:16.755+0000] {logging_mixin.py:190} INFO - [2026-08-29T13:57:16.755+0000] {dagbag.py:588} INFO - Filling up the DagBag from /opt/airflow/dags/prod/airbyte_to_dbt_prod.py
[2026-08-29T13:57:16.777+0000] {processor.py:925} INFO - DAG(s) 'airbyte_to_dbt_pipeline_prod' retrieved from /opt/airflow/dags/prod/airbyte_to_dbt_prod.py
[2026-08-29T13:57:16.828+0000] {logging_mixin.py:190} INFO - [2026-08-29T13:57:16.828+0000] {dag.py:3239} INFO - Sync 1 DAGs
[2026-08-29T13:57:16.866+0000] {logging_mixin.py:190} INFO - [2026-08-29T13:57:16.866+0000] {dag.py:4180} INFO - Setting next_dagrun for airbyte_to_dbt_pipeline_prod to 2026-08-29 12:00:00+00:00, run_after=2026-08-29 13:00:00+00:00
[2026-08-29T13:57:16.891+0000] {processor.py:208} INFO - Processing /opt/airflow/dags/prod/airbyte_to_dbt_prod.py took 0.148 seconds
[2026-08-29T13:57:47.050+0000] {processor.py:186} INFO - Started process (PID=2276) to work on /opt/airflow/dags/prod/airbyte_to_dbt_prod.py
[2026-08-29T13:57:47.051+0000] {processor.py:914} INFO - Processing file /opt/airflow/dags/prod/airbyte_to_dbt_prod.py for tasks to queue
[2026-08-29T13:57:47.054+0000] {logging_mixin.py:190} INFO - [2026-08-29T13:57:47.053+0000] {dagbag.py:588} INFO - Filling up the DagBag from /opt/airflow/dags/prod/airbyte_to_dbt_prod.py
[2026-08-29T13:57:47.076+0000] {processor.py:925} INFO - DAG(s) 'airbyte_to_dbt_pipeline_prod' retrieved from /opt/airflow/dags/prod/airbyte_to_dbt_prod.py
[2026-08-29T13:57:47.120+0000] {logging_mixin.py:190} INFO - [2026-08-29T13:57:47.120+0000] {dag.py:3239} INFO - Sync 1 DAGs
[2026-08-29T13:57:47.156+0000] {logging_mixin.py:190} INFO - [2026-08-29T13:57:47.156+0000] {dag.py:4180} INFO - Setting next_dagrun for airbyte_to_dbt_pipeline_prod to 2026-08-29 12:00:00+00:00, run_after=2026-08-29 13:00:00+00:00
[2026-08-29T13:57:47.182+0000] {processor.py:208} INFO - Processing /opt/airflow/dags/prod/airbyte_to_dbt_prod.py took 0.141 seconds
[2026-08-29T13:58:17.347+0000] {processor.py:186} INFO - Started process (PID=2286) to work on /opt/airflow/dags/prod/airbyte_to_dbt_prod.py
[2026-08-29T13:58:17.348+0000] {processor.py:914} INFO - Processing file /opt/airflow/dags/prod/airbyte_to_dbt_prod.py for tasks to queue
[2026-08-29T13:58:17.351+0000] {logging_mixin.py:190} INFO - [2026-08-29T13:58:17.351+0000] {dagbag.py:588} INFO - Filling up the DagBag from /opt/airflow/dags/prod/airbyte_to_dbt_prod.py
[2026-08-29T13:58:17.376+0000] {processor.py:925} INFO - DAG(s) 'airbyte_to_dbt_pipeline_prod' retrieved from /opt/airflow/dags/prod/airbyte_to_dbt_prod.py
[2026-08-29T13:58:17.416+0000] {logging_mixin.py:190} INFO - [2026-08-29T13:58:17.415+0000] {dag.py:3239} INFO - Sync 1 DAGs
[2026-08-29T13:58:17.444+0000] {logging_mixin.py:190} INFO - [2026-08-29T13:58:17.443+0000] {dag.py:4180} INFO - Setting next_dagrun for airbyte_to_dbt_pipeline_prod to 2026-08-29 12:00:00+00:00, run_after=2026-08-29 13:00:00+00:00
[2026-08-29T13:58:17.466+0000] {processor.py:208} INFO - Processing /opt/airflow/dags/prod/airbyte_to_dbt_prod.py took 0.129 seconds
[2026-08-29T13:58:47.630+0000] {processor.py:186} INFO - Started process (PID=2296) to work on /opt/airflow/dags/prod/airbyte_to_dbt_prod.py
[2026-08-29T13:58:47.634+0000] {processor.py:914} INFO - Processing file /opt/airflow/dags/prod/airbyte_to_dbt_prod.py for tasks to queue
[2026-08-29T13:58:47.638+0000] {logging_mixin.py:190} INFO - [2026-08-29T13:58:47.638+0000] {dagbag.py:588} INFO - Filling up the DagBag from /opt/airflow/dags/prod/airbyte_to_dbt_prod.py
[2026-08-29T13:58:47.666+0000] {processor.py:925} INFO - DAG(s) 'airbyte_to_dbt_pipeline_prod' retrieved from /opt/airflow/dags/prod/airbyte_to_dbt_prod.py
[2026-08-29T13:58:47.717+0000] {logging_mixin.py:190} INFO - [2026-08-29T13:58:47.716+0000] {dag.py:3239} INFO - Sync 1 DAGs
[2026-08-29T13:58:47.749+0000] {logging_mixin.py:190} INFO - [2026-08-29T13:58:47.749+0000] {dag.py:4180} INFO - Setting next_dagrun for airbyte_to_dbt_pipeline_prod to 2026-08-29 12:00:00+00:00, run_after=2026-08-29 13:00:00+00:00
[2026-08-29T13:58:47.772+0000] {processor.py:208} INFO - Processing /opt/airflow/dags/prod/airbyte_to_dbt_prod.py took 0.153 seconds
[2026-08-29T13:59:17.926+0000] {processor.py:186} INFO - Started process (PID=2306) to work on /opt/airflow/dags/prod/airbyte_to_dbt_prod.py
[2026-08-29T13:59:17.927+0000] {processor.py:914} INFO - Processing file /opt/airflow/dags/prod/airbyte_to_dbt_prod.py for tasks to queue
[2026-08-29T13:59:17.930+0000] {logging_mixin.py:190} INFO - [2026-08-29T13:59:17.930+0000] {dagbag.py:588} INFO - Filling up the DagBag from /opt/airflow/dags/prod/airbyte_to_dbt_prod.py
[2026-08-29T13:59:17.952+0000] {processor.py:925} INFO - DAG(s) 'airbyte_to_dbt_pipeline_prod' retrieved from /opt/airflow/dags/prod/airbyte_to_dbt_prod.py
[2026-08-29T13:59:17.993+0000] {logging_mixin.py:190} INFO - [2026-08-29T13:59:17.993+0000] {dag.py:3239} INFO - Sync 1 DAGs
[2026-08-29T13:59:18.044+0000] {logging_mixin.py:190} INFO - [2026-08-29T13:59:18.043+0000] {dag.py:4180} INFO - Setting next_dagrun for airbyte_to_dbt_pipeline_prod to 2026-08-29 12:00:00+00:00, run_after=2026-08-29 13:00:00+00:00
[2026-08-29T13:59:18.070+0000] {processor.py:208} INFO - Processing /opt/airflow/dags/prod/airbyte_to_dbt_prod.py took 0.153 seconds
[2026-08-29T13:59:48.237+0000] {processor.py:186} INFO - Started process (PID=2316) to work on /opt/airflow/dags/prod/airbyte_to_dbt_prod.py
[2026-08-29T13:59:48.238+0000] {processor.py:914} INFO - Processing file /opt/airflow/dags/prod/airbyte_to_dbt_prod.py for tasks to queue
[2026-08-29T13:59:48.241+0000] {logging_mixin.py:190} INFO - [2026-08-29T13:59:48.241+0000] {dagbag.py:588} INFO - Filling up the DagBag from /opt/airflow/dags/prod/airbyte_to_dbt_prod.py
[2026-08-29T13:59:48.262+0000] {processor.py:925} INFO - DAG(s) 'airbyte_to_dbt_pipeline_prod' retrieved from /opt/airflow/dags/prod/airbyte_to_dbt_prod.py
[2026-08-29T13:59:48.302+0000] {logging_mixin.py:190} INFO - [2026-08-29T13:59:48.302+0000] {dag.py:3239} INFO - Sync 1 DAGs
[2026-08-29T13:59:48.336+0000] {logging_mixin.py:190} INFO - [2026-08-29T13:59:48.336+0000] {dag.py:4180} INFO - Setting next_dagrun for airbyte_to_dbt_pipeline_prod to 2026-08-29 12:00:00+00:00, run_after=2026-08-29 13:00:00+00:00
[2026-08-29T13:59:48.360+0000] {processor.py:208} INFO - Processing /opt/airflow/dags/prod/airbyte_to_dbt_prod.py took 0.131 seconds
[2026-08-29T14:00:18.518+0000] {processor.py:186} INFO - Started process (PID=2326) to work on /opt/airflow/dags/prod/airbyte_to_dbt_prod.py
[2026-08-29T14:00:18.519+0000] {processor.py:914} INFO - Processing file /opt/airflow/dags/prod/airbyte_to_dbt_prod.py for tasks to queue
[2026-08-29T14:00:18.522+0000] {logging_mixin.py:190} INFO - [2026-08-29T14:00:18.521+0000] {dagbag.py:588} INFO - Filling up the DagBag from /opt/airflow/dags/prod/airbyte_to_dbt_prod.py
[2026-08-29T14:00:18.549+0000] {processor.py:925} INFO - DAG(s) 'airbyte_to_dbt_pipeline_prod' retrieved from /opt/airflow/dags/prod/airbyte_to_dbt_prod.py
[2026-08-29T14:00:18.587+0000] {logging_mixin.py:190} INFO - [2026-08-29T14:00:18.587+0000] {dag.py:3239} INFO - Sync 1 DAGs
[2026-08-29T14:00:18.616+0000] {logging_mixin.py:190} INFO - [2026-08-29T14:00:18.616+0000] {dag.py:4180} INFO - Setting next_dagrun for airbyte_to_dbt_pipeline_prod to 2026-08-29 13:00:00+00:00, run_after=2026-08-29 14:00:00+00:00
[2026-08-29T14:00:18.638+0000] {processor.py:208} INFO - Processing /opt/airflow/dags/prod/airbyte_to_dbt_prod.py took 0.129 seconds
[2026-08-29T14:00:48.805+0000] {processor.py:186} INFO - Started process (PID=2336) to work on /opt/airflow/dags/prod/airbyte_to_dbt_prod.py
[2026-08-29T14:00:48.806+0000] {processor.py:914} INFO - Processing file /opt/airflow/dags/prod/airbyte_to_dbt_prod.py for tasks to queue
[2026-08-29T14:00:48.810+0000] {logging_mixin.py:190} INFO - [2026-08-29T14:00:48.810+0000] {dagbag.py:588} INFO - Filling up the DagBag from /opt/airflow/dags/prod/airbyte_to_dbt_prod.py
[2026-08-29T14:00:48.833+0000] {processor.py:925} INFO - DAG(s) 'airbyte_to_dbt_pipeline_prod' retrieved from /opt/airflow/dags/prod/airbyte_to_dbt_prod.py
[2026-08-29T14:00:48.874+0000] {logging_mixin.py:190} INFO - [2026-08-29T14:00:48.873+0000] {dag.py:3239} INFO - Sync 1 DAGs
[2026-08-29T14:00:48.907+0000] {logging_mixin.py:190} INFO - [2026-08-29T14:00:48.906+0000] {dag.py:4180} INFO - Setting next_dagrun for airbyte_to_dbt_pipeline_prod to 2026-08-29 13:00:00+00:00, run_after=2026-08-29 14:00:00+00:00
[2026-08-29T14:00:48.931+0000] {processor.py:208} INFO - Processing /opt/airflow/dags/prod/airbyte_to_dbt_prod.py took 0.136 seconds
[2026-08-29T14:01:19.099+0000] {processor.py:186} INFO - Started process (PID=2346) to work on /opt/airflow/dags/prod/airbyte_to_dbt_prod.py
[2026-08-29T14:01:19.100+0000] {processor.py:914} INFO - Processing file /opt/airflow/dags/prod/airbyte_to_dbt_prod.py for tasks to queue
[2026-08-29T14:01:19.103+0000] {logging_mixin.py:190} INFO - [2026-08-29T14:01:19.102+0000] {dagbag.py:588} INFO - Filling up the DagBag from /opt/airflow/dags/prod/airbyte_to_dbt_prod.py
[2026-08-29T14:01:19.126+0000] {processor.py:925} INFO - DAG(s) 'airbyte_to_dbt_pipeline_prod' retrieved from /opt/airflow/dags/prod/airbyte_to_dbt_prod.py
[2026-08-29T14:01:19.173+0000] {logging_mixin.py:190} INFO - [2026-08-29T14:01:19.172+0000] {dag.py:3239} INFO - Sync 1 DAGs
[2026-08-29T14:01:19.206+0000] {logging_mixin.py:190} INFO - [2026-08-29T14:01:19.206+0000] {dag.py:4180} INFO - Setting next_dagrun for airbyte_to_dbt_pipeline_prod to 2026-08-29 13:00:00+00:00, run_after=2026-08-29 14:00:00+00:00
[2026-08-29T14:01:19.230+0000] {processor.py:208} INFO - Processing /opt/airflow/dags/prod/airbyte_to_dbt_prod.py took 0.141 seconds
[2026-08-29T14:01:49.389+0000] {processor.py:186} INFO - Started process (PID=2356) to work on /opt/airflow/dags/prod/airbyte_to_dbt_prod.py
[2026-08-29T14:01:49.390+0000] {processor.py:914} INFO - Processing file /opt/airflow/dags/prod/airbyte_to_dbt_prod.py for tasks to queue
[2026-08-29T14:01:49.394+0000] {logging_mixin.py:190} INFO - [2026-08-29T14:01:49.393+0000] {dagbag.py:588} INFO - Filling up the DagBag from /opt/airflow/dags/prod/airbyte_to_dbt_prod.py
[2026-08-29T14:01:49.418+0000] {processor.py:925} INFO - DAG(s) 'airbyte_to_dbt_pipeline_prod' retrieved from /opt/airflow/dags/prod/airbyte_to_dbt_prod.py
[2026-08-29T14:01:49.464+0000] {logging_mixin.py:190} INFO - [2026-08-29T14:01:49.464+0000] {dag.py:3239} INFO - Sync 1 DAGs
[2026-08-29T14:01:49.504+0000] {logging_mixin.py:190} INFO - [2026-08-29T14:01:49.504+0000] {dag.py:4180} INFO - Setting next_dagrun for airbyte_to_dbt_pipeline_prod to 2026-08-29 13:00:00+00:00, run_after=2026-08-29 14:00:00+00:00
[2026-08-29T14:01:49.533+0000] {processor.py:208} INFO - Processing /opt/airflow/dags/prod/airbyte_to_dbt_prod.py took 0.152 seconds
[2026-08-29T14:02:19.699+0000] {processor.py:186} INFO - Started process (PID=2366) to work on /opt/airflow/dags/prod/airbyte_to_dbt_prod.py
[2026-08-29T14:02:19.700+0000] {processor.py:914} INFO - Processing file /opt/airflow/dags/prod/airbyte_to_dbt_prod.py for tasks to queue
[2026-08-29T14:02:19.703+0000] {logging_mixin.py:190} INFO - [2026-08-29T14:02:19.703+0000] {dagbag.py:588} INFO - Filling up the DagBag from /opt/airflow/dags/prod/airbyte_to_dbt_prod.py
[2026-08-29T14:02:19.724+0000] {processor.py:925} INFO - DAG(s) 'airbyte_to_dbt_pipeline_prod' retrieved from /opt/airflow/dags/prod/airbyte_to_dbt_prod.py
[2026-08-29T14:02:19.763+0000] {logging_mixin.py:190} INFO - [2026-08-29T14:02:19.763+0000] {dag.py:3239} INFO - Sync 1 DAGs
[2026-08-29T14:02:19.791+0000] {logging_mixin.py:190} INFO - [2026-08-29T14:02:19.790+0000] {dag.py:4180} INFO - Setting next_dagrun for airbyte_to_dbt_pipeline_prod to 2026-08-29 13:00:00+00:00, run_after=2026-08-29 14:00:00+00:00
[2026-08-29T14:02:19.813+0000] {processor.py:208} INFO - Processing /opt/airflow/dags/prod/airbyte_to_dbt_prod.py took 0.122 seconds
[2026-08-29T14:02:49.989+0000] {processor.py:186} INFO - Started process (PID=2376) to work on /opt/airflow/dags/prod/airbyte_to_dbt_prod.py
[2026-08-29T14:02:49.990+0000] {processor.py:914} INFO - Processing file /opt/airflow/dags/prod/airbyte_to_dbt_prod.py for tasks to queue
[2026-08-29T14:02:49.994+0000] {logging_mixin.py:190} INFO - [2026-08-29T14:02:49.994+0000] {dagbag.py:588} INFO - Filling up the DagBag from /opt/airflow/dags/prod/airbyte_to_dbt_prod.py
[2026-08-29T14:02:50.026+0000] {processor.py:925} INFO - DAG(s) 'airbyte_to_dbt_pipeline_prod' retrieved from /opt/airflow/dags/prod/airbyte_to_dbt_prod.py
[2026-08-29T14:02:50.069+0000] {logging_mixin.py:190} INFO - [2026-08-29T14:02:50.069+0000] {dag.py:3239} INFO - Sync 1 DAGs
[2026-08-29T14:02:50.103+0000] {logging_mixin.py:190} INFO - [2026-08-29T14:02:50.103+0000] {dag.py:4180} INFO - Setting next_dagrun for airbyte_to_dbt_pipeline_prod to 2026-08-29 13:00:00+00:00, run_after=2026-08-29 14:00:00+00:00
[2026-08-29T14:02:50.124+0000] {processor.py:208} INFO - Processing /opt/airflow/dags/prod/airbyte_to_dbt_prod.py took 0.145 seconds
[2026-08-29T14:03:20.298+0000] {processor.py:186} INFO - Started process (PID=2386) to work on /opt/airflow/dags/prod/airbyte_to_dbt_prod.py
[2026-08-29T14:03:20.299+0000] {processor.py:914} INFO - Processing file /opt/airflow/dags/prod/airbyte_to_dbt_prod.py for tasks to queue
[2026-08-29T14:03:20.302+0000] {logging_mixin.py:190} INFO - [2026-08-29T14:03:20.301+0000] {dagbag.py:588} INFO - Filling up the DagBag from /opt/airflow/dags/prod/airbyte_to_dbt_prod.py
[2026-08-29T14:03:20.323+0000] {processor.py:925} INFO - DAG(s) 'airbyte_to_dbt_pipeline_prod' retrieved from /opt/airflow/dags/prod/airbyte_to_dbt_prod.py
[2026-08-29T14:03:20.365+0000] {logging_mixin.py:190} INFO - [2026-08-29T14:03:20.365+0000] {dag.py:3239} INFO - Sync 1 DAGs
[2026-08-29T14:03:20.400+0000] {logging_mixin.py:190} INFO - [2026-08-29T14:03:20.399+0000] {dag.py:4180} INFO - Setting next_dagrun for airbyte_to_dbt_pipeline_prod to 2026-08-29 13:00:00+00:00, run_after=2026-08-29 14:00:00+00:00
[2026-08-29T14:03:20.423+0000] {processor.py:208} INFO - Processing /opt/airflow/dags/prod/airbyte_to_dbt_prod.py took 0.133 seconds
[2026-08-29T14:03:50.600+0000] {processor.py:186} INFO - Started process (PID=2396) to work on /opt/airflow/dags/prod/airbyte_to_dbt_prod.py
[2026-08-29T14:03:50.601+0000] {processor.py:914} INFO - Processing file /opt/airflow/dags/prod/airbyte_to_dbt_prod.py for tasks to queue
[2026-08-29T14:03:50.604+0000] {logging_mixin.py:190} INFO - [2026-08-29T14:03:50.604+0000] {dagbag.py:588} INFO - Filling up the DagBag from /opt/airflow/dags/prod/airbyte_to_dbt_prod.py
[2026-08-29T14:03:50.625+0000] {processor.py:925} INFO - DAG(s) 'airbyte_to_dbt_pipeline_prod' retrieved from /opt/airflow/dags/prod/airbyte_to_dbt_prod.py
[2026-08-29T14:03:50.676+0000] {logging_mixin.py:190} INFO - [2026-08-29T14:03:50.675+0000] {dag.py:3239} INFO - Sync 1 DAGs
[2026-08-29T14:03:50.712+0000] {logging_mixin.py:190} INFO - [2026-08-29T14:03:50.712+0000] {dag.py:4180} INFO - Setting next_dagrun for airbyte_to_dbt_pipeline_prod to 2026-08-29 13:00:00+00:00, run_after=2026-08-29 14:00:00+00:00
[2026-08-29T14:03:50.736+0000] {processor.py:208} INFO - Processing /opt/airflow/dags/prod/airbyte_to_dbt_prod.py took 0.146 seconds
[2026-08-29T14:04:20.897+0000] {processor.py:186} INFO - Started process (PID=2406) to work on /opt/airflow/dags/prod/airbyte_to_dbt_prod.py
[2026-08-29T14:04:20.897+0000] {processor.py:914} INFO - Processing file /opt/airflow/dags/prod/airbyte_to_dbt_prod.py for tasks to queue
[2026-08-29T14:04:20.900+0000] {logging_mixin.py:190} INFO - [2026-08-29T14:04:20.900+0000] {dagbag.py:588} INFO - Filling up the DagBag from /opt/airflow/dags/prod/airbyte_to_dbt_prod.py
[2026-08-29T14:04:20.924+0000] {processor.py:925} INFO - DAG(s) 'airbyte_to_dbt_pipeline_prod' retrieved from /opt/airflow/dags/prod/airbyte_to_dbt_prod.py
[2026-08-29T14:04:20.964+0000] {logging_mixin.py:190} INFO - [2026-08-29T14:04:20.963+0000] {dag.py:3239} INFO - Sync 1 DAGs
[2026-08-29T14:04:20.993+0000] {logging_mixin.py:190} INFO - [2026-08-29T14:04:20.992+0000] {dag.py:4180} INFO - Setting next_dagrun for airbyte_to_dbt_pipeline_prod to 2026-08-29 13:00:00+00:00, run_after=2026-08-29 14:00:00+00:00
[2026-08-29T14:04:21.019+0000] {processor.py:208} INFO - Processing /opt/airflow/dags/prod/airbyte_to_dbt_prod.py took 0.132 seconds
[2026-08-29T14:04:51.182+0000] {processor.py:186} INFO - Started process (PID=2416) to work on /opt/airflow/dags/prod/airbyte_to_dbt_prod.py
[2026-08-29T14:04:51.183+0000] {processor.py:914} INFO - Processing file /opt/airflow/dags/prod/airbyte_to_dbt_prod.py for tasks to queue
[2026-08-29T14:04:51.187+0000] {logging_mixin.py:190} INFO - [2026-08-29T14:04:51.186+0000] {dagbag.py:588} INFO - Filling up the DagBag from /opt/airflow/dags/prod/airbyte_to_dbt_prod.py
[2026-08-29T14:04:51.209+0000] {processor.py:925} INFO - DAG(s) 'airbyte_to_dbt_pipeline_prod' retrieved from /opt/airflow/dags/prod/airbyte_to_dbt_prod.py
[2026-08-29T14:04:51.245+0000] {logging_mixin.py:190} INFO - [2026-08-29T14:04:51.245+0000] {dag.py:3239} INFO - Sync 1 DAGs
[2026-08-29T14:04:51.275+0000] {logging_mixin.py:190} INFO - [2026-08-29T14:04:51.274+0000] {dag.py:4180} INFO - Setting next_dagrun for airbyte_to_dbt_pipeline_prod to 2026-08-29 13:00:00+00:00, run_after=2026-08-29 14:00:00+00:00
[2026-08-29T14:04:51.298+0000] {processor.py:208} INFO - Processing /opt/airflow/dags/prod/airbyte_to_dbt_prod.py took 0.124 seconds
[2026-08-29T14:05:21.464+0000] {processor.py:186} INFO - Started process (PID=2426) to work on /opt/airflow/dags/prod/airbyte_to_dbt_prod.py
[2026-08-29T14:05:21.465+0000] {processor.py:914} INFO - Processing file /opt/airflow/dags/prod/airbyte_to_dbt_prod.py for tasks to queue
[2026-08-29T14:05:21.467+0000] {logging_mixin.py:190} INFO - [2026-08-29T14:05:21.467+0000] {dagbag.py:588} INFO - Filling up the DagBag from /opt/airflow/dags/prod/airbyte_to_dbt_prod.py
[2026-08-29T14:05:21.489+0000] {processor.py:925} INFO - DAG(s) 'airbyte_to_dbt_pipeline_prod' retrieved from /opt/airflow/dags/prod/airbyte_to_dbt_prod.py
[2026-08-29T14:05:21.535+0000] {logging_mixin.py:190} INFO - [2026-08-29T14:05:21.535+0000] {dag.py:3239} INFO - Sync 1 DAGs
[2026-08-29T14:05:21.577+0000] {logging_mixin.py:190} INFO - [2026-08-29T14:05:21.576+0000] {dag.py:4180} INFO - Setting next_dagrun for airbyte_to_dbt_pipeline_prod to 2026-08-29 13:00:00+00:00, run_after=2026-08-29 14:00:00+00:00
[2026-08-29T14:05:21.601+0000] {processor.py:208} INFO - Processing /opt/airflow/dags/prod/airbyte_to_dbt_prod.py took 0.146 seconds
[2026-08-29T14:05:51.763+0000] {processor.py:186} INFO - Started process (PID=2436) to work on /opt/airflow/dags/prod/airbyte_to_dbt_prod.py
[2026-08-29T14:05:51.764+0000] {processor.py:914} INFO - Processing file /opt/airflow/dags/prod/airbyte_to_dbt_prod.py for tasks to queue
[2026-08-29T14:05:51.767+0000] {logging_mixin.py:190} INFO - [2026-08-29T14:05:51.767+0000] {dagbag.py:588} INFO - Filling up the DagBag from /opt/airflow/dags/prod/airbyte_to_dbt_prod.py
[2026-08-29T14:05:51.789+0000] {processor.py:925} INFO - DAG(s) 'airbyte_to_dbt_pipeline_prod' retrieved from /opt/airflow/dags/prod/airbyte_to_dbt_prod.py
[2026-08-29T14:05:51.840+0000] {logging_mixin.py:190} INFO - [2026-08-29T14:05:51.840+0000] {dag.py:3239} INFO - Sync 1 DAGs
[2026-08-29T14:05:51.878+0000] {logging_mixin.py:190} INFO - [2026-08-29T14:05:51.878+0000] {dag.py:4180} INFO - Setting next_dagrun for airbyte_to_dbt_pipeline_prod to 2026-08-29 13:00:00+00:00, run_after=2026-08-29 14:00:00+00:00
[2026-08-29T14:05:51.902+0000] {processor.py:208} INFO - Processing /opt/airflow/dags/prod/airbyte_to_dbt_prod.py took 0.147 seconds
[2026-08-29T14:06:22.075+0000] {processor.py:186} INFO - Started process (PID=2446) to work on /opt/airflow/dags/prod/airbyte_to_dbt_prod.py
[2026-08-29T14:06:22.076+0000] {processor.py:914} INFO - Processing file /opt/airflow/dags/prod/airbyte_to_dbt_prod.py for tasks to queue
[2026-08-29T14:06:22.079+0000] {logging_mixin.py:190} INFO - [2026-08-29T14:06:22.078+0000] {dagbag.py:588} INFO - Filling up the DagBag from /opt/airflow/dags/prod/airbyte_to_dbt_prod.py
[2026-08-29T14:06:22.101+0000] {processor.py:925} INFO - DAG(s) 'airbyte_to_dbt_pipeline_prod' retrieved from /opt/airflow/dags/prod/airbyte_to_dbt_prod.py
[2026-08-29T14:06:22.149+0000] {logging_mixin.py:190} INFO - [2026-08-29T14:06:22.149+0000] {dag.py:3239} INFO - Sync 1 DAGs
[2026-08-29T14:06:22.184+0000] {logging_mixin.py:190} INFO - [2026-08-29T14:06:22.183+0000] {dag.py:4180} INFO - Setting next_dagrun for airbyte_to_dbt_pipeline_prod to 2026-08-29 13:00:00+00:00, run_after=2026-08-29 14:00:00+00:00
[2026-08-29T14:06:22.207+0000] {processor.py:208} INFO - Processing /opt/airflow/dags/prod/airbyte_to_dbt_prod.py took 0.142 seconds
[2026-08-29T14:06:52.369+0000] {processor.py:186} INFO - Started process (PID=2456) to work on /opt/airflow/dags/prod/airbyte_to_dbt_prod.py
[2026-08-29T14:06:52.370+0000] {processor.py:914} INFO - Processing file /opt/airflow/dags/prod/airbyte_to_dbt_prod.py for tasks to queue
[2026-08-29T14:06:52.374+0000] {logging_mixin.py:190} INFO - [2026-08-29T14:06:52.374+0000] {dagbag.py:588} INFO - Filling up the DagBag from /opt/airflow/dags/prod/airbyte_to_dbt_prod.py
[2026-08-29T14:06:52.404+0000] {processor.py:925} INFO - DAG(s) 'airbyte_to_dbt_pipeline_prod' retrieved from /opt/airflow/dags/prod/airbyte_to_dbt_prod.py
[2026-08-29T14:06:52.455+0000] {logging_mixin.py:190} INFO - [2026-08-29T14:06:52.455+0000] {dag.py:3239} INFO - Sync 1 DAGs
[2026-08-29T14:06:52.491+0000] {logging_mixin.py:190} INFO - [2026-08-29T14:06:52.491+0000] {dag.py:4180} INFO - Setting next_dagrun for airbyte_to_dbt_pipeline_prod to 2026-08-29 13:00:00+00:00, run_after=2026-08-29 14:00:00+00:00
[2026-08-29T14:06:52.514+0000] {processor.py:208} INFO - Processing /opt/airflow/dags/prod/airbyte_to_dbt_prod.py took 0.155 seconds
[2026-08-29T14:07:22.696+0000] {processor.py:186} INFO - Started process (PID=2466) to work on /opt/airflow/dags/prod/airbyte_to_dbt_prod.py
[2026-08-29T14:07:22.697+0000] {processor.py:914} INFO - Processing file /opt/airflow/dags/prod/airbyte_to_dbt_prod.py for tasks to queue
[2026-08-29T14:07:22.700+0000] {logging_mixin.py:190} INFO - [2026-08-29T14:07:22.699+0000] {dagbag.py:588} INFO - Filling up the DagBag from /opt/airflow/dags/prod/airbyte_to_dbt_prod.py
[2026-08-29T14:07:22.721+0000] {processor.py:925} INFO - DAG(s) 'airbyte_to_dbt_pipeline_prod' retrieved from /opt/airflow/dags/prod/airbyte_to_dbt_prod.py
[2026-08-29T14:07:22.770+0000] {logging_mixin.py:190} INFO - [2026-08-29T14:07:22.770+0000] {dag.py:3239} INFO - Sync 1 DAGs
[2026-08-29T14:07:22.803+0000] {logging_mixin.py:190} INFO - [2026-08-29T14:07:22.803+0000] {dag.py:4180} INFO - Setting next_dagrun for airbyte_to_dbt_pipeline_prod to 2026-08-29 13:00:00+00:00, run_after=2026-08-29 14:00:00+00:00
[2026-08-29T14:07:22.828+0000] {processor.py:208} INFO - Processing /opt/airflow/dags/prod/airbyte_to_dbt_prod.py took 0.140 seconds
[2026-08-29T14:07:52.991+0000] {processor.py:186} INFO - Started process (PID=2476) to work on /opt/airflow/dags/prod/airbyte_to_dbt_prod.py
[2026-08-29T14:07:52.992+0000] {processor.py:914} INFO - Processing file /opt/airflow/dags/prod/airbyte_to_dbt_prod.py for tasks to queue
[2026-08-29T14:07:52.995+0000] {logging_mixin.py:190} INFO - [2026-08-29T14:07:52.994+0000] {dagbag.py:588} INFO - Filling up the DagBag from /opt/airflow/dags/prod/airbyte_to_dbt_prod.py
[2026-08-29T14:07:53.017+0000] {processor.py:925} INFO - DAG(s) 'airbyte_to_dbt_pipeline_prod' retrieved from /opt/airflow/dags/prod/airbyte_to_dbt_prod.py
[2026-08-29T14:07:53.063+0000] {logging_mixin.py:190} INFO - [2026-08-29T14:07:53.062+0000] {dag.py:3239} INFO - Sync 1 DAGs
[2026-08-29T14:07:53.095+0000] {logging_mixin.py:190} INFO - [2026-08-29T14:07:53.095+0000] {dag.py:4180} INFO - Setting next_dagrun for airbyte_to_dbt_pipeline_prod to 2026-08-29 13:00:00+00:00, run_after=2026-08-29 14:00:00+00:00
[2026-08-29T14:07:53.118+0000] {processor.py:208} INFO - Processing /opt/airflow/dags/prod/airbyte_to_dbt_prod.py took 0.136 seconds
[2026-08-29T14:08:23.283+0000] {processor.py:186} INFO - Started process (PID=2486) to work on /opt/airflow/dags/prod/airbyte_to_dbt_prod.py
[2026-08-29T14:08:23.284+0000] {processor.py:914} INFO - Processing file /opt/airflow/dags/prod/airbyte_to_dbt_prod.py for tasks to queue
[2026-08-29T14:08:23.287+0000] {logging_mixin.py:190} INFO - [2026-08-29T14:08:23.286+0000] {dagbag.py:588} INFO - Filling up the DagBag from /opt/airflow/dags/prod/airbyte_to_dbt_prod.py
[2026-08-29T14:08:23.309+0000] {processor.py:925} INFO - DAG(s) 'airbyte_to_dbt_pipeline_prod' retrieved from /opt/airflow/dags/prod/airbyte_to_dbt_prod.py
[2026-08-29T14:08:23.351+0000] {logging_mixin.py:190} INFO - [2026-08-29T14:08:23.351+0000] {dag.py:3239} INFO - Sync 1 DAGs
[2026-08-29T14:08:23.382+0000] {logging_mixin.py:190} INFO - [2026-08-29T14:08:23.382+0000] {dag.py:4180} INFO - Setting next_dagrun for airbyte_to_dbt_pipeline_prod to 2026-08-29 13:00:00+00:00, run_after=2026-08-29 14:00:00+00:00
[2026-08-29T14:08:23.405+0000] {processor.py:208} INFO - Processing /opt/airflow/dags/prod/airbyte_to_dbt_prod.py took 0.131 seconds
[2026-08-29T14:08:53.578+0000] {processor.py:186} INFO - Started process (PID=2496) to work on /opt/airflow/dags/prod/airbyte_to_dbt_prod.py
[2026-08-29T14:08:53.579+0000] {processor.py:914} INFO - Processing file /opt/airflow/dags/prod/airbyte_to_dbt_prod.py for tasks to queue
[2026-08-29T14:08:53.582+0000] {logging_mixin.py:190} INFO - [2026-08-29T14:08:53.582+0000] {dagbag.py:588} INFO - Filling up the DagBag from /opt/airflow/dags/prod/airbyte_to_dbt_prod.py
[2026-08-29T14:08:53.603+0000] {processor.py:925} INFO - DAG(s) 'airbyte_to_dbt_pipeline_prod' retrieved from /opt/airflow/dags/prod/airbyte_to_dbt_prod.py
[2026-08-29T14:08:53.643+0000] {logging_mixin.py:190} INFO - [2026-08-29T14:08:53.642+0000] {dag.py:3239} INFO - Sync 1 DAGs
[2026-08-29T14:08:53.678+0000] {logging_mixin.py:190} INFO - [2026-08-29T14:08:53.677+0000] {dag.py:4180} INFO - Setting next_dagrun for airbyte_to_dbt_pipeline_prod to 2026-08-29 13:00:00+00:00, run_after=2026-08-29 14:00:00+00:00
[2026-08-29T14:08:53.700+0000] {processor.py:208} INFO - Processing /opt/airflow/dags/prod/airbyte_to_dbt_prod.py took 0.131 seconds
[2026-08-29T14:09:23.849+0000] {processor.py:186} INFO - Started process (PID=2506) to work on /opt/airflow/dags/prod/airbyte_to_dbt_prod.py
[2026-08-29T14:09:23.850+0000] {processor.py:914} INFO - Processing file /opt/airflow/dags/prod/airbyte_to_dbt_prod.py for tasks to queue
[2026-08-29T14:09:23.854+0000] {logging_mixin.py:190} INFO - [2026-08-29T14:09:23.853+0000] {dagbag.py:588} INFO - Filling up the DagBag from /opt/airflow/dags/prod/airbyte_to_dbt_prod.py
[2026-08-29T14:09:23.877+0000] {processor.py:925} INFO - DAG(s) 'airbyte_to_dbt_pipeline_prod' retrieved from /opt/airflow/dags/prod/airbyte_to_dbt_prod.py
[2026-08-29T14:09:23.913+0000] {logging_mixin.py:190} INFO - [2026-08-29T14:09:23.913+0000] {dag.py:3239} INFO - Sync 1 DAGs
[2026-08-29T14:09:23.943+0000] {logging_mixin.py:190} INFO - [2026-08-29T14:09:23.943+0000] {dag.py:4180} INFO - Setting next_dagrun for airbyte_to_dbt_pipeline_prod to 2026-08-29 13:00:00+00:00, run_after=2026-08-29 14:00:00+00:00
[2026-08-29T14:09:23.968+0000] {processor.py:208} INFO - Processing /opt/airflow/dags/prod/airbyte_to_dbt_prod.py took 0.128 seconds
[2026-08-29T14:09:54.132+0000] {processor.py:186} INFO - Started process (PID=2516) to work on /opt/airflow/dags/prod/airbyte_to_dbt_prod.py
[2026-08-29T14:09:54.132+0000] {processor.py:914} INFO - Processing file /opt/airflow/dags/prod/airbyte_to_dbt_prod.py for tasks to queue
[2026-08-29T14:09:54.135+0000] {logging_mixin.py:190} INFO - [2026-08-29T14:09:54.135+0000] {dagbag.py:588} INFO - Filling up the DagBag from /opt/airflow/dags/prod/airbyte_to_dbt_prod.py
[2026-08-29T14:09:54.158+0000] {processor.py:925} INFO - DAG(s) 'airbyte_to_dbt_pipeline_prod' retrieved from /opt/airflow/dags/prod/airbyte_to_dbt_prod.py
[2026-08-29T14:09:54.200+0000] {logging_mixin.py:190} INFO - [2026-08-29T14:09:54.200+0000] {dag.py:3239} INFO - Sync 1 DAGs
[2026-08-29T14:09:54.228+0000] {logging_mixin.py:190} INFO - [2026-08-29T14:09:54.228+0000] {dag.py:4180} INFO - Setting next_dagrun for airbyte_to_dbt_pipeline_prod to 2026-08-29 13:00:00+00:00, run_after=2026-08-29 14:00:00+00:00
[2026-08-29T14:09:54.254+0000] {processor.py:208} INFO - Processing /opt/airflow/dags/prod/airbyte_to_dbt_prod.py took 0.132 seconds
[2026-08-29T14:10:24.424+0000] {processor.py:186} INFO - Started process (PID=2526) to work on /opt/airflow/dags/prod/airbyte_to_dbt_prod.py
[2026-08-29T14:10:24.426+0000] {processor.py:914} INFO - Processing file /opt/airflow/dags/prod/airbyte_to_dbt_prod.py for tasks to queue
[2026-08-29T14:10:24.429+0000] {logging_mixin.py:190} INFO - [2026-08-29T14:10:24.428+0000] {dagbag.py:588} INFO - Filling up the DagBag from /opt/airflow/dags/prod/airbyte_to_dbt_prod.py
[2026-08-29T14:10:24.450+0000] {processor.py:925} INFO - DAG(s) 'airbyte_to_dbt_pipeline_prod' retrieved from /opt/airflow/dags/prod/airbyte_to_dbt_prod.py
[2026-08-29T14:10:24.493+0000] {logging_mixin.py:190} INFO - [2026-08-29T14:10:24.493+0000] {dag.py:3239} INFO - Sync 1 DAGs
[2026-08-29T14:10:24.534+0000] {logging_mixin.py:190} INFO - [2026-08-29T14:10:24.534+0000] {dag.py:4180} INFO - Setting next_dagrun for airbyte_to_dbt_pipeline_prod to 2026-08-29 13:00:00+00:00, run_after=2026-08-29 14:00:00+00:00
[2026-08-29T14:10:24.561+0000] {processor.py:208} INFO - Processing /opt/airflow/dags/prod/airbyte_to_dbt_prod.py took 0.146 seconds
[2026-08-29T14:10:54.716+0000] {processor.py:186} INFO - Started process (PID=2536) to work on /opt/airflow/dags/prod/airbyte_to_dbt_prod.py
[2026-08-29T14:10:54.717+0000] {processor.py:914} INFO - Processing file /opt/airflow/dags/prod/airbyte_to_dbt_prod.py for tasks to queue
[2026-08-29T14:10:54.720+0000] {logging_mixin.py:190} INFO - [2026-08-29T14:10:54.719+0000] {dagbag.py:588} INFO - Filling up the DagBag from /opt/airflow/dags/prod/airbyte_to_dbt_prod.py
[2026-08-29T14:10:54.752+0000] {processor.py:925} INFO - DAG(s) 'airbyte_to_dbt_pipeline_prod' retrieved from /opt/airflow/dags/prod/airbyte_to_dbt_prod.py
[2026-08-29T14:10:54.798+0000] {logging_mixin.py:190} INFO - [2026-08-29T14:10:54.798+0000] {dag.py:3239} INFO - Sync 1 DAGs
[2026-08-29T14:10:54.832+0000] {logging_mixin.py:190} INFO - [2026-08-29T14:10:54.832+0000] {dag.py:4180} INFO - Setting next_dagrun for airbyte_to_dbt_pipeline_prod to 2026-08-29 13:00:00+00:00, run_after=2026-08-29 14:00:00+00:00
[2026-08-29T14:10:54.854+0000] {processor.py:208} INFO - Processing /opt/airflow/dags/prod/airbyte_to_dbt_prod.py took 0.146 seconds
[2026-08-29T14:38:49.318+0000] {processor.py:186} INFO - Started process (PID=2546) to work on /opt/airflow/dags/prod/airbyte_to_dbt_prod.py
[2026-08-29T14:38:49.362+0000] {processor.py:914} INFO - Processing file /opt/airflow/dags/prod/airbyte_to_dbt_prod.py for tasks to queue
[2026-08-29T14:38:49.371+0000] {logging_mixin.py:190} INFO - [2026-08-29T14:38:49.370+0000] {dagbag.py:588} INFO - Filling up the DagBag from /opt/airflow/dags/prod/airbyte_to_dbt_prod.py
[2026-08-29T14:38:49.471+0000] {processor.py:925} INFO - DAG(s) 'airbyte_to_dbt_pipeline_prod' retrieved from /opt/airflow/dags/prod/airbyte_to_dbt_prod.py
[2026-08-29T14:38:49.555+0000] {logging_mixin.py:190} INFO - [2026-08-29T14:38:49.555+0000] {dag.py:3239} INFO - Sync 1 DAGs
[2026-08-29T14:38:49.615+0000] {logging_mixin.py:190} INFO - [2026-08-29T14:38:49.614+0000] {dag.py:4180} INFO - Setting next_dagrun for airbyte_to_dbt_pipeline_prod to 2026-08-29 13:00:00+00:00, run_after=2026-08-29 14:00:00+00:00
[2026-08-29T14:38:49.773+0000] {processor.py:208} INFO - Processing /opt/airflow/dags/prod/airbyte_to_dbt_prod.py took 0.464 seconds
[2026-08-29T14:39:20.003+0000] {processor.py:186} INFO - Started process (PID=2554) to work on /opt/airflow/dags/prod/airbyte_to_dbt_prod.py
[2026-08-29T14:39:20.005+0000] {processor.py:914} INFO - Processing file /opt/airflow/dags/prod/airbyte_to_dbt_prod.py for tasks to queue
[2026-08-29T14:39:20.024+0000] {logging_mixin.py:190} INFO - [2026-08-29T14:39:20.017+0000] {dagbag.py:588} INFO - Filling up the DagBag from /opt/airflow/dags/prod/airbyte_to_dbt_prod.py
[2026-08-29T14:39:20.230+0000] {processor.py:925} INFO - DAG(s) 'airbyte_to_dbt_pipeline_prod' retrieved from /opt/airflow/dags/prod/airbyte_to_dbt_prod.py
[2026-08-29T14:39:20.357+0000] {logging_mixin.py:190} INFO - [2026-08-29T14:39:20.357+0000] {dag.py:3239} INFO - Sync 1 DAGs
[2026-08-29T14:39:20.408+0000] {logging_mixin.py:190} INFO - [2026-08-29T14:39:20.408+0000] {dag.py:4180} INFO - Setting next_dagrun for airbyte_to_dbt_pipeline_prod to 2026-08-29 13:00:00+00:00, run_after=2026-08-29 14:00:00+00:00
[2026-08-29T14:39:20.441+0000] {processor.py:208} INFO - Processing /opt/airflow/dags/prod/airbyte_to_dbt_prod.py took 0.479 seconds
[2026-08-29T14:39:50.644+0000] {processor.py:186} INFO - Started process (PID=2566) to work on /opt/airflow/dags/prod/airbyte_to_dbt_prod.py
[2026-08-29T14:39:50.650+0000] {processor.py:914} INFO - Processing file /opt/airflow/dags/prod/airbyte_to_dbt_prod.py for tasks to queue
[2026-08-29T14:39:50.653+0000] {logging_mixin.py:190} INFO - [2026-08-29T14:39:50.652+0000] {dagbag.py:588} INFO - Filling up the DagBag from /opt/airflow/dags/prod/airbyte_to_dbt_prod.py
[2026-08-29T14:39:50.677+0000] {processor.py:925} INFO - DAG(s) 'airbyte_to_dbt_pipeline_prod' retrieved from /opt/airflow/dags/prod/airbyte_to_dbt_prod.py
[2026-08-29T14:39:50.745+0000] {logging_mixin.py:190} INFO - [2026-08-29T14:39:50.745+0000] {dag.py:3239} INFO - Sync 1 DAGs
[2026-08-29T14:39:50.798+0000] {logging_mixin.py:190} INFO - [2026-08-29T14:39:50.797+0000] {dag.py:4180} INFO - Setting next_dagrun for airbyte_to_dbt_pipeline_prod to 2026-08-29 13:00:00+00:00, run_after=2026-08-29 14:00:00+00:00
[2026-08-29T14:39:50.821+0000] {processor.py:208} INFO - Processing /opt/airflow/dags/prod/airbyte_to_dbt_prod.py took 0.192 seconds
[2026-08-29T14:40:21.007+0000] {processor.py:186} INFO - Started process (PID=2576) to work on /opt/airflow/dags/prod/airbyte_to_dbt_prod.py
[2026-08-29T14:40:21.008+0000] {processor.py:914} INFO - Processing file /opt/airflow/dags/prod/airbyte_to_dbt_prod.py for tasks to queue
[2026-08-29T14:40:21.011+0000] {logging_mixin.py:190} INFO - [2026-08-29T14:40:21.011+0000] {dagbag.py:588} INFO - Filling up the DagBag from /opt/airflow/dags/prod/airbyte_to_dbt_prod.py
[2026-08-29T14:40:21.031+0000] {processor.py:925} INFO - DAG(s) 'airbyte_to_dbt_pipeline_prod' retrieved from /opt/airflow/dags/prod/airbyte_to_dbt_prod.py
[2026-08-29T14:40:21.072+0000] {logging_mixin.py:190} INFO - [2026-08-29T14:40:21.072+0000] {dag.py:3239} INFO - Sync 1 DAGs
[2026-08-29T14:40:21.109+0000] {logging_mixin.py:190} INFO - [2026-08-29T14:40:21.109+0000] {dag.py:4180} INFO - Setting next_dagrun for airbyte_to_dbt_pipeline_prod to 2026-08-29 13:00:00+00:00, run_after=2026-08-29 14:00:00+00:00
[2026-08-29T14:40:21.133+0000] {processor.py:208} INFO - Processing /opt/airflow/dags/prod/airbyte_to_dbt_prod.py took 0.134 seconds
[2026-08-29T14:40:51.300+0000] {processor.py:186} INFO - Started process (PID=2586) to work on /opt/airflow/dags/prod/airbyte_to_dbt_prod.py
[2026-08-29T14:40:51.301+0000] {processor.py:914} INFO - Processing file /opt/airflow/dags/prod/airbyte_to_dbt_prod.py for tasks to queue
[2026-08-29T14:40:51.305+0000] {logging_mixin.py:190} INFO - [2026-08-29T14:40:51.304+0000] {dagbag.py:588} INFO - Filling up the DagBag from /opt/airflow/dags/prod/airbyte_to_dbt_prod.py
[2026-08-29T14:40:51.328+0000] {processor.py:925} INFO - DAG(s) 'airbyte_to_dbt_pipeline_prod' retrieved from /opt/airflow/dags/prod/airbyte_to_dbt_prod.py
[2026-08-29T14:40:51.371+0000] {logging_mixin.py:190} INFO - [2026-08-29T14:40:51.371+0000] {dag.py:3239} INFO - Sync 1 DAGs
[2026-08-29T14:40:51.406+0000] {logging_mixin.py:190} INFO - [2026-08-29T14:40:51.406+0000] {dag.py:4180} INFO - Setting next_dagrun for airbyte_to_dbt_pipeline_prod to 2026-08-29 13:00:00+00:00, run_after=2026-08-29 14:00:00+00:00
[2026-08-29T14:40:51.428+0000] {processor.py:208} INFO - Processing /opt/airflow/dags/prod/airbyte_to_dbt_prod.py took 0.136 seconds
[2026-08-29T14:41:21.605+0000] {processor.py:186} INFO - Started process (PID=2596) to work on /opt/airflow/dags/prod/airbyte_to_dbt_prod.py
[2026-08-29T14:41:21.606+0000] {processor.py:914} INFO - Processing file /opt/airflow/dags/prod/airbyte_to_dbt_prod.py for tasks to queue
[2026-08-29T14:41:21.610+0000] {logging_mixin.py:190} INFO - [2026-08-29T14:41:21.609+0000] {dagbag.py:588} INFO - Filling up the DagBag from /opt/airflow/dags/prod/airbyte_to_dbt_prod.py
[2026-08-29T14:41:21.634+0000] {processor.py:925} INFO - DAG(s) 'airbyte_to_dbt_pipeline_prod' retrieved from /opt/airflow/dags/prod/airbyte_to_dbt_prod.py
[2026-08-29T14:41:21.686+0000] {logging_mixin.py:190} INFO - [2026-08-29T14:41:21.686+0000] {dag.py:3239} INFO - Sync 1 DAGs
[2026-08-29T14:41:21.728+0000] {logging_mixin.py:190} INFO - [2026-08-29T14:41:21.727+0000] {dag.py:4180} INFO - Setting next_dagrun for airbyte_to_dbt_pipeline_prod to 2026-08-29 13:00:00+00:00, run_after=2026-08-29 14:00:00+00:00
[2026-08-29T14:41:21.752+0000] {processor.py:208} INFO - Processing /opt/airflow/dags/prod/airbyte_to_dbt_prod.py took 0.157 seconds
[2026-08-29T14:41:51.954+0000] {processor.py:186} INFO - Started process (PID=2606) to work on /opt/airflow/dags/prod/airbyte_to_dbt_prod.py
[2026-08-29T14:41:51.957+0000] {processor.py:914} INFO - Processing file /opt/airflow/dags/prod/airbyte_to_dbt_prod.py for tasks to queue
[2026-08-29T14:41:51.967+0000] {logging_mixin.py:190} INFO - [2026-08-29T14:41:51.965+0000] {dagbag.py:588} INFO - Filling up the DagBag from /opt/airflow/dags/prod/airbyte_to_dbt_prod.py
[2026-08-29T14:41:52.000+0000] {processor.py:925} INFO - DAG(s) 'airbyte_to_dbt_pipeline_prod' retrieved from /opt/airflow/dags/prod/airbyte_to_dbt_prod.py
[2026-08-29T14:41:52.068+0000] {logging_mixin.py:190} INFO - [2026-08-29T14:41:52.068+0000] {dag.py:3239} INFO - Sync 1 DAGs
[2026-08-29T14:41:52.133+0000] {logging_mixin.py:190} INFO - [2026-08-29T14:41:52.132+0000] {dag.py:4180} INFO - Setting next_dagrun for airbyte_to_dbt_pipeline_prod to 2026-08-29 13:00:00+00:00, run_after=2026-08-29 14:00:00+00:00
[2026-08-29T14:41:52.176+0000] {processor.py:208} INFO - Processing /opt/airflow/dags/prod/airbyte_to_dbt_prod.py took 0.241 seconds
[2026-08-29T14:42:22.545+0000] {processor.py:186} INFO - Started process (PID=2614) to work on /opt/airflow/dags/prod/airbyte_to_dbt_prod.py
[2026-08-29T14:42:22.548+0000] {processor.py:914} INFO - Processing file /opt/airflow/dags/prod/airbyte_to_dbt_prod.py for tasks to queue
[2026-08-29T14:42:22.697+0000] {logging_mixin.py:190} INFO - [2026-08-29T14:42:22.682+0000] {dagbag.py:588} INFO - Filling up the DagBag from /opt/airflow/dags/prod/airbyte_to_dbt_prod.py
[2026-08-29T14:42:23.032+0000] {processor.py:925} INFO - DAG(s) 'airbyte_to_dbt_pipeline_prod' retrieved from /opt/airflow/dags/prod/airbyte_to_dbt_prod.py
[2026-08-29T14:42:23.300+0000] {logging_mixin.py:190} INFO - [2026-08-29T14:42:23.299+0000] {dag.py:3239} INFO - Sync 1 DAGs
[2026-08-29T14:42:23.571+0000] {logging_mixin.py:190} INFO - [2026-08-29T14:42:23.570+0000] {dag.py:4180} INFO - Setting next_dagrun for airbyte_to_dbt_pipeline_prod to 2026-08-29 13:00:00+00:00, run_after=2026-08-29 14:00:00+00:00
[2026-08-29T14:42:23.601+0000] {processor.py:208} INFO - Processing /opt/airflow/dags/prod/airbyte_to_dbt_prod.py took 1.166 seconds
[2026-08-29T14:42:53.773+0000] {processor.py:186} INFO - Started process (PID=2626) to work on /opt/airflow/dags/prod/airbyte_to_dbt_prod.py
[2026-08-29T14:42:53.773+0000] {processor.py:914} INFO - Processing file /opt/airflow/dags/prod/airbyte_to_dbt_prod.py for tasks to queue
[2026-08-29T14:42:53.777+0000] {logging_mixin.py:190} INFO - [2026-08-29T14:42:53.776+0000] {dagbag.py:588} INFO - Filling up the DagBag from /opt/airflow/dags/prod/airbyte_to_dbt_prod.py
[2026-08-29T14:42:53.800+0000] {processor.py:925} INFO - DAG(s) 'airbyte_to_dbt_pipeline_prod' retrieved from /opt/airflow/dags/prod/airbyte_to_dbt_prod.py
[2026-08-29T14:42:53.839+0000] {logging_mixin.py:190} INFO - [2026-08-29T14:42:53.839+0000] {dag.py:3239} INFO - Sync 1 DAGs
[2026-08-29T14:42:53.870+0000] {logging_mixin.py:190} INFO - [2026-08-29T14:42:53.870+0000] {dag.py:4180} INFO - Setting next_dagrun for airbyte_to_dbt_pipeline_prod to 2026-08-29 13:00:00+00:00, run_after=2026-08-29 14:00:00+00:00
[2026-08-29T14:42:53.893+0000] {processor.py:208} INFO - Processing /opt/airflow/dags/prod/airbyte_to_dbt_prod.py took 0.129 seconds
[2026-08-29T14:43:24.064+0000] {processor.py:186} INFO - Started process (PID=2636) to work on /opt/airflow/dags/prod/airbyte_to_dbt_prod.py
[2026-08-29T14:43:24.066+0000] {processor.py:914} INFO - Processing file /opt/airflow/dags/prod/airbyte_to_dbt_prod.py for tasks to queue
[2026-08-29T14:43:24.070+0000] {logging_mixin.py:190} INFO - [2026-08-29T14:43:24.069+0000] {dagbag.py:588} INFO - Filling up the DagBag from /opt/airflow/dags/prod/airbyte_to_dbt_prod.py
[2026-08-29T14:43:24.096+0000] {processor.py:925} INFO - DAG(s) 'airbyte_to_dbt_pipeline_prod' retrieved from /opt/airflow/dags/prod/airbyte_to_dbt_prod.py
[2026-08-29T14:43:24.141+0000] {logging_mixin.py:190} INFO - [2026-08-29T14:43:24.140+0000] {dag.py:3239} INFO - Sync 1 DAGs
[2026-08-29T14:43:24.175+0000] {logging_mixin.py:190} INFO - [2026-08-29T14:43:24.175+0000] {dag.py:4180} INFO - Setting next_dagrun for airbyte_to_dbt_pipeline_prod to 2026-08-29 13:00:00+00:00, run_after=2026-08-29 14:00:00+00:00
[2026-08-29T14:43:24.198+0000] {processor.py:208} INFO - Processing /opt/airflow/dags/prod/airbyte_to_dbt_prod.py took 0.145 seconds
[2026-08-29T14:43:54.372+0000] {processor.py:186} INFO - Started process (PID=2646) to work on /opt/airflow/dags/prod/airbyte_to_dbt_prod.py
[2026-08-29T14:43:54.373+0000] {processor.py:914} INFO - Processing file /opt/airflow/dags/prod/airbyte_to_dbt_prod.py for tasks to queue
[2026-08-29T14:43:54.378+0000] {logging_mixin.py:190} INFO - [2026-08-29T14:43:54.377+0000] {dagbag.py:588} INFO - Filling up the DagBag from /opt/airflow/dags/prod/airbyte_to_dbt_prod.py
[2026-08-29T14:43:54.406+0000] {processor.py:925} INFO - DAG(s) 'airbyte_to_dbt_pipeline_prod' retrieved from /opt/airflow/dags/prod/airbyte_to_dbt_prod.py
[2026-08-29T14:43:54.446+0000] {logging_mixin.py:190} INFO - [2026-08-29T14:43:54.446+0000] {dag.py:3239} INFO - Sync 1 DAGs
[2026-08-29T14:43:54.476+0000] {logging_mixin.py:190} INFO - [2026-08-29T14:43:54.476+0000] {dag.py:4180} INFO - Setting next_dagrun for airbyte_to_dbt_pipeline_prod to 2026-08-29 13:00:00+00:00, run_after=2026-08-29 14:00:00+00:00
[2026-08-29T14:43:54.501+0000] {processor.py:208} INFO - Processing /opt/airflow/dags/prod/airbyte_to_dbt_prod.py took 0.140 seconds
[2026-08-29T14:44:24.658+0000] {processor.py:186} INFO - Started process (PID=2656) to work on /opt/airflow/dags/prod/airbyte_to_dbt_prod.py
[2026-08-29T14:44:24.659+0000] {processor.py:914} INFO - Processing file /opt/airflow/dags/prod/airbyte_to_dbt_prod.py for tasks to queue
[2026-08-29T14:44:24.663+0000] {logging_mixin.py:190} INFO - [2026-08-29T14:44:24.663+0000] {dagbag.py:588} INFO - Filling up the DagBag from /opt/airflow/dags/prod/airbyte_to_dbt_prod.py
[2026-08-29T14:44:24.686+0000] {processor.py:925} INFO - DAG(s) 'airbyte_to_dbt_pipeline_prod' retrieved from /opt/airflow/dags/prod/airbyte_to_dbt_prod.py
[2026-08-29T14:44:24.729+0000] {logging_mixin.py:190} INFO - [2026-08-29T14:44:24.729+0000] {dag.py:3239} INFO - Sync 1 DAGs
[2026-08-29T14:44:24.761+0000] {logging_mixin.py:190} INFO - [2026-08-29T14:44:24.761+0000] {dag.py:4180} INFO - Setting next_dagrun for airbyte_to_dbt_pipeline_prod to 2026-08-29 13:00:00+00:00, run_after=2026-08-29 14:00:00+00:00
[2026-08-29T14:44:24.790+0000] {processor.py:208} INFO - Processing /opt/airflow/dags/prod/airbyte_to_dbt_prod.py took 0.140 seconds
[2026-08-29T14:44:54.944+0000] {processor.py:186} INFO - Started process (PID=2666) to work on /opt/airflow/dags/prod/airbyte_to_dbt_prod.py
[2026-08-29T14:44:54.944+0000] {processor.py:914} INFO - Processing file /opt/airflow/dags/prod/airbyte_to_dbt_prod.py for tasks to queue
[2026-08-29T14:44:54.947+0000] {logging_mixin.py:190} INFO - [2026-08-29T14:44:54.947+0000] {dagbag.py:588} INFO - Filling up the DagBag from /opt/airflow/dags/prod/airbyte_to_dbt_prod.py
[2026-08-29T14:44:54.969+0000] {processor.py:925} INFO - DAG(s) 'airbyte_to_dbt_pipeline_prod' retrieved from /opt/airflow/dags/prod/airbyte_to_dbt_prod.py
[2026-08-29T14:44:55.007+0000] {logging_mixin.py:190} INFO - [2026-08-29T14:44:55.007+0000] {dag.py:3239} INFO - Sync 1 DAGs
[2026-08-29T14:44:55.040+0000] {logging_mixin.py:190} INFO - [2026-08-29T14:44:55.040+0000] {dag.py:4180} INFO - Setting next_dagrun for airbyte_to_dbt_pipeline_prod to 2026-08-29 13:00:00+00:00, run_after=2026-08-29 14:00:00+00:00
[2026-08-29T14:44:55.064+0000] {processor.py:208} INFO - Processing /opt/airflow/dags/prod/airbyte_to_dbt_prod.py took 0.128 seconds
[2026-08-29T14:45:25.224+0000] {processor.py:186} INFO - Started process (PID=2676) to work on /opt/airflow/dags/prod/airbyte_to_dbt_prod.py
[2026-08-29T14:45:25.225+0000] {processor.py:914} INFO - Processing file /opt/airflow/dags/prod/airbyte_to_dbt_prod.py for tasks to queue
[2026-08-29T14:45:25.228+0000] {logging_mixin.py:190} INFO - [2026-08-29T14:45:25.228+0000] {dagbag.py:588} INFO - Filling up the DagBag from /opt/airflow/dags/prod/airbyte_to_dbt_prod.py
[2026-08-29T14:45:25.250+0000] {processor.py:925} INFO - DAG(s) 'airbyte_to_dbt_pipeline_prod' retrieved from /opt/airflow/dags/prod/airbyte_to_dbt_prod.py
[2026-08-29T14:45:25.291+0000] {logging_mixin.py:190} INFO - [2026-08-29T14:45:25.291+0000] {dag.py:3239} INFO - Sync 1 DAGs
[2026-08-29T14:45:25.322+0000] {logging_mixin.py:190} INFO - [2026-08-29T14:45:25.322+0000] {dag.py:4180} INFO - Setting next_dagrun for airbyte_to_dbt_pipeline_prod to 2026-08-29 13:00:00+00:00, run_after=2026-08-29 14:00:00+00:00
[2026-08-29T14:45:25.346+0000] {processor.py:208} INFO - Processing /opt/airflow/dags/prod/airbyte_to_dbt_prod.py took 0.130 seconds
[2026-08-29T14:45:55.507+0000] {processor.py:186} INFO - Started process (PID=2686) to work on /opt/airflow/dags/prod/airbyte_to_dbt_prod.py
[2026-08-29T14:45:55.507+0000] {processor.py:914} INFO - Processing file /opt/airflow/dags/prod/airbyte_to_dbt_prod.py for tasks to queue
[2026-08-29T14:45:55.510+0000] {logging_mixin.py:190} INFO - [2026-08-29T14:45:55.510+0000] {dagbag.py:588} INFO - Filling up the DagBag from /opt/airflow/dags/prod/airbyte_to_dbt_prod.py
[2026-08-29T14:45:55.531+0000] {processor.py:925} INFO - DAG(s) 'airbyte_to_dbt_pipeline_prod' retrieved from /opt/airflow/dags/prod/airbyte_to_dbt_prod.py
[2026-08-29T14:45:55.583+0000] {logging_mixin.py:190} INFO - [2026-08-29T14:45:55.582+0000] {dag.py:3239} INFO - Sync 1 DAGs
[2026-08-29T14:45:55.619+0000] {logging_mixin.py:190} INFO - [2026-08-29T14:45:55.619+0000] {dag.py:4180} INFO - Setting next_dagrun for airbyte_to_dbt_pipeline_prod to 2026-08-29 13:00:00+00:00, run_after=2026-08-29 14:00:00+00:00
[2026-08-29T14:45:55.643+0000] {processor.py:208} INFO - Processing /opt/airflow/dags/prod/airbyte_to_dbt_prod.py took 0.146 seconds
[2026-08-29T14:46:25.806+0000] {processor.py:186} INFO - Started process (PID=2696) to work on /opt/airflow/dags/prod/airbyte_to_dbt_prod.py
[2026-08-29T14:46:25.807+0000] {processor.py:914} INFO - Processing file /opt/airflow/dags/prod/airbyte_to_dbt_prod.py for tasks to queue
[2026-08-29T14:46:25.810+0000] {logging_mixin.py:190} INFO - [2026-08-29T14:46:25.810+0000] {dagbag.py:588} INFO - Filling up the DagBag from /opt/airflow/dags/prod/airbyte_to_dbt_prod.py
[2026-08-29T14:46:25.831+0000] {processor.py:925} INFO - DAG(s) 'airbyte_to_dbt_pipeline_prod' retrieved from /opt/airflow/dags/prod/airbyte_to_dbt_prod.py
[2026-08-29T14:46:25.880+0000] {logging_mixin.py:190} INFO - [2026-08-29T14:46:25.879+0000] {dag.py:3239} INFO - Sync 1 DAGs
[2026-08-29T14:46:25.912+0000] {logging_mixin.py:190} INFO - [2026-08-29T14:46:25.911+0000] {dag.py:4180} INFO - Setting next_dagrun for airbyte_to_dbt_pipeline_prod to 2026-08-29 13:00:00+00:00, run_after=2026-08-29 14:00:00+00:00
[2026-08-29T14:46:25.937+0000] {processor.py:208} INFO - Processing /opt/airflow/dags/prod/airbyte_to_dbt_prod.py took 0.139 seconds
[2026-08-29T14:46:56.100+0000] {processor.py:186} INFO - Started process (PID=2706) to work on /opt/airflow/dags/prod/airbyte_to_dbt_prod.py
[2026-08-29T14:46:56.101+0000] {processor.py:914} INFO - Processing file /opt/airflow/dags/prod/airbyte_to_dbt_prod.py for tasks to queue
[2026-08-29T14:46:56.105+0000] {logging_mixin.py:190} INFO - [2026-08-29T14:46:56.105+0000] {dagbag.py:588} INFO - Filling up the DagBag from /opt/airflow/dags/prod/airbyte_to_dbt_prod.py
[2026-08-29T14:46:56.135+0000] {processor.py:925} INFO - DAG(s) 'airbyte_to_dbt_pipeline_prod' retrieved from /opt/airflow/dags/prod/airbyte_to_dbt_prod.py
[2026-08-29T14:46:56.179+0000] {logging_mixin.py:190} INFO - [2026-08-29T14:46:56.179+0000] {dag.py:3239} INFO - Sync 1 DAGs
[2026-08-29T14:46:56.215+0000] {logging_mixin.py:190} INFO - [2026-08-29T14:46:56.215+0000] {dag.py:4180} INFO - Setting next_dagrun for airbyte_to_dbt_pipeline_prod to 2026-08-29 13:00:00+00:00, run_after=2026-08-29 14:00:00+00:00
[2026-08-29T14:46:56.240+0000] {processor.py:208} INFO - Processing /opt/airflow/dags/prod/airbyte_to_dbt_prod.py took 0.151 seconds
[2026-08-29T14:47:26.406+0000] {processor.py:186} INFO - Started process (PID=2716) to work on /opt/airflow/dags/prod/airbyte_to_dbt_prod.py
[2026-08-29T14:47:26.407+0000] {processor.py:914} INFO - Processing file /opt/airflow/dags/prod/airbyte_to_dbt_prod.py for tasks to queue
[2026-08-29T14:47:26.410+0000] {logging_mixin.py:190} INFO - [2026-08-29T14:47:26.410+0000] {dagbag.py:588} INFO - Filling up the DagBag from /opt/airflow/dags/prod/airbyte_to_dbt_prod.py
[2026-08-29T14:47:26.432+0000] {processor.py:925} INFO - DAG(s) 'airbyte_to_dbt_pipeline_prod' retrieved from /opt/airflow/dags/prod/airbyte_to_dbt_prod.py
[2026-08-29T14:47:26.481+0000] {logging_mixin.py:190} INFO - [2026-08-29T14:47:26.481+0000] {dag.py:3239} INFO - Sync 1 DAGs
[2026-08-29T14:47:26.520+0000] {logging_mixin.py:190} INFO - [2026-08-29T14:47:26.520+0000] {dag.py:4180} INFO - Setting next_dagrun for airbyte_to_dbt_pipeline_prod to 2026-08-29 13:00:00+00:00, run_after=2026-08-29 14:00:00+00:00
[2026-08-29T14:47:26.543+0000] {processor.py:208} INFO - Processing /opt/airflow/dags/prod/airbyte_to_dbt_prod.py took 0.146 seconds
[2026-08-29T14:47:56.710+0000] {processor.py:186} INFO - Started process (PID=2726) to work on /opt/airflow/dags/prod/airbyte_to_dbt_prod.py
[2026-08-29T14:47:56.711+0000] {processor.py:914} INFO - Processing file /opt/airflow/dags/prod/airbyte_to_dbt_prod.py for tasks to queue
[2026-08-29T14:47:56.716+0000] {logging_mixin.py:190} INFO - [2026-08-29T14:47:56.715+0000] {dagbag.py:588} INFO - Filling up the DagBag from /opt/airflow/dags/prod/airbyte_to_dbt_prod.py
[2026-08-29T14:47:56.744+0000] {processor.py:925} INFO - DAG(s) 'airbyte_to_dbt_pipeline_prod' retrieved from /opt/airflow/dags/prod/airbyte_to_dbt_prod.py
[2026-08-29T14:47:56.791+0000] {logging_mixin.py:190} INFO - [2026-08-29T14:47:56.791+0000] {dag.py:3239} INFO - Sync 1 DAGs
[2026-08-29T14:47:56.822+0000] {logging_mixin.py:190} INFO - [2026-08-29T14:47:56.822+0000] {dag.py:4180} INFO - Setting next_dagrun for airbyte_to_dbt_pipeline_prod to 2026-08-29 13:00:00+00:00, run_after=2026-08-29 14:00:00+00:00
[2026-08-29T14:47:56.843+0000] {processor.py:208} INFO - Processing /opt/airflow/dags/prod/airbyte_to_dbt_prod.py took 0.144 seconds
[2026-08-29T14:48:27.010+0000] {processor.py:186} INFO - Started process (PID=2736) to work on /opt/airflow/dags/prod/airbyte_to_dbt_prod.py
[2026-08-29T14:48:27.012+0000] {processor.py:914} INFO - Processing file /opt/airflow/dags/prod/airbyte_to_dbt_prod.py for tasks to queue
[2026-08-29T14:48:27.016+0000] {logging_mixin.py:190} INFO - [2026-08-29T14:48:27.015+0000] {dagbag.py:588} INFO - Filling up the DagBag from /opt/airflow/dags/prod/airbyte_to_dbt_prod.py
[2026-08-29T14:48:27.040+0000] {processor.py:925} INFO - DAG(s) 'airbyte_to_dbt_pipeline_prod' retrieved from /opt/airflow/dags/prod/airbyte_to_dbt_prod.py
[2026-08-29T14:48:27.083+0000] {logging_mixin.py:190} INFO - [2026-08-29T14:48:27.082+0000] {dag.py:3239} INFO - Sync 1 DAGs
[2026-08-29T14:48:27.114+0000] {logging_mixin.py:190} INFO - [2026-08-29T14:48:27.114+0000] {dag.py:4180} INFO - Setting next_dagrun for airbyte_to_dbt_pipeline_prod to 2026-08-29 13:00:00+00:00, run_after=2026-08-29 14:00:00+00:00
[2026-08-29T14:48:27.137+0000] {processor.py:208} INFO - Processing /opt/airflow/dags/prod/airbyte_to_dbt_prod.py took 0.137 seconds
[2026-08-29T14:48:57.317+0000] {processor.py:186} INFO - Started process (PID=2746) to work on /opt/airflow/dags/prod/airbyte_to_dbt_prod.py
[2026-08-29T14:48:57.318+0000] {processor.py:914} INFO - Processing file /opt/airflow/dags/prod/airbyte_to_dbt_prod.py for tasks to queue
[2026-08-29T14:48:57.321+0000] {logging_mixin.py:190} INFO - [2026-08-29T14:48:57.320+0000] {dagbag.py:588} INFO - Filling up the DagBag from /opt/airflow/dags/prod/airbyte_to_dbt_prod.py
[2026-08-29T14:48:57.344+0000] {processor.py:925} INFO - DAG(s) 'airbyte_to_dbt_pipeline_prod' retrieved from /opt/airflow/dags/prod/airbyte_to_dbt_prod.py
[2026-08-29T14:48:57.384+0000] {logging_mixin.py:190} INFO - [2026-08-29T14:48:57.384+0000] {dag.py:3239} INFO - Sync 1 DAGs
[2026-08-29T14:48:57.420+0000] {logging_mixin.py:190} INFO - [2026-08-29T14:48:57.420+0000] {dag.py:4180} INFO - Setting next_dagrun for airbyte_to_dbt_pipeline_prod to 2026-08-29 13:00:00+00:00, run_after=2026-08-29 14:00:00+00:00
[2026-08-29T14:48:57.444+0000] {processor.py:208} INFO - Processing /opt/airflow/dags/prod/airbyte_to_dbt_prod.py took 0.136 seconds
[2026-08-29T14:49:27.602+0000] {processor.py:186} INFO - Started process (PID=2756) to work on /opt/airflow/dags/prod/airbyte_to_dbt_prod.py
[2026-08-29T14:49:27.604+0000] {processor.py:914} INFO - Processing file /opt/airflow/dags/prod/airbyte_to_dbt_prod.py for tasks to queue
[2026-08-29T14:49:27.607+0000] {logging_mixin.py:190} INFO - [2026-08-29T14:49:27.607+0000] {dagbag.py:588} INFO - Filling up the DagBag from /opt/airflow/dags/prod/airbyte_to_dbt_prod.py
[2026-08-29T14:49:27.630+0000] {processor.py:925} INFO - DAG(s) 'airbyte_to_dbt_pipeline_prod' retrieved from /opt/airflow/dags/prod/airbyte_to_dbt_prod.py
[2026-08-29T14:49:27.672+0000] {logging_mixin.py:190} INFO - [2026-08-29T14:49:27.672+0000] {dag.py:3239} INFO - Sync 1 DAGs
[2026-08-29T14:49:27.706+0000] {logging_mixin.py:190} INFO - [2026-08-29T14:49:27.706+0000] {dag.py:4180} INFO - Setting next_dagrun for airbyte_to_dbt_pipeline_prod to 2026-08-29 13:00:00+00:00, run_after=2026-08-29 14:00:00+00:00
[2026-08-29T14:49:27.731+0000] {processor.py:208} INFO - Processing /opt/airflow/dags/prod/airbyte_to_dbt_prod.py took 0.139 seconds
[2026-08-29T14:49:57.891+0000] {processor.py:186} INFO - Started process (PID=2766) to work on /opt/airflow/dags/prod/airbyte_to_dbt_prod.py
[2026-08-29T14:49:57.892+0000] {processor.py:914} INFO - Processing file /opt/airflow/dags/prod/airbyte_to_dbt_prod.py for tasks to queue
[2026-08-29T14:49:57.895+0000] {logging_mixin.py:190} INFO - [2026-08-29T14:49:57.895+0000] {dagbag.py:588} INFO - Filling up the DagBag from /opt/airflow/dags/prod/airbyte_to_dbt_prod.py
[2026-08-29T14:49:57.917+0000] {processor.py:925} INFO - DAG(s) 'airbyte_to_dbt_pipeline_prod' retrieved from /opt/airflow/dags/prod/airbyte_to_dbt_prod.py
[2026-08-29T14:49:57.960+0000] {logging_mixin.py:190} INFO - [2026-08-29T14:49:57.959+0000] {dag.py:3239} INFO - Sync 1 DAGs
[2026-08-29T14:49:57.992+0000] {logging_mixin.py:190} INFO - [2026-08-29T14:49:57.991+0000] {dag.py:4180} INFO - Setting next_dagrun for airbyte_to_dbt_pipeline_prod to 2026-08-29 13:00:00+00:00, run_after=2026-08-29 14:00:00+00:00
[2026-08-29T14:49:58.014+0000] {processor.py:208} INFO - Processing /opt/airflow/dags/prod/airbyte_to_dbt_prod.py took 0.131 seconds
[2026-08-29T14:50:28.168+0000] {processor.py:186} INFO - Started process (PID=2776) to work on /opt/airflow/dags/prod/airbyte_to_dbt_prod.py
[2026-08-29T14:50:28.169+0000] {processor.py:914} INFO - Processing file /opt/airflow/dags/prod/airbyte_to_dbt_prod.py for tasks to queue
[2026-08-29T14:50:28.172+0000] {logging_mixin.py:190} INFO - [2026-08-29T14:50:28.172+0000] {dagbag.py:588} INFO - Filling up the DagBag from /opt/airflow/dags/prod/airbyte_to_dbt_prod.py
[2026-08-29T14:50:28.195+0000] {processor.py:925} INFO - DAG(s) 'airbyte_to_dbt_pipeline_prod' retrieved from /opt/airflow/dags/prod/airbyte_to_dbt_prod.py
[2026-08-29T14:50:28.245+0000] {logging_mixin.py:190} INFO - [2026-08-29T14:50:28.244+0000] {dag.py:3239} INFO - Sync 1 DAGs
[2026-08-29T14:50:28.280+0000] {logging_mixin.py:190} INFO - [2026-08-29T14:50:28.279+0000] {dag.py:4180} INFO - Setting next_dagrun for airbyte_to_dbt_pipeline_prod to 2026-08-29 13:00:00+00:00, run_after=2026-08-29 14:00:00+00:00
[2026-08-29T14:50:28.305+0000] {processor.py:208} INFO - Processing /opt/airflow/dags/prod/airbyte_to_dbt_prod.py took 0.145 seconds
[2026-08-29T14:50:58.472+0000] {processor.py:186} INFO - Started process (PID=2786) to work on /opt/airflow/dags/prod/airbyte_to_dbt_prod.py
[2026-08-29T14:50:58.473+0000] {processor.py:914} INFO - Processing file /opt/airflow/dags/prod/airbyte_to_dbt_prod.py for tasks to queue
[2026-08-29T14:50:58.477+0000] {logging_mixin.py:190} INFO - [2026-08-29T14:50:58.476+0000] {dagbag.py:588} INFO - Filling up the DagBag from /opt/airflow/dags/prod/airbyte_to_dbt_prod.py
[2026-08-29T14:50:58.500+0000] {processor.py:925} INFO - DAG(s) 'airbyte_to_dbt_pipeline_prod' retrieved from /opt/airflow/dags/prod/airbyte_to_dbt_prod.py
[2026-08-29T14:50:58.541+0000] {logging_mixin.py:190} INFO - [2026-08-29T14:50:58.541+0000] {dag.py:3239} INFO - Sync 1 DAGs
[2026-08-29T14:50:58.576+0000] {logging_mixin.py:190} INFO - [2026-08-29T14:50:58.575+0000] {dag.py:4180} INFO - Setting next_dagrun for airbyte_to_dbt_pipeline_prod to 2026-08-29 13:00:00+00:00, run_after=2026-08-29 14:00:00+00:00
[2026-08-29T14:50:58.600+0000] {processor.py:208} INFO - Processing /opt/airflow/dags/prod/airbyte_to_dbt_prod.py took 0.138 seconds
[2026-08-29T14:51:28.764+0000] {processor.py:186} INFO - Started process (PID=2796) to work on /opt/airflow/dags/prod/airbyte_to_dbt_prod.py
[2026-08-29T14:51:28.767+0000] {processor.py:914} INFO - Processing file /opt/airflow/dags/prod/airbyte_to_dbt_prod.py for tasks to queue
[2026-08-29T14:51:28.771+0000] {logging_mixin.py:190} INFO - [2026-08-29T14:51:28.770+0000] {dagbag.py:588} INFO - Filling up the DagBag from /opt/airflow/dags/prod/airbyte_to_dbt_prod.py
[2026-08-29T14:51:28.795+0000] {processor.py:925} INFO - DAG(s) 'airbyte_to_dbt_pipeline_prod' retrieved from /opt/airflow/dags/prod/airbyte_to_dbt_prod.py
[2026-08-29T14:51:28.846+0000] {logging_mixin.py:190} INFO - [2026-08-29T14:51:28.845+0000] {dag.py:3239} INFO - Sync 1 DAGs
[2026-08-29T14:51:28.886+0000] {logging_mixin.py:190} INFO - [2026-08-29T14:51:28.886+0000] {dag.py:4180} INFO - Setting next_dagrun for airbyte_to_dbt_pipeline_prod to 2026-08-29 13:00:00+00:00, run_after=2026-08-29 14:00:00+00:00
[2026-08-29T14:51:28.913+0000] {processor.py:208} INFO - Processing /opt/airflow/dags/prod/airbyte_to_dbt_prod.py took 0.159 seconds
[2026-08-29T14:51:59.063+0000] {processor.py:186} INFO - Started process (PID=2806) to work on /opt/airflow/dags/prod/airbyte_to_dbt_prod.py
[2026-08-29T14:51:59.064+0000] {processor.py:914} INFO - Processing file /opt/airflow/dags/prod/airbyte_to_dbt_prod.py for tasks to queue
[2026-08-29T14:51:59.067+0000] {logging_mixin.py:190} INFO - [2026-08-29T14:51:59.066+0000] {dagbag.py:588} INFO - Filling up the DagBag from /opt/airflow/dags/prod/airbyte_to_dbt_prod.py
[2026-08-29T14:51:59.092+0000] {processor.py:925} INFO - DAG(s) 'airbyte_to_dbt_pipeline_prod' retrieved from /opt/airflow/dags/prod/airbyte_to_dbt_prod.py
[2026-08-29T14:51:59.129+0000] {logging_mixin.py:190} INFO - [2026-08-29T14:51:59.129+0000] {dag.py:3239} INFO - Sync 1 DAGs
[2026-08-29T14:51:59.156+0000] {logging_mixin.py:190} INFO - [2026-08-29T14:51:59.156+0000] {dag.py:4180} INFO - Setting next_dagrun for airbyte_to_dbt_pipeline_prod to 2026-08-29 13:00:00+00:00, run_after=2026-08-29 14:00:00+00:00
[2026-08-29T14:51:59.179+0000] {processor.py:208} INFO - Processing /opt/airflow/dags/prod/airbyte_to_dbt_prod.py took 0.125 seconds
[2026-08-29T14:52:29.338+0000] {processor.py:186} INFO - Started process (PID=2816) to work on /opt/airflow/dags/prod/airbyte_to_dbt_prod.py
[2026-08-29T14:52:29.339+0000] {processor.py:914} INFO - Processing file /opt/airflow/dags/prod/airbyte_to_dbt_prod.py for tasks to queue
[2026-08-29T14:52:29.342+0000] {logging_mixin.py:190} INFO - [2026-08-29T14:52:29.342+0000] {dagbag.py:588} INFO - Filling up the DagBag from /opt/airflow/dags/prod/airbyte_to_dbt_prod.py
[2026-08-29T14:52:29.365+0000] {processor.py:925} INFO - DAG(s) 'airbyte_to_dbt_pipeline_prod' retrieved from /opt/airflow/dags/prod/airbyte_to_dbt_prod.py
[2026-08-29T14:52:29.415+0000] {logging_mixin.py:190} INFO - [2026-08-29T14:52:29.415+0000] {dag.py:3239} INFO - Sync 1 DAGs
[2026-08-29T14:52:29.449+0000] {logging_mixin.py:190} INFO - [2026-08-29T14:52:29.448+0000] {dag.py:4180} INFO - Setting next_dagrun for airbyte_to_dbt_pipeline_prod to 2026-08-29 13:00:00+00:00, run_after=2026-08-29 14:00:00+00:00
[2026-08-29T14:52:29.471+0000] {processor.py:208} INFO - Processing /opt/airflow/dags/prod/airbyte_to_dbt_prod.py took 0.141 seconds
[2026-08-29T14:52:59.639+0000] {processor.py:186} INFO - Started process (PID=2826) to work on /opt/airflow/dags/prod/airbyte_to_dbt_prod.py
[2026-08-29T14:52:59.640+0000] {processor.py:914} INFO - Processing file /opt/airflow/dags/prod/airbyte_to_dbt_prod.py for tasks to queue
[2026-08-29T14:52:59.643+0000] {logging_mixin.py:190} INFO - [2026-08-29T14:52:59.643+0000] {dagbag.py:588} INFO - Filling up the DagBag from /opt/airflow/dags/prod/airbyte_to_dbt_prod.py
[2026-08-29T14:52:59.667+0000] {processor.py:925} INFO - DAG(s) 'airbyte_to_dbt_pipeline_prod' retrieved from /opt/airflow/dags/prod/airbyte_to_dbt_prod.py
[2026-08-29T14:52:59.708+0000] {logging_mixin.py:190} INFO - [2026-08-29T14:52:59.708+0000] {dag.py:3239} INFO - Sync 1 DAGs
[2026-08-29T14:52:59.741+0000] {logging_mixin.py:190} INFO - [2026-08-29T14:52:59.741+0000] {dag.py:4180} INFO - Setting next_dagrun for airbyte_to_dbt_pipeline_prod to 2026-08-29 13:00:00+00:00, run_after=2026-08-29 14:00:00+00:00
[2026-08-29T14:52:59.764+0000] {processor.py:208} INFO - Processing /opt/airflow/dags/prod/airbyte_to_dbt_prod.py took 0.133 seconds
[2026-08-29T14:53:29.929+0000] {processor.py:186} INFO - Started process (PID=2836) to work on /opt/airflow/dags/prod/airbyte_to_dbt_prod.py
[2026-08-29T14:53:29.930+0000] {processor.py:914} INFO - Processing file /opt/airflow/dags/prod/airbyte_to_dbt_prod.py for tasks to queue
[2026-08-29T14:53:29.933+0000] {logging_mixin.py:190} INFO - [2026-08-29T14:53:29.932+0000] {dagbag.py:588} INFO - Filling up the DagBag from /opt/airflow/dags/prod/airbyte_to_dbt_prod.py
[2026-08-29T14:53:29.955+0000] {processor.py:925} INFO - DAG(s) 'airbyte_to_dbt_pipeline_prod' retrieved from /opt/airflow/dags/prod/airbyte_to_dbt_prod.py
[2026-08-29T14:53:29.995+0000] {logging_mixin.py:190} INFO - [2026-08-29T14:53:29.995+0000] {dag.py:3239} INFO - Sync 1 DAGs
[2026-08-29T14:53:30.031+0000] {logging_mixin.py:190} INFO - [2026-08-29T14:53:30.031+0000] {dag.py:4180} INFO - Setting next_dagrun for airbyte_to_dbt_pipeline_prod to 2026-08-29 13:00:00+00:00, run_after=2026-08-29 14:00:00+00:00
[2026-08-29T14:53:30.057+0000] {processor.py:208} INFO - Processing /opt/airflow/dags/prod/airbyte_to_dbt_prod.py took 0.138 seconds
[2026-08-29T14:54:00.222+0000] {processor.py:186} INFO - Started process (PID=2846) to work on /opt/airflow/dags/prod/airbyte_to_dbt_prod.py
[2026-08-29T14:54:00.223+0000] {processor.py:914} INFO - Processing file /opt/airflow/dags/prod/airbyte_to_dbt_prod.py for tasks to queue
[2026-08-29T14:54:00.226+0000] {logging_mixin.py:190} INFO - [2026-08-29T14:54:00.225+0000] {dagbag.py:588} INFO - Filling up the DagBag from /opt/airflow/dags/prod/airbyte_to_dbt_prod.py
[2026-08-29T14:54:00.246+0000] {processor.py:925} INFO - DAG(s) 'airbyte_to_dbt_pipeline_prod' retrieved from /opt/airflow/dags/prod/airbyte_to_dbt_prod.py
[2026-08-29T14:54:00.296+0000] {logging_mixin.py:190} INFO - [2026-08-29T14:54:00.295+0000] {dag.py:3239} INFO - Sync 1 DAGs
[2026-08-29T14:54:00.334+0000] {logging_mixin.py:190} INFO - [2026-08-29T14:54:00.333+0000] {dag.py:4180} INFO - Setting next_dagrun for airbyte_to_dbt_pipeline_prod to 2026-08-29 13:00:00+00:00, run_after=2026-08-29 14:00:00+00:00
[2026-08-29T14:54:00.357+0000] {processor.py:208} INFO - Processing /opt/airflow/dags/prod/airbyte_to_dbt_prod.py took 0.144 seconds
[2026-08-29T14:54:30.519+0000] {processor.py:186} INFO - Started process (PID=2856) to work on /opt/airflow/dags/prod/airbyte_to_dbt_prod.py
[2026-08-29T14:54:30.520+0000] {processor.py:914} INFO - Processing file /opt/airflow/dags/prod/airbyte_to_dbt_prod.py for tasks to queue
[2026-08-29T14:54:30.524+0000] {logging_mixin.py:190} INFO - [2026-08-29T14:54:30.523+0000] {dagbag.py:588} INFO - Filling up the DagBag from /opt/airflow/dags/prod/airbyte_to_dbt_prod.py
[2026-08-29T14:54:30.547+0000] {processor.py:925} INFO - DAG(s) 'airbyte_to_dbt_pipeline_prod' retrieved from /opt/airflow/dags/prod/airbyte_to_dbt_prod.py
[2026-08-29T14:54:30.599+0000] {logging_mixin.py:190} INFO - [2026-08-29T14:54:30.599+0000] {dag.py:3239} INFO - Sync 1 DAGs
[2026-08-29T14:54:30.637+0000] {logging_mixin.py:190} INFO - [2026-08-29T14:54:30.636+0000] {dag.py:4180} INFO - Setting next_dagrun for airbyte_to_dbt_pipeline_prod to 2026-08-29 13:00:00+00:00, run_after=2026-08-29 14:00:00+00:00
[2026-08-29T14:54:30.661+0000] {processor.py:208} INFO - Processing /opt/airflow/dags/prod/airbyte_to_dbt_prod.py took 0.150 seconds
[2026-08-29T14:55:00.824+0000] {processor.py:186} INFO - Started process (PID=2866) to work on /opt/airflow/dags/prod/airbyte_to_dbt_prod.py
[2026-08-29T14:55:00.825+0000] {processor.py:914} INFO - Processing file /opt/airflow/dags/prod/airbyte_to_dbt_prod.py for tasks to queue
[2026-08-29T14:55:00.828+0000] {logging_mixin.py:190} INFO - [2026-08-29T14:55:00.828+0000] {dagbag.py:588} INFO - Filling up the DagBag from /opt/airflow/dags/prod/airbyte_to_dbt_prod.py
[2026-08-29T14:55:00.851+0000] {processor.py:925} INFO - DAG(s) 'airbyte_to_dbt_pipeline_prod' retrieved from /opt/airflow/dags/prod/airbyte_to_dbt_prod.py
[2026-08-29T14:55:00.899+0000] {logging_mixin.py:190} INFO - [2026-08-29T14:55:00.898+0000] {dag.py:3239} INFO - Sync 1 DAGs
[2026-08-29T14:55:00.933+0000] {logging_mixin.py:190} INFO - [2026-08-29T14:55:00.932+0000] {dag.py:4180} INFO - Setting next_dagrun for airbyte_to_dbt_pipeline_prod to 2026-08-29 13:00:00+00:00, run_after=2026-08-29 14:00:00+00:00
[2026-08-29T14:55:00.957+0000] {processor.py:208} INFO - Processing /opt/airflow/dags/prod/airbyte_to_dbt_prod.py took 0.142 seconds
[2026-08-29T14:55:31.120+0000] {processor.py:186} INFO - Started process (PID=2876) to work on /opt/airflow/dags/prod/airbyte_to_dbt_prod.py
[2026-08-29T14:55:31.122+0000] {processor.py:914} INFO - Processing file /opt/airflow/dags/prod/airbyte_to_dbt_prod.py for tasks to queue
[2026-08-29T14:55:31.125+0000] {logging_mixin.py:190} INFO - [2026-08-29T14:55:31.124+0000] {dagbag.py:588} INFO - Filling up the DagBag from /opt/airflow/dags/prod/airbyte_to_dbt_prod.py
[2026-08-29T14:55:31.147+0000] {processor.py:925} INFO - DAG(s) 'airbyte_to_dbt_pipeline_prod' retrieved from /opt/airflow/dags/prod/airbyte_to_dbt_prod.py
[2026-08-29T14:55:31.189+0000] {logging_mixin.py:190} INFO - [2026-08-29T14:55:31.189+0000] {dag.py:3239} INFO - Sync 1 DAGs
[2026-08-29T14:55:31.224+0000] {logging_mixin.py:190} INFO - [2026-08-29T14:55:31.223+0000] {dag.py:4180} INFO - Setting next_dagrun for airbyte_to_dbt_pipeline_prod to 2026-08-29 13:00:00+00:00, run_after=2026-08-29 14:00:00+00:00
[2026-08-29T14:55:31.247+0000] {processor.py:208} INFO - Processing /opt/airflow/dags/prod/airbyte_to_dbt_prod.py took 0.136 seconds
[2026-08-29T14:56:01.407+0000] {processor.py:186} INFO - Started process (PID=2886) to work on /opt/airflow/dags/prod/airbyte_to_dbt_prod.py
[2026-08-29T14:56:01.408+0000] {processor.py:914} INFO - Processing file /opt/airflow/dags/prod/airbyte_to_dbt_prod.py for tasks to queue
[2026-08-29T14:56:01.411+0000] {logging_mixin.py:190} INFO - [2026-08-29T14:56:01.411+0000] {dagbag.py:588} INFO - Filling up the DagBag from /opt/airflow/dags/prod/airbyte_to_dbt_prod.py
[2026-08-29T14:56:01.435+0000] {processor.py:925} INFO - DAG(s) 'airbyte_to_dbt_pipeline_prod' retrieved from /opt/airflow/dags/prod/airbyte_to_dbt_prod.py
[2026-08-29T14:56:01.486+0000] {logging_mixin.py:190} INFO - [2026-08-29T14:56:01.485+0000] {dag.py:3239} INFO - Sync 1 DAGs
[2026-08-29T14:56:01.523+0000] {logging_mixin.py:190} INFO - [2026-08-29T14:56:01.523+0000] {dag.py:4180} INFO - Setting next_dagrun for airbyte_to_dbt_pipeline_prod to 2026-08-29 13:00:00+00:00, run_after=2026-08-29 14:00:00+00:00
[2026-08-29T14:56:01.548+0000] {processor.py:208} INFO - Processing /opt/airflow/dags/prod/airbyte_to_dbt_prod.py took 0.149 seconds
[2026-08-29T14:56:31.711+0000] {processor.py:186} INFO - Started process (PID=2896) to work on /opt/airflow/dags/prod/airbyte_to_dbt_prod.py
[2026-08-29T14:56:31.712+0000] {processor.py:914} INFO - Processing file /opt/airflow/dags/prod/airbyte_to_dbt_prod.py for tasks to queue
[2026-08-29T14:56:31.715+0000] {logging_mixin.py:190} INFO - [2026-08-29T14:56:31.715+0000] {dagbag.py:588} INFO - Filling up the DagBag from /opt/airflow/dags/prod/airbyte_to_dbt_prod.py
[2026-08-29T14:56:31.738+0000] {processor.py:925} INFO - DAG(s) 'airbyte_to_dbt_pipeline_prod' retrieved from /opt/airflow/dags/prod/airbyte_to_dbt_prod.py
[2026-08-29T14:56:31.785+0000] {logging_mixin.py:190} INFO - [2026-08-29T14:56:31.784+0000] {dag.py:3239} INFO - Sync 1 DAGs
[2026-08-29T14:56:31.818+0000] {logging_mixin.py:190} INFO - [2026-08-29T14:56:31.818+0000] {dag.py:4180} INFO - Setting next_dagrun for airbyte_to_dbt_pipeline_prod to 2026-08-29 13:00:00+00:00, run_after=2026-08-29 14:00:00+00:00
[2026-08-29T14:56:31.841+0000] {processor.py:208} INFO - Processing /opt/airflow/dags/prod/airbyte_to_dbt_prod.py took 0.139 seconds
[2026-08-29T14:57:01.990+0000] {processor.py:186} INFO - Started process (PID=2906) to work on /opt/airflow/dags/prod/airbyte_to_dbt_prod.py
[2026-08-29T14:57:01.991+0000] {processor.py:914} INFO - Processing file /opt/airflow/dags/prod/airbyte_to_dbt_prod.py for tasks to queue
[2026-08-29T14:57:01.994+0000] {logging_mixin.py:190} INFO - [2026-08-29T14:57:01.993+0000] {dagbag.py:588} INFO - Filling up the DagBag from /opt/airflow/dags/prod/airbyte_to_dbt_prod.py
[2026-08-29T14:57:02.018+0000] {processor.py:925} INFO - DAG(s) 'airbyte_to_dbt_pipeline_prod' retrieved from /opt/airflow/dags/prod/airbyte_to_dbt_prod.py
[2026-08-29T14:57:02.060+0000] {logging_mixin.py:190} INFO - [2026-08-29T14:57:02.060+0000] {dag.py:3239} INFO - Sync 1 DAGs
[2026-08-29T14:57:02.093+0000] {logging_mixin.py:190} INFO - [2026-08-29T14:57:02.092+0000] {dag.py:4180} INFO - Setting next_dagrun for airbyte_to_dbt_pipeline_prod to 2026-08-29 13:00:00+00:00, run_after=2026-08-29 14:00:00+00:00
[2026-08-29T14:57:02.114+0000] {processor.py:208} INFO - Processing /opt/airflow/dags/prod/airbyte_to_dbt_prod.py took 0.133 seconds
[2026-08-29T15:30:21.364+0000] {processor.py:186} INFO - Started process (PID=2914) to work on /opt/airflow/dags/prod/airbyte_to_dbt_prod.py
[2026-08-29T15:30:21.373+0000] {processor.py:914} INFO - Processing file /opt/airflow/dags/prod/airbyte_to_dbt_prod.py for tasks to queue
[2026-08-29T15:30:21.381+0000] {logging_mixin.py:190} INFO - [2026-08-29T15:30:21.377+0000] {dagbag.py:588} INFO - Filling up the DagBag from /opt/airflow/dags/prod/airbyte_to_dbt_prod.py
[2026-08-29T15:30:21.434+0000] {processor.py:925} INFO - DAG(s) 'airbyte_to_dbt_pipeline_prod' retrieved from /opt/airflow/dags/prod/airbyte_to_dbt_prod.py
[2026-08-29T15:30:21.514+0000] {logging_mixin.py:190} INFO - [2026-08-29T15:30:21.514+0000] {dag.py:3239} INFO - Sync 1 DAGs
[2026-08-29T15:30:21.576+0000] {logging_mixin.py:190} INFO - [2026-08-29T15:30:21.576+0000] {dag.py:4180} INFO - Setting next_dagrun for airbyte_to_dbt_pipeline_prod to 2026-08-29 14:00:00+00:00, run_after=2026-08-29 15:00:00+00:00
[2026-08-29T15:30:21.613+0000] {processor.py:208} INFO - Processing /opt/airflow/dags/prod/airbyte_to_dbt_prod.py took 0.268 seconds
[2026-08-29T15:30:51.817+0000] {processor.py:186} INFO - Started process (PID=2926) to work on /opt/airflow/dags/prod/airbyte_to_dbt_prod.py
[2026-08-29T15:30:51.818+0000] {processor.py:914} INFO - Processing file /opt/airflow/dags/prod/airbyte_to_dbt_prod.py for tasks to queue
[2026-08-29T15:30:51.822+0000] {logging_mixin.py:190} INFO - [2026-08-29T15:30:51.822+0000] {dagbag.py:588} INFO - Filling up the DagBag from /opt/airflow/dags/prod/airbyte_to_dbt_prod.py
[2026-08-29T15:30:51.851+0000] {processor.py:925} INFO - DAG(s) 'airbyte_to_dbt_pipeline_prod' retrieved from /opt/airflow/dags/prod/airbyte_to_dbt_prod.py
[2026-08-29T15:30:51.902+0000] {logging_mixin.py:190} INFO - [2026-08-29T15:30:51.902+0000] {dag.py:3239} INFO - Sync 1 DAGs
[2026-08-29T15:30:51.941+0000] {logging_mixin.py:190} INFO - [2026-08-29T15:30:51.941+0000] {dag.py:4180} INFO - Setting next_dagrun for airbyte_to_dbt_pipeline_prod to 2026-08-29 14:00:00+00:00, run_after=2026-08-29 15:00:00+00:00
[2026-08-29T15:30:51.964+0000] {processor.py:208} INFO - Processing /opt/airflow/dags/prod/airbyte_to_dbt_prod.py took 0.155 seconds
[2026-08-29T15:31:22.128+0000] {processor.py:186} INFO - Started process (PID=2936) to work on /opt/airflow/dags/prod/airbyte_to_dbt_prod.py
[2026-08-29T15:31:22.130+0000] {processor.py:914} INFO - Processing file /opt/airflow/dags/prod/airbyte_to_dbt_prod.py for tasks to queue
[2026-08-29T15:31:22.133+0000] {logging_mixin.py:190} INFO - [2026-08-29T15:31:22.133+0000] {dagbag.py:588} INFO - Filling up the DagBag from /opt/airflow/dags/prod/airbyte_to_dbt_prod.py
[2026-08-29T15:31:22.157+0000] {processor.py:925} INFO - DAG(s) 'airbyte_to_dbt_pipeline_prod' retrieved from /opt/airflow/dags/prod/airbyte_to_dbt_prod.py
[2026-08-29T15:31:22.215+0000] {logging_mixin.py:190} INFO - [2026-08-29T15:31:22.214+0000] {dag.py:3239} INFO - Sync 1 DAGs
[2026-08-29T15:31:22.263+0000] {logging_mixin.py:190} INFO - [2026-08-29T15:31:22.263+0000] {dag.py:4180} INFO - Setting next_dagrun for airbyte_to_dbt_pipeline_prod to 2026-08-29 14:00:00+00:00, run_after=2026-08-29 15:00:00+00:00
[2026-08-29T15:31:22.290+0000] {processor.py:208} INFO - Processing /opt/airflow/dags/prod/airbyte_to_dbt_prod.py took 0.171 seconds
[2026-08-29T15:31:52.453+0000] {processor.py:186} INFO - Started process (PID=2946) to work on /opt/airflow/dags/prod/airbyte_to_dbt_prod.py
[2026-08-29T15:31:52.454+0000] {processor.py:914} INFO - Processing file /opt/airflow/dags/prod/airbyte_to_dbt_prod.py for tasks to queue
[2026-08-29T15:31:52.459+0000] {logging_mixin.py:190} INFO - [2026-08-29T15:31:52.458+0000] {dagbag.py:588} INFO - Filling up the DagBag from /opt/airflow/dags/prod/airbyte_to_dbt_prod.py
[2026-08-29T15:31:52.486+0000] {processor.py:925} INFO - DAG(s) 'airbyte_to_dbt_pipeline_prod' retrieved from /opt/airflow/dags/prod/airbyte_to_dbt_prod.py
[2026-08-29T15:31:52.529+0000] {logging_mixin.py:190} INFO - [2026-08-29T15:31:52.529+0000] {dag.py:3239} INFO - Sync 1 DAGs
[2026-08-29T15:31:52.568+0000] {logging_mixin.py:190} INFO - [2026-08-29T15:31:52.568+0000] {dag.py:4180} INFO - Setting next_dagrun for airbyte_to_dbt_pipeline_prod to 2026-08-29 14:00:00+00:00, run_after=2026-08-29 15:00:00+00:00
[2026-08-29T15:31:52.587+0000] {processor.py:208} INFO - Processing /opt/airflow/dags/prod/airbyte_to_dbt_prod.py took 0.143 seconds
[2026-08-29T15:32:22.759+0000] {processor.py:186} INFO - Started process (PID=2956) to work on /opt/airflow/dags/prod/airbyte_to_dbt_prod.py
[2026-08-29T15:32:22.760+0000] {processor.py:914} INFO - Processing file /opt/airflow/dags/prod/airbyte_to_dbt_prod.py for tasks to queue
[2026-08-29T15:32:22.764+0000] {logging_mixin.py:190} INFO - [2026-08-29T15:32:22.764+0000] {dagbag.py:588} INFO - Filling up the DagBag from /opt/airflow/dags/prod/airbyte_to_dbt_prod.py
[2026-08-29T15:32:22.789+0000] {processor.py:925} INFO - DAG(s) 'airbyte_to_dbt_pipeline_prod' retrieved from /opt/airflow/dags/prod/airbyte_to_dbt_prod.py
[2026-08-29T15:32:22.829+0000] {logging_mixin.py:190} INFO - [2026-08-29T15:32:22.828+0000] {dag.py:3239} INFO - Sync 1 DAGs
[2026-08-29T15:32:22.875+0000] {logging_mixin.py:190} INFO - [2026-08-29T15:32:22.875+0000] {dag.py:4180} INFO - Setting next_dagrun for airbyte_to_dbt_pipeline_prod to 2026-08-29 14:00:00+00:00, run_after=2026-08-29 15:00:00+00:00
[2026-08-29T15:32:22.905+0000] {processor.py:208} INFO - Processing /opt/airflow/dags/prod/airbyte_to_dbt_prod.py took 0.157 seconds
[2026-08-29T15:32:53.074+0000] {processor.py:186} INFO - Started process (PID=2966) to work on /opt/airflow/dags/prod/airbyte_to_dbt_prod.py
[2026-08-29T15:32:53.075+0000] {processor.py:914} INFO - Processing file /opt/airflow/dags/prod/airbyte_to_dbt_prod.py for tasks to queue
[2026-08-29T15:32:53.079+0000] {logging_mixin.py:190} INFO - [2026-08-29T15:32:53.078+0000] {dagbag.py:588} INFO - Filling up the DagBag from /opt/airflow/dags/prod/airbyte_to_dbt_prod.py
[2026-08-29T15:32:53.102+0000] {processor.py:925} INFO - DAG(s) 'airbyte_to_dbt_pipeline_prod' retrieved from /opt/airflow/dags/prod/airbyte_to_dbt_prod.py
[2026-08-29T15:32:53.155+0000] {logging_mixin.py:190} INFO - [2026-08-29T15:32:53.155+0000] {dag.py:3239} INFO - Sync 1 DAGs
[2026-08-29T15:32:53.188+0000] {logging_mixin.py:190} INFO - [2026-08-29T15:32:53.188+0000] {dag.py:4180} INFO - Setting next_dagrun for airbyte_to_dbt_pipeline_prod to 2026-08-29 14:00:00+00:00, run_after=2026-08-29 15:00:00+00:00
[2026-08-29T15:32:53.214+0000] {processor.py:208} INFO - Processing /opt/airflow/dags/prod/airbyte_to_dbt_prod.py took 0.149 seconds
[2026-08-29T15:33:23.392+0000] {processor.py:186} INFO - Started process (PID=2976) to work on /opt/airflow/dags/prod/airbyte_to_dbt_prod.py
[2026-08-29T15:33:23.395+0000] {processor.py:914} INFO - Processing file /opt/airflow/dags/prod/airbyte_to_dbt_prod.py for tasks to queue
[2026-08-29T15:33:23.402+0000] {logging_mixin.py:190} INFO - [2026-08-29T15:33:23.401+0000] {dagbag.py:588} INFO - Filling up the DagBag from /opt/airflow/dags/prod/airbyte_to_dbt_prod.py
[2026-08-29T15:33:23.439+0000] {processor.py:925} INFO - DAG(s) 'airbyte_to_dbt_pipeline_prod' retrieved from /opt/airflow/dags/prod/airbyte_to_dbt_prod.py
[2026-08-29T15:33:23.507+0000] {logging_mixin.py:190} INFO - [2026-08-29T15:33:23.507+0000] {dag.py:3239} INFO - Sync 1 DAGs
[2026-08-29T15:33:23.563+0000] {logging_mixin.py:190} INFO - [2026-08-29T15:33:23.562+0000] {dag.py:4180} INFO - Setting next_dagrun for airbyte_to_dbt_pipeline_prod to 2026-08-29 14:00:00+00:00, run_after=2026-08-29 15:00:00+00:00
[2026-08-29T15:33:23.589+0000] {processor.py:208} INFO - Processing /opt/airflow/dags/prod/airbyte_to_dbt_prod.py took 0.208 seconds
[2026-08-29T15:33:53.781+0000] {processor.py:186} INFO - Started process (PID=2986) to work on /opt/airflow/dags/prod/airbyte_to_dbt_prod.py
[2026-08-29T15:33:53.782+0000] {processor.py:914} INFO - Processing file /opt/airflow/dags/prod/airbyte_to_dbt_prod.py for tasks to queue
[2026-08-29T15:33:53.786+0000] {logging_mixin.py:190} INFO - [2026-08-29T15:33:53.786+0000] {dagbag.py:588} INFO - Filling up the DagBag from /opt/airflow/dags/prod/airbyte_to_dbt_prod.py
[2026-08-29T15:33:53.818+0000] {processor.py:925} INFO - DAG(s) 'airbyte_to_dbt_pipeline_prod' retrieved from /opt/airflow/dags/prod/airbyte_to_dbt_prod.py
[2026-08-29T15:33:53.872+0000] {logging_mixin.py:190} INFO - [2026-08-29T15:33:53.871+0000] {dag.py:3239} INFO - Sync 1 DAGs
[2026-08-29T15:33:53.926+0000] {logging_mixin.py:190} INFO - [2026-08-29T15:33:53.926+0000] {dag.py:4180} INFO - Setting next_dagrun for airbyte_to_dbt_pipeline_prod to 2026-08-29 14:00:00+00:00, run_after=2026-08-29 15:00:00+00:00
[2026-08-29T15:33:53.956+0000] {processor.py:208} INFO - Processing /opt/airflow/dags/prod/airbyte_to_dbt_prod.py took 0.187 seconds
[2026-08-29T15:34:24.165+0000] {processor.py:186} INFO - Started process (PID=2996) to work on /opt/airflow/dags/prod/airbyte_to_dbt_prod.py
[2026-08-29T15:34:24.167+0000] {processor.py:914} INFO - Processing file /opt/airflow/dags/prod/airbyte_to_dbt_prod.py for tasks to queue
[2026-08-29T15:34:24.171+0000] {logging_mixin.py:190} INFO - [2026-08-29T15:34:24.170+0000] {dagbag.py:588} INFO - Filling up the DagBag from /opt/airflow/dags/prod/airbyte_to_dbt_prod.py
[2026-08-29T15:34:24.204+0000] {processor.py:925} INFO - DAG(s) 'airbyte_to_dbt_pipeline_prod' retrieved from /opt/airflow/dags/prod/airbyte_to_dbt_prod.py
[2026-08-29T15:34:24.263+0000] {logging_mixin.py:190} INFO - [2026-08-29T15:34:24.263+0000] {dag.py:3239} INFO - Sync 1 DAGs
[2026-08-29T15:34:24.306+0000] {logging_mixin.py:190} INFO - [2026-08-29T15:34:24.306+0000] {dag.py:4180} INFO - Setting next_dagrun for airbyte_to_dbt_pipeline_prod to 2026-08-29 14:00:00+00:00, run_after=2026-08-29 15:00:00+00:00
[2026-08-29T15:34:24.334+0000] {processor.py:208} INFO - Processing /opt/airflow/dags/prod/airbyte_to_dbt_prod.py took 0.179 seconds
[2026-08-29T15:34:54.554+0000] {processor.py:186} INFO - Started process (PID=3006) to work on /opt/airflow/dags/prod/airbyte_to_dbt_prod.py
[2026-08-29T15:34:54.556+0000] {processor.py:914} INFO - Processing file /opt/airflow/dags/prod/airbyte_to_dbt_prod.py for tasks to queue
[2026-08-29T15:34:54.560+0000] {logging_mixin.py:190} INFO - [2026-08-29T15:34:54.559+0000] {dagbag.py:588} INFO - Filling up the DagBag from /opt/airflow/dags/prod/airbyte_to_dbt_prod.py
[2026-08-29T15:34:54.585+0000] {processor.py:925} INFO - DAG(s) 'airbyte_to_dbt_pipeline_prod' retrieved from /opt/airflow/dags/prod/airbyte_to_dbt_prod.py
[2026-08-29T15:34:54.631+0000] {logging_mixin.py:190} INFO - [2026-08-29T15:34:54.631+0000] {dag.py:3239} INFO - Sync 1 DAGs
[2026-08-29T15:34:54.661+0000] {logging_mixin.py:190} INFO - [2026-08-29T15:34:54.661+0000] {dag.py:4180} INFO - Setting next_dagrun for airbyte_to_dbt_pipeline_prod to 2026-08-29 14:00:00+00:00, run_after=2026-08-29 15:00:00+00:00
[2026-08-29T15:34:54.701+0000] {processor.py:208} INFO - Processing /opt/airflow/dags/prod/airbyte_to_dbt_prod.py took 0.161 seconds
[2026-08-29T15:35:24.871+0000] {processor.py:186} INFO - Started process (PID=3018) to work on /opt/airflow/dags/prod/airbyte_to_dbt_prod.py
[2026-08-29T15:35:24.872+0000] {processor.py:914} INFO - Processing file /opt/airflow/dags/prod/airbyte_to_dbt_prod.py for tasks to queue
[2026-08-29T15:35:24.875+0000] {logging_mixin.py:190} INFO - [2026-08-29T15:35:24.875+0000] {dagbag.py:588} INFO - Filling up the DagBag from /opt/airflow/dags/prod/airbyte_to_dbt_prod.py
[2026-08-29T15:35:24.901+0000] {processor.py:925} INFO - DAG(s) 'airbyte_to_dbt_pipeline_prod' retrieved from /opt/airflow/dags/prod/airbyte_to_dbt_prod.py
[2026-08-29T15:35:24.945+0000] {logging_mixin.py:190} INFO - [2026-08-29T15:35:24.945+0000] {dag.py:3239} INFO - Sync 1 DAGs
[2026-08-29T15:35:24.971+0000] {logging_mixin.py:190} INFO - [2026-08-29T15:35:24.971+0000] {dag.py:4180} INFO - Setting next_dagrun for airbyte_to_dbt_pipeline_prod to 2026-08-29 14:00:00+00:00, run_after=2026-08-29 15:00:00+00:00
[2026-08-29T15:35:24.994+0000] {processor.py:208} INFO - Processing /opt/airflow/dags/prod/airbyte_to_dbt_prod.py took 0.131 seconds
[2026-08-29T15:35:55.043+0000] {processor.py:186} INFO - Started process (PID=3026) to work on /opt/airflow/dags/prod/airbyte_to_dbt_prod.py
[2026-08-29T15:35:55.045+0000] {processor.py:914} INFO - Processing file /opt/airflow/dags/prod/airbyte_to_dbt_prod.py for tasks to queue
[2026-08-29T15:35:55.053+0000] {logging_mixin.py:190} INFO - [2026-08-29T15:35:55.051+0000] {dagbag.py:588} INFO - Filling up the DagBag from /opt/airflow/dags/prod/airbyte_to_dbt_prod.py
[2026-08-29T15:35:55.135+0000] {processor.py:925} INFO - DAG(s) 'airbyte_to_dbt_pipeline_prod' retrieved from /opt/airflow/dags/prod/airbyte_to_dbt_prod.py
[2026-08-29T15:35:55.229+0000] {logging_mixin.py:190} INFO - [2026-08-29T15:35:55.228+0000] {dag.py:3239} INFO - Sync 1 DAGs
[2026-08-29T15:35:55.313+0000] {logging_mixin.py:190} INFO - [2026-08-29T15:35:55.313+0000] {dag.py:4180} INFO - Setting next_dagrun for airbyte_to_dbt_pipeline_prod to 2026-08-29 14:00:00+00:00, run_after=2026-08-29 15:00:00+00:00
[2026-08-29T15:35:55.339+0000] {processor.py:208} INFO - Processing /opt/airflow/dags/prod/airbyte_to_dbt_prod.py took 0.312 seconds
[2026-08-29T15:36:25.531+0000] {processor.py:186} INFO - Started process (PID=3036) to work on /opt/airflow/dags/prod/airbyte_to_dbt_prod.py
[2026-08-29T15:36:25.532+0000] {processor.py:914} INFO - Processing file /opt/airflow/dags/prod/airbyte_to_dbt_prod.py for tasks to queue
[2026-08-29T15:36:25.535+0000] {logging_mixin.py:190} INFO - [2026-08-29T15:36:25.534+0000] {dagbag.py:588} INFO - Filling up the DagBag from /opt/airflow/dags/prod/airbyte_to_dbt_prod.py
[2026-08-29T15:36:25.556+0000] {processor.py:925} INFO - DAG(s) 'airbyte_to_dbt_pipeline_prod' retrieved from /opt/airflow/dags/prod/airbyte_to_dbt_prod.py
[2026-08-29T15:36:25.596+0000] {logging_mixin.py:190} INFO - [2026-08-29T15:36:25.595+0000] {dag.py:3239} INFO - Sync 1 DAGs
[2026-08-29T15:36:25.639+0000] {logging_mixin.py:190} INFO - [2026-08-29T15:36:25.639+0000] {dag.py:4180} INFO - Setting next_dagrun for airbyte_to_dbt_pipeline_prod to 2026-08-29 14:00:00+00:00, run_after=2026-08-29 15:00:00+00:00
[2026-08-29T15:36:25.666+0000] {processor.py:208} INFO - Processing /opt/airflow/dags/prod/airbyte_to_dbt_prod.py took 0.144 seconds
[2026-08-29T15:36:55.855+0000] {processor.py:186} INFO - Started process (PID=3046) to work on /opt/airflow/dags/prod/airbyte_to_dbt_prod.py
[2026-08-29T15:36:55.856+0000] {processor.py:914} INFO - Processing file /opt/airflow/dags/prod/airbyte_to_dbt_prod.py for tasks to queue
[2026-08-29T15:36:55.861+0000] {logging_mixin.py:190} INFO - [2026-08-29T15:36:55.860+0000] {dagbag.py:588} INFO - Filling up the DagBag from /opt/airflow/dags/prod/airbyte_to_dbt_prod.py
[2026-08-29T15:36:55.892+0000] {processor.py:925} INFO - DAG(s) 'airbyte_to_dbt_pipeline_prod' retrieved from /opt/airflow/dags/prod/airbyte_to_dbt_prod.py
[2026-08-29T15:36:55.952+0000] {logging_mixin.py:190} INFO - [2026-08-29T15:36:55.952+0000] {dag.py:3239} INFO - Sync 1 DAGs
[2026-08-29T15:36:55.986+0000] {logging_mixin.py:190} INFO - [2026-08-29T15:36:55.986+0000] {dag.py:4180} INFO - Setting next_dagrun for airbyte_to_dbt_pipeline_prod to 2026-08-29 14:00:00+00:00, run_after=2026-08-29 15:00:00+00:00
[2026-08-29T15:36:56.009+0000] {processor.py:208} INFO - Processing /opt/airflow/dags/prod/airbyte_to_dbt_prod.py took 0.167 seconds
[2026-08-29T15:37:27.169+0000] {processor.py:186} INFO - Started process (PID=3054) to work on /opt/airflow/dags/prod/airbyte_to_dbt_prod.py
[2026-08-29T15:37:27.175+0000] {processor.py:914} INFO - Processing file /opt/airflow/dags/prod/airbyte_to_dbt_prod.py for tasks to queue
[2026-08-29T15:37:27.312+0000] {logging_mixin.py:190} INFO - [2026-08-29T15:37:27.304+0000] {dagbag.py:588} INFO - Filling up the DagBag from /opt/airflow/dags/prod/airbyte_to_dbt_prod.py
[2026-08-29T15:37:28.575+0000] {processor.py:925} INFO - DAG(s) 'airbyte_to_dbt_pipeline_prod' retrieved from /opt/airflow/dags/prod/airbyte_to_dbt_prod.py
[2026-08-29T15:37:28.933+0000] {logging_mixin.py:190} INFO - [2026-08-29T15:37:28.933+0000] {dag.py:3239} INFO - Sync 1 DAGs
[2026-08-29T15:37:29.061+0000] {logging_mixin.py:190} INFO - [2026-08-29T15:37:29.060+0000] {dag.py:4180} INFO - Setting next_dagrun for airbyte_to_dbt_pipeline_prod to 2026-08-29 14:00:00+00:00, run_after=2026-08-29 15:00:00+00:00
[2026-08-29T15:37:29.095+0000] {processor.py:208} INFO - Processing /opt/airflow/dags/prod/airbyte_to_dbt_prod.py took 2.604 seconds
[2026-08-29T15:37:59.270+0000] {processor.py:186} INFO - Started process (PID=3066) to work on /opt/airflow/dags/prod/airbyte_to_dbt_prod.py
[2026-08-29T15:37:59.271+0000] {processor.py:914} INFO - Processing file /opt/airflow/dags/prod/airbyte_to_dbt_prod.py for tasks to queue
[2026-08-29T15:37:59.276+0000] {logging_mixin.py:190} INFO - [2026-08-29T15:37:59.275+0000] {dagbag.py:588} INFO - Filling up the DagBag from /opt/airflow/dags/prod/airbyte_to_dbt_prod.py
[2026-08-29T15:37:59.301+0000] {processor.py:925} INFO - DAG(s) 'airbyte_to_dbt_pipeline_prod' retrieved from /opt/airflow/dags/prod/airbyte_to_dbt_prod.py
[2026-08-29T15:37:59.349+0000] {logging_mixin.py:190} INFO - [2026-08-29T15:37:59.349+0000] {dag.py:3239} INFO - Sync 1 DAGs
[2026-08-29T15:37:59.381+0000] {logging_mixin.py:190} INFO - [2026-08-29T15:37:59.381+0000] {dag.py:4180} INFO - Setting next_dagrun for airbyte_to_dbt_pipeline_prod to 2026-08-29 14:00:00+00:00, run_after=2026-08-29 15:00:00+00:00
[2026-08-29T15:37:59.404+0000] {processor.py:208} INFO - Processing /opt/airflow/dags/prod/airbyte_to_dbt_prod.py took 0.143 seconds
[2026-08-29T15:38:29.627+0000] {processor.py:186} INFO - Started process (PID=3076) to work on /opt/airflow/dags/prod/airbyte_to_dbt_prod.py
[2026-08-29T15:38:29.629+0000] {processor.py:914} INFO - Processing file /opt/airflow/dags/prod/airbyte_to_dbt_prod.py for tasks to queue
[2026-08-29T15:38:29.637+0000] {logging_mixin.py:190} INFO - [2026-08-29T15:38:29.636+0000] {dagbag.py:588} INFO - Filling up the DagBag from /opt/airflow/dags/prod/airbyte_to_dbt_prod.py
[2026-08-29T15:38:29.678+0000] {processor.py:925} INFO - DAG(s) 'airbyte_to_dbt_pipeline_prod' retrieved from /opt/airflow/dags/prod/airbyte_to_dbt_prod.py
[2026-08-29T15:38:29.785+0000] {logging_mixin.py:190} INFO - [2026-08-29T15:38:29.785+0000] {dag.py:3239} INFO - Sync 1 DAGs
[2026-08-29T15:38:29.858+0000] {logging_mixin.py:190} INFO - [2026-08-29T15:38:29.857+0000] {dag.py:4180} INFO - Setting next_dagrun for airbyte_to_dbt_pipeline_prod to 2026-08-29 14:00:00+00:00, run_after=2026-08-29 15:00:00+00:00
[2026-08-29T15:38:29.981+0000] {processor.py:208} INFO - Processing /opt/airflow/dags/prod/airbyte_to_dbt_prod.py took 0.373 seconds
[2026-08-29T15:39:00.145+0000] {processor.py:186} INFO - Started process (PID=3086) to work on /opt/airflow/dags/prod/airbyte_to_dbt_prod.py
[2026-08-29T15:39:00.146+0000] {processor.py:914} INFO - Processing file /opt/airflow/dags/prod/airbyte_to_dbt_prod.py for tasks to queue
[2026-08-29T15:39:00.149+0000] {logging_mixin.py:190} INFO - [2026-08-29T15:39:00.149+0000] {dagbag.py:588} INFO - Filling up the DagBag from /opt/airflow/dags/prod/airbyte_to_dbt_prod.py
[2026-08-29T15:39:00.176+0000] {processor.py:925} INFO - DAG(s) 'airbyte_to_dbt_pipeline_prod' retrieved from /opt/airflow/dags/prod/airbyte_to_dbt_prod.py
[2026-08-29T15:39:00.232+0000] {logging_mixin.py:190} INFO - [2026-08-29T15:39:00.232+0000] {dag.py:3239} INFO - Sync 1 DAGs
[2026-08-29T15:39:00.269+0000] {logging_mixin.py:190} INFO - [2026-08-29T15:39:00.268+0000] {dag.py:4180} INFO - Setting next_dagrun for airbyte_to_dbt_pipeline_prod to 2026-08-29 14:00:00+00:00, run_after=2026-08-29 15:00:00+00:00
[2026-08-29T15:39:00.295+0000] {processor.py:208} INFO - Processing /opt/airflow/dags/prod/airbyte_to_dbt_prod.py took 0.159 seconds
[2026-08-29T15:39:30.478+0000] {processor.py:186} INFO - Started process (PID=3096) to work on /opt/airflow/dags/prod/airbyte_to_dbt_prod.py
[2026-08-29T15:39:30.479+0000] {processor.py:914} INFO - Processing file /opt/airflow/dags/prod/airbyte_to_dbt_prod.py for tasks to queue
[2026-08-29T15:39:30.482+0000] {logging_mixin.py:190} INFO - [2026-08-29T15:39:30.482+0000] {dagbag.py:588} INFO - Filling up the DagBag from /opt/airflow/dags/prod/airbyte_to_dbt_prod.py
[2026-08-29T15:39:30.503+0000] {processor.py:925} INFO - DAG(s) 'airbyte_to_dbt_pipeline_prod' retrieved from /opt/airflow/dags/prod/airbyte_to_dbt_prod.py
[2026-08-29T15:39:30.542+0000] {logging_mixin.py:190} INFO - [2026-08-29T15:39:30.542+0000] {dag.py:3239} INFO - Sync 1 DAGs
[2026-08-29T15:39:30.583+0000] {logging_mixin.py:190} INFO - [2026-08-29T15:39:30.582+0000] {dag.py:4180} INFO - Setting next_dagrun for airbyte_to_dbt_pipeline_prod to 2026-08-29 14:00:00+00:00, run_after=2026-08-29 15:00:00+00:00
[2026-08-29T15:39:30.611+0000] {processor.py:208} INFO - Processing /opt/airflow/dags/prod/airbyte_to_dbt_prod.py took 0.141 seconds
[2026-08-29T15:40:00.800+0000] {processor.py:186} INFO - Started process (PID=3106) to work on /opt/airflow/dags/prod/airbyte_to_dbt_prod.py
[2026-08-29T15:40:00.802+0000] {processor.py:914} INFO - Processing file /opt/airflow/dags/prod/airbyte_to_dbt_prod.py for tasks to queue
[2026-08-29T15:40:00.805+0000] {logging_mixin.py:190} INFO - [2026-08-29T15:40:00.804+0000] {dagbag.py:588} INFO - Filling up the DagBag from /opt/airflow/dags/prod/airbyte_to_dbt_prod.py
[2026-08-29T15:40:00.827+0000] {processor.py:925} INFO - DAG(s) 'airbyte_to_dbt_pipeline_prod' retrieved from /opt/airflow/dags/prod/airbyte_to_dbt_prod.py
[2026-08-29T15:40:00.868+0000] {logging_mixin.py:190} INFO - [2026-08-29T15:40:00.868+0000] {dag.py:3239} INFO - Sync 1 DAGs
[2026-08-29T15:40:00.901+0000] {logging_mixin.py:190} INFO - [2026-08-29T15:40:00.901+0000] {dag.py:4180} INFO - Setting next_dagrun for airbyte_to_dbt_pipeline_prod to 2026-08-29 14:00:00+00:00, run_after=2026-08-29 15:00:00+00:00
[2026-08-29T15:40:00.925+0000] {processor.py:208} INFO - Processing /opt/airflow/dags/prod/airbyte_to_dbt_prod.py took 0.133 seconds
[2026-08-29T15:40:31.132+0000] {processor.py:186} INFO - Started process (PID=3116) to work on /opt/airflow/dags/prod/airbyte_to_dbt_prod.py
[2026-08-29T15:40:31.133+0000] {processor.py:914} INFO - Processing file /opt/airflow/dags/prod/airbyte_to_dbt_prod.py for tasks to queue
[2026-08-29T15:40:31.136+0000] {logging_mixin.py:190} INFO - [2026-08-29T15:40:31.136+0000] {dagbag.py:588} INFO - Filling up the DagBag from /opt/airflow/dags/prod/airbyte_to_dbt_prod.py
[2026-08-29T15:40:31.161+0000] {processor.py:925} INFO - DAG(s) 'airbyte_to_dbt_pipeline_prod' retrieved from /opt/airflow/dags/prod/airbyte_to_dbt_prod.py
[2026-08-29T15:40:31.215+0000] {logging_mixin.py:190} INFO - [2026-08-29T15:40:31.214+0000] {dag.py:3239} INFO - Sync 1 DAGs
[2026-08-29T15:40:31.255+0000] {logging_mixin.py:190} INFO - [2026-08-29T15:40:31.255+0000] {dag.py:4180} INFO - Setting next_dagrun for airbyte_to_dbt_pipeline_prod to 2026-08-29 14:00:00+00:00, run_after=2026-08-29 15:00:00+00:00
[2026-08-29T15:40:31.285+0000] {processor.py:208} INFO - Processing /opt/airflow/dags/prod/airbyte_to_dbt_prod.py took 0.163 seconds
[2026-08-29T15:41:01.440+0000] {processor.py:186} INFO - Started process (PID=3126) to work on /opt/airflow/dags/prod/airbyte_to_dbt_prod.py
[2026-08-29T15:41:01.441+0000] {processor.py:914} INFO - Processing file /opt/airflow/dags/prod/airbyte_to_dbt_prod.py for tasks to queue
[2026-08-29T15:41:01.444+0000] {logging_mixin.py:190} INFO - [2026-08-29T15:41:01.443+0000] {dagbag.py:588} INFO - Filling up the DagBag from /opt/airflow/dags/prod/airbyte_to_dbt_prod.py
[2026-08-29T15:41:01.466+0000] {processor.py:925} INFO - DAG(s) 'airbyte_to_dbt_pipeline_prod' retrieved from /opt/airflow/dags/prod/airbyte_to_dbt_prod.py
[2026-08-29T15:41:01.507+0000] {logging_mixin.py:190} INFO - [2026-08-29T15:41:01.507+0000] {dag.py:3239} INFO - Sync 1 DAGs
[2026-08-29T15:41:01.542+0000] {logging_mixin.py:190} INFO - [2026-08-29T15:41:01.541+0000] {dag.py:4180} INFO - Setting next_dagrun for airbyte_to_dbt_pipeline_prod to 2026-08-29 14:00:00+00:00, run_after=2026-08-29 15:00:00+00:00
[2026-08-29T15:41:01.566+0000] {processor.py:208} INFO - Processing /opt/airflow/dags/prod/airbyte_to_dbt_prod.py took 0.135 seconds
