[2026-08-30T10:53:00.151+0000] {processor.py:186} INFO - Started process (PID=166) to work on /opt/airflow/dags/prod/airbyte_to_dbt_prod.py
[2026-08-30T10:53:00.156+0000] {processor.py:914} INFO - Processing file /opt/airflow/dags/prod/airbyte_to_dbt_prod.py for tasks to queue
[2026-08-30T10:53:00.160+0000] {logging_mixin.py:190} INFO - [2026-08-30T10:53:00.159+0000] {dagbag.py:588} INFO - Filling up the DagBag from /opt/airflow/dags/prod/airbyte_to_dbt_prod.py
[2026-08-30T10:53:00.261+0000] {processor.py:925} INFO - DAG(s) 'airbyte_to_dbt_pipeline_prod' retrieved from /opt/airflow/dags/prod/airbyte_to_dbt_prod.py
[2026-08-30T10:53:00.395+0000] {logging_mixin.py:190} INFO - [2026-08-30T10:53:00.395+0000] {dag.py:3239} INFO - Sync 1 DAGs
[2026-08-30T10:53:00.531+0000] {logging_mixin.py:190} INFO - [2026-08-30T10:53:00.530+0000] {dag.py:4180} INFO - Setting next_dagrun for airbyte_to_dbt_pipeline_prod to 2026-08-30 09:00:00+00:00, run_after=2026-08-30 10:00:00+00:00
[2026-08-30T10:53:00.583+0000] {processor.py:208} INFO - Processing /opt/airflow/dags/prod/airbyte_to_dbt_prod.py took 0.449 seconds
[2026-08-30T10:53:30.926+0000] {processor.py:186} INFO - Started process (PID=176) to work on /opt/airflow/dags/prod/airbyte_to_dbt_prod.py
[2026-08-30T10:53:30.937+0000] {processor.py:914} INFO - Processing file /opt/airflow/dags/prod/airbyte_to_dbt_prod.py for tasks to queue
[2026-08-30T10:53:30.942+0000] {logging_mixin.py:190} INFO - [2026-08-30T10:53:30.941+0000] {dagbag.py:588} INFO - Filling up the DagBag from /opt/airflow/dags/prod/airbyte_to_dbt_prod.py
[2026-08-30T10:53:30.984+0000] {processor.py:925} INFO - DAG(s) 'airbyte_to_dbt_pipeline_prod' retrieved from /opt/airflow/dags/prod/airbyte_to_dbt_prod.py
[2026-08-30T10:53:31.058+0000] {logging_mixin.py:190} INFO - [2026-08-30T10:53:31.057+0000] {dag.py:3239} INFO - Sync 1 DAGs
[2026-08-30T10:53:31.134+0000] {logging_mixin.py:190} INFO - [2026-08-30T10:53:31.133+0000] {dag.py:4180} INFO - Setting next_dagrun for airbyte_to_dbt_pipeline_prod to 2026-08-30 09:00:00+00:00, run_after=2026-08-30 10:00:00+00:00
[2026-08-30T10:53:31.182+0000] {processor.py:208} INFO - Processing /opt/airflow/dags/prod/airbyte_to_dbt_prod.py took 0.295 seconds
[2026-08-30T10:54:01.534+0000] {processor.py:186} INFO - Started process (PID=185) to work on /opt/airflow/dags/prod/airbyte_to_dbt_prod.py
[2026-08-30T10:54:01.540+0000] {processor.py:914} INFO - Processing file /opt/airflow/dags/prod/airbyte_to_dbt_prod.py for tasks to queue
[2026-08-30T10:54:01.552+0000] {logging_mixin.py:190} INFO - [2026-08-30T10:54:01.551+0000] {dagbag.py:588} INFO - Filling up the DagBag from /opt/airflow/dags/prod/airbyte_to_dbt_prod.py
[2026-08-30T10:54:01.627+0000] {processor.py:925} INFO - DAG(s) 'airbyte_to_dbt_pipeline_prod' retrieved from /opt/airflow/dags/prod/airbyte_to_dbt_prod.py
[2026-08-30T10:54:01.763+0000] {logging_mixin.py:190} INFO - [2026-08-30T10:54:01.763+0000] {dag.py:3239} INFO - Sync 1 DAGs
[2026-08-30T10:54:01.862+0000] {logging_mixin.py:190} INFO - [2026-08-30T10:54:01.861+0000] {dag.py:4180} INFO - Setting next_dagrun for airbyte_to_dbt_pipeline_prod to 2026-08-30 09:00:00+00:00, run_after=2026-08-30 10:00:00+00:00
[2026-08-30T10:54:01.939+0000] {processor.py:208} INFO - Processing /opt/airflow/dags/prod/airbyte_to_dbt_prod.py took 0.420 seconds
[2026-08-30T10:54:32.880+0000] {processor.py:186} INFO - Started process (PID=194) to work on /opt/airflow/dags/prod/airbyte_to_dbt_prod.py
[2026-08-30T10:54:32.900+0000] {processor.py:914} INFO - Processing file /opt/airflow/dags/prod/airbyte_to_dbt_prod.py for tasks to queue
[2026-08-30T10:54:33.371+0000] {logging_mixin.py:190} INFO - [2026-08-30T10:54:33.362+0000] {dagbag.py:588} INFO - Filling up the DagBag from /opt/airflow/dags/prod/airbyte_to_dbt_prod.py
[2026-08-30T10:54:34.477+0000] {processor.py:925} INFO - DAG(s) 'airbyte_to_dbt_pipeline_prod' retrieved from /opt/airflow/dags/prod/airbyte_to_dbt_prod.py
[2026-08-30T10:54:36.423+0000] {logging_mixin.py:190} INFO - [2026-08-30T10:54:36.422+0000] {dag.py:3239} INFO - Sync 1 DAGs
[2026-08-30T10:54:39.415+0000] {logging_mixin.py:190} INFO - [2026-08-30T10:54:39.398+0000] {dag.py:4180} INFO - Setting next_dagrun for airbyte_to_dbt_pipeline_prod to 2026-08-30 09:00:00+00:00, run_after=2026-08-30 10:00:00+00:00
[2026-08-30T10:54:39.527+0000] {processor.py:208} INFO - Processing /opt/airflow/dags/prod/airbyte_to_dbt_prod.py took 6.874 seconds
[2026-08-30T10:55:10.331+0000] {processor.py:186} INFO - Started process (PID=204) to work on /opt/airflow/dags/prod/airbyte_to_dbt_prod.py
[2026-08-30T10:55:10.345+0000] {processor.py:914} INFO - Processing file /opt/airflow/dags/prod/airbyte_to_dbt_prod.py for tasks to queue
[2026-08-30T10:55:10.425+0000] {logging_mixin.py:190} INFO - [2026-08-30T10:55:10.422+0000] {dagbag.py:588} INFO - Filling up the DagBag from /opt/airflow/dags/prod/airbyte_to_dbt_prod.py
[2026-08-30T10:55:10.618+0000] {processor.py:925} INFO - DAG(s) 'airbyte_to_dbt_pipeline_prod' retrieved from /opt/airflow/dags/prod/airbyte_to_dbt_prod.py
[2026-08-30T10:55:10.898+0000] {logging_mixin.py:190} INFO - [2026-08-30T10:55:10.898+0000] {dag.py:3239} INFO - Sync 1 DAGs
[2026-08-30T10:55:11.060+0000] {logging_mixin.py:190} INFO - [2026-08-30T10:55:11.060+0000] {dag.py:4180} INFO - Setting next_dagrun for airbyte_to_dbt_pipeline_prod to 2026-08-30 09:00:00+00:00, run_after=2026-08-30 10:00:00+00:00
[2026-08-30T10:55:11.144+0000] {processor.py:208} INFO - Processing /opt/airflow/dags/prod/airbyte_to_dbt_prod.py took 1.005 seconds
[2026-08-30T10:55:42.258+0000] {processor.py:186} INFO - Started process (PID=214) to work on /opt/airflow/dags/prod/airbyte_to_dbt_prod.py
[2026-08-30T10:55:42.281+0000] {processor.py:914} INFO - Processing file /opt/airflow/dags/prod/airbyte_to_dbt_prod.py for tasks to queue
[2026-08-30T10:55:42.358+0000] {logging_mixin.py:190} INFO - [2026-08-30T10:55:42.352+0000] {dagbag.py:588} INFO - Filling up the DagBag from /opt/airflow/dags/prod/airbyte_to_dbt_prod.py
[2026-08-30T10:55:42.801+0000] {processor.py:925} INFO - DAG(s) 'airbyte_to_dbt_pipeline_prod' retrieved from /opt/airflow/dags/prod/airbyte_to_dbt_prod.py
[2026-08-30T10:55:43.122+0000] {logging_mixin.py:190} INFO - [2026-08-30T10:55:43.122+0000] {dag.py:3239} INFO - Sync 1 DAGs
[2026-08-30T10:55:43.273+0000] {logging_mixin.py:190} INFO - [2026-08-30T10:55:43.272+0000] {dag.py:4180} INFO - Setting next_dagrun for airbyte_to_dbt_pipeline_prod to 2026-08-30 09:00:00+00:00, run_after=2026-08-30 10:00:00+00:00
[2026-08-30T10:55:43.317+0000] {processor.py:208} INFO - Processing /opt/airflow/dags/prod/airbyte_to_dbt_prod.py took 1.662 seconds
[2026-08-30T10:56:13.625+0000] {processor.py:186} INFO - Started process (PID=226) to work on /opt/airflow/dags/prod/airbyte_to_dbt_prod.py
[2026-08-30T10:56:13.627+0000] {processor.py:914} INFO - Processing file /opt/airflow/dags/prod/airbyte_to_dbt_prod.py for tasks to queue
[2026-08-30T10:56:13.632+0000] {logging_mixin.py:190} INFO - [2026-08-30T10:56:13.631+0000] {dagbag.py:588} INFO - Filling up the DagBag from /opt/airflow/dags/prod/airbyte_to_dbt_prod.py
[2026-08-30T10:56:13.668+0000] {processor.py:925} INFO - DAG(s) 'airbyte_to_dbt_pipeline_prod' retrieved from /opt/airflow/dags/prod/airbyte_to_dbt_prod.py
[2026-08-30T10:56:13.753+0000] {logging_mixin.py:190} INFO - [2026-08-30T10:56:13.753+0000] {dag.py:3239} INFO - Sync 1 DAGs
[2026-08-30T10:56:13.823+0000] {logging_mixin.py:190} INFO - [2026-08-30T10:56:13.823+0000] {dag.py:4180} INFO - Setting next_dagrun for airbyte_to_dbt_pipeline_prod to 2026-08-30 09:00:00+00:00, run_after=2026-08-30 10:00:00+00:00
[2026-08-30T10:56:13.859+0000] {processor.py:208} INFO - Processing /opt/airflow/dags/prod/airbyte_to_dbt_prod.py took 0.274 seconds
[2026-08-30T10:56:44.050+0000] {processor.py:186} INFO - Started process (PID=236) to work on /opt/airflow/dags/prod/airbyte_to_dbt_prod.py
[2026-08-30T10:56:44.232+0000] {processor.py:914} INFO - Processing file /opt/airflow/dags/prod/airbyte_to_dbt_prod.py for tasks to queue
[2026-08-30T10:56:44.236+0000] {logging_mixin.py:190} INFO - [2026-08-30T10:56:44.235+0000] {dagbag.py:588} INFO - Filling up the DagBag from /opt/airflow/dags/prod/airbyte_to_dbt_prod.py
[2026-08-30T10:56:44.258+0000] {processor.py:925} INFO - DAG(s) 'airbyte_to_dbt_pipeline_prod' retrieved from /opt/airflow/dags/prod/airbyte_to_dbt_prod.py
[2026-08-30T10:56:44.298+0000] {logging_mixin.py:190} INFO - [2026-08-30T10:56:44.298+0000] {dag.py:3239} INFO - Sync 1 DAGs
[2026-08-30T10:56:44.329+0000] {logging_mixin.py:190} INFO - [2026-08-30T10:56:44.329+0000] {dag.py:4180} INFO - Setting next_dagrun for airbyte_to_dbt_pipeline_prod to 2026-08-30 09:00:00+00:00, run_after=2026-08-30 10:00:00+00:00
[2026-08-30T10:56:45.398+0000] {processor.py:208} INFO - Processing /opt/airflow/dags/prod/airbyte_to_dbt_prod.py took 1.355 seconds
[2026-08-30T10:57:15.568+0000] {processor.py:186} INFO - Started process (PID=246) to work on /opt/airflow/dags/prod/airbyte_to_dbt_prod.py
[2026-08-30T10:57:15.570+0000] {processor.py:914} INFO - Processing file /opt/airflow/dags/prod/airbyte_to_dbt_prod.py for tasks to queue
[2026-08-30T10:57:15.574+0000] {logging_mixin.py:190} INFO - [2026-08-30T10:57:15.574+0000] {dagbag.py:588} INFO - Filling up the DagBag from /opt/airflow/dags/prod/airbyte_to_dbt_prod.py
[2026-08-30T10:57:15.611+0000] {processor.py:925} INFO - DAG(s) 'airbyte_to_dbt_pipeline_prod' retrieved from /opt/airflow/dags/prod/airbyte_to_dbt_prod.py
[2026-08-30T10:57:15.657+0000] {logging_mixin.py:190} INFO - [2026-08-30T10:57:15.657+0000] {dag.py:3239} INFO - Sync 1 DAGs
[2026-08-30T10:57:15.687+0000] {logging_mixin.py:190} INFO - [2026-08-30T10:57:15.687+0000] {dag.py:4180} INFO - Setting next_dagrun for airbyte_to_dbt_pipeline_prod to 2026-08-30 09:00:00+00:00, run_after=2026-08-30 10:00:00+00:00
[2026-08-30T10:57:15.710+0000] {processor.py:208} INFO - Processing /opt/airflow/dags/prod/airbyte_to_dbt_prod.py took 0.153 seconds
[2026-08-30T10:57:45.883+0000] {processor.py:186} INFO - Started process (PID=256) to work on /opt/airflow/dags/prod/airbyte_to_dbt_prod.py
[2026-08-30T10:57:45.885+0000] {processor.py:914} INFO - Processing file /opt/airflow/dags/prod/airbyte_to_dbt_prod.py for tasks to queue
[2026-08-30T10:57:45.890+0000] {logging_mixin.py:190} INFO - [2026-08-30T10:57:45.889+0000] {dagbag.py:588} INFO - Filling up the DagBag from /opt/airflow/dags/prod/airbyte_to_dbt_prod.py
[2026-08-30T10:57:45.925+0000] {processor.py:925} INFO - DAG(s) 'airbyte_to_dbt_pipeline_prod' retrieved from /opt/airflow/dags/prod/airbyte_to_dbt_prod.py
[2026-08-30T10:57:45.991+0000] {logging_mixin.py:190} INFO - [2026-08-30T10:57:45.991+0000] {dag.py:3239} INFO - Sync 1 DAGs
[2026-08-30T10:57:46.044+0000] {logging_mixin.py:190} INFO - [2026-08-30T10:57:46.043+0000] {dag.py:4180} INFO - Setting next_dagrun for airbyte_to_dbt_pipeline_prod to 2026-08-30 09:00:00+00:00, run_after=2026-08-30 10:00:00+00:00
[2026-08-30T10:57:46.074+0000] {processor.py:208} INFO - Processing /opt/airflow/dags/prod/airbyte_to_dbt_prod.py took 0.204 seconds
[2026-08-30T10:58:16.295+0000] {processor.py:186} INFO - Started process (PID=266) to work on /opt/airflow/dags/prod/airbyte_to_dbt_prod.py
[2026-08-30T10:58:16.297+0000] {processor.py:914} INFO - Processing file /opt/airflow/dags/prod/airbyte_to_dbt_prod.py for tasks to queue
[2026-08-30T10:58:16.301+0000] {logging_mixin.py:190} INFO - [2026-08-30T10:58:16.300+0000] {dagbag.py:588} INFO - Filling up the DagBag from /opt/airflow/dags/prod/airbyte_to_dbt_prod.py
[2026-08-30T10:58:16.332+0000] {processor.py:925} INFO - DAG(s) 'airbyte_to_dbt_pipeline_prod' retrieved from /opt/airflow/dags/prod/airbyte_to_dbt_prod.py
[2026-08-30T10:58:16.370+0000] {logging_mixin.py:190} INFO - [2026-08-30T10:58:16.370+0000] {dag.py:3239} INFO - Sync 1 DAGs
[2026-08-30T10:58:16.413+0000] {logging_mixin.py:190} INFO - [2026-08-30T10:58:16.413+0000] {dag.py:4180} INFO - Setting next_dagrun for airbyte_to_dbt_pipeline_prod to 2026-08-30 09:00:00+00:00, run_after=2026-08-30 10:00:00+00:00
[2026-08-30T10:58:16.436+0000] {processor.py:208} INFO - Processing /opt/airflow/dags/prod/airbyte_to_dbt_prod.py took 0.152 seconds
[2026-08-30T10:58:46.587+0000] {processor.py:186} INFO - Started process (PID=276) to work on /opt/airflow/dags/prod/airbyte_to_dbt_prod.py
[2026-08-30T10:58:46.588+0000] {processor.py:914} INFO - Processing file /opt/airflow/dags/prod/airbyte_to_dbt_prod.py for tasks to queue
[2026-08-30T10:58:46.591+0000] {logging_mixin.py:190} INFO - [2026-08-30T10:58:46.590+0000] {dagbag.py:588} INFO - Filling up the DagBag from /opt/airflow/dags/prod/airbyte_to_dbt_prod.py
[2026-08-30T10:58:46.612+0000] {processor.py:925} INFO - DAG(s) 'airbyte_to_dbt_pipeline_prod' retrieved from /opt/airflow/dags/prod/airbyte_to_dbt_prod.py
[2026-08-30T10:58:46.654+0000] {logging_mixin.py:190} INFO - [2026-08-30T10:58:46.654+0000] {dag.py:3239} INFO - Sync 1 DAGs
[2026-08-30T10:58:46.689+0000] {logging_mixin.py:190} INFO - [2026-08-30T10:58:46.689+0000] {dag.py:4180} INFO - Setting next_dagrun for airbyte_to_dbt_pipeline_prod to 2026-08-30 09:00:00+00:00, run_after=2026-08-30 10:00:00+00:00
[2026-08-30T10:58:46.719+0000] {processor.py:208} INFO - Processing /opt/airflow/dags/prod/airbyte_to_dbt_prod.py took 0.140 seconds
[2026-08-30T10:59:16.870+0000] {processor.py:186} INFO - Started process (PID=286) to work on /opt/airflow/dags/prod/airbyte_to_dbt_prod.py
[2026-08-30T10:59:16.871+0000] {processor.py:914} INFO - Processing file /opt/airflow/dags/prod/airbyte_to_dbt_prod.py for tasks to queue
[2026-08-30T10:59:16.874+0000] {logging_mixin.py:190} INFO - [2026-08-30T10:59:16.874+0000] {dagbag.py:588} INFO - Filling up the DagBag from /opt/airflow/dags/prod/airbyte_to_dbt_prod.py
[2026-08-30T10:59:16.895+0000] {processor.py:925} INFO - DAG(s) 'airbyte_to_dbt_pipeline_prod' retrieved from /opt/airflow/dags/prod/airbyte_to_dbt_prod.py
[2026-08-30T10:59:16.944+0000] {logging_mixin.py:190} INFO - [2026-08-30T10:59:16.944+0000] {dag.py:3239} INFO - Sync 1 DAGs
[2026-08-30T10:59:16.979+0000] {logging_mixin.py:190} INFO - [2026-08-30T10:59:16.979+0000] {dag.py:4180} INFO - Setting next_dagrun for airbyte_to_dbt_pipeline_prod to 2026-08-30 09:00:00+00:00, run_after=2026-08-30 10:00:00+00:00
[2026-08-30T10:59:17.005+0000] {processor.py:208} INFO - Processing /opt/airflow/dags/prod/airbyte_to_dbt_prod.py took 0.143 seconds
[2026-08-30T10:59:47.164+0000] {processor.py:186} INFO - Started process (PID=296) to work on /opt/airflow/dags/prod/airbyte_to_dbt_prod.py
[2026-08-30T10:59:47.165+0000] {processor.py:914} INFO - Processing file /opt/airflow/dags/prod/airbyte_to_dbt_prod.py for tasks to queue
[2026-08-30T10:59:47.169+0000] {logging_mixin.py:190} INFO - [2026-08-30T10:59:47.168+0000] {dagbag.py:588} INFO - Filling up the DagBag from /opt/airflow/dags/prod/airbyte_to_dbt_prod.py
[2026-08-30T10:59:47.197+0000] {processor.py:925} INFO - DAG(s) 'airbyte_to_dbt_pipeline_prod' retrieved from /opt/airflow/dags/prod/airbyte_to_dbt_prod.py
[2026-08-30T10:59:47.238+0000] {logging_mixin.py:190} INFO - [2026-08-30T10:59:47.238+0000] {dag.py:3239} INFO - Sync 1 DAGs
[2026-08-30T10:59:47.274+0000] {logging_mixin.py:190} INFO - [2026-08-30T10:59:47.273+0000] {dag.py:4180} INFO - Setting next_dagrun for airbyte_to_dbt_pipeline_prod to 2026-08-30 09:00:00+00:00, run_after=2026-08-30 10:00:00+00:00
[2026-08-30T10:59:47.298+0000] {processor.py:208} INFO - Processing /opt/airflow/dags/prod/airbyte_to_dbt_prod.py took 0.143 seconds
[2026-08-30T11:00:17.460+0000] {processor.py:186} INFO - Started process (PID=306) to work on /opt/airflow/dags/prod/airbyte_to_dbt_prod.py
[2026-08-30T11:00:17.460+0000] {processor.py:914} INFO - Processing file /opt/airflow/dags/prod/airbyte_to_dbt_prod.py for tasks to queue
[2026-08-30T11:00:17.463+0000] {logging_mixin.py:190} INFO - [2026-08-30T11:00:17.463+0000] {dagbag.py:588} INFO - Filling up the DagBag from /opt/airflow/dags/prod/airbyte_to_dbt_prod.py
[2026-08-30T11:00:17.484+0000] {processor.py:925} INFO - DAG(s) 'airbyte_to_dbt_pipeline_prod' retrieved from /opt/airflow/dags/prod/airbyte_to_dbt_prod.py
[2026-08-30T11:00:17.532+0000] {logging_mixin.py:190} INFO - [2026-08-30T11:00:17.531+0000] {dag.py:3239} INFO - Sync 1 DAGs
[2026-08-30T11:00:17.563+0000] {logging_mixin.py:190} INFO - [2026-08-30T11:00:17.562+0000] {dag.py:4180} INFO - Setting next_dagrun for airbyte_to_dbt_pipeline_prod to 2026-08-30 10:00:00+00:00, run_after=2026-08-30 11:00:00+00:00
[2026-08-30T11:00:17.589+0000] {processor.py:208} INFO - Processing /opt/airflow/dags/prod/airbyte_to_dbt_prod.py took 0.138 seconds
[2026-08-30T11:00:47.750+0000] {processor.py:186} INFO - Started process (PID=316) to work on /opt/airflow/dags/prod/airbyte_to_dbt_prod.py
[2026-08-30T11:00:47.759+0000] {processor.py:914} INFO - Processing file /opt/airflow/dags/prod/airbyte_to_dbt_prod.py for tasks to queue
[2026-08-30T11:00:47.763+0000] {logging_mixin.py:190} INFO - [2026-08-30T11:00:47.763+0000] {dagbag.py:588} INFO - Filling up the DagBag from /opt/airflow/dags/prod/airbyte_to_dbt_prod.py
[2026-08-30T11:00:47.792+0000] {processor.py:925} INFO - DAG(s) 'airbyte_to_dbt_pipeline_prod' retrieved from /opt/airflow/dags/prod/airbyte_to_dbt_prod.py
[2026-08-30T11:00:47.842+0000] {logging_mixin.py:190} INFO - [2026-08-30T11:00:47.842+0000] {dag.py:3239} INFO - Sync 1 DAGs
[2026-08-30T11:00:47.878+0000] {logging_mixin.py:190} INFO - [2026-08-30T11:00:47.878+0000] {dag.py:4180} INFO - Setting next_dagrun for airbyte_to_dbt_pipeline_prod to 2026-08-30 10:00:00+00:00, run_after=2026-08-30 11:00:00+00:00
[2026-08-30T11:00:47.902+0000] {processor.py:208} INFO - Processing /opt/airflow/dags/prod/airbyte_to_dbt_prod.py took 0.162 seconds
[2026-08-30T11:01:18.068+0000] {processor.py:186} INFO - Started process (PID=326) to work on /opt/airflow/dags/prod/airbyte_to_dbt_prod.py
[2026-08-30T11:01:18.069+0000] {processor.py:914} INFO - Processing file /opt/airflow/dags/prod/airbyte_to_dbt_prod.py for tasks to queue
[2026-08-30T11:01:18.072+0000] {logging_mixin.py:190} INFO - [2026-08-30T11:01:18.072+0000] {dagbag.py:588} INFO - Filling up the DagBag from /opt/airflow/dags/prod/airbyte_to_dbt_prod.py
[2026-08-30T11:01:18.095+0000] {processor.py:925} INFO - DAG(s) 'airbyte_to_dbt_pipeline_prod' retrieved from /opt/airflow/dags/prod/airbyte_to_dbt_prod.py
[2026-08-30T11:01:18.144+0000] {logging_mixin.py:190} INFO - [2026-08-30T11:01:18.144+0000] {dag.py:3239} INFO - Sync 1 DAGs
[2026-08-30T11:01:18.179+0000] {logging_mixin.py:190} INFO - [2026-08-30T11:01:18.179+0000] {dag.py:4180} INFO - Setting next_dagrun for airbyte_to_dbt_pipeline_prod to 2026-08-30 10:00:00+00:00, run_after=2026-08-30 11:00:00+00:00
[2026-08-30T11:01:18.204+0000] {processor.py:208} INFO - Processing /opt/airflow/dags/prod/airbyte_to_dbt_prod.py took 0.144 seconds
[2026-08-30T11:01:48.376+0000] {processor.py:186} INFO - Started process (PID=336) to work on /opt/airflow/dags/prod/airbyte_to_dbt_prod.py
[2026-08-30T11:01:48.377+0000] {processor.py:914} INFO - Processing file /opt/airflow/dags/prod/airbyte_to_dbt_prod.py for tasks to queue
[2026-08-30T11:01:48.380+0000] {logging_mixin.py:190} INFO - [2026-08-30T11:01:48.379+0000] {dagbag.py:588} INFO - Filling up the DagBag from /opt/airflow/dags/prod/airbyte_to_dbt_prod.py
[2026-08-30T11:01:48.417+0000] {processor.py:925} INFO - DAG(s) 'airbyte_to_dbt_pipeline_prod' retrieved from /opt/airflow/dags/prod/airbyte_to_dbt_prod.py
[2026-08-30T11:01:48.458+0000] {logging_mixin.py:190} INFO - [2026-08-30T11:01:48.457+0000] {dag.py:3239} INFO - Sync 1 DAGs
[2026-08-30T11:01:48.490+0000] {logging_mixin.py:190} INFO - [2026-08-30T11:01:48.490+0000] {dag.py:4180} INFO - Setting next_dagrun for airbyte_to_dbt_pipeline_prod to 2026-08-30 10:00:00+00:00, run_after=2026-08-30 11:00:00+00:00
[2026-08-30T11:01:48.515+0000] {processor.py:208} INFO - Processing /opt/airflow/dags/prod/airbyte_to_dbt_prod.py took 0.148 seconds
[2026-08-30T11:02:18.701+0000] {processor.py:186} INFO - Started process (PID=346) to work on /opt/airflow/dags/prod/airbyte_to_dbt_prod.py
[2026-08-30T11:02:18.702+0000] {processor.py:914} INFO - Processing file /opt/airflow/dags/prod/airbyte_to_dbt_prod.py for tasks to queue
[2026-08-30T11:02:18.706+0000] {logging_mixin.py:190} INFO - [2026-08-30T11:02:18.705+0000] {dagbag.py:588} INFO - Filling up the DagBag from /opt/airflow/dags/prod/airbyte_to_dbt_prod.py
[2026-08-30T11:02:18.755+0000] {processor.py:925} INFO - DAG(s) 'airbyte_to_dbt_pipeline_prod' retrieved from /opt/airflow/dags/prod/airbyte_to_dbt_prod.py
[2026-08-30T11:02:18.919+0000] {logging_mixin.py:190} INFO - [2026-08-30T11:02:18.919+0000] {dag.py:3239} INFO - Sync 1 DAGs
[2026-08-30T11:02:18.954+0000] {logging_mixin.py:190} INFO - [2026-08-30T11:02:18.953+0000] {dag.py:4180} INFO - Setting next_dagrun for airbyte_to_dbt_pipeline_prod to 2026-08-30 10:00:00+00:00, run_after=2026-08-30 11:00:00+00:00
[2026-08-30T11:02:18.981+0000] {processor.py:208} INFO - Processing /opt/airflow/dags/prod/airbyte_to_dbt_prod.py took 0.293 seconds
[2026-08-30T11:02:49.196+0000] {processor.py:186} INFO - Started process (PID=356) to work on /opt/airflow/dags/prod/airbyte_to_dbt_prod.py
[2026-08-30T11:02:49.199+0000] {processor.py:914} INFO - Processing file /opt/airflow/dags/prod/airbyte_to_dbt_prod.py for tasks to queue
[2026-08-30T11:02:49.203+0000] {logging_mixin.py:190} INFO - [2026-08-30T11:02:49.202+0000] {dagbag.py:588} INFO - Filling up the DagBag from /opt/airflow/dags/prod/airbyte_to_dbt_prod.py
[2026-08-30T11:02:49.253+0000] {processor.py:925} INFO - DAG(s) 'airbyte_to_dbt_pipeline_prod' retrieved from /opt/airflow/dags/prod/airbyte_to_dbt_prod.py
[2026-08-30T11:02:49.408+0000] {logging_mixin.py:190} INFO - [2026-08-30T11:02:49.408+0000] {dag.py:3239} INFO - Sync 1 DAGs
[2026-08-30T11:02:49.636+0000] {logging_mixin.py:190} INFO - [2026-08-30T11:02:49.636+0000] {dag.py:4180} INFO - Setting next_dagrun for airbyte_to_dbt_pipeline_prod to 2026-08-30 10:00:00+00:00, run_after=2026-08-30 11:00:00+00:00
[2026-08-30T11:02:49.665+0000] {processor.py:208} INFO - Processing /opt/airflow/dags/prod/airbyte_to_dbt_prod.py took 0.501 seconds
[2026-08-30T11:03:19.853+0000] {processor.py:186} INFO - Started process (PID=366) to work on /opt/airflow/dags/prod/airbyte_to_dbt_prod.py
[2026-08-30T11:03:19.854+0000] {processor.py:914} INFO - Processing file /opt/airflow/dags/prod/airbyte_to_dbt_prod.py for tasks to queue
[2026-08-30T11:03:19.857+0000] {logging_mixin.py:190} INFO - [2026-08-30T11:03:19.857+0000] {dagbag.py:588} INFO - Filling up the DagBag from /opt/airflow/dags/prod/airbyte_to_dbt_prod.py
[2026-08-30T11:03:19.879+0000] {processor.py:925} INFO - DAG(s) 'airbyte_to_dbt_pipeline_prod' retrieved from /opt/airflow/dags/prod/airbyte_to_dbt_prod.py
[2026-08-30T11:03:19.934+0000] {logging_mixin.py:190} INFO - [2026-08-30T11:03:19.934+0000] {dag.py:3239} INFO - Sync 1 DAGs
[2026-08-30T11:03:19.984+0000] {logging_mixin.py:190} INFO - [2026-08-30T11:03:19.984+0000] {dag.py:4180} INFO - Setting next_dagrun for airbyte_to_dbt_pipeline_prod to 2026-08-30 10:00:00+00:00, run_after=2026-08-30 11:00:00+00:00
[2026-08-30T11:03:20.009+0000] {processor.py:208} INFO - Processing /opt/airflow/dags/prod/airbyte_to_dbt_prod.py took 0.165 seconds
[2026-08-30T11:03:50.173+0000] {processor.py:186} INFO - Started process (PID=376) to work on /opt/airflow/dags/prod/airbyte_to_dbt_prod.py
[2026-08-30T11:03:50.175+0000] {processor.py:914} INFO - Processing file /opt/airflow/dags/prod/airbyte_to_dbt_prod.py for tasks to queue
[2026-08-30T11:03:50.182+0000] {logging_mixin.py:190} INFO - [2026-08-30T11:03:50.181+0000] {dagbag.py:588} INFO - Filling up the DagBag from /opt/airflow/dags/prod/airbyte_to_dbt_prod.py
[2026-08-30T11:03:50.217+0000] {processor.py:925} INFO - DAG(s) 'airbyte_to_dbt_pipeline_prod' retrieved from /opt/airflow/dags/prod/airbyte_to_dbt_prod.py
[2026-08-30T11:03:50.278+0000] {logging_mixin.py:190} INFO - [2026-08-30T11:03:50.278+0000] {dag.py:3239} INFO - Sync 1 DAGs
[2026-08-30T11:03:50.318+0000] {logging_mixin.py:190} INFO - [2026-08-30T11:03:50.318+0000] {dag.py:4180} INFO - Setting next_dagrun for airbyte_to_dbt_pipeline_prod to 2026-08-30 10:00:00+00:00, run_after=2026-08-30 11:00:00+00:00
[2026-08-30T11:03:50.348+0000] {processor.py:208} INFO - Processing /opt/airflow/dags/prod/airbyte_to_dbt_prod.py took 0.185 seconds
[2026-08-30T11:04:20.884+0000] {processor.py:186} INFO - Started process (PID=384) to work on /opt/airflow/dags/prod/airbyte_to_dbt_prod.py
[2026-08-30T11:04:20.889+0000] {processor.py:914} INFO - Processing file /opt/airflow/dags/prod/airbyte_to_dbt_prod.py for tasks to queue
[2026-08-30T11:04:21.017+0000] {logging_mixin.py:190} INFO - [2026-08-30T11:04:21.003+0000] {dagbag.py:588} INFO - Filling up the DagBag from /opt/airflow/dags/prod/airbyte_to_dbt_prod.py
[2026-08-30T11:04:21.801+0000] {processor.py:925} INFO - DAG(s) 'airbyte_to_dbt_pipeline_prod' retrieved from /opt/airflow/dags/prod/airbyte_to_dbt_prod.py
[2026-08-30T11:04:22.297+0000] {logging_mixin.py:190} INFO - [2026-08-30T11:04:22.297+0000] {dag.py:3239} INFO - Sync 1 DAGs
[2026-08-30T11:04:22.634+0000] {logging_mixin.py:190} INFO - [2026-08-30T11:04:22.634+0000] {dag.py:4180} INFO - Setting next_dagrun for airbyte_to_dbt_pipeline_prod to 2026-08-30 10:00:00+00:00, run_after=2026-08-30 11:00:00+00:00
[2026-08-30T11:04:22.692+0000] {processor.py:208} INFO - Processing /opt/airflow/dags/prod/airbyte_to_dbt_prod.py took 1.989 seconds
[2026-08-30T11:04:53.093+0000] {processor.py:186} INFO - Started process (PID=396) to work on /opt/airflow/dags/prod/airbyte_to_dbt_prod.py
[2026-08-30T11:04:53.094+0000] {processor.py:914} INFO - Processing file /opt/airflow/dags/prod/airbyte_to_dbt_prod.py for tasks to queue
[2026-08-30T11:04:53.099+0000] {logging_mixin.py:190} INFO - [2026-08-30T11:04:53.098+0000] {dagbag.py:588} INFO - Filling up the DagBag from /opt/airflow/dags/prod/airbyte_to_dbt_prod.py
[2026-08-30T11:04:53.128+0000] {processor.py:925} INFO - DAG(s) 'airbyte_to_dbt_pipeline_prod' retrieved from /opt/airflow/dags/prod/airbyte_to_dbt_prod.py
[2026-08-30T11:04:54.395+0000] {logging_mixin.py:190} INFO - [2026-08-30T11:04:54.394+0000] {dag.py:3239} INFO - Sync 1 DAGs
[2026-08-30T11:04:54.490+0000] {logging_mixin.py:190} INFO - [2026-08-30T11:04:54.489+0000] {dag.py:4180} INFO - Setting next_dagrun for airbyte_to_dbt_pipeline_prod to 2026-08-30 10:00:00+00:00, run_after=2026-08-30 11:00:00+00:00
[2026-08-30T11:04:54.592+0000] {processor.py:208} INFO - Processing /opt/airflow/dags/prod/airbyte_to_dbt_prod.py took 1.509 seconds
[2026-08-30T11:05:24.859+0000] {processor.py:186} INFO - Started process (PID=404) to work on /opt/airflow/dags/prod/airbyte_to_dbt_prod.py
[2026-08-30T11:05:24.860+0000] {processor.py:914} INFO - Processing file /opt/airflow/dags/prod/airbyte_to_dbt_prod.py for tasks to queue
[2026-08-30T11:05:24.890+0000] {logging_mixin.py:190} INFO - [2026-08-30T11:05:24.889+0000] {dagbag.py:588} INFO - Filling up the DagBag from /opt/airflow/dags/prod/airbyte_to_dbt_prod.py
[2026-08-30T11:05:24.985+0000] {processor.py:925} INFO - DAG(s) 'airbyte_to_dbt_pipeline_prod' retrieved from /opt/airflow/dags/prod/airbyte_to_dbt_prod.py
[2026-08-30T11:05:25.120+0000] {logging_mixin.py:190} INFO - [2026-08-30T11:05:25.120+0000] {dag.py:3239} INFO - Sync 1 DAGs
[2026-08-30T11:05:25.177+0000] {logging_mixin.py:190} INFO - [2026-08-30T11:05:25.177+0000] {dag.py:4180} INFO - Setting next_dagrun for airbyte_to_dbt_pipeline_prod to 2026-08-30 10:00:00+00:00, run_after=2026-08-30 11:00:00+00:00
[2026-08-30T11:05:25.206+0000] {processor.py:208} INFO - Processing /opt/airflow/dags/prod/airbyte_to_dbt_prod.py took 0.388 seconds
[2026-08-30T11:05:55.382+0000] {processor.py:186} INFO - Started process (PID=416) to work on /opt/airflow/dags/prod/airbyte_to_dbt_prod.py
[2026-08-30T11:05:55.383+0000] {processor.py:914} INFO - Processing file /opt/airflow/dags/prod/airbyte_to_dbt_prod.py for tasks to queue
[2026-08-30T11:05:55.388+0000] {logging_mixin.py:190} INFO - [2026-08-30T11:05:55.388+0000] {dagbag.py:588} INFO - Filling up the DagBag from /opt/airflow/dags/prod/airbyte_to_dbt_prod.py
[2026-08-30T11:05:55.427+0000] {processor.py:925} INFO - DAG(s) 'airbyte_to_dbt_pipeline_prod' retrieved from /opt/airflow/dags/prod/airbyte_to_dbt_prod.py
[2026-08-30T11:05:55.477+0000] {logging_mixin.py:190} INFO - [2026-08-30T11:05:55.477+0000] {dag.py:3239} INFO - Sync 1 DAGs
[2026-08-30T11:05:55.523+0000] {logging_mixin.py:190} INFO - [2026-08-30T11:05:55.522+0000] {dag.py:4180} INFO - Setting next_dagrun for airbyte_to_dbt_pipeline_prod to 2026-08-30 10:00:00+00:00, run_after=2026-08-30 11:00:00+00:00
[2026-08-30T11:05:55.553+0000] {processor.py:208} INFO - Processing /opt/airflow/dags/prod/airbyte_to_dbt_prod.py took 0.183 seconds
[2026-08-30T11:06:25.727+0000] {processor.py:186} INFO - Started process (PID=426) to work on /opt/airflow/dags/prod/airbyte_to_dbt_prod.py
[2026-08-30T11:06:25.728+0000] {processor.py:914} INFO - Processing file /opt/airflow/dags/prod/airbyte_to_dbt_prod.py for tasks to queue
[2026-08-30T11:06:25.734+0000] {logging_mixin.py:190} INFO - [2026-08-30T11:06:25.733+0000] {dagbag.py:588} INFO - Filling up the DagBag from /opt/airflow/dags/prod/airbyte_to_dbt_prod.py
[2026-08-30T11:06:25.784+0000] {processor.py:925} INFO - DAG(s) 'airbyte_to_dbt_pipeline_prod' retrieved from /opt/airflow/dags/prod/airbyte_to_dbt_prod.py
[2026-08-30T11:06:25.841+0000] {logging_mixin.py:190} INFO - [2026-08-30T11:06:25.841+0000] {dag.py:3239} INFO - Sync 1 DAGs
[2026-08-30T11:06:25.895+0000] {logging_mixin.py:190} INFO - [2026-08-30T11:06:25.894+0000] {dag.py:4180} INFO - Setting next_dagrun for airbyte_to_dbt_pipeline_prod to 2026-08-30 10:00:00+00:00, run_after=2026-08-30 11:00:00+00:00
[2026-08-30T11:06:25.925+0000] {processor.py:208} INFO - Processing /opt/airflow/dags/prod/airbyte_to_dbt_prod.py took 0.210 seconds
[2026-08-30T11:06:56.159+0000] {processor.py:186} INFO - Started process (PID=436) to work on /opt/airflow/dags/prod/airbyte_to_dbt_prod.py
[2026-08-30T11:06:56.163+0000] {processor.py:914} INFO - Processing file /opt/airflow/dags/prod/airbyte_to_dbt_prod.py for tasks to queue
[2026-08-30T11:06:56.169+0000] {logging_mixin.py:190} INFO - [2026-08-30T11:06:56.169+0000] {dagbag.py:588} INFO - Filling up the DagBag from /opt/airflow/dags/prod/airbyte_to_dbt_prod.py
[2026-08-30T11:06:56.222+0000] {processor.py:925} INFO - DAG(s) 'airbyte_to_dbt_pipeline_prod' retrieved from /opt/airflow/dags/prod/airbyte_to_dbt_prod.py
[2026-08-30T11:06:56.300+0000] {logging_mixin.py:190} INFO - [2026-08-30T11:06:56.299+0000] {dag.py:3239} INFO - Sync 1 DAGs
[2026-08-30T11:06:56.348+0000] {logging_mixin.py:190} INFO - [2026-08-30T11:06:56.347+0000] {dag.py:4180} INFO - Setting next_dagrun for airbyte_to_dbt_pipeline_prod to 2026-08-30 10:00:00+00:00, run_after=2026-08-30 11:00:00+00:00
[2026-08-30T11:06:56.387+0000] {processor.py:208} INFO - Processing /opt/airflow/dags/prod/airbyte_to_dbt_prod.py took 0.244 seconds
[2026-08-30T11:07:26.574+0000] {processor.py:186} INFO - Started process (PID=446) to work on /opt/airflow/dags/prod/airbyte_to_dbt_prod.py
[2026-08-30T11:07:26.574+0000] {processor.py:914} INFO - Processing file /opt/airflow/dags/prod/airbyte_to_dbt_prod.py for tasks to queue
[2026-08-30T11:07:26.578+0000] {logging_mixin.py:190} INFO - [2026-08-30T11:07:26.577+0000] {dagbag.py:588} INFO - Filling up the DagBag from /opt/airflow/dags/prod/airbyte_to_dbt_prod.py
[2026-08-30T11:07:26.600+0000] {processor.py:925} INFO - DAG(s) 'airbyte_to_dbt_pipeline_prod' retrieved from /opt/airflow/dags/prod/airbyte_to_dbt_prod.py
[2026-08-30T11:07:26.649+0000] {logging_mixin.py:190} INFO - [2026-08-30T11:07:26.649+0000] {dag.py:3239} INFO - Sync 1 DAGs
[2026-08-30T11:07:26.679+0000] {logging_mixin.py:190} INFO - [2026-08-30T11:07:26.679+0000] {dag.py:4180} INFO - Setting next_dagrun for airbyte_to_dbt_pipeline_prod to 2026-08-30 10:00:00+00:00, run_after=2026-08-30 11:00:00+00:00
[2026-08-30T11:07:26.711+0000] {processor.py:208} INFO - Processing /opt/airflow/dags/prod/airbyte_to_dbt_prod.py took 0.146 seconds
[2026-08-30T11:07:56.884+0000] {processor.py:186} INFO - Started process (PID=456) to work on /opt/airflow/dags/prod/airbyte_to_dbt_prod.py
[2026-08-30T11:07:56.885+0000] {processor.py:914} INFO - Processing file /opt/airflow/dags/prod/airbyte_to_dbt_prod.py for tasks to queue
[2026-08-30T11:07:56.888+0000] {logging_mixin.py:190} INFO - [2026-08-30T11:07:56.887+0000] {dagbag.py:588} INFO - Filling up the DagBag from /opt/airflow/dags/prod/airbyte_to_dbt_prod.py
[2026-08-30T11:07:56.911+0000] {processor.py:925} INFO - DAG(s) 'airbyte_to_dbt_pipeline_prod' retrieved from /opt/airflow/dags/prod/airbyte_to_dbt_prod.py
[2026-08-30T11:07:56.952+0000] {logging_mixin.py:190} INFO - [2026-08-30T11:07:56.951+0000] {dag.py:3239} INFO - Sync 1 DAGs
[2026-08-30T11:07:56.982+0000] {logging_mixin.py:190} INFO - [2026-08-30T11:07:56.981+0000] {dag.py:4180} INFO - Setting next_dagrun for airbyte_to_dbt_pipeline_prod to 2026-08-30 10:00:00+00:00, run_after=2026-08-30 11:00:00+00:00
[2026-08-30T11:07:57.005+0000] {processor.py:208} INFO - Processing /opt/airflow/dags/prod/airbyte_to_dbt_prod.py took 0.132 seconds
[2026-08-30T11:08:27.204+0000] {processor.py:186} INFO - Started process (PID=466) to work on /opt/airflow/dags/prod/airbyte_to_dbt_prod.py
[2026-08-30T11:08:27.206+0000] {processor.py:914} INFO - Processing file /opt/airflow/dags/prod/airbyte_to_dbt_prod.py for tasks to queue
[2026-08-30T11:08:27.209+0000] {logging_mixin.py:190} INFO - [2026-08-30T11:08:27.209+0000] {dagbag.py:588} INFO - Filling up the DagBag from /opt/airflow/dags/prod/airbyte_to_dbt_prod.py
[2026-08-30T11:08:27.228+0000] {processor.py:925} INFO - DAG(s) 'airbyte_to_dbt_pipeline_prod' retrieved from /opt/airflow/dags/prod/airbyte_to_dbt_prod.py
[2026-08-30T11:08:27.283+0000] {logging_mixin.py:190} INFO - [2026-08-30T11:08:27.283+0000] {dag.py:3239} INFO - Sync 1 DAGs
[2026-08-30T11:08:27.319+0000] {logging_mixin.py:190} INFO - [2026-08-30T11:08:27.319+0000] {dag.py:4180} INFO - Setting next_dagrun for airbyte_to_dbt_pipeline_prod to 2026-08-30 10:00:00+00:00, run_after=2026-08-30 11:00:00+00:00
[2026-08-30T11:08:27.355+0000] {processor.py:208} INFO - Processing /opt/airflow/dags/prod/airbyte_to_dbt_prod.py took 0.159 seconds
[2026-08-30T11:08:57.528+0000] {processor.py:186} INFO - Started process (PID=476) to work on /opt/airflow/dags/prod/airbyte_to_dbt_prod.py
[2026-08-30T11:08:57.529+0000] {processor.py:914} INFO - Processing file /opt/airflow/dags/prod/airbyte_to_dbt_prod.py for tasks to queue
[2026-08-30T11:08:57.533+0000] {logging_mixin.py:190} INFO - [2026-08-30T11:08:57.532+0000] {dagbag.py:588} INFO - Filling up the DagBag from /opt/airflow/dags/prod/airbyte_to_dbt_prod.py
[2026-08-30T11:08:57.562+0000] {processor.py:925} INFO - DAG(s) 'airbyte_to_dbt_pipeline_prod' retrieved from /opt/airflow/dags/prod/airbyte_to_dbt_prod.py
[2026-08-30T11:08:57.604+0000] {logging_mixin.py:190} INFO - [2026-08-30T11:08:57.603+0000] {dag.py:3239} INFO - Sync 1 DAGs
[2026-08-30T11:08:57.641+0000] {logging_mixin.py:190} INFO - [2026-08-30T11:08:57.640+0000] {dag.py:4180} INFO - Setting next_dagrun for airbyte_to_dbt_pipeline_prod to 2026-08-30 10:00:00+00:00, run_after=2026-08-30 11:00:00+00:00
[2026-08-30T11:08:57.664+0000] {processor.py:208} INFO - Processing /opt/airflow/dags/prod/airbyte_to_dbt_prod.py took 0.148 seconds
[2026-08-30T11:09:27.825+0000] {processor.py:186} INFO - Started process (PID=486) to work on /opt/airflow/dags/prod/airbyte_to_dbt_prod.py
[2026-08-30T11:09:27.826+0000] {processor.py:914} INFO - Processing file /opt/airflow/dags/prod/airbyte_to_dbt_prod.py for tasks to queue
[2026-08-30T11:09:27.830+0000] {logging_mixin.py:190} INFO - [2026-08-30T11:09:27.829+0000] {dagbag.py:588} INFO - Filling up the DagBag from /opt/airflow/dags/prod/airbyte_to_dbt_prod.py
[2026-08-30T11:09:27.851+0000] {processor.py:925} INFO - DAG(s) 'airbyte_to_dbt_pipeline_prod' retrieved from /opt/airflow/dags/prod/airbyte_to_dbt_prod.py
[2026-08-30T11:09:27.895+0000] {logging_mixin.py:190} INFO - [2026-08-30T11:09:27.894+0000] {dag.py:3239} INFO - Sync 1 DAGs
[2026-08-30T11:09:27.931+0000] {logging_mixin.py:190} INFO - [2026-08-30T11:09:27.930+0000] {dag.py:4180} INFO - Setting next_dagrun for airbyte_to_dbt_pipeline_prod to 2026-08-30 10:00:00+00:00, run_after=2026-08-30 11:00:00+00:00
[2026-08-30T11:09:27.953+0000] {processor.py:208} INFO - Processing /opt/airflow/dags/prod/airbyte_to_dbt_prod.py took 0.137 seconds
[2026-08-30T11:09:58.124+0000] {processor.py:186} INFO - Started process (PID=496) to work on /opt/airflow/dags/prod/airbyte_to_dbt_prod.py
[2026-08-30T11:09:58.125+0000] {processor.py:914} INFO - Processing file /opt/airflow/dags/prod/airbyte_to_dbt_prod.py for tasks to queue
[2026-08-30T11:09:58.127+0000] {logging_mixin.py:190} INFO - [2026-08-30T11:09:58.127+0000] {dagbag.py:588} INFO - Filling up the DagBag from /opt/airflow/dags/prod/airbyte_to_dbt_prod.py
[2026-08-30T11:09:58.147+0000] {processor.py:925} INFO - DAG(s) 'airbyte_to_dbt_pipeline_prod' retrieved from /opt/airflow/dags/prod/airbyte_to_dbt_prod.py
[2026-08-30T11:09:58.196+0000] {logging_mixin.py:190} INFO - [2026-08-30T11:09:58.196+0000] {dag.py:3239} INFO - Sync 1 DAGs
[2026-08-30T11:09:58.232+0000] {logging_mixin.py:190} INFO - [2026-08-30T11:09:58.232+0000] {dag.py:4180} INFO - Setting next_dagrun for airbyte_to_dbt_pipeline_prod to 2026-08-30 10:00:00+00:00, run_after=2026-08-30 11:00:00+00:00
[2026-08-30T11:09:58.256+0000] {processor.py:208} INFO - Processing /opt/airflow/dags/prod/airbyte_to_dbt_prod.py took 0.140 seconds
[2026-08-30T11:10:28.424+0000] {processor.py:186} INFO - Started process (PID=506) to work on /opt/airflow/dags/prod/airbyte_to_dbt_prod.py
[2026-08-30T11:10:28.426+0000] {processor.py:914} INFO - Processing file /opt/airflow/dags/prod/airbyte_to_dbt_prod.py for tasks to queue
[2026-08-30T11:10:28.430+0000] {logging_mixin.py:190} INFO - [2026-08-30T11:10:28.430+0000] {dagbag.py:588} INFO - Filling up the DagBag from /opt/airflow/dags/prod/airbyte_to_dbt_prod.py
[2026-08-30T11:10:28.458+0000] {processor.py:925} INFO - DAG(s) 'airbyte_to_dbt_pipeline_prod' retrieved from /opt/airflow/dags/prod/airbyte_to_dbt_prod.py
[2026-08-30T11:10:28.507+0000] {logging_mixin.py:190} INFO - [2026-08-30T11:10:28.507+0000] {dag.py:3239} INFO - Sync 1 DAGs
[2026-08-30T11:10:28.551+0000] {logging_mixin.py:190} INFO - [2026-08-30T11:10:28.550+0000] {dag.py:4180} INFO - Setting next_dagrun for airbyte_to_dbt_pipeline_prod to 2026-08-30 10:00:00+00:00, run_after=2026-08-30 11:00:00+00:00
[2026-08-30T11:10:28.574+0000] {processor.py:208} INFO - Processing /opt/airflow/dags/prod/airbyte_to_dbt_prod.py took 0.161 seconds
[2026-08-30T11:10:58.738+0000] {processor.py:186} INFO - Started process (PID=516) to work on /opt/airflow/dags/prod/airbyte_to_dbt_prod.py
[2026-08-30T11:10:58.740+0000] {processor.py:914} INFO - Processing file /opt/airflow/dags/prod/airbyte_to_dbt_prod.py for tasks to queue
[2026-08-30T11:10:58.743+0000] {logging_mixin.py:190} INFO - [2026-08-30T11:10:58.743+0000] {dagbag.py:588} INFO - Filling up the DagBag from /opt/airflow/dags/prod/airbyte_to_dbt_prod.py
[2026-08-30T11:10:58.771+0000] {processor.py:925} INFO - DAG(s) 'airbyte_to_dbt_pipeline_prod' retrieved from /opt/airflow/dags/prod/airbyte_to_dbt_prod.py
[2026-08-30T11:10:58.821+0000] {logging_mixin.py:190} INFO - [2026-08-30T11:10:58.821+0000] {dag.py:3239} INFO - Sync 1 DAGs
[2026-08-30T11:10:58.858+0000] {logging_mixin.py:190} INFO - [2026-08-30T11:10:58.858+0000] {dag.py:4180} INFO - Setting next_dagrun for airbyte_to_dbt_pipeline_prod to 2026-08-30 10:00:00+00:00, run_after=2026-08-30 11:00:00+00:00
[2026-08-30T11:10:58.883+0000] {processor.py:208} INFO - Processing /opt/airflow/dags/prod/airbyte_to_dbt_prod.py took 0.155 seconds
[2026-08-30T11:11:29.050+0000] {processor.py:186} INFO - Started process (PID=526) to work on /opt/airflow/dags/prod/airbyte_to_dbt_prod.py
[2026-08-30T11:11:29.051+0000] {processor.py:914} INFO - Processing file /opt/airflow/dags/prod/airbyte_to_dbt_prod.py for tasks to queue
[2026-08-30T11:11:29.056+0000] {logging_mixin.py:190} INFO - [2026-08-30T11:11:29.055+0000] {dagbag.py:588} INFO - Filling up the DagBag from /opt/airflow/dags/prod/airbyte_to_dbt_prod.py
[2026-08-30T11:11:29.081+0000] {processor.py:925} INFO - DAG(s) 'airbyte_to_dbt_pipeline_prod' retrieved from /opt/airflow/dags/prod/airbyte_to_dbt_prod.py
[2026-08-30T11:11:29.145+0000] {logging_mixin.py:190} INFO - [2026-08-30T11:11:29.145+0000] {dag.py:3239} INFO - Sync 1 DAGs
[2026-08-30T11:11:29.192+0000] {logging_mixin.py:190} INFO - [2026-08-30T11:11:29.191+0000] {dag.py:4180} INFO - Setting next_dagrun for airbyte_to_dbt_pipeline_prod to 2026-08-30 10:00:00+00:00, run_after=2026-08-30 11:00:00+00:00
[2026-08-30T11:11:29.224+0000] {processor.py:208} INFO - Processing /opt/airflow/dags/prod/airbyte_to_dbt_prod.py took 0.185 seconds
[2026-08-30T11:11:59.381+0000] {processor.py:186} INFO - Started process (PID=536) to work on /opt/airflow/dags/prod/airbyte_to_dbt_prod.py
[2026-08-30T11:11:59.383+0000] {processor.py:914} INFO - Processing file /opt/airflow/dags/prod/airbyte_to_dbt_prod.py for tasks to queue
[2026-08-30T11:11:59.386+0000] {logging_mixin.py:190} INFO - [2026-08-30T11:11:59.386+0000] {dagbag.py:588} INFO - Filling up the DagBag from /opt/airflow/dags/prod/airbyte_to_dbt_prod.py
[2026-08-30T11:11:59.412+0000] {processor.py:925} INFO - DAG(s) 'airbyte_to_dbt_pipeline_prod' retrieved from /opt/airflow/dags/prod/airbyte_to_dbt_prod.py
[2026-08-30T11:11:59.452+0000] {logging_mixin.py:190} INFO - [2026-08-30T11:11:59.452+0000] {dag.py:3239} INFO - Sync 1 DAGs
[2026-08-30T11:11:59.487+0000] {logging_mixin.py:190} INFO - [2026-08-30T11:11:59.487+0000] {dag.py:4180} INFO - Setting next_dagrun for airbyte_to_dbt_pipeline_prod to 2026-08-30 10:00:00+00:00, run_after=2026-08-30 11:00:00+00:00
[2026-08-30T11:11:59.511+0000] {processor.py:208} INFO - Processing /opt/airflow/dags/prod/airbyte_to_dbt_prod.py took 0.139 seconds
[2026-08-30T11:12:29.681+0000] {processor.py:186} INFO - Started process (PID=546) to work on /opt/airflow/dags/prod/airbyte_to_dbt_prod.py
[2026-08-30T11:12:29.682+0000] {processor.py:914} INFO - Processing file /opt/airflow/dags/prod/airbyte_to_dbt_prod.py for tasks to queue
[2026-08-30T11:12:29.685+0000] {logging_mixin.py:190} INFO - [2026-08-30T11:12:29.684+0000] {dagbag.py:588} INFO - Filling up the DagBag from /opt/airflow/dags/prod/airbyte_to_dbt_prod.py
[2026-08-30T11:12:29.706+0000] {processor.py:925} INFO - DAG(s) 'airbyte_to_dbt_pipeline_prod' retrieved from /opt/airflow/dags/prod/airbyte_to_dbt_prod.py
[2026-08-30T11:12:29.755+0000] {logging_mixin.py:190} INFO - [2026-08-30T11:12:29.755+0000] {dag.py:3239} INFO - Sync 1 DAGs
[2026-08-30T11:12:29.793+0000] {logging_mixin.py:190} INFO - [2026-08-30T11:12:29.792+0000] {dag.py:4180} INFO - Setting next_dagrun for airbyte_to_dbt_pipeline_prod to 2026-08-30 10:00:00+00:00, run_after=2026-08-30 11:00:00+00:00
[2026-08-30T11:12:29.820+0000] {processor.py:208} INFO - Processing /opt/airflow/dags/prod/airbyte_to_dbt_prod.py took 0.147 seconds
[2026-08-30T11:13:00.022+0000] {processor.py:186} INFO - Started process (PID=556) to work on /opt/airflow/dags/prod/airbyte_to_dbt_prod.py
[2026-08-30T11:13:00.024+0000] {processor.py:914} INFO - Processing file /opt/airflow/dags/prod/airbyte_to_dbt_prod.py for tasks to queue
[2026-08-30T11:13:00.028+0000] {logging_mixin.py:190} INFO - [2026-08-30T11:13:00.027+0000] {dagbag.py:588} INFO - Filling up the DagBag from /opt/airflow/dags/prod/airbyte_to_dbt_prod.py
[2026-08-30T11:13:00.064+0000] {processor.py:925} INFO - DAG(s) 'airbyte_to_dbt_pipeline_prod' retrieved from /opt/airflow/dags/prod/airbyte_to_dbt_prod.py
[2026-08-30T11:13:00.159+0000] {logging_mixin.py:190} INFO - [2026-08-30T11:13:00.159+0000] {dag.py:3239} INFO - Sync 1 DAGs
[2026-08-30T11:13:00.218+0000] {logging_mixin.py:190} INFO - [2026-08-30T11:13:00.218+0000] {dag.py:4180} INFO - Setting next_dagrun for airbyte_to_dbt_pipeline_prod to 2026-08-30 10:00:00+00:00, run_after=2026-08-30 11:00:00+00:00
[2026-08-30T11:13:00.267+0000] {processor.py:208} INFO - Processing /opt/airflow/dags/prod/airbyte_to_dbt_prod.py took 0.257 seconds
[2026-08-30T11:13:30.499+0000] {processor.py:186} INFO - Started process (PID=566) to work on /opt/airflow/dags/prod/airbyte_to_dbt_prod.py
[2026-08-30T11:13:30.501+0000] {processor.py:914} INFO - Processing file /opt/airflow/dags/prod/airbyte_to_dbt_prod.py for tasks to queue
[2026-08-30T11:13:30.504+0000] {logging_mixin.py:190} INFO - [2026-08-30T11:13:30.504+0000] {dagbag.py:588} INFO - Filling up the DagBag from /opt/airflow/dags/prod/airbyte_to_dbt_prod.py
[2026-08-30T11:13:30.529+0000] {processor.py:925} INFO - DAG(s) 'airbyte_to_dbt_pipeline_prod' retrieved from /opt/airflow/dags/prod/airbyte_to_dbt_prod.py
[2026-08-30T11:13:30.579+0000] {logging_mixin.py:190} INFO - [2026-08-30T11:13:30.579+0000] {dag.py:3239} INFO - Sync 1 DAGs
[2026-08-30T11:13:30.619+0000] {logging_mixin.py:190} INFO - [2026-08-30T11:13:30.619+0000] {dag.py:4180} INFO - Setting next_dagrun for airbyte_to_dbt_pipeline_prod to 2026-08-30 10:00:00+00:00, run_after=2026-08-30 11:00:00+00:00
[2026-08-30T11:13:30.647+0000] {processor.py:208} INFO - Processing /opt/airflow/dags/prod/airbyte_to_dbt_prod.py took 0.159 seconds
[2026-08-30T11:14:00.848+0000] {processor.py:186} INFO - Started process (PID=576) to work on /opt/airflow/dags/prod/airbyte_to_dbt_prod.py
[2026-08-30T11:14:00.849+0000] {processor.py:914} INFO - Processing file /opt/airflow/dags/prod/airbyte_to_dbt_prod.py for tasks to queue
[2026-08-30T11:14:00.852+0000] {logging_mixin.py:190} INFO - [2026-08-30T11:14:00.851+0000] {dagbag.py:588} INFO - Filling up the DagBag from /opt/airflow/dags/prod/airbyte_to_dbt_prod.py
[2026-08-30T11:14:00.880+0000] {processor.py:925} INFO - DAG(s) 'airbyte_to_dbt_pipeline_prod' retrieved from /opt/airflow/dags/prod/airbyte_to_dbt_prod.py
[2026-08-30T11:14:00.932+0000] {logging_mixin.py:190} INFO - [2026-08-30T11:14:00.932+0000] {dag.py:3239} INFO - Sync 1 DAGs
[2026-08-30T11:14:00.979+0000] {logging_mixin.py:190} INFO - [2026-08-30T11:14:00.979+0000] {dag.py:4180} INFO - Setting next_dagrun for airbyte_to_dbt_pipeline_prod to 2026-08-30 10:00:00+00:00, run_after=2026-08-30 11:00:00+00:00
[2026-08-30T11:14:01.026+0000] {processor.py:208} INFO - Processing /opt/airflow/dags/prod/airbyte_to_dbt_prod.py took 0.193 seconds
[2026-08-30T11:14:31.218+0000] {processor.py:186} INFO - Started process (PID=586) to work on /opt/airflow/dags/prod/airbyte_to_dbt_prod.py
[2026-08-30T11:14:31.219+0000] {processor.py:914} INFO - Processing file /opt/airflow/dags/prod/airbyte_to_dbt_prod.py for tasks to queue
[2026-08-30T11:14:31.223+0000] {logging_mixin.py:190} INFO - [2026-08-30T11:14:31.222+0000] {dagbag.py:588} INFO - Filling up the DagBag from /opt/airflow/dags/prod/airbyte_to_dbt_prod.py
[2026-08-30T11:14:31.253+0000] {processor.py:925} INFO - DAG(s) 'airbyte_to_dbt_pipeline_prod' retrieved from /opt/airflow/dags/prod/airbyte_to_dbt_prod.py
[2026-08-30T11:14:31.311+0000] {logging_mixin.py:190} INFO - [2026-08-30T11:14:31.311+0000] {dag.py:3239} INFO - Sync 1 DAGs
[2026-08-30T11:14:31.363+0000] {logging_mixin.py:190} INFO - [2026-08-30T11:14:31.363+0000] {dag.py:4180} INFO - Setting next_dagrun for airbyte_to_dbt_pipeline_prod to 2026-08-30 10:00:00+00:00, run_after=2026-08-30 11:00:00+00:00
[2026-08-30T11:14:31.390+0000] {processor.py:208} INFO - Processing /opt/airflow/dags/prod/airbyte_to_dbt_prod.py took 0.183 seconds
[2026-08-30T11:15:01.565+0000] {processor.py:186} INFO - Started process (PID=596) to work on /opt/airflow/dags/prod/airbyte_to_dbt_prod.py
[2026-08-30T11:15:01.565+0000] {processor.py:914} INFO - Processing file /opt/airflow/dags/prod/airbyte_to_dbt_prod.py for tasks to queue
[2026-08-30T11:15:01.568+0000] {logging_mixin.py:190} INFO - [2026-08-30T11:15:01.568+0000] {dagbag.py:588} INFO - Filling up the DagBag from /opt/airflow/dags/prod/airbyte_to_dbt_prod.py
[2026-08-30T11:15:01.592+0000] {processor.py:925} INFO - DAG(s) 'airbyte_to_dbt_pipeline_prod' retrieved from /opt/airflow/dags/prod/airbyte_to_dbt_prod.py
[2026-08-30T11:15:01.632+0000] {logging_mixin.py:190} INFO - [2026-08-30T11:15:01.632+0000] {dag.py:3239} INFO - Sync 1 DAGs
[2026-08-30T11:15:01.667+0000] {logging_mixin.py:190} INFO - [2026-08-30T11:15:01.667+0000] {dag.py:4180} INFO - Setting next_dagrun for airbyte_to_dbt_pipeline_prod to 2026-08-30 10:00:00+00:00, run_after=2026-08-30 11:00:00+00:00
[2026-08-30T11:15:01.692+0000] {processor.py:208} INFO - Processing /opt/airflow/dags/prod/airbyte_to_dbt_prod.py took 0.135 seconds
[2026-08-30T11:15:31.871+0000] {processor.py:186} INFO - Started process (PID=606) to work on /opt/airflow/dags/prod/airbyte_to_dbt_prod.py
[2026-08-30T11:15:31.872+0000] {processor.py:914} INFO - Processing file /opt/airflow/dags/prod/airbyte_to_dbt_prod.py for tasks to queue
[2026-08-30T11:15:31.876+0000] {logging_mixin.py:190} INFO - [2026-08-30T11:15:31.875+0000] {dagbag.py:588} INFO - Filling up the DagBag from /opt/airflow/dags/prod/airbyte_to_dbt_prod.py
[2026-08-30T11:15:31.905+0000] {processor.py:925} INFO - DAG(s) 'airbyte_to_dbt_pipeline_prod' retrieved from /opt/airflow/dags/prod/airbyte_to_dbt_prod.py
[2026-08-30T11:15:31.948+0000] {logging_mixin.py:190} INFO - [2026-08-30T11:15:31.948+0000] {dag.py:3239} INFO - Sync 1 DAGs
[2026-08-30T11:15:31.976+0000] {logging_mixin.py:190} INFO - [2026-08-30T11:15:31.975+0000] {dag.py:4180} INFO - Setting next_dagrun for airbyte_to_dbt_pipeline_prod to 2026-08-30 10:00:00+00:00, run_after=2026-08-30 11:00:00+00:00
[2026-08-30T11:15:32.012+0000] {processor.py:208} INFO - Processing /opt/airflow/dags/prod/airbyte_to_dbt_prod.py took 0.152 seconds
[2026-08-30T11:16:02.177+0000] {processor.py:186} INFO - Started process (PID=616) to work on /opt/airflow/dags/prod/airbyte_to_dbt_prod.py
[2026-08-30T11:16:02.178+0000] {processor.py:914} INFO - Processing file /opt/airflow/dags/prod/airbyte_to_dbt_prod.py for tasks to queue
[2026-08-30T11:16:02.181+0000] {logging_mixin.py:190} INFO - [2026-08-30T11:16:02.180+0000] {dagbag.py:588} INFO - Filling up the DagBag from /opt/airflow/dags/prod/airbyte_to_dbt_prod.py
[2026-08-30T11:16:02.201+0000] {processor.py:925} INFO - DAG(s) 'airbyte_to_dbt_pipeline_prod' retrieved from /opt/airflow/dags/prod/airbyte_to_dbt_prod.py
[2026-08-30T11:16:02.253+0000] {logging_mixin.py:190} INFO - [2026-08-30T11:16:02.252+0000] {dag.py:3239} INFO - Sync 1 DAGs
[2026-08-30T11:16:02.284+0000] {logging_mixin.py:190} INFO - [2026-08-30T11:16:02.284+0000] {dag.py:4180} INFO - Setting next_dagrun for airbyte_to_dbt_pipeline_prod to 2026-08-30 10:00:00+00:00, run_after=2026-08-30 11:00:00+00:00
[2026-08-30T11:16:02.310+0000] {processor.py:208} INFO - Processing /opt/airflow/dags/prod/airbyte_to_dbt_prod.py took 0.142 seconds
[2026-08-30T11:16:32.487+0000] {processor.py:186} INFO - Started process (PID=626) to work on /opt/airflow/dags/prod/airbyte_to_dbt_prod.py
[2026-08-30T11:16:32.488+0000] {processor.py:914} INFO - Processing file /opt/airflow/dags/prod/airbyte_to_dbt_prod.py for tasks to queue
[2026-08-30T11:16:32.494+0000] {logging_mixin.py:190} INFO - [2026-08-30T11:16:32.492+0000] {dagbag.py:588} INFO - Filling up the DagBag from /opt/airflow/dags/prod/airbyte_to_dbt_prod.py
[2026-08-30T11:16:32.520+0000] {processor.py:925} INFO - DAG(s) 'airbyte_to_dbt_pipeline_prod' retrieved from /opt/airflow/dags/prod/airbyte_to_dbt_prod.py
[2026-08-30T11:16:32.566+0000] {logging_mixin.py:190} INFO - [2026-08-30T11:16:32.566+0000] {dag.py:3239} INFO - Sync 1 DAGs
[2026-08-30T11:16:32.602+0000] {logging_mixin.py:190} INFO - [2026-08-30T11:16:32.602+0000] {dag.py:4180} INFO - Setting next_dagrun for airbyte_to_dbt_pipeline_prod to 2026-08-30 10:00:00+00:00, run_after=2026-08-30 11:00:00+00:00
[2026-08-30T11:16:32.629+0000] {processor.py:208} INFO - Processing /opt/airflow/dags/prod/airbyte_to_dbt_prod.py took 0.153 seconds
[2026-08-30T11:17:02.809+0000] {processor.py:186} INFO - Started process (PID=636) to work on /opt/airflow/dags/prod/airbyte_to_dbt_prod.py
[2026-08-30T11:17:02.811+0000] {processor.py:914} INFO - Processing file /opt/airflow/dags/prod/airbyte_to_dbt_prod.py for tasks to queue
[2026-08-30T11:17:02.818+0000] {logging_mixin.py:190} INFO - [2026-08-30T11:17:02.818+0000] {dagbag.py:588} INFO - Filling up the DagBag from /opt/airflow/dags/prod/airbyte_to_dbt_prod.py
[2026-08-30T11:17:02.864+0000] {processor.py:925} INFO - DAG(s) 'airbyte_to_dbt_pipeline_prod' retrieved from /opt/airflow/dags/prod/airbyte_to_dbt_prod.py
[2026-08-30T11:17:02.937+0000] {logging_mixin.py:190} INFO - [2026-08-30T11:17:02.936+0000] {dag.py:3239} INFO - Sync 1 DAGs
[2026-08-30T11:17:02.978+0000] {logging_mixin.py:190} INFO - [2026-08-30T11:17:02.977+0000] {dag.py:4180} INFO - Setting next_dagrun for airbyte_to_dbt_pipeline_prod to 2026-08-30 10:00:00+00:00, run_after=2026-08-30 11:00:00+00:00
[2026-08-30T11:17:03.003+0000] {processor.py:208} INFO - Processing /opt/airflow/dags/prod/airbyte_to_dbt_prod.py took 0.215 seconds
[2026-08-30T11:17:33.185+0000] {processor.py:186} INFO - Started process (PID=646) to work on /opt/airflow/dags/prod/airbyte_to_dbt_prod.py
[2026-08-30T11:17:33.187+0000] {processor.py:914} INFO - Processing file /opt/airflow/dags/prod/airbyte_to_dbt_prod.py for tasks to queue
[2026-08-30T11:17:33.190+0000] {logging_mixin.py:190} INFO - [2026-08-30T11:17:33.190+0000] {dagbag.py:588} INFO - Filling up the DagBag from /opt/airflow/dags/prod/airbyte_to_dbt_prod.py
[2026-08-30T11:17:33.235+0000] {processor.py:925} INFO - DAG(s) 'airbyte_to_dbt_pipeline_prod' retrieved from /opt/airflow/dags/prod/airbyte_to_dbt_prod.py
[2026-08-30T11:17:33.329+0000] {logging_mixin.py:190} INFO - [2026-08-30T11:17:33.329+0000] {dag.py:3239} INFO - Sync 1 DAGs
[2026-08-30T11:17:33.483+0000] {logging_mixin.py:190} INFO - [2026-08-30T11:17:33.483+0000] {dag.py:4180} INFO - Setting next_dagrun for airbyte_to_dbt_pipeline_prod to 2026-08-30 10:00:00+00:00, run_after=2026-08-30 11:00:00+00:00
[2026-08-30T11:17:33.512+0000] {processor.py:208} INFO - Processing /opt/airflow/dags/prod/airbyte_to_dbt_prod.py took 0.335 seconds
[2026-08-30T11:18:03.672+0000] {processor.py:186} INFO - Started process (PID=656) to work on /opt/airflow/dags/prod/airbyte_to_dbt_prod.py
[2026-08-30T11:18:03.673+0000] {processor.py:914} INFO - Processing file /opt/airflow/dags/prod/airbyte_to_dbt_prod.py for tasks to queue
[2026-08-30T11:18:03.676+0000] {logging_mixin.py:190} INFO - [2026-08-30T11:18:03.675+0000] {dagbag.py:588} INFO - Filling up the DagBag from /opt/airflow/dags/prod/airbyte_to_dbt_prod.py
[2026-08-30T11:18:03.696+0000] {processor.py:925} INFO - DAG(s) 'airbyte_to_dbt_pipeline_prod' retrieved from /opt/airflow/dags/prod/airbyte_to_dbt_prod.py
[2026-08-30T11:18:03.737+0000] {logging_mixin.py:190} INFO - [2026-08-30T11:18:03.737+0000] {dag.py:3239} INFO - Sync 1 DAGs
[2026-08-30T11:18:03.766+0000] {logging_mixin.py:190} INFO - [2026-08-30T11:18:03.766+0000] {dag.py:4180} INFO - Setting next_dagrun for airbyte_to_dbt_pipeline_prod to 2026-08-30 10:00:00+00:00, run_after=2026-08-30 11:00:00+00:00
[2026-08-30T11:18:03.790+0000] {processor.py:208} INFO - Processing /opt/airflow/dags/prod/airbyte_to_dbt_prod.py took 0.126 seconds
[2026-08-30T11:18:33.965+0000] {processor.py:186} INFO - Started process (PID=666) to work on /opt/airflow/dags/prod/airbyte_to_dbt_prod.py
[2026-08-30T11:18:33.966+0000] {processor.py:914} INFO - Processing file /opt/airflow/dags/prod/airbyte_to_dbt_prod.py for tasks to queue
[2026-08-30T11:18:33.970+0000] {logging_mixin.py:190} INFO - [2026-08-30T11:18:33.969+0000] {dagbag.py:588} INFO - Filling up the DagBag from /opt/airflow/dags/prod/airbyte_to_dbt_prod.py
[2026-08-30T11:18:33.998+0000] {processor.py:925} INFO - DAG(s) 'airbyte_to_dbt_pipeline_prod' retrieved from /opt/airflow/dags/prod/airbyte_to_dbt_prod.py
[2026-08-30T11:18:34.040+0000] {logging_mixin.py:190} INFO - [2026-08-30T11:18:34.040+0000] {dag.py:3239} INFO - Sync 1 DAGs
[2026-08-30T11:18:34.070+0000] {logging_mixin.py:190} INFO - [2026-08-30T11:18:34.070+0000] {dag.py:4180} INFO - Setting next_dagrun for airbyte_to_dbt_pipeline_prod to 2026-08-30 10:00:00+00:00, run_after=2026-08-30 11:00:00+00:00
[2026-08-30T11:18:34.096+0000] {processor.py:208} INFO - Processing /opt/airflow/dags/prod/airbyte_to_dbt_prod.py took 0.143 seconds
[2026-08-30T11:19:04.274+0000] {processor.py:186} INFO - Started process (PID=676) to work on /opt/airflow/dags/prod/airbyte_to_dbt_prod.py
[2026-08-30T11:19:04.278+0000] {processor.py:914} INFO - Processing file /opt/airflow/dags/prod/airbyte_to_dbt_prod.py for tasks to queue
[2026-08-30T11:19:04.282+0000] {logging_mixin.py:190} INFO - [2026-08-30T11:19:04.281+0000] {dagbag.py:588} INFO - Filling up the DagBag from /opt/airflow/dags/prod/airbyte_to_dbt_prod.py
[2026-08-30T11:19:04.313+0000] {processor.py:925} INFO - DAG(s) 'airbyte_to_dbt_pipeline_prod' retrieved from /opt/airflow/dags/prod/airbyte_to_dbt_prod.py
[2026-08-30T11:19:04.369+0000] {logging_mixin.py:190} INFO - [2026-08-30T11:19:04.369+0000] {dag.py:3239} INFO - Sync 1 DAGs
[2026-08-30T11:19:04.428+0000] {logging_mixin.py:190} INFO - [2026-08-30T11:19:04.428+0000] {dag.py:4180} INFO - Setting next_dagrun for airbyte_to_dbt_pipeline_prod to 2026-08-30 10:00:00+00:00, run_after=2026-08-30 11:00:00+00:00
[2026-08-30T11:19:04.461+0000] {processor.py:208} INFO - Processing /opt/airflow/dags/prod/airbyte_to_dbt_prod.py took 0.197 seconds
[2026-08-30T11:19:34.717+0000] {processor.py:186} INFO - Started process (PID=686) to work on /opt/airflow/dags/prod/airbyte_to_dbt_prod.py
[2026-08-30T11:19:34.732+0000] {processor.py:914} INFO - Processing file /opt/airflow/dags/prod/airbyte_to_dbt_prod.py for tasks to queue
[2026-08-30T11:19:34.737+0000] {logging_mixin.py:190} INFO - [2026-08-30T11:19:34.736+0000] {dagbag.py:588} INFO - Filling up the DagBag from /opt/airflow/dags/prod/airbyte_to_dbt_prod.py
[2026-08-30T11:19:34.832+0000] {processor.py:925} INFO - DAG(s) 'airbyte_to_dbt_pipeline_prod' retrieved from /opt/airflow/dags/prod/airbyte_to_dbt_prod.py
[2026-08-30T11:19:35.013+0000] {logging_mixin.py:190} INFO - [2026-08-30T11:19:35.012+0000] {dag.py:3239} INFO - Sync 1 DAGs
[2026-08-30T11:19:35.129+0000] {logging_mixin.py:190} INFO - [2026-08-30T11:19:35.129+0000] {dag.py:4180} INFO - Setting next_dagrun for airbyte_to_dbt_pipeline_prod to 2026-08-30 10:00:00+00:00, run_after=2026-08-30 11:00:00+00:00
[2026-08-30T11:19:35.163+0000] {processor.py:208} INFO - Processing /opt/airflow/dags/prod/airbyte_to_dbt_prod.py took 0.461 seconds
[2026-08-30T11:20:05.354+0000] {processor.py:186} INFO - Started process (PID=696) to work on /opt/airflow/dags/prod/airbyte_to_dbt_prod.py
[2026-08-30T11:20:05.355+0000] {processor.py:914} INFO - Processing file /opt/airflow/dags/prod/airbyte_to_dbt_prod.py for tasks to queue
[2026-08-30T11:20:05.358+0000] {logging_mixin.py:190} INFO - [2026-08-30T11:20:05.358+0000] {dagbag.py:588} INFO - Filling up the DagBag from /opt/airflow/dags/prod/airbyte_to_dbt_prod.py
[2026-08-30T11:20:05.381+0000] {processor.py:925} INFO - DAG(s) 'airbyte_to_dbt_pipeline_prod' retrieved from /opt/airflow/dags/prod/airbyte_to_dbt_prod.py
[2026-08-30T11:20:05.428+0000] {logging_mixin.py:190} INFO - [2026-08-30T11:20:05.428+0000] {dag.py:3239} INFO - Sync 1 DAGs
[2026-08-30T11:20:05.465+0000] {logging_mixin.py:190} INFO - [2026-08-30T11:20:05.465+0000] {dag.py:4180} INFO - Setting next_dagrun for airbyte_to_dbt_pipeline_prod to 2026-08-30 10:00:00+00:00, run_after=2026-08-30 11:00:00+00:00
[2026-08-30T11:20:05.491+0000] {processor.py:208} INFO - Processing /opt/airflow/dags/prod/airbyte_to_dbt_prod.py took 0.146 seconds
[2026-08-30T11:20:35.653+0000] {processor.py:186} INFO - Started process (PID=706) to work on /opt/airflow/dags/prod/airbyte_to_dbt_prod.py
[2026-08-30T11:20:35.654+0000] {processor.py:914} INFO - Processing file /opt/airflow/dags/prod/airbyte_to_dbt_prod.py for tasks to queue
[2026-08-30T11:20:35.657+0000] {logging_mixin.py:190} INFO - [2026-08-30T11:20:35.656+0000] {dagbag.py:588} INFO - Filling up the DagBag from /opt/airflow/dags/prod/airbyte_to_dbt_prod.py
[2026-08-30T11:20:35.676+0000] {processor.py:925} INFO - DAG(s) 'airbyte_to_dbt_pipeline_prod' retrieved from /opt/airflow/dags/prod/airbyte_to_dbt_prod.py
[2026-08-30T11:20:35.714+0000] {logging_mixin.py:190} INFO - [2026-08-30T11:20:35.714+0000] {dag.py:3239} INFO - Sync 1 DAGs
[2026-08-30T11:20:35.749+0000] {logging_mixin.py:190} INFO - [2026-08-30T11:20:35.748+0000] {dag.py:4180} INFO - Setting next_dagrun for airbyte_to_dbt_pipeline_prod to 2026-08-30 10:00:00+00:00, run_after=2026-08-30 11:00:00+00:00
[2026-08-30T11:20:35.773+0000] {processor.py:208} INFO - Processing /opt/airflow/dags/prod/airbyte_to_dbt_prod.py took 0.128 seconds
[2026-08-30T11:21:05.958+0000] {processor.py:186} INFO - Started process (PID=716) to work on /opt/airflow/dags/prod/airbyte_to_dbt_prod.py
[2026-08-30T11:21:05.959+0000] {processor.py:914} INFO - Processing file /opt/airflow/dags/prod/airbyte_to_dbt_prod.py for tasks to queue
[2026-08-30T11:21:05.963+0000] {logging_mixin.py:190} INFO - [2026-08-30T11:21:05.962+0000] {dagbag.py:588} INFO - Filling up the DagBag from /opt/airflow/dags/prod/airbyte_to_dbt_prod.py
[2026-08-30T11:21:06.017+0000] {processor.py:925} INFO - DAG(s) 'airbyte_to_dbt_pipeline_prod' retrieved from /opt/airflow/dags/prod/airbyte_to_dbt_prod.py
[2026-08-30T11:21:06.102+0000] {logging_mixin.py:190} INFO - [2026-08-30T11:21:06.101+0000] {dag.py:3239} INFO - Sync 1 DAGs
[2026-08-30T11:21:06.174+0000] {logging_mixin.py:190} INFO - [2026-08-30T11:21:06.173+0000] {dag.py:4180} INFO - Setting next_dagrun for airbyte_to_dbt_pipeline_prod to 2026-08-30 10:00:00+00:00, run_after=2026-08-30 11:00:00+00:00
[2026-08-30T11:21:06.214+0000] {processor.py:208} INFO - Processing /opt/airflow/dags/prod/airbyte_to_dbt_prod.py took 0.270 seconds
[2026-08-30T11:21:36.411+0000] {processor.py:186} INFO - Started process (PID=726) to work on /opt/airflow/dags/prod/airbyte_to_dbt_prod.py
[2026-08-30T11:21:36.412+0000] {processor.py:914} INFO - Processing file /opt/airflow/dags/prod/airbyte_to_dbt_prod.py for tasks to queue
[2026-08-30T11:21:36.417+0000] {logging_mixin.py:190} INFO - [2026-08-30T11:21:36.416+0000] {dagbag.py:588} INFO - Filling up the DagBag from /opt/airflow/dags/prod/airbyte_to_dbt_prod.py
[2026-08-30T11:21:36.449+0000] {processor.py:925} INFO - DAG(s) 'airbyte_to_dbt_pipeline_prod' retrieved from /opt/airflow/dags/prod/airbyte_to_dbt_prod.py
[2026-08-30T11:21:36.510+0000] {logging_mixin.py:190} INFO - [2026-08-30T11:21:36.509+0000] {dag.py:3239} INFO - Sync 1 DAGs
[2026-08-30T11:21:36.560+0000] {logging_mixin.py:190} INFO - [2026-08-30T11:21:36.560+0000] {dag.py:4180} INFO - Setting next_dagrun for airbyte_to_dbt_pipeline_prod to 2026-08-30 10:00:00+00:00, run_after=2026-08-30 11:00:00+00:00
[2026-08-30T11:21:36.594+0000] {processor.py:208} INFO - Processing /opt/airflow/dags/prod/airbyte_to_dbt_prod.py took 0.194 seconds
[2026-08-30T11:22:06.775+0000] {processor.py:186} INFO - Started process (PID=736) to work on /opt/airflow/dags/prod/airbyte_to_dbt_prod.py
[2026-08-30T11:22:06.776+0000] {processor.py:914} INFO - Processing file /opt/airflow/dags/prod/airbyte_to_dbt_prod.py for tasks to queue
[2026-08-30T11:22:06.780+0000] {logging_mixin.py:190} INFO - [2026-08-30T11:22:06.779+0000] {dagbag.py:588} INFO - Filling up the DagBag from /opt/airflow/dags/prod/airbyte_to_dbt_prod.py
[2026-08-30T11:22:06.810+0000] {processor.py:925} INFO - DAG(s) 'airbyte_to_dbt_pipeline_prod' retrieved from /opt/airflow/dags/prod/airbyte_to_dbt_prod.py
[2026-08-30T11:22:06.864+0000] {logging_mixin.py:190} INFO - [2026-08-30T11:22:06.863+0000] {dag.py:3239} INFO - Sync 1 DAGs
[2026-08-30T11:22:06.908+0000] {logging_mixin.py:190} INFO - [2026-08-30T11:22:06.907+0000] {dag.py:4180} INFO - Setting next_dagrun for airbyte_to_dbt_pipeline_prod to 2026-08-30 10:00:00+00:00, run_after=2026-08-30 11:00:00+00:00
[2026-08-30T11:22:06.934+0000] {processor.py:208} INFO - Processing /opt/airflow/dags/prod/airbyte_to_dbt_prod.py took 0.170 seconds
[2026-08-30T11:22:37.084+0000] {processor.py:186} INFO - Started process (PID=746) to work on /opt/airflow/dags/prod/airbyte_to_dbt_prod.py
[2026-08-30T11:22:37.086+0000] {processor.py:914} INFO - Processing file /opt/airflow/dags/prod/airbyte_to_dbt_prod.py for tasks to queue
[2026-08-30T11:22:37.089+0000] {logging_mixin.py:190} INFO - [2026-08-30T11:22:37.088+0000] {dagbag.py:588} INFO - Filling up the DagBag from /opt/airflow/dags/prod/airbyte_to_dbt_prod.py
[2026-08-30T11:22:37.112+0000] {processor.py:925} INFO - DAG(s) 'airbyte_to_dbt_pipeline_prod' retrieved from /opt/airflow/dags/prod/airbyte_to_dbt_prod.py
[2026-08-30T11:22:37.161+0000] {logging_mixin.py:190} INFO - [2026-08-30T11:22:37.160+0000] {dag.py:3239} INFO - Sync 1 DAGs
[2026-08-30T11:22:37.195+0000] {logging_mixin.py:190} INFO - [2026-08-30T11:22:37.195+0000] {dag.py:4180} INFO - Setting next_dagrun for airbyte_to_dbt_pipeline_prod to 2026-08-30 10:00:00+00:00, run_after=2026-08-30 11:00:00+00:00
[2026-08-30T11:22:37.220+0000] {processor.py:208} INFO - Processing /opt/airflow/dags/prod/airbyte_to_dbt_prod.py took 0.143 seconds
[2026-08-30T11:23:07.417+0000] {processor.py:186} INFO - Started process (PID=756) to work on /opt/airflow/dags/prod/airbyte_to_dbt_prod.py
[2026-08-30T11:23:07.418+0000] {processor.py:914} INFO - Processing file /opt/airflow/dags/prod/airbyte_to_dbt_prod.py for tasks to queue
[2026-08-30T11:23:07.421+0000] {logging_mixin.py:190} INFO - [2026-08-30T11:23:07.420+0000] {dagbag.py:588} INFO - Filling up the DagBag from /opt/airflow/dags/prod/airbyte_to_dbt_prod.py
[2026-08-30T11:23:07.441+0000] {processor.py:925} INFO - DAG(s) 'airbyte_to_dbt_pipeline_prod' retrieved from /opt/airflow/dags/prod/airbyte_to_dbt_prod.py
[2026-08-30T11:23:07.481+0000] {logging_mixin.py:190} INFO - [2026-08-30T11:23:07.481+0000] {dag.py:3239} INFO - Sync 1 DAGs
[2026-08-30T11:23:07.515+0000] {logging_mixin.py:190} INFO - [2026-08-30T11:23:07.515+0000] {dag.py:4180} INFO - Setting next_dagrun for airbyte_to_dbt_pipeline_prod to 2026-08-30 10:00:00+00:00, run_after=2026-08-30 11:00:00+00:00
[2026-08-30T11:23:07.538+0000] {processor.py:208} INFO - Processing /opt/airflow/dags/prod/airbyte_to_dbt_prod.py took 0.129 seconds
[2026-08-30T11:23:37.706+0000] {processor.py:186} INFO - Started process (PID=766) to work on /opt/airflow/dags/prod/airbyte_to_dbt_prod.py
[2026-08-30T11:23:37.708+0000] {processor.py:914} INFO - Processing file /opt/airflow/dags/prod/airbyte_to_dbt_prod.py for tasks to queue
[2026-08-30T11:23:37.711+0000] {logging_mixin.py:190} INFO - [2026-08-30T11:23:37.711+0000] {dagbag.py:588} INFO - Filling up the DagBag from /opt/airflow/dags/prod/airbyte_to_dbt_prod.py
[2026-08-30T11:23:37.747+0000] {processor.py:925} INFO - DAG(s) 'airbyte_to_dbt_pipeline_prod' retrieved from /opt/airflow/dags/prod/airbyte_to_dbt_prod.py
[2026-08-30T11:23:37.796+0000] {logging_mixin.py:190} INFO - [2026-08-30T11:23:37.796+0000] {dag.py:3239} INFO - Sync 1 DAGs
[2026-08-30T11:23:37.833+0000] {logging_mixin.py:190} INFO - [2026-08-30T11:23:37.832+0000] {dag.py:4180} INFO - Setting next_dagrun for airbyte_to_dbt_pipeline_prod to 2026-08-30 10:00:00+00:00, run_after=2026-08-30 11:00:00+00:00
[2026-08-30T11:23:37.854+0000] {processor.py:208} INFO - Processing /opt/airflow/dags/prod/airbyte_to_dbt_prod.py took 0.158 seconds
[2026-08-30T11:24:08.000+0000] {processor.py:186} INFO - Started process (PID=776) to work on /opt/airflow/dags/prod/airbyte_to_dbt_prod.py
[2026-08-30T11:24:08.001+0000] {processor.py:914} INFO - Processing file /opt/airflow/dags/prod/airbyte_to_dbt_prod.py for tasks to queue
[2026-08-30T11:24:08.005+0000] {logging_mixin.py:190} INFO - [2026-08-30T11:24:08.004+0000] {dagbag.py:588} INFO - Filling up the DagBag from /opt/airflow/dags/prod/airbyte_to_dbt_prod.py
[2026-08-30T11:24:08.030+0000] {processor.py:925} INFO - DAG(s) 'airbyte_to_dbt_pipeline_prod' retrieved from /opt/airflow/dags/prod/airbyte_to_dbt_prod.py
[2026-08-30T11:24:08.077+0000] {logging_mixin.py:190} INFO - [2026-08-30T11:24:08.077+0000] {dag.py:3239} INFO - Sync 1 DAGs
[2026-08-30T11:24:08.115+0000] {logging_mixin.py:190} INFO - [2026-08-30T11:24:08.115+0000] {dag.py:4180} INFO - Setting next_dagrun for airbyte_to_dbt_pipeline_prod to 2026-08-30 10:00:00+00:00, run_after=2026-08-30 11:00:00+00:00
[2026-08-30T11:24:08.136+0000] {processor.py:208} INFO - Processing /opt/airflow/dags/prod/airbyte_to_dbt_prod.py took 0.146 seconds
[2026-08-30T11:24:38.318+0000] {processor.py:186} INFO - Started process (PID=786) to work on /opt/airflow/dags/prod/airbyte_to_dbt_prod.py
[2026-08-30T11:24:38.320+0000] {processor.py:914} INFO - Processing file /opt/airflow/dags/prod/airbyte_to_dbt_prod.py for tasks to queue
[2026-08-30T11:24:38.325+0000] {logging_mixin.py:190} INFO - [2026-08-30T11:24:38.324+0000] {dagbag.py:588} INFO - Filling up the DagBag from /opt/airflow/dags/prod/airbyte_to_dbt_prod.py
[2026-08-30T11:24:38.362+0000] {processor.py:925} INFO - DAG(s) 'airbyte_to_dbt_pipeline_prod' retrieved from /opt/airflow/dags/prod/airbyte_to_dbt_prod.py
[2026-08-30T11:24:38.430+0000] {logging_mixin.py:190} INFO - [2026-08-30T11:24:38.430+0000] {dag.py:3239} INFO - Sync 1 DAGs
[2026-08-30T11:24:38.478+0000] {logging_mixin.py:190} INFO - [2026-08-30T11:24:38.478+0000] {dag.py:4180} INFO - Setting next_dagrun for airbyte_to_dbt_pipeline_prod to 2026-08-30 10:00:00+00:00, run_after=2026-08-30 11:00:00+00:00
[2026-08-30T11:24:38.503+0000] {processor.py:208} INFO - Processing /opt/airflow/dags/prod/airbyte_to_dbt_prod.py took 0.198 seconds
[2026-08-30T11:25:08.664+0000] {processor.py:186} INFO - Started process (PID=796) to work on /opt/airflow/dags/prod/airbyte_to_dbt_prod.py
[2026-08-30T11:25:08.665+0000] {processor.py:914} INFO - Processing file /opt/airflow/dags/prod/airbyte_to_dbt_prod.py for tasks to queue
[2026-08-30T11:25:08.669+0000] {logging_mixin.py:190} INFO - [2026-08-30T11:25:08.668+0000] {dagbag.py:588} INFO - Filling up the DagBag from /opt/airflow/dags/prod/airbyte_to_dbt_prod.py
[2026-08-30T11:25:08.698+0000] {processor.py:925} INFO - DAG(s) 'airbyte_to_dbt_pipeline_prod' retrieved from /opt/airflow/dags/prod/airbyte_to_dbt_prod.py
[2026-08-30T11:25:08.751+0000] {logging_mixin.py:190} INFO - [2026-08-30T11:25:08.751+0000] {dag.py:3239} INFO - Sync 1 DAGs
[2026-08-30T11:25:08.789+0000] {logging_mixin.py:190} INFO - [2026-08-30T11:25:08.789+0000] {dag.py:4180} INFO - Setting next_dagrun for airbyte_to_dbt_pipeline_prod to 2026-08-30 10:00:00+00:00, run_after=2026-08-30 11:00:00+00:00
[2026-08-30T11:25:08.814+0000] {processor.py:208} INFO - Processing /opt/airflow/dags/prod/airbyte_to_dbt_prod.py took 0.159 seconds
[2026-08-30T11:25:39.145+0000] {processor.py:186} INFO - Started process (PID=804) to work on /opt/airflow/dags/prod/airbyte_to_dbt_prod.py
[2026-08-30T11:25:39.147+0000] {processor.py:914} INFO - Processing file /opt/airflow/dags/prod/airbyte_to_dbt_prod.py for tasks to queue
[2026-08-30T11:25:39.245+0000] {logging_mixin.py:190} INFO - [2026-08-30T11:25:39.238+0000] {dagbag.py:588} INFO - Filling up the DagBag from /opt/airflow/dags/prod/airbyte_to_dbt_prod.py
[2026-08-30T11:25:39.525+0000] {processor.py:925} INFO - DAG(s) 'airbyte_to_dbt_pipeline_prod' retrieved from /opt/airflow/dags/prod/airbyte_to_dbt_prod.py
[2026-08-30T11:25:39.743+0000] {logging_mixin.py:190} INFO - [2026-08-30T11:25:39.742+0000] {dag.py:3239} INFO - Sync 1 DAGs
[2026-08-30T11:25:39.878+0000] {logging_mixin.py:190} INFO - [2026-08-30T11:25:39.877+0000] {dag.py:4180} INFO - Setting next_dagrun for airbyte_to_dbt_pipeline_prod to 2026-08-30 10:00:00+00:00, run_after=2026-08-30 11:00:00+00:00
[2026-08-30T11:25:39.900+0000] {processor.py:208} INFO - Processing /opt/airflow/dags/prod/airbyte_to_dbt_prod.py took 0.878 seconds
[2026-08-30T11:26:10.141+0000] {processor.py:186} INFO - Started process (PID=816) to work on /opt/airflow/dags/prod/airbyte_to_dbt_prod.py
[2026-08-30T11:26:10.144+0000] {processor.py:914} INFO - Processing file /opt/airflow/dags/prod/airbyte_to_dbt_prod.py for tasks to queue
[2026-08-30T11:26:10.148+0000] {logging_mixin.py:190} INFO - [2026-08-30T11:26:10.147+0000] {dagbag.py:588} INFO - Filling up the DagBag from /opt/airflow/dags/prod/airbyte_to_dbt_prod.py
[2026-08-30T11:26:10.180+0000] {processor.py:925} INFO - DAG(s) 'airbyte_to_dbt_pipeline_prod' retrieved from /opt/airflow/dags/prod/airbyte_to_dbt_prod.py
[2026-08-30T11:26:10.232+0000] {logging_mixin.py:190} INFO - [2026-08-30T11:26:10.232+0000] {dag.py:3239} INFO - Sync 1 DAGs
[2026-08-30T11:26:10.276+0000] {logging_mixin.py:190} INFO - [2026-08-30T11:26:10.276+0000] {dag.py:4180} INFO - Setting next_dagrun for airbyte_to_dbt_pipeline_prod to 2026-08-30 10:00:00+00:00, run_after=2026-08-30 11:00:00+00:00
[2026-08-30T11:26:10.303+0000] {processor.py:208} INFO - Processing /opt/airflow/dags/prod/airbyte_to_dbt_prod.py took 0.175 seconds
[2026-08-30T11:26:40.512+0000] {processor.py:186} INFO - Started process (PID=826) to work on /opt/airflow/dags/prod/airbyte_to_dbt_prod.py
[2026-08-30T11:26:40.514+0000] {processor.py:914} INFO - Processing file /opt/airflow/dags/prod/airbyte_to_dbt_prod.py for tasks to queue
[2026-08-30T11:26:40.517+0000] {logging_mixin.py:190} INFO - [2026-08-30T11:26:40.517+0000] {dagbag.py:588} INFO - Filling up the DagBag from /opt/airflow/dags/prod/airbyte_to_dbt_prod.py
[2026-08-30T11:26:40.552+0000] {processor.py:925} INFO - DAG(s) 'airbyte_to_dbt_pipeline_prod' retrieved from /opt/airflow/dags/prod/airbyte_to_dbt_prod.py
[2026-08-30T11:26:40.624+0000] {logging_mixin.py:190} INFO - [2026-08-30T11:26:40.623+0000] {dag.py:3239} INFO - Sync 1 DAGs
[2026-08-30T11:26:40.677+0000] {logging_mixin.py:190} INFO - [2026-08-30T11:26:40.676+0000] {dag.py:4180} INFO - Setting next_dagrun for airbyte_to_dbt_pipeline_prod to 2026-08-30 10:00:00+00:00, run_after=2026-08-30 11:00:00+00:00
[2026-08-30T11:26:40.727+0000] {processor.py:208} INFO - Processing /opt/airflow/dags/prod/airbyte_to_dbt_prod.py took 0.232 seconds
[2026-08-30T11:27:10.905+0000] {processor.py:186} INFO - Started process (PID=836) to work on /opt/airflow/dags/prod/airbyte_to_dbt_prod.py
[2026-08-30T11:27:10.906+0000] {processor.py:914} INFO - Processing file /opt/airflow/dags/prod/airbyte_to_dbt_prod.py for tasks to queue
[2026-08-30T11:27:10.910+0000] {logging_mixin.py:190} INFO - [2026-08-30T11:27:10.909+0000] {dagbag.py:588} INFO - Filling up the DagBag from /opt/airflow/dags/prod/airbyte_to_dbt_prod.py
[2026-08-30T11:27:10.939+0000] {processor.py:925} INFO - DAG(s) 'airbyte_to_dbt_pipeline_prod' retrieved from /opt/airflow/dags/prod/airbyte_to_dbt_prod.py
[2026-08-30T11:27:10.999+0000] {logging_mixin.py:190} INFO - [2026-08-30T11:27:10.999+0000] {dag.py:3239} INFO - Sync 1 DAGs
[2026-08-30T11:27:11.041+0000] {logging_mixin.py:190} INFO - [2026-08-30T11:27:11.041+0000] {dag.py:4180} INFO - Setting next_dagrun for airbyte_to_dbt_pipeline_prod to 2026-08-30 10:00:00+00:00, run_after=2026-08-30 11:00:00+00:00
[2026-08-30T11:27:11.068+0000] {processor.py:208} INFO - Processing /opt/airflow/dags/prod/airbyte_to_dbt_prod.py took 0.173 seconds
[2026-08-30T11:27:41.239+0000] {processor.py:186} INFO - Started process (PID=846) to work on /opt/airflow/dags/prod/airbyte_to_dbt_prod.py
[2026-08-30T11:27:41.240+0000] {processor.py:914} INFO - Processing file /opt/airflow/dags/prod/airbyte_to_dbt_prod.py for tasks to queue
[2026-08-30T11:27:41.244+0000] {logging_mixin.py:190} INFO - [2026-08-30T11:27:41.243+0000] {dagbag.py:588} INFO - Filling up the DagBag from /opt/airflow/dags/prod/airbyte_to_dbt_prod.py
[2026-08-30T11:27:41.270+0000] {processor.py:925} INFO - DAG(s) 'airbyte_to_dbt_pipeline_prod' retrieved from /opt/airflow/dags/prod/airbyte_to_dbt_prod.py
[2026-08-30T11:27:41.329+0000] {logging_mixin.py:190} INFO - [2026-08-30T11:27:41.328+0000] {dag.py:3239} INFO - Sync 1 DAGs
[2026-08-30T11:27:41.380+0000] {logging_mixin.py:190} INFO - [2026-08-30T11:27:41.380+0000] {dag.py:4180} INFO - Setting next_dagrun for airbyte_to_dbt_pipeline_prod to 2026-08-30 10:00:00+00:00, run_after=2026-08-30 11:00:00+00:00
[2026-08-30T11:27:41.417+0000] {processor.py:208} INFO - Processing /opt/airflow/dags/prod/airbyte_to_dbt_prod.py took 0.189 seconds
[2026-08-30T11:28:11.590+0000] {processor.py:186} INFO - Started process (PID=856) to work on /opt/airflow/dags/prod/airbyte_to_dbt_prod.py
[2026-08-30T11:28:11.594+0000] {processor.py:914} INFO - Processing file /opt/airflow/dags/prod/airbyte_to_dbt_prod.py for tasks to queue
[2026-08-30T11:28:11.598+0000] {logging_mixin.py:190} INFO - [2026-08-30T11:28:11.598+0000] {dagbag.py:588} INFO - Filling up the DagBag from /opt/airflow/dags/prod/airbyte_to_dbt_prod.py
[2026-08-30T11:28:11.626+0000] {processor.py:925} INFO - DAG(s) 'airbyte_to_dbt_pipeline_prod' retrieved from /opt/airflow/dags/prod/airbyte_to_dbt_prod.py
[2026-08-30T11:28:11.670+0000] {logging_mixin.py:190} INFO - [2026-08-30T11:28:11.670+0000] {dag.py:3239} INFO - Sync 1 DAGs
[2026-08-30T11:28:11.705+0000] {logging_mixin.py:190} INFO - [2026-08-30T11:28:11.704+0000] {dag.py:4180} INFO - Setting next_dagrun for airbyte_to_dbt_pipeline_prod to 2026-08-30 10:00:00+00:00, run_after=2026-08-30 11:00:00+00:00
[2026-08-30T11:28:11.728+0000] {processor.py:208} INFO - Processing /opt/airflow/dags/prod/airbyte_to_dbt_prod.py took 0.149 seconds
[2026-08-30T11:28:41.887+0000] {processor.py:186} INFO - Started process (PID=866) to work on /opt/airflow/dags/prod/airbyte_to_dbt_prod.py
[2026-08-30T11:28:41.888+0000] {processor.py:914} INFO - Processing file /opt/airflow/dags/prod/airbyte_to_dbt_prod.py for tasks to queue
[2026-08-30T11:28:41.891+0000] {logging_mixin.py:190} INFO - [2026-08-30T11:28:41.890+0000] {dagbag.py:588} INFO - Filling up the DagBag from /opt/airflow/dags/prod/airbyte_to_dbt_prod.py
[2026-08-30T11:28:41.913+0000] {processor.py:925} INFO - DAG(s) 'airbyte_to_dbt_pipeline_prod' retrieved from /opt/airflow/dags/prod/airbyte_to_dbt_prod.py
[2026-08-30T11:28:41.963+0000] {logging_mixin.py:190} INFO - [2026-08-30T11:28:41.963+0000] {dag.py:3239} INFO - Sync 1 DAGs
[2026-08-30T11:28:41.995+0000] {logging_mixin.py:190} INFO - [2026-08-30T11:28:41.994+0000] {dag.py:4180} INFO - Setting next_dagrun for airbyte_to_dbt_pipeline_prod to 2026-08-30 10:00:00+00:00, run_after=2026-08-30 11:00:00+00:00
[2026-08-30T11:28:42.017+0000] {processor.py:208} INFO - Processing /opt/airflow/dags/prod/airbyte_to_dbt_prod.py took 0.139 seconds
[2026-08-30T11:29:12.189+0000] {processor.py:186} INFO - Started process (PID=876) to work on /opt/airflow/dags/prod/airbyte_to_dbt_prod.py
[2026-08-30T11:29:12.190+0000] {processor.py:914} INFO - Processing file /opt/airflow/dags/prod/airbyte_to_dbt_prod.py for tasks to queue
[2026-08-30T11:29:12.193+0000] {logging_mixin.py:190} INFO - [2026-08-30T11:29:12.192+0000] {dagbag.py:588} INFO - Filling up the DagBag from /opt/airflow/dags/prod/airbyte_to_dbt_prod.py
[2026-08-30T11:29:12.215+0000] {processor.py:925} INFO - DAG(s) 'airbyte_to_dbt_pipeline_prod' retrieved from /opt/airflow/dags/prod/airbyte_to_dbt_prod.py
[2026-08-30T11:29:12.265+0000] {logging_mixin.py:190} INFO - [2026-08-30T11:29:12.265+0000] {dag.py:3239} INFO - Sync 1 DAGs
[2026-08-30T11:29:12.300+0000] {logging_mixin.py:190} INFO - [2026-08-30T11:29:12.299+0000] {dag.py:4180} INFO - Setting next_dagrun for airbyte_to_dbt_pipeline_prod to 2026-08-30 10:00:00+00:00, run_after=2026-08-30 11:00:00+00:00
[2026-08-30T11:29:12.323+0000] {processor.py:208} INFO - Processing /opt/airflow/dags/prod/airbyte_to_dbt_prod.py took 0.142 seconds
[2026-08-30T11:29:42.489+0000] {processor.py:186} INFO - Started process (PID=886) to work on /opt/airflow/dags/prod/airbyte_to_dbt_prod.py
[2026-08-30T11:29:42.489+0000] {processor.py:914} INFO - Processing file /opt/airflow/dags/prod/airbyte_to_dbt_prod.py for tasks to queue
[2026-08-30T11:29:42.492+0000] {logging_mixin.py:190} INFO - [2026-08-30T11:29:42.492+0000] {dagbag.py:588} INFO - Filling up the DagBag from /opt/airflow/dags/prod/airbyte_to_dbt_prod.py
[2026-08-30T11:29:42.515+0000] {processor.py:925} INFO - DAG(s) 'airbyte_to_dbt_pipeline_prod' retrieved from /opt/airflow/dags/prod/airbyte_to_dbt_prod.py
[2026-08-30T11:29:42.581+0000] {logging_mixin.py:190} INFO - [2026-08-30T11:29:42.581+0000] {dag.py:3239} INFO - Sync 1 DAGs
[2026-08-30T11:29:42.617+0000] {logging_mixin.py:190} INFO - [2026-08-30T11:29:42.617+0000] {dag.py:4180} INFO - Setting next_dagrun for airbyte_to_dbt_pipeline_prod to 2026-08-30 10:00:00+00:00, run_after=2026-08-30 11:00:00+00:00
[2026-08-30T11:29:42.639+0000] {processor.py:208} INFO - Processing /opt/airflow/dags/prod/airbyte_to_dbt_prod.py took 0.158 seconds
[2026-08-30T11:30:12.800+0000] {processor.py:186} INFO - Started process (PID=896) to work on /opt/airflow/dags/prod/airbyte_to_dbt_prod.py
[2026-08-30T11:30:12.801+0000] {processor.py:914} INFO - Processing file /opt/airflow/dags/prod/airbyte_to_dbt_prod.py for tasks to queue
[2026-08-30T11:30:12.804+0000] {logging_mixin.py:190} INFO - [2026-08-30T11:30:12.804+0000] {dagbag.py:588} INFO - Filling up the DagBag from /opt/airflow/dags/prod/airbyte_to_dbt_prod.py
[2026-08-30T11:30:12.826+0000] {processor.py:925} INFO - DAG(s) 'airbyte_to_dbt_pipeline_prod' retrieved from /opt/airflow/dags/prod/airbyte_to_dbt_prod.py
[2026-08-30T11:30:12.870+0000] {logging_mixin.py:190} INFO - [2026-08-30T11:30:12.869+0000] {dag.py:3239} INFO - Sync 1 DAGs
[2026-08-30T11:30:12.906+0000] {logging_mixin.py:190} INFO - [2026-08-30T11:30:12.906+0000] {dag.py:4180} INFO - Setting next_dagrun for airbyte_to_dbt_pipeline_prod to 2026-08-30 10:00:00+00:00, run_after=2026-08-30 11:00:00+00:00
[2026-08-30T11:30:12.930+0000] {processor.py:208} INFO - Processing /opt/airflow/dags/prod/airbyte_to_dbt_prod.py took 0.139 seconds
[2026-08-30T11:30:43.091+0000] {processor.py:186} INFO - Started process (PID=906) to work on /opt/airflow/dags/prod/airbyte_to_dbt_prod.py
[2026-08-30T11:30:43.092+0000] {processor.py:914} INFO - Processing file /opt/airflow/dags/prod/airbyte_to_dbt_prod.py for tasks to queue
[2026-08-30T11:30:43.096+0000] {logging_mixin.py:190} INFO - [2026-08-30T11:30:43.095+0000] {dagbag.py:588} INFO - Filling up the DagBag from /opt/airflow/dags/prod/airbyte_to_dbt_prod.py
[2026-08-30T11:30:43.114+0000] {processor.py:925} INFO - DAG(s) 'airbyte_to_dbt_pipeline_prod' retrieved from /opt/airflow/dags/prod/airbyte_to_dbt_prod.py
[2026-08-30T11:30:43.171+0000] {logging_mixin.py:190} INFO - [2026-08-30T11:30:43.171+0000] {dag.py:3239} INFO - Sync 1 DAGs
[2026-08-30T11:30:43.216+0000] {logging_mixin.py:190} INFO - [2026-08-30T11:30:43.216+0000] {dag.py:4180} INFO - Setting next_dagrun for airbyte_to_dbt_pipeline_prod to 2026-08-30 10:00:00+00:00, run_after=2026-08-30 11:00:00+00:00
[2026-08-30T11:30:43.248+0000] {processor.py:208} INFO - Processing /opt/airflow/dags/prod/airbyte_to_dbt_prod.py took 0.165 seconds
[2026-08-30T11:31:13.422+0000] {processor.py:186} INFO - Started process (PID=916) to work on /opt/airflow/dags/prod/airbyte_to_dbt_prod.py
[2026-08-30T11:31:13.422+0000] {processor.py:914} INFO - Processing file /opt/airflow/dags/prod/airbyte_to_dbt_prod.py for tasks to queue
[2026-08-30T11:31:13.425+0000] {logging_mixin.py:190} INFO - [2026-08-30T11:31:13.425+0000] {dagbag.py:588} INFO - Filling up the DagBag from /opt/airflow/dags/prod/airbyte_to_dbt_prod.py
[2026-08-30T11:31:13.445+0000] {processor.py:925} INFO - DAG(s) 'airbyte_to_dbt_pipeline_prod' retrieved from /opt/airflow/dags/prod/airbyte_to_dbt_prod.py
[2026-08-30T11:31:13.484+0000] {logging_mixin.py:190} INFO - [2026-08-30T11:31:13.484+0000] {dag.py:3239} INFO - Sync 1 DAGs
[2026-08-30T11:31:13.520+0000] {logging_mixin.py:190} INFO - [2026-08-30T11:31:13.520+0000] {dag.py:4180} INFO - Setting next_dagrun for airbyte_to_dbt_pipeline_prod to 2026-08-30 10:00:00+00:00, run_after=2026-08-30 11:00:00+00:00
[2026-08-30T11:31:13.544+0000] {processor.py:208} INFO - Processing /opt/airflow/dags/prod/airbyte_to_dbt_prod.py took 0.130 seconds
[2026-08-30T11:31:43.727+0000] {processor.py:186} INFO - Started process (PID=926) to work on /opt/airflow/dags/prod/airbyte_to_dbt_prod.py
[2026-08-30T11:31:43.728+0000] {processor.py:914} INFO - Processing file /opt/airflow/dags/prod/airbyte_to_dbt_prod.py for tasks to queue
[2026-08-30T11:31:43.731+0000] {logging_mixin.py:190} INFO - [2026-08-30T11:31:43.731+0000] {dagbag.py:588} INFO - Filling up the DagBag from /opt/airflow/dags/prod/airbyte_to_dbt_prod.py
[2026-08-30T11:31:43.754+0000] {processor.py:925} INFO - DAG(s) 'airbyte_to_dbt_pipeline_prod' retrieved from /opt/airflow/dags/prod/airbyte_to_dbt_prod.py
[2026-08-30T11:31:43.791+0000] {logging_mixin.py:190} INFO - [2026-08-30T11:31:43.791+0000] {dag.py:3239} INFO - Sync 1 DAGs
[2026-08-30T11:31:43.821+0000] {logging_mixin.py:190} INFO - [2026-08-30T11:31:43.821+0000] {dag.py:4180} INFO - Setting next_dagrun for airbyte_to_dbt_pipeline_prod to 2026-08-30 10:00:00+00:00, run_after=2026-08-30 11:00:00+00:00
[2026-08-30T11:31:43.847+0000] {processor.py:208} INFO - Processing /opt/airflow/dags/prod/airbyte_to_dbt_prod.py took 0.129 seconds
[2026-08-30T11:32:14.025+0000] {processor.py:186} INFO - Started process (PID=936) to work on /opt/airflow/dags/prod/airbyte_to_dbt_prod.py
[2026-08-30T11:32:14.026+0000] {processor.py:914} INFO - Processing file /opt/airflow/dags/prod/airbyte_to_dbt_prod.py for tasks to queue
[2026-08-30T11:32:14.030+0000] {logging_mixin.py:190} INFO - [2026-08-30T11:32:14.029+0000] {dagbag.py:588} INFO - Filling up the DagBag from /opt/airflow/dags/prod/airbyte_to_dbt_prod.py
[2026-08-30T11:32:14.053+0000] {processor.py:925} INFO - DAG(s) 'airbyte_to_dbt_pipeline_prod' retrieved from /opt/airflow/dags/prod/airbyte_to_dbt_prod.py
[2026-08-30T11:32:14.102+0000] {logging_mixin.py:190} INFO - [2026-08-30T11:32:14.102+0000] {dag.py:3239} INFO - Sync 1 DAGs
[2026-08-30T11:32:14.141+0000] {logging_mixin.py:190} INFO - [2026-08-30T11:32:14.141+0000] {dag.py:4180} INFO - Setting next_dagrun for airbyte_to_dbt_pipeline_prod to 2026-08-30 10:00:00+00:00, run_after=2026-08-30 11:00:00+00:00
[2026-08-30T11:32:14.169+0000] {processor.py:208} INFO - Processing /opt/airflow/dags/prod/airbyte_to_dbt_prod.py took 0.153 seconds
[2026-08-30T11:32:44.343+0000] {processor.py:186} INFO - Started process (PID=946) to work on /opt/airflow/dags/prod/airbyte_to_dbt_prod.py
[2026-08-30T11:32:44.345+0000] {processor.py:914} INFO - Processing file /opt/airflow/dags/prod/airbyte_to_dbt_prod.py for tasks to queue
[2026-08-30T11:32:44.349+0000] {logging_mixin.py:190} INFO - [2026-08-30T11:32:44.348+0000] {dagbag.py:588} INFO - Filling up the DagBag from /opt/airflow/dags/prod/airbyte_to_dbt_prod.py
[2026-08-30T11:32:44.375+0000] {processor.py:925} INFO - DAG(s) 'airbyte_to_dbt_pipeline_prod' retrieved from /opt/airflow/dags/prod/airbyte_to_dbt_prod.py
[2026-08-30T11:32:44.420+0000] {logging_mixin.py:190} INFO - [2026-08-30T11:32:44.420+0000] {dag.py:3239} INFO - Sync 1 DAGs
[2026-08-30T11:32:44.448+0000] {logging_mixin.py:190} INFO - [2026-08-30T11:32:44.448+0000] {dag.py:4180} INFO - Setting next_dagrun for airbyte_to_dbt_pipeline_prod to 2026-08-30 10:00:00+00:00, run_after=2026-08-30 11:00:00+00:00
[2026-08-30T11:32:44.469+0000] {processor.py:208} INFO - Processing /opt/airflow/dags/prod/airbyte_to_dbt_prod.py took 0.136 seconds
[2026-08-30T11:33:14.683+0000] {processor.py:186} INFO - Started process (PID=956) to work on /opt/airflow/dags/prod/airbyte_to_dbt_prod.py
[2026-08-30T11:33:14.684+0000] {processor.py:914} INFO - Processing file /opt/airflow/dags/prod/airbyte_to_dbt_prod.py for tasks to queue
[2026-08-30T11:33:14.687+0000] {logging_mixin.py:190} INFO - [2026-08-30T11:33:14.687+0000] {dagbag.py:588} INFO - Filling up the DagBag from /opt/airflow/dags/prod/airbyte_to_dbt_prod.py
[2026-08-30T11:33:14.709+0000] {processor.py:925} INFO - DAG(s) 'airbyte_to_dbt_pipeline_prod' retrieved from /opt/airflow/dags/prod/airbyte_to_dbt_prod.py
[2026-08-30T11:33:14.757+0000] {logging_mixin.py:190} INFO - [2026-08-30T11:33:14.757+0000] {dag.py:3239} INFO - Sync 1 DAGs
[2026-08-30T11:33:14.791+0000] {logging_mixin.py:190} INFO - [2026-08-30T11:33:14.791+0000] {dag.py:4180} INFO - Setting next_dagrun for airbyte_to_dbt_pipeline_prod to 2026-08-30 10:00:00+00:00, run_after=2026-08-30 11:00:00+00:00
[2026-08-30T11:33:14.829+0000] {processor.py:208} INFO - Processing /opt/airflow/dags/prod/airbyte_to_dbt_prod.py took 0.155 seconds
[2026-08-30T11:33:45.048+0000] {processor.py:186} INFO - Started process (PID=965) to work on /opt/airflow/dags/prod/airbyte_to_dbt_prod.py
[2026-08-30T11:33:45.049+0000] {processor.py:914} INFO - Processing file /opt/airflow/dags/prod/airbyte_to_dbt_prod.py for tasks to queue
[2026-08-30T11:33:45.052+0000] {logging_mixin.py:190} INFO - [2026-08-30T11:33:45.052+0000] {dagbag.py:588} INFO - Filling up the DagBag from /opt/airflow/dags/prod/airbyte_to_dbt_prod.py
[2026-08-30T11:33:45.072+0000] {processor.py:925} INFO - DAG(s) 'airbyte_to_dbt_pipeline_prod' retrieved from /opt/airflow/dags/prod/airbyte_to_dbt_prod.py
[2026-08-30T11:33:45.120+0000] {logging_mixin.py:190} INFO - [2026-08-30T11:33:45.120+0000] {dag.py:3239} INFO - Sync 1 DAGs
[2026-08-30T11:33:45.159+0000] {logging_mixin.py:190} INFO - [2026-08-30T11:33:45.158+0000] {dag.py:4180} INFO - Setting next_dagrun for airbyte_to_dbt_pipeline_prod to 2026-08-30 10:00:00+00:00, run_after=2026-08-30 11:00:00+00:00
[2026-08-30T11:33:45.184+0000] {processor.py:208} INFO - Processing /opt/airflow/dags/prod/airbyte_to_dbt_prod.py took 0.154 seconds
[2026-08-30T11:34:15.363+0000] {processor.py:186} INFO - Started process (PID=976) to work on /opt/airflow/dags/prod/airbyte_to_dbt_prod.py
[2026-08-30T11:34:15.364+0000] {processor.py:914} INFO - Processing file /opt/airflow/dags/prod/airbyte_to_dbt_prod.py for tasks to queue
[2026-08-30T11:34:15.369+0000] {logging_mixin.py:190} INFO - [2026-08-30T11:34:15.368+0000] {dagbag.py:588} INFO - Filling up the DagBag from /opt/airflow/dags/prod/airbyte_to_dbt_prod.py
[2026-08-30T11:34:15.395+0000] {processor.py:925} INFO - DAG(s) 'airbyte_to_dbt_pipeline_prod' retrieved from /opt/airflow/dags/prod/airbyte_to_dbt_prod.py
[2026-08-30T11:34:15.435+0000] {logging_mixin.py:190} INFO - [2026-08-30T11:34:15.435+0000] {dag.py:3239} INFO - Sync 1 DAGs
[2026-08-30T11:34:15.468+0000] {logging_mixin.py:190} INFO - [2026-08-30T11:34:15.467+0000] {dag.py:4180} INFO - Setting next_dagrun for airbyte_to_dbt_pipeline_prod to 2026-08-30 10:00:00+00:00, run_after=2026-08-30 11:00:00+00:00
[2026-08-30T11:34:15.492+0000] {processor.py:208} INFO - Processing /opt/airflow/dags/prod/airbyte_to_dbt_prod.py took 0.140 seconds
[2026-08-30T11:34:45.660+0000] {processor.py:186} INFO - Started process (PID=986) to work on /opt/airflow/dags/prod/airbyte_to_dbt_prod.py
[2026-08-30T11:34:45.660+0000] {processor.py:914} INFO - Processing file /opt/airflow/dags/prod/airbyte_to_dbt_prod.py for tasks to queue
[2026-08-30T11:34:45.663+0000] {logging_mixin.py:190} INFO - [2026-08-30T11:34:45.663+0000] {dagbag.py:588} INFO - Filling up the DagBag from /opt/airflow/dags/prod/airbyte_to_dbt_prod.py
[2026-08-30T11:34:45.684+0000] {processor.py:925} INFO - DAG(s) 'airbyte_to_dbt_pipeline_prod' retrieved from /opt/airflow/dags/prod/airbyte_to_dbt_prod.py
[2026-08-30T11:34:45.733+0000] {logging_mixin.py:190} INFO - [2026-08-30T11:34:45.733+0000] {dag.py:3239} INFO - Sync 1 DAGs
[2026-08-30T11:34:45.771+0000] {logging_mixin.py:190} INFO - [2026-08-30T11:34:45.771+0000] {dag.py:4180} INFO - Setting next_dagrun for airbyte_to_dbt_pipeline_prod to 2026-08-30 10:00:00+00:00, run_after=2026-08-30 11:00:00+00:00
[2026-08-30T11:34:45.798+0000] {processor.py:208} INFO - Processing /opt/airflow/dags/prod/airbyte_to_dbt_prod.py took 0.146 seconds
[2026-08-30T11:35:15.965+0000] {processor.py:186} INFO - Started process (PID=996) to work on /opt/airflow/dags/prod/airbyte_to_dbt_prod.py
[2026-08-30T11:35:15.966+0000] {processor.py:914} INFO - Processing file /opt/airflow/dags/prod/airbyte_to_dbt_prod.py for tasks to queue
[2026-08-30T11:35:15.969+0000] {logging_mixin.py:190} INFO - [2026-08-30T11:35:15.968+0000] {dagbag.py:588} INFO - Filling up the DagBag from /opt/airflow/dags/prod/airbyte_to_dbt_prod.py
[2026-08-30T11:35:15.989+0000] {processor.py:925} INFO - DAG(s) 'airbyte_to_dbt_pipeline_prod' retrieved from /opt/airflow/dags/prod/airbyte_to_dbt_prod.py
[2026-08-30T11:35:16.042+0000] {logging_mixin.py:190} INFO - [2026-08-30T11:35:16.041+0000] {dag.py:3239} INFO - Sync 1 DAGs
[2026-08-30T11:35:16.078+0000] {logging_mixin.py:190} INFO - [2026-08-30T11:35:16.078+0000] {dag.py:4180} INFO - Setting next_dagrun for airbyte_to_dbt_pipeline_prod to 2026-08-30 10:00:00+00:00, run_after=2026-08-30 11:00:00+00:00
[2026-08-30T11:35:16.104+0000] {processor.py:208} INFO - Processing /opt/airflow/dags/prod/airbyte_to_dbt_prod.py took 0.148 seconds
[2026-08-30T11:35:46.256+0000] {processor.py:186} INFO - Started process (PID=1006) to work on /opt/airflow/dags/prod/airbyte_to_dbt_prod.py
[2026-08-30T11:35:46.257+0000] {processor.py:914} INFO - Processing file /opt/airflow/dags/prod/airbyte_to_dbt_prod.py for tasks to queue
[2026-08-30T11:35:46.261+0000] {logging_mixin.py:190} INFO - [2026-08-30T11:35:46.260+0000] {dagbag.py:588} INFO - Filling up the DagBag from /opt/airflow/dags/prod/airbyte_to_dbt_prod.py
[2026-08-30T11:35:46.289+0000] {processor.py:925} INFO - DAG(s) 'airbyte_to_dbt_pipeline_prod' retrieved from /opt/airflow/dags/prod/airbyte_to_dbt_prod.py
[2026-08-30T11:35:46.331+0000] {logging_mixin.py:190} INFO - [2026-08-30T11:35:46.331+0000] {dag.py:3239} INFO - Sync 1 DAGs
[2026-08-30T11:35:46.364+0000] {logging_mixin.py:190} INFO - [2026-08-30T11:35:46.363+0000] {dag.py:4180} INFO - Setting next_dagrun for airbyte_to_dbt_pipeline_prod to 2026-08-30 10:00:00+00:00, run_after=2026-08-30 11:00:00+00:00
[2026-08-30T11:35:46.388+0000] {processor.py:208} INFO - Processing /opt/airflow/dags/prod/airbyte_to_dbt_prod.py took 0.142 seconds
[2026-08-30T11:36:16.555+0000] {processor.py:186} INFO - Started process (PID=1016) to work on /opt/airflow/dags/prod/airbyte_to_dbt_prod.py
[2026-08-30T11:36:16.556+0000] {processor.py:914} INFO - Processing file /opt/airflow/dags/prod/airbyte_to_dbt_prod.py for tasks to queue
[2026-08-30T11:36:16.559+0000] {logging_mixin.py:190} INFO - [2026-08-30T11:36:16.559+0000] {dagbag.py:588} INFO - Filling up the DagBag from /opt/airflow/dags/prod/airbyte_to_dbt_prod.py
[2026-08-30T11:36:16.579+0000] {processor.py:925} INFO - DAG(s) 'airbyte_to_dbt_pipeline_prod' retrieved from /opt/airflow/dags/prod/airbyte_to_dbt_prod.py
[2026-08-30T11:36:16.629+0000] {logging_mixin.py:190} INFO - [2026-08-30T11:36:16.629+0000] {dag.py:3239} INFO - Sync 1 DAGs
[2026-08-30T11:36:16.661+0000] {logging_mixin.py:190} INFO - [2026-08-30T11:36:16.660+0000] {dag.py:4180} INFO - Setting next_dagrun for airbyte_to_dbt_pipeline_prod to 2026-08-30 10:00:00+00:00, run_after=2026-08-30 11:00:00+00:00
[2026-08-30T11:36:16.685+0000] {processor.py:208} INFO - Processing /opt/airflow/dags/prod/airbyte_to_dbt_prod.py took 0.139 seconds
[2026-08-30T11:36:46.864+0000] {processor.py:186} INFO - Started process (PID=1026) to work on /opt/airflow/dags/prod/airbyte_to_dbt_prod.py
[2026-08-30T11:36:46.865+0000] {processor.py:914} INFO - Processing file /opt/airflow/dags/prod/airbyte_to_dbt_prod.py for tasks to queue
[2026-08-30T11:36:46.873+0000] {logging_mixin.py:190} INFO - [2026-08-30T11:36:46.872+0000] {dagbag.py:588} INFO - Filling up the DagBag from /opt/airflow/dags/prod/airbyte_to_dbt_prod.py
[2026-08-30T11:36:46.907+0000] {processor.py:925} INFO - DAG(s) 'airbyte_to_dbt_pipeline_prod' retrieved from /opt/airflow/dags/prod/airbyte_to_dbt_prod.py
[2026-08-30T11:36:46.980+0000] {logging_mixin.py:190} INFO - [2026-08-30T11:36:46.980+0000] {dag.py:3239} INFO - Sync 1 DAGs
[2026-08-30T11:36:47.060+0000] {logging_mixin.py:190} INFO - [2026-08-30T11:36:47.059+0000] {dag.py:4180} INFO - Setting next_dagrun for airbyte_to_dbt_pipeline_prod to 2026-08-30 10:00:00+00:00, run_after=2026-08-30 11:00:00+00:00
[2026-08-30T11:36:47.107+0000] {processor.py:208} INFO - Processing /opt/airflow/dags/prod/airbyte_to_dbt_prod.py took 0.254 seconds
[2026-08-30T11:37:17.265+0000] {processor.py:186} INFO - Started process (PID=1036) to work on /opt/airflow/dags/prod/airbyte_to_dbt_prod.py
[2026-08-30T11:37:17.268+0000] {processor.py:914} INFO - Processing file /opt/airflow/dags/prod/airbyte_to_dbt_prod.py for tasks to queue
[2026-08-30T11:37:17.274+0000] {logging_mixin.py:190} INFO - [2026-08-30T11:37:17.273+0000] {dagbag.py:588} INFO - Filling up the DagBag from /opt/airflow/dags/prod/airbyte_to_dbt_prod.py
[2026-08-30T11:37:17.309+0000] {processor.py:925} INFO - DAG(s) 'airbyte_to_dbt_pipeline_prod' retrieved from /opt/airflow/dags/prod/airbyte_to_dbt_prod.py
[2026-08-30T11:37:17.393+0000] {logging_mixin.py:190} INFO - [2026-08-30T11:37:17.392+0000] {dag.py:3239} INFO - Sync 1 DAGs
[2026-08-30T11:37:17.450+0000] {logging_mixin.py:190} INFO - [2026-08-30T11:37:17.450+0000] {dag.py:4180} INFO - Setting next_dagrun for airbyte_to_dbt_pipeline_prod to 2026-08-30 10:00:00+00:00, run_after=2026-08-30 11:00:00+00:00
[2026-08-30T11:37:17.480+0000] {processor.py:208} INFO - Processing /opt/airflow/dags/prod/airbyte_to_dbt_prod.py took 0.228 seconds
[2026-08-30T11:37:47.666+0000] {processor.py:186} INFO - Started process (PID=1046) to work on /opt/airflow/dags/prod/airbyte_to_dbt_prod.py
[2026-08-30T11:37:47.667+0000] {processor.py:914} INFO - Processing file /opt/airflow/dags/prod/airbyte_to_dbt_prod.py for tasks to queue
[2026-08-30T11:37:47.671+0000] {logging_mixin.py:190} INFO - [2026-08-30T11:37:47.670+0000] {dagbag.py:588} INFO - Filling up the DagBag from /opt/airflow/dags/prod/airbyte_to_dbt_prod.py
[2026-08-30T11:37:47.706+0000] {processor.py:925} INFO - DAG(s) 'airbyte_to_dbt_pipeline_prod' retrieved from /opt/airflow/dags/prod/airbyte_to_dbt_prod.py
[2026-08-30T11:37:47.779+0000] {logging_mixin.py:190} INFO - [2026-08-30T11:37:47.779+0000] {dag.py:3239} INFO - Sync 1 DAGs
[2026-08-30T11:37:47.817+0000] {logging_mixin.py:190} INFO - [2026-08-30T11:37:47.817+0000] {dag.py:4180} INFO - Setting next_dagrun for airbyte_to_dbt_pipeline_prod to 2026-08-30 10:00:00+00:00, run_after=2026-08-30 11:00:00+00:00
[2026-08-30T11:37:47.840+0000] {processor.py:208} INFO - Processing /opt/airflow/dags/prod/airbyte_to_dbt_prod.py took 0.186 seconds
[2026-08-30T11:38:18.063+0000] {processor.py:186} INFO - Started process (PID=1056) to work on /opt/airflow/dags/prod/airbyte_to_dbt_prod.py
[2026-08-30T11:38:18.065+0000] {processor.py:914} INFO - Processing file /opt/airflow/dags/prod/airbyte_to_dbt_prod.py for tasks to queue
[2026-08-30T11:38:18.073+0000] {logging_mixin.py:190} INFO - [2026-08-30T11:38:18.073+0000] {dagbag.py:588} INFO - Filling up the DagBag from /opt/airflow/dags/prod/airbyte_to_dbt_prod.py
[2026-08-30T11:38:18.138+0000] {processor.py:925} INFO - DAG(s) 'airbyte_to_dbt_pipeline_prod' retrieved from /opt/airflow/dags/prod/airbyte_to_dbt_prod.py
[2026-08-30T11:38:18.263+0000] {logging_mixin.py:190} INFO - [2026-08-30T11:38:18.262+0000] {dag.py:3239} INFO - Sync 1 DAGs
[2026-08-30T11:38:18.344+0000] {logging_mixin.py:190} INFO - [2026-08-30T11:38:18.343+0000] {dag.py:4180} INFO - Setting next_dagrun for airbyte_to_dbt_pipeline_prod to 2026-08-30 10:00:00+00:00, run_after=2026-08-30 11:00:00+00:00
[2026-08-30T11:38:18.379+0000] {processor.py:208} INFO - Processing /opt/airflow/dags/prod/airbyte_to_dbt_prod.py took 0.333 seconds
[2026-08-30T11:38:48.501+0000] {processor.py:186} INFO - Started process (PID=1066) to work on /opt/airflow/dags/prod/airbyte_to_dbt_prod.py
[2026-08-30T11:38:48.502+0000] {processor.py:914} INFO - Processing file /opt/airflow/dags/prod/airbyte_to_dbt_prod.py for tasks to queue
[2026-08-30T11:38:48.506+0000] {logging_mixin.py:190} INFO - [2026-08-30T11:38:48.506+0000] {dagbag.py:588} INFO - Filling up the DagBag from /opt/airflow/dags/prod/airbyte_to_dbt_prod.py
[2026-08-30T11:38:48.545+0000] {processor.py:925} INFO - DAG(s) 'airbyte_to_dbt_pipeline_prod' retrieved from /opt/airflow/dags/prod/airbyte_to_dbt_prod.py
[2026-08-30T11:38:48.602+0000] {logging_mixin.py:190} INFO - [2026-08-30T11:38:48.602+0000] {dag.py:3239} INFO - Sync 1 DAGs
[2026-08-30T11:38:48.647+0000] {logging_mixin.py:190} INFO - [2026-08-30T11:38:48.646+0000] {dag.py:4180} INFO - Setting next_dagrun for airbyte_to_dbt_pipeline_prod to 2026-08-30 10:00:00+00:00, run_after=2026-08-30 11:00:00+00:00
[2026-08-30T11:38:48.684+0000] {processor.py:208} INFO - Processing /opt/airflow/dags/prod/airbyte_to_dbt_prod.py took 0.195 seconds
[2026-08-30T11:39:18.888+0000] {processor.py:186} INFO - Started process (PID=1076) to work on /opt/airflow/dags/prod/airbyte_to_dbt_prod.py
[2026-08-30T11:39:18.890+0000] {processor.py:914} INFO - Processing file /opt/airflow/dags/prod/airbyte_to_dbt_prod.py for tasks to queue
[2026-08-30T11:39:18.897+0000] {logging_mixin.py:190} INFO - [2026-08-30T11:39:18.896+0000] {dagbag.py:588} INFO - Filling up the DagBag from /opt/airflow/dags/prod/airbyte_to_dbt_prod.py
[2026-08-30T11:39:18.935+0000] {processor.py:925} INFO - DAG(s) 'airbyte_to_dbt_pipeline_prod' retrieved from /opt/airflow/dags/prod/airbyte_to_dbt_prod.py
[2026-08-30T11:39:18.983+0000] {logging_mixin.py:190} INFO - [2026-08-30T11:39:18.983+0000] {dag.py:3239} INFO - Sync 1 DAGs
[2026-08-30T11:39:19.024+0000] {logging_mixin.py:190} INFO - [2026-08-30T11:39:19.024+0000] {dag.py:4180} INFO - Setting next_dagrun for airbyte_to_dbt_pipeline_prod to 2026-08-30 10:00:00+00:00, run_after=2026-08-30 11:00:00+00:00
[2026-08-30T11:39:19.057+0000] {processor.py:208} INFO - Processing /opt/airflow/dags/prod/airbyte_to_dbt_prod.py took 0.186 seconds
[2026-08-30T11:39:49.229+0000] {processor.py:186} INFO - Started process (PID=1086) to work on /opt/airflow/dags/prod/airbyte_to_dbt_prod.py
[2026-08-30T11:39:49.230+0000] {processor.py:914} INFO - Processing file /opt/airflow/dags/prod/airbyte_to_dbt_prod.py for tasks to queue
[2026-08-30T11:39:49.233+0000] {logging_mixin.py:190} INFO - [2026-08-30T11:39:49.232+0000] {dagbag.py:588} INFO - Filling up the DagBag from /opt/airflow/dags/prod/airbyte_to_dbt_prod.py
[2026-08-30T11:39:49.253+0000] {processor.py:925} INFO - DAG(s) 'airbyte_to_dbt_pipeline_prod' retrieved from /opt/airflow/dags/prod/airbyte_to_dbt_prod.py
[2026-08-30T11:39:49.301+0000] {logging_mixin.py:190} INFO - [2026-08-30T11:39:49.300+0000] {dag.py:3239} INFO - Sync 1 DAGs
[2026-08-30T11:39:49.333+0000] {logging_mixin.py:190} INFO - [2026-08-30T11:39:49.332+0000] {dag.py:4180} INFO - Setting next_dagrun for airbyte_to_dbt_pipeline_prod to 2026-08-30 10:00:00+00:00, run_after=2026-08-30 11:00:00+00:00
[2026-08-30T11:39:49.357+0000] {processor.py:208} INFO - Processing /opt/airflow/dags/prod/airbyte_to_dbt_prod.py took 0.137 seconds
[2026-08-30T11:40:19.521+0000] {processor.py:186} INFO - Started process (PID=1096) to work on /opt/airflow/dags/prod/airbyte_to_dbt_prod.py
[2026-08-30T11:40:19.523+0000] {processor.py:914} INFO - Processing file /opt/airflow/dags/prod/airbyte_to_dbt_prod.py for tasks to queue
[2026-08-30T11:40:19.527+0000] {logging_mixin.py:190} INFO - [2026-08-30T11:40:19.526+0000] {dagbag.py:588} INFO - Filling up the DagBag from /opt/airflow/dags/prod/airbyte_to_dbt_prod.py
[2026-08-30T11:40:19.556+0000] {processor.py:925} INFO - DAG(s) 'airbyte_to_dbt_pipeline_prod' retrieved from /opt/airflow/dags/prod/airbyte_to_dbt_prod.py
[2026-08-30T11:40:19.610+0000] {logging_mixin.py:190} INFO - [2026-08-30T11:40:19.609+0000] {dag.py:3239} INFO - Sync 1 DAGs
[2026-08-30T11:40:19.646+0000] {logging_mixin.py:190} INFO - [2026-08-30T11:40:19.646+0000] {dag.py:4180} INFO - Setting next_dagrun for airbyte_to_dbt_pipeline_prod to 2026-08-30 10:00:00+00:00, run_after=2026-08-30 11:00:00+00:00
[2026-08-30T11:40:19.669+0000] {processor.py:208} INFO - Processing /opt/airflow/dags/prod/airbyte_to_dbt_prod.py took 0.159 seconds
[2026-08-30T11:40:49.824+0000] {processor.py:186} INFO - Started process (PID=1106) to work on /opt/airflow/dags/prod/airbyte_to_dbt_prod.py
[2026-08-30T11:40:49.825+0000] {processor.py:914} INFO - Processing file /opt/airflow/dags/prod/airbyte_to_dbt_prod.py for tasks to queue
[2026-08-30T11:40:49.829+0000] {logging_mixin.py:190} INFO - [2026-08-30T11:40:49.829+0000] {dagbag.py:588} INFO - Filling up the DagBag from /opt/airflow/dags/prod/airbyte_to_dbt_prod.py
[2026-08-30T11:40:49.854+0000] {processor.py:925} INFO - DAG(s) 'airbyte_to_dbt_pipeline_prod' retrieved from /opt/airflow/dags/prod/airbyte_to_dbt_prod.py
[2026-08-30T11:40:49.903+0000] {logging_mixin.py:190} INFO - [2026-08-30T11:40:49.903+0000] {dag.py:3239} INFO - Sync 1 DAGs
[2026-08-30T11:40:49.943+0000] {logging_mixin.py:190} INFO - [2026-08-30T11:40:49.943+0000] {dag.py:4180} INFO - Setting next_dagrun for airbyte_to_dbt_pipeline_prod to 2026-08-30 10:00:00+00:00, run_after=2026-08-30 11:00:00+00:00
[2026-08-30T11:40:49.972+0000] {processor.py:208} INFO - Processing /opt/airflow/dags/prod/airbyte_to_dbt_prod.py took 0.157 seconds
[2026-08-30T11:41:20.156+0000] {processor.py:186} INFO - Started process (PID=1116) to work on /opt/airflow/dags/prod/airbyte_to_dbt_prod.py
[2026-08-30T11:41:20.158+0000] {processor.py:914} INFO - Processing file /opt/airflow/dags/prod/airbyte_to_dbt_prod.py for tasks to queue
[2026-08-30T11:41:20.162+0000] {logging_mixin.py:190} INFO - [2026-08-30T11:41:20.161+0000] {dagbag.py:588} INFO - Filling up the DagBag from /opt/airflow/dags/prod/airbyte_to_dbt_prod.py
[2026-08-30T11:41:20.191+0000] {processor.py:925} INFO - DAG(s) 'airbyte_to_dbt_pipeline_prod' retrieved from /opt/airflow/dags/prod/airbyte_to_dbt_prod.py
[2026-08-30T11:41:20.246+0000] {logging_mixin.py:190} INFO - [2026-08-30T11:41:20.246+0000] {dag.py:3239} INFO - Sync 1 DAGs
[2026-08-30T11:41:20.286+0000] {logging_mixin.py:190} INFO - [2026-08-30T11:41:20.286+0000] {dag.py:4180} INFO - Setting next_dagrun for airbyte_to_dbt_pipeline_prod to 2026-08-30 10:00:00+00:00, run_after=2026-08-30 11:00:00+00:00
[2026-08-30T11:41:20.316+0000] {processor.py:208} INFO - Processing /opt/airflow/dags/prod/airbyte_to_dbt_prod.py took 0.172 seconds
[2026-08-30T11:41:50.552+0000] {processor.py:186} INFO - Started process (PID=1124) to work on /opt/airflow/dags/prod/airbyte_to_dbt_prod.py
[2026-08-30T11:41:50.553+0000] {processor.py:914} INFO - Processing file /opt/airflow/dags/prod/airbyte_to_dbt_prod.py for tasks to queue
[2026-08-30T11:41:50.581+0000] {logging_mixin.py:190} INFO - [2026-08-30T11:41:50.576+0000] {dagbag.py:588} INFO - Filling up the DagBag from /opt/airflow/dags/prod/airbyte_to_dbt_prod.py
[2026-08-30T11:41:50.717+0000] {processor.py:925} INFO - DAG(s) 'airbyte_to_dbt_pipeline_prod' retrieved from /opt/airflow/dags/prod/airbyte_to_dbt_prod.py
[2026-08-30T11:41:50.878+0000] {logging_mixin.py:190} INFO - [2026-08-30T11:41:50.878+0000] {dag.py:3239} INFO - Sync 1 DAGs
[2026-08-30T11:41:50.987+0000] {logging_mixin.py:190} INFO - [2026-08-30T11:41:50.987+0000] {dag.py:4180} INFO - Setting next_dagrun for airbyte_to_dbt_pipeline_prod to 2026-08-30 10:00:00+00:00, run_after=2026-08-30 11:00:00+00:00
[2026-08-30T11:41:51.013+0000] {processor.py:208} INFO - Processing /opt/airflow/dags/prod/airbyte_to_dbt_prod.py took 0.483 seconds
[2026-08-30T11:42:21.173+0000] {processor.py:186} INFO - Started process (PID=1136) to work on /opt/airflow/dags/prod/airbyte_to_dbt_prod.py
[2026-08-30T11:42:21.174+0000] {processor.py:914} INFO - Processing file /opt/airflow/dags/prod/airbyte_to_dbt_prod.py for tasks to queue
[2026-08-30T11:42:21.177+0000] {logging_mixin.py:190} INFO - [2026-08-30T11:42:21.177+0000] {dagbag.py:588} INFO - Filling up the DagBag from /opt/airflow/dags/prod/airbyte_to_dbt_prod.py
[2026-08-30T11:42:21.197+0000] {processor.py:925} INFO - DAG(s) 'airbyte_to_dbt_pipeline_prod' retrieved from /opt/airflow/dags/prod/airbyte_to_dbt_prod.py
[2026-08-30T11:42:21.241+0000] {logging_mixin.py:190} INFO - [2026-08-30T11:42:21.241+0000] {dag.py:3239} INFO - Sync 1 DAGs
[2026-08-30T11:42:21.271+0000] {logging_mixin.py:190} INFO - [2026-08-30T11:42:21.271+0000] {dag.py:4180} INFO - Setting next_dagrun for airbyte_to_dbt_pipeline_prod to 2026-08-30 10:00:00+00:00, run_after=2026-08-30 11:00:00+00:00
[2026-08-30T11:42:21.297+0000] {processor.py:208} INFO - Processing /opt/airflow/dags/prod/airbyte_to_dbt_prod.py took 0.131 seconds
[2026-08-30T11:42:51.481+0000] {processor.py:186} INFO - Started process (PID=1146) to work on /opt/airflow/dags/prod/airbyte_to_dbt_prod.py
[2026-08-30T11:42:51.483+0000] {processor.py:914} INFO - Processing file /opt/airflow/dags/prod/airbyte_to_dbt_prod.py for tasks to queue
[2026-08-30T11:42:51.486+0000] {logging_mixin.py:190} INFO - [2026-08-30T11:42:51.485+0000] {dagbag.py:588} INFO - Filling up the DagBag from /opt/airflow/dags/prod/airbyte_to_dbt_prod.py
[2026-08-30T11:42:51.507+0000] {processor.py:925} INFO - DAG(s) 'airbyte_to_dbt_pipeline_prod' retrieved from /opt/airflow/dags/prod/airbyte_to_dbt_prod.py
[2026-08-30T11:42:51.555+0000] {logging_mixin.py:190} INFO - [2026-08-30T11:42:51.554+0000] {dag.py:3239} INFO - Sync 1 DAGs
[2026-08-30T11:42:51.588+0000] {logging_mixin.py:190} INFO - [2026-08-30T11:42:51.588+0000] {dag.py:4180} INFO - Setting next_dagrun for airbyte_to_dbt_pipeline_prod to 2026-08-30 10:00:00+00:00, run_after=2026-08-30 11:00:00+00:00
[2026-08-30T11:42:51.614+0000] {processor.py:208} INFO - Processing /opt/airflow/dags/prod/airbyte_to_dbt_prod.py took 0.142 seconds
[2026-08-30T11:43:21.816+0000] {processor.py:186} INFO - Started process (PID=1156) to work on /opt/airflow/dags/prod/airbyte_to_dbt_prod.py
[2026-08-30T11:43:21.817+0000] {processor.py:914} INFO - Processing file /opt/airflow/dags/prod/airbyte_to_dbt_prod.py for tasks to queue
[2026-08-30T11:43:21.821+0000] {logging_mixin.py:190} INFO - [2026-08-30T11:43:21.820+0000] {dagbag.py:588} INFO - Filling up the DagBag from /opt/airflow/dags/prod/airbyte_to_dbt_prod.py
[2026-08-30T11:43:21.854+0000] {processor.py:925} INFO - DAG(s) 'airbyte_to_dbt_pipeline_prod' retrieved from /opt/airflow/dags/prod/airbyte_to_dbt_prod.py
[2026-08-30T11:43:21.899+0000] {logging_mixin.py:190} INFO - [2026-08-30T11:43:21.899+0000] {dag.py:3239} INFO - Sync 1 DAGs
[2026-08-30T11:43:21.931+0000] {logging_mixin.py:190} INFO - [2026-08-30T11:43:21.931+0000] {dag.py:4180} INFO - Setting next_dagrun for airbyte_to_dbt_pipeline_prod to 2026-08-30 10:00:00+00:00, run_after=2026-08-30 11:00:00+00:00
[2026-08-30T11:43:21.955+0000] {processor.py:208} INFO - Processing /opt/airflow/dags/prod/airbyte_to_dbt_prod.py took 0.148 seconds
[2026-08-30T11:43:52.154+0000] {processor.py:186} INFO - Started process (PID=1166) to work on /opt/airflow/dags/prod/airbyte_to_dbt_prod.py
[2026-08-30T11:43:52.157+0000] {processor.py:914} INFO - Processing file /opt/airflow/dags/prod/airbyte_to_dbt_prod.py for tasks to queue
[2026-08-30T11:43:52.160+0000] {logging_mixin.py:190} INFO - [2026-08-30T11:43:52.160+0000] {dagbag.py:588} INFO - Filling up the DagBag from /opt/airflow/dags/prod/airbyte_to_dbt_prod.py
[2026-08-30T11:43:52.183+0000] {processor.py:925} INFO - DAG(s) 'airbyte_to_dbt_pipeline_prod' retrieved from /opt/airflow/dags/prod/airbyte_to_dbt_prod.py
[2026-08-30T11:43:52.230+0000] {logging_mixin.py:190} INFO - [2026-08-30T11:43:52.229+0000] {dag.py:3239} INFO - Sync 1 DAGs
[2026-08-30T11:43:52.273+0000] {logging_mixin.py:190} INFO - [2026-08-30T11:43:52.273+0000] {dag.py:4180} INFO - Setting next_dagrun for airbyte_to_dbt_pipeline_prod to 2026-08-30 10:00:00+00:00, run_after=2026-08-30 11:00:00+00:00
[2026-08-30T11:43:52.302+0000] {processor.py:208} INFO - Processing /opt/airflow/dags/prod/airbyte_to_dbt_prod.py took 0.158 seconds
[2026-08-30T11:44:22.482+0000] {processor.py:186} INFO - Started process (PID=1176) to work on /opt/airflow/dags/prod/airbyte_to_dbt_prod.py
[2026-08-30T11:44:22.483+0000] {processor.py:914} INFO - Processing file /opt/airflow/dags/prod/airbyte_to_dbt_prod.py for tasks to queue
[2026-08-30T11:44:22.486+0000] {logging_mixin.py:190} INFO - [2026-08-30T11:44:22.486+0000] {dagbag.py:588} INFO - Filling up the DagBag from /opt/airflow/dags/prod/airbyte_to_dbt_prod.py
[2026-08-30T11:44:22.511+0000] {processor.py:925} INFO - DAG(s) 'airbyte_to_dbt_pipeline_prod' retrieved from /opt/airflow/dags/prod/airbyte_to_dbt_prod.py
[2026-08-30T11:44:22.565+0000] {logging_mixin.py:190} INFO - [2026-08-30T11:44:22.565+0000] {dag.py:3239} INFO - Sync 1 DAGs
[2026-08-30T11:44:22.601+0000] {logging_mixin.py:190} INFO - [2026-08-30T11:44:22.601+0000] {dag.py:4180} INFO - Setting next_dagrun for airbyte_to_dbt_pipeline_prod to 2026-08-30 10:00:00+00:00, run_after=2026-08-30 11:00:00+00:00
[2026-08-30T11:44:22.626+0000] {processor.py:208} INFO - Processing /opt/airflow/dags/prod/airbyte_to_dbt_prod.py took 0.155 seconds
[2026-08-30T11:44:52.772+0000] {processor.py:186} INFO - Started process (PID=1186) to work on /opt/airflow/dags/prod/airbyte_to_dbt_prod.py
[2026-08-30T11:44:52.774+0000] {processor.py:914} INFO - Processing file /opt/airflow/dags/prod/airbyte_to_dbt_prod.py for tasks to queue
[2026-08-30T11:44:52.778+0000] {logging_mixin.py:190} INFO - [2026-08-30T11:44:52.777+0000] {dagbag.py:588} INFO - Filling up the DagBag from /opt/airflow/dags/prod/airbyte_to_dbt_prod.py
[2026-08-30T11:44:52.808+0000] {processor.py:925} INFO - DAG(s) 'airbyte_to_dbt_pipeline_prod' retrieved from /opt/airflow/dags/prod/airbyte_to_dbt_prod.py
[2026-08-30T11:44:52.866+0000] {logging_mixin.py:190} INFO - [2026-08-30T11:44:52.866+0000] {dag.py:3239} INFO - Sync 1 DAGs
[2026-08-30T11:44:52.906+0000] {logging_mixin.py:190} INFO - [2026-08-30T11:44:52.905+0000] {dag.py:4180} INFO - Setting next_dagrun for airbyte_to_dbt_pipeline_prod to 2026-08-30 10:00:00+00:00, run_after=2026-08-30 11:00:00+00:00
[2026-08-30T11:44:52.931+0000] {processor.py:208} INFO - Processing /opt/airflow/dags/prod/airbyte_to_dbt_prod.py took 0.170 seconds
[2026-08-30T11:45:23.073+0000] {processor.py:186} INFO - Started process (PID=1196) to work on /opt/airflow/dags/prod/airbyte_to_dbt_prod.py
[2026-08-30T11:45:23.074+0000] {processor.py:914} INFO - Processing file /opt/airflow/dags/prod/airbyte_to_dbt_prod.py for tasks to queue
[2026-08-30T11:45:23.077+0000] {logging_mixin.py:190} INFO - [2026-08-30T11:45:23.077+0000] {dagbag.py:588} INFO - Filling up the DagBag from /opt/airflow/dags/prod/airbyte_to_dbt_prod.py
[2026-08-30T11:45:23.103+0000] {processor.py:925} INFO - DAG(s) 'airbyte_to_dbt_pipeline_prod' retrieved from /opt/airflow/dags/prod/airbyte_to_dbt_prod.py
[2026-08-30T11:45:23.144+0000] {logging_mixin.py:190} INFO - [2026-08-30T11:45:23.144+0000] {dag.py:3239} INFO - Sync 1 DAGs
[2026-08-30T11:45:23.173+0000] {logging_mixin.py:190} INFO - [2026-08-30T11:45:23.173+0000] {dag.py:4180} INFO - Setting next_dagrun for airbyte_to_dbt_pipeline_prod to 2026-08-30 10:00:00+00:00, run_after=2026-08-30 11:00:00+00:00
[2026-08-30T11:45:23.200+0000] {processor.py:208} INFO - Processing /opt/airflow/dags/prod/airbyte_to_dbt_prod.py took 0.135 seconds
[2026-08-30T11:45:53.361+0000] {processor.py:186} INFO - Started process (PID=1206) to work on /opt/airflow/dags/prod/airbyte_to_dbt_prod.py
[2026-08-30T11:45:53.362+0000] {processor.py:914} INFO - Processing file /opt/airflow/dags/prod/airbyte_to_dbt_prod.py for tasks to queue
[2026-08-30T11:45:53.365+0000] {logging_mixin.py:190} INFO - [2026-08-30T11:45:53.365+0000] {dagbag.py:588} INFO - Filling up the DagBag from /opt/airflow/dags/prod/airbyte_to_dbt_prod.py
[2026-08-30T11:45:53.392+0000] {processor.py:925} INFO - DAG(s) 'airbyte_to_dbt_pipeline_prod' retrieved from /opt/airflow/dags/prod/airbyte_to_dbt_prod.py
[2026-08-30T11:45:53.444+0000] {logging_mixin.py:190} INFO - [2026-08-30T11:45:53.444+0000] {dag.py:3239} INFO - Sync 1 DAGs
[2026-08-30T11:45:53.480+0000] {logging_mixin.py:190} INFO - [2026-08-30T11:45:53.480+0000] {dag.py:4180} INFO - Setting next_dagrun for airbyte_to_dbt_pipeline_prod to 2026-08-30 10:00:00+00:00, run_after=2026-08-30 11:00:00+00:00
[2026-08-30T11:45:53.503+0000] {processor.py:208} INFO - Processing /opt/airflow/dags/prod/airbyte_to_dbt_prod.py took 0.150 seconds
[2026-08-30T11:46:23.656+0000] {processor.py:186} INFO - Started process (PID=1216) to work on /opt/airflow/dags/prod/airbyte_to_dbt_prod.py
[2026-08-30T11:46:23.657+0000] {processor.py:914} INFO - Processing file /opt/airflow/dags/prod/airbyte_to_dbt_prod.py for tasks to queue
[2026-08-30T11:46:23.661+0000] {logging_mixin.py:190} INFO - [2026-08-30T11:46:23.660+0000] {dagbag.py:588} INFO - Filling up the DagBag from /opt/airflow/dags/prod/airbyte_to_dbt_prod.py
[2026-08-30T11:46:23.689+0000] {processor.py:925} INFO - DAG(s) 'airbyte_to_dbt_pipeline_prod' retrieved from /opt/airflow/dags/prod/airbyte_to_dbt_prod.py
[2026-08-30T11:46:23.733+0000] {logging_mixin.py:190} INFO - [2026-08-30T11:46:23.732+0000] {dag.py:3239} INFO - Sync 1 DAGs
[2026-08-30T11:46:23.761+0000] {logging_mixin.py:190} INFO - [2026-08-30T11:46:23.760+0000] {dag.py:4180} INFO - Setting next_dagrun for airbyte_to_dbt_pipeline_prod to 2026-08-30 10:00:00+00:00, run_after=2026-08-30 11:00:00+00:00
[2026-08-30T11:46:23.786+0000] {processor.py:208} INFO - Processing /opt/airflow/dags/prod/airbyte_to_dbt_prod.py took 0.141 seconds
[2026-08-30T11:46:53.958+0000] {processor.py:186} INFO - Started process (PID=1226) to work on /opt/airflow/dags/prod/airbyte_to_dbt_prod.py
[2026-08-30T11:46:53.959+0000] {processor.py:914} INFO - Processing file /opt/airflow/dags/prod/airbyte_to_dbt_prod.py for tasks to queue
[2026-08-30T11:46:53.963+0000] {logging_mixin.py:190} INFO - [2026-08-30T11:46:53.963+0000] {dagbag.py:588} INFO - Filling up the DagBag from /opt/airflow/dags/prod/airbyte_to_dbt_prod.py
[2026-08-30T11:46:53.991+0000] {processor.py:925} INFO - DAG(s) 'airbyte_to_dbt_pipeline_prod' retrieved from /opt/airflow/dags/prod/airbyte_to_dbt_prod.py
[2026-08-30T11:46:54.045+0000] {logging_mixin.py:190} INFO - [2026-08-30T11:46:54.045+0000] {dag.py:3239} INFO - Sync 1 DAGs
[2026-08-30T11:46:54.081+0000] {logging_mixin.py:190} INFO - [2026-08-30T11:46:54.080+0000] {dag.py:4180} INFO - Setting next_dagrun for airbyte_to_dbt_pipeline_prod to 2026-08-30 10:00:00+00:00, run_after=2026-08-30 11:00:00+00:00
[2026-08-30T11:46:54.103+0000] {processor.py:208} INFO - Processing /opt/airflow/dags/prod/airbyte_to_dbt_prod.py took 0.155 seconds
[2026-08-30T11:47:24.249+0000] {processor.py:186} INFO - Started process (PID=1236) to work on /opt/airflow/dags/prod/airbyte_to_dbt_prod.py
[2026-08-30T11:47:24.249+0000] {processor.py:914} INFO - Processing file /opt/airflow/dags/prod/airbyte_to_dbt_prod.py for tasks to queue
[2026-08-30T11:47:24.252+0000] {logging_mixin.py:190} INFO - [2026-08-30T11:47:24.252+0000] {dagbag.py:588} INFO - Filling up the DagBag from /opt/airflow/dags/prod/airbyte_to_dbt_prod.py
[2026-08-30T11:47:24.273+0000] {processor.py:925} INFO - DAG(s) 'airbyte_to_dbt_pipeline_prod' retrieved from /opt/airflow/dags/prod/airbyte_to_dbt_prod.py
[2026-08-30T11:47:24.323+0000] {logging_mixin.py:190} INFO - [2026-08-30T11:47:24.323+0000] {dag.py:3239} INFO - Sync 1 DAGs
[2026-08-30T11:47:24.359+0000] {logging_mixin.py:190} INFO - [2026-08-30T11:47:24.359+0000] {dag.py:4180} INFO - Setting next_dagrun for airbyte_to_dbt_pipeline_prod to 2026-08-30 10:00:00+00:00, run_after=2026-08-30 11:00:00+00:00
[2026-08-30T11:47:24.384+0000] {processor.py:208} INFO - Processing /opt/airflow/dags/prod/airbyte_to_dbt_prod.py took 0.144 seconds
[2026-08-30T11:47:54.547+0000] {processor.py:186} INFO - Started process (PID=1246) to work on /opt/airflow/dags/prod/airbyte_to_dbt_prod.py
[2026-08-30T11:47:54.549+0000] {processor.py:914} INFO - Processing file /opt/airflow/dags/prod/airbyte_to_dbt_prod.py for tasks to queue
[2026-08-30T11:47:54.552+0000] {logging_mixin.py:190} INFO - [2026-08-30T11:47:54.551+0000] {dagbag.py:588} INFO - Filling up the DagBag from /opt/airflow/dags/prod/airbyte_to_dbt_prod.py
[2026-08-30T11:47:54.573+0000] {processor.py:925} INFO - DAG(s) 'airbyte_to_dbt_pipeline_prod' retrieved from /opt/airflow/dags/prod/airbyte_to_dbt_prod.py
[2026-08-30T11:47:54.619+0000] {logging_mixin.py:190} INFO - [2026-08-30T11:47:54.619+0000] {dag.py:3239} INFO - Sync 1 DAGs
[2026-08-30T11:47:54.653+0000] {logging_mixin.py:190} INFO - [2026-08-30T11:47:54.653+0000] {dag.py:4180} INFO - Setting next_dagrun for airbyte_to_dbt_pipeline_prod to 2026-08-30 10:00:00+00:00, run_after=2026-08-30 11:00:00+00:00
[2026-08-30T11:47:54.683+0000] {processor.py:208} INFO - Processing /opt/airflow/dags/prod/airbyte_to_dbt_prod.py took 0.146 seconds
[2026-08-30T11:48:24.859+0000] {processor.py:186} INFO - Started process (PID=1256) to work on /opt/airflow/dags/prod/airbyte_to_dbt_prod.py
[2026-08-30T11:48:24.860+0000] {processor.py:914} INFO - Processing file /opt/airflow/dags/prod/airbyte_to_dbt_prod.py for tasks to queue
[2026-08-30T11:48:24.864+0000] {logging_mixin.py:190} INFO - [2026-08-30T11:48:24.863+0000] {dagbag.py:588} INFO - Filling up the DagBag from /opt/airflow/dags/prod/airbyte_to_dbt_prod.py
[2026-08-30T11:48:24.891+0000] {processor.py:925} INFO - DAG(s) 'airbyte_to_dbt_pipeline_prod' retrieved from /opt/airflow/dags/prod/airbyte_to_dbt_prod.py
[2026-08-30T11:48:24.942+0000] {logging_mixin.py:190} INFO - [2026-08-30T11:48:24.942+0000] {dag.py:3239} INFO - Sync 1 DAGs
[2026-08-30T11:48:24.980+0000] {logging_mixin.py:190} INFO - [2026-08-30T11:48:24.979+0000] {dag.py:4180} INFO - Setting next_dagrun for airbyte_to_dbt_pipeline_prod to 2026-08-30 10:00:00+00:00, run_after=2026-08-30 11:00:00+00:00
[2026-08-30T11:48:25.005+0000] {processor.py:208} INFO - Processing /opt/airflow/dags/prod/airbyte_to_dbt_prod.py took 0.157 seconds
[2026-08-30T11:48:55.164+0000] {processor.py:186} INFO - Started process (PID=1266) to work on /opt/airflow/dags/prod/airbyte_to_dbt_prod.py
[2026-08-30T11:48:55.165+0000] {processor.py:914} INFO - Processing file /opt/airflow/dags/prod/airbyte_to_dbt_prod.py for tasks to queue
[2026-08-30T11:48:55.168+0000] {logging_mixin.py:190} INFO - [2026-08-30T11:48:55.167+0000] {dagbag.py:588} INFO - Filling up the DagBag from /opt/airflow/dags/prod/airbyte_to_dbt_prod.py
[2026-08-30T11:48:55.189+0000] {processor.py:925} INFO - DAG(s) 'airbyte_to_dbt_pipeline_prod' retrieved from /opt/airflow/dags/prod/airbyte_to_dbt_prod.py
[2026-08-30T11:48:55.243+0000] {logging_mixin.py:190} INFO - [2026-08-30T11:48:55.243+0000] {dag.py:3239} INFO - Sync 1 DAGs
[2026-08-30T11:48:55.278+0000] {logging_mixin.py:190} INFO - [2026-08-30T11:48:55.278+0000] {dag.py:4180} INFO - Setting next_dagrun for airbyte_to_dbt_pipeline_prod to 2026-08-30 10:00:00+00:00, run_after=2026-08-30 11:00:00+00:00
[2026-08-30T11:48:55.298+0000] {processor.py:208} INFO - Processing /opt/airflow/dags/prod/airbyte_to_dbt_prod.py took 0.143 seconds
[2026-08-30T11:49:25.456+0000] {processor.py:186} INFO - Started process (PID=1276) to work on /opt/airflow/dags/prod/airbyte_to_dbt_prod.py
[2026-08-30T11:49:25.457+0000] {processor.py:914} INFO - Processing file /opt/airflow/dags/prod/airbyte_to_dbt_prod.py for tasks to queue
[2026-08-30T11:49:25.461+0000] {logging_mixin.py:190} INFO - [2026-08-30T11:49:25.460+0000] {dagbag.py:588} INFO - Filling up the DagBag from /opt/airflow/dags/prod/airbyte_to_dbt_prod.py
[2026-08-30T11:49:25.489+0000] {processor.py:925} INFO - DAG(s) 'airbyte_to_dbt_pipeline_prod' retrieved from /opt/airflow/dags/prod/airbyte_to_dbt_prod.py
[2026-08-30T11:49:25.535+0000] {logging_mixin.py:190} INFO - [2026-08-30T11:49:25.535+0000] {dag.py:3239} INFO - Sync 1 DAGs
[2026-08-30T11:49:25.568+0000] {logging_mixin.py:190} INFO - [2026-08-30T11:49:25.568+0000] {dag.py:4180} INFO - Setting next_dagrun for airbyte_to_dbt_pipeline_prod to 2026-08-30 10:00:00+00:00, run_after=2026-08-30 11:00:00+00:00
[2026-08-30T11:49:25.597+0000] {processor.py:208} INFO - Processing /opt/airflow/dags/prod/airbyte_to_dbt_prod.py took 0.151 seconds
[2026-08-30T11:49:55.817+0000] {processor.py:186} INFO - Started process (PID=1285) to work on /opt/airflow/dags/prod/airbyte_to_dbt_prod.py
[2026-08-30T11:49:55.819+0000] {processor.py:914} INFO - Processing file /opt/airflow/dags/prod/airbyte_to_dbt_prod.py for tasks to queue
[2026-08-30T11:49:55.846+0000] {logging_mixin.py:190} INFO - [2026-08-30T11:49:55.845+0000] {dagbag.py:588} INFO - Filling up the DagBag from /opt/airflow/dags/prod/airbyte_to_dbt_prod.py
[2026-08-30T11:49:55.885+0000] {processor.py:925} INFO - DAG(s) 'airbyte_to_dbt_pipeline_prod' retrieved from /opt/airflow/dags/prod/airbyte_to_dbt_prod.py
[2026-08-30T11:49:55.939+0000] {logging_mixin.py:190} INFO - [2026-08-30T11:49:55.938+0000] {dag.py:3239} INFO - Sync 1 DAGs
[2026-08-30T11:49:55.985+0000] {logging_mixin.py:190} INFO - [2026-08-30T11:49:55.984+0000] {dag.py:4180} INFO - Setting next_dagrun for airbyte_to_dbt_pipeline_prod to 2026-08-30 10:00:00+00:00, run_after=2026-08-30 11:00:00+00:00
[2026-08-30T11:49:56.010+0000] {processor.py:208} INFO - Processing /opt/airflow/dags/prod/airbyte_to_dbt_prod.py took 0.235 seconds
[2026-08-30T11:50:26.223+0000] {processor.py:186} INFO - Started process (PID=1296) to work on /opt/airflow/dags/prod/airbyte_to_dbt_prod.py
[2026-08-30T11:50:26.225+0000] {processor.py:914} INFO - Processing file /opt/airflow/dags/prod/airbyte_to_dbt_prod.py for tasks to queue
[2026-08-30T11:50:26.230+0000] {logging_mixin.py:190} INFO - [2026-08-30T11:50:26.229+0000] {dagbag.py:588} INFO - Filling up the DagBag from /opt/airflow/dags/prod/airbyte_to_dbt_prod.py
[2026-08-30T11:50:26.271+0000] {processor.py:925} INFO - DAG(s) 'airbyte_to_dbt_pipeline_prod' retrieved from /opt/airflow/dags/prod/airbyte_to_dbt_prod.py
[2026-08-30T11:50:26.344+0000] {logging_mixin.py:190} INFO - [2026-08-30T11:50:26.344+0000] {dag.py:3239} INFO - Sync 1 DAGs
[2026-08-30T11:50:26.406+0000] {logging_mixin.py:190} INFO - [2026-08-30T11:50:26.406+0000] {dag.py:4180} INFO - Setting next_dagrun for airbyte_to_dbt_pipeline_prod to 2026-08-30 10:00:00+00:00, run_after=2026-08-30 11:00:00+00:00
[2026-08-30T11:50:26.443+0000] {processor.py:208} INFO - Processing /opt/airflow/dags/prod/airbyte_to_dbt_prod.py took 0.234 seconds
[2026-08-30T11:50:56.609+0000] {processor.py:186} INFO - Started process (PID=1306) to work on /opt/airflow/dags/prod/airbyte_to_dbt_prod.py
[2026-08-30T11:50:56.611+0000] {processor.py:914} INFO - Processing file /opt/airflow/dags/prod/airbyte_to_dbt_prod.py for tasks to queue
[2026-08-30T11:50:56.613+0000] {logging_mixin.py:190} INFO - [2026-08-30T11:50:56.613+0000] {dagbag.py:588} INFO - Filling up the DagBag from /opt/airflow/dags/prod/airbyte_to_dbt_prod.py
[2026-08-30T11:50:56.648+0000] {processor.py:925} INFO - DAG(s) 'airbyte_to_dbt_pipeline_prod' retrieved from /opt/airflow/dags/prod/airbyte_to_dbt_prod.py
[2026-08-30T11:50:56.707+0000] {logging_mixin.py:190} INFO - [2026-08-30T11:50:56.707+0000] {dag.py:3239} INFO - Sync 1 DAGs
[2026-08-30T11:50:56.745+0000] {logging_mixin.py:190} INFO - [2026-08-30T11:50:56.745+0000] {dag.py:4180} INFO - Setting next_dagrun for airbyte_to_dbt_pipeline_prod to 2026-08-30 10:00:00+00:00, run_after=2026-08-30 11:00:00+00:00
[2026-08-30T11:50:56.779+0000] {processor.py:208} INFO - Processing /opt/airflow/dags/prod/airbyte_to_dbt_prod.py took 0.182 seconds
[2026-08-30T11:51:26.965+0000] {processor.py:186} INFO - Started process (PID=1316) to work on /opt/airflow/dags/prod/airbyte_to_dbt_prod.py
[2026-08-30T11:51:26.966+0000] {processor.py:914} INFO - Processing file /opt/airflow/dags/prod/airbyte_to_dbt_prod.py for tasks to queue
[2026-08-30T11:51:26.970+0000] {logging_mixin.py:190} INFO - [2026-08-30T11:51:26.969+0000] {dagbag.py:588} INFO - Filling up the DagBag from /opt/airflow/dags/prod/airbyte_to_dbt_prod.py
[2026-08-30T11:51:26.993+0000] {processor.py:925} INFO - DAG(s) 'airbyte_to_dbt_pipeline_prod' retrieved from /opt/airflow/dags/prod/airbyte_to_dbt_prod.py
[2026-08-30T11:51:27.037+0000] {logging_mixin.py:190} INFO - [2026-08-30T11:51:27.036+0000] {dag.py:3239} INFO - Sync 1 DAGs
[2026-08-30T11:51:27.072+0000] {logging_mixin.py:190} INFO - [2026-08-30T11:51:27.071+0000] {dag.py:4180} INFO - Setting next_dagrun for airbyte_to_dbt_pipeline_prod to 2026-08-30 10:00:00+00:00, run_after=2026-08-30 11:00:00+00:00
[2026-08-30T11:51:27.102+0000] {processor.py:208} INFO - Processing /opt/airflow/dags/prod/airbyte_to_dbt_prod.py took 0.146 seconds
[2026-08-30T11:51:57.295+0000] {processor.py:186} INFO - Started process (PID=1326) to work on /opt/airflow/dags/prod/airbyte_to_dbt_prod.py
[2026-08-30T11:51:57.296+0000] {processor.py:914} INFO - Processing file /opt/airflow/dags/prod/airbyte_to_dbt_prod.py for tasks to queue
[2026-08-30T11:51:57.302+0000] {logging_mixin.py:190} INFO - [2026-08-30T11:51:57.301+0000] {dagbag.py:588} INFO - Filling up the DagBag from /opt/airflow/dags/prod/airbyte_to_dbt_prod.py
[2026-08-30T11:51:57.333+0000] {processor.py:925} INFO - DAG(s) 'airbyte_to_dbt_pipeline_prod' retrieved from /opt/airflow/dags/prod/airbyte_to_dbt_prod.py
[2026-08-30T11:51:57.389+0000] {logging_mixin.py:190} INFO - [2026-08-30T11:51:57.388+0000] {dag.py:3239} INFO - Sync 1 DAGs
[2026-08-30T11:51:57.456+0000] {logging_mixin.py:190} INFO - [2026-08-30T11:51:57.456+0000] {dag.py:4180} INFO - Setting next_dagrun for airbyte_to_dbt_pipeline_prod to 2026-08-30 10:00:00+00:00, run_after=2026-08-30 11:00:00+00:00
[2026-08-30T11:51:57.491+0000] {processor.py:208} INFO - Processing /opt/airflow/dags/prod/airbyte_to_dbt_prod.py took 0.208 seconds
[2026-08-30T11:52:27.676+0000] {processor.py:186} INFO - Started process (PID=1336) to work on /opt/airflow/dags/prod/airbyte_to_dbt_prod.py
[2026-08-30T11:52:27.678+0000] {processor.py:914} INFO - Processing file /opt/airflow/dags/prod/airbyte_to_dbt_prod.py for tasks to queue
[2026-08-30T11:52:27.684+0000] {logging_mixin.py:190} INFO - [2026-08-30T11:52:27.684+0000] {dagbag.py:588} INFO - Filling up the DagBag from /opt/airflow/dags/prod/airbyte_to_dbt_prod.py
[2026-08-30T11:52:27.722+0000] {processor.py:925} INFO - DAG(s) 'airbyte_to_dbt_pipeline_prod' retrieved from /opt/airflow/dags/prod/airbyte_to_dbt_prod.py
[2026-08-30T11:52:27.784+0000] {logging_mixin.py:190} INFO - [2026-08-30T11:52:27.783+0000] {dag.py:3239} INFO - Sync 1 DAGs
[2026-08-30T11:52:27.839+0000] {logging_mixin.py:190} INFO - [2026-08-30T11:52:27.839+0000] {dag.py:4180} INFO - Setting next_dagrun for airbyte_to_dbt_pipeline_prod to 2026-08-30 10:00:00+00:00, run_after=2026-08-30 11:00:00+00:00
[2026-08-30T11:52:27.879+0000] {processor.py:208} INFO - Processing /opt/airflow/dags/prod/airbyte_to_dbt_prod.py took 0.216 seconds
[2026-08-30T11:52:58.063+0000] {processor.py:186} INFO - Started process (PID=1346) to work on /opt/airflow/dags/prod/airbyte_to_dbt_prod.py
[2026-08-30T11:52:58.064+0000] {processor.py:914} INFO - Processing file /opt/airflow/dags/prod/airbyte_to_dbt_prod.py for tasks to queue
[2026-08-30T11:52:58.068+0000] {logging_mixin.py:190} INFO - [2026-08-30T11:52:58.067+0000] {dagbag.py:588} INFO - Filling up the DagBag from /opt/airflow/dags/prod/airbyte_to_dbt_prod.py
[2026-08-30T11:52:58.098+0000] {processor.py:925} INFO - DAG(s) 'airbyte_to_dbt_pipeline_prod' retrieved from /opt/airflow/dags/prod/airbyte_to_dbt_prod.py
[2026-08-30T11:52:58.151+0000] {logging_mixin.py:190} INFO - [2026-08-30T11:52:58.151+0000] {dag.py:3239} INFO - Sync 1 DAGs
[2026-08-30T11:52:58.190+0000] {logging_mixin.py:190} INFO - [2026-08-30T11:52:58.190+0000] {dag.py:4180} INFO - Setting next_dagrun for airbyte_to_dbt_pipeline_prod to 2026-08-30 10:00:00+00:00, run_after=2026-08-30 11:00:00+00:00
[2026-08-30T11:52:58.215+0000] {processor.py:208} INFO - Processing /opt/airflow/dags/prod/airbyte_to_dbt_prod.py took 0.164 seconds
[2026-08-30T11:53:28.411+0000] {processor.py:186} INFO - Started process (PID=1356) to work on /opt/airflow/dags/prod/airbyte_to_dbt_prod.py
[2026-08-30T11:53:28.412+0000] {processor.py:914} INFO - Processing file /opt/airflow/dags/prod/airbyte_to_dbt_prod.py for tasks to queue
[2026-08-30T11:53:28.415+0000] {logging_mixin.py:190} INFO - [2026-08-30T11:53:28.415+0000] {dagbag.py:588} INFO - Filling up the DagBag from /opt/airflow/dags/prod/airbyte_to_dbt_prod.py
[2026-08-30T11:53:28.440+0000] {processor.py:925} INFO - DAG(s) 'airbyte_to_dbt_pipeline_prod' retrieved from /opt/airflow/dags/prod/airbyte_to_dbt_prod.py
[2026-08-30T11:53:28.502+0000] {logging_mixin.py:190} INFO - [2026-08-30T11:53:28.501+0000] {dag.py:3239} INFO - Sync 1 DAGs
[2026-08-30T11:53:28.545+0000] {logging_mixin.py:190} INFO - [2026-08-30T11:53:28.545+0000] {dag.py:4180} INFO - Setting next_dagrun for airbyte_to_dbt_pipeline_prod to 2026-08-30 10:00:00+00:00, run_after=2026-08-30 11:00:00+00:00
[2026-08-30T11:53:28.570+0000] {processor.py:208} INFO - Processing /opt/airflow/dags/prod/airbyte_to_dbt_prod.py took 0.169 seconds
[2026-08-30T11:53:58.775+0000] {processor.py:186} INFO - Started process (PID=1366) to work on /opt/airflow/dags/prod/airbyte_to_dbt_prod.py
[2026-08-30T11:53:58.777+0000] {processor.py:914} INFO - Processing file /opt/airflow/dags/prod/airbyte_to_dbt_prod.py for tasks to queue
[2026-08-30T11:53:58.781+0000] {logging_mixin.py:190} INFO - [2026-08-30T11:53:58.781+0000] {dagbag.py:588} INFO - Filling up the DagBag from /opt/airflow/dags/prod/airbyte_to_dbt_prod.py
[2026-08-30T11:53:58.814+0000] {processor.py:925} INFO - DAG(s) 'airbyte_to_dbt_pipeline_prod' retrieved from /opt/airflow/dags/prod/airbyte_to_dbt_prod.py
[2026-08-30T11:53:58.878+0000] {logging_mixin.py:190} INFO - [2026-08-30T11:53:58.877+0000] {dag.py:3239} INFO - Sync 1 DAGs
[2026-08-30T11:53:58.936+0000] {logging_mixin.py:190} INFO - [2026-08-30T11:53:58.935+0000] {dag.py:4180} INFO - Setting next_dagrun for airbyte_to_dbt_pipeline_prod to 2026-08-30 10:00:00+00:00, run_after=2026-08-30 11:00:00+00:00
[2026-08-30T11:53:58.991+0000] {processor.py:208} INFO - Processing /opt/airflow/dags/prod/airbyte_to_dbt_prod.py took 0.251 seconds
[2026-08-30T11:54:29.158+0000] {processor.py:186} INFO - Started process (PID=1376) to work on /opt/airflow/dags/prod/airbyte_to_dbt_prod.py
[2026-08-30T11:54:29.159+0000] {processor.py:914} INFO - Processing file /opt/airflow/dags/prod/airbyte_to_dbt_prod.py for tasks to queue
[2026-08-30T11:54:29.163+0000] {logging_mixin.py:190} INFO - [2026-08-30T11:54:29.162+0000] {dagbag.py:588} INFO - Filling up the DagBag from /opt/airflow/dags/prod/airbyte_to_dbt_prod.py
[2026-08-30T11:54:29.185+0000] {processor.py:925} INFO - DAG(s) 'airbyte_to_dbt_pipeline_prod' retrieved from /opt/airflow/dags/prod/airbyte_to_dbt_prod.py
[2026-08-30T11:54:29.237+0000] {logging_mixin.py:190} INFO - [2026-08-30T11:54:29.237+0000] {dag.py:3239} INFO - Sync 1 DAGs
[2026-08-30T11:54:29.279+0000] {logging_mixin.py:190} INFO - [2026-08-30T11:54:29.279+0000] {dag.py:4180} INFO - Setting next_dagrun for airbyte_to_dbt_pipeline_prod to 2026-08-30 10:00:00+00:00, run_after=2026-08-30 11:00:00+00:00
[2026-08-30T11:54:29.306+0000] {processor.py:208} INFO - Processing /opt/airflow/dags/prod/airbyte_to_dbt_prod.py took 0.157 seconds
[2026-08-30T11:54:59.468+0000] {processor.py:186} INFO - Started process (PID=1386) to work on /opt/airflow/dags/prod/airbyte_to_dbt_prod.py
[2026-08-30T11:54:59.472+0000] {processor.py:914} INFO - Processing file /opt/airflow/dags/prod/airbyte_to_dbt_prod.py for tasks to queue
[2026-08-30T11:54:59.477+0000] {logging_mixin.py:190} INFO - [2026-08-30T11:54:59.476+0000] {dagbag.py:588} INFO - Filling up the DagBag from /opt/airflow/dags/prod/airbyte_to_dbt_prod.py
[2026-08-30T11:54:59.513+0000] {processor.py:925} INFO - DAG(s) 'airbyte_to_dbt_pipeline_prod' retrieved from /opt/airflow/dags/prod/airbyte_to_dbt_prod.py
[2026-08-30T11:54:59.565+0000] {logging_mixin.py:190} INFO - [2026-08-30T11:54:59.565+0000] {dag.py:3239} INFO - Sync 1 DAGs
[2026-08-30T11:54:59.602+0000] {logging_mixin.py:190} INFO - [2026-08-30T11:54:59.601+0000] {dag.py:4180} INFO - Setting next_dagrun for airbyte_to_dbt_pipeline_prod to 2026-08-30 10:00:00+00:00, run_after=2026-08-30 11:00:00+00:00
[2026-08-30T11:54:59.624+0000] {processor.py:208} INFO - Processing /opt/airflow/dags/prod/airbyte_to_dbt_prod.py took 0.169 seconds
[2026-08-30T11:55:29.791+0000] {processor.py:186} INFO - Started process (PID=1396) to work on /opt/airflow/dags/prod/airbyte_to_dbt_prod.py
[2026-08-30T11:55:29.793+0000] {processor.py:914} INFO - Processing file /opt/airflow/dags/prod/airbyte_to_dbt_prod.py for tasks to queue
[2026-08-30T11:55:29.797+0000] {logging_mixin.py:190} INFO - [2026-08-30T11:55:29.796+0000] {dagbag.py:588} INFO - Filling up the DagBag from /opt/airflow/dags/prod/airbyte_to_dbt_prod.py
[2026-08-30T11:55:29.825+0000] {processor.py:925} INFO - DAG(s) 'airbyte_to_dbt_pipeline_prod' retrieved from /opt/airflow/dags/prod/airbyte_to_dbt_prod.py
[2026-08-30T11:55:29.884+0000] {logging_mixin.py:190} INFO - [2026-08-30T11:55:29.884+0000] {dag.py:3239} INFO - Sync 1 DAGs
[2026-08-30T11:55:29.927+0000] {logging_mixin.py:190} INFO - [2026-08-30T11:55:29.926+0000] {dag.py:4180} INFO - Setting next_dagrun for airbyte_to_dbt_pipeline_prod to 2026-08-30 10:00:00+00:00, run_after=2026-08-30 11:00:00+00:00
[2026-08-30T11:55:29.955+0000] {processor.py:208} INFO - Processing /opt/airflow/dags/prod/airbyte_to_dbt_prod.py took 0.173 seconds
[2026-08-30T11:56:00.131+0000] {processor.py:186} INFO - Started process (PID=1406) to work on /opt/airflow/dags/prod/airbyte_to_dbt_prod.py
[2026-08-30T11:56:00.131+0000] {processor.py:914} INFO - Processing file /opt/airflow/dags/prod/airbyte_to_dbt_prod.py for tasks to queue
[2026-08-30T11:56:00.135+0000] {logging_mixin.py:190} INFO - [2026-08-30T11:56:00.134+0000] {dagbag.py:588} INFO - Filling up the DagBag from /opt/airflow/dags/prod/airbyte_to_dbt_prod.py
[2026-08-30T11:56:00.156+0000] {processor.py:925} INFO - DAG(s) 'airbyte_to_dbt_pipeline_prod' retrieved from /opt/airflow/dags/prod/airbyte_to_dbt_prod.py
[2026-08-30T11:56:00.209+0000] {logging_mixin.py:190} INFO - [2026-08-30T11:56:00.209+0000] {dag.py:3239} INFO - Sync 1 DAGs
[2026-08-30T11:56:00.243+0000] {logging_mixin.py:190} INFO - [2026-08-30T11:56:00.242+0000] {dag.py:4180} INFO - Setting next_dagrun for airbyte_to_dbt_pipeline_prod to 2026-08-30 10:00:00+00:00, run_after=2026-08-30 11:00:00+00:00
[2026-08-30T11:56:00.268+0000] {processor.py:208} INFO - Processing /opt/airflow/dags/prod/airbyte_to_dbt_prod.py took 0.146 seconds
[2026-08-30T11:56:30.444+0000] {processor.py:186} INFO - Started process (PID=1416) to work on /opt/airflow/dags/prod/airbyte_to_dbt_prod.py
[2026-08-30T11:56:30.445+0000] {processor.py:914} INFO - Processing file /opt/airflow/dags/prod/airbyte_to_dbt_prod.py for tasks to queue
[2026-08-30T11:56:30.448+0000] {logging_mixin.py:190} INFO - [2026-08-30T11:56:30.448+0000] {dagbag.py:588} INFO - Filling up the DagBag from /opt/airflow/dags/prod/airbyte_to_dbt_prod.py
[2026-08-30T11:56:30.472+0000] {processor.py:925} INFO - DAG(s) 'airbyte_to_dbt_pipeline_prod' retrieved from /opt/airflow/dags/prod/airbyte_to_dbt_prod.py
[2026-08-30T11:56:30.525+0000] {logging_mixin.py:190} INFO - [2026-08-30T11:56:30.525+0000] {dag.py:3239} INFO - Sync 1 DAGs
[2026-08-30T11:56:30.557+0000] {logging_mixin.py:190} INFO - [2026-08-30T11:56:30.557+0000] {dag.py:4180} INFO - Setting next_dagrun for airbyte_to_dbt_pipeline_prod to 2026-08-30 10:00:00+00:00, run_after=2026-08-30 11:00:00+00:00
[2026-08-30T11:56:30.583+0000] {processor.py:208} INFO - Processing /opt/airflow/dags/prod/airbyte_to_dbt_prod.py took 0.152 seconds
[2026-08-30T11:57:00.760+0000] {processor.py:186} INFO - Started process (PID=1426) to work on /opt/airflow/dags/prod/airbyte_to_dbt_prod.py
[2026-08-30T11:57:00.762+0000] {processor.py:914} INFO - Processing file /opt/airflow/dags/prod/airbyte_to_dbt_prod.py for tasks to queue
[2026-08-30T11:57:00.766+0000] {logging_mixin.py:190} INFO - [2026-08-30T11:57:00.765+0000] {dagbag.py:588} INFO - Filling up the DagBag from /opt/airflow/dags/prod/airbyte_to_dbt_prod.py
[2026-08-30T11:57:00.793+0000] {processor.py:925} INFO - DAG(s) 'airbyte_to_dbt_pipeline_prod' retrieved from /opt/airflow/dags/prod/airbyte_to_dbt_prod.py
[2026-08-30T11:57:00.841+0000] {logging_mixin.py:190} INFO - [2026-08-30T11:57:00.841+0000] {dag.py:3239} INFO - Sync 1 DAGs
[2026-08-30T11:57:00.877+0000] {logging_mixin.py:190} INFO - [2026-08-30T11:57:00.877+0000] {dag.py:4180} INFO - Setting next_dagrun for airbyte_to_dbt_pipeline_prod to 2026-08-30 10:00:00+00:00, run_after=2026-08-30 11:00:00+00:00
[2026-08-30T11:57:00.901+0000] {processor.py:208} INFO - Processing /opt/airflow/dags/prod/airbyte_to_dbt_prod.py took 0.150 seconds
[2026-08-30T11:57:31.133+0000] {processor.py:186} INFO - Started process (PID=1436) to work on /opt/airflow/dags/prod/airbyte_to_dbt_prod.py
[2026-08-30T11:57:31.135+0000] {processor.py:914} INFO - Processing file /opt/airflow/dags/prod/airbyte_to_dbt_prod.py for tasks to queue
[2026-08-30T11:57:31.144+0000] {logging_mixin.py:190} INFO - [2026-08-30T11:57:31.144+0000] {dagbag.py:588} INFO - Filling up the DagBag from /opt/airflow/dags/prod/airbyte_to_dbt_prod.py
[2026-08-30T11:57:31.187+0000] {processor.py:925} INFO - DAG(s) 'airbyte_to_dbt_pipeline_prod' retrieved from /opt/airflow/dags/prod/airbyte_to_dbt_prod.py
[2026-08-30T11:57:31.270+0000] {logging_mixin.py:190} INFO - [2026-08-30T11:57:31.269+0000] {dag.py:3239} INFO - Sync 1 DAGs
[2026-08-30T11:57:31.331+0000] {logging_mixin.py:190} INFO - [2026-08-30T11:57:31.331+0000] {dag.py:4180} INFO - Setting next_dagrun for airbyte_to_dbt_pipeline_prod to 2026-08-30 10:00:00+00:00, run_after=2026-08-30 11:00:00+00:00
[2026-08-30T11:57:31.366+0000] {processor.py:208} INFO - Processing /opt/airflow/dags/prod/airbyte_to_dbt_prod.py took 0.252 seconds
[2026-08-30T11:58:01.581+0000] {processor.py:186} INFO - Started process (PID=1446) to work on /opt/airflow/dags/prod/airbyte_to_dbt_prod.py
[2026-08-30T11:58:01.583+0000] {processor.py:914} INFO - Processing file /opt/airflow/dags/prod/airbyte_to_dbt_prod.py for tasks to queue
[2026-08-30T11:58:01.586+0000] {logging_mixin.py:190} INFO - [2026-08-30T11:58:01.586+0000] {dagbag.py:588} INFO - Filling up the DagBag from /opt/airflow/dags/prod/airbyte_to_dbt_prod.py
[2026-08-30T11:58:01.610+0000] {processor.py:925} INFO - DAG(s) 'airbyte_to_dbt_pipeline_prod' retrieved from /opt/airflow/dags/prod/airbyte_to_dbt_prod.py
[2026-08-30T11:58:01.670+0000] {logging_mixin.py:190} INFO - [2026-08-30T11:58:01.670+0000] {dag.py:3239} INFO - Sync 1 DAGs
[2026-08-30T11:58:01.712+0000] {logging_mixin.py:190} INFO - [2026-08-30T11:58:01.712+0000] {dag.py:4180} INFO - Setting next_dagrun for airbyte_to_dbt_pipeline_prod to 2026-08-30 10:00:00+00:00, run_after=2026-08-30 11:00:00+00:00
[2026-08-30T11:58:01.737+0000] {processor.py:208} INFO - Processing /opt/airflow/dags/prod/airbyte_to_dbt_prod.py took 0.166 seconds
[2026-08-30T11:58:31.930+0000] {processor.py:186} INFO - Started process (PID=1456) to work on /opt/airflow/dags/prod/airbyte_to_dbt_prod.py
[2026-08-30T11:58:31.932+0000] {processor.py:914} INFO - Processing file /opt/airflow/dags/prod/airbyte_to_dbt_prod.py for tasks to queue
[2026-08-30T11:58:31.936+0000] {logging_mixin.py:190} INFO - [2026-08-30T11:58:31.936+0000] {dagbag.py:588} INFO - Filling up the DagBag from /opt/airflow/dags/prod/airbyte_to_dbt_prod.py
[2026-08-30T11:58:31.967+0000] {processor.py:925} INFO - DAG(s) 'airbyte_to_dbt_pipeline_prod' retrieved from /opt/airflow/dags/prod/airbyte_to_dbt_prod.py
[2026-08-30T11:58:32.017+0000] {logging_mixin.py:190} INFO - [2026-08-30T11:58:32.017+0000] {dag.py:3239} INFO - Sync 1 DAGs
[2026-08-30T11:58:32.054+0000] {logging_mixin.py:190} INFO - [2026-08-30T11:58:32.053+0000] {dag.py:4180} INFO - Setting next_dagrun for airbyte_to_dbt_pipeline_prod to 2026-08-30 10:00:00+00:00, run_after=2026-08-30 11:00:00+00:00
[2026-08-30T11:58:32.082+0000] {processor.py:208} INFO - Processing /opt/airflow/dags/prod/airbyte_to_dbt_prod.py took 0.163 seconds
[2026-08-30T11:59:02.276+0000] {processor.py:186} INFO - Started process (PID=1466) to work on /opt/airflow/dags/prod/airbyte_to_dbt_prod.py
[2026-08-30T11:59:02.279+0000] {processor.py:914} INFO - Processing file /opt/airflow/dags/prod/airbyte_to_dbt_prod.py for tasks to queue
[2026-08-30T11:59:02.283+0000] {logging_mixin.py:190} INFO - [2026-08-30T11:59:02.283+0000] {dagbag.py:588} INFO - Filling up the DagBag from /opt/airflow/dags/prod/airbyte_to_dbt_prod.py
[2026-08-30T11:59:02.308+0000] {processor.py:925} INFO - DAG(s) 'airbyte_to_dbt_pipeline_prod' retrieved from /opt/airflow/dags/prod/airbyte_to_dbt_prod.py
[2026-08-30T11:59:02.373+0000] {logging_mixin.py:190} INFO - [2026-08-30T11:59:02.373+0000] {dag.py:3239} INFO - Sync 1 DAGs
[2026-08-30T11:59:02.408+0000] {logging_mixin.py:190} INFO - [2026-08-30T11:59:02.408+0000] {dag.py:4180} INFO - Setting next_dagrun for airbyte_to_dbt_pipeline_prod to 2026-08-30 10:00:00+00:00, run_after=2026-08-30 11:00:00+00:00
[2026-08-30T11:59:02.433+0000] {processor.py:208} INFO - Processing /opt/airflow/dags/prod/airbyte_to_dbt_prod.py took 0.169 seconds
[2026-08-30T11:59:32.592+0000] {processor.py:186} INFO - Started process (PID=1476) to work on /opt/airflow/dags/prod/airbyte_to_dbt_prod.py
[2026-08-30T11:59:32.593+0000] {processor.py:914} INFO - Processing file /opt/airflow/dags/prod/airbyte_to_dbt_prod.py for tasks to queue
[2026-08-30T11:59:32.596+0000] {logging_mixin.py:190} INFO - [2026-08-30T11:59:32.596+0000] {dagbag.py:588} INFO - Filling up the DagBag from /opt/airflow/dags/prod/airbyte_to_dbt_prod.py
[2026-08-30T11:59:32.616+0000] {processor.py:925} INFO - DAG(s) 'airbyte_to_dbt_pipeline_prod' retrieved from /opt/airflow/dags/prod/airbyte_to_dbt_prod.py
[2026-08-30T11:59:32.656+0000] {logging_mixin.py:190} INFO - [2026-08-30T11:59:32.656+0000] {dag.py:3239} INFO - Sync 1 DAGs
[2026-08-30T11:59:32.695+0000] {logging_mixin.py:190} INFO - [2026-08-30T11:59:32.695+0000] {dag.py:4180} INFO - Setting next_dagrun for airbyte_to_dbt_pipeline_prod to 2026-08-30 10:00:00+00:00, run_after=2026-08-30 11:00:00+00:00
[2026-08-30T11:59:32.720+0000] {processor.py:208} INFO - Processing /opt/airflow/dags/prod/airbyte_to_dbt_prod.py took 0.136 seconds
[2026-08-30T12:00:02.881+0000] {processor.py:186} INFO - Started process (PID=1486) to work on /opt/airflow/dags/prod/airbyte_to_dbt_prod.py
[2026-08-30T12:00:02.882+0000] {processor.py:914} INFO - Processing file /opt/airflow/dags/prod/airbyte_to_dbt_prod.py for tasks to queue
[2026-08-30T12:00:02.885+0000] {logging_mixin.py:190} INFO - [2026-08-30T12:00:02.885+0000] {dagbag.py:588} INFO - Filling up the DagBag from /opt/airflow/dags/prod/airbyte_to_dbt_prod.py
[2026-08-30T12:00:02.906+0000] {processor.py:925} INFO - DAG(s) 'airbyte_to_dbt_pipeline_prod' retrieved from /opt/airflow/dags/prod/airbyte_to_dbt_prod.py
[2026-08-30T12:00:02.964+0000] {logging_mixin.py:190} INFO - [2026-08-30T12:00:02.963+0000] {dag.py:3239} INFO - Sync 1 DAGs
[2026-08-30T12:00:02.997+0000] {logging_mixin.py:190} INFO - [2026-08-30T12:00:02.997+0000] {dag.py:4180} INFO - Setting next_dagrun for airbyte_to_dbt_pipeline_prod to 2026-08-30 11:00:00+00:00, run_after=2026-08-30 12:00:00+00:00
[2026-08-30T12:00:03.024+0000] {processor.py:208} INFO - Processing /opt/airflow/dags/prod/airbyte_to_dbt_prod.py took 0.152 seconds
[2026-08-30T12:00:33.187+0000] {processor.py:186} INFO - Started process (PID=1496) to work on /opt/airflow/dags/prod/airbyte_to_dbt_prod.py
[2026-08-30T12:00:33.188+0000] {processor.py:914} INFO - Processing file /opt/airflow/dags/prod/airbyte_to_dbt_prod.py for tasks to queue
[2026-08-30T12:00:33.191+0000] {logging_mixin.py:190} INFO - [2026-08-30T12:00:33.191+0000] {dagbag.py:588} INFO - Filling up the DagBag from /opt/airflow/dags/prod/airbyte_to_dbt_prod.py
[2026-08-30T12:00:33.214+0000] {processor.py:925} INFO - DAG(s) 'airbyte_to_dbt_pipeline_prod' retrieved from /opt/airflow/dags/prod/airbyte_to_dbt_prod.py
[2026-08-30T12:00:33.256+0000] {logging_mixin.py:190} INFO - [2026-08-30T12:00:33.256+0000] {dag.py:3239} INFO - Sync 1 DAGs
[2026-08-30T12:00:33.286+0000] {logging_mixin.py:190} INFO - [2026-08-30T12:00:33.286+0000] {dag.py:4180} INFO - Setting next_dagrun for airbyte_to_dbt_pipeline_prod to 2026-08-30 11:00:00+00:00, run_after=2026-08-30 12:00:00+00:00
[2026-08-30T12:00:33.312+0000] {processor.py:208} INFO - Processing /opt/airflow/dags/prod/airbyte_to_dbt_prod.py took 0.133 seconds
[2026-08-30T12:01:03.475+0000] {processor.py:186} INFO - Started process (PID=1506) to work on /opt/airflow/dags/prod/airbyte_to_dbt_prod.py
[2026-08-30T12:01:03.476+0000] {processor.py:914} INFO - Processing file /opt/airflow/dags/prod/airbyte_to_dbt_prod.py for tasks to queue
[2026-08-30T12:01:03.482+0000] {logging_mixin.py:190} INFO - [2026-08-30T12:01:03.481+0000] {dagbag.py:588} INFO - Filling up the DagBag from /opt/airflow/dags/prod/airbyte_to_dbt_prod.py
[2026-08-30T12:01:03.502+0000] {processor.py:925} INFO - DAG(s) 'airbyte_to_dbt_pipeline_prod' retrieved from /opt/airflow/dags/prod/airbyte_to_dbt_prod.py
[2026-08-30T12:01:03.544+0000] {logging_mixin.py:190} INFO - [2026-08-30T12:01:03.544+0000] {dag.py:3239} INFO - Sync 1 DAGs
[2026-08-30T12:01:03.578+0000] {logging_mixin.py:190} INFO - [2026-08-30T12:01:03.578+0000] {dag.py:4180} INFO - Setting next_dagrun for airbyte_to_dbt_pipeline_prod to 2026-08-30 11:00:00+00:00, run_after=2026-08-30 12:00:00+00:00
[2026-08-30T12:01:03.603+0000] {processor.py:208} INFO - Processing /opt/airflow/dags/prod/airbyte_to_dbt_prod.py took 0.141 seconds
[2026-08-30T12:01:33.757+0000] {processor.py:186} INFO - Started process (PID=1516) to work on /opt/airflow/dags/prod/airbyte_to_dbt_prod.py
[2026-08-30T12:01:33.759+0000] {processor.py:914} INFO - Processing file /opt/airflow/dags/prod/airbyte_to_dbt_prod.py for tasks to queue
[2026-08-30T12:01:33.762+0000] {logging_mixin.py:190} INFO - [2026-08-30T12:01:33.761+0000] {dagbag.py:588} INFO - Filling up the DagBag from /opt/airflow/dags/prod/airbyte_to_dbt_prod.py
[2026-08-30T12:01:33.783+0000] {processor.py:925} INFO - DAG(s) 'airbyte_to_dbt_pipeline_prod' retrieved from /opt/airflow/dags/prod/airbyte_to_dbt_prod.py
[2026-08-30T12:01:33.824+0000] {logging_mixin.py:190} INFO - [2026-08-30T12:01:33.823+0000] {dag.py:3239} INFO - Sync 1 DAGs
[2026-08-30T12:01:33.857+0000] {logging_mixin.py:190} INFO - [2026-08-30T12:01:33.856+0000] {dag.py:4180} INFO - Setting next_dagrun for airbyte_to_dbt_pipeline_prod to 2026-08-30 11:00:00+00:00, run_after=2026-08-30 12:00:00+00:00
[2026-08-30T12:01:33.883+0000] {processor.py:208} INFO - Processing /opt/airflow/dags/prod/airbyte_to_dbt_prod.py took 0.135 seconds
[2026-08-30T12:02:04.040+0000] {processor.py:186} INFO - Started process (PID=1526) to work on /opt/airflow/dags/prod/airbyte_to_dbt_prod.py
[2026-08-30T12:02:04.041+0000] {processor.py:914} INFO - Processing file /opt/airflow/dags/prod/airbyte_to_dbt_prod.py for tasks to queue
[2026-08-30T12:02:04.044+0000] {logging_mixin.py:190} INFO - [2026-08-30T12:02:04.044+0000] {dagbag.py:588} INFO - Filling up the DagBag from /opt/airflow/dags/prod/airbyte_to_dbt_prod.py
[2026-08-30T12:02:04.065+0000] {processor.py:925} INFO - DAG(s) 'airbyte_to_dbt_pipeline_prod' retrieved from /opt/airflow/dags/prod/airbyte_to_dbt_prod.py
[2026-08-30T12:02:04.112+0000] {logging_mixin.py:190} INFO - [2026-08-30T12:02:04.112+0000] {dag.py:3239} INFO - Sync 1 DAGs
[2026-08-30T12:02:04.146+0000] {logging_mixin.py:190} INFO - [2026-08-30T12:02:04.146+0000] {dag.py:4180} INFO - Setting next_dagrun for airbyte_to_dbt_pipeline_prod to 2026-08-30 11:00:00+00:00, run_after=2026-08-30 12:00:00+00:00
[2026-08-30T12:02:04.170+0000] {processor.py:208} INFO - Processing /opt/airflow/dags/prod/airbyte_to_dbt_prod.py took 0.140 seconds
[2026-08-30T12:02:34.329+0000] {processor.py:186} INFO - Started process (PID=1536) to work on /opt/airflow/dags/prod/airbyte_to_dbt_prod.py
[2026-08-30T12:02:34.330+0000] {processor.py:914} INFO - Processing file /opt/airflow/dags/prod/airbyte_to_dbt_prod.py for tasks to queue
[2026-08-30T12:02:34.333+0000] {logging_mixin.py:190} INFO - [2026-08-30T12:02:34.333+0000] {dagbag.py:588} INFO - Filling up the DagBag from /opt/airflow/dags/prod/airbyte_to_dbt_prod.py
[2026-08-30T12:02:34.354+0000] {processor.py:925} INFO - DAG(s) 'airbyte_to_dbt_pipeline_prod' retrieved from /opt/airflow/dags/prod/airbyte_to_dbt_prod.py
[2026-08-30T12:02:34.398+0000] {logging_mixin.py:190} INFO - [2026-08-30T12:02:34.398+0000] {dag.py:3239} INFO - Sync 1 DAGs
[2026-08-30T12:02:34.430+0000] {logging_mixin.py:190} INFO - [2026-08-30T12:02:34.430+0000] {dag.py:4180} INFO - Setting next_dagrun for airbyte_to_dbt_pipeline_prod to 2026-08-30 11:00:00+00:00, run_after=2026-08-30 12:00:00+00:00
[2026-08-30T12:02:34.453+0000] {processor.py:208} INFO - Processing /opt/airflow/dags/prod/airbyte_to_dbt_prod.py took 0.133 seconds
[2026-08-30T12:03:04.609+0000] {processor.py:186} INFO - Started process (PID=1546) to work on /opt/airflow/dags/prod/airbyte_to_dbt_prod.py
[2026-08-30T12:03:04.610+0000] {processor.py:914} INFO - Processing file /opt/airflow/dags/prod/airbyte_to_dbt_prod.py for tasks to queue
[2026-08-30T12:03:04.613+0000] {logging_mixin.py:190} INFO - [2026-08-30T12:03:04.613+0000] {dagbag.py:588} INFO - Filling up the DagBag from /opt/airflow/dags/prod/airbyte_to_dbt_prod.py
[2026-08-30T12:03:04.635+0000] {processor.py:925} INFO - DAG(s) 'airbyte_to_dbt_pipeline_prod' retrieved from /opt/airflow/dags/prod/airbyte_to_dbt_prod.py
[2026-08-30T12:03:04.684+0000] {logging_mixin.py:190} INFO - [2026-08-30T12:03:04.684+0000] {dag.py:3239} INFO - Sync 1 DAGs
[2026-08-30T12:03:04.715+0000] {logging_mixin.py:190} INFO - [2026-08-30T12:03:04.715+0000] {dag.py:4180} INFO - Setting next_dagrun for airbyte_to_dbt_pipeline_prod to 2026-08-30 11:00:00+00:00, run_after=2026-08-30 12:00:00+00:00
[2026-08-30T12:03:04.741+0000] {processor.py:208} INFO - Processing /opt/airflow/dags/prod/airbyte_to_dbt_prod.py took 0.139 seconds
[2026-08-30T12:03:34.896+0000] {processor.py:186} INFO - Started process (PID=1556) to work on /opt/airflow/dags/prod/airbyte_to_dbt_prod.py
[2026-08-30T12:03:34.897+0000] {processor.py:914} INFO - Processing file /opt/airflow/dags/prod/airbyte_to_dbt_prod.py for tasks to queue
[2026-08-30T12:03:34.900+0000] {logging_mixin.py:190} INFO - [2026-08-30T12:03:34.900+0000] {dagbag.py:588} INFO - Filling up the DagBag from /opt/airflow/dags/prod/airbyte_to_dbt_prod.py
[2026-08-30T12:03:34.922+0000] {processor.py:925} INFO - DAG(s) 'airbyte_to_dbt_pipeline_prod' retrieved from /opt/airflow/dags/prod/airbyte_to_dbt_prod.py
[2026-08-30T12:03:34.966+0000] {logging_mixin.py:190} INFO - [2026-08-30T12:03:34.966+0000] {dag.py:3239} INFO - Sync 1 DAGs
[2026-08-30T12:03:35.012+0000] {logging_mixin.py:190} INFO - [2026-08-30T12:03:35.011+0000] {dag.py:4180} INFO - Setting next_dagrun for airbyte_to_dbt_pipeline_prod to 2026-08-30 11:00:00+00:00, run_after=2026-08-30 12:00:00+00:00
[2026-08-30T12:03:35.041+0000] {processor.py:208} INFO - Processing /opt/airflow/dags/prod/airbyte_to_dbt_prod.py took 0.153 seconds
[2026-08-30T12:04:05.198+0000] {processor.py:186} INFO - Started process (PID=1566) to work on /opt/airflow/dags/prod/airbyte_to_dbt_prod.py
[2026-08-30T12:04:05.199+0000] {processor.py:914} INFO - Processing file /opt/airflow/dags/prod/airbyte_to_dbt_prod.py for tasks to queue
[2026-08-30T12:04:05.202+0000] {logging_mixin.py:190} INFO - [2026-08-30T12:04:05.201+0000] {dagbag.py:588} INFO - Filling up the DagBag from /opt/airflow/dags/prod/airbyte_to_dbt_prod.py
[2026-08-30T12:04:05.223+0000] {processor.py:925} INFO - DAG(s) 'airbyte_to_dbt_pipeline_prod' retrieved from /opt/airflow/dags/prod/airbyte_to_dbt_prod.py
[2026-08-30T12:04:05.262+0000] {logging_mixin.py:190} INFO - [2026-08-30T12:04:05.261+0000] {dag.py:3239} INFO - Sync 1 DAGs
[2026-08-30T12:04:05.290+0000] {logging_mixin.py:190} INFO - [2026-08-30T12:04:05.289+0000] {dag.py:4180} INFO - Setting next_dagrun for airbyte_to_dbt_pipeline_prod to 2026-08-30 11:00:00+00:00, run_after=2026-08-30 12:00:00+00:00
[2026-08-30T12:04:05.313+0000] {processor.py:208} INFO - Processing /opt/airflow/dags/prod/airbyte_to_dbt_prod.py took 0.124 seconds
[2026-08-30T12:04:35.473+0000] {processor.py:186} INFO - Started process (PID=1576) to work on /opt/airflow/dags/prod/airbyte_to_dbt_prod.py
[2026-08-30T12:04:35.474+0000] {processor.py:914} INFO - Processing file /opt/airflow/dags/prod/airbyte_to_dbt_prod.py for tasks to queue
[2026-08-30T12:04:35.478+0000] {logging_mixin.py:190} INFO - [2026-08-30T12:04:35.478+0000] {dagbag.py:588} INFO - Filling up the DagBag from /opt/airflow/dags/prod/airbyte_to_dbt_prod.py
[2026-08-30T12:04:35.506+0000] {processor.py:925} INFO - DAG(s) 'airbyte_to_dbt_pipeline_prod' retrieved from /opt/airflow/dags/prod/airbyte_to_dbt_prod.py
[2026-08-30T12:04:35.548+0000] {logging_mixin.py:190} INFO - [2026-08-30T12:04:35.547+0000] {dag.py:3239} INFO - Sync 1 DAGs
[2026-08-30T12:04:35.581+0000] {logging_mixin.py:190} INFO - [2026-08-30T12:04:35.581+0000] {dag.py:4180} INFO - Setting next_dagrun for airbyte_to_dbt_pipeline_prod to 2026-08-30 11:00:00+00:00, run_after=2026-08-30 12:00:00+00:00
[2026-08-30T12:04:35.606+0000] {processor.py:208} INFO - Processing /opt/airflow/dags/prod/airbyte_to_dbt_prod.py took 0.144 seconds
[2026-08-30T12:05:05.763+0000] {processor.py:186} INFO - Started process (PID=1586) to work on /opt/airflow/dags/prod/airbyte_to_dbt_prod.py
[2026-08-30T12:05:05.764+0000] {processor.py:914} INFO - Processing file /opt/airflow/dags/prod/airbyte_to_dbt_prod.py for tasks to queue
[2026-08-30T12:05:05.767+0000] {logging_mixin.py:190} INFO - [2026-08-30T12:05:05.767+0000] {dagbag.py:588} INFO - Filling up the DagBag from /opt/airflow/dags/prod/airbyte_to_dbt_prod.py
[2026-08-30T12:05:05.788+0000] {processor.py:925} INFO - DAG(s) 'airbyte_to_dbt_pipeline_prod' retrieved from /opt/airflow/dags/prod/airbyte_to_dbt_prod.py
[2026-08-30T12:05:05.824+0000] {logging_mixin.py:190} INFO - [2026-08-30T12:05:05.824+0000] {dag.py:3239} INFO - Sync 1 DAGs
[2026-08-30T12:05:05.856+0000] {logging_mixin.py:190} INFO - [2026-08-30T12:05:05.856+0000] {dag.py:4180} INFO - Setting next_dagrun for airbyte_to_dbt_pipeline_prod to 2026-08-30 11:00:00+00:00, run_after=2026-08-30 12:00:00+00:00
[2026-08-30T12:05:05.878+0000] {processor.py:208} INFO - Processing /opt/airflow/dags/prod/airbyte_to_dbt_prod.py took 0.123 seconds
[2026-08-30T12:05:36.128+0000] {processor.py:186} INFO - Started process (PID=1594) to work on /opt/airflow/dags/prod/airbyte_to_dbt_prod.py
[2026-08-30T12:05:36.132+0000] {processor.py:914} INFO - Processing file /opt/airflow/dags/prod/airbyte_to_dbt_prod.py for tasks to queue
[2026-08-30T12:05:36.137+0000] {logging_mixin.py:190} INFO - [2026-08-30T12:05:36.136+0000] {dagbag.py:588} INFO - Filling up the DagBag from /opt/airflow/dags/prod/airbyte_to_dbt_prod.py
[2026-08-30T12:05:36.178+0000] {processor.py:925} INFO - DAG(s) 'airbyte_to_dbt_pipeline_prod' retrieved from /opt/airflow/dags/prod/airbyte_to_dbt_prod.py
[2026-08-30T12:05:36.303+0000] {logging_mixin.py:190} INFO - [2026-08-30T12:05:36.303+0000] {dag.py:3239} INFO - Sync 1 DAGs
[2026-08-30T12:05:36.387+0000] {logging_mixin.py:190} INFO - [2026-08-30T12:05:36.386+0000] {dag.py:4180} INFO - Setting next_dagrun for airbyte_to_dbt_pipeline_prod to 2026-08-30 11:00:00+00:00, run_after=2026-08-30 12:00:00+00:00
[2026-08-30T12:05:36.429+0000] {processor.py:208} INFO - Processing /opt/airflow/dags/prod/airbyte_to_dbt_prod.py took 0.352 seconds
[2026-08-30T12:06:06.633+0000] {processor.py:186} INFO - Started process (PID=1606) to work on /opt/airflow/dags/prod/airbyte_to_dbt_prod.py
[2026-08-30T12:06:06.635+0000] {processor.py:914} INFO - Processing file /opt/airflow/dags/prod/airbyte_to_dbt_prod.py for tasks to queue
[2026-08-30T12:06:06.648+0000] {logging_mixin.py:190} INFO - [2026-08-30T12:06:06.638+0000] {dagbag.py:588} INFO - Filling up the DagBag from /opt/airflow/dags/prod/airbyte_to_dbt_prod.py
[2026-08-30T12:06:06.692+0000] {processor.py:925} INFO - DAG(s) 'airbyte_to_dbt_pipeline_prod' retrieved from /opt/airflow/dags/prod/airbyte_to_dbt_prod.py
[2026-08-30T12:06:06.744+0000] {logging_mixin.py:190} INFO - [2026-08-30T12:06:06.744+0000] {dag.py:3239} INFO - Sync 1 DAGs
[2026-08-30T12:06:06.784+0000] {logging_mixin.py:190} INFO - [2026-08-30T12:06:06.784+0000] {dag.py:4180} INFO - Setting next_dagrun for airbyte_to_dbt_pipeline_prod to 2026-08-30 11:00:00+00:00, run_after=2026-08-30 12:00:00+00:00
[2026-08-30T12:06:06.807+0000] {processor.py:208} INFO - Processing /opt/airflow/dags/prod/airbyte_to_dbt_prod.py took 0.188 seconds
[2026-08-30T12:06:36.981+0000] {processor.py:186} INFO - Started process (PID=1616) to work on /opt/airflow/dags/prod/airbyte_to_dbt_prod.py
[2026-08-30T12:06:36.982+0000] {processor.py:914} INFO - Processing file /opt/airflow/dags/prod/airbyte_to_dbt_prod.py for tasks to queue
[2026-08-30T12:06:36.985+0000] {logging_mixin.py:190} INFO - [2026-08-30T12:06:36.985+0000] {dagbag.py:588} INFO - Filling up the DagBag from /opt/airflow/dags/prod/airbyte_to_dbt_prod.py
[2026-08-30T12:06:37.015+0000] {processor.py:925} INFO - DAG(s) 'airbyte_to_dbt_pipeline_prod' retrieved from /opt/airflow/dags/prod/airbyte_to_dbt_prod.py
[2026-08-30T12:06:37.065+0000] {logging_mixin.py:190} INFO - [2026-08-30T12:06:37.064+0000] {dag.py:3239} INFO - Sync 1 DAGs
[2026-08-30T12:06:37.104+0000] {logging_mixin.py:190} INFO - [2026-08-30T12:06:37.103+0000] {dag.py:4180} INFO - Setting next_dagrun for airbyte_to_dbt_pipeline_prod to 2026-08-30 11:00:00+00:00, run_after=2026-08-30 12:00:00+00:00
[2026-08-30T12:06:37.129+0000] {processor.py:208} INFO - Processing /opt/airflow/dags/prod/airbyte_to_dbt_prod.py took 0.155 seconds
[2026-08-30T12:07:07.318+0000] {processor.py:186} INFO - Started process (PID=1626) to work on /opt/airflow/dags/prod/airbyte_to_dbt_prod.py
[2026-08-30T12:07:07.319+0000] {processor.py:914} INFO - Processing file /opt/airflow/dags/prod/airbyte_to_dbt_prod.py for tasks to queue
[2026-08-30T12:07:07.322+0000] {logging_mixin.py:190} INFO - [2026-08-30T12:07:07.322+0000] {dagbag.py:588} INFO - Filling up the DagBag from /opt/airflow/dags/prod/airbyte_to_dbt_prod.py
[2026-08-30T12:07:07.346+0000] {processor.py:925} INFO - DAG(s) 'airbyte_to_dbt_pipeline_prod' retrieved from /opt/airflow/dags/prod/airbyte_to_dbt_prod.py
[2026-08-30T12:07:07.399+0000] {logging_mixin.py:190} INFO - [2026-08-30T12:07:07.398+0000] {dag.py:3239} INFO - Sync 1 DAGs
[2026-08-30T12:07:07.433+0000] {logging_mixin.py:190} INFO - [2026-08-30T12:07:07.433+0000] {dag.py:4180} INFO - Setting next_dagrun for airbyte_to_dbt_pipeline_prod to 2026-08-30 11:00:00+00:00, run_after=2026-08-30 12:00:00+00:00
[2026-08-30T12:07:07.459+0000] {processor.py:208} INFO - Processing /opt/airflow/dags/prod/airbyte_to_dbt_prod.py took 0.151 seconds
[2026-08-30T12:07:37.640+0000] {processor.py:186} INFO - Started process (PID=1636) to work on /opt/airflow/dags/prod/airbyte_to_dbt_prod.py
[2026-08-30T12:07:37.641+0000] {processor.py:914} INFO - Processing file /opt/airflow/dags/prod/airbyte_to_dbt_prod.py for tasks to queue
[2026-08-30T12:07:37.645+0000] {logging_mixin.py:190} INFO - [2026-08-30T12:07:37.644+0000] {dagbag.py:588} INFO - Filling up the DagBag from /opt/airflow/dags/prod/airbyte_to_dbt_prod.py
[2026-08-30T12:07:37.751+0000] {processor.py:925} INFO - DAG(s) 'airbyte_to_dbt_pipeline_prod' retrieved from /opt/airflow/dags/prod/airbyte_to_dbt_prod.py
[2026-08-30T12:07:37.805+0000] {logging_mixin.py:190} INFO - [2026-08-30T12:07:37.805+0000] {dag.py:3239} INFO - Sync 1 DAGs
[2026-08-30T12:07:37.852+0000] {logging_mixin.py:190} INFO - [2026-08-30T12:07:37.852+0000] {dag.py:4180} INFO - Setting next_dagrun for airbyte_to_dbt_pipeline_prod to 2026-08-30 11:00:00+00:00, run_after=2026-08-30 12:00:00+00:00
[2026-08-30T12:07:37.879+0000] {processor.py:208} INFO - Processing /opt/airflow/dags/prod/airbyte_to_dbt_prod.py took 0.249 seconds
[2026-08-30T12:08:08.069+0000] {processor.py:186} INFO - Started process (PID=1646) to work on /opt/airflow/dags/prod/airbyte_to_dbt_prod.py
[2026-08-30T12:08:08.070+0000] {processor.py:914} INFO - Processing file /opt/airflow/dags/prod/airbyte_to_dbt_prod.py for tasks to queue
[2026-08-30T12:08:08.074+0000] {logging_mixin.py:190} INFO - [2026-08-30T12:08:08.073+0000] {dagbag.py:588} INFO - Filling up the DagBag from /opt/airflow/dags/prod/airbyte_to_dbt_prod.py
[2026-08-30T12:08:08.100+0000] {processor.py:925} INFO - DAG(s) 'airbyte_to_dbt_pipeline_prod' retrieved from /opt/airflow/dags/prod/airbyte_to_dbt_prod.py
[2026-08-30T12:08:08.155+0000] {logging_mixin.py:190} INFO - [2026-08-30T12:08:08.154+0000] {dag.py:3239} INFO - Sync 1 DAGs
[2026-08-30T12:08:08.193+0000] {logging_mixin.py:190} INFO - [2026-08-30T12:08:08.193+0000] {dag.py:4180} INFO - Setting next_dagrun for airbyte_to_dbt_pipeline_prod to 2026-08-30 11:00:00+00:00, run_after=2026-08-30 12:00:00+00:00
[2026-08-30T12:08:08.217+0000] {processor.py:208} INFO - Processing /opt/airflow/dags/prod/airbyte_to_dbt_prod.py took 0.157 seconds
[2026-08-30T12:08:38.391+0000] {processor.py:186} INFO - Started process (PID=1656) to work on /opt/airflow/dags/prod/airbyte_to_dbt_prod.py
[2026-08-30T12:08:38.394+0000] {processor.py:914} INFO - Processing file /opt/airflow/dags/prod/airbyte_to_dbt_prod.py for tasks to queue
[2026-08-30T12:08:38.400+0000] {logging_mixin.py:190} INFO - [2026-08-30T12:08:38.399+0000] {dagbag.py:588} INFO - Filling up the DagBag from /opt/airflow/dags/prod/airbyte_to_dbt_prod.py
[2026-08-30T12:08:38.439+0000] {processor.py:925} INFO - DAG(s) 'airbyte_to_dbt_pipeline_prod' retrieved from /opt/airflow/dags/prod/airbyte_to_dbt_prod.py
[2026-08-30T12:08:38.515+0000] {logging_mixin.py:190} INFO - [2026-08-30T12:08:38.515+0000] {dag.py:3239} INFO - Sync 1 DAGs
[2026-08-30T12:08:38.563+0000] {logging_mixin.py:190} INFO - [2026-08-30T12:08:38.562+0000] {dag.py:4180} INFO - Setting next_dagrun for airbyte_to_dbt_pipeline_prod to 2026-08-30 11:00:00+00:00, run_after=2026-08-30 12:00:00+00:00
[2026-08-30T12:08:38.590+0000] {processor.py:208} INFO - Processing /opt/airflow/dags/prod/airbyte_to_dbt_prod.py took 0.215 seconds
[2026-08-30T12:09:08.761+0000] {processor.py:186} INFO - Started process (PID=1666) to work on /opt/airflow/dags/prod/airbyte_to_dbt_prod.py
[2026-08-30T12:09:08.762+0000] {processor.py:914} INFO - Processing file /opt/airflow/dags/prod/airbyte_to_dbt_prod.py for tasks to queue
[2026-08-30T12:09:08.765+0000] {logging_mixin.py:190} INFO - [2026-08-30T12:09:08.765+0000] {dagbag.py:588} INFO - Filling up the DagBag from /opt/airflow/dags/prod/airbyte_to_dbt_prod.py
[2026-08-30T12:09:08.792+0000] {processor.py:925} INFO - DAG(s) 'airbyte_to_dbt_pipeline_prod' retrieved from /opt/airflow/dags/prod/airbyte_to_dbt_prod.py
[2026-08-30T12:09:08.848+0000] {logging_mixin.py:190} INFO - [2026-08-30T12:09:08.848+0000] {dag.py:3239} INFO - Sync 1 DAGs
[2026-08-30T12:09:08.881+0000] {logging_mixin.py:190} INFO - [2026-08-30T12:09:08.881+0000] {dag.py:4180} INFO - Setting next_dagrun for airbyte_to_dbt_pipeline_prod to 2026-08-30 11:00:00+00:00, run_after=2026-08-30 12:00:00+00:00
[2026-08-30T12:09:08.906+0000] {processor.py:208} INFO - Processing /opt/airflow/dags/prod/airbyte_to_dbt_prod.py took 0.157 seconds
[2026-08-30T12:09:39.115+0000] {processor.py:186} INFO - Started process (PID=1676) to work on /opt/airflow/dags/prod/airbyte_to_dbt_prod.py
[2026-08-30T12:09:39.117+0000] {processor.py:914} INFO - Processing file /opt/airflow/dags/prod/airbyte_to_dbt_prod.py for tasks to queue
[2026-08-30T12:09:39.123+0000] {logging_mixin.py:190} INFO - [2026-08-30T12:09:39.122+0000] {dagbag.py:588} INFO - Filling up the DagBag from /opt/airflow/dags/prod/airbyte_to_dbt_prod.py
[2026-08-30T12:09:39.154+0000] {processor.py:925} INFO - DAG(s) 'airbyte_to_dbt_pipeline_prod' retrieved from /opt/airflow/dags/prod/airbyte_to_dbt_prod.py
[2026-08-30T12:09:39.198+0000] {logging_mixin.py:190} INFO - [2026-08-30T12:09:39.198+0000] {dag.py:3239} INFO - Sync 1 DAGs
[2026-08-30T12:09:39.235+0000] {logging_mixin.py:190} INFO - [2026-08-30T12:09:39.235+0000] {dag.py:4180} INFO - Setting next_dagrun for airbyte_to_dbt_pipeline_prod to 2026-08-30 11:00:00+00:00, run_after=2026-08-30 12:00:00+00:00
[2026-08-30T12:09:39.267+0000] {processor.py:208} INFO - Processing /opt/airflow/dags/prod/airbyte_to_dbt_prod.py took 0.171 seconds
[2026-08-30T12:10:09.412+0000] {processor.py:186} INFO - Started process (PID=1686) to work on /opt/airflow/dags/prod/airbyte_to_dbt_prod.py
[2026-08-30T12:10:09.413+0000] {processor.py:914} INFO - Processing file /opt/airflow/dags/prod/airbyte_to_dbt_prod.py for tasks to queue
[2026-08-30T12:10:09.416+0000] {logging_mixin.py:190} INFO - [2026-08-30T12:10:09.416+0000] {dagbag.py:588} INFO - Filling up the DagBag from /opt/airflow/dags/prod/airbyte_to_dbt_prod.py
[2026-08-30T12:10:09.438+0000] {processor.py:925} INFO - DAG(s) 'airbyte_to_dbt_pipeline_prod' retrieved from /opt/airflow/dags/prod/airbyte_to_dbt_prod.py
[2026-08-30T12:10:09.490+0000] {logging_mixin.py:190} INFO - [2026-08-30T12:10:09.489+0000] {dag.py:3239} INFO - Sync 1 DAGs
[2026-08-30T12:10:09.534+0000] {logging_mixin.py:190} INFO - [2026-08-30T12:10:09.533+0000] {dag.py:4180} INFO - Setting next_dagrun for airbyte_to_dbt_pipeline_prod to 2026-08-30 11:00:00+00:00, run_after=2026-08-30 12:00:00+00:00
[2026-08-30T12:10:09.575+0000] {processor.py:208} INFO - Processing /opt/airflow/dags/prod/airbyte_to_dbt_prod.py took 0.172 seconds
[2026-08-30T12:10:39.764+0000] {processor.py:186} INFO - Started process (PID=1696) to work on /opt/airflow/dags/prod/airbyte_to_dbt_prod.py
[2026-08-30T12:10:39.765+0000] {processor.py:914} INFO - Processing file /opt/airflow/dags/prod/airbyte_to_dbt_prod.py for tasks to queue
[2026-08-30T12:10:39.770+0000] {logging_mixin.py:190} INFO - [2026-08-30T12:10:39.769+0000] {dagbag.py:588} INFO - Filling up the DagBag from /opt/airflow/dags/prod/airbyte_to_dbt_prod.py
[2026-08-30T12:10:39.799+0000] {processor.py:925} INFO - DAG(s) 'airbyte_to_dbt_pipeline_prod' retrieved from /opt/airflow/dags/prod/airbyte_to_dbt_prod.py
[2026-08-30T12:10:39.844+0000] {logging_mixin.py:190} INFO - [2026-08-30T12:10:39.843+0000] {dag.py:3239} INFO - Sync 1 DAGs
[2026-08-30T12:10:39.876+0000] {logging_mixin.py:190} INFO - [2026-08-30T12:10:39.876+0000] {dag.py:4180} INFO - Setting next_dagrun for airbyte_to_dbt_pipeline_prod to 2026-08-30 11:00:00+00:00, run_after=2026-08-30 12:00:00+00:00
[2026-08-30T12:10:39.898+0000] {processor.py:208} INFO - Processing /opt/airflow/dags/prod/airbyte_to_dbt_prod.py took 0.145 seconds
[2026-08-30T12:11:10.071+0000] {processor.py:186} INFO - Started process (PID=1706) to work on /opt/airflow/dags/prod/airbyte_to_dbt_prod.py
[2026-08-30T12:11:10.072+0000] {processor.py:914} INFO - Processing file /opt/airflow/dags/prod/airbyte_to_dbt_prod.py for tasks to queue
[2026-08-30T12:11:10.075+0000] {logging_mixin.py:190} INFO - [2026-08-30T12:11:10.075+0000] {dagbag.py:588} INFO - Filling up the DagBag from /opt/airflow/dags/prod/airbyte_to_dbt_prod.py
[2026-08-30T12:11:10.098+0000] {processor.py:925} INFO - DAG(s) 'airbyte_to_dbt_pipeline_prod' retrieved from /opt/airflow/dags/prod/airbyte_to_dbt_prod.py
[2026-08-30T12:11:10.144+0000] {logging_mixin.py:190} INFO - [2026-08-30T12:11:10.143+0000] {dag.py:3239} INFO - Sync 1 DAGs
[2026-08-30T12:11:10.182+0000] {logging_mixin.py:190} INFO - [2026-08-30T12:11:10.182+0000] {dag.py:4180} INFO - Setting next_dagrun for airbyte_to_dbt_pipeline_prod to 2026-08-30 11:00:00+00:00, run_after=2026-08-30 12:00:00+00:00
[2026-08-30T12:11:10.203+0000] {processor.py:208} INFO - Processing /opt/airflow/dags/prod/airbyte_to_dbt_prod.py took 0.141 seconds
[2026-08-30T12:11:40.351+0000] {processor.py:186} INFO - Started process (PID=1716) to work on /opt/airflow/dags/prod/airbyte_to_dbt_prod.py
[2026-08-30T12:11:40.352+0000] {processor.py:914} INFO - Processing file /opt/airflow/dags/prod/airbyte_to_dbt_prod.py for tasks to queue
[2026-08-30T12:11:40.355+0000] {logging_mixin.py:190} INFO - [2026-08-30T12:11:40.354+0000] {dagbag.py:588} INFO - Filling up the DagBag from /opt/airflow/dags/prod/airbyte_to_dbt_prod.py
[2026-08-30T12:11:40.376+0000] {processor.py:925} INFO - DAG(s) 'airbyte_to_dbt_pipeline_prod' retrieved from /opt/airflow/dags/prod/airbyte_to_dbt_prod.py
[2026-08-30T12:11:40.427+0000] {logging_mixin.py:190} INFO - [2026-08-30T12:11:40.427+0000] {dag.py:3239} INFO - Sync 1 DAGs
[2026-08-30T12:11:40.463+0000] {logging_mixin.py:190} INFO - [2026-08-30T12:11:40.462+0000] {dag.py:4180} INFO - Setting next_dagrun for airbyte_to_dbt_pipeline_prod to 2026-08-30 11:00:00+00:00, run_after=2026-08-30 12:00:00+00:00
[2026-08-30T12:11:40.490+0000] {processor.py:208} INFO - Processing /opt/airflow/dags/prod/airbyte_to_dbt_prod.py took 0.148 seconds
[2026-08-30T12:12:10.659+0000] {processor.py:186} INFO - Started process (PID=1726) to work on /opt/airflow/dags/prod/airbyte_to_dbt_prod.py
[2026-08-30T12:12:10.660+0000] {processor.py:914} INFO - Processing file /opt/airflow/dags/prod/airbyte_to_dbt_prod.py for tasks to queue
[2026-08-30T12:12:10.663+0000] {logging_mixin.py:190} INFO - [2026-08-30T12:12:10.663+0000] {dagbag.py:588} INFO - Filling up the DagBag from /opt/airflow/dags/prod/airbyte_to_dbt_prod.py
[2026-08-30T12:12:10.685+0000] {processor.py:925} INFO - DAG(s) 'airbyte_to_dbt_pipeline_prod' retrieved from /opt/airflow/dags/prod/airbyte_to_dbt_prod.py
[2026-08-30T12:12:10.727+0000] {logging_mixin.py:190} INFO - [2026-08-30T12:12:10.727+0000] {dag.py:3239} INFO - Sync 1 DAGs
[2026-08-30T12:12:10.764+0000] {logging_mixin.py:190} INFO - [2026-08-30T12:12:10.764+0000] {dag.py:4180} INFO - Setting next_dagrun for airbyte_to_dbt_pipeline_prod to 2026-08-30 11:00:00+00:00, run_after=2026-08-30 12:00:00+00:00
[2026-08-30T12:12:10.790+0000] {processor.py:208} INFO - Processing /opt/airflow/dags/prod/airbyte_to_dbt_prod.py took 0.140 seconds
[2026-08-30T12:12:40.980+0000] {processor.py:186} INFO - Started process (PID=1736) to work on /opt/airflow/dags/prod/airbyte_to_dbt_prod.py
[2026-08-30T12:12:40.981+0000] {processor.py:914} INFO - Processing file /opt/airflow/dags/prod/airbyte_to_dbt_prod.py for tasks to queue
[2026-08-30T12:12:40.984+0000] {logging_mixin.py:190} INFO - [2026-08-30T12:12:40.983+0000] {dagbag.py:588} INFO - Filling up the DagBag from /opt/airflow/dags/prod/airbyte_to_dbt_prod.py
[2026-08-30T12:12:41.011+0000] {processor.py:925} INFO - DAG(s) 'airbyte_to_dbt_pipeline_prod' retrieved from /opt/airflow/dags/prod/airbyte_to_dbt_prod.py
[2026-08-30T12:12:41.065+0000] {logging_mixin.py:190} INFO - [2026-08-30T12:12:41.064+0000] {dag.py:3239} INFO - Sync 1 DAGs
[2026-08-30T12:12:41.104+0000] {logging_mixin.py:190} INFO - [2026-08-30T12:12:41.104+0000] {dag.py:4180} INFO - Setting next_dagrun for airbyte_to_dbt_pipeline_prod to 2026-08-30 11:00:00+00:00, run_after=2026-08-30 12:00:00+00:00
[2026-08-30T12:12:41.131+0000] {processor.py:208} INFO - Processing /opt/airflow/dags/prod/airbyte_to_dbt_prod.py took 0.162 seconds
[2026-08-30T12:13:11.313+0000] {processor.py:186} INFO - Started process (PID=1746) to work on /opt/airflow/dags/prod/airbyte_to_dbt_prod.py
[2026-08-30T12:13:11.314+0000] {processor.py:914} INFO - Processing file /opt/airflow/dags/prod/airbyte_to_dbt_prod.py for tasks to queue
[2026-08-30T12:13:11.317+0000] {logging_mixin.py:190} INFO - [2026-08-30T12:13:11.316+0000] {dagbag.py:588} INFO - Filling up the DagBag from /opt/airflow/dags/prod/airbyte_to_dbt_prod.py
[2026-08-30T12:13:11.338+0000] {processor.py:925} INFO - DAG(s) 'airbyte_to_dbt_pipeline_prod' retrieved from /opt/airflow/dags/prod/airbyte_to_dbt_prod.py
[2026-08-30T12:13:11.380+0000] {logging_mixin.py:190} INFO - [2026-08-30T12:13:11.379+0000] {dag.py:3239} INFO - Sync 1 DAGs
[2026-08-30T12:13:11.414+0000] {logging_mixin.py:190} INFO - [2026-08-30T12:13:11.414+0000] {dag.py:4180} INFO - Setting next_dagrun for airbyte_to_dbt_pipeline_prod to 2026-08-30 11:00:00+00:00, run_after=2026-08-30 12:00:00+00:00
[2026-08-30T12:13:11.437+0000] {processor.py:208} INFO - Processing /opt/airflow/dags/prod/airbyte_to_dbt_prod.py took 0.132 seconds
[2026-08-30T12:13:41.598+0000] {processor.py:186} INFO - Started process (PID=1756) to work on /opt/airflow/dags/prod/airbyte_to_dbt_prod.py
[2026-08-30T12:13:41.600+0000] {processor.py:914} INFO - Processing file /opt/airflow/dags/prod/airbyte_to_dbt_prod.py for tasks to queue
[2026-08-30T12:13:41.604+0000] {logging_mixin.py:190} INFO - [2026-08-30T12:13:41.603+0000] {dagbag.py:588} INFO - Filling up the DagBag from /opt/airflow/dags/prod/airbyte_to_dbt_prod.py
[2026-08-30T12:13:41.633+0000] {processor.py:925} INFO - DAG(s) 'airbyte_to_dbt_pipeline_prod' retrieved from /opt/airflow/dags/prod/airbyte_to_dbt_prod.py
[2026-08-30T12:13:41.700+0000] {logging_mixin.py:190} INFO - [2026-08-30T12:13:41.700+0000] {dag.py:3239} INFO - Sync 1 DAGs
[2026-08-30T12:13:41.735+0000] {logging_mixin.py:190} INFO - [2026-08-30T12:13:41.735+0000] {dag.py:4180} INFO - Setting next_dagrun for airbyte_to_dbt_pipeline_prod to 2026-08-30 11:00:00+00:00, run_after=2026-08-30 12:00:00+00:00
[2026-08-30T12:13:41.759+0000] {processor.py:208} INFO - Processing /opt/airflow/dags/prod/airbyte_to_dbt_prod.py took 0.172 seconds
[2026-08-30T12:14:11.992+0000] {processor.py:186} INFO - Started process (PID=1764) to work on /opt/airflow/dags/prod/airbyte_to_dbt_prod.py
[2026-08-30T12:14:12.002+0000] {processor.py:914} INFO - Processing file /opt/airflow/dags/prod/airbyte_to_dbt_prod.py for tasks to queue
[2026-08-30T12:14:12.010+0000] {logging_mixin.py:190} INFO - [2026-08-30T12:14:12.009+0000] {dagbag.py:588} INFO - Filling up the DagBag from /opt/airflow/dags/prod/airbyte_to_dbt_prod.py
[2026-08-30T12:14:13.753+0000] {processor.py:925} INFO - DAG(s) 'airbyte_to_dbt_pipeline_prod' retrieved from /opt/airflow/dags/prod/airbyte_to_dbt_prod.py
[2026-08-30T12:14:15.208+0000] {logging_mixin.py:190} INFO - [2026-08-30T12:14:15.207+0000] {dag.py:3239} INFO - Sync 1 DAGs
[2026-08-30T12:14:15.590+0000] {logging_mixin.py:190} INFO - [2026-08-30T12:14:15.589+0000] {dag.py:4180} INFO - Setting next_dagrun for airbyte_to_dbt_pipeline_prod to 2026-08-30 11:00:00+00:00, run_after=2026-08-30 12:00:00+00:00
[2026-08-30T12:14:15.619+0000] {processor.py:208} INFO - Processing /opt/airflow/dags/prod/airbyte_to_dbt_prod.py took 3.680 seconds
[2026-08-30T12:14:45.898+0000] {processor.py:186} INFO - Started process (PID=1774) to work on /opt/airflow/dags/prod/airbyte_to_dbt_prod.py
[2026-08-30T12:14:45.900+0000] {processor.py:914} INFO - Processing file /opt/airflow/dags/prod/airbyte_to_dbt_prod.py for tasks to queue
[2026-08-30T12:14:45.948+0000] {logging_mixin.py:190} INFO - [2026-08-30T12:14:45.946+0000] {dagbag.py:588} INFO - Filling up the DagBag from /opt/airflow/dags/prod/airbyte_to_dbt_prod.py
[2026-08-30T12:14:46.011+0000] {processor.py:925} INFO - DAG(s) 'airbyte_to_dbt_pipeline_prod' retrieved from /opt/airflow/dags/prod/airbyte_to_dbt_prod.py
[2026-08-30T12:14:46.078+0000] {logging_mixin.py:190} INFO - [2026-08-30T12:14:46.078+0000] {dag.py:3239} INFO - Sync 1 DAGs
[2026-08-30T12:14:46.134+0000] {logging_mixin.py:190} INFO - [2026-08-30T12:14:46.134+0000] {dag.py:4180} INFO - Setting next_dagrun for airbyte_to_dbt_pipeline_prod to 2026-08-30 11:00:00+00:00, run_after=2026-08-30 12:00:00+00:00
[2026-08-30T12:14:46.159+0000] {processor.py:208} INFO - Processing /opt/airflow/dags/prod/airbyte_to_dbt_prod.py took 0.323 seconds
[2026-08-30T12:15:16.473+0000] {processor.py:186} INFO - Started process (PID=1784) to work on /opt/airflow/dags/prod/airbyte_to_dbt_prod.py
[2026-08-30T12:15:16.476+0000] {processor.py:914} INFO - Processing file /opt/airflow/dags/prod/airbyte_to_dbt_prod.py for tasks to queue
[2026-08-30T12:15:16.522+0000] {logging_mixin.py:190} INFO - [2026-08-30T12:15:16.521+0000] {dagbag.py:588} INFO - Filling up the DagBag from /opt/airflow/dags/prod/airbyte_to_dbt_prod.py
[2026-08-30T12:15:16.689+0000] {processor.py:925} INFO - DAG(s) 'airbyte_to_dbt_pipeline_prod' retrieved from /opt/airflow/dags/prod/airbyte_to_dbt_prod.py
[2026-08-30T12:15:16.797+0000] {logging_mixin.py:190} INFO - [2026-08-30T12:15:16.797+0000] {dag.py:3239} INFO - Sync 1 DAGs
[2026-08-30T12:15:16.872+0000] {logging_mixin.py:190} INFO - [2026-08-30T12:15:16.872+0000] {dag.py:4180} INFO - Setting next_dagrun for airbyte_to_dbt_pipeline_prod to 2026-08-30 11:00:00+00:00, run_after=2026-08-30 12:00:00+00:00
[2026-08-30T12:15:16.904+0000] {processor.py:208} INFO - Processing /opt/airflow/dags/prod/airbyte_to_dbt_prod.py took 0.512 seconds
[2026-08-30T12:15:47.101+0000] {processor.py:186} INFO - Started process (PID=1796) to work on /opt/airflow/dags/prod/airbyte_to_dbt_prod.py
[2026-08-30T12:15:47.102+0000] {processor.py:914} INFO - Processing file /opt/airflow/dags/prod/airbyte_to_dbt_prod.py for tasks to queue
[2026-08-30T12:15:47.106+0000] {logging_mixin.py:190} INFO - [2026-08-30T12:15:47.106+0000] {dagbag.py:588} INFO - Filling up the DagBag from /opt/airflow/dags/prod/airbyte_to_dbt_prod.py
[2026-08-30T12:15:47.137+0000] {processor.py:925} INFO - DAG(s) 'airbyte_to_dbt_pipeline_prod' retrieved from /opt/airflow/dags/prod/airbyte_to_dbt_prod.py
[2026-08-30T12:15:47.188+0000] {logging_mixin.py:190} INFO - [2026-08-30T12:15:47.188+0000] {dag.py:3239} INFO - Sync 1 DAGs
[2026-08-30T12:15:47.238+0000] {logging_mixin.py:190} INFO - [2026-08-30T12:15:47.238+0000] {dag.py:4180} INFO - Setting next_dagrun for airbyte_to_dbt_pipeline_prod to 2026-08-30 11:00:00+00:00, run_after=2026-08-30 12:00:00+00:00
[2026-08-30T12:15:47.271+0000] {processor.py:208} INFO - Processing /opt/airflow/dags/prod/airbyte_to_dbt_prod.py took 0.182 seconds
[2026-08-30T12:16:17.442+0000] {processor.py:186} INFO - Started process (PID=1806) to work on /opt/airflow/dags/prod/airbyte_to_dbt_prod.py
[2026-08-30T12:16:17.443+0000] {processor.py:914} INFO - Processing file /opt/airflow/dags/prod/airbyte_to_dbt_prod.py for tasks to queue
[2026-08-30T12:16:17.446+0000] {logging_mixin.py:190} INFO - [2026-08-30T12:16:17.445+0000] {dagbag.py:588} INFO - Filling up the DagBag from /opt/airflow/dags/prod/airbyte_to_dbt_prod.py
[2026-08-30T12:16:17.467+0000] {processor.py:925} INFO - DAG(s) 'airbyte_to_dbt_pipeline_prod' retrieved from /opt/airflow/dags/prod/airbyte_to_dbt_prod.py
[2026-08-30T12:16:17.509+0000] {logging_mixin.py:190} INFO - [2026-08-30T12:16:17.509+0000] {dag.py:3239} INFO - Sync 1 DAGs
[2026-08-30T12:16:17.549+0000] {logging_mixin.py:190} INFO - [2026-08-30T12:16:17.548+0000] {dag.py:4180} INFO - Setting next_dagrun for airbyte_to_dbt_pipeline_prod to 2026-08-30 11:00:00+00:00, run_after=2026-08-30 12:00:00+00:00
[2026-08-30T12:16:17.582+0000] {processor.py:208} INFO - Processing /opt/airflow/dags/prod/airbyte_to_dbt_prod.py took 0.149 seconds
[2026-08-30T12:16:47.962+0000] {processor.py:186} INFO - Started process (PID=1814) to work on /opt/airflow/dags/prod/airbyte_to_dbt_prod.py
[2026-08-30T12:16:47.964+0000] {processor.py:914} INFO - Processing file /opt/airflow/dags/prod/airbyte_to_dbt_prod.py for tasks to queue
[2026-08-30T12:16:47.975+0000] {logging_mixin.py:190} INFO - [2026-08-30T12:16:47.975+0000] {dagbag.py:588} INFO - Filling up the DagBag from /opt/airflow/dags/prod/airbyte_to_dbt_prod.py
[2026-08-30T12:16:48.021+0000] {processor.py:925} INFO - DAG(s) 'airbyte_to_dbt_pipeline_prod' retrieved from /opt/airflow/dags/prod/airbyte_to_dbt_prod.py
[2026-08-30T12:16:48.247+0000] {logging_mixin.py:190} INFO - [2026-08-30T12:16:48.247+0000] {dag.py:3239} INFO - Sync 1 DAGs
[2026-08-30T12:16:48.378+0000] {logging_mixin.py:190} INFO - [2026-08-30T12:16:48.378+0000] {dag.py:4180} INFO - Setting next_dagrun for airbyte_to_dbt_pipeline_prod to 2026-08-30 11:00:00+00:00, run_after=2026-08-30 12:00:00+00:00
[2026-08-30T12:16:48.402+0000] {processor.py:208} INFO - Processing /opt/airflow/dags/prod/airbyte_to_dbt_prod.py took 0.457 seconds
[2026-08-30T12:17:18.601+0000] {processor.py:186} INFO - Started process (PID=1826) to work on /opt/airflow/dags/prod/airbyte_to_dbt_prod.py
[2026-08-30T12:17:18.602+0000] {processor.py:914} INFO - Processing file /opt/airflow/dags/prod/airbyte_to_dbt_prod.py for tasks to queue
[2026-08-30T12:17:18.607+0000] {logging_mixin.py:190} INFO - [2026-08-30T12:17:18.606+0000] {dagbag.py:588} INFO - Filling up the DagBag from /opt/airflow/dags/prod/airbyte_to_dbt_prod.py
[2026-08-30T12:17:18.630+0000] {processor.py:925} INFO - DAG(s) 'airbyte_to_dbt_pipeline_prod' retrieved from /opt/airflow/dags/prod/airbyte_to_dbt_prod.py
[2026-08-30T12:17:18.684+0000] {logging_mixin.py:190} INFO - [2026-08-30T12:17:18.683+0000] {dag.py:3239} INFO - Sync 1 DAGs
[2026-08-30T12:17:18.729+0000] {logging_mixin.py:190} INFO - [2026-08-30T12:17:18.728+0000] {dag.py:4180} INFO - Setting next_dagrun for airbyte_to_dbt_pipeline_prod to 2026-08-30 11:00:00+00:00, run_after=2026-08-30 12:00:00+00:00
[2026-08-30T12:17:18.754+0000] {processor.py:208} INFO - Processing /opt/airflow/dags/prod/airbyte_to_dbt_prod.py took 0.162 seconds
[2026-08-30T12:17:48.956+0000] {processor.py:186} INFO - Started process (PID=1836) to work on /opt/airflow/dags/prod/airbyte_to_dbt_prod.py
[2026-08-30T12:17:48.959+0000] {processor.py:914} INFO - Processing file /opt/airflow/dags/prod/airbyte_to_dbt_prod.py for tasks to queue
[2026-08-30T12:17:48.964+0000] {logging_mixin.py:190} INFO - [2026-08-30T12:17:48.963+0000] {dagbag.py:588} INFO - Filling up the DagBag from /opt/airflow/dags/prod/airbyte_to_dbt_prod.py
[2026-08-30T12:17:49.002+0000] {processor.py:925} INFO - DAG(s) 'airbyte_to_dbt_pipeline_prod' retrieved from /opt/airflow/dags/prod/airbyte_to_dbt_prod.py
[2026-08-30T12:17:49.065+0000] {logging_mixin.py:190} INFO - [2026-08-30T12:17:49.065+0000] {dag.py:3239} INFO - Sync 1 DAGs
[2026-08-30T12:17:49.119+0000] {logging_mixin.py:190} INFO - [2026-08-30T12:17:49.119+0000] {dag.py:4180} INFO - Setting next_dagrun for airbyte_to_dbt_pipeline_prod to 2026-08-30 11:00:00+00:00, run_after=2026-08-30 12:00:00+00:00
[2026-08-30T12:17:49.154+0000] {processor.py:208} INFO - Processing /opt/airflow/dags/prod/airbyte_to_dbt_prod.py took 0.208 seconds
[2026-08-30T12:18:19.350+0000] {processor.py:186} INFO - Started process (PID=1846) to work on /opt/airflow/dags/prod/airbyte_to_dbt_prod.py
[2026-08-30T12:18:19.354+0000] {processor.py:914} INFO - Processing file /opt/airflow/dags/prod/airbyte_to_dbt_prod.py for tasks to queue
[2026-08-30T12:18:19.359+0000] {logging_mixin.py:190} INFO - [2026-08-30T12:18:19.358+0000] {dagbag.py:588} INFO - Filling up the DagBag from /opt/airflow/dags/prod/airbyte_to_dbt_prod.py
[2026-08-30T12:18:19.402+0000] {processor.py:925} INFO - DAG(s) 'airbyte_to_dbt_pipeline_prod' retrieved from /opt/airflow/dags/prod/airbyte_to_dbt_prod.py
[2026-08-30T12:18:19.477+0000] {logging_mixin.py:190} INFO - [2026-08-30T12:18:19.477+0000] {dag.py:3239} INFO - Sync 1 DAGs
[2026-08-30T12:18:19.524+0000] {logging_mixin.py:190} INFO - [2026-08-30T12:18:19.523+0000] {dag.py:4180} INFO - Setting next_dagrun for airbyte_to_dbt_pipeline_prod to 2026-08-30 11:00:00+00:00, run_after=2026-08-30 12:00:00+00:00
[2026-08-30T12:18:19.554+0000] {processor.py:208} INFO - Processing /opt/airflow/dags/prod/airbyte_to_dbt_prod.py took 0.233 seconds
[2026-08-30T12:18:49.724+0000] {processor.py:186} INFO - Started process (PID=1856) to work on /opt/airflow/dags/prod/airbyte_to_dbt_prod.py
[2026-08-30T12:18:49.725+0000] {processor.py:914} INFO - Processing file /opt/airflow/dags/prod/airbyte_to_dbt_prod.py for tasks to queue
[2026-08-30T12:18:49.728+0000] {logging_mixin.py:190} INFO - [2026-08-30T12:18:49.728+0000] {dagbag.py:588} INFO - Filling up the DagBag from /opt/airflow/dags/prod/airbyte_to_dbt_prod.py
[2026-08-30T12:18:49.754+0000] {processor.py:925} INFO - DAG(s) 'airbyte_to_dbt_pipeline_prod' retrieved from /opt/airflow/dags/prod/airbyte_to_dbt_prod.py
[2026-08-30T12:18:49.793+0000] {logging_mixin.py:190} INFO - [2026-08-30T12:18:49.793+0000] {dag.py:3239} INFO - Sync 1 DAGs
[2026-08-30T12:18:49.824+0000] {logging_mixin.py:190} INFO - [2026-08-30T12:18:49.824+0000] {dag.py:4180} INFO - Setting next_dagrun for airbyte_to_dbt_pipeline_prod to 2026-08-30 11:00:00+00:00, run_after=2026-08-30 12:00:00+00:00
[2026-08-30T12:18:49.850+0000] {processor.py:208} INFO - Processing /opt/airflow/dags/prod/airbyte_to_dbt_prod.py took 0.136 seconds
[2026-08-30T12:19:20.033+0000] {processor.py:186} INFO - Started process (PID=1866) to work on /opt/airflow/dags/prod/airbyte_to_dbt_prod.py
[2026-08-30T12:19:20.034+0000] {processor.py:914} INFO - Processing file /opt/airflow/dags/prod/airbyte_to_dbt_prod.py for tasks to queue
[2026-08-30T12:19:20.038+0000] {logging_mixin.py:190} INFO - [2026-08-30T12:19:20.038+0000] {dagbag.py:588} INFO - Filling up the DagBag from /opt/airflow/dags/prod/airbyte_to_dbt_prod.py
[2026-08-30T12:19:20.069+0000] {processor.py:925} INFO - DAG(s) 'airbyte_to_dbt_pipeline_prod' retrieved from /opt/airflow/dags/prod/airbyte_to_dbt_prod.py
[2026-08-30T12:19:20.126+0000] {logging_mixin.py:190} INFO - [2026-08-30T12:19:20.126+0000] {dag.py:3239} INFO - Sync 1 DAGs
[2026-08-30T12:19:20.155+0000] {logging_mixin.py:190} INFO - [2026-08-30T12:19:20.155+0000] {dag.py:4180} INFO - Setting next_dagrun for airbyte_to_dbt_pipeline_prod to 2026-08-30 11:00:00+00:00, run_after=2026-08-30 12:00:00+00:00
[2026-08-30T12:19:20.184+0000] {processor.py:208} INFO - Processing /opt/airflow/dags/prod/airbyte_to_dbt_prod.py took 0.163 seconds
[2026-08-30T12:19:50.357+0000] {processor.py:186} INFO - Started process (PID=1876) to work on /opt/airflow/dags/prod/airbyte_to_dbt_prod.py
[2026-08-30T12:19:50.359+0000] {processor.py:914} INFO - Processing file /opt/airflow/dags/prod/airbyte_to_dbt_prod.py for tasks to queue
[2026-08-30T12:19:50.363+0000] {logging_mixin.py:190} INFO - [2026-08-30T12:19:50.362+0000] {dagbag.py:588} INFO - Filling up the DagBag from /opt/airflow/dags/prod/airbyte_to_dbt_prod.py
[2026-08-30T12:19:50.392+0000] {processor.py:925} INFO - DAG(s) 'airbyte_to_dbt_pipeline_prod' retrieved from /opt/airflow/dags/prod/airbyte_to_dbt_prod.py
[2026-08-30T12:19:50.433+0000] {logging_mixin.py:190} INFO - [2026-08-30T12:19:50.433+0000] {dag.py:3239} INFO - Sync 1 DAGs
[2026-08-30T12:19:50.467+0000] {logging_mixin.py:190} INFO - [2026-08-30T12:19:50.467+0000] {dag.py:4180} INFO - Setting next_dagrun for airbyte_to_dbt_pipeline_prod to 2026-08-30 11:00:00+00:00, run_after=2026-08-30 12:00:00+00:00
[2026-08-30T12:19:50.491+0000] {processor.py:208} INFO - Processing /opt/airflow/dags/prod/airbyte_to_dbt_prod.py took 0.145 seconds
[2026-08-30T12:20:20.695+0000] {processor.py:186} INFO - Started process (PID=1886) to work on /opt/airflow/dags/prod/airbyte_to_dbt_prod.py
[2026-08-30T12:20:20.698+0000] {processor.py:914} INFO - Processing file /opt/airflow/dags/prod/airbyte_to_dbt_prod.py for tasks to queue
[2026-08-30T12:20:20.703+0000] {logging_mixin.py:190} INFO - [2026-08-30T12:20:20.702+0000] {dagbag.py:588} INFO - Filling up the DagBag from /opt/airflow/dags/prod/airbyte_to_dbt_prod.py
[2026-08-30T12:20:20.742+0000] {processor.py:925} INFO - DAG(s) 'airbyte_to_dbt_pipeline_prod' retrieved from /opt/airflow/dags/prod/airbyte_to_dbt_prod.py
[2026-08-30T12:20:20.812+0000] {logging_mixin.py:190} INFO - [2026-08-30T12:20:20.811+0000] {dag.py:3239} INFO - Sync 1 DAGs
[2026-08-30T12:20:20.886+0000] {logging_mixin.py:190} INFO - [2026-08-30T12:20:20.885+0000] {dag.py:4180} INFO - Setting next_dagrun for airbyte_to_dbt_pipeline_prod to 2026-08-30 11:00:00+00:00, run_after=2026-08-30 12:00:00+00:00
[2026-08-30T12:20:20.943+0000] {processor.py:208} INFO - Processing /opt/airflow/dags/prod/airbyte_to_dbt_prod.py took 0.263 seconds
[2026-08-30T12:20:51.088+0000] {processor.py:186} INFO - Started process (PID=1896) to work on /opt/airflow/dags/prod/airbyte_to_dbt_prod.py
[2026-08-30T12:20:51.089+0000] {processor.py:914} INFO - Processing file /opt/airflow/dags/prod/airbyte_to_dbt_prod.py for tasks to queue
[2026-08-30T12:20:51.093+0000] {logging_mixin.py:190} INFO - [2026-08-30T12:20:51.092+0000] {dagbag.py:588} INFO - Filling up the DagBag from /opt/airflow/dags/prod/airbyte_to_dbt_prod.py
[2026-08-30T12:20:51.116+0000] {processor.py:925} INFO - DAG(s) 'airbyte_to_dbt_pipeline_prod' retrieved from /opt/airflow/dags/prod/airbyte_to_dbt_prod.py
[2026-08-30T12:20:51.170+0000] {logging_mixin.py:190} INFO - [2026-08-30T12:20:51.170+0000] {dag.py:3239} INFO - Sync 1 DAGs
[2026-08-30T12:20:51.206+0000] {logging_mixin.py:190} INFO - [2026-08-30T12:20:51.205+0000] {dag.py:4180} INFO - Setting next_dagrun for airbyte_to_dbt_pipeline_prod to 2026-08-30 11:00:00+00:00, run_after=2026-08-30 12:00:00+00:00
[2026-08-30T12:20:51.229+0000] {processor.py:208} INFO - Processing /opt/airflow/dags/prod/airbyte_to_dbt_prod.py took 0.150 seconds
[2026-08-30T12:21:21.388+0000] {processor.py:186} INFO - Started process (PID=1906) to work on /opt/airflow/dags/prod/airbyte_to_dbt_prod.py
[2026-08-30T12:21:21.389+0000] {processor.py:914} INFO - Processing file /opt/airflow/dags/prod/airbyte_to_dbt_prod.py for tasks to queue
[2026-08-30T12:21:21.393+0000] {logging_mixin.py:190} INFO - [2026-08-30T12:21:21.392+0000] {dagbag.py:588} INFO - Filling up the DagBag from /opt/airflow/dags/prod/airbyte_to_dbt_prod.py
[2026-08-30T12:21:21.414+0000] {processor.py:925} INFO - DAG(s) 'airbyte_to_dbt_pipeline_prod' retrieved from /opt/airflow/dags/prod/airbyte_to_dbt_prod.py
[2026-08-30T12:21:21.465+0000] {logging_mixin.py:190} INFO - [2026-08-30T12:21:21.464+0000] {dag.py:3239} INFO - Sync 1 DAGs
[2026-08-30T12:21:21.502+0000] {logging_mixin.py:190} INFO - [2026-08-30T12:21:21.502+0000] {dag.py:4180} INFO - Setting next_dagrun for airbyte_to_dbt_pipeline_prod to 2026-08-30 11:00:00+00:00, run_after=2026-08-30 12:00:00+00:00
[2026-08-30T12:21:21.527+0000] {processor.py:208} INFO - Processing /opt/airflow/dags/prod/airbyte_to_dbt_prod.py took 0.149 seconds
[2026-08-30T12:21:51.696+0000] {processor.py:186} INFO - Started process (PID=1916) to work on /opt/airflow/dags/prod/airbyte_to_dbt_prod.py
[2026-08-30T12:21:51.697+0000] {processor.py:914} INFO - Processing file /opt/airflow/dags/prod/airbyte_to_dbt_prod.py for tasks to queue
[2026-08-30T12:21:51.701+0000] {logging_mixin.py:190} INFO - [2026-08-30T12:21:51.701+0000] {dagbag.py:588} INFO - Filling up the DagBag from /opt/airflow/dags/prod/airbyte_to_dbt_prod.py
[2026-08-30T12:21:51.730+0000] {processor.py:925} INFO - DAG(s) 'airbyte_to_dbt_pipeline_prod' retrieved from /opt/airflow/dags/prod/airbyte_to_dbt_prod.py
[2026-08-30T12:21:51.773+0000] {logging_mixin.py:190} INFO - [2026-08-30T12:21:51.773+0000] {dag.py:3239} INFO - Sync 1 DAGs
[2026-08-30T12:21:51.803+0000] {logging_mixin.py:190} INFO - [2026-08-30T12:21:51.803+0000] {dag.py:4180} INFO - Setting next_dagrun for airbyte_to_dbt_pipeline_prod to 2026-08-30 11:00:00+00:00, run_after=2026-08-30 12:00:00+00:00
[2026-08-30T12:21:51.828+0000] {processor.py:208} INFO - Processing /opt/airflow/dags/prod/airbyte_to_dbt_prod.py took 0.143 seconds
[2026-08-30T12:22:22.007+0000] {processor.py:186} INFO - Started process (PID=1926) to work on /opt/airflow/dags/prod/airbyte_to_dbt_prod.py
[2026-08-30T12:22:22.009+0000] {processor.py:914} INFO - Processing file /opt/airflow/dags/prod/airbyte_to_dbt_prod.py for tasks to queue
[2026-08-30T12:22:22.013+0000] {logging_mixin.py:190} INFO - [2026-08-30T12:22:22.012+0000] {dagbag.py:588} INFO - Filling up the DagBag from /opt/airflow/dags/prod/airbyte_to_dbt_prod.py
[2026-08-30T12:22:22.038+0000] {processor.py:925} INFO - DAG(s) 'airbyte_to_dbt_pipeline_prod' retrieved from /opt/airflow/dags/prod/airbyte_to_dbt_prod.py
[2026-08-30T12:22:22.100+0000] {logging_mixin.py:190} INFO - [2026-08-30T12:22:22.100+0000] {dag.py:3239} INFO - Sync 1 DAGs
[2026-08-30T12:22:22.143+0000] {logging_mixin.py:190} INFO - [2026-08-30T12:22:22.143+0000] {dag.py:4180} INFO - Setting next_dagrun for airbyte_to_dbt_pipeline_prod to 2026-08-30 11:00:00+00:00, run_after=2026-08-30 12:00:00+00:00
[2026-08-30T12:22:22.171+0000] {processor.py:208} INFO - Processing /opt/airflow/dags/prod/airbyte_to_dbt_prod.py took 0.176 seconds
[2026-08-30T12:22:52.337+0000] {processor.py:186} INFO - Started process (PID=1936) to work on /opt/airflow/dags/prod/airbyte_to_dbt_prod.py
[2026-08-30T12:22:52.338+0000] {processor.py:914} INFO - Processing file /opt/airflow/dags/prod/airbyte_to_dbt_prod.py for tasks to queue
[2026-08-30T12:22:52.341+0000] {logging_mixin.py:190} INFO - [2026-08-30T12:22:52.341+0000] {dagbag.py:588} INFO - Filling up the DagBag from /opt/airflow/dags/prod/airbyte_to_dbt_prod.py
[2026-08-30T12:22:52.365+0000] {processor.py:925} INFO - DAG(s) 'airbyte_to_dbt_pipeline_prod' retrieved from /opt/airflow/dags/prod/airbyte_to_dbt_prod.py
[2026-08-30T12:22:52.408+0000] {logging_mixin.py:190} INFO - [2026-08-30T12:22:52.408+0000] {dag.py:3239} INFO - Sync 1 DAGs
[2026-08-30T12:22:52.443+0000] {logging_mixin.py:190} INFO - [2026-08-30T12:22:52.443+0000] {dag.py:4180} INFO - Setting next_dagrun for airbyte_to_dbt_pipeline_prod to 2026-08-30 11:00:00+00:00, run_after=2026-08-30 12:00:00+00:00
[2026-08-30T12:22:52.466+0000] {processor.py:208} INFO - Processing /opt/airflow/dags/prod/airbyte_to_dbt_prod.py took 0.139 seconds
[2026-08-30T12:23:22.671+0000] {processor.py:186} INFO - Started process (PID=1946) to work on /opt/airflow/dags/prod/airbyte_to_dbt_prod.py
[2026-08-30T12:23:22.673+0000] {processor.py:914} INFO - Processing file /opt/airflow/dags/prod/airbyte_to_dbt_prod.py for tasks to queue
[2026-08-30T12:23:22.678+0000] {logging_mixin.py:190} INFO - [2026-08-30T12:23:22.677+0000] {dagbag.py:588} INFO - Filling up the DagBag from /opt/airflow/dags/prod/airbyte_to_dbt_prod.py
[2026-08-30T12:23:22.705+0000] {processor.py:925} INFO - DAG(s) 'airbyte_to_dbt_pipeline_prod' retrieved from /opt/airflow/dags/prod/airbyte_to_dbt_prod.py
[2026-08-30T12:23:22.763+0000] {logging_mixin.py:190} INFO - [2026-08-30T12:23:22.763+0000] {dag.py:3239} INFO - Sync 1 DAGs
[2026-08-30T12:23:22.808+0000] {logging_mixin.py:190} INFO - [2026-08-30T12:23:22.808+0000] {dag.py:4180} INFO - Setting next_dagrun for airbyte_to_dbt_pipeline_prod to 2026-08-30 11:00:00+00:00, run_after=2026-08-30 12:00:00+00:00
[2026-08-30T12:23:22.842+0000] {processor.py:208} INFO - Processing /opt/airflow/dags/prod/airbyte_to_dbt_prod.py took 0.182 seconds
[2026-08-30T12:23:53.033+0000] {processor.py:186} INFO - Started process (PID=1956) to work on /opt/airflow/dags/prod/airbyte_to_dbt_prod.py
[2026-08-30T12:23:53.034+0000] {processor.py:914} INFO - Processing file /opt/airflow/dags/prod/airbyte_to_dbt_prod.py for tasks to queue
[2026-08-30T12:23:53.039+0000] {logging_mixin.py:190} INFO - [2026-08-30T12:23:53.038+0000] {dagbag.py:588} INFO - Filling up the DagBag from /opt/airflow/dags/prod/airbyte_to_dbt_prod.py
[2026-08-30T12:23:53.069+0000] {processor.py:925} INFO - DAG(s) 'airbyte_to_dbt_pipeline_prod' retrieved from /opt/airflow/dags/prod/airbyte_to_dbt_prod.py
[2026-08-30T12:23:53.115+0000] {logging_mixin.py:190} INFO - [2026-08-30T12:23:53.115+0000] {dag.py:3239} INFO - Sync 1 DAGs
[2026-08-30T12:23:53.155+0000] {logging_mixin.py:190} INFO - [2026-08-30T12:23:53.155+0000] {dag.py:4180} INFO - Setting next_dagrun for airbyte_to_dbt_pipeline_prod to 2026-08-30 11:00:00+00:00, run_after=2026-08-30 12:00:00+00:00
[2026-08-30T12:23:53.178+0000] {processor.py:208} INFO - Processing /opt/airflow/dags/prod/airbyte_to_dbt_prod.py took 0.156 seconds
[2026-08-30T12:24:23.374+0000] {processor.py:186} INFO - Started process (PID=1966) to work on /opt/airflow/dags/prod/airbyte_to_dbt_prod.py
[2026-08-30T12:24:23.375+0000] {processor.py:914} INFO - Processing file /opt/airflow/dags/prod/airbyte_to_dbt_prod.py for tasks to queue
[2026-08-30T12:24:23.382+0000] {logging_mixin.py:190} INFO - [2026-08-30T12:24:23.381+0000] {dagbag.py:588} INFO - Filling up the DagBag from /opt/airflow/dags/prod/airbyte_to_dbt_prod.py
[2026-08-30T12:24:23.425+0000] {processor.py:925} INFO - DAG(s) 'airbyte_to_dbt_pipeline_prod' retrieved from /opt/airflow/dags/prod/airbyte_to_dbt_prod.py
[2026-08-30T12:24:23.487+0000] {logging_mixin.py:190} INFO - [2026-08-30T12:24:23.487+0000] {dag.py:3239} INFO - Sync 1 DAGs
[2026-08-30T12:24:23.532+0000] {logging_mixin.py:190} INFO - [2026-08-30T12:24:23.532+0000] {dag.py:4180} INFO - Setting next_dagrun for airbyte_to_dbt_pipeline_prod to 2026-08-30 11:00:00+00:00, run_after=2026-08-30 12:00:00+00:00
[2026-08-30T12:24:23.565+0000] {processor.py:208} INFO - Processing /opt/airflow/dags/prod/airbyte_to_dbt_prod.py took 0.204 seconds
[2026-08-30T12:24:53.791+0000] {processor.py:186} INFO - Started process (PID=1976) to work on /opt/airflow/dags/prod/airbyte_to_dbt_prod.py
[2026-08-30T12:24:53.798+0000] {processor.py:914} INFO - Processing file /opt/airflow/dags/prod/airbyte_to_dbt_prod.py for tasks to queue
[2026-08-30T12:24:53.808+0000] {logging_mixin.py:190} INFO - [2026-08-30T12:24:53.807+0000] {dagbag.py:588} INFO - Filling up the DagBag from /opt/airflow/dags/prod/airbyte_to_dbt_prod.py
[2026-08-30T12:24:53.886+0000] {processor.py:925} INFO - DAG(s) 'airbyte_to_dbt_pipeline_prod' retrieved from /opt/airflow/dags/prod/airbyte_to_dbt_prod.py
[2026-08-30T12:24:53.998+0000] {logging_mixin.py:190} INFO - [2026-08-30T12:24:53.998+0000] {dag.py:3239} INFO - Sync 1 DAGs
[2026-08-30T12:24:54.053+0000] {logging_mixin.py:190} INFO - [2026-08-30T12:24:54.052+0000] {dag.py:4180} INFO - Setting next_dagrun for airbyte_to_dbt_pipeline_prod to 2026-08-30 11:00:00+00:00, run_after=2026-08-30 12:00:00+00:00
[2026-08-30T12:24:54.087+0000] {processor.py:208} INFO - Processing /opt/airflow/dags/prod/airbyte_to_dbt_prod.py took 0.313 seconds
[2026-08-30T12:25:24.287+0000] {processor.py:186} INFO - Started process (PID=1986) to work on /opt/airflow/dags/prod/airbyte_to_dbt_prod.py
[2026-08-30T12:25:24.289+0000] {processor.py:914} INFO - Processing file /opt/airflow/dags/prod/airbyte_to_dbt_prod.py for tasks to queue
[2026-08-30T12:25:24.293+0000] {logging_mixin.py:190} INFO - [2026-08-30T12:25:24.292+0000] {dagbag.py:588} INFO - Filling up the DagBag from /opt/airflow/dags/prod/airbyte_to_dbt_prod.py
[2026-08-30T12:25:24.405+0000] {processor.py:925} INFO - DAG(s) 'airbyte_to_dbt_pipeline_prod' retrieved from /opt/airflow/dags/prod/airbyte_to_dbt_prod.py
[2026-08-30T12:25:24.470+0000] {logging_mixin.py:190} INFO - [2026-08-30T12:25:24.469+0000] {dag.py:3239} INFO - Sync 1 DAGs
[2026-08-30T12:25:24.522+0000] {logging_mixin.py:190} INFO - [2026-08-30T12:25:24.521+0000] {dag.py:4180} INFO - Setting next_dagrun for airbyte_to_dbt_pipeline_prod to 2026-08-30 11:00:00+00:00, run_after=2026-08-30 12:00:00+00:00
[2026-08-30T12:25:24.560+0000] {processor.py:208} INFO - Processing /opt/airflow/dags/prod/airbyte_to_dbt_prod.py took 0.291 seconds
[2026-08-30T12:25:54.740+0000] {processor.py:186} INFO - Started process (PID=1996) to work on /opt/airflow/dags/prod/airbyte_to_dbt_prod.py
[2026-08-30T12:25:54.742+0000] {processor.py:914} INFO - Processing file /opt/airflow/dags/prod/airbyte_to_dbt_prod.py for tasks to queue
[2026-08-30T12:25:54.747+0000] {logging_mixin.py:190} INFO - [2026-08-30T12:25:54.746+0000] {dagbag.py:588} INFO - Filling up the DagBag from /opt/airflow/dags/prod/airbyte_to_dbt_prod.py
[2026-08-30T12:25:54.778+0000] {processor.py:925} INFO - DAG(s) 'airbyte_to_dbt_pipeline_prod' retrieved from /opt/airflow/dags/prod/airbyte_to_dbt_prod.py
[2026-08-30T12:25:54.820+0000] {logging_mixin.py:190} INFO - [2026-08-30T12:25:54.819+0000] {dag.py:3239} INFO - Sync 1 DAGs
[2026-08-30T12:25:54.857+0000] {logging_mixin.py:190} INFO - [2026-08-30T12:25:54.857+0000] {dag.py:4180} INFO - Setting next_dagrun for airbyte_to_dbt_pipeline_prod to 2026-08-30 11:00:00+00:00, run_after=2026-08-30 12:00:00+00:00
[2026-08-30T12:25:54.881+0000] {processor.py:208} INFO - Processing /opt/airflow/dags/prod/airbyte_to_dbt_prod.py took 0.153 seconds
[2026-08-30T12:26:25.043+0000] {processor.py:186} INFO - Started process (PID=2006) to work on /opt/airflow/dags/prod/airbyte_to_dbt_prod.py
[2026-08-30T12:26:25.044+0000] {processor.py:914} INFO - Processing file /opt/airflow/dags/prod/airbyte_to_dbt_prod.py for tasks to queue
[2026-08-30T12:26:25.049+0000] {logging_mixin.py:190} INFO - [2026-08-30T12:26:25.048+0000] {dagbag.py:588} INFO - Filling up the DagBag from /opt/airflow/dags/prod/airbyte_to_dbt_prod.py
[2026-08-30T12:26:25.083+0000] {processor.py:925} INFO - DAG(s) 'airbyte_to_dbt_pipeline_prod' retrieved from /opt/airflow/dags/prod/airbyte_to_dbt_prod.py
[2026-08-30T12:26:25.141+0000] {logging_mixin.py:190} INFO - [2026-08-30T12:26:25.140+0000] {dag.py:3239} INFO - Sync 1 DAGs
[2026-08-30T12:26:25.180+0000] {logging_mixin.py:190} INFO - [2026-08-30T12:26:25.180+0000] {dag.py:4180} INFO - Setting next_dagrun for airbyte_to_dbt_pipeline_prod to 2026-08-30 11:00:00+00:00, run_after=2026-08-30 12:00:00+00:00
[2026-08-30T12:26:25.206+0000] {processor.py:208} INFO - Processing /opt/airflow/dags/prod/airbyte_to_dbt_prod.py took 0.172 seconds
[2026-08-30T12:26:55.382+0000] {processor.py:186} INFO - Started process (PID=2016) to work on /opt/airflow/dags/prod/airbyte_to_dbt_prod.py
[2026-08-30T12:26:55.384+0000] {processor.py:914} INFO - Processing file /opt/airflow/dags/prod/airbyte_to_dbt_prod.py for tasks to queue
[2026-08-30T12:26:55.387+0000] {logging_mixin.py:190} INFO - [2026-08-30T12:26:55.387+0000] {dagbag.py:588} INFO - Filling up the DagBag from /opt/airflow/dags/prod/airbyte_to_dbt_prod.py
[2026-08-30T12:26:55.412+0000] {processor.py:925} INFO - DAG(s) 'airbyte_to_dbt_pipeline_prod' retrieved from /opt/airflow/dags/prod/airbyte_to_dbt_prod.py
[2026-08-30T12:26:55.489+0000] {logging_mixin.py:190} INFO - [2026-08-30T12:26:55.488+0000] {dag.py:3239} INFO - Sync 1 DAGs
[2026-08-30T12:26:55.534+0000] {logging_mixin.py:190} INFO - [2026-08-30T12:26:55.534+0000] {dag.py:4180} INFO - Setting next_dagrun for airbyte_to_dbt_pipeline_prod to 2026-08-30 11:00:00+00:00, run_after=2026-08-30 12:00:00+00:00
[2026-08-30T12:26:55.561+0000] {processor.py:208} INFO - Processing /opt/airflow/dags/prod/airbyte_to_dbt_prod.py took 0.189 seconds
[2026-08-30T12:27:25.768+0000] {processor.py:186} INFO - Started process (PID=2026) to work on /opt/airflow/dags/prod/airbyte_to_dbt_prod.py
[2026-08-30T12:27:25.769+0000] {processor.py:914} INFO - Processing file /opt/airflow/dags/prod/airbyte_to_dbt_prod.py for tasks to queue
[2026-08-30T12:27:25.773+0000] {logging_mixin.py:190} INFO - [2026-08-30T12:27:25.772+0000] {dagbag.py:588} INFO - Filling up the DagBag from /opt/airflow/dags/prod/airbyte_to_dbt_prod.py
[2026-08-30T12:27:25.803+0000] {processor.py:925} INFO - DAG(s) 'airbyte_to_dbt_pipeline_prod' retrieved from /opt/airflow/dags/prod/airbyte_to_dbt_prod.py
[2026-08-30T12:27:25.876+0000] {logging_mixin.py:190} INFO - [2026-08-30T12:27:25.876+0000] {dag.py:3239} INFO - Sync 1 DAGs
[2026-08-30T12:27:25.922+0000] {logging_mixin.py:190} INFO - [2026-08-30T12:27:25.921+0000] {dag.py:4180} INFO - Setting next_dagrun for airbyte_to_dbt_pipeline_prod to 2026-08-30 11:00:00+00:00, run_after=2026-08-30 12:00:00+00:00
[2026-08-30T12:27:25.948+0000] {processor.py:208} INFO - Processing /opt/airflow/dags/prod/airbyte_to_dbt_prod.py took 0.189 seconds
[2026-08-30T12:27:56.121+0000] {processor.py:186} INFO - Started process (PID=2036) to work on /opt/airflow/dags/prod/airbyte_to_dbt_prod.py
[2026-08-30T12:27:56.123+0000] {processor.py:914} INFO - Processing file /opt/airflow/dags/prod/airbyte_to_dbt_prod.py for tasks to queue
[2026-08-30T12:27:56.127+0000] {logging_mixin.py:190} INFO - [2026-08-30T12:27:56.126+0000] {dagbag.py:588} INFO - Filling up the DagBag from /opt/airflow/dags/prod/airbyte_to_dbt_prod.py
[2026-08-30T12:27:56.158+0000] {processor.py:925} INFO - DAG(s) 'airbyte_to_dbt_pipeline_prod' retrieved from /opt/airflow/dags/prod/airbyte_to_dbt_prod.py
[2026-08-30T12:27:56.242+0000] {logging_mixin.py:190} INFO - [2026-08-30T12:27:56.241+0000] {dag.py:3239} INFO - Sync 1 DAGs
[2026-08-30T12:27:56.306+0000] {logging_mixin.py:190} INFO - [2026-08-30T12:27:56.306+0000] {dag.py:4180} INFO - Setting next_dagrun for airbyte_to_dbt_pipeline_prod to 2026-08-30 11:00:00+00:00, run_after=2026-08-30 12:00:00+00:00
[2026-08-30T12:27:56.344+0000] {processor.py:208} INFO - Processing /opt/airflow/dags/prod/airbyte_to_dbt_prod.py took 0.240 seconds
[2026-08-30T12:28:26.547+0000] {processor.py:186} INFO - Started process (PID=2046) to work on /opt/airflow/dags/prod/airbyte_to_dbt_prod.py
[2026-08-30T12:28:26.548+0000] {processor.py:914} INFO - Processing file /opt/airflow/dags/prod/airbyte_to_dbt_prod.py for tasks to queue
[2026-08-30T12:28:26.551+0000] {logging_mixin.py:190} INFO - [2026-08-30T12:28:26.551+0000] {dagbag.py:588} INFO - Filling up the DagBag from /opt/airflow/dags/prod/airbyte_to_dbt_prod.py
[2026-08-30T12:28:26.573+0000] {processor.py:925} INFO - DAG(s) 'airbyte_to_dbt_pipeline_prod' retrieved from /opt/airflow/dags/prod/airbyte_to_dbt_prod.py
[2026-08-30T12:28:26.612+0000] {logging_mixin.py:190} INFO - [2026-08-30T12:28:26.611+0000] {dag.py:3239} INFO - Sync 1 DAGs
[2026-08-30T12:28:26.648+0000] {logging_mixin.py:190} INFO - [2026-08-30T12:28:26.648+0000] {dag.py:4180} INFO - Setting next_dagrun for airbyte_to_dbt_pipeline_prod to 2026-08-30 11:00:00+00:00, run_after=2026-08-30 12:00:00+00:00
[2026-08-30T12:28:26.672+0000] {processor.py:208} INFO - Processing /opt/airflow/dags/prod/airbyte_to_dbt_prod.py took 0.135 seconds
[2026-08-30T12:28:56.886+0000] {processor.py:186} INFO - Started process (PID=2056) to work on /opt/airflow/dags/prod/airbyte_to_dbt_prod.py
[2026-08-30T12:28:56.887+0000] {processor.py:914} INFO - Processing file /opt/airflow/dags/prod/airbyte_to_dbt_prod.py for tasks to queue
[2026-08-30T12:28:56.891+0000] {logging_mixin.py:190} INFO - [2026-08-30T12:28:56.890+0000] {dagbag.py:588} INFO - Filling up the DagBag from /opt/airflow/dags/prod/airbyte_to_dbt_prod.py
[2026-08-30T12:28:56.918+0000] {processor.py:925} INFO - DAG(s) 'airbyte_to_dbt_pipeline_prod' retrieved from /opt/airflow/dags/prod/airbyte_to_dbt_prod.py
[2026-08-30T12:28:56.964+0000] {logging_mixin.py:190} INFO - [2026-08-30T12:28:56.964+0000] {dag.py:3239} INFO - Sync 1 DAGs
[2026-08-30T12:28:57.004+0000] {logging_mixin.py:190} INFO - [2026-08-30T12:28:57.004+0000] {dag.py:4180} INFO - Setting next_dagrun for airbyte_to_dbt_pipeline_prod to 2026-08-30 11:00:00+00:00, run_after=2026-08-30 12:00:00+00:00
[2026-08-30T12:28:57.034+0000] {processor.py:208} INFO - Processing /opt/airflow/dags/prod/airbyte_to_dbt_prod.py took 0.159 seconds
[2026-08-30T12:29:27.260+0000] {processor.py:186} INFO - Started process (PID=2066) to work on /opt/airflow/dags/prod/airbyte_to_dbt_prod.py
[2026-08-30T12:29:27.262+0000] {processor.py:914} INFO - Processing file /opt/airflow/dags/prod/airbyte_to_dbt_prod.py for tasks to queue
[2026-08-30T12:29:27.268+0000] {logging_mixin.py:190} INFO - [2026-08-30T12:29:27.268+0000] {dagbag.py:588} INFO - Filling up the DagBag from /opt/airflow/dags/prod/airbyte_to_dbt_prod.py
[2026-08-30T12:29:27.330+0000] {processor.py:925} INFO - DAG(s) 'airbyte_to_dbt_pipeline_prod' retrieved from /opt/airflow/dags/prod/airbyte_to_dbt_prod.py
[2026-08-30T12:29:27.423+0000] {logging_mixin.py:190} INFO - [2026-08-30T12:29:27.422+0000] {dag.py:3239} INFO - Sync 1 DAGs
[2026-08-30T12:29:27.475+0000] {logging_mixin.py:190} INFO - [2026-08-30T12:29:27.474+0000] {dag.py:4180} INFO - Setting next_dagrun for airbyte_to_dbt_pipeline_prod to 2026-08-30 11:00:00+00:00, run_after=2026-08-30 12:00:00+00:00
[2026-08-30T12:29:27.503+0000] {processor.py:208} INFO - Processing /opt/airflow/dags/prod/airbyte_to_dbt_prod.py took 0.270 seconds
[2026-08-30T12:29:57.678+0000] {processor.py:186} INFO - Started process (PID=2076) to work on /opt/airflow/dags/prod/airbyte_to_dbt_prod.py
[2026-08-30T12:29:57.679+0000] {processor.py:914} INFO - Processing file /opt/airflow/dags/prod/airbyte_to_dbt_prod.py for tasks to queue
[2026-08-30T12:29:57.683+0000] {logging_mixin.py:190} INFO - [2026-08-30T12:29:57.683+0000] {dagbag.py:588} INFO - Filling up the DagBag from /opt/airflow/dags/prod/airbyte_to_dbt_prod.py
[2026-08-30T12:29:57.711+0000] {processor.py:925} INFO - DAG(s) 'airbyte_to_dbt_pipeline_prod' retrieved from /opt/airflow/dags/prod/airbyte_to_dbt_prod.py
[2026-08-30T12:29:57.766+0000] {logging_mixin.py:190} INFO - [2026-08-30T12:29:57.766+0000] {dag.py:3239} INFO - Sync 1 DAGs
[2026-08-30T12:29:57.808+0000] {logging_mixin.py:190} INFO - [2026-08-30T12:29:57.807+0000] {dag.py:4180} INFO - Setting next_dagrun for airbyte_to_dbt_pipeline_prod to 2026-08-30 11:00:00+00:00, run_after=2026-08-30 12:00:00+00:00
[2026-08-30T12:29:57.839+0000] {processor.py:208} INFO - Processing /opt/airflow/dags/prod/airbyte_to_dbt_prod.py took 0.173 seconds
[2026-08-30T12:30:28.036+0000] {processor.py:186} INFO - Started process (PID=2086) to work on /opt/airflow/dags/prod/airbyte_to_dbt_prod.py
[2026-08-30T12:30:28.036+0000] {processor.py:914} INFO - Processing file /opt/airflow/dags/prod/airbyte_to_dbt_prod.py for tasks to queue
[2026-08-30T12:30:28.040+0000] {logging_mixin.py:190} INFO - [2026-08-30T12:30:28.039+0000] {dagbag.py:588} INFO - Filling up the DagBag from /opt/airflow/dags/prod/airbyte_to_dbt_prod.py
[2026-08-30T12:30:28.062+0000] {processor.py:925} INFO - DAG(s) 'airbyte_to_dbt_pipeline_prod' retrieved from /opt/airflow/dags/prod/airbyte_to_dbt_prod.py
[2026-08-30T12:30:28.116+0000] {logging_mixin.py:190} INFO - [2026-08-30T12:30:28.115+0000] {dag.py:3239} INFO - Sync 1 DAGs
[2026-08-30T12:30:28.144+0000] {logging_mixin.py:190} INFO - [2026-08-30T12:30:28.144+0000] {dag.py:4180} INFO - Setting next_dagrun for airbyte_to_dbt_pipeline_prod to 2026-08-30 11:00:00+00:00, run_after=2026-08-30 12:00:00+00:00
[2026-08-30T12:30:28.167+0000] {processor.py:208} INFO - Processing /opt/airflow/dags/prod/airbyte_to_dbt_prod.py took 0.139 seconds
[2026-08-30T12:30:58.352+0000] {processor.py:186} INFO - Started process (PID=2096) to work on /opt/airflow/dags/prod/airbyte_to_dbt_prod.py
[2026-08-30T12:30:58.353+0000] {processor.py:914} INFO - Processing file /opt/airflow/dags/prod/airbyte_to_dbt_prod.py for tasks to queue
[2026-08-30T12:30:58.357+0000] {logging_mixin.py:190} INFO - [2026-08-30T12:30:58.356+0000] {dagbag.py:588} INFO - Filling up the DagBag from /opt/airflow/dags/prod/airbyte_to_dbt_prod.py
[2026-08-30T12:30:58.378+0000] {processor.py:925} INFO - DAG(s) 'airbyte_to_dbt_pipeline_prod' retrieved from /opt/airflow/dags/prod/airbyte_to_dbt_prod.py
[2026-08-30T12:30:58.426+0000] {logging_mixin.py:190} INFO - [2026-08-30T12:30:58.425+0000] {dag.py:3239} INFO - Sync 1 DAGs
[2026-08-30T12:30:58.465+0000] {logging_mixin.py:190} INFO - [2026-08-30T12:30:58.465+0000] {dag.py:4180} INFO - Setting next_dagrun for airbyte_to_dbt_pipeline_prod to 2026-08-30 11:00:00+00:00, run_after=2026-08-30 12:00:00+00:00
[2026-08-30T12:30:58.492+0000] {processor.py:208} INFO - Processing /opt/airflow/dags/prod/airbyte_to_dbt_prod.py took 0.149 seconds
[2026-08-30T12:31:28.694+0000] {processor.py:186} INFO - Started process (PID=2106) to work on /opt/airflow/dags/prod/airbyte_to_dbt_prod.py
[2026-08-30T12:31:28.695+0000] {processor.py:914} INFO - Processing file /opt/airflow/dags/prod/airbyte_to_dbt_prod.py for tasks to queue
[2026-08-30T12:31:28.700+0000] {logging_mixin.py:190} INFO - [2026-08-30T12:31:28.700+0000] {dagbag.py:588} INFO - Filling up the DagBag from /opt/airflow/dags/prod/airbyte_to_dbt_prod.py
[2026-08-30T12:31:28.722+0000] {processor.py:925} INFO - DAG(s) 'airbyte_to_dbt_pipeline_prod' retrieved from /opt/airflow/dags/prod/airbyte_to_dbt_prod.py
[2026-08-30T12:31:28.773+0000] {logging_mixin.py:190} INFO - [2026-08-30T12:31:28.773+0000] {dag.py:3239} INFO - Sync 1 DAGs
[2026-08-30T12:31:28.827+0000] {logging_mixin.py:190} INFO - [2026-08-30T12:31:28.826+0000] {dag.py:4180} INFO - Setting next_dagrun for airbyte_to_dbt_pipeline_prod to 2026-08-30 11:00:00+00:00, run_after=2026-08-30 12:00:00+00:00
[2026-08-30T12:31:28.863+0000] {processor.py:208} INFO - Processing /opt/airflow/dags/prod/airbyte_to_dbt_prod.py took 0.181 seconds
[2026-08-30T12:31:59.056+0000] {processor.py:186} INFO - Started process (PID=2116) to work on /opt/airflow/dags/prod/airbyte_to_dbt_prod.py
[2026-08-30T12:31:59.058+0000] {processor.py:914} INFO - Processing file /opt/airflow/dags/prod/airbyte_to_dbt_prod.py for tasks to queue
[2026-08-30T12:31:59.069+0000] {logging_mixin.py:190} INFO - [2026-08-30T12:31:59.068+0000] {dagbag.py:588} INFO - Filling up the DagBag from /opt/airflow/dags/prod/airbyte_to_dbt_prod.py
[2026-08-30T12:31:59.115+0000] {processor.py:925} INFO - DAG(s) 'airbyte_to_dbt_pipeline_prod' retrieved from /opt/airflow/dags/prod/airbyte_to_dbt_prod.py
[2026-08-30T12:31:59.176+0000] {logging_mixin.py:190} INFO - [2026-08-30T12:31:59.175+0000] {dag.py:3239} INFO - Sync 1 DAGs
[2026-08-30T12:31:59.219+0000] {logging_mixin.py:190} INFO - [2026-08-30T12:31:59.218+0000] {dag.py:4180} INFO - Setting next_dagrun for airbyte_to_dbt_pipeline_prod to 2026-08-30 11:00:00+00:00, run_after=2026-08-30 12:00:00+00:00
[2026-08-30T12:31:59.250+0000] {processor.py:208} INFO - Processing /opt/airflow/dags/prod/airbyte_to_dbt_prod.py took 0.214 seconds
[2026-08-30T12:32:29.399+0000] {processor.py:186} INFO - Started process (PID=2126) to work on /opt/airflow/dags/prod/airbyte_to_dbt_prod.py
[2026-08-30T12:32:29.400+0000] {processor.py:914} INFO - Processing file /opt/airflow/dags/prod/airbyte_to_dbt_prod.py for tasks to queue
[2026-08-30T12:32:29.404+0000] {logging_mixin.py:190} INFO - [2026-08-30T12:32:29.403+0000] {dagbag.py:588} INFO - Filling up the DagBag from /opt/airflow/dags/prod/airbyte_to_dbt_prod.py
[2026-08-30T12:32:29.425+0000] {processor.py:925} INFO - DAG(s) 'airbyte_to_dbt_pipeline_prod' retrieved from /opt/airflow/dags/prod/airbyte_to_dbt_prod.py
[2026-08-30T12:32:29.472+0000] {logging_mixin.py:190} INFO - [2026-08-30T12:32:29.472+0000] {dag.py:3239} INFO - Sync 1 DAGs
[2026-08-30T12:32:29.512+0000] {logging_mixin.py:190} INFO - [2026-08-30T12:32:29.512+0000] {dag.py:4180} INFO - Setting next_dagrun for airbyte_to_dbt_pipeline_prod to 2026-08-30 11:00:00+00:00, run_after=2026-08-30 12:00:00+00:00
[2026-08-30T12:32:29.535+0000] {processor.py:208} INFO - Processing /opt/airflow/dags/prod/airbyte_to_dbt_prod.py took 0.145 seconds
[2026-08-30T12:32:59.752+0000] {processor.py:186} INFO - Started process (PID=2134) to work on /opt/airflow/dags/prod/airbyte_to_dbt_prod.py
[2026-08-30T12:32:59.754+0000] {processor.py:914} INFO - Processing file /opt/airflow/dags/prod/airbyte_to_dbt_prod.py for tasks to queue
[2026-08-30T12:32:59.759+0000] {logging_mixin.py:190} INFO - [2026-08-30T12:32:59.759+0000] {dagbag.py:588} INFO - Filling up the DagBag from /opt/airflow/dags/prod/airbyte_to_dbt_prod.py
[2026-08-30T12:32:59.876+0000] {processor.py:925} INFO - DAG(s) 'airbyte_to_dbt_pipeline_prod' retrieved from /opt/airflow/dags/prod/airbyte_to_dbt_prod.py
[2026-08-30T12:32:59.978+0000] {logging_mixin.py:190} INFO - [2026-08-30T12:32:59.978+0000] {dag.py:3239} INFO - Sync 1 DAGs
[2026-08-30T12:33:00.052+0000] {logging_mixin.py:190} INFO - [2026-08-30T12:33:00.052+0000] {dag.py:4180} INFO - Setting next_dagrun for airbyte_to_dbt_pipeline_prod to 2026-08-30 11:00:00+00:00, run_after=2026-08-30 12:00:00+00:00
[2026-08-30T12:33:00.107+0000] {processor.py:208} INFO - Processing /opt/airflow/dags/prod/airbyte_to_dbt_prod.py took 0.408 seconds
[2026-08-30T12:33:30.283+0000] {processor.py:186} INFO - Started process (PID=2146) to work on /opt/airflow/dags/prod/airbyte_to_dbt_prod.py
[2026-08-30T12:33:30.284+0000] {processor.py:914} INFO - Processing file /opt/airflow/dags/prod/airbyte_to_dbt_prod.py for tasks to queue
[2026-08-30T12:33:30.287+0000] {logging_mixin.py:190} INFO - [2026-08-30T12:33:30.287+0000] {dagbag.py:588} INFO - Filling up the DagBag from /opt/airflow/dags/prod/airbyte_to_dbt_prod.py
[2026-08-30T12:33:30.317+0000] {processor.py:925} INFO - DAG(s) 'airbyte_to_dbt_pipeline_prod' retrieved from /opt/airflow/dags/prod/airbyte_to_dbt_prod.py
[2026-08-30T12:33:30.365+0000] {logging_mixin.py:190} INFO - [2026-08-30T12:33:30.364+0000] {dag.py:3239} INFO - Sync 1 DAGs
[2026-08-30T12:33:30.401+0000] {logging_mixin.py:190} INFO - [2026-08-30T12:33:30.401+0000] {dag.py:4180} INFO - Setting next_dagrun for airbyte_to_dbt_pipeline_prod to 2026-08-30 11:00:00+00:00, run_after=2026-08-30 12:00:00+00:00
[2026-08-30T12:33:30.427+0000] {processor.py:208} INFO - Processing /opt/airflow/dags/prod/airbyte_to_dbt_prod.py took 0.155 seconds
[2026-08-30T12:34:00.607+0000] {processor.py:186} INFO - Started process (PID=2154) to work on /opt/airflow/dags/prod/airbyte_to_dbt_prod.py
[2026-08-30T12:34:00.609+0000] {processor.py:914} INFO - Processing file /opt/airflow/dags/prod/airbyte_to_dbt_prod.py for tasks to queue
[2026-08-30T12:34:00.638+0000] {logging_mixin.py:190} INFO - [2026-08-30T12:34:00.637+0000] {dagbag.py:588} INFO - Filling up the DagBag from /opt/airflow/dags/prod/airbyte_to_dbt_prod.py
[2026-08-30T12:34:00.739+0000] {processor.py:925} INFO - DAG(s) 'airbyte_to_dbt_pipeline_prod' retrieved from /opt/airflow/dags/prod/airbyte_to_dbt_prod.py
[2026-08-30T12:34:00.862+0000] {logging_mixin.py:190} INFO - [2026-08-30T12:34:00.861+0000] {dag.py:3239} INFO - Sync 1 DAGs
[2026-08-30T12:34:00.959+0000] {logging_mixin.py:190} INFO - [2026-08-30T12:34:00.959+0000] {dag.py:4180} INFO - Setting next_dagrun for airbyte_to_dbt_pipeline_prod to 2026-08-30 11:00:00+00:00, run_after=2026-08-30 12:00:00+00:00
[2026-08-30T12:34:00.990+0000] {processor.py:208} INFO - Processing /opt/airflow/dags/prod/airbyte_to_dbt_prod.py took 0.411 seconds
[2026-08-30T12:34:31.168+0000] {processor.py:186} INFO - Started process (PID=2166) to work on /opt/airflow/dags/prod/airbyte_to_dbt_prod.py
[2026-08-30T12:34:31.169+0000] {processor.py:914} INFO - Processing file /opt/airflow/dags/prod/airbyte_to_dbt_prod.py for tasks to queue
[2026-08-30T12:34:31.174+0000] {logging_mixin.py:190} INFO - [2026-08-30T12:34:31.173+0000] {dagbag.py:588} INFO - Filling up the DagBag from /opt/airflow/dags/prod/airbyte_to_dbt_prod.py
[2026-08-30T12:34:31.199+0000] {processor.py:925} INFO - DAG(s) 'airbyte_to_dbt_pipeline_prod' retrieved from /opt/airflow/dags/prod/airbyte_to_dbt_prod.py
[2026-08-30T12:34:31.251+0000] {logging_mixin.py:190} INFO - [2026-08-30T12:34:31.251+0000] {dag.py:3239} INFO - Sync 1 DAGs
[2026-08-30T12:34:31.290+0000] {logging_mixin.py:190} INFO - [2026-08-30T12:34:31.290+0000] {dag.py:4180} INFO - Setting next_dagrun for airbyte_to_dbt_pipeline_prod to 2026-08-30 11:00:00+00:00, run_after=2026-08-30 12:00:00+00:00
[2026-08-30T12:34:31.312+0000] {processor.py:208} INFO - Processing /opt/airflow/dags/prod/airbyte_to_dbt_prod.py took 0.155 seconds
[2026-08-30T12:35:01.484+0000] {processor.py:186} INFO - Started process (PID=2176) to work on /opt/airflow/dags/prod/airbyte_to_dbt_prod.py
[2026-08-30T12:35:01.486+0000] {processor.py:914} INFO - Processing file /opt/airflow/dags/prod/airbyte_to_dbt_prod.py for tasks to queue
[2026-08-30T12:35:01.489+0000] {logging_mixin.py:190} INFO - [2026-08-30T12:35:01.489+0000] {dagbag.py:588} INFO - Filling up the DagBag from /opt/airflow/dags/prod/airbyte_to_dbt_prod.py
[2026-08-30T12:35:01.517+0000] {processor.py:925} INFO - DAG(s) 'airbyte_to_dbt_pipeline_prod' retrieved from /opt/airflow/dags/prod/airbyte_to_dbt_prod.py
[2026-08-30T12:35:01.582+0000] {logging_mixin.py:190} INFO - [2026-08-30T12:35:01.582+0000] {dag.py:3239} INFO - Sync 1 DAGs
[2026-08-30T12:35:01.638+0000] {logging_mixin.py:190} INFO - [2026-08-30T12:35:01.638+0000] {dag.py:4180} INFO - Setting next_dagrun for airbyte_to_dbt_pipeline_prod to 2026-08-30 11:00:00+00:00, run_after=2026-08-30 12:00:00+00:00
[2026-08-30T12:35:01.662+0000] {processor.py:208} INFO - Processing /opt/airflow/dags/prod/airbyte_to_dbt_prod.py took 0.197 seconds
[2026-08-30T12:35:31.855+0000] {processor.py:186} INFO - Started process (PID=2186) to work on /opt/airflow/dags/prod/airbyte_to_dbt_prod.py
[2026-08-30T12:35:31.856+0000] {processor.py:914} INFO - Processing file /opt/airflow/dags/prod/airbyte_to_dbt_prod.py for tasks to queue
[2026-08-30T12:35:31.864+0000] {logging_mixin.py:190} INFO - [2026-08-30T12:35:31.863+0000] {dagbag.py:588} INFO - Filling up the DagBag from /opt/airflow/dags/prod/airbyte_to_dbt_prod.py
[2026-08-30T12:35:31.895+0000] {processor.py:925} INFO - DAG(s) 'airbyte_to_dbt_pipeline_prod' retrieved from /opt/airflow/dags/prod/airbyte_to_dbt_prod.py
[2026-08-30T12:35:31.948+0000] {logging_mixin.py:190} INFO - [2026-08-30T12:35:31.948+0000] {dag.py:3239} INFO - Sync 1 DAGs
[2026-08-30T12:35:31.996+0000] {logging_mixin.py:190} INFO - [2026-08-30T12:35:31.996+0000] {dag.py:4180} INFO - Setting next_dagrun for airbyte_to_dbt_pipeline_prod to 2026-08-30 11:00:00+00:00, run_after=2026-08-30 12:00:00+00:00
[2026-08-30T12:35:32.033+0000] {processor.py:208} INFO - Processing /opt/airflow/dags/prod/airbyte_to_dbt_prod.py took 0.191 seconds
[2026-08-30T12:36:02.214+0000] {processor.py:186} INFO - Started process (PID=2196) to work on /opt/airflow/dags/prod/airbyte_to_dbt_prod.py
[2026-08-30T12:36:02.215+0000] {processor.py:914} INFO - Processing file /opt/airflow/dags/prod/airbyte_to_dbt_prod.py for tasks to queue
[2026-08-30T12:36:02.219+0000] {logging_mixin.py:190} INFO - [2026-08-30T12:36:02.218+0000] {dagbag.py:588} INFO - Filling up the DagBag from /opt/airflow/dags/prod/airbyte_to_dbt_prod.py
[2026-08-30T12:36:02.239+0000] {processor.py:925} INFO - DAG(s) 'airbyte_to_dbt_pipeline_prod' retrieved from /opt/airflow/dags/prod/airbyte_to_dbt_prod.py
[2026-08-30T12:36:02.279+0000] {logging_mixin.py:190} INFO - [2026-08-30T12:36:02.279+0000] {dag.py:3239} INFO - Sync 1 DAGs
[2026-08-30T12:36:02.312+0000] {logging_mixin.py:190} INFO - [2026-08-30T12:36:02.312+0000] {dag.py:4180} INFO - Setting next_dagrun for airbyte_to_dbt_pipeline_prod to 2026-08-30 11:00:00+00:00, run_after=2026-08-30 12:00:00+00:00
[2026-08-30T12:36:02.334+0000] {processor.py:208} INFO - Processing /opt/airflow/dags/prod/airbyte_to_dbt_prod.py took 0.130 seconds
[2026-08-30T12:36:32.524+0000] {processor.py:186} INFO - Started process (PID=2206) to work on /opt/airflow/dags/prod/airbyte_to_dbt_prod.py
[2026-08-30T12:36:32.525+0000] {processor.py:914} INFO - Processing file /opt/airflow/dags/prod/airbyte_to_dbt_prod.py for tasks to queue
[2026-08-30T12:36:32.529+0000] {logging_mixin.py:190} INFO - [2026-08-30T12:36:32.528+0000] {dagbag.py:588} INFO - Filling up the DagBag from /opt/airflow/dags/prod/airbyte_to_dbt_prod.py
[2026-08-30T12:36:32.559+0000] {processor.py:925} INFO - DAG(s) 'airbyte_to_dbt_pipeline_prod' retrieved from /opt/airflow/dags/prod/airbyte_to_dbt_prod.py
[2026-08-30T12:36:32.616+0000] {logging_mixin.py:190} INFO - [2026-08-30T12:36:32.615+0000] {dag.py:3239} INFO - Sync 1 DAGs
[2026-08-30T12:36:32.659+0000] {logging_mixin.py:190} INFO - [2026-08-30T12:36:32.658+0000] {dag.py:4180} INFO - Setting next_dagrun for airbyte_to_dbt_pipeline_prod to 2026-08-30 11:00:00+00:00, run_after=2026-08-30 12:00:00+00:00
[2026-08-30T12:36:32.687+0000] {processor.py:208} INFO - Processing /opt/airflow/dags/prod/airbyte_to_dbt_prod.py took 0.173 seconds
[2026-08-30T12:37:03.135+0000] {processor.py:186} INFO - Started process (PID=2214) to work on /opt/airflow/dags/prod/airbyte_to_dbt_prod.py
[2026-08-30T12:37:03.140+0000] {processor.py:914} INFO - Processing file /opt/airflow/dags/prod/airbyte_to_dbt_prod.py for tasks to queue
[2026-08-30T12:37:03.268+0000] {logging_mixin.py:190} INFO - [2026-08-30T12:37:03.257+0000] {dagbag.py:588} INFO - Filling up the DagBag from /opt/airflow/dags/prod/airbyte_to_dbt_prod.py
[2026-08-30T12:37:03.573+0000] {processor.py:925} INFO - DAG(s) 'airbyte_to_dbt_pipeline_prod' retrieved from /opt/airflow/dags/prod/airbyte_to_dbt_prod.py
[2026-08-30T12:37:03.754+0000] {logging_mixin.py:190} INFO - [2026-08-30T12:37:03.754+0000] {dag.py:3239} INFO - Sync 1 DAGs
[2026-08-30T12:37:03.890+0000] {logging_mixin.py:190} INFO - [2026-08-30T12:37:03.889+0000] {dag.py:4180} INFO - Setting next_dagrun for airbyte_to_dbt_pipeline_prod to 2026-08-30 11:00:00+00:00, run_after=2026-08-30 12:00:00+00:00
[2026-08-30T12:37:03.915+0000] {processor.py:208} INFO - Processing /opt/airflow/dags/prod/airbyte_to_dbt_prod.py took 0.936 seconds
[2026-08-30T12:37:34.142+0000] {processor.py:186} INFO - Started process (PID=2226) to work on /opt/airflow/dags/prod/airbyte_to_dbt_prod.py
[2026-08-30T12:37:34.144+0000] {processor.py:914} INFO - Processing file /opt/airflow/dags/prod/airbyte_to_dbt_prod.py for tasks to queue
[2026-08-30T12:37:34.154+0000] {logging_mixin.py:190} INFO - [2026-08-30T12:37:34.153+0000] {dagbag.py:588} INFO - Filling up the DagBag from /opt/airflow/dags/prod/airbyte_to_dbt_prod.py
[2026-08-30T12:37:34.209+0000] {processor.py:925} INFO - DAG(s) 'airbyte_to_dbt_pipeline_prod' retrieved from /opt/airflow/dags/prod/airbyte_to_dbt_prod.py
[2026-08-30T12:37:34.279+0000] {logging_mixin.py:190} INFO - [2026-08-30T12:37:34.279+0000] {dag.py:3239} INFO - Sync 1 DAGs
[2026-08-30T12:37:34.316+0000] {logging_mixin.py:190} INFO - [2026-08-30T12:37:34.316+0000] {dag.py:4180} INFO - Setting next_dagrun for airbyte_to_dbt_pipeline_prod to 2026-08-30 11:00:00+00:00, run_after=2026-08-30 12:00:00+00:00
[2026-08-30T12:37:34.346+0000] {processor.py:208} INFO - Processing /opt/airflow/dags/prod/airbyte_to_dbt_prod.py took 0.224 seconds
[2026-08-30T12:38:04.514+0000] {processor.py:186} INFO - Started process (PID=2236) to work on /opt/airflow/dags/prod/airbyte_to_dbt_prod.py
[2026-08-30T12:38:04.515+0000] {processor.py:914} INFO - Processing file /opt/airflow/dags/prod/airbyte_to_dbt_prod.py for tasks to queue
[2026-08-30T12:38:04.519+0000] {logging_mixin.py:190} INFO - [2026-08-30T12:38:04.518+0000] {dagbag.py:588} INFO - Filling up the DagBag from /opt/airflow/dags/prod/airbyte_to_dbt_prod.py
[2026-08-30T12:38:04.545+0000] {processor.py:925} INFO - DAG(s) 'airbyte_to_dbt_pipeline_prod' retrieved from /opt/airflow/dags/prod/airbyte_to_dbt_prod.py
[2026-08-30T12:38:04.585+0000] {logging_mixin.py:190} INFO - [2026-08-30T12:38:04.585+0000] {dag.py:3239} INFO - Sync 1 DAGs
[2026-08-30T12:38:04.618+0000] {logging_mixin.py:190} INFO - [2026-08-30T12:38:04.618+0000] {dag.py:4180} INFO - Setting next_dagrun for airbyte_to_dbt_pipeline_prod to 2026-08-30 11:00:00+00:00, run_after=2026-08-30 12:00:00+00:00
[2026-08-30T12:38:04.643+0000] {processor.py:208} INFO - Processing /opt/airflow/dags/prod/airbyte_to_dbt_prod.py took 0.140 seconds
[2026-08-30T12:38:34.836+0000] {processor.py:186} INFO - Started process (PID=2246) to work on /opt/airflow/dags/prod/airbyte_to_dbt_prod.py
[2026-08-30T12:38:34.837+0000] {processor.py:914} INFO - Processing file /opt/airflow/dags/prod/airbyte_to_dbt_prod.py for tasks to queue
[2026-08-30T12:38:34.840+0000] {logging_mixin.py:190} INFO - [2026-08-30T12:38:34.840+0000] {dagbag.py:588} INFO - Filling up the DagBag from /opt/airflow/dags/prod/airbyte_to_dbt_prod.py
[2026-08-30T12:38:34.863+0000] {processor.py:925} INFO - DAG(s) 'airbyte_to_dbt_pipeline_prod' retrieved from /opt/airflow/dags/prod/airbyte_to_dbt_prod.py
[2026-08-30T12:38:34.914+0000] {logging_mixin.py:190} INFO - [2026-08-30T12:38:34.914+0000] {dag.py:3239} INFO - Sync 1 DAGs
[2026-08-30T12:38:34.955+0000] {logging_mixin.py:190} INFO - [2026-08-30T12:38:34.955+0000] {dag.py:4180} INFO - Setting next_dagrun for airbyte_to_dbt_pipeline_prod to 2026-08-30 11:00:00+00:00, run_after=2026-08-30 12:00:00+00:00
[2026-08-30T12:38:34.981+0000] {processor.py:208} INFO - Processing /opt/airflow/dags/prod/airbyte_to_dbt_prod.py took 0.154 seconds
[2026-08-30T12:39:05.155+0000] {processor.py:186} INFO - Started process (PID=2256) to work on /opt/airflow/dags/prod/airbyte_to_dbt_prod.py
[2026-08-30T12:39:05.156+0000] {processor.py:914} INFO - Processing file /opt/airflow/dags/prod/airbyte_to_dbt_prod.py for tasks to queue
[2026-08-30T12:39:05.160+0000] {logging_mixin.py:190} INFO - [2026-08-30T12:39:05.159+0000] {dagbag.py:588} INFO - Filling up the DagBag from /opt/airflow/dags/prod/airbyte_to_dbt_prod.py
[2026-08-30T12:39:05.186+0000] {processor.py:925} INFO - DAG(s) 'airbyte_to_dbt_pipeline_prod' retrieved from /opt/airflow/dags/prod/airbyte_to_dbt_prod.py
[2026-08-30T12:39:05.242+0000] {logging_mixin.py:190} INFO - [2026-08-30T12:39:05.242+0000] {dag.py:3239} INFO - Sync 1 DAGs
[2026-08-30T12:39:05.282+0000] {logging_mixin.py:190} INFO - [2026-08-30T12:39:05.282+0000] {dag.py:4180} INFO - Setting next_dagrun for airbyte_to_dbt_pipeline_prod to 2026-08-30 11:00:00+00:00, run_after=2026-08-30 12:00:00+00:00
[2026-08-30T12:39:05.305+0000] {processor.py:208} INFO - Processing /opt/airflow/dags/prod/airbyte_to_dbt_prod.py took 0.161 seconds
[2026-08-30T12:39:35.469+0000] {processor.py:186} INFO - Started process (PID=2266) to work on /opt/airflow/dags/prod/airbyte_to_dbt_prod.py
[2026-08-30T12:39:35.470+0000] {processor.py:914} INFO - Processing file /opt/airflow/dags/prod/airbyte_to_dbt_prod.py for tasks to queue
[2026-08-30T12:39:35.475+0000] {logging_mixin.py:190} INFO - [2026-08-30T12:39:35.474+0000] {dagbag.py:588} INFO - Filling up the DagBag from /opt/airflow/dags/prod/airbyte_to_dbt_prod.py
[2026-08-30T12:39:35.507+0000] {processor.py:925} INFO - DAG(s) 'airbyte_to_dbt_pipeline_prod' retrieved from /opt/airflow/dags/prod/airbyte_to_dbt_prod.py
[2026-08-30T12:39:35.554+0000] {logging_mixin.py:190} INFO - [2026-08-30T12:39:35.554+0000] {dag.py:3239} INFO - Sync 1 DAGs
[2026-08-30T12:39:35.588+0000] {logging_mixin.py:190} INFO - [2026-08-30T12:39:35.587+0000] {dag.py:4180} INFO - Setting next_dagrun for airbyte_to_dbt_pipeline_prod to 2026-08-30 11:00:00+00:00, run_after=2026-08-30 12:00:00+00:00
[2026-08-30T12:39:35.612+0000] {processor.py:208} INFO - Processing /opt/airflow/dags/prod/airbyte_to_dbt_prod.py took 0.154 seconds
[2026-08-30T12:40:05.804+0000] {processor.py:186} INFO - Started process (PID=2274) to work on /opt/airflow/dags/prod/airbyte_to_dbt_prod.py
[2026-08-30T12:40:05.805+0000] {processor.py:914} INFO - Processing file /opt/airflow/dags/prod/airbyte_to_dbt_prod.py for tasks to queue
[2026-08-30T12:40:05.810+0000] {logging_mixin.py:190} INFO - [2026-08-30T12:40:05.809+0000] {dagbag.py:588} INFO - Filling up the DagBag from /opt/airflow/dags/prod/airbyte_to_dbt_prod.py
[2026-08-30T12:40:05.857+0000] {processor.py:925} INFO - DAG(s) 'airbyte_to_dbt_pipeline_prod' retrieved from /opt/airflow/dags/prod/airbyte_to_dbt_prod.py
[2026-08-30T12:40:05.943+0000] {logging_mixin.py:190} INFO - [2026-08-30T12:40:05.943+0000] {dag.py:3239} INFO - Sync 1 DAGs
[2026-08-30T12:40:06.021+0000] {logging_mixin.py:190} INFO - [2026-08-30T12:40:06.021+0000] {dag.py:4180} INFO - Setting next_dagrun for airbyte_to_dbt_pipeline_prod to 2026-08-30 11:00:00+00:00, run_after=2026-08-30 12:00:00+00:00
[2026-08-30T12:40:06.043+0000] {processor.py:208} INFO - Processing /opt/airflow/dags/prod/airbyte_to_dbt_prod.py took 0.256 seconds
[2026-08-30T12:40:36.220+0000] {processor.py:186} INFO - Started process (PID=2286) to work on /opt/airflow/dags/prod/airbyte_to_dbt_prod.py
[2026-08-30T12:40:36.221+0000] {processor.py:914} INFO - Processing file /opt/airflow/dags/prod/airbyte_to_dbt_prod.py for tasks to queue
[2026-08-30T12:40:36.224+0000] {logging_mixin.py:190} INFO - [2026-08-30T12:40:36.223+0000] {dagbag.py:588} INFO - Filling up the DagBag from /opt/airflow/dags/prod/airbyte_to_dbt_prod.py
[2026-08-30T12:40:36.247+0000] {processor.py:925} INFO - DAG(s) 'airbyte_to_dbt_pipeline_prod' retrieved from /opt/airflow/dags/prod/airbyte_to_dbt_prod.py
[2026-08-30T12:40:36.298+0000] {logging_mixin.py:190} INFO - [2026-08-30T12:40:36.297+0000] {dag.py:3239} INFO - Sync 1 DAGs
[2026-08-30T12:40:36.331+0000] {logging_mixin.py:190} INFO - [2026-08-30T12:40:36.331+0000] {dag.py:4180} INFO - Setting next_dagrun for airbyte_to_dbt_pipeline_prod to 2026-08-30 11:00:00+00:00, run_after=2026-08-30 12:00:00+00:00
[2026-08-30T12:40:36.355+0000] {processor.py:208} INFO - Processing /opt/airflow/dags/prod/airbyte_to_dbt_prod.py took 0.144 seconds
[2026-08-30T12:41:06.528+0000] {processor.py:186} INFO - Started process (PID=2296) to work on /opt/airflow/dags/prod/airbyte_to_dbt_prod.py
[2026-08-30T12:41:06.529+0000] {processor.py:914} INFO - Processing file /opt/airflow/dags/prod/airbyte_to_dbt_prod.py for tasks to queue
[2026-08-30T12:41:06.533+0000] {logging_mixin.py:190} INFO - [2026-08-30T12:41:06.532+0000] {dagbag.py:588} INFO - Filling up the DagBag from /opt/airflow/dags/prod/airbyte_to_dbt_prod.py
[2026-08-30T12:41:06.561+0000] {processor.py:925} INFO - DAG(s) 'airbyte_to_dbt_pipeline_prod' retrieved from /opt/airflow/dags/prod/airbyte_to_dbt_prod.py
[2026-08-30T12:41:06.606+0000] {logging_mixin.py:190} INFO - [2026-08-30T12:41:06.606+0000] {dag.py:3239} INFO - Sync 1 DAGs
[2026-08-30T12:41:06.645+0000] {logging_mixin.py:190} INFO - [2026-08-30T12:41:06.645+0000] {dag.py:4180} INFO - Setting next_dagrun for airbyte_to_dbt_pipeline_prod to 2026-08-30 11:00:00+00:00, run_after=2026-08-30 12:00:00+00:00
[2026-08-30T12:41:06.667+0000] {processor.py:208} INFO - Processing /opt/airflow/dags/prod/airbyte_to_dbt_prod.py took 0.151 seconds
[2026-08-30T12:41:36.837+0000] {processor.py:186} INFO - Started process (PID=2306) to work on /opt/airflow/dags/prod/airbyte_to_dbt_prod.py
[2026-08-30T12:41:36.838+0000] {processor.py:914} INFO - Processing file /opt/airflow/dags/prod/airbyte_to_dbt_prod.py for tasks to queue
[2026-08-30T12:41:36.842+0000] {logging_mixin.py:190} INFO - [2026-08-30T12:41:36.841+0000] {dagbag.py:588} INFO - Filling up the DagBag from /opt/airflow/dags/prod/airbyte_to_dbt_prod.py
[2026-08-30T12:41:36.864+0000] {processor.py:925} INFO - DAG(s) 'airbyte_to_dbt_pipeline_prod' retrieved from /opt/airflow/dags/prod/airbyte_to_dbt_prod.py
[2026-08-30T12:41:36.904+0000] {logging_mixin.py:190} INFO - [2026-08-30T12:41:36.903+0000] {dag.py:3239} INFO - Sync 1 DAGs
[2026-08-30T12:41:36.936+0000] {logging_mixin.py:190} INFO - [2026-08-30T12:41:36.935+0000] {dag.py:4180} INFO - Setting next_dagrun for airbyte_to_dbt_pipeline_prod to 2026-08-30 11:00:00+00:00, run_after=2026-08-30 12:00:00+00:00
[2026-08-30T12:41:36.959+0000] {processor.py:208} INFO - Processing /opt/airflow/dags/prod/airbyte_to_dbt_prod.py took 0.132 seconds
[2026-08-30T12:42:07.117+0000] {processor.py:186} INFO - Started process (PID=2316) to work on /opt/airflow/dags/prod/airbyte_to_dbt_prod.py
[2026-08-30T12:42:07.118+0000] {processor.py:914} INFO - Processing file /opt/airflow/dags/prod/airbyte_to_dbt_prod.py for tasks to queue
[2026-08-30T12:42:07.121+0000] {logging_mixin.py:190} INFO - [2026-08-30T12:42:07.121+0000] {dagbag.py:588} INFO - Filling up the DagBag from /opt/airflow/dags/prod/airbyte_to_dbt_prod.py
[2026-08-30T12:42:07.143+0000] {processor.py:925} INFO - DAG(s) 'airbyte_to_dbt_pipeline_prod' retrieved from /opt/airflow/dags/prod/airbyte_to_dbt_prod.py
[2026-08-30T12:42:07.196+0000] {logging_mixin.py:190} INFO - [2026-08-30T12:42:07.196+0000] {dag.py:3239} INFO - Sync 1 DAGs
[2026-08-30T12:42:07.233+0000] {logging_mixin.py:190} INFO - [2026-08-30T12:42:07.232+0000] {dag.py:4180} INFO - Setting next_dagrun for airbyte_to_dbt_pipeline_prod to 2026-08-30 11:00:00+00:00, run_after=2026-08-30 12:00:00+00:00
[2026-08-30T12:42:07.257+0000] {processor.py:208} INFO - Processing /opt/airflow/dags/prod/airbyte_to_dbt_prod.py took 0.148 seconds
[2026-08-30T12:42:37.403+0000] {processor.py:186} INFO - Started process (PID=2326) to work on /opt/airflow/dags/prod/airbyte_to_dbt_prod.py
[2026-08-30T12:42:37.404+0000] {processor.py:914} INFO - Processing file /opt/airflow/dags/prod/airbyte_to_dbt_prod.py for tasks to queue
[2026-08-30T12:42:37.407+0000] {logging_mixin.py:190} INFO - [2026-08-30T12:42:37.407+0000] {dagbag.py:588} INFO - Filling up the DagBag from /opt/airflow/dags/prod/airbyte_to_dbt_prod.py
[2026-08-30T12:42:37.429+0000] {processor.py:925} INFO - DAG(s) 'airbyte_to_dbt_pipeline_prod' retrieved from /opt/airflow/dags/prod/airbyte_to_dbt_prod.py
[2026-08-30T12:42:37.468+0000] {logging_mixin.py:190} INFO - [2026-08-30T12:42:37.468+0000] {dag.py:3239} INFO - Sync 1 DAGs
[2026-08-30T12:42:37.498+0000] {logging_mixin.py:190} INFO - [2026-08-30T12:42:37.497+0000] {dag.py:4180} INFO - Setting next_dagrun for airbyte_to_dbt_pipeline_prod to 2026-08-30 11:00:00+00:00, run_after=2026-08-30 12:00:00+00:00
[2026-08-30T12:42:37.521+0000] {processor.py:208} INFO - Processing /opt/airflow/dags/prod/airbyte_to_dbt_prod.py took 0.126 seconds
[2026-08-30T12:43:07.697+0000] {processor.py:186} INFO - Started process (PID=2336) to work on /opt/airflow/dags/prod/airbyte_to_dbt_prod.py
[2026-08-30T12:43:07.697+0000] {processor.py:914} INFO - Processing file /opt/airflow/dags/prod/airbyte_to_dbt_prod.py for tasks to queue
[2026-08-30T12:43:07.701+0000] {logging_mixin.py:190} INFO - [2026-08-30T12:43:07.700+0000] {dagbag.py:588} INFO - Filling up the DagBag from /opt/airflow/dags/prod/airbyte_to_dbt_prod.py
[2026-08-30T12:43:07.723+0000] {processor.py:925} INFO - DAG(s) 'airbyte_to_dbt_pipeline_prod' retrieved from /opt/airflow/dags/prod/airbyte_to_dbt_prod.py
[2026-08-30T12:43:07.765+0000] {logging_mixin.py:190} INFO - [2026-08-30T12:43:07.764+0000] {dag.py:3239} INFO - Sync 1 DAGs
[2026-08-30T12:43:07.793+0000] {logging_mixin.py:190} INFO - [2026-08-30T12:43:07.793+0000] {dag.py:4180} INFO - Setting next_dagrun for airbyte_to_dbt_pipeline_prod to 2026-08-30 11:00:00+00:00, run_after=2026-08-30 12:00:00+00:00
[2026-08-30T12:43:07.815+0000] {processor.py:208} INFO - Processing /opt/airflow/dags/prod/airbyte_to_dbt_prod.py took 0.128 seconds
[2026-08-30T12:43:37.970+0000] {processor.py:186} INFO - Started process (PID=2346) to work on /opt/airflow/dags/prod/airbyte_to_dbt_prod.py
[2026-08-30T12:43:37.971+0000] {processor.py:914} INFO - Processing file /opt/airflow/dags/prod/airbyte_to_dbt_prod.py for tasks to queue
[2026-08-30T12:43:37.975+0000] {logging_mixin.py:190} INFO - [2026-08-30T12:43:37.975+0000] {dagbag.py:588} INFO - Filling up the DagBag from /opt/airflow/dags/prod/airbyte_to_dbt_prod.py
[2026-08-30T12:43:38.001+0000] {processor.py:925} INFO - DAG(s) 'airbyte_to_dbt_pipeline_prod' retrieved from /opt/airflow/dags/prod/airbyte_to_dbt_prod.py
[2026-08-30T12:43:38.053+0000] {logging_mixin.py:190} INFO - [2026-08-30T12:43:38.052+0000] {dag.py:3239} INFO - Sync 1 DAGs
[2026-08-30T12:43:38.087+0000] {logging_mixin.py:190} INFO - [2026-08-30T12:43:38.087+0000] {dag.py:4180} INFO - Setting next_dagrun for airbyte_to_dbt_pipeline_prod to 2026-08-30 11:00:00+00:00, run_after=2026-08-30 12:00:00+00:00
[2026-08-30T12:43:38.112+0000] {processor.py:208} INFO - Processing /opt/airflow/dags/prod/airbyte_to_dbt_prod.py took 0.151 seconds
[2026-08-30T12:44:08.269+0000] {processor.py:186} INFO - Started process (PID=2356) to work on /opt/airflow/dags/prod/airbyte_to_dbt_prod.py
[2026-08-30T12:44:08.270+0000] {processor.py:914} INFO - Processing file /opt/airflow/dags/prod/airbyte_to_dbt_prod.py for tasks to queue
[2026-08-30T12:44:08.273+0000] {logging_mixin.py:190} INFO - [2026-08-30T12:44:08.273+0000] {dagbag.py:588} INFO - Filling up the DagBag from /opt/airflow/dags/prod/airbyte_to_dbt_prod.py
[2026-08-30T12:44:08.294+0000] {processor.py:925} INFO - DAG(s) 'airbyte_to_dbt_pipeline_prod' retrieved from /opt/airflow/dags/prod/airbyte_to_dbt_prod.py
[2026-08-30T12:44:08.334+0000] {logging_mixin.py:190} INFO - [2026-08-30T12:44:08.334+0000] {dag.py:3239} INFO - Sync 1 DAGs
[2026-08-30T12:44:08.365+0000] {logging_mixin.py:190} INFO - [2026-08-30T12:44:08.365+0000] {dag.py:4180} INFO - Setting next_dagrun for airbyte_to_dbt_pipeline_prod to 2026-08-30 11:00:00+00:00, run_after=2026-08-30 12:00:00+00:00
[2026-08-30T12:44:08.392+0000] {processor.py:208} INFO - Processing /opt/airflow/dags/prod/airbyte_to_dbt_prod.py took 0.130 seconds
[2026-08-30T12:44:38.557+0000] {processor.py:186} INFO - Started process (PID=2366) to work on /opt/airflow/dags/prod/airbyte_to_dbt_prod.py
[2026-08-30T12:44:38.558+0000] {processor.py:914} INFO - Processing file /opt/airflow/dags/prod/airbyte_to_dbt_prod.py for tasks to queue
[2026-08-30T12:44:38.562+0000] {logging_mixin.py:190} INFO - [2026-08-30T12:44:38.561+0000] {dagbag.py:588} INFO - Filling up the DagBag from /opt/airflow/dags/prod/airbyte_to_dbt_prod.py
[2026-08-30T12:44:38.582+0000] {processor.py:925} INFO - DAG(s) 'airbyte_to_dbt_pipeline_prod' retrieved from /opt/airflow/dags/prod/airbyte_to_dbt_prod.py
[2026-08-30T12:44:38.623+0000] {logging_mixin.py:190} INFO - [2026-08-30T12:44:38.623+0000] {dag.py:3239} INFO - Sync 1 DAGs
[2026-08-30T12:44:38.659+0000] {logging_mixin.py:190} INFO - [2026-08-30T12:44:38.659+0000] {dag.py:4180} INFO - Setting next_dagrun for airbyte_to_dbt_pipeline_prod to 2026-08-30 11:00:00+00:00, run_after=2026-08-30 12:00:00+00:00
[2026-08-30T12:44:38.683+0000] {processor.py:208} INFO - Processing /opt/airflow/dags/prod/airbyte_to_dbt_prod.py took 0.134 seconds
[2026-08-30T12:45:08.865+0000] {processor.py:186} INFO - Started process (PID=2376) to work on /opt/airflow/dags/prod/airbyte_to_dbt_prod.py
[2026-08-30T12:45:08.866+0000] {processor.py:914} INFO - Processing file /opt/airflow/dags/prod/airbyte_to_dbt_prod.py for tasks to queue
[2026-08-30T12:45:08.870+0000] {logging_mixin.py:190} INFO - [2026-08-30T12:45:08.869+0000] {dagbag.py:588} INFO - Filling up the DagBag from /opt/airflow/dags/prod/airbyte_to_dbt_prod.py
[2026-08-30T12:45:08.894+0000] {processor.py:925} INFO - DAG(s) 'airbyte_to_dbt_pipeline_prod' retrieved from /opt/airflow/dags/prod/airbyte_to_dbt_prod.py
[2026-08-30T12:45:08.953+0000] {logging_mixin.py:190} INFO - [2026-08-30T12:45:08.953+0000] {dag.py:3239} INFO - Sync 1 DAGs
[2026-08-30T12:45:08.998+0000] {logging_mixin.py:190} INFO - [2026-08-30T12:45:08.998+0000] {dag.py:4180} INFO - Setting next_dagrun for airbyte_to_dbt_pipeline_prod to 2026-08-30 11:00:00+00:00, run_after=2026-08-30 12:00:00+00:00
[2026-08-30T12:45:09.041+0000] {processor.py:208} INFO - Processing /opt/airflow/dags/prod/airbyte_to_dbt_prod.py took 0.186 seconds
[2026-08-30T12:45:39.233+0000] {processor.py:186} INFO - Started process (PID=2385) to work on /opt/airflow/dags/prod/airbyte_to_dbt_prod.py
[2026-08-30T12:45:39.235+0000] {processor.py:914} INFO - Processing file /opt/airflow/dags/prod/airbyte_to_dbt_prod.py for tasks to queue
[2026-08-30T12:45:39.251+0000] {logging_mixin.py:190} INFO - [2026-08-30T12:45:39.250+0000] {dagbag.py:588} INFO - Filling up the DagBag from /opt/airflow/dags/prod/airbyte_to_dbt_prod.py
[2026-08-30T12:45:39.368+0000] {processor.py:925} INFO - DAG(s) 'airbyte_to_dbt_pipeline_prod' retrieved from /opt/airflow/dags/prod/airbyte_to_dbt_prod.py
[2026-08-30T12:45:39.445+0000] {logging_mixin.py:190} INFO - [2026-08-30T12:45:39.445+0000] {dag.py:3239} INFO - Sync 1 DAGs
[2026-08-30T12:45:39.483+0000] {logging_mixin.py:190} INFO - [2026-08-30T12:45:39.483+0000] {dag.py:4180} INFO - Setting next_dagrun for airbyte_to_dbt_pipeline_prod to 2026-08-30 11:00:00+00:00, run_after=2026-08-30 12:00:00+00:00
[2026-08-30T12:45:39.507+0000] {processor.py:208} INFO - Processing /opt/airflow/dags/prod/airbyte_to_dbt_prod.py took 0.307 seconds
[2026-08-30T12:46:09.676+0000] {processor.py:186} INFO - Started process (PID=2396) to work on /opt/airflow/dags/prod/airbyte_to_dbt_prod.py
[2026-08-30T12:46:09.676+0000] {processor.py:914} INFO - Processing file /opt/airflow/dags/prod/airbyte_to_dbt_prod.py for tasks to queue
[2026-08-30T12:46:09.680+0000] {logging_mixin.py:190} INFO - [2026-08-30T12:46:09.679+0000] {dagbag.py:588} INFO - Filling up the DagBag from /opt/airflow/dags/prod/airbyte_to_dbt_prod.py
[2026-08-30T12:46:09.703+0000] {processor.py:925} INFO - DAG(s) 'airbyte_to_dbt_pipeline_prod' retrieved from /opt/airflow/dags/prod/airbyte_to_dbt_prod.py
[2026-08-30T12:46:09.754+0000] {logging_mixin.py:190} INFO - [2026-08-30T12:46:09.753+0000] {dag.py:3239} INFO - Sync 1 DAGs
[2026-08-30T12:46:09.787+0000] {logging_mixin.py:190} INFO - [2026-08-30T12:46:09.787+0000] {dag.py:4180} INFO - Setting next_dagrun for airbyte_to_dbt_pipeline_prod to 2026-08-30 11:00:00+00:00, run_after=2026-08-30 12:00:00+00:00
[2026-08-30T12:46:09.811+0000] {processor.py:208} INFO - Processing /opt/airflow/dags/prod/airbyte_to_dbt_prod.py took 0.144 seconds
[2026-08-30T12:46:39.967+0000] {processor.py:186} INFO - Started process (PID=2406) to work on /opt/airflow/dags/prod/airbyte_to_dbt_prod.py
[2026-08-30T12:46:39.968+0000] {processor.py:914} INFO - Processing file /opt/airflow/dags/prod/airbyte_to_dbt_prod.py for tasks to queue
[2026-08-30T12:46:39.972+0000] {logging_mixin.py:190} INFO - [2026-08-30T12:46:39.971+0000] {dagbag.py:588} INFO - Filling up the DagBag from /opt/airflow/dags/prod/airbyte_to_dbt_prod.py
[2026-08-30T12:46:39.996+0000] {processor.py:925} INFO - DAG(s) 'airbyte_to_dbt_pipeline_prod' retrieved from /opt/airflow/dags/prod/airbyte_to_dbt_prod.py
[2026-08-30T12:46:40.035+0000] {logging_mixin.py:190} INFO - [2026-08-30T12:46:40.035+0000] {dag.py:3239} INFO - Sync 1 DAGs
[2026-08-30T12:46:40.067+0000] {logging_mixin.py:190} INFO - [2026-08-30T12:46:40.066+0000] {dag.py:4180} INFO - Setting next_dagrun for airbyte_to_dbt_pipeline_prod to 2026-08-30 11:00:00+00:00, run_after=2026-08-30 12:00:00+00:00
[2026-08-30T12:46:40.092+0000] {processor.py:208} INFO - Processing /opt/airflow/dags/prod/airbyte_to_dbt_prod.py took 0.135 seconds
[2026-08-30T12:47:10.249+0000] {processor.py:186} INFO - Started process (PID=2416) to work on /opt/airflow/dags/prod/airbyte_to_dbt_prod.py
[2026-08-30T12:47:10.250+0000] {processor.py:914} INFO - Processing file /opt/airflow/dags/prod/airbyte_to_dbt_prod.py for tasks to queue
[2026-08-30T12:47:10.254+0000] {logging_mixin.py:190} INFO - [2026-08-30T12:47:10.253+0000] {dagbag.py:588} INFO - Filling up the DagBag from /opt/airflow/dags/prod/airbyte_to_dbt_prod.py
[2026-08-30T12:47:10.277+0000] {processor.py:925} INFO - DAG(s) 'airbyte_to_dbt_pipeline_prod' retrieved from /opt/airflow/dags/prod/airbyte_to_dbt_prod.py
[2026-08-30T12:47:10.338+0000] {logging_mixin.py:190} INFO - [2026-08-30T12:47:10.337+0000] {dag.py:3239} INFO - Sync 1 DAGs
[2026-08-30T12:47:10.387+0000] {logging_mixin.py:190} INFO - [2026-08-30T12:47:10.387+0000] {dag.py:4180} INFO - Setting next_dagrun for airbyte_to_dbt_pipeline_prod to 2026-08-30 11:00:00+00:00, run_after=2026-08-30 12:00:00+00:00
[2026-08-30T12:47:10.409+0000] {processor.py:208} INFO - Processing /opt/airflow/dags/prod/airbyte_to_dbt_prod.py took 0.169 seconds
[2026-08-30T12:47:40.544+0000] {processor.py:186} INFO - Started process (PID=2426) to work on /opt/airflow/dags/prod/airbyte_to_dbt_prod.py
[2026-08-30T12:47:40.546+0000] {processor.py:914} INFO - Processing file /opt/airflow/dags/prod/airbyte_to_dbt_prod.py for tasks to queue
[2026-08-30T12:47:40.550+0000] {logging_mixin.py:190} INFO - [2026-08-30T12:47:40.549+0000] {dagbag.py:588} INFO - Filling up the DagBag from /opt/airflow/dags/prod/airbyte_to_dbt_prod.py
[2026-08-30T12:47:40.577+0000] {processor.py:925} INFO - DAG(s) 'airbyte_to_dbt_pipeline_prod' retrieved from /opt/airflow/dags/prod/airbyte_to_dbt_prod.py
[2026-08-30T12:47:40.631+0000] {logging_mixin.py:190} INFO - [2026-08-30T12:47:40.630+0000] {dag.py:3239} INFO - Sync 1 DAGs
[2026-08-30T12:47:40.666+0000] {logging_mixin.py:190} INFO - [2026-08-30T12:47:40.666+0000] {dag.py:4180} INFO - Setting next_dagrun for airbyte_to_dbt_pipeline_prod to 2026-08-30 11:00:00+00:00, run_after=2026-08-30 12:00:00+00:00
[2026-08-30T12:47:40.689+0000] {processor.py:208} INFO - Processing /opt/airflow/dags/prod/airbyte_to_dbt_prod.py took 0.156 seconds
[2026-08-30T12:48:10.859+0000] {processor.py:186} INFO - Started process (PID=2436) to work on /opt/airflow/dags/prod/airbyte_to_dbt_prod.py
[2026-08-30T12:48:10.859+0000] {processor.py:914} INFO - Processing file /opt/airflow/dags/prod/airbyte_to_dbt_prod.py for tasks to queue
[2026-08-30T12:48:10.863+0000] {logging_mixin.py:190} INFO - [2026-08-30T12:48:10.862+0000] {dagbag.py:588} INFO - Filling up the DagBag from /opt/airflow/dags/prod/airbyte_to_dbt_prod.py
[2026-08-30T12:48:10.885+0000] {processor.py:925} INFO - DAG(s) 'airbyte_to_dbt_pipeline_prod' retrieved from /opt/airflow/dags/prod/airbyte_to_dbt_prod.py
[2026-08-30T12:48:10.938+0000] {logging_mixin.py:190} INFO - [2026-08-30T12:48:10.938+0000] {dag.py:3239} INFO - Sync 1 DAGs
[2026-08-30T12:48:10.975+0000] {logging_mixin.py:190} INFO - [2026-08-30T12:48:10.975+0000] {dag.py:4180} INFO - Setting next_dagrun for airbyte_to_dbt_pipeline_prod to 2026-08-30 11:00:00+00:00, run_after=2026-08-30 12:00:00+00:00
[2026-08-30T12:48:10.999+0000] {processor.py:208} INFO - Processing /opt/airflow/dags/prod/airbyte_to_dbt_prod.py took 0.151 seconds
[2026-08-30T12:48:41.153+0000] {processor.py:186} INFO - Started process (PID=2446) to work on /opt/airflow/dags/prod/airbyte_to_dbt_prod.py
[2026-08-30T12:48:41.155+0000] {processor.py:914} INFO - Processing file /opt/airflow/dags/prod/airbyte_to_dbt_prod.py for tasks to queue
[2026-08-30T12:48:41.157+0000] {logging_mixin.py:190} INFO - [2026-08-30T12:48:41.157+0000] {dagbag.py:588} INFO - Filling up the DagBag from /opt/airflow/dags/prod/airbyte_to_dbt_prod.py
[2026-08-30T12:48:41.181+0000] {processor.py:925} INFO - DAG(s) 'airbyte_to_dbt_pipeline_prod' retrieved from /opt/airflow/dags/prod/airbyte_to_dbt_prod.py
[2026-08-30T12:48:41.230+0000] {logging_mixin.py:190} INFO - [2026-08-30T12:48:41.229+0000] {dag.py:3239} INFO - Sync 1 DAGs
[2026-08-30T12:48:41.259+0000] {logging_mixin.py:190} INFO - [2026-08-30T12:48:41.259+0000] {dag.py:4180} INFO - Setting next_dagrun for airbyte_to_dbt_pipeline_prod to 2026-08-30 11:00:00+00:00, run_after=2026-08-30 12:00:00+00:00
[2026-08-30T12:48:41.282+0000] {processor.py:208} INFO - Processing /opt/airflow/dags/prod/airbyte_to_dbt_prod.py took 0.138 seconds
[2026-08-30T12:49:11.447+0000] {processor.py:186} INFO - Started process (PID=2456) to work on /opt/airflow/dags/prod/airbyte_to_dbt_prod.py
[2026-08-30T12:49:11.449+0000] {processor.py:914} INFO - Processing file /opt/airflow/dags/prod/airbyte_to_dbt_prod.py for tasks to queue
[2026-08-30T12:49:11.453+0000] {logging_mixin.py:190} INFO - [2026-08-30T12:49:11.452+0000] {dagbag.py:588} INFO - Filling up the DagBag from /opt/airflow/dags/prod/airbyte_to_dbt_prod.py
[2026-08-30T12:49:11.480+0000] {processor.py:925} INFO - DAG(s) 'airbyte_to_dbt_pipeline_prod' retrieved from /opt/airflow/dags/prod/airbyte_to_dbt_prod.py
[2026-08-30T12:49:11.530+0000] {logging_mixin.py:190} INFO - [2026-08-30T12:49:11.529+0000] {dag.py:3239} INFO - Sync 1 DAGs
[2026-08-30T12:49:11.566+0000] {logging_mixin.py:190} INFO - [2026-08-30T12:49:11.566+0000] {dag.py:4180} INFO - Setting next_dagrun for airbyte_to_dbt_pipeline_prod to 2026-08-30 11:00:00+00:00, run_after=2026-08-30 12:00:00+00:00
[2026-08-30T12:49:11.592+0000] {processor.py:208} INFO - Processing /opt/airflow/dags/prod/airbyte_to_dbt_prod.py took 0.156 seconds
[2026-08-30T12:49:41.744+0000] {processor.py:186} INFO - Started process (PID=2466) to work on /opt/airflow/dags/prod/airbyte_to_dbt_prod.py
[2026-08-30T12:49:41.745+0000] {processor.py:914} INFO - Processing file /opt/airflow/dags/prod/airbyte_to_dbt_prod.py for tasks to queue
[2026-08-30T12:49:41.749+0000] {logging_mixin.py:190} INFO - [2026-08-30T12:49:41.749+0000] {dagbag.py:588} INFO - Filling up the DagBag from /opt/airflow/dags/prod/airbyte_to_dbt_prod.py
[2026-08-30T12:49:41.778+0000] {processor.py:925} INFO - DAG(s) 'airbyte_to_dbt_pipeline_prod' retrieved from /opt/airflow/dags/prod/airbyte_to_dbt_prod.py
[2026-08-30T12:49:41.825+0000] {logging_mixin.py:190} INFO - [2026-08-30T12:49:41.825+0000] {dag.py:3239} INFO - Sync 1 DAGs
[2026-08-30T12:49:41.867+0000] {logging_mixin.py:190} INFO - [2026-08-30T12:49:41.867+0000] {dag.py:4180} INFO - Setting next_dagrun for airbyte_to_dbt_pipeline_prod to 2026-08-30 11:00:00+00:00, run_after=2026-08-30 12:00:00+00:00
[2026-08-30T12:49:41.890+0000] {processor.py:208} INFO - Processing /opt/airflow/dags/prod/airbyte_to_dbt_prod.py took 0.158 seconds
[2026-08-30T12:50:12.054+0000] {processor.py:186} INFO - Started process (PID=2476) to work on /opt/airflow/dags/prod/airbyte_to_dbt_prod.py
[2026-08-30T12:50:12.055+0000] {processor.py:914} INFO - Processing file /opt/airflow/dags/prod/airbyte_to_dbt_prod.py for tasks to queue
[2026-08-30T12:50:12.059+0000] {logging_mixin.py:190} INFO - [2026-08-30T12:50:12.058+0000] {dagbag.py:588} INFO - Filling up the DagBag from /opt/airflow/dags/prod/airbyte_to_dbt_prod.py
[2026-08-30T12:50:12.091+0000] {processor.py:925} INFO - DAG(s) 'airbyte_to_dbt_pipeline_prod' retrieved from /opt/airflow/dags/prod/airbyte_to_dbt_prod.py
[2026-08-30T12:50:12.135+0000] {logging_mixin.py:190} INFO - [2026-08-30T12:50:12.135+0000] {dag.py:3239} INFO - Sync 1 DAGs
[2026-08-30T12:50:12.164+0000] {logging_mixin.py:190} INFO - [2026-08-30T12:50:12.163+0000] {dag.py:4180} INFO - Setting next_dagrun for airbyte_to_dbt_pipeline_prod to 2026-08-30 11:00:00+00:00, run_after=2026-08-30 12:00:00+00:00
[2026-08-30T12:50:12.188+0000] {processor.py:208} INFO - Processing /opt/airflow/dags/prod/airbyte_to_dbt_prod.py took 0.144 seconds
[2026-08-30T12:50:42.349+0000] {processor.py:186} INFO - Started process (PID=2486) to work on /opt/airflow/dags/prod/airbyte_to_dbt_prod.py
[2026-08-30T12:50:42.351+0000] {processor.py:914} INFO - Processing file /opt/airflow/dags/prod/airbyte_to_dbt_prod.py for tasks to queue
[2026-08-30T12:50:42.354+0000] {logging_mixin.py:190} INFO - [2026-08-30T12:50:42.354+0000] {dagbag.py:588} INFO - Filling up the DagBag from /opt/airflow/dags/prod/airbyte_to_dbt_prod.py
[2026-08-30T12:50:42.376+0000] {processor.py:925} INFO - DAG(s) 'airbyte_to_dbt_pipeline_prod' retrieved from /opt/airflow/dags/prod/airbyte_to_dbt_prod.py
[2026-08-30T12:50:42.416+0000] {logging_mixin.py:190} INFO - [2026-08-30T12:50:42.415+0000] {dag.py:3239} INFO - Sync 1 DAGs
[2026-08-30T12:50:42.449+0000] {logging_mixin.py:190} INFO - [2026-08-30T12:50:42.448+0000] {dag.py:4180} INFO - Setting next_dagrun for airbyte_to_dbt_pipeline_prod to 2026-08-30 11:00:00+00:00, run_after=2026-08-30 12:00:00+00:00
[2026-08-30T12:50:42.474+0000] {processor.py:208} INFO - Processing /opt/airflow/dags/prod/airbyte_to_dbt_prod.py took 0.134 seconds
[2026-08-30T12:51:12.636+0000] {processor.py:186} INFO - Started process (PID=2496) to work on /opt/airflow/dags/prod/airbyte_to_dbt_prod.py
[2026-08-30T12:51:12.637+0000] {processor.py:914} INFO - Processing file /opt/airflow/dags/prod/airbyte_to_dbt_prod.py for tasks to queue
[2026-08-30T12:51:12.640+0000] {logging_mixin.py:190} INFO - [2026-08-30T12:51:12.640+0000] {dagbag.py:588} INFO - Filling up the DagBag from /opt/airflow/dags/prod/airbyte_to_dbt_prod.py
[2026-08-30T12:51:12.662+0000] {processor.py:925} INFO - DAG(s) 'airbyte_to_dbt_pipeline_prod' retrieved from /opt/airflow/dags/prod/airbyte_to_dbt_prod.py
[2026-08-30T12:51:12.703+0000] {logging_mixin.py:190} INFO - [2026-08-30T12:51:12.703+0000] {dag.py:3239} INFO - Sync 1 DAGs
[2026-08-30T12:51:12.732+0000] {logging_mixin.py:190} INFO - [2026-08-30T12:51:12.732+0000] {dag.py:4180} INFO - Setting next_dagrun for airbyte_to_dbt_pipeline_prod to 2026-08-30 11:00:00+00:00, run_after=2026-08-30 12:00:00+00:00
[2026-08-30T12:51:12.756+0000] {processor.py:208} INFO - Processing /opt/airflow/dags/prod/airbyte_to_dbt_prod.py took 0.128 seconds
[2026-08-30T12:51:42.921+0000] {processor.py:186} INFO - Started process (PID=2506) to work on /opt/airflow/dags/prod/airbyte_to_dbt_prod.py
[2026-08-30T12:51:42.922+0000] {processor.py:914} INFO - Processing file /opt/airflow/dags/prod/airbyte_to_dbt_prod.py for tasks to queue
[2026-08-30T12:51:42.925+0000] {logging_mixin.py:190} INFO - [2026-08-30T12:51:42.925+0000] {dagbag.py:588} INFO - Filling up the DagBag from /opt/airflow/dags/prod/airbyte_to_dbt_prod.py
[2026-08-30T12:51:42.952+0000] {processor.py:925} INFO - DAG(s) 'airbyte_to_dbt_pipeline_prod' retrieved from /opt/airflow/dags/prod/airbyte_to_dbt_prod.py
[2026-08-30T12:51:42.996+0000] {logging_mixin.py:190} INFO - [2026-08-30T12:51:42.995+0000] {dag.py:3239} INFO - Sync 1 DAGs
[2026-08-30T12:51:43.028+0000] {logging_mixin.py:190} INFO - [2026-08-30T12:51:43.028+0000] {dag.py:4180} INFO - Setting next_dagrun for airbyte_to_dbt_pipeline_prod to 2026-08-30 11:00:00+00:00, run_after=2026-08-30 12:00:00+00:00
[2026-08-30T12:51:43.053+0000] {processor.py:208} INFO - Processing /opt/airflow/dags/prod/airbyte_to_dbt_prod.py took 0.142 seconds
[2026-08-30T12:52:13.370+0000] {processor.py:186} INFO - Started process (PID=2515) to work on /opt/airflow/dags/prod/airbyte_to_dbt_prod.py
[2026-08-30T12:52:13.372+0000] {processor.py:914} INFO - Processing file /opt/airflow/dags/prod/airbyte_to_dbt_prod.py for tasks to queue
[2026-08-30T12:52:13.467+0000] {logging_mixin.py:190} INFO - [2026-08-30T12:52:13.464+0000] {dagbag.py:588} INFO - Filling up the DagBag from /opt/airflow/dags/prod/airbyte_to_dbt_prod.py
[2026-08-30T12:52:13.642+0000] {processor.py:925} INFO - DAG(s) 'airbyte_to_dbt_pipeline_prod' retrieved from /opt/airflow/dags/prod/airbyte_to_dbt_prod.py
[2026-08-30T12:52:13.853+0000] {logging_mixin.py:190} INFO - [2026-08-30T12:52:13.852+0000] {dag.py:3239} INFO - Sync 1 DAGs
[2026-08-30T12:52:14.157+0000] {logging_mixin.py:190} INFO - [2026-08-30T12:52:14.155+0000] {dag.py:4180} INFO - Setting next_dagrun for airbyte_to_dbt_pipeline_prod to 2026-08-30 11:00:00+00:00, run_after=2026-08-30 12:00:00+00:00
[2026-08-30T12:52:14.228+0000] {processor.py:208} INFO - Processing /opt/airflow/dags/prod/airbyte_to_dbt_prod.py took 0.955 seconds
[2026-08-30T12:52:45.048+0000] {processor.py:186} INFO - Started process (PID=2524) to work on /opt/airflow/dags/prod/airbyte_to_dbt_prod.py
[2026-08-30T12:52:45.052+0000] {processor.py:914} INFO - Processing file /opt/airflow/dags/prod/airbyte_to_dbt_prod.py for tasks to queue
[2026-08-30T12:52:45.167+0000] {logging_mixin.py:190} INFO - [2026-08-30T12:52:45.166+0000] {dagbag.py:588} INFO - Filling up the DagBag from /opt/airflow/dags/prod/airbyte_to_dbt_prod.py
[2026-08-30T12:52:45.587+0000] {processor.py:925} INFO - DAG(s) 'airbyte_to_dbt_pipeline_prod' retrieved from /opt/airflow/dags/prod/airbyte_to_dbt_prod.py
[2026-08-30T12:52:46.015+0000] {logging_mixin.py:190} INFO - [2026-08-30T12:52:46.015+0000] {dag.py:3239} INFO - Sync 1 DAGs
[2026-08-30T12:52:46.254+0000] {logging_mixin.py:190} INFO - [2026-08-30T12:52:46.254+0000] {dag.py:4180} INFO - Setting next_dagrun for airbyte_to_dbt_pipeline_prod to 2026-08-30 11:00:00+00:00, run_after=2026-08-30 12:00:00+00:00
[2026-08-30T12:52:46.319+0000] {processor.py:208} INFO - Processing /opt/airflow/dags/prod/airbyte_to_dbt_prod.py took 1.719 seconds
[2026-08-30T12:53:16.722+0000] {processor.py:186} INFO - Started process (PID=2536) to work on /opt/airflow/dags/prod/airbyte_to_dbt_prod.py
[2026-08-30T12:53:16.727+0000] {processor.py:914} INFO - Processing file /opt/airflow/dags/prod/airbyte_to_dbt_prod.py for tasks to queue
[2026-08-30T12:53:16.732+0000] {logging_mixin.py:190} INFO - [2026-08-30T12:53:16.732+0000] {dagbag.py:588} INFO - Filling up the DagBag from /opt/airflow/dags/prod/airbyte_to_dbt_prod.py
[2026-08-30T12:53:16.761+0000] {processor.py:925} INFO - DAG(s) 'airbyte_to_dbt_pipeline_prod' retrieved from /opt/airflow/dags/prod/airbyte_to_dbt_prod.py
[2026-08-30T12:53:16.834+0000] {logging_mixin.py:190} INFO - [2026-08-30T12:53:16.834+0000] {dag.py:3239} INFO - Sync 1 DAGs
[2026-08-30T12:53:16.889+0000] {logging_mixin.py:190} INFO - [2026-08-30T12:53:16.889+0000] {dag.py:4180} INFO - Setting next_dagrun for airbyte_to_dbt_pipeline_prod to 2026-08-30 11:00:00+00:00, run_after=2026-08-30 12:00:00+00:00
[2026-08-30T12:53:16.922+0000] {processor.py:208} INFO - Processing /opt/airflow/dags/prod/airbyte_to_dbt_prod.py took 0.211 seconds
[2026-08-30T12:53:47.113+0000] {processor.py:186} INFO - Started process (PID=2546) to work on /opt/airflow/dags/prod/airbyte_to_dbt_prod.py
[2026-08-30T12:53:47.114+0000] {processor.py:914} INFO - Processing file /opt/airflow/dags/prod/airbyte_to_dbt_prod.py for tasks to queue
[2026-08-30T12:53:47.117+0000] {logging_mixin.py:190} INFO - [2026-08-30T12:53:47.117+0000] {dagbag.py:588} INFO - Filling up the DagBag from /opt/airflow/dags/prod/airbyte_to_dbt_prod.py
[2026-08-30T12:53:47.141+0000] {processor.py:925} INFO - DAG(s) 'airbyte_to_dbt_pipeline_prod' retrieved from /opt/airflow/dags/prod/airbyte_to_dbt_prod.py
[2026-08-30T12:53:47.195+0000] {logging_mixin.py:190} INFO - [2026-08-30T12:53:47.195+0000] {dag.py:3239} INFO - Sync 1 DAGs
[2026-08-30T12:53:47.231+0000] {logging_mixin.py:190} INFO - [2026-08-30T12:53:47.231+0000] {dag.py:4180} INFO - Setting next_dagrun for airbyte_to_dbt_pipeline_prod to 2026-08-30 11:00:00+00:00, run_after=2026-08-30 12:00:00+00:00
[2026-08-30T12:53:47.255+0000] {processor.py:208} INFO - Processing /opt/airflow/dags/prod/airbyte_to_dbt_prod.py took 0.150 seconds
[2026-08-30T12:54:17.420+0000] {processor.py:186} INFO - Started process (PID=2556) to work on /opt/airflow/dags/prod/airbyte_to_dbt_prod.py
[2026-08-30T12:54:17.421+0000] {processor.py:914} INFO - Processing file /opt/airflow/dags/prod/airbyte_to_dbt_prod.py for tasks to queue
[2026-08-30T12:54:17.424+0000] {logging_mixin.py:190} INFO - [2026-08-30T12:54:17.424+0000] {dagbag.py:588} INFO - Filling up the DagBag from /opt/airflow/dags/prod/airbyte_to_dbt_prod.py
[2026-08-30T12:54:17.445+0000] {processor.py:925} INFO - DAG(s) 'airbyte_to_dbt_pipeline_prod' retrieved from /opt/airflow/dags/prod/airbyte_to_dbt_prod.py
[2026-08-30T12:54:17.493+0000] {logging_mixin.py:190} INFO - [2026-08-30T12:54:17.493+0000] {dag.py:3239} INFO - Sync 1 DAGs
[2026-08-30T12:54:17.528+0000] {logging_mixin.py:190} INFO - [2026-08-30T12:54:17.528+0000] {dag.py:4180} INFO - Setting next_dagrun for airbyte_to_dbt_pipeline_prod to 2026-08-30 11:00:00+00:00, run_after=2026-08-30 12:00:00+00:00
[2026-08-30T12:54:17.554+0000] {processor.py:208} INFO - Processing /opt/airflow/dags/prod/airbyte_to_dbt_prod.py took 0.143 seconds
[2026-08-30T12:54:47.748+0000] {processor.py:186} INFO - Started process (PID=2566) to work on /opt/airflow/dags/prod/airbyte_to_dbt_prod.py
[2026-08-30T12:54:47.749+0000] {processor.py:914} INFO - Processing file /opt/airflow/dags/prod/airbyte_to_dbt_prod.py for tasks to queue
[2026-08-30T12:54:47.753+0000] {logging_mixin.py:190} INFO - [2026-08-30T12:54:47.753+0000] {dagbag.py:588} INFO - Filling up the DagBag from /opt/airflow/dags/prod/airbyte_to_dbt_prod.py
[2026-08-30T12:54:47.783+0000] {processor.py:925} INFO - DAG(s) 'airbyte_to_dbt_pipeline_prod' retrieved from /opt/airflow/dags/prod/airbyte_to_dbt_prod.py
[2026-08-30T12:54:47.839+0000] {logging_mixin.py:190} INFO - [2026-08-30T12:54:47.839+0000] {dag.py:3239} INFO - Sync 1 DAGs
[2026-08-30T12:54:47.934+0000] {logging_mixin.py:190} INFO - [2026-08-30T12:54:47.934+0000] {dag.py:4180} INFO - Setting next_dagrun for airbyte_to_dbt_pipeline_prod to 2026-08-30 11:00:00+00:00, run_after=2026-08-30 12:00:00+00:00
[2026-08-30T12:54:47.984+0000] {processor.py:208} INFO - Processing /opt/airflow/dags/prod/airbyte_to_dbt_prod.py took 0.249 seconds
[2026-08-30T12:55:18.229+0000] {processor.py:186} INFO - Started process (PID=2574) to work on /opt/airflow/dags/prod/airbyte_to_dbt_prod.py
[2026-08-30T12:55:18.236+0000] {processor.py:914} INFO - Processing file /opt/airflow/dags/prod/airbyte_to_dbt_prod.py for tasks to queue
[2026-08-30T12:55:18.247+0000] {logging_mixin.py:190} INFO - [2026-08-30T12:55:18.244+0000] {dagbag.py:588} INFO - Filling up the DagBag from /opt/airflow/dags/prod/airbyte_to_dbt_prod.py
[2026-08-30T12:55:18.414+0000] {processor.py:925} INFO - DAG(s) 'airbyte_to_dbt_pipeline_prod' retrieved from /opt/airflow/dags/prod/airbyte_to_dbt_prod.py
[2026-08-30T12:55:18.527+0000] {logging_mixin.py:190} INFO - [2026-08-30T12:55:18.527+0000] {dag.py:3239} INFO - Sync 1 DAGs
[2026-08-30T12:55:18.640+0000] {logging_mixin.py:190} INFO - [2026-08-30T12:55:18.640+0000] {dag.py:4180} INFO - Setting next_dagrun for airbyte_to_dbt_pipeline_prod to 2026-08-30 11:00:00+00:00, run_after=2026-08-30 12:00:00+00:00
[2026-08-30T12:55:18.665+0000] {processor.py:208} INFO - Processing /opt/airflow/dags/prod/airbyte_to_dbt_prod.py took 0.454 seconds
[2026-08-30T12:55:48.915+0000] {processor.py:186} INFO - Started process (PID=2584) to work on /opt/airflow/dags/prod/airbyte_to_dbt_prod.py
[2026-08-30T12:55:48.917+0000] {processor.py:914} INFO - Processing file /opt/airflow/dags/prod/airbyte_to_dbt_prod.py for tasks to queue
[2026-08-30T12:55:48.948+0000] {logging_mixin.py:190} INFO - [2026-08-30T12:55:48.948+0000] {dagbag.py:588} INFO - Filling up the DagBag from /opt/airflow/dags/prod/airbyte_to_dbt_prod.py
[2026-08-30T12:55:49.046+0000] {processor.py:925} INFO - DAG(s) 'airbyte_to_dbt_pipeline_prod' retrieved from /opt/airflow/dags/prod/airbyte_to_dbt_prod.py
[2026-08-30T12:55:49.204+0000] {logging_mixin.py:190} INFO - [2026-08-30T12:55:49.204+0000] {dag.py:3239} INFO - Sync 1 DAGs
[2026-08-30T12:55:49.300+0000] {logging_mixin.py:190} INFO - [2026-08-30T12:55:49.299+0000] {dag.py:4180} INFO - Setting next_dagrun for airbyte_to_dbt_pipeline_prod to 2026-08-30 11:00:00+00:00, run_after=2026-08-30 12:00:00+00:00
[2026-08-30T12:55:49.326+0000] {processor.py:208} INFO - Processing /opt/airflow/dags/prod/airbyte_to_dbt_prod.py took 0.488 seconds
[2026-08-30T12:56:19.514+0000] {processor.py:186} INFO - Started process (PID=2596) to work on /opt/airflow/dags/prod/airbyte_to_dbt_prod.py
[2026-08-30T12:56:19.515+0000] {processor.py:914} INFO - Processing file /opt/airflow/dags/prod/airbyte_to_dbt_prod.py for tasks to queue
[2026-08-30T12:56:19.519+0000] {logging_mixin.py:190} INFO - [2026-08-30T12:56:19.519+0000] {dagbag.py:588} INFO - Filling up the DagBag from /opt/airflow/dags/prod/airbyte_to_dbt_prod.py
[2026-08-30T12:56:19.549+0000] {processor.py:925} INFO - DAG(s) 'airbyte_to_dbt_pipeline_prod' retrieved from /opt/airflow/dags/prod/airbyte_to_dbt_prod.py
[2026-08-30T12:56:19.618+0000] {logging_mixin.py:190} INFO - [2026-08-30T12:56:19.618+0000] {dag.py:3239} INFO - Sync 1 DAGs
[2026-08-30T12:56:19.657+0000] {logging_mixin.py:190} INFO - [2026-08-30T12:56:19.657+0000] {dag.py:4180} INFO - Setting next_dagrun for airbyte_to_dbt_pipeline_prod to 2026-08-30 11:00:00+00:00, run_after=2026-08-30 12:00:00+00:00
[2026-08-30T12:56:19.679+0000] {processor.py:208} INFO - Processing /opt/airflow/dags/prod/airbyte_to_dbt_prod.py took 0.176 seconds
[2026-08-30T12:56:49.845+0000] {processor.py:186} INFO - Started process (PID=2606) to work on /opt/airflow/dags/prod/airbyte_to_dbt_prod.py
[2026-08-30T12:56:49.846+0000] {processor.py:914} INFO - Processing file /opt/airflow/dags/prod/airbyte_to_dbt_prod.py for tasks to queue
[2026-08-30T12:56:49.849+0000] {logging_mixin.py:190} INFO - [2026-08-30T12:56:49.848+0000] {dagbag.py:588} INFO - Filling up the DagBag from /opt/airflow/dags/prod/airbyte_to_dbt_prod.py
[2026-08-30T12:56:49.874+0000] {processor.py:925} INFO - DAG(s) 'airbyte_to_dbt_pipeline_prod' retrieved from /opt/airflow/dags/prod/airbyte_to_dbt_prod.py
[2026-08-30T12:56:49.918+0000] {logging_mixin.py:190} INFO - [2026-08-30T12:56:49.918+0000] {dag.py:3239} INFO - Sync 1 DAGs
[2026-08-30T12:56:49.956+0000] {logging_mixin.py:190} INFO - [2026-08-30T12:56:49.956+0000] {dag.py:4180} INFO - Setting next_dagrun for airbyte_to_dbt_pipeline_prod to 2026-08-30 11:00:00+00:00, run_after=2026-08-30 12:00:00+00:00
[2026-08-30T12:56:49.979+0000] {processor.py:208} INFO - Processing /opt/airflow/dags/prod/airbyte_to_dbt_prod.py took 0.144 seconds
[2026-08-30T12:57:20.139+0000] {processor.py:186} INFO - Started process (PID=2616) to work on /opt/airflow/dags/prod/airbyte_to_dbt_prod.py
[2026-08-30T12:57:20.140+0000] {processor.py:914} INFO - Processing file /opt/airflow/dags/prod/airbyte_to_dbt_prod.py for tasks to queue
[2026-08-30T12:57:20.144+0000] {logging_mixin.py:190} INFO - [2026-08-30T12:57:20.143+0000] {dagbag.py:588} INFO - Filling up the DagBag from /opt/airflow/dags/prod/airbyte_to_dbt_prod.py
[2026-08-30T12:57:20.171+0000] {processor.py:925} INFO - DAG(s) 'airbyte_to_dbt_pipeline_prod' retrieved from /opt/airflow/dags/prod/airbyte_to_dbt_prod.py
[2026-08-30T12:57:20.226+0000] {logging_mixin.py:190} INFO - [2026-08-30T12:57:20.225+0000] {dag.py:3239} INFO - Sync 1 DAGs
[2026-08-30T12:57:20.268+0000] {logging_mixin.py:190} INFO - [2026-08-30T12:57:20.268+0000] {dag.py:4180} INFO - Setting next_dagrun for airbyte_to_dbt_pipeline_prod to 2026-08-30 11:00:00+00:00, run_after=2026-08-30 12:00:00+00:00
[2026-08-30T12:57:20.296+0000] {processor.py:208} INFO - Processing /opt/airflow/dags/prod/airbyte_to_dbt_prod.py took 0.171 seconds
[2026-08-30T12:57:50.464+0000] {processor.py:186} INFO - Started process (PID=2626) to work on /opt/airflow/dags/prod/airbyte_to_dbt_prod.py
[2026-08-30T12:57:50.465+0000] {processor.py:914} INFO - Processing file /opt/airflow/dags/prod/airbyte_to_dbt_prod.py for tasks to queue
[2026-08-30T12:57:50.468+0000] {logging_mixin.py:190} INFO - [2026-08-30T12:57:50.468+0000] {dagbag.py:588} INFO - Filling up the DagBag from /opt/airflow/dags/prod/airbyte_to_dbt_prod.py
[2026-08-30T12:57:50.491+0000] {processor.py:925} INFO - DAG(s) 'airbyte_to_dbt_pipeline_prod' retrieved from /opt/airflow/dags/prod/airbyte_to_dbt_prod.py
[2026-08-30T12:57:50.539+0000] {logging_mixin.py:190} INFO - [2026-08-30T12:57:50.539+0000] {dag.py:3239} INFO - Sync 1 DAGs
[2026-08-30T12:57:50.573+0000] {logging_mixin.py:190} INFO - [2026-08-30T12:57:50.573+0000] {dag.py:4180} INFO - Setting next_dagrun for airbyte_to_dbt_pipeline_prod to 2026-08-30 11:00:00+00:00, run_after=2026-08-30 12:00:00+00:00
[2026-08-30T12:57:50.600+0000] {processor.py:208} INFO - Processing /opt/airflow/dags/prod/airbyte_to_dbt_prod.py took 0.144 seconds
[2026-08-30T12:58:20.793+0000] {processor.py:186} INFO - Started process (PID=2636) to work on /opt/airflow/dags/prod/airbyte_to_dbt_prod.py
[2026-08-30T12:58:20.794+0000] {processor.py:914} INFO - Processing file /opt/airflow/dags/prod/airbyte_to_dbt_prod.py for tasks to queue
[2026-08-30T12:58:20.798+0000] {logging_mixin.py:190} INFO - [2026-08-30T12:58:20.798+0000] {dagbag.py:588} INFO - Filling up the DagBag from /opt/airflow/dags/prod/airbyte_to_dbt_prod.py
[2026-08-30T12:58:20.829+0000] {processor.py:925} INFO - DAG(s) 'airbyte_to_dbt_pipeline_prod' retrieved from /opt/airflow/dags/prod/airbyte_to_dbt_prod.py
[2026-08-30T12:58:20.886+0000] {logging_mixin.py:190} INFO - [2026-08-30T12:58:20.885+0000] {dag.py:3239} INFO - Sync 1 DAGs
[2026-08-30T12:58:20.929+0000] {logging_mixin.py:190} INFO - [2026-08-30T12:58:20.928+0000] {dag.py:4180} INFO - Setting next_dagrun for airbyte_to_dbt_pipeline_prod to 2026-08-30 11:00:00+00:00, run_after=2026-08-30 12:00:00+00:00
[2026-08-30T12:58:20.955+0000] {processor.py:208} INFO - Processing /opt/airflow/dags/prod/airbyte_to_dbt_prod.py took 0.173 seconds
[2026-08-30T12:58:51.136+0000] {processor.py:186} INFO - Started process (PID=2646) to work on /opt/airflow/dags/prod/airbyte_to_dbt_prod.py
[2026-08-30T12:58:51.137+0000] {processor.py:914} INFO - Processing file /opt/airflow/dags/prod/airbyte_to_dbt_prod.py for tasks to queue
[2026-08-30T12:58:51.142+0000] {logging_mixin.py:190} INFO - [2026-08-30T12:58:51.141+0000] {dagbag.py:588} INFO - Filling up the DagBag from /opt/airflow/dags/prod/airbyte_to_dbt_prod.py
[2026-08-30T12:58:51.170+0000] {processor.py:925} INFO - DAG(s) 'airbyte_to_dbt_pipeline_prod' retrieved from /opt/airflow/dags/prod/airbyte_to_dbt_prod.py
[2026-08-30T12:58:51.216+0000] {logging_mixin.py:190} INFO - [2026-08-30T12:58:51.215+0000] {dag.py:3239} INFO - Sync 1 DAGs
[2026-08-30T12:58:51.250+0000] {logging_mixin.py:190} INFO - [2026-08-30T12:58:51.250+0000] {dag.py:4180} INFO - Setting next_dagrun for airbyte_to_dbt_pipeline_prod to 2026-08-30 11:00:00+00:00, run_after=2026-08-30 12:00:00+00:00
[2026-08-30T12:58:51.273+0000] {processor.py:208} INFO - Processing /opt/airflow/dags/prod/airbyte_to_dbt_prod.py took 0.148 seconds
[2026-08-30T12:59:21.508+0000] {processor.py:186} INFO - Started process (PID=2655) to work on /opt/airflow/dags/prod/airbyte_to_dbt_prod.py
[2026-08-30T12:59:21.511+0000] {processor.py:914} INFO - Processing file /opt/airflow/dags/prod/airbyte_to_dbt_prod.py for tasks to queue
[2026-08-30T12:59:21.549+0000] {logging_mixin.py:190} INFO - [2026-08-30T12:59:21.548+0000] {dagbag.py:588} INFO - Filling up the DagBag from /opt/airflow/dags/prod/airbyte_to_dbt_prod.py
[2026-08-30T12:59:21.786+0000] {processor.py:925} INFO - DAG(s) 'airbyte_to_dbt_pipeline_prod' retrieved from /opt/airflow/dags/prod/airbyte_to_dbt_prod.py
[2026-08-30T12:59:22.098+0000] {logging_mixin.py:190} INFO - [2026-08-30T12:59:22.098+0000] {dag.py:3239} INFO - Sync 1 DAGs
[2026-08-30T12:59:22.167+0000] {logging_mixin.py:190} INFO - [2026-08-30T12:59:22.167+0000] {dag.py:4180} INFO - Setting next_dagrun for airbyte_to_dbt_pipeline_prod to 2026-08-30 11:00:00+00:00, run_after=2026-08-30 12:00:00+00:00
[2026-08-30T12:59:22.194+0000] {processor.py:208} INFO - Processing /opt/airflow/dags/prod/airbyte_to_dbt_prod.py took 0.749 seconds
[2026-08-30T12:59:52.685+0000] {processor.py:186} INFO - Started process (PID=2664) to work on /opt/airflow/dags/prod/airbyte_to_dbt_prod.py
[2026-08-30T12:59:52.689+0000] {processor.py:914} INFO - Processing file /opt/airflow/dags/prod/airbyte_to_dbt_prod.py for tasks to queue
[2026-08-30T12:59:52.836+0000] {logging_mixin.py:190} INFO - [2026-08-30T12:59:52.815+0000] {dagbag.py:588} INFO - Filling up the DagBag from /opt/airflow/dags/prod/airbyte_to_dbt_prod.py
[2026-08-30T12:59:53.619+0000] {processor.py:925} INFO - DAG(s) 'airbyte_to_dbt_pipeline_prod' retrieved from /opt/airflow/dags/prod/airbyte_to_dbt_prod.py
[2026-08-30T12:59:55.296+0000] {logging_mixin.py:190} INFO - [2026-08-30T12:59:55.295+0000] {dag.py:3239} INFO - Sync 1 DAGs
[2026-08-30T12:59:55.629+0000] {logging_mixin.py:190} INFO - [2026-08-30T12:59:55.628+0000] {dag.py:4180} INFO - Setting next_dagrun for airbyte_to_dbt_pipeline_prod to 2026-08-30 11:00:00+00:00, run_after=2026-08-30 12:00:00+00:00
[2026-08-30T12:59:55.663+0000] {processor.py:208} INFO - Processing /opt/airflow/dags/prod/airbyte_to_dbt_prod.py took 3.131 seconds
[2026-08-30T13:00:26.940+0000] {processor.py:186} INFO - Started process (PID=2674) to work on /opt/airflow/dags/prod/airbyte_to_dbt_prod.py
[2026-08-30T13:00:26.956+0000] {processor.py:914} INFO - Processing file /opt/airflow/dags/prod/airbyte_to_dbt_prod.py for tasks to queue
[2026-08-30T13:00:27.284+0000] {logging_mixin.py:190} INFO - [2026-08-30T13:00:27.272+0000] {dagbag.py:588} INFO - Filling up the DagBag from /opt/airflow/dags/prod/airbyte_to_dbt_prod.py
[2026-08-30T13:00:28.270+0000] {processor.py:925} INFO - DAG(s) 'airbyte_to_dbt_pipeline_prod' retrieved from /opt/airflow/dags/prod/airbyte_to_dbt_prod.py
[2026-08-30T13:00:29.837+0000] {logging_mixin.py:190} INFO - [2026-08-30T13:00:29.836+0000] {dag.py:3239} INFO - Sync 1 DAGs
[2026-08-30T13:00:32.471+0000] {logging_mixin.py:190} INFO - [2026-08-30T13:00:32.453+0000] {dag.py:4180} INFO - Setting next_dagrun for airbyte_to_dbt_pipeline_prod to 2026-08-30 12:00:00+00:00, run_after=2026-08-30 13:00:00+00:00
[2026-08-30T13:00:32.589+0000] {processor.py:208} INFO - Processing /opt/airflow/dags/prod/airbyte_to_dbt_prod.py took 6.330 seconds
[2026-08-30T13:01:03.033+0000] {processor.py:186} INFO - Started process (PID=2686) to work on /opt/airflow/dags/prod/airbyte_to_dbt_prod.py
[2026-08-30T13:01:03.035+0000] {processor.py:914} INFO - Processing file /opt/airflow/dags/prod/airbyte_to_dbt_prod.py for tasks to queue
[2026-08-30T13:01:03.042+0000] {logging_mixin.py:190} INFO - [2026-08-30T13:01:03.042+0000] {dagbag.py:588} INFO - Filling up the DagBag from /opt/airflow/dags/prod/airbyte_to_dbt_prod.py
[2026-08-30T13:01:03.084+0000] {processor.py:925} INFO - DAG(s) 'airbyte_to_dbt_pipeline_prod' retrieved from /opt/airflow/dags/prod/airbyte_to_dbt_prod.py
[2026-08-30T13:01:03.153+0000] {logging_mixin.py:190} INFO - [2026-08-30T13:01:03.153+0000] {dag.py:3239} INFO - Sync 1 DAGs
[2026-08-30T13:01:03.217+0000] {logging_mixin.py:190} INFO - [2026-08-30T13:01:03.216+0000] {dag.py:4180} INFO - Setting next_dagrun for airbyte_to_dbt_pipeline_prod to 2026-08-30 12:00:00+00:00, run_after=2026-08-30 13:00:00+00:00
[2026-08-30T13:01:03.242+0000] {processor.py:208} INFO - Processing /opt/airflow/dags/prod/airbyte_to_dbt_prod.py took 0.224 seconds
[2026-08-30T13:01:33.465+0000] {processor.py:186} INFO - Started process (PID=2696) to work on /opt/airflow/dags/prod/airbyte_to_dbt_prod.py
[2026-08-30T13:01:33.466+0000] {processor.py:914} INFO - Processing file /opt/airflow/dags/prod/airbyte_to_dbt_prod.py for tasks to queue
[2026-08-30T13:01:33.469+0000] {logging_mixin.py:190} INFO - [2026-08-30T13:01:33.469+0000] {dagbag.py:588} INFO - Filling up the DagBag from /opt/airflow/dags/prod/airbyte_to_dbt_prod.py
[2026-08-30T13:01:33.490+0000] {processor.py:925} INFO - DAG(s) 'airbyte_to_dbt_pipeline_prod' retrieved from /opt/airflow/dags/prod/airbyte_to_dbt_prod.py
[2026-08-30T13:01:33.535+0000] {logging_mixin.py:190} INFO - [2026-08-30T13:01:33.535+0000] {dag.py:3239} INFO - Sync 1 DAGs
[2026-08-30T13:01:33.568+0000] {logging_mixin.py:190} INFO - [2026-08-30T13:01:33.567+0000] {dag.py:4180} INFO - Setting next_dagrun for airbyte_to_dbt_pipeline_prod to 2026-08-30 12:00:00+00:00, run_after=2026-08-30 13:00:00+00:00
[2026-08-30T13:01:33.592+0000] {processor.py:208} INFO - Processing /opt/airflow/dags/prod/airbyte_to_dbt_prod.py took 0.136 seconds
[2026-08-30T13:02:03.754+0000] {processor.py:186} INFO - Started process (PID=2706) to work on /opt/airflow/dags/prod/airbyte_to_dbt_prod.py
[2026-08-30T13:02:03.757+0000] {processor.py:914} INFO - Processing file /opt/airflow/dags/prod/airbyte_to_dbt_prod.py for tasks to queue
[2026-08-30T13:02:03.762+0000] {logging_mixin.py:190} INFO - [2026-08-30T13:02:03.762+0000] {dagbag.py:588} INFO - Filling up the DagBag from /opt/airflow/dags/prod/airbyte_to_dbt_prod.py
[2026-08-30T13:02:03.790+0000] {processor.py:925} INFO - DAG(s) 'airbyte_to_dbt_pipeline_prod' retrieved from /opt/airflow/dags/prod/airbyte_to_dbt_prod.py
[2026-08-30T13:02:03.845+0000] {logging_mixin.py:190} INFO - [2026-08-30T13:02:03.844+0000] {dag.py:3239} INFO - Sync 1 DAGs
[2026-08-30T13:02:03.883+0000] {logging_mixin.py:190} INFO - [2026-08-30T13:02:03.882+0000] {dag.py:4180} INFO - Setting next_dagrun for airbyte_to_dbt_pipeline_prod to 2026-08-30 12:00:00+00:00, run_after=2026-08-30 13:00:00+00:00
[2026-08-30T13:02:03.909+0000] {processor.py:208} INFO - Processing /opt/airflow/dags/prod/airbyte_to_dbt_prod.py took 0.167 seconds
[2026-08-30T13:02:34.142+0000] {processor.py:186} INFO - Started process (PID=2716) to work on /opt/airflow/dags/prod/airbyte_to_dbt_prod.py
[2026-08-30T13:02:34.143+0000] {processor.py:914} INFO - Processing file /opt/airflow/dags/prod/airbyte_to_dbt_prod.py for tasks to queue
[2026-08-30T13:02:34.162+0000] {logging_mixin.py:190} INFO - [2026-08-30T13:02:34.151+0000] {dagbag.py:588} INFO - Filling up the DagBag from /opt/airflow/dags/prod/airbyte_to_dbt_prod.py
[2026-08-30T13:02:34.247+0000] {processor.py:925} INFO - DAG(s) 'airbyte_to_dbt_pipeline_prod' retrieved from /opt/airflow/dags/prod/airbyte_to_dbt_prod.py
[2026-08-30T13:02:34.357+0000] {logging_mixin.py:190} INFO - [2026-08-30T13:02:34.356+0000] {dag.py:3239} INFO - Sync 1 DAGs
[2026-08-30T13:02:34.433+0000] {logging_mixin.py:190} INFO - [2026-08-30T13:02:34.432+0000] {dag.py:4180} INFO - Setting next_dagrun for airbyte_to_dbt_pipeline_prod to 2026-08-30 12:00:00+00:00, run_after=2026-08-30 13:00:00+00:00
[2026-08-30T13:02:34.527+0000] {processor.py:208} INFO - Processing /opt/airflow/dags/prod/airbyte_to_dbt_prod.py took 0.448 seconds
[2026-08-30T13:03:04.734+0000] {processor.py:186} INFO - Started process (PID=2726) to work on /opt/airflow/dags/prod/airbyte_to_dbt_prod.py
[2026-08-30T13:03:04.736+0000] {processor.py:914} INFO - Processing file /opt/airflow/dags/prod/airbyte_to_dbt_prod.py for tasks to queue
[2026-08-30T13:03:04.740+0000] {logging_mixin.py:190} INFO - [2026-08-30T13:03:04.739+0000] {dagbag.py:588} INFO - Filling up the DagBag from /opt/airflow/dags/prod/airbyte_to_dbt_prod.py
[2026-08-30T13:03:04.774+0000] {processor.py:925} INFO - DAG(s) 'airbyte_to_dbt_pipeline_prod' retrieved from /opt/airflow/dags/prod/airbyte_to_dbt_prod.py
[2026-08-30T13:03:04.836+0000] {logging_mixin.py:190} INFO - [2026-08-30T13:03:04.836+0000] {dag.py:3239} INFO - Sync 1 DAGs
[2026-08-30T13:03:04.880+0000] {logging_mixin.py:190} INFO - [2026-08-30T13:03:04.880+0000] {dag.py:4180} INFO - Setting next_dagrun for airbyte_to_dbt_pipeline_prod to 2026-08-30 12:00:00+00:00, run_after=2026-08-30 13:00:00+00:00
[2026-08-30T13:03:04.910+0000] {processor.py:208} INFO - Processing /opt/airflow/dags/prod/airbyte_to_dbt_prod.py took 0.202 seconds
[2026-08-30T13:03:35.130+0000] {processor.py:186} INFO - Started process (PID=2736) to work on /opt/airflow/dags/prod/airbyte_to_dbt_prod.py
[2026-08-30T13:03:35.132+0000] {processor.py:914} INFO - Processing file /opt/airflow/dags/prod/airbyte_to_dbt_prod.py for tasks to queue
[2026-08-30T13:03:35.135+0000] {logging_mixin.py:190} INFO - [2026-08-30T13:03:35.135+0000] {dagbag.py:588} INFO - Filling up the DagBag from /opt/airflow/dags/prod/airbyte_to_dbt_prod.py
[2026-08-30T13:03:35.164+0000] {processor.py:925} INFO - DAG(s) 'airbyte_to_dbt_pipeline_prod' retrieved from /opt/airflow/dags/prod/airbyte_to_dbt_prod.py
[2026-08-30T13:03:35.218+0000] {logging_mixin.py:190} INFO - [2026-08-30T13:03:35.218+0000] {dag.py:3239} INFO - Sync 1 DAGs
[2026-08-30T13:03:35.253+0000] {logging_mixin.py:190} INFO - [2026-08-30T13:03:35.253+0000] {dag.py:4180} INFO - Setting next_dagrun for airbyte_to_dbt_pipeline_prod to 2026-08-30 12:00:00+00:00, run_after=2026-08-30 13:00:00+00:00
[2026-08-30T13:03:35.278+0000] {processor.py:208} INFO - Processing /opt/airflow/dags/prod/airbyte_to_dbt_prod.py took 0.158 seconds
[2026-08-30T13:04:05.489+0000] {processor.py:186} INFO - Started process (PID=2746) to work on /opt/airflow/dags/prod/airbyte_to_dbt_prod.py
[2026-08-30T13:04:05.490+0000] {processor.py:914} INFO - Processing file /opt/airflow/dags/prod/airbyte_to_dbt_prod.py for tasks to queue
[2026-08-30T13:04:05.493+0000] {logging_mixin.py:190} INFO - [2026-08-30T13:04:05.493+0000] {dagbag.py:588} INFO - Filling up the DagBag from /opt/airflow/dags/prod/airbyte_to_dbt_prod.py
[2026-08-30T13:04:05.521+0000] {processor.py:925} INFO - DAG(s) 'airbyte_to_dbt_pipeline_prod' retrieved from /opt/airflow/dags/prod/airbyte_to_dbt_prod.py
[2026-08-30T13:04:05.583+0000] {logging_mixin.py:190} INFO - [2026-08-30T13:04:05.583+0000] {dag.py:3239} INFO - Sync 1 DAGs
[2026-08-30T13:04:05.637+0000] {logging_mixin.py:190} INFO - [2026-08-30T13:04:05.636+0000] {dag.py:4180} INFO - Setting next_dagrun for airbyte_to_dbt_pipeline_prod to 2026-08-30 12:00:00+00:00, run_after=2026-08-30 13:00:00+00:00
[2026-08-30T13:04:05.675+0000] {processor.py:208} INFO - Processing /opt/airflow/dags/prod/airbyte_to_dbt_prod.py took 0.197 seconds
[2026-08-30T13:04:36.356+0000] {processor.py:186} INFO - Started process (PID=2755) to work on /opt/airflow/dags/prod/airbyte_to_dbt_prod.py
[2026-08-30T13:04:36.371+0000] {processor.py:914} INFO - Processing file /opt/airflow/dags/prod/airbyte_to_dbt_prod.py for tasks to queue
[2026-08-30T13:04:36.599+0000] {logging_mixin.py:190} INFO - [2026-08-30T13:04:36.556+0000] {dagbag.py:588} INFO - Filling up the DagBag from /opt/airflow/dags/prod/airbyte_to_dbt_prod.py
[2026-08-30T13:04:37.438+0000] {processor.py:925} INFO - DAG(s) 'airbyte_to_dbt_pipeline_prod' retrieved from /opt/airflow/dags/prod/airbyte_to_dbt_prod.py
[2026-08-30T13:04:37.879+0000] {logging_mixin.py:190} INFO - [2026-08-30T13:04:37.879+0000] {dag.py:3239} INFO - Sync 1 DAGs
[2026-08-30T13:04:38.048+0000] {logging_mixin.py:190} INFO - [2026-08-30T13:04:38.047+0000] {dag.py:4180} INFO - Setting next_dagrun for airbyte_to_dbt_pipeline_prod to 2026-08-30 12:00:00+00:00, run_after=2026-08-30 13:00:00+00:00
[2026-08-30T13:04:38.095+0000] {processor.py:208} INFO - Processing /opt/airflow/dags/prod/airbyte_to_dbt_prod.py took 2.139 seconds
[2026-08-30T13:05:08.490+0000] {processor.py:186} INFO - Started process (PID=2764) to work on /opt/airflow/dags/prod/airbyte_to_dbt_prod.py
[2026-08-30T13:05:08.493+0000] {processor.py:914} INFO - Processing file /opt/airflow/dags/prod/airbyte_to_dbt_prod.py for tasks to queue
[2026-08-30T13:05:08.687+0000] {logging_mixin.py:190} INFO - [2026-08-30T13:05:08.678+0000] {dagbag.py:588} INFO - Filling up the DagBag from /opt/airflow/dags/prod/airbyte_to_dbt_prod.py
[2026-08-30T13:05:09.010+0000] {processor.py:925} INFO - DAG(s) 'airbyte_to_dbt_pipeline_prod' retrieved from /opt/airflow/dags/prod/airbyte_to_dbt_prod.py
[2026-08-30T13:05:09.270+0000] {logging_mixin.py:190} INFO - [2026-08-30T13:05:09.269+0000] {dag.py:3239} INFO - Sync 1 DAGs
[2026-08-30T13:05:09.615+0000] {logging_mixin.py:190} INFO - [2026-08-30T13:05:09.615+0000] {dag.py:4180} INFO - Setting next_dagrun for airbyte_to_dbt_pipeline_prod to 2026-08-30 12:00:00+00:00, run_after=2026-08-30 13:00:00+00:00
[2026-08-30T13:05:09.656+0000] {processor.py:208} INFO - Processing /opt/airflow/dags/prod/airbyte_to_dbt_prod.py took 1.267 seconds
[2026-08-30T13:05:40.002+0000] {processor.py:186} INFO - Started process (PID=2774) to work on /opt/airflow/dags/prod/airbyte_to_dbt_prod.py
[2026-08-30T13:05:40.004+0000] {processor.py:914} INFO - Processing file /opt/airflow/dags/prod/airbyte_to_dbt_prod.py for tasks to queue
[2026-08-30T13:05:40.054+0000] {logging_mixin.py:190} INFO - [2026-08-30T13:05:40.049+0000] {dagbag.py:588} INFO - Filling up the DagBag from /opt/airflow/dags/prod/airbyte_to_dbt_prod.py
[2026-08-30T13:05:40.338+0000] {processor.py:925} INFO - DAG(s) 'airbyte_to_dbt_pipeline_prod' retrieved from /opt/airflow/dags/prod/airbyte_to_dbt_prod.py
[2026-08-30T13:05:40.600+0000] {logging_mixin.py:190} INFO - [2026-08-30T13:05:40.599+0000] {dag.py:3239} INFO - Sync 1 DAGs
[2026-08-30T13:05:40.766+0000] {logging_mixin.py:190} INFO - [2026-08-30T13:05:40.766+0000] {dag.py:4180} INFO - Setting next_dagrun for airbyte_to_dbt_pipeline_prod to 2026-08-30 12:00:00+00:00, run_after=2026-08-30 13:00:00+00:00
[2026-08-30T13:05:40.790+0000] {processor.py:208} INFO - Processing /opt/airflow/dags/prod/airbyte_to_dbt_prod.py took 0.907 seconds
[2026-08-30T13:06:10.960+0000] {processor.py:186} INFO - Started process (PID=2786) to work on /opt/airflow/dags/prod/airbyte_to_dbt_prod.py
[2026-08-30T13:06:10.961+0000] {processor.py:914} INFO - Processing file /opt/airflow/dags/prod/airbyte_to_dbt_prod.py for tasks to queue
[2026-08-30T13:06:10.964+0000] {logging_mixin.py:190} INFO - [2026-08-30T13:06:10.963+0000] {dagbag.py:588} INFO - Filling up the DagBag from /opt/airflow/dags/prod/airbyte_to_dbt_prod.py
[2026-08-30T13:06:10.986+0000] {processor.py:925} INFO - DAG(s) 'airbyte_to_dbt_pipeline_prod' retrieved from /opt/airflow/dags/prod/airbyte_to_dbt_prod.py
[2026-08-30T13:06:11.023+0000] {logging_mixin.py:190} INFO - [2026-08-30T13:06:11.023+0000] {dag.py:3239} INFO - Sync 1 DAGs
[2026-08-30T13:06:11.054+0000] {logging_mixin.py:190} INFO - [2026-08-30T13:06:11.054+0000] {dag.py:4180} INFO - Setting next_dagrun for airbyte_to_dbt_pipeline_prod to 2026-08-30 12:00:00+00:00, run_after=2026-08-30 13:00:00+00:00
[2026-08-30T13:06:11.077+0000] {processor.py:208} INFO - Processing /opt/airflow/dags/prod/airbyte_to_dbt_prod.py took 0.126 seconds
[2026-08-30T13:06:41.257+0000] {processor.py:186} INFO - Started process (PID=2796) to work on /opt/airflow/dags/prod/airbyte_to_dbt_prod.py
[2026-08-30T13:06:41.258+0000] {processor.py:914} INFO - Processing file /opt/airflow/dags/prod/airbyte_to_dbt_prod.py for tasks to queue
[2026-08-30T13:06:41.261+0000] {logging_mixin.py:190} INFO - [2026-08-30T13:06:41.261+0000] {dagbag.py:588} INFO - Filling up the DagBag from /opt/airflow/dags/prod/airbyte_to_dbt_prod.py
[2026-08-30T13:06:41.292+0000] {processor.py:925} INFO - DAG(s) 'airbyte_to_dbt_pipeline_prod' retrieved from /opt/airflow/dags/prod/airbyte_to_dbt_prod.py
[2026-08-30T13:06:41.336+0000] {logging_mixin.py:190} INFO - [2026-08-30T13:06:41.336+0000] {dag.py:3239} INFO - Sync 1 DAGs
[2026-08-30T13:06:41.369+0000] {logging_mixin.py:190} INFO - [2026-08-30T13:06:41.368+0000] {dag.py:4180} INFO - Setting next_dagrun for airbyte_to_dbt_pipeline_prod to 2026-08-30 12:00:00+00:00, run_after=2026-08-30 13:00:00+00:00
[2026-08-30T13:06:41.392+0000] {processor.py:208} INFO - Processing /opt/airflow/dags/prod/airbyte_to_dbt_prod.py took 0.145 seconds
[2026-08-30T13:07:11.541+0000] {processor.py:186} INFO - Started process (PID=2806) to work on /opt/airflow/dags/prod/airbyte_to_dbt_prod.py
[2026-08-30T13:07:11.542+0000] {processor.py:914} INFO - Processing file /opt/airflow/dags/prod/airbyte_to_dbt_prod.py for tasks to queue
[2026-08-30T13:07:11.546+0000] {logging_mixin.py:190} INFO - [2026-08-30T13:07:11.545+0000] {dagbag.py:588} INFO - Filling up the DagBag from /opt/airflow/dags/prod/airbyte_to_dbt_prod.py
[2026-08-30T13:07:11.569+0000] {processor.py:925} INFO - DAG(s) 'airbyte_to_dbt_pipeline_prod' retrieved from /opt/airflow/dags/prod/airbyte_to_dbt_prod.py
[2026-08-30T13:07:11.616+0000] {logging_mixin.py:190} INFO - [2026-08-30T13:07:11.615+0000] {dag.py:3239} INFO - Sync 1 DAGs
[2026-08-30T13:07:11.648+0000] {logging_mixin.py:190} INFO - [2026-08-30T13:07:11.647+0000] {dag.py:4180} INFO - Setting next_dagrun for airbyte_to_dbt_pipeline_prod to 2026-08-30 12:00:00+00:00, run_after=2026-08-30 13:00:00+00:00
[2026-08-30T13:07:11.672+0000] {processor.py:208} INFO - Processing /opt/airflow/dags/prod/airbyte_to_dbt_prod.py took 0.139 seconds
[2026-08-30T13:07:41.875+0000] {processor.py:186} INFO - Started process (PID=2816) to work on /opt/airflow/dags/prod/airbyte_to_dbt_prod.py
[2026-08-30T13:07:41.877+0000] {processor.py:914} INFO - Processing file /opt/airflow/dags/prod/airbyte_to_dbt_prod.py for tasks to queue
[2026-08-30T13:07:41.882+0000] {logging_mixin.py:190} INFO - [2026-08-30T13:07:41.881+0000] {dagbag.py:588} INFO - Filling up the DagBag from /opt/airflow/dags/prod/airbyte_to_dbt_prod.py
[2026-08-30T13:07:41.917+0000] {processor.py:925} INFO - DAG(s) 'airbyte_to_dbt_pipeline_prod' retrieved from /opt/airflow/dags/prod/airbyte_to_dbt_prod.py
[2026-08-30T13:07:41.983+0000] {logging_mixin.py:190} INFO - [2026-08-30T13:07:41.983+0000] {dag.py:3239} INFO - Sync 1 DAGs
[2026-08-30T13:07:42.035+0000] {logging_mixin.py:190} INFO - [2026-08-30T13:07:42.034+0000] {dag.py:4180} INFO - Setting next_dagrun for airbyte_to_dbt_pipeline_prod to 2026-08-30 12:00:00+00:00, run_after=2026-08-30 13:00:00+00:00
[2026-08-30T13:07:42.066+0000] {processor.py:208} INFO - Processing /opt/airflow/dags/prod/airbyte_to_dbt_prod.py took 0.205 seconds
[2026-08-30T13:08:12.432+0000] {processor.py:186} INFO - Started process (PID=2826) to work on /opt/airflow/dags/prod/airbyte_to_dbt_prod.py
[2026-08-30T13:08:12.434+0000] {processor.py:914} INFO - Processing file /opt/airflow/dags/prod/airbyte_to_dbt_prod.py for tasks to queue
[2026-08-30T13:08:12.441+0000] {logging_mixin.py:190} INFO - [2026-08-30T13:08:12.438+0000] {dagbag.py:588} INFO - Filling up the DagBag from /opt/airflow/dags/prod/airbyte_to_dbt_prod.py
[2026-08-30T13:08:12.481+0000] {processor.py:925} INFO - DAG(s) 'airbyte_to_dbt_pipeline_prod' retrieved from /opt/airflow/dags/prod/airbyte_to_dbt_prod.py
[2026-08-30T13:08:12.558+0000] {logging_mixin.py:190} INFO - [2026-08-30T13:08:12.557+0000] {dag.py:3239} INFO - Sync 1 DAGs
[2026-08-30T13:08:12.613+0000] {logging_mixin.py:190} INFO - [2026-08-30T13:08:12.612+0000] {dag.py:4180} INFO - Setting next_dagrun for airbyte_to_dbt_pipeline_prod to 2026-08-30 12:00:00+00:00, run_after=2026-08-30 13:00:00+00:00
[2026-08-30T13:08:12.656+0000] {processor.py:208} INFO - Processing /opt/airflow/dags/prod/airbyte_to_dbt_prod.py took 0.246 seconds
[2026-08-30T13:08:42.868+0000] {processor.py:186} INFO - Started process (PID=2836) to work on /opt/airflow/dags/prod/airbyte_to_dbt_prod.py
[2026-08-30T13:08:42.870+0000] {processor.py:914} INFO - Processing file /opt/airflow/dags/prod/airbyte_to_dbt_prod.py for tasks to queue
[2026-08-30T13:08:42.873+0000] {logging_mixin.py:190} INFO - [2026-08-30T13:08:42.873+0000] {dagbag.py:588} INFO - Filling up the DagBag from /opt/airflow/dags/prod/airbyte_to_dbt_prod.py
[2026-08-30T13:08:42.902+0000] {processor.py:925} INFO - DAG(s) 'airbyte_to_dbt_pipeline_prod' retrieved from /opt/airflow/dags/prod/airbyte_to_dbt_prod.py
[2026-08-30T13:08:43.005+0000] {logging_mixin.py:190} INFO - [2026-08-30T13:08:43.005+0000] {dag.py:3239} INFO - Sync 1 DAGs
[2026-08-30T13:08:43.053+0000] {logging_mixin.py:190} INFO - [2026-08-30T13:08:43.052+0000] {dag.py:4180} INFO - Setting next_dagrun for airbyte_to_dbt_pipeline_prod to 2026-08-30 12:00:00+00:00, run_after=2026-08-30 13:00:00+00:00
[2026-08-30T13:08:43.085+0000] {processor.py:208} INFO - Processing /opt/airflow/dags/prod/airbyte_to_dbt_prod.py took 0.226 seconds
[2026-08-30T13:09:13.285+0000] {processor.py:186} INFO - Started process (PID=2846) to work on /opt/airflow/dags/prod/airbyte_to_dbt_prod.py
[2026-08-30T13:09:13.286+0000] {processor.py:914} INFO - Processing file /opt/airflow/dags/prod/airbyte_to_dbt_prod.py for tasks to queue
[2026-08-30T13:09:13.290+0000] {logging_mixin.py:190} INFO - [2026-08-30T13:09:13.289+0000] {dagbag.py:588} INFO - Filling up the DagBag from /opt/airflow/dags/prod/airbyte_to_dbt_prod.py
[2026-08-30T13:09:13.317+0000] {processor.py:925} INFO - DAG(s) 'airbyte_to_dbt_pipeline_prod' retrieved from /opt/airflow/dags/prod/airbyte_to_dbt_prod.py
[2026-08-30T13:09:13.366+0000] {logging_mixin.py:190} INFO - [2026-08-30T13:09:13.366+0000] {dag.py:3239} INFO - Sync 1 DAGs
[2026-08-30T13:09:13.411+0000] {logging_mixin.py:190} INFO - [2026-08-30T13:09:13.411+0000] {dag.py:4180} INFO - Setting next_dagrun for airbyte_to_dbt_pipeline_prod to 2026-08-30 12:00:00+00:00, run_after=2026-08-30 13:00:00+00:00
[2026-08-30T13:09:13.434+0000] {processor.py:208} INFO - Processing /opt/airflow/dags/prod/airbyte_to_dbt_prod.py took 0.161 seconds
[2026-08-30T13:09:43.599+0000] {processor.py:186} INFO - Started process (PID=2856) to work on /opt/airflow/dags/prod/airbyte_to_dbt_prod.py
[2026-08-30T13:09:43.601+0000] {processor.py:914} INFO - Processing file /opt/airflow/dags/prod/airbyte_to_dbt_prod.py for tasks to queue
[2026-08-30T13:09:43.604+0000] {logging_mixin.py:190} INFO - [2026-08-30T13:09:43.604+0000] {dagbag.py:588} INFO - Filling up the DagBag from /opt/airflow/dags/prod/airbyte_to_dbt_prod.py
[2026-08-30T13:09:43.630+0000] {processor.py:925} INFO - DAG(s) 'airbyte_to_dbt_pipeline_prod' retrieved from /opt/airflow/dags/prod/airbyte_to_dbt_prod.py
[2026-08-30T13:09:43.673+0000] {logging_mixin.py:190} INFO - [2026-08-30T13:09:43.673+0000] {dag.py:3239} INFO - Sync 1 DAGs
[2026-08-30T13:09:43.707+0000] {logging_mixin.py:190} INFO - [2026-08-30T13:09:43.707+0000] {dag.py:4180} INFO - Setting next_dagrun for airbyte_to_dbt_pipeline_prod to 2026-08-30 12:00:00+00:00, run_after=2026-08-30 13:00:00+00:00
[2026-08-30T13:09:43.731+0000] {processor.py:208} INFO - Processing /opt/airflow/dags/prod/airbyte_to_dbt_prod.py took 0.141 seconds
[2026-08-30T13:10:13.909+0000] {processor.py:186} INFO - Started process (PID=2866) to work on /opt/airflow/dags/prod/airbyte_to_dbt_prod.py
[2026-08-30T13:10:13.910+0000] {processor.py:914} INFO - Processing file /opt/airflow/dags/prod/airbyte_to_dbt_prod.py for tasks to queue
[2026-08-30T13:10:13.914+0000] {logging_mixin.py:190} INFO - [2026-08-30T13:10:13.914+0000] {dagbag.py:588} INFO - Filling up the DagBag from /opt/airflow/dags/prod/airbyte_to_dbt_prod.py
[2026-08-30T13:10:13.945+0000] {processor.py:925} INFO - DAG(s) 'airbyte_to_dbt_pipeline_prod' retrieved from /opt/airflow/dags/prod/airbyte_to_dbt_prod.py
[2026-08-30T13:10:14.051+0000] {logging_mixin.py:190} INFO - [2026-08-30T13:10:14.050+0000] {dag.py:3239} INFO - Sync 1 DAGs
[2026-08-30T13:10:14.107+0000] {logging_mixin.py:190} INFO - [2026-08-30T13:10:14.107+0000] {dag.py:4180} INFO - Setting next_dagrun for airbyte_to_dbt_pipeline_prod to 2026-08-30 12:00:00+00:00, run_after=2026-08-30 13:00:00+00:00
[2026-08-30T13:10:14.135+0000] {processor.py:208} INFO - Processing /opt/airflow/dags/prod/airbyte_to_dbt_prod.py took 0.237 seconds
[2026-08-30T13:10:44.331+0000] {processor.py:186} INFO - Started process (PID=2876) to work on /opt/airflow/dags/prod/airbyte_to_dbt_prod.py
[2026-08-30T13:10:44.332+0000] {processor.py:914} INFO - Processing file /opt/airflow/dags/prod/airbyte_to_dbt_prod.py for tasks to queue
[2026-08-30T13:10:44.343+0000] {logging_mixin.py:190} INFO - [2026-08-30T13:10:44.342+0000] {dagbag.py:588} INFO - Filling up the DagBag from /opt/airflow/dags/prod/airbyte_to_dbt_prod.py
[2026-08-30T13:10:44.448+0000] {processor.py:925} INFO - DAG(s) 'airbyte_to_dbt_pipeline_prod' retrieved from /opt/airflow/dags/prod/airbyte_to_dbt_prod.py
[2026-08-30T13:10:44.546+0000] {logging_mixin.py:190} INFO - [2026-08-30T13:10:44.545+0000] {dag.py:3239} INFO - Sync 1 DAGs
[2026-08-30T13:10:44.575+0000] {logging_mixin.py:190} INFO - [2026-08-30T13:10:44.574+0000] {dag.py:4180} INFO - Setting next_dagrun for airbyte_to_dbt_pipeline_prod to 2026-08-30 12:00:00+00:00, run_after=2026-08-30 13:00:00+00:00
[2026-08-30T13:10:44.600+0000] {processor.py:208} INFO - Processing /opt/airflow/dags/prod/airbyte_to_dbt_prod.py took 0.294 seconds
[2026-08-30T13:11:14.777+0000] {processor.py:186} INFO - Started process (PID=2886) to work on /opt/airflow/dags/prod/airbyte_to_dbt_prod.py
[2026-08-30T13:11:14.778+0000] {processor.py:914} INFO - Processing file /opt/airflow/dags/prod/airbyte_to_dbt_prod.py for tasks to queue
[2026-08-30T13:11:14.781+0000] {logging_mixin.py:190} INFO - [2026-08-30T13:11:14.780+0000] {dagbag.py:588} INFO - Filling up the DagBag from /opt/airflow/dags/prod/airbyte_to_dbt_prod.py
[2026-08-30T13:11:14.805+0000] {processor.py:925} INFO - DAG(s) 'airbyte_to_dbt_pipeline_prod' retrieved from /opt/airflow/dags/prod/airbyte_to_dbt_prod.py
[2026-08-30T13:11:14.853+0000] {logging_mixin.py:190} INFO - [2026-08-30T13:11:14.852+0000] {dag.py:3239} INFO - Sync 1 DAGs
[2026-08-30T13:11:14.884+0000] {logging_mixin.py:190} INFO - [2026-08-30T13:11:14.884+0000] {dag.py:4180} INFO - Setting next_dagrun for airbyte_to_dbt_pipeline_prod to 2026-08-30 12:00:00+00:00, run_after=2026-08-30 13:00:00+00:00
[2026-08-30T13:11:14.909+0000] {processor.py:208} INFO - Processing /opt/airflow/dags/prod/airbyte_to_dbt_prod.py took 0.140 seconds
[2026-08-30T13:11:45.075+0000] {processor.py:186} INFO - Started process (PID=2896) to work on /opt/airflow/dags/prod/airbyte_to_dbt_prod.py
[2026-08-30T13:11:45.076+0000] {processor.py:914} INFO - Processing file /opt/airflow/dags/prod/airbyte_to_dbt_prod.py for tasks to queue
[2026-08-30T13:11:45.081+0000] {logging_mixin.py:190} INFO - [2026-08-30T13:11:45.080+0000] {dagbag.py:588} INFO - Filling up the DagBag from /opt/airflow/dags/prod/airbyte_to_dbt_prod.py
[2026-08-30T13:11:45.116+0000] {processor.py:925} INFO - DAG(s) 'airbyte_to_dbt_pipeline_prod' retrieved from /opt/airflow/dags/prod/airbyte_to_dbt_prod.py
[2026-08-30T13:11:45.172+0000] {logging_mixin.py:190} INFO - [2026-08-30T13:11:45.172+0000] {dag.py:3239} INFO - Sync 1 DAGs
[2026-08-30T13:11:45.213+0000] {logging_mixin.py:190} INFO - [2026-08-30T13:11:45.212+0000] {dag.py:4180} INFO - Setting next_dagrun for airbyte_to_dbt_pipeline_prod to 2026-08-30 12:00:00+00:00, run_after=2026-08-30 13:00:00+00:00
[2026-08-30T13:11:45.250+0000] {processor.py:208} INFO - Processing /opt/airflow/dags/prod/airbyte_to_dbt_prod.py took 0.186 seconds
[2026-08-30T13:12:15.425+0000] {processor.py:186} INFO - Started process (PID=2906) to work on /opt/airflow/dags/prod/airbyte_to_dbt_prod.py
[2026-08-30T13:12:15.426+0000] {processor.py:914} INFO - Processing file /opt/airflow/dags/prod/airbyte_to_dbt_prod.py for tasks to queue
[2026-08-30T13:12:15.430+0000] {logging_mixin.py:190} INFO - [2026-08-30T13:12:15.430+0000] {dagbag.py:588} INFO - Filling up the DagBag from /opt/airflow/dags/prod/airbyte_to_dbt_prod.py
[2026-08-30T13:12:15.458+0000] {processor.py:925} INFO - DAG(s) 'airbyte_to_dbt_pipeline_prod' retrieved from /opt/airflow/dags/prod/airbyte_to_dbt_prod.py
[2026-08-30T13:12:15.498+0000] {logging_mixin.py:190} INFO - [2026-08-30T13:12:15.498+0000] {dag.py:3239} INFO - Sync 1 DAGs
[2026-08-30T13:12:15.530+0000] {logging_mixin.py:190} INFO - [2026-08-30T13:12:15.530+0000] {dag.py:4180} INFO - Setting next_dagrun for airbyte_to_dbt_pipeline_prod to 2026-08-30 12:00:00+00:00, run_after=2026-08-30 13:00:00+00:00
[2026-08-30T13:12:15.554+0000] {processor.py:208} INFO - Processing /opt/airflow/dags/prod/airbyte_to_dbt_prod.py took 0.139 seconds
[2026-08-30T13:12:45.726+0000] {processor.py:186} INFO - Started process (PID=2916) to work on /opt/airflow/dags/prod/airbyte_to_dbt_prod.py
[2026-08-30T13:12:45.727+0000] {processor.py:914} INFO - Processing file /opt/airflow/dags/prod/airbyte_to_dbt_prod.py for tasks to queue
[2026-08-30T13:12:45.730+0000] {logging_mixin.py:190} INFO - [2026-08-30T13:12:45.730+0000] {dagbag.py:588} INFO - Filling up the DagBag from /opt/airflow/dags/prod/airbyte_to_dbt_prod.py
[2026-08-30T13:12:45.756+0000] {processor.py:925} INFO - DAG(s) 'airbyte_to_dbt_pipeline_prod' retrieved from /opt/airflow/dags/prod/airbyte_to_dbt_prod.py
[2026-08-30T13:12:45.798+0000] {logging_mixin.py:190} INFO - [2026-08-30T13:12:45.797+0000] {dag.py:3239} INFO - Sync 1 DAGs
[2026-08-30T13:12:45.831+0000] {logging_mixin.py:190} INFO - [2026-08-30T13:12:45.831+0000] {dag.py:4180} INFO - Setting next_dagrun for airbyte_to_dbt_pipeline_prod to 2026-08-30 12:00:00+00:00, run_after=2026-08-30 13:00:00+00:00
[2026-08-30T13:12:45.854+0000] {processor.py:208} INFO - Processing /opt/airflow/dags/prod/airbyte_to_dbt_prod.py took 0.136 seconds
[2026-08-30T13:13:16.025+0000] {processor.py:186} INFO - Started process (PID=2926) to work on /opt/airflow/dags/prod/airbyte_to_dbt_prod.py
[2026-08-30T13:13:16.026+0000] {processor.py:914} INFO - Processing file /opt/airflow/dags/prod/airbyte_to_dbt_prod.py for tasks to queue
[2026-08-30T13:13:16.031+0000] {logging_mixin.py:190} INFO - [2026-08-30T13:13:16.030+0000] {dagbag.py:588} INFO - Filling up the DagBag from /opt/airflow/dags/prod/airbyte_to_dbt_prod.py
[2026-08-30T13:13:16.061+0000] {processor.py:925} INFO - DAG(s) 'airbyte_to_dbt_pipeline_prod' retrieved from /opt/airflow/dags/prod/airbyte_to_dbt_prod.py
[2026-08-30T13:13:16.116+0000] {logging_mixin.py:190} INFO - [2026-08-30T13:13:16.116+0000] {dag.py:3239} INFO - Sync 1 DAGs
[2026-08-30T13:13:16.156+0000] {logging_mixin.py:190} INFO - [2026-08-30T13:13:16.155+0000] {dag.py:4180} INFO - Setting next_dagrun for airbyte_to_dbt_pipeline_prod to 2026-08-30 12:00:00+00:00, run_after=2026-08-30 13:00:00+00:00
[2026-08-30T13:13:16.176+0000] {processor.py:208} INFO - Processing /opt/airflow/dags/prod/airbyte_to_dbt_prod.py took 0.161 seconds
[2026-08-30T13:13:46.336+0000] {processor.py:186} INFO - Started process (PID=2936) to work on /opt/airflow/dags/prod/airbyte_to_dbt_prod.py
[2026-08-30T13:13:46.337+0000] {processor.py:914} INFO - Processing file /opt/airflow/dags/prod/airbyte_to_dbt_prod.py for tasks to queue
[2026-08-30T13:13:46.341+0000] {logging_mixin.py:190} INFO - [2026-08-30T13:13:46.340+0000] {dagbag.py:588} INFO - Filling up the DagBag from /opt/airflow/dags/prod/airbyte_to_dbt_prod.py
[2026-08-30T13:13:46.363+0000] {processor.py:925} INFO - DAG(s) 'airbyte_to_dbt_pipeline_prod' retrieved from /opt/airflow/dags/prod/airbyte_to_dbt_prod.py
[2026-08-30T13:13:46.406+0000] {logging_mixin.py:190} INFO - [2026-08-30T13:13:46.405+0000] {dag.py:3239} INFO - Sync 1 DAGs
[2026-08-30T13:13:46.436+0000] {logging_mixin.py:190} INFO - [2026-08-30T13:13:46.436+0000] {dag.py:4180} INFO - Setting next_dagrun for airbyte_to_dbt_pipeline_prod to 2026-08-30 12:00:00+00:00, run_after=2026-08-30 13:00:00+00:00
[2026-08-30T13:13:46.459+0000] {processor.py:208} INFO - Processing /opt/airflow/dags/prod/airbyte_to_dbt_prod.py took 0.132 seconds
[2026-08-30T13:14:16.652+0000] {processor.py:186} INFO - Started process (PID=2946) to work on /opt/airflow/dags/prod/airbyte_to_dbt_prod.py
[2026-08-30T13:14:16.654+0000] {processor.py:914} INFO - Processing file /opt/airflow/dags/prod/airbyte_to_dbt_prod.py for tasks to queue
[2026-08-30T13:14:16.659+0000] {logging_mixin.py:190} INFO - [2026-08-30T13:14:16.659+0000] {dagbag.py:588} INFO - Filling up the DagBag from /opt/airflow/dags/prod/airbyte_to_dbt_prod.py
[2026-08-30T13:14:16.691+0000] {processor.py:925} INFO - DAG(s) 'airbyte_to_dbt_pipeline_prod' retrieved from /opt/airflow/dags/prod/airbyte_to_dbt_prod.py
[2026-08-30T13:14:16.749+0000] {logging_mixin.py:190} INFO - [2026-08-30T13:14:16.748+0000] {dag.py:3239} INFO - Sync 1 DAGs
[2026-08-30T13:14:16.795+0000] {logging_mixin.py:190} INFO - [2026-08-30T13:14:16.794+0000] {dag.py:4180} INFO - Setting next_dagrun for airbyte_to_dbt_pipeline_prod to 2026-08-30 12:00:00+00:00, run_after=2026-08-30 13:00:00+00:00
[2026-08-30T13:14:16.818+0000] {processor.py:208} INFO - Processing /opt/airflow/dags/prod/airbyte_to_dbt_prod.py took 0.183 seconds
[2026-08-30T13:14:46.986+0000] {processor.py:186} INFO - Started process (PID=2956) to work on /opt/airflow/dags/prod/airbyte_to_dbt_prod.py
[2026-08-30T13:14:46.988+0000] {processor.py:914} INFO - Processing file /opt/airflow/dags/prod/airbyte_to_dbt_prod.py for tasks to queue
[2026-08-30T13:14:46.992+0000] {logging_mixin.py:190} INFO - [2026-08-30T13:14:46.991+0000] {dagbag.py:588} INFO - Filling up the DagBag from /opt/airflow/dags/prod/airbyte_to_dbt_prod.py
[2026-08-30T13:14:47.021+0000] {processor.py:925} INFO - DAG(s) 'airbyte_to_dbt_pipeline_prod' retrieved from /opt/airflow/dags/prod/airbyte_to_dbt_prod.py
[2026-08-30T13:14:47.074+0000] {logging_mixin.py:190} INFO - [2026-08-30T13:14:47.074+0000] {dag.py:3239} INFO - Sync 1 DAGs
[2026-08-30T13:14:47.113+0000] {logging_mixin.py:190} INFO - [2026-08-30T13:14:47.113+0000] {dag.py:4180} INFO - Setting next_dagrun for airbyte_to_dbt_pipeline_prod to 2026-08-30 12:00:00+00:00, run_after=2026-08-30 13:00:00+00:00
[2026-08-30T13:14:47.139+0000] {processor.py:208} INFO - Processing /opt/airflow/dags/prod/airbyte_to_dbt_prod.py took 0.164 seconds
[2026-08-30T13:15:17.315+0000] {processor.py:186} INFO - Started process (PID=2966) to work on /opt/airflow/dags/prod/airbyte_to_dbt_prod.py
[2026-08-30T13:15:17.317+0000] {processor.py:914} INFO - Processing file /opt/airflow/dags/prod/airbyte_to_dbt_prod.py for tasks to queue
[2026-08-30T13:15:17.322+0000] {logging_mixin.py:190} INFO - [2026-08-30T13:15:17.321+0000] {dagbag.py:588} INFO - Filling up the DagBag from /opt/airflow/dags/prod/airbyte_to_dbt_prod.py
[2026-08-30T13:15:17.369+0000] {processor.py:925} INFO - DAG(s) 'airbyte_to_dbt_pipeline_prod' retrieved from /opt/airflow/dags/prod/airbyte_to_dbt_prod.py
[2026-08-30T13:15:17.461+0000] {logging_mixin.py:190} INFO - [2026-08-30T13:15:17.461+0000] {dag.py:3239} INFO - Sync 1 DAGs
[2026-08-30T13:15:17.517+0000] {logging_mixin.py:190} INFO - [2026-08-30T13:15:17.517+0000] {dag.py:4180} INFO - Setting next_dagrun for airbyte_to_dbt_pipeline_prod to 2026-08-30 12:00:00+00:00, run_after=2026-08-30 13:00:00+00:00
[2026-08-30T13:15:17.543+0000] {processor.py:208} INFO - Processing /opt/airflow/dags/prod/airbyte_to_dbt_prod.py took 0.240 seconds
[2026-08-30T13:15:47.685+0000] {processor.py:186} INFO - Started process (PID=2976) to work on /opt/airflow/dags/prod/airbyte_to_dbt_prod.py
[2026-08-30T13:15:47.687+0000] {processor.py:914} INFO - Processing file /opt/airflow/dags/prod/airbyte_to_dbt_prod.py for tasks to queue
[2026-08-30T13:15:47.691+0000] {logging_mixin.py:190} INFO - [2026-08-30T13:15:47.691+0000] {dagbag.py:588} INFO - Filling up the DagBag from /opt/airflow/dags/prod/airbyte_to_dbt_prod.py
[2026-08-30T13:15:47.721+0000] {processor.py:925} INFO - DAG(s) 'airbyte_to_dbt_pipeline_prod' retrieved from /opt/airflow/dags/prod/airbyte_to_dbt_prod.py
[2026-08-30T13:15:47.767+0000] {logging_mixin.py:190} INFO - [2026-08-30T13:15:47.767+0000] {dag.py:3239} INFO - Sync 1 DAGs
[2026-08-30T13:15:47.799+0000] {logging_mixin.py:190} INFO - [2026-08-30T13:15:47.799+0000] {dag.py:4180} INFO - Setting next_dagrun for airbyte_to_dbt_pipeline_prod to 2026-08-30 12:00:00+00:00, run_after=2026-08-30 13:00:00+00:00
[2026-08-30T13:15:47.823+0000] {processor.py:208} INFO - Processing /opt/airflow/dags/prod/airbyte_to_dbt_prod.py took 0.149 seconds
[2026-08-30T13:16:18.008+0000] {processor.py:186} INFO - Started process (PID=2986) to work on /opt/airflow/dags/prod/airbyte_to_dbt_prod.py
[2026-08-30T13:16:18.009+0000] {processor.py:914} INFO - Processing file /opt/airflow/dags/prod/airbyte_to_dbt_prod.py for tasks to queue
[2026-08-30T13:16:18.013+0000] {logging_mixin.py:190} INFO - [2026-08-30T13:16:18.012+0000] {dagbag.py:588} INFO - Filling up the DagBag from /opt/airflow/dags/prod/airbyte_to_dbt_prod.py
[2026-08-30T13:16:18.045+0000] {processor.py:925} INFO - DAG(s) 'airbyte_to_dbt_pipeline_prod' retrieved from /opt/airflow/dags/prod/airbyte_to_dbt_prod.py
[2026-08-30T13:16:18.109+0000] {logging_mixin.py:190} INFO - [2026-08-30T13:16:18.109+0000] {dag.py:3239} INFO - Sync 1 DAGs
[2026-08-30T13:16:18.144+0000] {logging_mixin.py:190} INFO - [2026-08-30T13:16:18.144+0000] {dag.py:4180} INFO - Setting next_dagrun for airbyte_to_dbt_pipeline_prod to 2026-08-30 12:00:00+00:00, run_after=2026-08-30 13:00:00+00:00
[2026-08-30T13:16:18.169+0000] {processor.py:208} INFO - Processing /opt/airflow/dags/prod/airbyte_to_dbt_prod.py took 0.173 seconds
[2026-08-30T13:16:48.437+0000] {processor.py:186} INFO - Started process (PID=2994) to work on /opt/airflow/dags/prod/airbyte_to_dbt_prod.py
[2026-08-30T13:16:48.440+0000] {processor.py:914} INFO - Processing file /opt/airflow/dags/prod/airbyte_to_dbt_prod.py for tasks to queue
[2026-08-30T13:16:48.495+0000] {logging_mixin.py:190} INFO - [2026-08-30T13:16:48.492+0000] {dagbag.py:588} INFO - Filling up the DagBag from /opt/airflow/dags/prod/airbyte_to_dbt_prod.py
[2026-08-30T13:16:48.733+0000] {processor.py:925} INFO - DAG(s) 'airbyte_to_dbt_pipeline_prod' retrieved from /opt/airflow/dags/prod/airbyte_to_dbt_prod.py
[2026-08-30T13:16:48.915+0000] {logging_mixin.py:190} INFO - [2026-08-30T13:16:48.914+0000] {dag.py:3239} INFO - Sync 1 DAGs
[2026-08-30T13:16:49.075+0000] {logging_mixin.py:190} INFO - [2026-08-30T13:16:49.074+0000] {dag.py:4180} INFO - Setting next_dagrun for airbyte_to_dbt_pipeline_prod to 2026-08-30 12:00:00+00:00, run_after=2026-08-30 13:00:00+00:00
[2026-08-30T13:16:49.101+0000] {processor.py:208} INFO - Processing /opt/airflow/dags/prod/airbyte_to_dbt_prod.py took 0.724 seconds
[2026-08-30T13:17:19.275+0000] {processor.py:186} INFO - Started process (PID=3006) to work on /opt/airflow/dags/prod/airbyte_to_dbt_prod.py
[2026-08-30T13:17:19.276+0000] {processor.py:914} INFO - Processing file /opt/airflow/dags/prod/airbyte_to_dbt_prod.py for tasks to queue
[2026-08-30T13:17:19.280+0000] {logging_mixin.py:190} INFO - [2026-08-30T13:17:19.279+0000] {dagbag.py:588} INFO - Filling up the DagBag from /opt/airflow/dags/prod/airbyte_to_dbt_prod.py
[2026-08-30T13:17:19.301+0000] {processor.py:925} INFO - DAG(s) 'airbyte_to_dbt_pipeline_prod' retrieved from /opt/airflow/dags/prod/airbyte_to_dbt_prod.py
[2026-08-30T13:17:19.355+0000] {logging_mixin.py:190} INFO - [2026-08-30T13:17:19.355+0000] {dag.py:3239} INFO - Sync 1 DAGs
[2026-08-30T13:17:19.398+0000] {logging_mixin.py:190} INFO - [2026-08-30T13:17:19.398+0000] {dag.py:4180} INFO - Setting next_dagrun for airbyte_to_dbt_pipeline_prod to 2026-08-30 12:00:00+00:00, run_after=2026-08-30 13:00:00+00:00
[2026-08-30T13:17:19.426+0000] {processor.py:208} INFO - Processing /opt/airflow/dags/prod/airbyte_to_dbt_prod.py took 0.161 seconds
[2026-08-30T13:17:49.587+0000] {processor.py:186} INFO - Started process (PID=3016) to work on /opt/airflow/dags/prod/airbyte_to_dbt_prod.py
[2026-08-30T13:17:49.589+0000] {processor.py:914} INFO - Processing file /opt/airflow/dags/prod/airbyte_to_dbt_prod.py for tasks to queue
[2026-08-30T13:17:49.592+0000] {logging_mixin.py:190} INFO - [2026-08-30T13:17:49.592+0000] {dagbag.py:588} INFO - Filling up the DagBag from /opt/airflow/dags/prod/airbyte_to_dbt_prod.py
[2026-08-30T13:17:49.618+0000] {processor.py:925} INFO - DAG(s) 'airbyte_to_dbt_pipeline_prod' retrieved from /opt/airflow/dags/prod/airbyte_to_dbt_prod.py
[2026-08-30T13:17:49.673+0000] {logging_mixin.py:190} INFO - [2026-08-30T13:17:49.672+0000] {dag.py:3239} INFO - Sync 1 DAGs
[2026-08-30T13:17:49.713+0000] {logging_mixin.py:190} INFO - [2026-08-30T13:17:49.712+0000] {dag.py:4180} INFO - Setting next_dagrun for airbyte_to_dbt_pipeline_prod to 2026-08-30 12:00:00+00:00, run_after=2026-08-30 13:00:00+00:00
[2026-08-30T13:17:49.737+0000] {processor.py:208} INFO - Processing /opt/airflow/dags/prod/airbyte_to_dbt_prod.py took 0.160 seconds
[2026-08-30T13:18:19.926+0000] {processor.py:186} INFO - Started process (PID=3026) to work on /opt/airflow/dags/prod/airbyte_to_dbt_prod.py
[2026-08-30T13:18:19.927+0000] {processor.py:914} INFO - Processing file /opt/airflow/dags/prod/airbyte_to_dbt_prod.py for tasks to queue
[2026-08-30T13:18:19.931+0000] {logging_mixin.py:190} INFO - [2026-08-30T13:18:19.931+0000] {dagbag.py:588} INFO - Filling up the DagBag from /opt/airflow/dags/prod/airbyte_to_dbt_prod.py
[2026-08-30T13:18:19.972+0000] {processor.py:925} INFO - DAG(s) 'airbyte_to_dbt_pipeline_prod' retrieved from /opt/airflow/dags/prod/airbyte_to_dbt_prod.py
[2026-08-30T13:18:20.040+0000] {logging_mixin.py:190} INFO - [2026-08-30T13:18:20.040+0000] {dag.py:3239} INFO - Sync 1 DAGs
[2026-08-30T13:18:20.091+0000] {logging_mixin.py:190} INFO - [2026-08-30T13:18:20.090+0000] {dag.py:4180} INFO - Setting next_dagrun for airbyte_to_dbt_pipeline_prod to 2026-08-30 12:00:00+00:00, run_after=2026-08-30 13:00:00+00:00
[2026-08-30T13:18:20.133+0000] {processor.py:208} INFO - Processing /opt/airflow/dags/prod/airbyte_to_dbt_prod.py took 0.218 seconds
[2026-08-30T13:18:50.455+0000] {processor.py:186} INFO - Started process (PID=3034) to work on /opt/airflow/dags/prod/airbyte_to_dbt_prod.py
[2026-08-30T13:18:50.456+0000] {processor.py:914} INFO - Processing file /opt/airflow/dags/prod/airbyte_to_dbt_prod.py for tasks to queue
[2026-08-30T13:18:50.490+0000] {logging_mixin.py:190} INFO - [2026-08-30T13:18:50.488+0000] {dagbag.py:588} INFO - Filling up the DagBag from /opt/airflow/dags/prod/airbyte_to_dbt_prod.py
[2026-08-30T13:18:50.551+0000] {processor.py:925} INFO - DAG(s) 'airbyte_to_dbt_pipeline_prod' retrieved from /opt/airflow/dags/prod/airbyte_to_dbt_prod.py
[2026-08-30T13:18:50.655+0000] {logging_mixin.py:190} INFO - [2026-08-30T13:18:50.655+0000] {dag.py:3239} INFO - Sync 1 DAGs
[2026-08-30T13:18:50.782+0000] {logging_mixin.py:190} INFO - [2026-08-30T13:18:50.782+0000] {dag.py:4180} INFO - Setting next_dagrun for airbyte_to_dbt_pipeline_prod to 2026-08-30 12:00:00+00:00, run_after=2026-08-30 13:00:00+00:00
[2026-08-30T13:18:50.820+0000] {processor.py:208} INFO - Processing /opt/airflow/dags/prod/airbyte_to_dbt_prod.py took 0.411 seconds
[2026-08-30T13:19:21.040+0000] {processor.py:186} INFO - Started process (PID=3046) to work on /opt/airflow/dags/prod/airbyte_to_dbt_prod.py
[2026-08-30T13:19:21.041+0000] {processor.py:914} INFO - Processing file /opt/airflow/dags/prod/airbyte_to_dbt_prod.py for tasks to queue
[2026-08-30T13:19:21.046+0000] {logging_mixin.py:190} INFO - [2026-08-30T13:19:21.046+0000] {dagbag.py:588} INFO - Filling up the DagBag from /opt/airflow/dags/prod/airbyte_to_dbt_prod.py
[2026-08-30T13:19:21.093+0000] {processor.py:925} INFO - DAG(s) 'airbyte_to_dbt_pipeline_prod' retrieved from /opt/airflow/dags/prod/airbyte_to_dbt_prod.py
[2026-08-30T13:19:21.207+0000] {logging_mixin.py:190} INFO - [2026-08-30T13:19:21.205+0000] {dag.py:3239} INFO - Sync 1 DAGs
[2026-08-30T13:19:21.276+0000] {logging_mixin.py:190} INFO - [2026-08-30T13:19:21.276+0000] {dag.py:4180} INFO - Setting next_dagrun for airbyte_to_dbt_pipeline_prod to 2026-08-30 12:00:00+00:00, run_after=2026-08-30 13:00:00+00:00
[2026-08-30T13:19:21.321+0000] {processor.py:208} INFO - Processing /opt/airflow/dags/prod/airbyte_to_dbt_prod.py took 0.296 seconds
[2026-08-30T13:19:51.605+0000] {processor.py:186} INFO - Started process (PID=3054) to work on /opt/airflow/dags/prod/airbyte_to_dbt_prod.py
[2026-08-30T13:19:51.610+0000] {processor.py:914} INFO - Processing file /opt/airflow/dags/prod/airbyte_to_dbt_prod.py for tasks to queue
[2026-08-30T13:19:51.668+0000] {logging_mixin.py:190} INFO - [2026-08-30T13:19:51.666+0000] {dagbag.py:588} INFO - Filling up the DagBag from /opt/airflow/dags/prod/airbyte_to_dbt_prod.py
[2026-08-30T13:19:52.041+0000] {processor.py:925} INFO - DAG(s) 'airbyte_to_dbt_pipeline_prod' retrieved from /opt/airflow/dags/prod/airbyte_to_dbt_prod.py
[2026-08-30T13:19:52.436+0000] {logging_mixin.py:190} INFO - [2026-08-30T13:19:52.435+0000] {dag.py:3239} INFO - Sync 1 DAGs
[2026-08-30T13:19:52.638+0000] {logging_mixin.py:190} INFO - [2026-08-30T13:19:52.637+0000] {dag.py:4180} INFO - Setting next_dagrun for airbyte_to_dbt_pipeline_prod to 2026-08-30 12:00:00+00:00, run_after=2026-08-30 13:00:00+00:00
[2026-08-30T13:19:52.673+0000] {processor.py:208} INFO - Processing /opt/airflow/dags/prod/airbyte_to_dbt_prod.py took 1.155 seconds
[2026-08-30T13:20:23.092+0000] {processor.py:186} INFO - Started process (PID=3064) to work on /opt/airflow/dags/prod/airbyte_to_dbt_prod.py
[2026-08-30T13:20:23.093+0000] {processor.py:914} INFO - Processing file /opt/airflow/dags/prod/airbyte_to_dbt_prod.py for tasks to queue
[2026-08-30T13:20:23.148+0000] {logging_mixin.py:190} INFO - [2026-08-30T13:20:23.142+0000] {dagbag.py:588} INFO - Filling up the DagBag from /opt/airflow/dags/prod/airbyte_to_dbt_prod.py
[2026-08-30T13:20:23.518+0000] {processor.py:925} INFO - DAG(s) 'airbyte_to_dbt_pipeline_prod' retrieved from /opt/airflow/dags/prod/airbyte_to_dbt_prod.py
[2026-08-30T13:20:23.865+0000] {logging_mixin.py:190} INFO - [2026-08-30T13:20:23.865+0000] {dag.py:3239} INFO - Sync 1 DAGs
[2026-08-30T13:20:24.038+0000] {logging_mixin.py:190} INFO - [2026-08-30T13:20:24.037+0000] {dag.py:4180} INFO - Setting next_dagrun for airbyte_to_dbt_pipeline_prod to 2026-08-30 12:00:00+00:00, run_after=2026-08-30 13:00:00+00:00
[2026-08-30T13:20:24.069+0000] {processor.py:208} INFO - Processing /opt/airflow/dags/prod/airbyte_to_dbt_prod.py took 1.077 seconds
[2026-08-30T13:20:54.306+0000] {processor.py:186} INFO - Started process (PID=3076) to work on /opt/airflow/dags/prod/airbyte_to_dbt_prod.py
[2026-08-30T13:20:54.308+0000] {processor.py:914} INFO - Processing file /opt/airflow/dags/prod/airbyte_to_dbt_prod.py for tasks to queue
[2026-08-30T13:20:54.312+0000] {logging_mixin.py:190} INFO - [2026-08-30T13:20:54.312+0000] {dagbag.py:588} INFO - Filling up the DagBag from /opt/airflow/dags/prod/airbyte_to_dbt_prod.py
[2026-08-30T13:20:54.342+0000] {processor.py:925} INFO - DAG(s) 'airbyte_to_dbt_pipeline_prod' retrieved from /opt/airflow/dags/prod/airbyte_to_dbt_prod.py
[2026-08-30T13:20:54.401+0000] {logging_mixin.py:190} INFO - [2026-08-30T13:20:54.401+0000] {dag.py:3239} INFO - Sync 1 DAGs
[2026-08-30T13:20:54.447+0000] {logging_mixin.py:190} INFO - [2026-08-30T13:20:54.447+0000] {dag.py:4180} INFO - Setting next_dagrun for airbyte_to_dbt_pipeline_prod to 2026-08-30 12:00:00+00:00, run_after=2026-08-30 13:00:00+00:00
[2026-08-30T13:20:54.473+0000] {processor.py:208} INFO - Processing /opt/airflow/dags/prod/airbyte_to_dbt_prod.py took 0.177 seconds
[2026-08-30T13:21:24.635+0000] {processor.py:186} INFO - Started process (PID=3086) to work on /opt/airflow/dags/prod/airbyte_to_dbt_prod.py
[2026-08-30T13:21:24.638+0000] {processor.py:914} INFO - Processing file /opt/airflow/dags/prod/airbyte_to_dbt_prod.py for tasks to queue
[2026-08-30T13:21:24.643+0000] {logging_mixin.py:190} INFO - [2026-08-30T13:21:24.642+0000] {dagbag.py:588} INFO - Filling up the DagBag from /opt/airflow/dags/prod/airbyte_to_dbt_prod.py
[2026-08-30T13:21:24.670+0000] {processor.py:925} INFO - DAG(s) 'airbyte_to_dbt_pipeline_prod' retrieved from /opt/airflow/dags/prod/airbyte_to_dbt_prod.py
[2026-08-30T13:21:24.763+0000] {logging_mixin.py:190} INFO - [2026-08-30T13:21:24.763+0000] {dag.py:3239} INFO - Sync 1 DAGs
[2026-08-30T13:21:25.613+0000] {logging_mixin.py:190} INFO - [2026-08-30T13:21:25.613+0000] {dag.py:4180} INFO - Setting next_dagrun for airbyte_to_dbt_pipeline_prod to 2026-08-30 12:00:00+00:00, run_after=2026-08-30 13:00:00+00:00
[2026-08-30T13:21:25.693+0000] {processor.py:208} INFO - Processing /opt/airflow/dags/prod/airbyte_to_dbt_prod.py took 1.079 seconds
[2026-08-30T13:21:55.864+0000] {processor.py:186} INFO - Started process (PID=3095) to work on /opt/airflow/dags/prod/airbyte_to_dbt_prod.py
[2026-08-30T13:21:55.865+0000] {processor.py:914} INFO - Processing file /opt/airflow/dags/prod/airbyte_to_dbt_prod.py for tasks to queue
[2026-08-30T13:21:55.890+0000] {logging_mixin.py:190} INFO - [2026-08-30T13:21:55.887+0000] {dagbag.py:588} INFO - Filling up the DagBag from /opt/airflow/dags/prod/airbyte_to_dbt_prod.py
[2026-08-30T13:21:56.058+0000] {processor.py:925} INFO - DAG(s) 'airbyte_to_dbt_pipeline_prod' retrieved from /opt/airflow/dags/prod/airbyte_to_dbt_prod.py
[2026-08-30T13:21:56.179+0000] {logging_mixin.py:190} INFO - [2026-08-30T13:21:56.179+0000] {dag.py:3239} INFO - Sync 1 DAGs
[2026-08-30T13:21:56.329+0000] {logging_mixin.py:190} INFO - [2026-08-30T13:21:56.328+0000] {dag.py:4180} INFO - Setting next_dagrun for airbyte_to_dbt_pipeline_prod to 2026-08-30 12:00:00+00:00, run_after=2026-08-30 13:00:00+00:00
[2026-08-30T13:21:56.376+0000] {processor.py:208} INFO - Processing /opt/airflow/dags/prod/airbyte_to_dbt_prod.py took 0.558 seconds
[2026-08-30T13:22:26.662+0000] {processor.py:186} INFO - Started process (PID=3104) to work on /opt/airflow/dags/prod/airbyte_to_dbt_prod.py
[2026-08-30T13:22:26.666+0000] {processor.py:914} INFO - Processing file /opt/airflow/dags/prod/airbyte_to_dbt_prod.py for tasks to queue
[2026-08-30T13:22:26.712+0000] {logging_mixin.py:190} INFO - [2026-08-30T13:22:26.706+0000] {dagbag.py:588} INFO - Filling up the DagBag from /opt/airflow/dags/prod/airbyte_to_dbt_prod.py
[2026-08-30T13:22:26.898+0000] {processor.py:925} INFO - DAG(s) 'airbyte_to_dbt_pipeline_prod' retrieved from /opt/airflow/dags/prod/airbyte_to_dbt_prod.py
[2026-08-30T13:22:27.002+0000] {logging_mixin.py:190} INFO - [2026-08-30T13:22:27.002+0000] {dag.py:3239} INFO - Sync 1 DAGs
[2026-08-30T13:22:27.054+0000] {logging_mixin.py:190} INFO - [2026-08-30T13:22:27.054+0000] {dag.py:4180} INFO - Setting next_dagrun for airbyte_to_dbt_pipeline_prod to 2026-08-30 12:00:00+00:00, run_after=2026-08-30 13:00:00+00:00
[2026-08-30T13:22:27.095+0000] {processor.py:208} INFO - Processing /opt/airflow/dags/prod/airbyte_to_dbt_prod.py took 0.510 seconds
[2026-08-30T13:22:57.533+0000] {processor.py:186} INFO - Started process (PID=3114) to work on /opt/airflow/dags/prod/airbyte_to_dbt_prod.py
[2026-08-30T13:22:57.535+0000] {processor.py:914} INFO - Processing file /opt/airflow/dags/prod/airbyte_to_dbt_prod.py for tasks to queue
[2026-08-30T13:22:57.606+0000] {logging_mixin.py:190} INFO - [2026-08-30T13:22:57.605+0000] {dagbag.py:588} INFO - Filling up the DagBag from /opt/airflow/dags/prod/airbyte_to_dbt_prod.py
[2026-08-30T13:22:57.906+0000] {processor.py:925} INFO - DAG(s) 'airbyte_to_dbt_pipeline_prod' retrieved from /opt/airflow/dags/prod/airbyte_to_dbt_prod.py
[2026-08-30T13:22:58.423+0000] {logging_mixin.py:190} INFO - [2026-08-30T13:22:58.423+0000] {dag.py:3239} INFO - Sync 1 DAGs
[2026-08-30T13:22:58.822+0000] {logging_mixin.py:190} INFO - [2026-08-30T13:22:58.822+0000] {dag.py:4180} INFO - Setting next_dagrun for airbyte_to_dbt_pipeline_prod to 2026-08-30 12:00:00+00:00, run_after=2026-08-30 13:00:00+00:00
[2026-08-30T13:22:58.852+0000] {processor.py:208} INFO - Processing /opt/airflow/dags/prod/airbyte_to_dbt_prod.py took 1.495 seconds
[2026-08-30T13:23:29.278+0000] {processor.py:186} INFO - Started process (PID=3126) to work on /opt/airflow/dags/prod/airbyte_to_dbt_prod.py
[2026-08-30T13:23:29.281+0000] {processor.py:914} INFO - Processing file /opt/airflow/dags/prod/airbyte_to_dbt_prod.py for tasks to queue
[2026-08-30T13:23:29.289+0000] {logging_mixin.py:190} INFO - [2026-08-30T13:23:29.288+0000] {dagbag.py:588} INFO - Filling up the DagBag from /opt/airflow/dags/prod/airbyte_to_dbt_prod.py
[2026-08-30T13:23:29.350+0000] {processor.py:925} INFO - DAG(s) 'airbyte_to_dbt_pipeline_prod' retrieved from /opt/airflow/dags/prod/airbyte_to_dbt_prod.py
[2026-08-30T13:23:29.423+0000] {logging_mixin.py:190} INFO - [2026-08-30T13:23:29.422+0000] {dag.py:3239} INFO - Sync 1 DAGs
[2026-08-30T13:23:29.502+0000] {logging_mixin.py:190} INFO - [2026-08-30T13:23:29.502+0000] {dag.py:4180} INFO - Setting next_dagrun for airbyte_to_dbt_pipeline_prod to 2026-08-30 12:00:00+00:00, run_after=2026-08-30 13:00:00+00:00
[2026-08-30T13:23:29.568+0000] {processor.py:208} INFO - Processing /opt/airflow/dags/prod/airbyte_to_dbt_prod.py took 0.309 seconds
[2026-08-30T13:23:59.787+0000] {processor.py:186} INFO - Started process (PID=3136) to work on /opt/airflow/dags/prod/airbyte_to_dbt_prod.py
[2026-08-30T13:23:59.788+0000] {processor.py:914} INFO - Processing file /opt/airflow/dags/prod/airbyte_to_dbt_prod.py for tasks to queue
[2026-08-30T13:23:59.792+0000] {logging_mixin.py:190} INFO - [2026-08-30T13:23:59.791+0000] {dagbag.py:588} INFO - Filling up the DagBag from /opt/airflow/dags/prod/airbyte_to_dbt_prod.py
[2026-08-30T13:23:59.820+0000] {processor.py:925} INFO - DAG(s) 'airbyte_to_dbt_pipeline_prod' retrieved from /opt/airflow/dags/prod/airbyte_to_dbt_prod.py
[2026-08-30T13:23:59.864+0000] {logging_mixin.py:190} INFO - [2026-08-30T13:23:59.864+0000] {dag.py:3239} INFO - Sync 1 DAGs
[2026-08-30T13:23:59.902+0000] {logging_mixin.py:190} INFO - [2026-08-30T13:23:59.902+0000] {dag.py:4180} INFO - Setting next_dagrun for airbyte_to_dbt_pipeline_prod to 2026-08-30 12:00:00+00:00, run_after=2026-08-30 13:00:00+00:00
[2026-08-30T13:23:59.932+0000] {processor.py:208} INFO - Processing /opt/airflow/dags/prod/airbyte_to_dbt_prod.py took 0.154 seconds
[2026-08-30T13:24:30.135+0000] {processor.py:186} INFO - Started process (PID=3146) to work on /opt/airflow/dags/prod/airbyte_to_dbt_prod.py
[2026-08-30T13:24:30.155+0000] {processor.py:914} INFO - Processing file /opt/airflow/dags/prod/airbyte_to_dbt_prod.py for tasks to queue
[2026-08-30T13:24:30.160+0000] {logging_mixin.py:190} INFO - [2026-08-30T13:24:30.160+0000] {dagbag.py:588} INFO - Filling up the DagBag from /opt/airflow/dags/prod/airbyte_to_dbt_prod.py
[2026-08-30T13:24:30.197+0000] {processor.py:925} INFO - DAG(s) 'airbyte_to_dbt_pipeline_prod' retrieved from /opt/airflow/dags/prod/airbyte_to_dbt_prod.py
[2026-08-30T13:24:30.253+0000] {logging_mixin.py:190} INFO - [2026-08-30T13:24:30.253+0000] {dag.py:3239} INFO - Sync 1 DAGs
[2026-08-30T13:24:30.297+0000] {logging_mixin.py:190} INFO - [2026-08-30T13:24:30.296+0000] {dag.py:4180} INFO - Setting next_dagrun for airbyte_to_dbt_pipeline_prod to 2026-08-30 12:00:00+00:00, run_after=2026-08-30 13:00:00+00:00
[2026-08-30T13:24:30.324+0000] {processor.py:208} INFO - Processing /opt/airflow/dags/prod/airbyte_to_dbt_prod.py took 0.206 seconds
[2026-08-30T13:25:01.985+0000] {processor.py:186} INFO - Started process (PID=3154) to work on /opt/airflow/dags/prod/airbyte_to_dbt_prod.py
[2026-08-30T13:25:01.987+0000] {processor.py:914} INFO - Processing file /opt/airflow/dags/prod/airbyte_to_dbt_prod.py for tasks to queue
[2026-08-30T13:25:02.186+0000] {logging_mixin.py:190} INFO - [2026-08-30T13:25:02.150+0000] {dagbag.py:588} INFO - Filling up the DagBag from /opt/airflow/dags/prod/airbyte_to_dbt_prod.py
[2026-08-30T13:25:03.296+0000] {processor.py:925} INFO - DAG(s) 'airbyte_to_dbt_pipeline_prod' retrieved from /opt/airflow/dags/prod/airbyte_to_dbt_prod.py
[2026-08-30T13:25:03.538+0000] {logging_mixin.py:190} INFO - [2026-08-30T13:25:03.538+0000] {dag.py:3239} INFO - Sync 1 DAGs
[2026-08-30T13:25:03.751+0000] {logging_mixin.py:190} INFO - [2026-08-30T13:25:03.751+0000] {dag.py:4180} INFO - Setting next_dagrun for airbyte_to_dbt_pipeline_prod to 2026-08-30 12:00:00+00:00, run_after=2026-08-30 13:00:00+00:00
[2026-08-30T13:25:03.786+0000] {processor.py:208} INFO - Processing /opt/airflow/dags/prod/airbyte_to_dbt_prod.py took 2.730 seconds
[2026-08-30T13:25:33.954+0000] {processor.py:186} INFO - Started process (PID=3166) to work on /opt/airflow/dags/prod/airbyte_to_dbt_prod.py
[2026-08-30T13:25:33.955+0000] {processor.py:914} INFO - Processing file /opt/airflow/dags/prod/airbyte_to_dbt_prod.py for tasks to queue
[2026-08-30T13:25:33.958+0000] {logging_mixin.py:190} INFO - [2026-08-30T13:25:33.958+0000] {dagbag.py:588} INFO - Filling up the DagBag from /opt/airflow/dags/prod/airbyte_to_dbt_prod.py
[2026-08-30T13:25:34.316+0000] {processor.py:925} INFO - DAG(s) 'airbyte_to_dbt_pipeline_prod' retrieved from /opt/airflow/dags/prod/airbyte_to_dbt_prod.py
[2026-08-30T13:25:35.241+0000] {logging_mixin.py:190} INFO - [2026-08-30T13:25:35.241+0000] {dag.py:3239} INFO - Sync 1 DAGs
[2026-08-30T13:25:35.288+0000] {logging_mixin.py:190} INFO - [2026-08-30T13:25:35.288+0000] {dag.py:4180} INFO - Setting next_dagrun for airbyte_to_dbt_pipeline_prod to 2026-08-30 12:00:00+00:00, run_after=2026-08-30 13:00:00+00:00
[2026-08-30T13:25:35.319+0000] {processor.py:208} INFO - Processing /opt/airflow/dags/prod/airbyte_to_dbt_prod.py took 1.379 seconds
[2026-08-30T13:26:05.484+0000] {processor.py:186} INFO - Started process (PID=3176) to work on /opt/airflow/dags/prod/airbyte_to_dbt_prod.py
[2026-08-30T13:26:05.485+0000] {processor.py:914} INFO - Processing file /opt/airflow/dags/prod/airbyte_to_dbt_prod.py for tasks to queue
[2026-08-30T13:26:05.488+0000] {logging_mixin.py:190} INFO - [2026-08-30T13:26:05.487+0000] {dagbag.py:588} INFO - Filling up the DagBag from /opt/airflow/dags/prod/airbyte_to_dbt_prod.py
[2026-08-30T13:26:05.509+0000] {processor.py:925} INFO - DAG(s) 'airbyte_to_dbt_pipeline_prod' retrieved from /opt/airflow/dags/prod/airbyte_to_dbt_prod.py
[2026-08-30T13:26:05.559+0000] {logging_mixin.py:190} INFO - [2026-08-30T13:26:05.559+0000] {dag.py:3239} INFO - Sync 1 DAGs
[2026-08-30T13:26:05.595+0000] {logging_mixin.py:190} INFO - [2026-08-30T13:26:05.595+0000] {dag.py:4180} INFO - Setting next_dagrun for airbyte_to_dbt_pipeline_prod to 2026-08-30 12:00:00+00:00, run_after=2026-08-30 13:00:00+00:00
[2026-08-30T13:26:05.615+0000] {processor.py:208} INFO - Processing /opt/airflow/dags/prod/airbyte_to_dbt_prod.py took 0.140 seconds
[2026-08-30T13:26:35.820+0000] {processor.py:186} INFO - Started process (PID=3186) to work on /opt/airflow/dags/prod/airbyte_to_dbt_prod.py
[2026-08-30T13:26:35.821+0000] {processor.py:914} INFO - Processing file /opt/airflow/dags/prod/airbyte_to_dbt_prod.py for tasks to queue
[2026-08-30T13:26:35.825+0000] {logging_mixin.py:190} INFO - [2026-08-30T13:26:35.824+0000] {dagbag.py:588} INFO - Filling up the DagBag from /opt/airflow/dags/prod/airbyte_to_dbt_prod.py
[2026-08-30T13:26:35.847+0000] {processor.py:925} INFO - DAG(s) 'airbyte_to_dbt_pipeline_prod' retrieved from /opt/airflow/dags/prod/airbyte_to_dbt_prod.py
[2026-08-30T13:26:35.899+0000] {logging_mixin.py:190} INFO - [2026-08-30T13:26:35.899+0000] {dag.py:3239} INFO - Sync 1 DAGs
[2026-08-30T13:26:35.938+0000] {logging_mixin.py:190} INFO - [2026-08-30T13:26:35.938+0000] {dag.py:4180} INFO - Setting next_dagrun for airbyte_to_dbt_pipeline_prod to 2026-08-30 12:00:00+00:00, run_after=2026-08-30 13:00:00+00:00
[2026-08-30T13:26:35.964+0000] {processor.py:208} INFO - Processing /opt/airflow/dags/prod/airbyte_to_dbt_prod.py took 0.154 seconds
[2026-08-30T13:27:06.211+0000] {processor.py:186} INFO - Started process (PID=3196) to work on /opt/airflow/dags/prod/airbyte_to_dbt_prod.py
[2026-08-30T13:27:06.223+0000] {processor.py:914} INFO - Processing file /opt/airflow/dags/prod/airbyte_to_dbt_prod.py for tasks to queue
[2026-08-30T13:27:06.232+0000] {logging_mixin.py:190} INFO - [2026-08-30T13:27:06.228+0000] {dagbag.py:588} INFO - Filling up the DagBag from /opt/airflow/dags/prod/airbyte_to_dbt_prod.py
[2026-08-30T13:27:06.299+0000] {processor.py:925} INFO - DAG(s) 'airbyte_to_dbt_pipeline_prod' retrieved from /opt/airflow/dags/prod/airbyte_to_dbt_prod.py
[2026-08-30T13:27:06.382+0000] {logging_mixin.py:190} INFO - [2026-08-30T13:27:06.381+0000] {dag.py:3239} INFO - Sync 1 DAGs
[2026-08-30T13:27:06.457+0000] {logging_mixin.py:190} INFO - [2026-08-30T13:27:06.457+0000] {dag.py:4180} INFO - Setting next_dagrun for airbyte_to_dbt_pipeline_prod to 2026-08-30 12:00:00+00:00, run_after=2026-08-30 13:00:00+00:00
[2026-08-30T13:27:06.497+0000] {processor.py:208} INFO - Processing /opt/airflow/dags/prod/airbyte_to_dbt_prod.py took 0.303 seconds
[2026-08-30T13:27:36.690+0000] {processor.py:186} INFO - Started process (PID=3206) to work on /opt/airflow/dags/prod/airbyte_to_dbt_prod.py
[2026-08-30T13:27:36.691+0000] {processor.py:914} INFO - Processing file /opt/airflow/dags/prod/airbyte_to_dbt_prod.py for tasks to queue
[2026-08-30T13:27:36.695+0000] {logging_mixin.py:190} INFO - [2026-08-30T13:27:36.695+0000] {dagbag.py:588} INFO - Filling up the DagBag from /opt/airflow/dags/prod/airbyte_to_dbt_prod.py
[2026-08-30T13:27:36.722+0000] {processor.py:925} INFO - DAG(s) 'airbyte_to_dbt_pipeline_prod' retrieved from /opt/airflow/dags/prod/airbyte_to_dbt_prod.py
[2026-08-30T13:27:36.784+0000] {logging_mixin.py:190} INFO - [2026-08-30T13:27:36.783+0000] {dag.py:3239} INFO - Sync 1 DAGs
[2026-08-30T13:27:36.824+0000] {logging_mixin.py:190} INFO - [2026-08-30T13:27:36.823+0000] {dag.py:4180} INFO - Setting next_dagrun for airbyte_to_dbt_pipeline_prod to 2026-08-30 12:00:00+00:00, run_after=2026-08-30 13:00:00+00:00
[2026-08-30T13:27:36.851+0000] {processor.py:208} INFO - Processing /opt/airflow/dags/prod/airbyte_to_dbt_prod.py took 0.171 seconds
[2026-08-30T13:28:07.038+0000] {processor.py:186} INFO - Started process (PID=3216) to work on /opt/airflow/dags/prod/airbyte_to_dbt_prod.py
[2026-08-30T13:28:07.040+0000] {processor.py:914} INFO - Processing file /opt/airflow/dags/prod/airbyte_to_dbt_prod.py for tasks to queue
[2026-08-30T13:28:07.043+0000] {logging_mixin.py:190} INFO - [2026-08-30T13:28:07.043+0000] {dagbag.py:588} INFO - Filling up the DagBag from /opt/airflow/dags/prod/airbyte_to_dbt_prod.py
[2026-08-30T13:28:07.069+0000] {processor.py:925} INFO - DAG(s) 'airbyte_to_dbt_pipeline_prod' retrieved from /opt/airflow/dags/prod/airbyte_to_dbt_prod.py
[2026-08-30T13:28:07.131+0000] {logging_mixin.py:190} INFO - [2026-08-30T13:28:07.130+0000] {dag.py:3239} INFO - Sync 1 DAGs
[2026-08-30T13:28:07.175+0000] {logging_mixin.py:190} INFO - [2026-08-30T13:28:07.175+0000] {dag.py:4180} INFO - Setting next_dagrun for airbyte_to_dbt_pipeline_prod to 2026-08-30 12:00:00+00:00, run_after=2026-08-30 13:00:00+00:00
[2026-08-30T13:28:07.209+0000] {processor.py:208} INFO - Processing /opt/airflow/dags/prod/airbyte_to_dbt_prod.py took 0.181 seconds
[2026-08-30T13:28:37.465+0000] {processor.py:186} INFO - Started process (PID=3226) to work on /opt/airflow/dags/prod/airbyte_to_dbt_prod.py
[2026-08-30T13:28:37.466+0000] {processor.py:914} INFO - Processing file /opt/airflow/dags/prod/airbyte_to_dbt_prod.py for tasks to queue
[2026-08-30T13:28:37.470+0000] {logging_mixin.py:190} INFO - [2026-08-30T13:28:37.470+0000] {dagbag.py:588} INFO - Filling up the DagBag from /opt/airflow/dags/prod/airbyte_to_dbt_prod.py
[2026-08-30T13:28:37.497+0000] {processor.py:925} INFO - DAG(s) 'airbyte_to_dbt_pipeline_prod' retrieved from /opt/airflow/dags/prod/airbyte_to_dbt_prod.py
[2026-08-30T13:28:37.554+0000] {logging_mixin.py:190} INFO - [2026-08-30T13:28:37.554+0000] {dag.py:3239} INFO - Sync 1 DAGs
[2026-08-30T13:28:37.594+0000] {logging_mixin.py:190} INFO - [2026-08-30T13:28:37.593+0000] {dag.py:4180} INFO - Setting next_dagrun for airbyte_to_dbt_pipeline_prod to 2026-08-30 12:00:00+00:00, run_after=2026-08-30 13:00:00+00:00
[2026-08-30T13:28:37.618+0000] {processor.py:208} INFO - Processing /opt/airflow/dags/prod/airbyte_to_dbt_prod.py took 0.163 seconds
[2026-08-30T13:29:07.794+0000] {processor.py:186} INFO - Started process (PID=3236) to work on /opt/airflow/dags/prod/airbyte_to_dbt_prod.py
[2026-08-30T13:29:07.795+0000] {processor.py:914} INFO - Processing file /opt/airflow/dags/prod/airbyte_to_dbt_prod.py for tasks to queue
[2026-08-30T13:29:07.799+0000] {logging_mixin.py:190} INFO - [2026-08-30T13:29:07.799+0000] {dagbag.py:588} INFO - Filling up the DagBag from /opt/airflow/dags/prod/airbyte_to_dbt_prod.py
[2026-08-30T13:29:07.831+0000] {processor.py:925} INFO - DAG(s) 'airbyte_to_dbt_pipeline_prod' retrieved from /opt/airflow/dags/prod/airbyte_to_dbt_prod.py
[2026-08-30T13:29:07.879+0000] {logging_mixin.py:190} INFO - [2026-08-30T13:29:07.879+0000] {dag.py:3239} INFO - Sync 1 DAGs
[2026-08-30T13:29:07.914+0000] {logging_mixin.py:190} INFO - [2026-08-30T13:29:07.914+0000] {dag.py:4180} INFO - Setting next_dagrun for airbyte_to_dbt_pipeline_prod to 2026-08-30 12:00:00+00:00, run_after=2026-08-30 13:00:00+00:00
[2026-08-30T13:29:07.937+0000] {processor.py:208} INFO - Processing /opt/airflow/dags/prod/airbyte_to_dbt_prod.py took 0.154 seconds
[2026-08-30T13:29:38.239+0000] {processor.py:186} INFO - Started process (PID=3244) to work on /opt/airflow/dags/prod/airbyte_to_dbt_prod.py
[2026-08-30T13:29:38.241+0000] {processor.py:914} INFO - Processing file /opt/airflow/dags/prod/airbyte_to_dbt_prod.py for tasks to queue
[2026-08-30T13:29:38.250+0000] {logging_mixin.py:190} INFO - [2026-08-30T13:29:38.249+0000] {dagbag.py:588} INFO - Filling up the DagBag from /opt/airflow/dags/prod/airbyte_to_dbt_prod.py
[2026-08-30T13:29:38.303+0000] {processor.py:925} INFO - DAG(s) 'airbyte_to_dbt_pipeline_prod' retrieved from /opt/airflow/dags/prod/airbyte_to_dbt_prod.py
[2026-08-30T13:29:38.396+0000] {logging_mixin.py:190} INFO - [2026-08-30T13:29:38.395+0000] {dag.py:3239} INFO - Sync 1 DAGs
[2026-08-30T13:29:38.577+0000] {logging_mixin.py:190} INFO - [2026-08-30T13:29:38.577+0000] {dag.py:4180} INFO - Setting next_dagrun for airbyte_to_dbt_pipeline_prod to 2026-08-30 12:00:00+00:00, run_after=2026-08-30 13:00:00+00:00
[2026-08-30T13:29:38.603+0000] {processor.py:208} INFO - Processing /opt/airflow/dags/prod/airbyte_to_dbt_prod.py took 0.420 seconds
[2026-08-30T13:30:08.779+0000] {processor.py:186} INFO - Started process (PID=3256) to work on /opt/airflow/dags/prod/airbyte_to_dbt_prod.py
[2026-08-30T13:30:08.780+0000] {processor.py:914} INFO - Processing file /opt/airflow/dags/prod/airbyte_to_dbt_prod.py for tasks to queue
[2026-08-30T13:30:08.783+0000] {logging_mixin.py:190} INFO - [2026-08-30T13:30:08.783+0000] {dagbag.py:588} INFO - Filling up the DagBag from /opt/airflow/dags/prod/airbyte_to_dbt_prod.py
[2026-08-30T13:30:08.805+0000] {processor.py:925} INFO - DAG(s) 'airbyte_to_dbt_pipeline_prod' retrieved from /opt/airflow/dags/prod/airbyte_to_dbt_prod.py
[2026-08-30T13:30:08.847+0000] {logging_mixin.py:190} INFO - [2026-08-30T13:30:08.847+0000] {dag.py:3239} INFO - Sync 1 DAGs
[2026-08-30T13:30:08.880+0000] {logging_mixin.py:190} INFO - [2026-08-30T13:30:08.880+0000] {dag.py:4180} INFO - Setting next_dagrun for airbyte_to_dbt_pipeline_prod to 2026-08-30 12:00:00+00:00, run_after=2026-08-30 13:00:00+00:00
[2026-08-30T13:30:08.906+0000] {processor.py:208} INFO - Processing /opt/airflow/dags/prod/airbyte_to_dbt_prod.py took 0.135 seconds
[2026-08-30T13:30:39.095+0000] {processor.py:186} INFO - Started process (PID=3266) to work on /opt/airflow/dags/prod/airbyte_to_dbt_prod.py
[2026-08-30T13:30:39.097+0000] {processor.py:914} INFO - Processing file /opt/airflow/dags/prod/airbyte_to_dbt_prod.py for tasks to queue
[2026-08-30T13:30:39.101+0000] {logging_mixin.py:190} INFO - [2026-08-30T13:30:39.101+0000] {dagbag.py:588} INFO - Filling up the DagBag from /opt/airflow/dags/prod/airbyte_to_dbt_prod.py
[2026-08-30T13:30:39.135+0000] {processor.py:925} INFO - DAG(s) 'airbyte_to_dbt_pipeline_prod' retrieved from /opt/airflow/dags/prod/airbyte_to_dbt_prod.py
[2026-08-30T13:30:39.183+0000] {logging_mixin.py:190} INFO - [2026-08-30T13:30:39.182+0000] {dag.py:3239} INFO - Sync 1 DAGs
[2026-08-30T13:30:39.220+0000] {logging_mixin.py:190} INFO - [2026-08-30T13:30:39.220+0000] {dag.py:4180} INFO - Setting next_dagrun for airbyte_to_dbt_pipeline_prod to 2026-08-30 12:00:00+00:00, run_after=2026-08-30 13:00:00+00:00
[2026-08-30T13:30:39.253+0000] {processor.py:208} INFO - Processing /opt/airflow/dags/prod/airbyte_to_dbt_prod.py took 0.168 seconds
[2026-08-30T13:31:09.446+0000] {processor.py:186} INFO - Started process (PID=3276) to work on /opt/airflow/dags/prod/airbyte_to_dbt_prod.py
[2026-08-30T13:31:09.449+0000] {processor.py:914} INFO - Processing file /opt/airflow/dags/prod/airbyte_to_dbt_prod.py for tasks to queue
[2026-08-30T13:31:09.454+0000] {logging_mixin.py:190} INFO - [2026-08-30T13:31:09.453+0000] {dagbag.py:588} INFO - Filling up the DagBag from /opt/airflow/dags/prod/airbyte_to_dbt_prod.py
[2026-08-30T13:31:09.499+0000] {processor.py:925} INFO - DAG(s) 'airbyte_to_dbt_pipeline_prod' retrieved from /opt/airflow/dags/prod/airbyte_to_dbt_prod.py
[2026-08-30T13:31:09.596+0000] {logging_mixin.py:190} INFO - [2026-08-30T13:31:09.595+0000] {dag.py:3239} INFO - Sync 1 DAGs
[2026-08-30T13:31:09.663+0000] {logging_mixin.py:190} INFO - [2026-08-30T13:31:09.662+0000] {dag.py:4180} INFO - Setting next_dagrun for airbyte_to_dbt_pipeline_prod to 2026-08-30 12:00:00+00:00, run_after=2026-08-30 13:00:00+00:00
[2026-08-30T13:31:09.718+0000] {processor.py:208} INFO - Processing /opt/airflow/dags/prod/airbyte_to_dbt_prod.py took 0.287 seconds
[2026-08-30T13:31:39.902+0000] {processor.py:186} INFO - Started process (PID=3286) to work on /opt/airflow/dags/prod/airbyte_to_dbt_prod.py
[2026-08-30T13:31:39.904+0000] {processor.py:914} INFO - Processing file /opt/airflow/dags/prod/airbyte_to_dbt_prod.py for tasks to queue
[2026-08-30T13:31:39.908+0000] {logging_mixin.py:190} INFO - [2026-08-30T13:31:39.908+0000] {dagbag.py:588} INFO - Filling up the DagBag from /opt/airflow/dags/prod/airbyte_to_dbt_prod.py
[2026-08-30T13:31:39.935+0000] {processor.py:925} INFO - DAG(s) 'airbyte_to_dbt_pipeline_prod' retrieved from /opt/airflow/dags/prod/airbyte_to_dbt_prod.py
[2026-08-30T13:31:39.992+0000] {logging_mixin.py:190} INFO - [2026-08-30T13:31:39.992+0000] {dag.py:3239} INFO - Sync 1 DAGs
[2026-08-30T13:31:40.021+0000] {logging_mixin.py:190} INFO - [2026-08-30T13:31:40.021+0000] {dag.py:4180} INFO - Setting next_dagrun for airbyte_to_dbt_pipeline_prod to 2026-08-30 12:00:00+00:00, run_after=2026-08-30 13:00:00+00:00
[2026-08-30T13:31:40.048+0000] {processor.py:208} INFO - Processing /opt/airflow/dags/prod/airbyte_to_dbt_prod.py took 0.157 seconds
[2026-08-30T13:32:10.219+0000] {processor.py:186} INFO - Started process (PID=3296) to work on /opt/airflow/dags/prod/airbyte_to_dbt_prod.py
[2026-08-30T13:32:10.221+0000] {processor.py:914} INFO - Processing file /opt/airflow/dags/prod/airbyte_to_dbt_prod.py for tasks to queue
[2026-08-30T13:32:10.225+0000] {logging_mixin.py:190} INFO - [2026-08-30T13:32:10.224+0000] {dagbag.py:588} INFO - Filling up the DagBag from /opt/airflow/dags/prod/airbyte_to_dbt_prod.py
[2026-08-30T13:32:10.249+0000] {processor.py:925} INFO - DAG(s) 'airbyte_to_dbt_pipeline_prod' retrieved from /opt/airflow/dags/prod/airbyte_to_dbt_prod.py
[2026-08-30T13:32:10.293+0000] {logging_mixin.py:190} INFO - [2026-08-30T13:32:10.293+0000] {dag.py:3239} INFO - Sync 1 DAGs
[2026-08-30T13:32:10.328+0000] {logging_mixin.py:190} INFO - [2026-08-30T13:32:10.328+0000] {dag.py:4180} INFO - Setting next_dagrun for airbyte_to_dbt_pipeline_prod to 2026-08-30 12:00:00+00:00, run_after=2026-08-30 13:00:00+00:00
[2026-08-30T13:32:10.352+0000] {processor.py:208} INFO - Processing /opt/airflow/dags/prod/airbyte_to_dbt_prod.py took 0.142 seconds
[2026-08-30T13:32:40.515+0000] {processor.py:186} INFO - Started process (PID=3306) to work on /opt/airflow/dags/prod/airbyte_to_dbt_prod.py
[2026-08-30T13:32:40.516+0000] {processor.py:914} INFO - Processing file /opt/airflow/dags/prod/airbyte_to_dbt_prod.py for tasks to queue
[2026-08-30T13:32:40.519+0000] {logging_mixin.py:190} INFO - [2026-08-30T13:32:40.519+0000] {dagbag.py:588} INFO - Filling up the DagBag from /opt/airflow/dags/prod/airbyte_to_dbt_prod.py
[2026-08-30T13:32:40.541+0000] {processor.py:925} INFO - DAG(s) 'airbyte_to_dbt_pipeline_prod' retrieved from /opt/airflow/dags/prod/airbyte_to_dbt_prod.py
[2026-08-30T13:32:40.593+0000] {logging_mixin.py:190} INFO - [2026-08-30T13:32:40.593+0000] {dag.py:3239} INFO - Sync 1 DAGs
[2026-08-30T13:32:40.627+0000] {logging_mixin.py:190} INFO - [2026-08-30T13:32:40.627+0000] {dag.py:4180} INFO - Setting next_dagrun for airbyte_to_dbt_pipeline_prod to 2026-08-30 12:00:00+00:00, run_after=2026-08-30 13:00:00+00:00
[2026-08-30T13:32:40.652+0000] {processor.py:208} INFO - Processing /opt/airflow/dags/prod/airbyte_to_dbt_prod.py took 0.147 seconds
[2026-08-30T13:33:10.825+0000] {processor.py:186} INFO - Started process (PID=3316) to work on /opt/airflow/dags/prod/airbyte_to_dbt_prod.py
[2026-08-30T13:33:10.827+0000] {processor.py:914} INFO - Processing file /opt/airflow/dags/prod/airbyte_to_dbt_prod.py for tasks to queue
[2026-08-30T13:33:10.831+0000] {logging_mixin.py:190} INFO - [2026-08-30T13:33:10.830+0000] {dagbag.py:588} INFO - Filling up the DagBag from /opt/airflow/dags/prod/airbyte_to_dbt_prod.py
[2026-08-30T13:33:10.860+0000] {processor.py:925} INFO - DAG(s) 'airbyte_to_dbt_pipeline_prod' retrieved from /opt/airflow/dags/prod/airbyte_to_dbt_prod.py
[2026-08-30T13:33:10.904+0000] {logging_mixin.py:190} INFO - [2026-08-30T13:33:10.904+0000] {dag.py:3239} INFO - Sync 1 DAGs
[2026-08-30T13:33:10.943+0000] {logging_mixin.py:190} INFO - [2026-08-30T13:33:10.942+0000] {dag.py:4180} INFO - Setting next_dagrun for airbyte_to_dbt_pipeline_prod to 2026-08-30 12:00:00+00:00, run_after=2026-08-30 13:00:00+00:00
[2026-08-30T13:33:10.969+0000] {processor.py:208} INFO - Processing /opt/airflow/dags/prod/airbyte_to_dbt_prod.py took 0.155 seconds
[2026-08-30T13:33:41.157+0000] {processor.py:186} INFO - Started process (PID=3326) to work on /opt/airflow/dags/prod/airbyte_to_dbt_prod.py
[2026-08-30T13:33:41.158+0000] {processor.py:914} INFO - Processing file /opt/airflow/dags/prod/airbyte_to_dbt_prod.py for tasks to queue
[2026-08-30T13:33:41.161+0000] {logging_mixin.py:190} INFO - [2026-08-30T13:33:41.161+0000] {dagbag.py:588} INFO - Filling up the DagBag from /opt/airflow/dags/prod/airbyte_to_dbt_prod.py
[2026-08-30T13:33:41.182+0000] {processor.py:925} INFO - DAG(s) 'airbyte_to_dbt_pipeline_prod' retrieved from /opt/airflow/dags/prod/airbyte_to_dbt_prod.py
[2026-08-30T13:33:41.236+0000] {logging_mixin.py:190} INFO - [2026-08-30T13:33:41.236+0000] {dag.py:3239} INFO - Sync 1 DAGs
[2026-08-30T13:33:41.281+0000] {logging_mixin.py:190} INFO - [2026-08-30T13:33:41.280+0000] {dag.py:4180} INFO - Setting next_dagrun for airbyte_to_dbt_pipeline_prod to 2026-08-30 12:00:00+00:00, run_after=2026-08-30 13:00:00+00:00
[2026-08-30T13:33:41.309+0000] {processor.py:208} INFO - Processing /opt/airflow/dags/prod/airbyte_to_dbt_prod.py took 0.164 seconds
[2026-08-30T13:34:11.476+0000] {processor.py:186} INFO - Started process (PID=3336) to work on /opt/airflow/dags/prod/airbyte_to_dbt_prod.py
[2026-08-30T13:34:11.478+0000] {processor.py:914} INFO - Processing file /opt/airflow/dags/prod/airbyte_to_dbt_prod.py for tasks to queue
[2026-08-30T13:34:11.481+0000] {logging_mixin.py:190} INFO - [2026-08-30T13:34:11.480+0000] {dagbag.py:588} INFO - Filling up the DagBag from /opt/airflow/dags/prod/airbyte_to_dbt_prod.py
[2026-08-30T13:34:11.507+0000] {processor.py:925} INFO - DAG(s) 'airbyte_to_dbt_pipeline_prod' retrieved from /opt/airflow/dags/prod/airbyte_to_dbt_prod.py
[2026-08-30T13:34:11.558+0000] {logging_mixin.py:190} INFO - [2026-08-30T13:34:11.557+0000] {dag.py:3239} INFO - Sync 1 DAGs
[2026-08-30T13:34:11.594+0000] {logging_mixin.py:190} INFO - [2026-08-30T13:34:11.594+0000] {dag.py:4180} INFO - Setting next_dagrun for airbyte_to_dbt_pipeline_prod to 2026-08-30 12:00:00+00:00, run_after=2026-08-30 13:00:00+00:00
[2026-08-30T13:34:11.619+0000] {processor.py:208} INFO - Processing /opt/airflow/dags/prod/airbyte_to_dbt_prod.py took 0.153 seconds
[2026-08-30T13:34:41.784+0000] {processor.py:186} INFO - Started process (PID=3346) to work on /opt/airflow/dags/prod/airbyte_to_dbt_prod.py
[2026-08-30T13:34:41.788+0000] {processor.py:914} INFO - Processing file /opt/airflow/dags/prod/airbyte_to_dbt_prod.py for tasks to queue
[2026-08-30T13:34:41.796+0000] {logging_mixin.py:190} INFO - [2026-08-30T13:34:41.795+0000] {dagbag.py:588} INFO - Filling up the DagBag from /opt/airflow/dags/prod/airbyte_to_dbt_prod.py
[2026-08-30T13:34:41.832+0000] {processor.py:925} INFO - DAG(s) 'airbyte_to_dbt_pipeline_prod' retrieved from /opt/airflow/dags/prod/airbyte_to_dbt_prod.py
[2026-08-30T13:34:41.891+0000] {logging_mixin.py:190} INFO - [2026-08-30T13:34:41.891+0000] {dag.py:3239} INFO - Sync 1 DAGs
[2026-08-30T13:34:41.932+0000] {logging_mixin.py:190} INFO - [2026-08-30T13:34:41.932+0000] {dag.py:4180} INFO - Setting next_dagrun for airbyte_to_dbt_pipeline_prod to 2026-08-30 12:00:00+00:00, run_after=2026-08-30 13:00:00+00:00
[2026-08-30T13:34:41.959+0000] {processor.py:208} INFO - Processing /opt/airflow/dags/prod/airbyte_to_dbt_prod.py took 0.188 seconds
[2026-08-30T13:35:12.138+0000] {processor.py:186} INFO - Started process (PID=3356) to work on /opt/airflow/dags/prod/airbyte_to_dbt_prod.py
[2026-08-30T13:35:12.139+0000] {processor.py:914} INFO - Processing file /opt/airflow/dags/prod/airbyte_to_dbt_prod.py for tasks to queue
[2026-08-30T13:35:12.142+0000] {logging_mixin.py:190} INFO - [2026-08-30T13:35:12.142+0000] {dagbag.py:588} INFO - Filling up the DagBag from /opt/airflow/dags/prod/airbyte_to_dbt_prod.py
[2026-08-30T13:35:12.171+0000] {processor.py:925} INFO - DAG(s) 'airbyte_to_dbt_pipeline_prod' retrieved from /opt/airflow/dags/prod/airbyte_to_dbt_prod.py
[2026-08-30T13:35:12.232+0000] {logging_mixin.py:190} INFO - [2026-08-30T13:35:12.231+0000] {dag.py:3239} INFO - Sync 1 DAGs
[2026-08-30T13:35:12.270+0000] {logging_mixin.py:190} INFO - [2026-08-30T13:35:12.270+0000] {dag.py:4180} INFO - Setting next_dagrun for airbyte_to_dbt_pipeline_prod to 2026-08-30 12:00:00+00:00, run_after=2026-08-30 13:00:00+00:00
[2026-08-30T13:35:12.298+0000] {processor.py:208} INFO - Processing /opt/airflow/dags/prod/airbyte_to_dbt_prod.py took 0.168 seconds
[2026-08-30T13:35:42.497+0000] {processor.py:186} INFO - Started process (PID=3366) to work on /opt/airflow/dags/prod/airbyte_to_dbt_prod.py
[2026-08-30T13:35:42.498+0000] {processor.py:914} INFO - Processing file /opt/airflow/dags/prod/airbyte_to_dbt_prod.py for tasks to queue
[2026-08-30T13:35:42.503+0000] {logging_mixin.py:190} INFO - [2026-08-30T13:35:42.502+0000] {dagbag.py:588} INFO - Filling up the DagBag from /opt/airflow/dags/prod/airbyte_to_dbt_prod.py
[2026-08-30T13:35:42.573+0000] {processor.py:925} INFO - DAG(s) 'airbyte_to_dbt_pipeline_prod' retrieved from /opt/airflow/dags/prod/airbyte_to_dbt_prod.py
[2026-08-30T13:35:42.719+0000] {logging_mixin.py:190} INFO - [2026-08-30T13:35:42.718+0000] {dag.py:3239} INFO - Sync 1 DAGs
[2026-08-30T13:35:42.807+0000] {logging_mixin.py:190} INFO - [2026-08-30T13:35:42.806+0000] {dag.py:4180} INFO - Setting next_dagrun for airbyte_to_dbt_pipeline_prod to 2026-08-30 12:00:00+00:00, run_after=2026-08-30 13:00:00+00:00
[2026-08-30T13:35:42.861+0000] {processor.py:208} INFO - Processing /opt/airflow/dags/prod/airbyte_to_dbt_prod.py took 0.379 seconds
[2026-08-30T13:36:13.060+0000] {processor.py:186} INFO - Started process (PID=3374) to work on /opt/airflow/dags/prod/airbyte_to_dbt_prod.py
[2026-08-30T13:36:13.061+0000] {processor.py:914} INFO - Processing file /opt/airflow/dags/prod/airbyte_to_dbt_prod.py for tasks to queue
[2026-08-30T13:36:13.075+0000] {logging_mixin.py:190} INFO - [2026-08-30T13:36:13.074+0000] {dagbag.py:588} INFO - Filling up the DagBag from /opt/airflow/dags/prod/airbyte_to_dbt_prod.py
[2026-08-30T13:36:13.212+0000] {processor.py:925} INFO - DAG(s) 'airbyte_to_dbt_pipeline_prod' retrieved from /opt/airflow/dags/prod/airbyte_to_dbt_prod.py
[2026-08-30T13:36:13.348+0000] {logging_mixin.py:190} INFO - [2026-08-30T13:36:13.348+0000] {dag.py:3239} INFO - Sync 1 DAGs
[2026-08-30T13:36:13.448+0000] {logging_mixin.py:190} INFO - [2026-08-30T13:36:13.447+0000] {dag.py:4180} INFO - Setting next_dagrun for airbyte_to_dbt_pipeline_prod to 2026-08-30 12:00:00+00:00, run_after=2026-08-30 13:00:00+00:00
[2026-08-30T13:36:13.473+0000] {processor.py:208} INFO - Processing /opt/airflow/dags/prod/airbyte_to_dbt_prod.py took 0.449 seconds
[2026-08-30T13:36:43.788+0000] {processor.py:186} INFO - Started process (PID=3385) to work on /opt/airflow/dags/prod/airbyte_to_dbt_prod.py
[2026-08-30T13:36:43.789+0000] {processor.py:914} INFO - Processing file /opt/airflow/dags/prod/airbyte_to_dbt_prod.py for tasks to queue
[2026-08-30T13:36:43.815+0000] {logging_mixin.py:190} INFO - [2026-08-30T13:36:43.814+0000] {dagbag.py:588} INFO - Filling up the DagBag from /opt/airflow/dags/prod/airbyte_to_dbt_prod.py
[2026-08-30T13:36:43.945+0000] {processor.py:925} INFO - DAG(s) 'airbyte_to_dbt_pipeline_prod' retrieved from /opt/airflow/dags/prod/airbyte_to_dbt_prod.py
[2026-08-30T13:36:44.102+0000] {logging_mixin.py:190} INFO - [2026-08-30T13:36:44.102+0000] {dag.py:3239} INFO - Sync 1 DAGs
[2026-08-30T13:36:44.178+0000] {logging_mixin.py:190} INFO - [2026-08-30T13:36:44.178+0000] {dag.py:4180} INFO - Setting next_dagrun for airbyte_to_dbt_pipeline_prod to 2026-08-30 12:00:00+00:00, run_after=2026-08-30 13:00:00+00:00
[2026-08-30T13:36:44.218+0000] {processor.py:208} INFO - Processing /opt/airflow/dags/prod/airbyte_to_dbt_prod.py took 0.541 seconds
[2026-08-30T13:37:14.483+0000] {processor.py:186} INFO - Started process (PID=3396) to work on /opt/airflow/dags/prod/airbyte_to_dbt_prod.py
[2026-08-30T13:37:14.485+0000] {processor.py:914} INFO - Processing file /opt/airflow/dags/prod/airbyte_to_dbt_prod.py for tasks to queue
[2026-08-30T13:37:14.553+0000] {logging_mixin.py:190} INFO - [2026-08-30T13:37:14.545+0000] {dagbag.py:588} INFO - Filling up the DagBag from /opt/airflow/dags/prod/airbyte_to_dbt_prod.py
[2026-08-30T13:37:14.696+0000] {processor.py:925} INFO - DAG(s) 'airbyte_to_dbt_pipeline_prod' retrieved from /opt/airflow/dags/prod/airbyte_to_dbt_prod.py
[2026-08-30T13:37:14.827+0000] {logging_mixin.py:190} INFO - [2026-08-30T13:37:14.827+0000] {dag.py:3239} INFO - Sync 1 DAGs
[2026-08-30T13:37:14.953+0000] {logging_mixin.py:190} INFO - [2026-08-30T13:37:14.952+0000] {dag.py:4180} INFO - Setting next_dagrun for airbyte_to_dbt_pipeline_prod to 2026-08-30 12:00:00+00:00, run_after=2026-08-30 13:00:00+00:00
[2026-08-30T13:37:14.983+0000] {processor.py:208} INFO - Processing /opt/airflow/dags/prod/airbyte_to_dbt_prod.py took 0.578 seconds
[2026-08-30T13:37:45.154+0000] {processor.py:186} INFO - Started process (PID=3406) to work on /opt/airflow/dags/prod/airbyte_to_dbt_prod.py
[2026-08-30T13:37:45.155+0000] {processor.py:914} INFO - Processing file /opt/airflow/dags/prod/airbyte_to_dbt_prod.py for tasks to queue
[2026-08-30T13:37:45.159+0000] {logging_mixin.py:190} INFO - [2026-08-30T13:37:45.158+0000] {dagbag.py:588} INFO - Filling up the DagBag from /opt/airflow/dags/prod/airbyte_to_dbt_prod.py
[2026-08-30T13:37:45.185+0000] {processor.py:925} INFO - DAG(s) 'airbyte_to_dbt_pipeline_prod' retrieved from /opt/airflow/dags/prod/airbyte_to_dbt_prod.py
[2026-08-30T13:37:45.235+0000] {logging_mixin.py:190} INFO - [2026-08-30T13:37:45.234+0000] {dag.py:3239} INFO - Sync 1 DAGs
[2026-08-30T13:37:45.274+0000] {logging_mixin.py:190} INFO - [2026-08-30T13:37:45.274+0000] {dag.py:4180} INFO - Setting next_dagrun for airbyte_to_dbt_pipeline_prod to 2026-08-30 12:00:00+00:00, run_after=2026-08-30 13:00:00+00:00
[2026-08-30T13:37:45.299+0000] {processor.py:208} INFO - Processing /opt/airflow/dags/prod/airbyte_to_dbt_prod.py took 0.158 seconds
[2026-08-30T13:38:15.493+0000] {processor.py:186} INFO - Started process (PID=3416) to work on /opt/airflow/dags/prod/airbyte_to_dbt_prod.py
[2026-08-30T13:38:15.494+0000] {processor.py:914} INFO - Processing file /opt/airflow/dags/prod/airbyte_to_dbt_prod.py for tasks to queue
[2026-08-30T13:38:15.497+0000] {logging_mixin.py:190} INFO - [2026-08-30T13:38:15.497+0000] {dagbag.py:588} INFO - Filling up the DagBag from /opt/airflow/dags/prod/airbyte_to_dbt_prod.py
[2026-08-30T13:38:15.526+0000] {processor.py:925} INFO - DAG(s) 'airbyte_to_dbt_pipeline_prod' retrieved from /opt/airflow/dags/prod/airbyte_to_dbt_prod.py
[2026-08-30T13:38:15.576+0000] {logging_mixin.py:190} INFO - [2026-08-30T13:38:15.576+0000] {dag.py:3239} INFO - Sync 1 DAGs
[2026-08-30T13:38:15.613+0000] {logging_mixin.py:190} INFO - [2026-08-30T13:38:15.613+0000] {dag.py:4180} INFO - Setting next_dagrun for airbyte_to_dbt_pipeline_prod to 2026-08-30 12:00:00+00:00, run_after=2026-08-30 13:00:00+00:00
[2026-08-30T13:38:15.638+0000] {processor.py:208} INFO - Processing /opt/airflow/dags/prod/airbyte_to_dbt_prod.py took 0.154 seconds
[2026-08-30T13:38:45.804+0000] {processor.py:186} INFO - Started process (PID=3426) to work on /opt/airflow/dags/prod/airbyte_to_dbt_prod.py
[2026-08-30T13:38:45.806+0000] {processor.py:914} INFO - Processing file /opt/airflow/dags/prod/airbyte_to_dbt_prod.py for tasks to queue
[2026-08-30T13:38:45.810+0000] {logging_mixin.py:190} INFO - [2026-08-30T13:38:45.809+0000] {dagbag.py:588} INFO - Filling up the DagBag from /opt/airflow/dags/prod/airbyte_to_dbt_prod.py
[2026-08-30T13:38:45.839+0000] {processor.py:925} INFO - DAG(s) 'airbyte_to_dbt_pipeline_prod' retrieved from /opt/airflow/dags/prod/airbyte_to_dbt_prod.py
[2026-08-30T13:38:45.888+0000] {logging_mixin.py:190} INFO - [2026-08-30T13:38:45.888+0000] {dag.py:3239} INFO - Sync 1 DAGs
[2026-08-30T13:38:45.925+0000] {logging_mixin.py:190} INFO - [2026-08-30T13:38:45.925+0000] {dag.py:4180} INFO - Setting next_dagrun for airbyte_to_dbt_pipeline_prod to 2026-08-30 12:00:00+00:00, run_after=2026-08-30 13:00:00+00:00
[2026-08-30T13:38:45.953+0000] {processor.py:208} INFO - Processing /opt/airflow/dags/prod/airbyte_to_dbt_prod.py took 0.160 seconds
[2026-08-30T13:39:16.126+0000] {processor.py:186} INFO - Started process (PID=3436) to work on /opt/airflow/dags/prod/airbyte_to_dbt_prod.py
[2026-08-30T13:39:16.128+0000] {processor.py:914} INFO - Processing file /opt/airflow/dags/prod/airbyte_to_dbt_prod.py for tasks to queue
[2026-08-30T13:39:16.132+0000] {logging_mixin.py:190} INFO - [2026-08-30T13:39:16.131+0000] {dagbag.py:588} INFO - Filling up the DagBag from /opt/airflow/dags/prod/airbyte_to_dbt_prod.py
[2026-08-30T13:39:16.162+0000] {processor.py:925} INFO - DAG(s) 'airbyte_to_dbt_pipeline_prod' retrieved from /opt/airflow/dags/prod/airbyte_to_dbt_prod.py
[2026-08-30T13:39:16.214+0000] {logging_mixin.py:190} INFO - [2026-08-30T13:39:16.214+0000] {dag.py:3239} INFO - Sync 1 DAGs
[2026-08-30T13:39:16.252+0000] {logging_mixin.py:190} INFO - [2026-08-30T13:39:16.252+0000] {dag.py:4180} INFO - Setting next_dagrun for airbyte_to_dbt_pipeline_prod to 2026-08-30 12:00:00+00:00, run_after=2026-08-30 13:00:00+00:00
[2026-08-30T13:39:16.278+0000] {processor.py:208} INFO - Processing /opt/airflow/dags/prod/airbyte_to_dbt_prod.py took 0.164 seconds
[2026-08-30T13:39:46.577+0000] {processor.py:186} INFO - Started process (PID=3444) to work on /opt/airflow/dags/prod/airbyte_to_dbt_prod.py
[2026-08-30T13:39:46.578+0000] {processor.py:914} INFO - Processing file /opt/airflow/dags/prod/airbyte_to_dbt_prod.py for tasks to queue
[2026-08-30T13:39:46.595+0000] {logging_mixin.py:190} INFO - [2026-08-30T13:39:46.594+0000] {dagbag.py:588} INFO - Filling up the DagBag from /opt/airflow/dags/prod/airbyte_to_dbt_prod.py
[2026-08-30T13:39:46.847+0000] {processor.py:925} INFO - DAG(s) 'airbyte_to_dbt_pipeline_prod' retrieved from /opt/airflow/dags/prod/airbyte_to_dbt_prod.py
[2026-08-30T13:39:47.153+0000] {logging_mixin.py:190} INFO - [2026-08-30T13:39:47.152+0000] {dag.py:3239} INFO - Sync 1 DAGs
[2026-08-30T13:39:47.264+0000] {logging_mixin.py:190} INFO - [2026-08-30T13:39:47.264+0000] {dag.py:4180} INFO - Setting next_dagrun for airbyte_to_dbt_pipeline_prod to 2026-08-30 12:00:00+00:00, run_after=2026-08-30 13:00:00+00:00
[2026-08-30T13:39:47.290+0000] {processor.py:208} INFO - Processing /opt/airflow/dags/prod/airbyte_to_dbt_prod.py took 0.764 seconds
[2026-08-30T13:40:17.457+0000] {processor.py:186} INFO - Started process (PID=3456) to work on /opt/airflow/dags/prod/airbyte_to_dbt_prod.py
[2026-08-30T13:40:17.458+0000] {processor.py:914} INFO - Processing file /opt/airflow/dags/prod/airbyte_to_dbt_prod.py for tasks to queue
[2026-08-30T13:40:17.461+0000] {logging_mixin.py:190} INFO - [2026-08-30T13:40:17.461+0000] {dagbag.py:588} INFO - Filling up the DagBag from /opt/airflow/dags/prod/airbyte_to_dbt_prod.py
[2026-08-30T13:40:17.486+0000] {processor.py:925} INFO - DAG(s) 'airbyte_to_dbt_pipeline_prod' retrieved from /opt/airflow/dags/prod/airbyte_to_dbt_prod.py
[2026-08-30T13:40:17.530+0000] {logging_mixin.py:190} INFO - [2026-08-30T13:40:17.530+0000] {dag.py:3239} INFO - Sync 1 DAGs
[2026-08-30T13:40:17.564+0000] {logging_mixin.py:190} INFO - [2026-08-30T13:40:17.563+0000] {dag.py:4180} INFO - Setting next_dagrun for airbyte_to_dbt_pipeline_prod to 2026-08-30 12:00:00+00:00, run_after=2026-08-30 13:00:00+00:00
[2026-08-30T13:40:17.586+0000] {processor.py:208} INFO - Processing /opt/airflow/dags/prod/airbyte_to_dbt_prod.py took 0.138 seconds
[2026-08-30T13:40:47.781+0000] {processor.py:186} INFO - Started process (PID=3466) to work on /opt/airflow/dags/prod/airbyte_to_dbt_prod.py
[2026-08-30T13:40:47.783+0000] {processor.py:914} INFO - Processing file /opt/airflow/dags/prod/airbyte_to_dbt_prod.py for tasks to queue
[2026-08-30T13:40:47.790+0000] {logging_mixin.py:190} INFO - [2026-08-30T13:40:47.789+0000] {dagbag.py:588} INFO - Filling up the DagBag from /opt/airflow/dags/prod/airbyte_to_dbt_prod.py
[2026-08-30T13:40:47.819+0000] {processor.py:925} INFO - DAG(s) 'airbyte_to_dbt_pipeline_prod' retrieved from /opt/airflow/dags/prod/airbyte_to_dbt_prod.py
[2026-08-30T13:40:47.862+0000] {logging_mixin.py:190} INFO - [2026-08-30T13:40:47.862+0000] {dag.py:3239} INFO - Sync 1 DAGs
[2026-08-30T13:40:47.904+0000] {logging_mixin.py:190} INFO - [2026-08-30T13:40:47.903+0000] {dag.py:4180} INFO - Setting next_dagrun for airbyte_to_dbt_pipeline_prod to 2026-08-30 12:00:00+00:00, run_after=2026-08-30 13:00:00+00:00
[2026-08-30T13:40:47.930+0000] {processor.py:208} INFO - Processing /opt/airflow/dags/prod/airbyte_to_dbt_prod.py took 0.165 seconds
[2026-08-30T13:41:18.302+0000] {processor.py:186} INFO - Started process (PID=3474) to work on /opt/airflow/dags/prod/airbyte_to_dbt_prod.py
[2026-08-30T13:41:18.350+0000] {processor.py:914} INFO - Processing file /opt/airflow/dags/prod/airbyte_to_dbt_prod.py for tasks to queue
[2026-08-30T13:41:18.395+0000] {logging_mixin.py:190} INFO - [2026-08-30T13:41:18.394+0000] {dagbag.py:588} INFO - Filling up the DagBag from /opt/airflow/dags/prod/airbyte_to_dbt_prod.py
[2026-08-30T13:41:18.438+0000] {processor.py:925} INFO - DAG(s) 'airbyte_to_dbt_pipeline_prod' retrieved from /opt/airflow/dags/prod/airbyte_to_dbt_prod.py
[2026-08-30T13:41:18.562+0000] {logging_mixin.py:190} INFO - [2026-08-30T13:41:18.562+0000] {dag.py:3239} INFO - Sync 1 DAGs
[2026-08-30T13:41:18.661+0000] {logging_mixin.py:190} INFO - [2026-08-30T13:41:18.661+0000] {dag.py:4180} INFO - Setting next_dagrun for airbyte_to_dbt_pipeline_prod to 2026-08-30 12:00:00+00:00, run_after=2026-08-30 13:00:00+00:00
[2026-08-30T13:41:18.687+0000] {processor.py:208} INFO - Processing /opt/airflow/dags/prod/airbyte_to_dbt_prod.py took 0.441 seconds
[2026-08-30T13:41:48.905+0000] {processor.py:186} INFO - Started process (PID=3486) to work on /opt/airflow/dags/prod/airbyte_to_dbt_prod.py
[2026-08-30T13:41:48.906+0000] {processor.py:914} INFO - Processing file /opt/airflow/dags/prod/airbyte_to_dbt_prod.py for tasks to queue
[2026-08-30T13:41:48.913+0000] {logging_mixin.py:190} INFO - [2026-08-30T13:41:48.912+0000] {dagbag.py:588} INFO - Filling up the DagBag from /opt/airflow/dags/prod/airbyte_to_dbt_prod.py
[2026-08-30T13:41:48.960+0000] {processor.py:925} INFO - DAG(s) 'airbyte_to_dbt_pipeline_prod' retrieved from /opt/airflow/dags/prod/airbyte_to_dbt_prod.py
[2026-08-30T13:41:49.026+0000] {logging_mixin.py:190} INFO - [2026-08-30T13:41:49.026+0000] {dag.py:3239} INFO - Sync 1 DAGs
[2026-08-30T13:41:49.074+0000] {logging_mixin.py:190} INFO - [2026-08-30T13:41:49.074+0000] {dag.py:4180} INFO - Setting next_dagrun for airbyte_to_dbt_pipeline_prod to 2026-08-30 12:00:00+00:00, run_after=2026-08-30 13:00:00+00:00
[2026-08-30T13:41:49.117+0000] {processor.py:208} INFO - Processing /opt/airflow/dags/prod/airbyte_to_dbt_prod.py took 0.229 seconds
[2026-08-30T13:42:19.336+0000] {processor.py:186} INFO - Started process (PID=3496) to work on /opt/airflow/dags/prod/airbyte_to_dbt_prod.py
[2026-08-30T13:42:19.337+0000] {processor.py:914} INFO - Processing file /opt/airflow/dags/prod/airbyte_to_dbt_prod.py for tasks to queue
[2026-08-30T13:42:19.342+0000] {logging_mixin.py:190} INFO - [2026-08-30T13:42:19.341+0000] {dagbag.py:588} INFO - Filling up the DagBag from /opt/airflow/dags/prod/airbyte_to_dbt_prod.py
[2026-08-30T13:42:19.370+0000] {processor.py:925} INFO - DAG(s) 'airbyte_to_dbt_pipeline_prod' retrieved from /opt/airflow/dags/prod/airbyte_to_dbt_prod.py
[2026-08-30T13:42:19.423+0000] {logging_mixin.py:190} INFO - [2026-08-30T13:42:19.423+0000] {dag.py:3239} INFO - Sync 1 DAGs
[2026-08-30T13:42:19.459+0000] {logging_mixin.py:190} INFO - [2026-08-30T13:42:19.459+0000] {dag.py:4180} INFO - Setting next_dagrun for airbyte_to_dbt_pipeline_prod to 2026-08-30 12:00:00+00:00, run_after=2026-08-30 13:00:00+00:00
[2026-08-30T13:42:19.484+0000] {processor.py:208} INFO - Processing /opt/airflow/dags/prod/airbyte_to_dbt_prod.py took 0.159 seconds
[2026-08-30T13:42:49.654+0000] {processor.py:186} INFO - Started process (PID=3506) to work on /opt/airflow/dags/prod/airbyte_to_dbt_prod.py
[2026-08-30T13:42:49.654+0000] {processor.py:914} INFO - Processing file /opt/airflow/dags/prod/airbyte_to_dbt_prod.py for tasks to queue
[2026-08-30T13:42:49.657+0000] {logging_mixin.py:190} INFO - [2026-08-30T13:42:49.657+0000] {dagbag.py:588} INFO - Filling up the DagBag from /opt/airflow/dags/prod/airbyte_to_dbt_prod.py
[2026-08-30T13:42:49.685+0000] {processor.py:925} INFO - DAG(s) 'airbyte_to_dbt_pipeline_prod' retrieved from /opt/airflow/dags/prod/airbyte_to_dbt_prod.py
[2026-08-30T13:42:49.729+0000] {logging_mixin.py:190} INFO - [2026-08-30T13:42:49.728+0000] {dag.py:3239} INFO - Sync 1 DAGs
[2026-08-30T13:42:49.760+0000] {logging_mixin.py:190} INFO - [2026-08-30T13:42:49.760+0000] {dag.py:4180} INFO - Setting next_dagrun for airbyte_to_dbt_pipeline_prod to 2026-08-30 12:00:00+00:00, run_after=2026-08-30 13:00:00+00:00
[2026-08-30T13:42:49.782+0000] {processor.py:208} INFO - Processing /opt/airflow/dags/prod/airbyte_to_dbt_prod.py took 0.137 seconds
[2026-08-30T13:43:19.989+0000] {processor.py:186} INFO - Started process (PID=3516) to work on /opt/airflow/dags/prod/airbyte_to_dbt_prod.py
[2026-08-30T13:43:19.990+0000] {processor.py:914} INFO - Processing file /opt/airflow/dags/prod/airbyte_to_dbt_prod.py for tasks to queue
[2026-08-30T13:43:19.993+0000] {logging_mixin.py:190} INFO - [2026-08-30T13:43:19.993+0000] {dagbag.py:588} INFO - Filling up the DagBag from /opt/airflow/dags/prod/airbyte_to_dbt_prod.py
[2026-08-30T13:43:20.014+0000] {processor.py:925} INFO - DAG(s) 'airbyte_to_dbt_pipeline_prod' retrieved from /opt/airflow/dags/prod/airbyte_to_dbt_prod.py
[2026-08-30T13:43:20.063+0000] {logging_mixin.py:190} INFO - [2026-08-30T13:43:20.062+0000] {dag.py:3239} INFO - Sync 1 DAGs
[2026-08-30T13:43:20.099+0000] {logging_mixin.py:190} INFO - [2026-08-30T13:43:20.099+0000] {dag.py:4180} INFO - Setting next_dagrun for airbyte_to_dbt_pipeline_prod to 2026-08-30 12:00:00+00:00, run_after=2026-08-30 13:00:00+00:00
[2026-08-30T13:43:20.127+0000] {processor.py:208} INFO - Processing /opt/airflow/dags/prod/airbyte_to_dbt_prod.py took 0.149 seconds
[2026-08-30T13:43:50.310+0000] {processor.py:186} INFO - Started process (PID=3526) to work on /opt/airflow/dags/prod/airbyte_to_dbt_prod.py
[2026-08-30T13:43:50.311+0000] {processor.py:914} INFO - Processing file /opt/airflow/dags/prod/airbyte_to_dbt_prod.py for tasks to queue
[2026-08-30T13:43:50.314+0000] {logging_mixin.py:190} INFO - [2026-08-30T13:43:50.314+0000] {dagbag.py:588} INFO - Filling up the DagBag from /opt/airflow/dags/prod/airbyte_to_dbt_prod.py
[2026-08-30T13:43:50.346+0000] {processor.py:925} INFO - DAG(s) 'airbyte_to_dbt_pipeline_prod' retrieved from /opt/airflow/dags/prod/airbyte_to_dbt_prod.py
[2026-08-30T13:43:50.405+0000] {logging_mixin.py:190} INFO - [2026-08-30T13:43:50.405+0000] {dag.py:3239} INFO - Sync 1 DAGs
[2026-08-30T13:43:50.437+0000] {logging_mixin.py:190} INFO - [2026-08-30T13:43:50.437+0000] {dag.py:4180} INFO - Setting next_dagrun for airbyte_to_dbt_pipeline_prod to 2026-08-30 12:00:00+00:00, run_after=2026-08-30 13:00:00+00:00
[2026-08-30T13:43:50.460+0000] {processor.py:208} INFO - Processing /opt/airflow/dags/prod/airbyte_to_dbt_prod.py took 0.160 seconds
[2026-08-30T13:44:20.645+0000] {processor.py:186} INFO - Started process (PID=3536) to work on /opt/airflow/dags/prod/airbyte_to_dbt_prod.py
[2026-08-30T13:44:20.647+0000] {processor.py:914} INFO - Processing file /opt/airflow/dags/prod/airbyte_to_dbt_prod.py for tasks to queue
[2026-08-30T13:44:20.651+0000] {logging_mixin.py:190} INFO - [2026-08-30T13:44:20.651+0000] {dagbag.py:588} INFO - Filling up the DagBag from /opt/airflow/dags/prod/airbyte_to_dbt_prod.py
[2026-08-30T13:44:20.684+0000] {processor.py:925} INFO - DAG(s) 'airbyte_to_dbt_pipeline_prod' retrieved from /opt/airflow/dags/prod/airbyte_to_dbt_prod.py
[2026-08-30T13:44:20.737+0000] {logging_mixin.py:190} INFO - [2026-08-30T13:44:20.737+0000] {dag.py:3239} INFO - Sync 1 DAGs
[2026-08-30T13:44:20.793+0000] {logging_mixin.py:190} INFO - [2026-08-30T13:44:20.793+0000] {dag.py:4180} INFO - Setting next_dagrun for airbyte_to_dbt_pipeline_prod to 2026-08-30 12:00:00+00:00, run_after=2026-08-30 13:00:00+00:00
[2026-08-30T13:44:20.836+0000] {processor.py:208} INFO - Processing /opt/airflow/dags/prod/airbyte_to_dbt_prod.py took 0.202 seconds
[2026-08-30T13:44:51.010+0000] {processor.py:186} INFO - Started process (PID=3546) to work on /opt/airflow/dags/prod/airbyte_to_dbt_prod.py
[2026-08-30T13:44:51.012+0000] {processor.py:914} INFO - Processing file /opt/airflow/dags/prod/airbyte_to_dbt_prod.py for tasks to queue
[2026-08-30T13:44:51.017+0000] {logging_mixin.py:190} INFO - [2026-08-30T13:44:51.016+0000] {dagbag.py:588} INFO - Filling up the DagBag from /opt/airflow/dags/prod/airbyte_to_dbt_prod.py
[2026-08-30T13:44:51.055+0000] {processor.py:925} INFO - DAG(s) 'airbyte_to_dbt_pipeline_prod' retrieved from /opt/airflow/dags/prod/airbyte_to_dbt_prod.py
[2026-08-30T13:44:51.117+0000] {logging_mixin.py:190} INFO - [2026-08-30T13:44:51.117+0000] {dag.py:3239} INFO - Sync 1 DAGs
[2026-08-30T13:44:51.160+0000] {logging_mixin.py:190} INFO - [2026-08-30T13:44:51.160+0000] {dag.py:4180} INFO - Setting next_dagrun for airbyte_to_dbt_pipeline_prod to 2026-08-30 12:00:00+00:00, run_after=2026-08-30 13:00:00+00:00
[2026-08-30T13:44:51.185+0000] {processor.py:208} INFO - Processing /opt/airflow/dags/prod/airbyte_to_dbt_prod.py took 0.189 seconds
[2026-08-30T13:45:21.342+0000] {processor.py:186} INFO - Started process (PID=3556) to work on /opt/airflow/dags/prod/airbyte_to_dbt_prod.py
[2026-08-30T13:45:21.344+0000] {processor.py:914} INFO - Processing file /opt/airflow/dags/prod/airbyte_to_dbt_prod.py for tasks to queue
[2026-08-30T13:45:21.348+0000] {logging_mixin.py:190} INFO - [2026-08-30T13:45:21.347+0000] {dagbag.py:588} INFO - Filling up the DagBag from /opt/airflow/dags/prod/airbyte_to_dbt_prod.py
[2026-08-30T13:45:21.374+0000] {processor.py:925} INFO - DAG(s) 'airbyte_to_dbt_pipeline_prod' retrieved from /opt/airflow/dags/prod/airbyte_to_dbt_prod.py
[2026-08-30T13:45:21.416+0000] {logging_mixin.py:190} INFO - [2026-08-30T13:45:21.416+0000] {dag.py:3239} INFO - Sync 1 DAGs
[2026-08-30T13:45:21.446+0000] {logging_mixin.py:190} INFO - [2026-08-30T13:45:21.446+0000] {dag.py:4180} INFO - Setting next_dagrun for airbyte_to_dbt_pipeline_prod to 2026-08-30 12:00:00+00:00, run_after=2026-08-30 13:00:00+00:00
[2026-08-30T13:45:21.474+0000] {processor.py:208} INFO - Processing /opt/airflow/dags/prod/airbyte_to_dbt_prod.py took 0.142 seconds
[2026-08-30T13:45:51.647+0000] {processor.py:186} INFO - Started process (PID=3566) to work on /opt/airflow/dags/prod/airbyte_to_dbt_prod.py
[2026-08-30T13:45:51.648+0000] {processor.py:914} INFO - Processing file /opt/airflow/dags/prod/airbyte_to_dbt_prod.py for tasks to queue
[2026-08-30T13:45:51.652+0000] {logging_mixin.py:190} INFO - [2026-08-30T13:45:51.651+0000] {dagbag.py:588} INFO - Filling up the DagBag from /opt/airflow/dags/prod/airbyte_to_dbt_prod.py
[2026-08-30T13:45:51.672+0000] {processor.py:925} INFO - DAG(s) 'airbyte_to_dbt_pipeline_prod' retrieved from /opt/airflow/dags/prod/airbyte_to_dbt_prod.py
[2026-08-30T13:45:51.718+0000] {logging_mixin.py:190} INFO - [2026-08-30T13:45:51.718+0000] {dag.py:3239} INFO - Sync 1 DAGs
[2026-08-30T13:45:51.753+0000] {logging_mixin.py:190} INFO - [2026-08-30T13:45:51.753+0000] {dag.py:4180} INFO - Setting next_dagrun for airbyte_to_dbt_pipeline_prod to 2026-08-30 12:00:00+00:00, run_after=2026-08-30 13:00:00+00:00
[2026-08-30T13:45:51.777+0000] {processor.py:208} INFO - Processing /opt/airflow/dags/prod/airbyte_to_dbt_prod.py took 0.139 seconds
[2026-08-30T13:46:21.970+0000] {processor.py:186} INFO - Started process (PID=3576) to work on /opt/airflow/dags/prod/airbyte_to_dbt_prod.py
[2026-08-30T13:46:21.972+0000] {processor.py:914} INFO - Processing file /opt/airflow/dags/prod/airbyte_to_dbt_prod.py for tasks to queue
[2026-08-30T13:46:21.975+0000] {logging_mixin.py:190} INFO - [2026-08-30T13:46:21.974+0000] {dagbag.py:588} INFO - Filling up the DagBag from /opt/airflow/dags/prod/airbyte_to_dbt_prod.py
[2026-08-30T13:46:22.004+0000] {processor.py:925} INFO - DAG(s) 'airbyte_to_dbt_pipeline_prod' retrieved from /opt/airflow/dags/prod/airbyte_to_dbt_prod.py
[2026-08-30T13:46:22.052+0000] {logging_mixin.py:190} INFO - [2026-08-30T13:46:22.051+0000] {dag.py:3239} INFO - Sync 1 DAGs
[2026-08-30T13:46:22.094+0000] {logging_mixin.py:190} INFO - [2026-08-30T13:46:22.093+0000] {dag.py:4180} INFO - Setting next_dagrun for airbyte_to_dbt_pipeline_prod to 2026-08-30 12:00:00+00:00, run_after=2026-08-30 13:00:00+00:00
[2026-08-30T13:46:22.117+0000] {processor.py:208} INFO - Processing /opt/airflow/dags/prod/airbyte_to_dbt_prod.py took 0.156 seconds
[2026-08-30T13:46:52.281+0000] {processor.py:186} INFO - Started process (PID=3586) to work on /opt/airflow/dags/prod/airbyte_to_dbt_prod.py
[2026-08-30T13:46:52.282+0000] {processor.py:914} INFO - Processing file /opt/airflow/dags/prod/airbyte_to_dbt_prod.py for tasks to queue
[2026-08-30T13:46:52.286+0000] {logging_mixin.py:190} INFO - [2026-08-30T13:46:52.286+0000] {dagbag.py:588} INFO - Filling up the DagBag from /opt/airflow/dags/prod/airbyte_to_dbt_prod.py
[2026-08-30T13:46:52.319+0000] {processor.py:925} INFO - DAG(s) 'airbyte_to_dbt_pipeline_prod' retrieved from /opt/airflow/dags/prod/airbyte_to_dbt_prod.py
[2026-08-30T13:46:52.365+0000] {logging_mixin.py:190} INFO - [2026-08-30T13:46:52.365+0000] {dag.py:3239} INFO - Sync 1 DAGs
[2026-08-30T13:46:52.406+0000] {logging_mixin.py:190} INFO - [2026-08-30T13:46:52.406+0000] {dag.py:4180} INFO - Setting next_dagrun for airbyte_to_dbt_pipeline_prod to 2026-08-30 12:00:00+00:00, run_after=2026-08-30 13:00:00+00:00
[2026-08-30T13:46:52.433+0000] {processor.py:208} INFO - Processing /opt/airflow/dags/prod/airbyte_to_dbt_prod.py took 0.164 seconds
[2026-08-30T13:47:22.717+0000] {processor.py:186} INFO - Started process (PID=3594) to work on /opt/airflow/dags/prod/airbyte_to_dbt_prod.py
[2026-08-30T13:47:22.718+0000] {processor.py:914} INFO - Processing file /opt/airflow/dags/prod/airbyte_to_dbt_prod.py for tasks to queue
[2026-08-30T13:47:22.740+0000] {logging_mixin.py:190} INFO - [2026-08-30T13:47:22.738+0000] {dagbag.py:588} INFO - Filling up the DagBag from /opt/airflow/dags/prod/airbyte_to_dbt_prod.py
[2026-08-30T13:47:22.892+0000] {processor.py:925} INFO - DAG(s) 'airbyte_to_dbt_pipeline_prod' retrieved from /opt/airflow/dags/prod/airbyte_to_dbt_prod.py
[2026-08-30T13:47:23.036+0000] {logging_mixin.py:190} INFO - [2026-08-30T13:47:23.036+0000] {dag.py:3239} INFO - Sync 1 DAGs
[2026-08-30T13:47:23.134+0000] {logging_mixin.py:190} INFO - [2026-08-30T13:47:23.133+0000] {dag.py:4180} INFO - Setting next_dagrun for airbyte_to_dbt_pipeline_prod to 2026-08-30 12:00:00+00:00, run_after=2026-08-30 13:00:00+00:00
[2026-08-30T13:47:23.162+0000] {processor.py:208} INFO - Processing /opt/airflow/dags/prod/airbyte_to_dbt_prod.py took 0.506 seconds
[2026-08-30T13:47:53.356+0000] {processor.py:186} INFO - Started process (PID=3606) to work on /opt/airflow/dags/prod/airbyte_to_dbt_prod.py
[2026-08-30T13:47:53.357+0000] {processor.py:914} INFO - Processing file /opt/airflow/dags/prod/airbyte_to_dbt_prod.py for tasks to queue
[2026-08-30T13:47:53.361+0000] {logging_mixin.py:190} INFO - [2026-08-30T13:47:53.360+0000] {dagbag.py:588} INFO - Filling up the DagBag from /opt/airflow/dags/prod/airbyte_to_dbt_prod.py
[2026-08-30T13:47:53.392+0000] {processor.py:925} INFO - DAG(s) 'airbyte_to_dbt_pipeline_prod' retrieved from /opt/airflow/dags/prod/airbyte_to_dbt_prod.py
[2026-08-30T13:47:53.440+0000] {logging_mixin.py:190} INFO - [2026-08-30T13:47:53.440+0000] {dag.py:3239} INFO - Sync 1 DAGs
[2026-08-30T13:47:53.483+0000] {logging_mixin.py:190} INFO - [2026-08-30T13:47:53.483+0000] {dag.py:4180} INFO - Setting next_dagrun for airbyte_to_dbt_pipeline_prod to 2026-08-30 12:00:00+00:00, run_after=2026-08-30 13:00:00+00:00
[2026-08-30T13:47:53.506+0000] {processor.py:208} INFO - Processing /opt/airflow/dags/prod/airbyte_to_dbt_prod.py took 0.159 seconds
[2026-08-30T13:48:23.693+0000] {processor.py:186} INFO - Started process (PID=3616) to work on /opt/airflow/dags/prod/airbyte_to_dbt_prod.py
[2026-08-30T13:48:23.695+0000] {processor.py:914} INFO - Processing file /opt/airflow/dags/prod/airbyte_to_dbt_prod.py for tasks to queue
[2026-08-30T13:48:23.699+0000] {logging_mixin.py:190} INFO - [2026-08-30T13:48:23.698+0000] {dagbag.py:588} INFO - Filling up the DagBag from /opt/airflow/dags/prod/airbyte_to_dbt_prod.py
[2026-08-30T13:48:23.728+0000] {processor.py:925} INFO - DAG(s) 'airbyte_to_dbt_pipeline_prod' retrieved from /opt/airflow/dags/prod/airbyte_to_dbt_prod.py
[2026-08-30T13:48:23.779+0000] {logging_mixin.py:190} INFO - [2026-08-30T13:48:23.779+0000] {dag.py:3239} INFO - Sync 1 DAGs
[2026-08-30T13:48:23.815+0000] {logging_mixin.py:190} INFO - [2026-08-30T13:48:23.814+0000] {dag.py:4180} INFO - Setting next_dagrun for airbyte_to_dbt_pipeline_prod to 2026-08-30 12:00:00+00:00, run_after=2026-08-30 13:00:00+00:00
[2026-08-30T13:48:23.840+0000] {processor.py:208} INFO - Processing /opt/airflow/dags/prod/airbyte_to_dbt_prod.py took 0.157 seconds
[2026-08-30T13:48:53.999+0000] {processor.py:186} INFO - Started process (PID=3626) to work on /opt/airflow/dags/prod/airbyte_to_dbt_prod.py
[2026-08-30T13:48:54.000+0000] {processor.py:914} INFO - Processing file /opt/airflow/dags/prod/airbyte_to_dbt_prod.py for tasks to queue
[2026-08-30T13:48:54.003+0000] {logging_mixin.py:190} INFO - [2026-08-30T13:48:54.002+0000] {dagbag.py:588} INFO - Filling up the DagBag from /opt/airflow/dags/prod/airbyte_to_dbt_prod.py
[2026-08-30T13:48:54.029+0000] {processor.py:925} INFO - DAG(s) 'airbyte_to_dbt_pipeline_prod' retrieved from /opt/airflow/dags/prod/airbyte_to_dbt_prod.py
[2026-08-30T13:48:54.099+0000] {logging_mixin.py:190} INFO - [2026-08-30T13:48:54.098+0000] {dag.py:3239} INFO - Sync 1 DAGs
[2026-08-30T13:48:54.179+0000] {logging_mixin.py:190} INFO - [2026-08-30T13:48:54.178+0000] {dag.py:4180} INFO - Setting next_dagrun for airbyte_to_dbt_pipeline_prod to 2026-08-30 12:00:00+00:00, run_after=2026-08-30 13:00:00+00:00
[2026-08-30T13:48:54.225+0000] {processor.py:208} INFO - Processing /opt/airflow/dags/prod/airbyte_to_dbt_prod.py took 0.240 seconds
[2026-08-30T13:49:24.405+0000] {processor.py:186} INFO - Started process (PID=3636) to work on /opt/airflow/dags/prod/airbyte_to_dbt_prod.py
[2026-08-30T13:49:24.406+0000] {processor.py:914} INFO - Processing file /opt/airflow/dags/prod/airbyte_to_dbt_prod.py for tasks to queue
[2026-08-30T13:49:24.410+0000] {logging_mixin.py:190} INFO - [2026-08-30T13:49:24.409+0000] {dagbag.py:588} INFO - Filling up the DagBag from /opt/airflow/dags/prod/airbyte_to_dbt_prod.py
[2026-08-30T13:49:24.439+0000] {processor.py:925} INFO - DAG(s) 'airbyte_to_dbt_pipeline_prod' retrieved from /opt/airflow/dags/prod/airbyte_to_dbt_prod.py
[2026-08-30T13:49:24.504+0000] {logging_mixin.py:190} INFO - [2026-08-30T13:49:24.503+0000] {dag.py:3239} INFO - Sync 1 DAGs
[2026-08-30T13:49:24.545+0000] {logging_mixin.py:190} INFO - [2026-08-30T13:49:24.545+0000] {dag.py:4180} INFO - Setting next_dagrun for airbyte_to_dbt_pipeline_prod to 2026-08-30 12:00:00+00:00, run_after=2026-08-30 13:00:00+00:00
[2026-08-30T13:49:24.570+0000] {processor.py:208} INFO - Processing /opt/airflow/dags/prod/airbyte_to_dbt_prod.py took 0.175 seconds
[2026-08-30T13:49:54.733+0000] {processor.py:186} INFO - Started process (PID=3646) to work on /opt/airflow/dags/prod/airbyte_to_dbt_prod.py
[2026-08-30T13:49:54.734+0000] {processor.py:914} INFO - Processing file /opt/airflow/dags/prod/airbyte_to_dbt_prod.py for tasks to queue
[2026-08-30T13:49:54.737+0000] {logging_mixin.py:190} INFO - [2026-08-30T13:49:54.737+0000] {dagbag.py:588} INFO - Filling up the DagBag from /opt/airflow/dags/prod/airbyte_to_dbt_prod.py
[2026-08-30T13:49:54.763+0000] {processor.py:925} INFO - DAG(s) 'airbyte_to_dbt_pipeline_prod' retrieved from /opt/airflow/dags/prod/airbyte_to_dbt_prod.py
[2026-08-30T13:49:54.811+0000] {logging_mixin.py:190} INFO - [2026-08-30T13:49:54.810+0000] {dag.py:3239} INFO - Sync 1 DAGs
[2026-08-30T13:49:54.850+0000] {logging_mixin.py:190} INFO - [2026-08-30T13:49:54.849+0000] {dag.py:4180} INFO - Setting next_dagrun for airbyte_to_dbt_pipeline_prod to 2026-08-30 12:00:00+00:00, run_after=2026-08-30 13:00:00+00:00
[2026-08-30T13:49:54.878+0000] {processor.py:208} INFO - Processing /opt/airflow/dags/prod/airbyte_to_dbt_prod.py took 0.153 seconds
[2026-08-30T13:50:25.029+0000] {processor.py:186} INFO - Started process (PID=3656) to work on /opt/airflow/dags/prod/airbyte_to_dbt_prod.py
[2026-08-30T13:50:25.031+0000] {processor.py:914} INFO - Processing file /opt/airflow/dags/prod/airbyte_to_dbt_prod.py for tasks to queue
[2026-08-30T13:50:25.036+0000] {logging_mixin.py:190} INFO - [2026-08-30T13:50:25.035+0000] {dagbag.py:588} INFO - Filling up the DagBag from /opt/airflow/dags/prod/airbyte_to_dbt_prod.py
[2026-08-30T13:50:25.061+0000] {processor.py:925} INFO - DAG(s) 'airbyte_to_dbt_pipeline_prod' retrieved from /opt/airflow/dags/prod/airbyte_to_dbt_prod.py
[2026-08-30T13:50:25.119+0000] {logging_mixin.py:190} INFO - [2026-08-30T13:50:25.118+0000] {dag.py:3239} INFO - Sync 1 DAGs
[2026-08-30T13:50:25.156+0000] {logging_mixin.py:190} INFO - [2026-08-30T13:50:25.155+0000] {dag.py:4180} INFO - Setting next_dagrun for airbyte_to_dbt_pipeline_prod to 2026-08-30 12:00:00+00:00, run_after=2026-08-30 13:00:00+00:00
[2026-08-30T13:50:25.178+0000] {processor.py:208} INFO - Processing /opt/airflow/dags/prod/airbyte_to_dbt_prod.py took 0.157 seconds
[2026-08-30T13:50:55.379+0000] {processor.py:186} INFO - Started process (PID=3666) to work on /opt/airflow/dags/prod/airbyte_to_dbt_prod.py
[2026-08-30T13:50:55.381+0000] {processor.py:914} INFO - Processing file /opt/airflow/dags/prod/airbyte_to_dbt_prod.py for tasks to queue
[2026-08-30T13:50:55.387+0000] {logging_mixin.py:190} INFO - [2026-08-30T13:50:55.386+0000] {dagbag.py:588} INFO - Filling up the DagBag from /opt/airflow/dags/prod/airbyte_to_dbt_prod.py
[2026-08-30T13:50:55.424+0000] {processor.py:925} INFO - DAG(s) 'airbyte_to_dbt_pipeline_prod' retrieved from /opt/airflow/dags/prod/airbyte_to_dbt_prod.py
[2026-08-30T13:50:55.494+0000] {logging_mixin.py:190} INFO - [2026-08-30T13:50:55.494+0000] {dag.py:3239} INFO - Sync 1 DAGs
[2026-08-30T13:50:55.550+0000] {logging_mixin.py:190} INFO - [2026-08-30T13:50:55.549+0000] {dag.py:4180} INFO - Setting next_dagrun for airbyte_to_dbt_pipeline_prod to 2026-08-30 12:00:00+00:00, run_after=2026-08-30 13:00:00+00:00
[2026-08-30T13:50:55.594+0000] {processor.py:208} INFO - Processing /opt/airflow/dags/prod/airbyte_to_dbt_prod.py took 0.228 seconds
[2026-08-30T13:51:26.285+0000] {processor.py:186} INFO - Started process (PID=3674) to work on /opt/airflow/dags/prod/airbyte_to_dbt_prod.py
[2026-08-30T13:51:26.296+0000] {processor.py:914} INFO - Processing file /opt/airflow/dags/prod/airbyte_to_dbt_prod.py for tasks to queue
[2026-08-30T13:51:26.565+0000] {logging_mixin.py:190} INFO - [2026-08-30T13:51:26.559+0000] {dagbag.py:588} INFO - Filling up the DagBag from /opt/airflow/dags/prod/airbyte_to_dbt_prod.py
[2026-08-30T13:51:27.245+0000] {processor.py:925} INFO - DAG(s) 'airbyte_to_dbt_pipeline_prod' retrieved from /opt/airflow/dags/prod/airbyte_to_dbt_prod.py
[2026-08-30T13:51:27.720+0000] {logging_mixin.py:190} INFO - [2026-08-30T13:51:27.719+0000] {dag.py:3239} INFO - Sync 1 DAGs
[2026-08-30T13:51:27.957+0000] {logging_mixin.py:190} INFO - [2026-08-30T13:51:27.955+0000] {dag.py:4180} INFO - Setting next_dagrun for airbyte_to_dbt_pipeline_prod to 2026-08-30 12:00:00+00:00, run_after=2026-08-30 13:00:00+00:00
[2026-08-30T13:51:28.020+0000] {processor.py:208} INFO - Processing /opt/airflow/dags/prod/airbyte_to_dbt_prod.py took 1.948 seconds
[2026-08-30T13:51:58.190+0000] {processor.py:186} INFO - Started process (PID=3684) to work on /opt/airflow/dags/prod/airbyte_to_dbt_prod.py
[2026-08-30T13:51:58.192+0000] {processor.py:914} INFO - Processing file /opt/airflow/dags/prod/airbyte_to_dbt_prod.py for tasks to queue
[2026-08-30T13:51:58.213+0000] {logging_mixin.py:190} INFO - [2026-08-30T13:51:58.212+0000] {dagbag.py:588} INFO - Filling up the DagBag from /opt/airflow/dags/prod/airbyte_to_dbt_prod.py
[2026-08-30T13:51:58.452+0000] {processor.py:925} INFO - DAG(s) 'airbyte_to_dbt_pipeline_prod' retrieved from /opt/airflow/dags/prod/airbyte_to_dbt_prod.py
[2026-08-30T13:51:58.671+0000] {logging_mixin.py:190} INFO - [2026-08-30T13:51:58.670+0000] {dag.py:3239} INFO - Sync 1 DAGs
[2026-08-30T13:51:58.798+0000] {logging_mixin.py:190} INFO - [2026-08-30T13:51:58.798+0000] {dag.py:4180} INFO - Setting next_dagrun for airbyte_to_dbt_pipeline_prod to 2026-08-30 12:00:00+00:00, run_after=2026-08-30 13:00:00+00:00
[2026-08-30T13:51:58.825+0000] {processor.py:208} INFO - Processing /opt/airflow/dags/prod/airbyte_to_dbt_prod.py took 0.691 seconds
[2026-08-30T13:52:29.300+0000] {processor.py:186} INFO - Started process (PID=3694) to work on /opt/airflow/dags/prod/airbyte_to_dbt_prod.py
[2026-08-30T13:52:29.305+0000] {processor.py:914} INFO - Processing file /opt/airflow/dags/prod/airbyte_to_dbt_prod.py for tasks to queue
[2026-08-30T13:52:29.377+0000] {logging_mixin.py:190} INFO - [2026-08-30T13:52:29.374+0000] {dagbag.py:588} INFO - Filling up the DagBag from /opt/airflow/dags/prod/airbyte_to_dbt_prod.py
[2026-08-30T13:52:29.537+0000] {processor.py:925} INFO - DAG(s) 'airbyte_to_dbt_pipeline_prod' retrieved from /opt/airflow/dags/prod/airbyte_to_dbt_prod.py
[2026-08-30T13:52:29.893+0000] {logging_mixin.py:190} INFO - [2026-08-30T13:52:29.892+0000] {dag.py:3239} INFO - Sync 1 DAGs
[2026-08-30T13:52:30.206+0000] {logging_mixin.py:190} INFO - [2026-08-30T13:52:30.205+0000] {dag.py:4180} INFO - Setting next_dagrun for airbyte_to_dbt_pipeline_prod to 2026-08-30 12:00:00+00:00, run_after=2026-08-30 13:00:00+00:00
[2026-08-30T13:52:30.277+0000] {processor.py:208} INFO - Processing /opt/airflow/dags/prod/airbyte_to_dbt_prod.py took 1.089 seconds
[2026-08-30T13:53:00.571+0000] {processor.py:186} INFO - Started process (PID=3706) to work on /opt/airflow/dags/prod/airbyte_to_dbt_prod.py
[2026-08-30T13:53:00.574+0000] {processor.py:914} INFO - Processing file /opt/airflow/dags/prod/airbyte_to_dbt_prod.py for tasks to queue
[2026-08-30T13:53:00.581+0000] {logging_mixin.py:190} INFO - [2026-08-30T13:53:00.580+0000] {dagbag.py:588} INFO - Filling up the DagBag from /opt/airflow/dags/prod/airbyte_to_dbt_prod.py
[2026-08-30T13:53:00.625+0000] {processor.py:925} INFO - DAG(s) 'airbyte_to_dbt_pipeline_prod' retrieved from /opt/airflow/dags/prod/airbyte_to_dbt_prod.py
[2026-08-30T13:53:00.695+0000] {logging_mixin.py:190} INFO - [2026-08-30T13:53:00.694+0000] {dag.py:3239} INFO - Sync 1 DAGs
[2026-08-30T13:53:00.757+0000] {logging_mixin.py:190} INFO - [2026-08-30T13:53:00.757+0000] {dag.py:4180} INFO - Setting next_dagrun for airbyte_to_dbt_pipeline_prod to 2026-08-30 12:00:00+00:00, run_after=2026-08-30 13:00:00+00:00
[2026-08-30T13:53:00.790+0000] {processor.py:208} INFO - Processing /opt/airflow/dags/prod/airbyte_to_dbt_prod.py took 0.235 seconds
[2026-08-30T13:53:30.989+0000] {processor.py:186} INFO - Started process (PID=3716) to work on /opt/airflow/dags/prod/airbyte_to_dbt_prod.py
[2026-08-30T13:53:30.991+0000] {processor.py:914} INFO - Processing file /opt/airflow/dags/prod/airbyte_to_dbt_prod.py for tasks to queue
[2026-08-30T13:53:30.995+0000] {logging_mixin.py:190} INFO - [2026-08-30T13:53:30.994+0000] {dagbag.py:588} INFO - Filling up the DagBag from /opt/airflow/dags/prod/airbyte_to_dbt_prod.py
[2026-08-30T13:53:31.018+0000] {processor.py:925} INFO - DAG(s) 'airbyte_to_dbt_pipeline_prod' retrieved from /opt/airflow/dags/prod/airbyte_to_dbt_prod.py
[2026-08-30T13:53:31.075+0000] {logging_mixin.py:190} INFO - [2026-08-30T13:53:31.075+0000] {dag.py:3239} INFO - Sync 1 DAGs
[2026-08-30T13:53:31.115+0000] {logging_mixin.py:190} INFO - [2026-08-30T13:53:31.114+0000] {dag.py:4180} INFO - Setting next_dagrun for airbyte_to_dbt_pipeline_prod to 2026-08-30 12:00:00+00:00, run_after=2026-08-30 13:00:00+00:00
[2026-08-30T13:53:31.142+0000] {processor.py:208} INFO - Processing /opt/airflow/dags/prod/airbyte_to_dbt_prod.py took 0.162 seconds
[2026-08-30T13:54:01.430+0000] {processor.py:186} INFO - Started process (PID=3726) to work on /opt/airflow/dags/prod/airbyte_to_dbt_prod.py
[2026-08-30T13:54:01.431+0000] {processor.py:914} INFO - Processing file /opt/airflow/dags/prod/airbyte_to_dbt_prod.py for tasks to queue
[2026-08-30T13:54:01.436+0000] {logging_mixin.py:190} INFO - [2026-08-30T13:54:01.435+0000] {dagbag.py:588} INFO - Filling up the DagBag from /opt/airflow/dags/prod/airbyte_to_dbt_prod.py
[2026-08-30T13:54:01.472+0000] {processor.py:925} INFO - DAG(s) 'airbyte_to_dbt_pipeline_prod' retrieved from /opt/airflow/dags/prod/airbyte_to_dbt_prod.py
[2026-08-30T13:54:01.559+0000] {logging_mixin.py:190} INFO - [2026-08-30T13:54:01.558+0000] {dag.py:3239} INFO - Sync 1 DAGs
[2026-08-30T13:54:01.656+0000] {logging_mixin.py:190} INFO - [2026-08-30T13:54:01.656+0000] {dag.py:4180} INFO - Setting next_dagrun for airbyte_to_dbt_pipeline_prod to 2026-08-30 12:00:00+00:00, run_after=2026-08-30 13:00:00+00:00
[2026-08-30T13:54:01.702+0000] {processor.py:208} INFO - Processing /opt/airflow/dags/prod/airbyte_to_dbt_prod.py took 0.289 seconds
[2026-08-30T13:54:32.903+0000] {processor.py:186} INFO - Started process (PID=3734) to work on /opt/airflow/dags/prod/airbyte_to_dbt_prod.py
[2026-08-30T13:54:32.931+0000] {processor.py:914} INFO - Processing file /opt/airflow/dags/prod/airbyte_to_dbt_prod.py for tasks to queue
[2026-08-30T13:54:33.107+0000] {logging_mixin.py:190} INFO - [2026-08-30T13:54:33.086+0000] {dagbag.py:588} INFO - Filling up the DagBag from /opt/airflow/dags/prod/airbyte_to_dbt_prod.py
[2026-08-30T13:54:34.203+0000] {processor.py:925} INFO - DAG(s) 'airbyte_to_dbt_pipeline_prod' retrieved from /opt/airflow/dags/prod/airbyte_to_dbt_prod.py
[2026-08-30T13:54:34.808+0000] {logging_mixin.py:190} INFO - [2026-08-30T13:54:34.808+0000] {dag.py:3239} INFO - Sync 1 DAGs
[2026-08-30T13:54:34.999+0000] {logging_mixin.py:190} INFO - [2026-08-30T13:54:34.997+0000] {dag.py:4180} INFO - Setting next_dagrun for airbyte_to_dbt_pipeline_prod to 2026-08-30 12:00:00+00:00, run_after=2026-08-30 13:00:00+00:00
[2026-08-30T13:54:35.045+0000] {processor.py:208} INFO - Processing /opt/airflow/dags/prod/airbyte_to_dbt_prod.py took 2.723 seconds
[2026-08-30T13:55:07.469+0000] {processor.py:186} INFO - Started process (PID=3744) to work on /opt/airflow/dags/prod/airbyte_to_dbt_prod.py
[2026-08-30T13:55:07.475+0000] {processor.py:914} INFO - Processing file /opt/airflow/dags/prod/airbyte_to_dbt_prod.py for tasks to queue
[2026-08-30T13:55:08.595+0000] {logging_mixin.py:190} INFO - [2026-08-30T13:55:08.577+0000] {dagbag.py:588} INFO - Filling up the DagBag from /opt/airflow/dags/prod/airbyte_to_dbt_prod.py
[2026-08-30T13:55:09.434+0000] {processor.py:925} INFO - DAG(s) 'airbyte_to_dbt_pipeline_prod' retrieved from /opt/airflow/dags/prod/airbyte_to_dbt_prod.py
[2026-08-30T13:55:10.144+0000] {logging_mixin.py:190} INFO - [2026-08-30T13:55:10.144+0000] {dag.py:3239} INFO - Sync 1 DAGs
[2026-08-30T13:55:10.336+0000] {logging_mixin.py:190} INFO - [2026-08-30T13:55:10.335+0000] {dag.py:4180} INFO - Setting next_dagrun for airbyte_to_dbt_pipeline_prod to 2026-08-30 12:00:00+00:00, run_after=2026-08-30 13:00:00+00:00
[2026-08-30T13:55:10.370+0000] {processor.py:208} INFO - Processing /opt/airflow/dags/prod/airbyte_to_dbt_prod.py took 4.248 seconds
[2026-08-30T13:55:40.580+0000] {processor.py:186} INFO - Started process (PID=3756) to work on /opt/airflow/dags/prod/airbyte_to_dbt_prod.py
[2026-08-30T13:55:40.582+0000] {processor.py:914} INFO - Processing file /opt/airflow/dags/prod/airbyte_to_dbt_prod.py for tasks to queue
[2026-08-30T13:55:40.586+0000] {logging_mixin.py:190} INFO - [2026-08-30T13:55:40.585+0000] {dagbag.py:588} INFO - Filling up the DagBag from /opt/airflow/dags/prod/airbyte_to_dbt_prod.py
[2026-08-30T13:55:40.613+0000] {processor.py:925} INFO - DAG(s) 'airbyte_to_dbt_pipeline_prod' retrieved from /opt/airflow/dags/prod/airbyte_to_dbt_prod.py
[2026-08-30T13:55:40.667+0000] {logging_mixin.py:190} INFO - [2026-08-30T13:55:40.666+0000] {dag.py:3239} INFO - Sync 1 DAGs
[2026-08-30T13:55:40.703+0000] {logging_mixin.py:190} INFO - [2026-08-30T13:55:40.702+0000] {dag.py:4180} INFO - Setting next_dagrun for airbyte_to_dbt_pipeline_prod to 2026-08-30 12:00:00+00:00, run_after=2026-08-30 13:00:00+00:00
[2026-08-30T13:55:40.725+0000] {processor.py:208} INFO - Processing /opt/airflow/dags/prod/airbyte_to_dbt_prod.py took 0.153 seconds
[2026-08-30T13:56:11.178+0000] {processor.py:186} INFO - Started process (PID=3764) to work on /opt/airflow/dags/prod/airbyte_to_dbt_prod.py
[2026-08-30T13:56:11.180+0000] {processor.py:914} INFO - Processing file /opt/airflow/dags/prod/airbyte_to_dbt_prod.py for tasks to queue
[2026-08-30T13:56:11.314+0000] {logging_mixin.py:190} INFO - [2026-08-30T13:56:11.313+0000] {dagbag.py:588} INFO - Filling up the DagBag from /opt/airflow/dags/prod/airbyte_to_dbt_prod.py
[2026-08-30T13:56:11.525+0000] {processor.py:925} INFO - DAG(s) 'airbyte_to_dbt_pipeline_prod' retrieved from /opt/airflow/dags/prod/airbyte_to_dbt_prod.py
[2026-08-30T13:56:11.760+0000] {logging_mixin.py:190} INFO - [2026-08-30T13:56:11.760+0000] {dag.py:3239} INFO - Sync 1 DAGs
[2026-08-30T13:56:12.218+0000] {logging_mixin.py:190} INFO - [2026-08-30T13:56:12.218+0000] {dag.py:4180} INFO - Setting next_dagrun for airbyte_to_dbt_pipeline_prod to 2026-08-30 12:00:00+00:00, run_after=2026-08-30 13:00:00+00:00
[2026-08-30T13:56:12.259+0000] {processor.py:208} INFO - Processing /opt/airflow/dags/prod/airbyte_to_dbt_prod.py took 1.292 seconds
[2026-08-30T13:56:42.500+0000] {processor.py:186} INFO - Started process (PID=3776) to work on /opt/airflow/dags/prod/airbyte_to_dbt_prod.py
[2026-08-30T13:56:42.503+0000] {processor.py:914} INFO - Processing file /opt/airflow/dags/prod/airbyte_to_dbt_prod.py for tasks to queue
[2026-08-30T13:56:42.508+0000] {logging_mixin.py:190} INFO - [2026-08-30T13:56:42.507+0000] {dagbag.py:588} INFO - Filling up the DagBag from /opt/airflow/dags/prod/airbyte_to_dbt_prod.py
[2026-08-30T13:56:42.554+0000] {processor.py:925} INFO - DAG(s) 'airbyte_to_dbt_pipeline_prod' retrieved from /opt/airflow/dags/prod/airbyte_to_dbt_prod.py
[2026-08-30T13:56:42.653+0000] {logging_mixin.py:190} INFO - [2026-08-30T13:56:42.653+0000] {dag.py:3239} INFO - Sync 1 DAGs
[2026-08-30T13:56:42.734+0000] {logging_mixin.py:190} INFO - [2026-08-30T13:56:42.734+0000] {dag.py:4180} INFO - Setting next_dagrun for airbyte_to_dbt_pipeline_prod to 2026-08-30 12:00:00+00:00, run_after=2026-08-30 13:00:00+00:00
[2026-08-30T13:56:42.762+0000] {processor.py:208} INFO - Processing /opt/airflow/dags/prod/airbyte_to_dbt_prod.py took 0.280 seconds
[2026-08-30T13:57:13.039+0000] {processor.py:186} INFO - Started process (PID=3784) to work on /opt/airflow/dags/prod/airbyte_to_dbt_prod.py
[2026-08-30T13:57:13.040+0000] {processor.py:914} INFO - Processing file /opt/airflow/dags/prod/airbyte_to_dbt_prod.py for tasks to queue
[2026-08-30T13:57:13.059+0000] {logging_mixin.py:190} INFO - [2026-08-30T13:57:13.058+0000] {dagbag.py:588} INFO - Filling up the DagBag from /opt/airflow/dags/prod/airbyte_to_dbt_prod.py
[2026-08-30T13:57:13.131+0000] {processor.py:925} INFO - DAG(s) 'airbyte_to_dbt_pipeline_prod' retrieved from /opt/airflow/dags/prod/airbyte_to_dbt_prod.py
[2026-08-30T13:57:13.214+0000] {logging_mixin.py:190} INFO - [2026-08-30T13:57:13.214+0000] {dag.py:3239} INFO - Sync 1 DAGs
[2026-08-30T13:57:13.260+0000] {logging_mixin.py:190} INFO - [2026-08-30T13:57:13.260+0000] {dag.py:4180} INFO - Setting next_dagrun for airbyte_to_dbt_pipeline_prod to 2026-08-30 12:00:00+00:00, run_after=2026-08-30 13:00:00+00:00
[2026-08-30T13:57:13.285+0000] {processor.py:208} INFO - Processing /opt/airflow/dags/prod/airbyte_to_dbt_prod.py took 0.271 seconds
[2026-08-30T13:57:43.475+0000] {processor.py:186} INFO - Started process (PID=3796) to work on /opt/airflow/dags/prod/airbyte_to_dbt_prod.py
[2026-08-30T13:57:43.477+0000] {processor.py:914} INFO - Processing file /opt/airflow/dags/prod/airbyte_to_dbt_prod.py for tasks to queue
[2026-08-30T13:57:43.481+0000] {logging_mixin.py:190} INFO - [2026-08-30T13:57:43.481+0000] {dagbag.py:588} INFO - Filling up the DagBag from /opt/airflow/dags/prod/airbyte_to_dbt_prod.py
[2026-08-30T13:57:43.515+0000] {processor.py:925} INFO - DAG(s) 'airbyte_to_dbt_pipeline_prod' retrieved from /opt/airflow/dags/prod/airbyte_to_dbt_prod.py
[2026-08-30T13:57:43.587+0000] {logging_mixin.py:190} INFO - [2026-08-30T13:57:43.586+0000] {dag.py:3239} INFO - Sync 1 DAGs
[2026-08-30T13:57:43.713+0000] {logging_mixin.py:190} INFO - [2026-08-30T13:57:43.712+0000] {dag.py:4180} INFO - Setting next_dagrun for airbyte_to_dbt_pipeline_prod to 2026-08-30 12:00:00+00:00, run_after=2026-08-30 13:00:00+00:00
[2026-08-30T13:57:43.740+0000] {processor.py:208} INFO - Processing /opt/airflow/dags/prod/airbyte_to_dbt_prod.py took 0.290 seconds
[2026-08-30T13:58:14.090+0000] {processor.py:186} INFO - Started process (PID=3804) to work on /opt/airflow/dags/prod/airbyte_to_dbt_prod.py
[2026-08-30T13:58:14.091+0000] {processor.py:914} INFO - Processing file /opt/airflow/dags/prod/airbyte_to_dbt_prod.py for tasks to queue
[2026-08-30T13:58:14.096+0000] {logging_mixin.py:190} INFO - [2026-08-30T13:58:14.095+0000] {dagbag.py:588} INFO - Filling up the DagBag from /opt/airflow/dags/prod/airbyte_to_dbt_prod.py
[2026-08-30T13:58:14.144+0000] {processor.py:925} INFO - DAG(s) 'airbyte_to_dbt_pipeline_prod' retrieved from /opt/airflow/dags/prod/airbyte_to_dbt_prod.py
[2026-08-30T13:58:14.206+0000] {logging_mixin.py:190} INFO - [2026-08-30T13:58:14.206+0000] {dag.py:3239} INFO - Sync 1 DAGs
[2026-08-30T13:58:14.250+0000] {logging_mixin.py:190} INFO - [2026-08-30T13:58:14.250+0000] {dag.py:4180} INFO - Setting next_dagrun for airbyte_to_dbt_pipeline_prod to 2026-08-30 12:00:00+00:00, run_after=2026-08-30 13:00:00+00:00
[2026-08-30T13:58:14.279+0000] {processor.py:208} INFO - Processing /opt/airflow/dags/prod/airbyte_to_dbt_prod.py took 0.222 seconds
[2026-08-30T13:58:44.718+0000] {processor.py:186} INFO - Started process (PID=3814) to work on /opt/airflow/dags/prod/airbyte_to_dbt_prod.py
[2026-08-30T13:58:44.727+0000] {processor.py:914} INFO - Processing file /opt/airflow/dags/prod/airbyte_to_dbt_prod.py for tasks to queue
[2026-08-30T13:58:45.274+0000] {logging_mixin.py:190} INFO - [2026-08-30T13:58:45.262+0000] {dagbag.py:588} INFO - Filling up the DagBag from /opt/airflow/dags/prod/airbyte_to_dbt_prod.py
[2026-08-30T13:58:45.861+0000] {processor.py:925} INFO - DAG(s) 'airbyte_to_dbt_pipeline_prod' retrieved from /opt/airflow/dags/prod/airbyte_to_dbt_prod.py
[2026-08-30T13:58:46.716+0000] {logging_mixin.py:190} INFO - [2026-08-30T13:58:46.715+0000] {dag.py:3239} INFO - Sync 1 DAGs
[2026-08-30T13:58:46.947+0000] {logging_mixin.py:190} INFO - [2026-08-30T13:58:46.945+0000] {dag.py:4180} INFO - Setting next_dagrun for airbyte_to_dbt_pipeline_prod to 2026-08-30 12:00:00+00:00, run_after=2026-08-30 13:00:00+00:00
[2026-08-30T13:58:46.980+0000] {processor.py:208} INFO - Processing /opt/airflow/dags/prod/airbyte_to_dbt_prod.py took 2.490 seconds
[2026-08-30T13:59:17.186+0000] {processor.py:186} INFO - Started process (PID=3826) to work on /opt/airflow/dags/prod/airbyte_to_dbt_prod.py
[2026-08-30T13:59:17.187+0000] {processor.py:914} INFO - Processing file /opt/airflow/dags/prod/airbyte_to_dbt_prod.py for tasks to queue
[2026-08-30T13:59:17.195+0000] {logging_mixin.py:190} INFO - [2026-08-30T13:59:17.194+0000] {dagbag.py:588} INFO - Filling up the DagBag from /opt/airflow/dags/prod/airbyte_to_dbt_prod.py
[2026-08-30T13:59:17.234+0000] {processor.py:925} INFO - DAG(s) 'airbyte_to_dbt_pipeline_prod' retrieved from /opt/airflow/dags/prod/airbyte_to_dbt_prod.py
[2026-08-30T13:59:17.279+0000] {logging_mixin.py:190} INFO - [2026-08-30T13:59:17.278+0000] {dag.py:3239} INFO - Sync 1 DAGs
[2026-08-30T13:59:17.320+0000] {logging_mixin.py:190} INFO - [2026-08-30T13:59:17.320+0000] {dag.py:4180} INFO - Setting next_dagrun for airbyte_to_dbt_pipeline_prod to 2026-08-30 12:00:00+00:00, run_after=2026-08-30 13:00:00+00:00
[2026-08-30T13:59:17.353+0000] {processor.py:208} INFO - Processing /opt/airflow/dags/prod/airbyte_to_dbt_prod.py took 0.183 seconds
[2026-08-30T13:59:47.547+0000] {processor.py:186} INFO - Started process (PID=3836) to work on /opt/airflow/dags/prod/airbyte_to_dbt_prod.py
[2026-08-30T13:59:47.548+0000] {processor.py:914} INFO - Processing file /opt/airflow/dags/prod/airbyte_to_dbt_prod.py for tasks to queue
[2026-08-30T13:59:47.551+0000] {logging_mixin.py:190} INFO - [2026-08-30T13:59:47.551+0000] {dagbag.py:588} INFO - Filling up the DagBag from /opt/airflow/dags/prod/airbyte_to_dbt_prod.py
[2026-08-30T13:59:47.579+0000] {processor.py:925} INFO - DAG(s) 'airbyte_to_dbt_pipeline_prod' retrieved from /opt/airflow/dags/prod/airbyte_to_dbt_prod.py
[2026-08-30T13:59:47.630+0000] {logging_mixin.py:190} INFO - [2026-08-30T13:59:47.629+0000] {dag.py:3239} INFO - Sync 1 DAGs
[2026-08-30T13:59:47.669+0000] {logging_mixin.py:190} INFO - [2026-08-30T13:59:47.669+0000] {dag.py:4180} INFO - Setting next_dagrun for airbyte_to_dbt_pipeline_prod to 2026-08-30 12:00:00+00:00, run_after=2026-08-30 13:00:00+00:00
[2026-08-30T13:59:47.699+0000] {processor.py:208} INFO - Processing /opt/airflow/dags/prod/airbyte_to_dbt_prod.py took 0.162 seconds
[2026-08-30T14:00:17.887+0000] {processor.py:186} INFO - Started process (PID=3846) to work on /opt/airflow/dags/prod/airbyte_to_dbt_prod.py
[2026-08-30T14:00:17.889+0000] {processor.py:914} INFO - Processing file /opt/airflow/dags/prod/airbyte_to_dbt_prod.py for tasks to queue
[2026-08-30T14:00:17.894+0000] {logging_mixin.py:190} INFO - [2026-08-30T14:00:17.893+0000] {dagbag.py:588} INFO - Filling up the DagBag from /opt/airflow/dags/prod/airbyte_to_dbt_prod.py
[2026-08-30T14:00:17.925+0000] {processor.py:925} INFO - DAG(s) 'airbyte_to_dbt_pipeline_prod' retrieved from /opt/airflow/dags/prod/airbyte_to_dbt_prod.py
[2026-08-30T14:00:17.983+0000] {logging_mixin.py:190} INFO - [2026-08-30T14:00:17.983+0000] {dag.py:3239} INFO - Sync 1 DAGs
[2026-08-30T14:00:18.033+0000] {logging_mixin.py:190} INFO - [2026-08-30T14:00:18.033+0000] {dag.py:4180} INFO - Setting next_dagrun for airbyte_to_dbt_pipeline_prod to 2026-08-30 13:00:00+00:00, run_after=2026-08-30 14:00:00+00:00
[2026-08-30T14:00:18.059+0000] {processor.py:208} INFO - Processing /opt/airflow/dags/prod/airbyte_to_dbt_prod.py took 0.184 seconds
[2026-08-30T14:00:48.496+0000] {processor.py:186} INFO - Started process (PID=3854) to work on /opt/airflow/dags/prod/airbyte_to_dbt_prod.py
[2026-08-30T14:00:48.506+0000] {processor.py:914} INFO - Processing file /opt/airflow/dags/prod/airbyte_to_dbt_prod.py for tasks to queue
[2026-08-30T14:00:48.587+0000] {logging_mixin.py:190} INFO - [2026-08-30T14:00:48.573+0000] {dagbag.py:588} INFO - Filling up the DagBag from /opt/airflow/dags/prod/airbyte_to_dbt_prod.py
[2026-08-30T14:00:48.801+0000] {processor.py:925} INFO - DAG(s) 'airbyte_to_dbt_pipeline_prod' retrieved from /opt/airflow/dags/prod/airbyte_to_dbt_prod.py
[2026-08-30T14:00:49.296+0000] {logging_mixin.py:190} INFO - [2026-08-30T14:00:49.296+0000] {dag.py:3239} INFO - Sync 1 DAGs
[2026-08-30T14:00:49.689+0000] {logging_mixin.py:190} INFO - [2026-08-30T14:00:49.688+0000] {dag.py:4180} INFO - Setting next_dagrun for airbyte_to_dbt_pipeline_prod to 2026-08-30 13:00:00+00:00, run_after=2026-08-30 14:00:00+00:00
[2026-08-30T14:00:49.731+0000] {processor.py:208} INFO - Processing /opt/airflow/dags/prod/airbyte_to_dbt_prod.py took 1.342 seconds
[2026-08-30T14:01:20.333+0000] {processor.py:186} INFO - Started process (PID=3864) to work on /opt/airflow/dags/prod/airbyte_to_dbt_prod.py
[2026-08-30T14:01:20.344+0000] {processor.py:914} INFO - Processing file /opt/airflow/dags/prod/airbyte_to_dbt_prod.py for tasks to queue
[2026-08-30T14:01:20.362+0000] {logging_mixin.py:190} INFO - [2026-08-30T14:01:20.361+0000] {dagbag.py:588} INFO - Filling up the DagBag from /opt/airflow/dags/prod/airbyte_to_dbt_prod.py
[2026-08-30T14:01:20.504+0000] {processor.py:925} INFO - DAG(s) 'airbyte_to_dbt_pipeline_prod' retrieved from /opt/airflow/dags/prod/airbyte_to_dbt_prod.py
[2026-08-30T14:01:20.723+0000] {logging_mixin.py:190} INFO - [2026-08-30T14:01:20.722+0000] {dag.py:3239} INFO - Sync 1 DAGs
[2026-08-30T14:01:20.897+0000] {logging_mixin.py:190} INFO - [2026-08-30T14:01:20.897+0000] {dag.py:4180} INFO - Setting next_dagrun for airbyte_to_dbt_pipeline_prod to 2026-08-30 13:00:00+00:00, run_after=2026-08-30 14:00:00+00:00
[2026-08-30T14:01:20.941+0000] {processor.py:208} INFO - Processing /opt/airflow/dags/prod/airbyte_to_dbt_prod.py took 0.704 seconds
[2026-08-30T14:01:51.190+0000] {processor.py:186} INFO - Started process (PID=3876) to work on /opt/airflow/dags/prod/airbyte_to_dbt_prod.py
[2026-08-30T14:01:51.193+0000] {processor.py:914} INFO - Processing file /opt/airflow/dags/prod/airbyte_to_dbt_prod.py for tasks to queue
[2026-08-30T14:01:51.198+0000] {logging_mixin.py:190} INFO - [2026-08-30T14:01:51.198+0000] {dagbag.py:588} INFO - Filling up the DagBag from /opt/airflow/dags/prod/airbyte_to_dbt_prod.py
[2026-08-30T14:01:51.235+0000] {processor.py:925} INFO - DAG(s) 'airbyte_to_dbt_pipeline_prod' retrieved from /opt/airflow/dags/prod/airbyte_to_dbt_prod.py
[2026-08-30T14:01:51.313+0000] {logging_mixin.py:190} INFO - [2026-08-30T14:01:51.312+0000] {dag.py:3239} INFO - Sync 1 DAGs
[2026-08-30T14:01:51.357+0000] {logging_mixin.py:190} INFO - [2026-08-30T14:01:51.357+0000] {dag.py:4180} INFO - Setting next_dagrun for airbyte_to_dbt_pipeline_prod to 2026-08-30 13:00:00+00:00, run_after=2026-08-30 14:00:00+00:00
[2026-08-30T14:01:51.399+0000] {processor.py:208} INFO - Processing /opt/airflow/dags/prod/airbyte_to_dbt_prod.py took 0.220 seconds
[2026-08-30T14:02:21.594+0000] {processor.py:186} INFO - Started process (PID=3886) to work on /opt/airflow/dags/prod/airbyte_to_dbt_prod.py
[2026-08-30T14:02:21.594+0000] {processor.py:914} INFO - Processing file /opt/airflow/dags/prod/airbyte_to_dbt_prod.py for tasks to queue
[2026-08-30T14:02:21.597+0000] {logging_mixin.py:190} INFO - [2026-08-30T14:02:21.597+0000] {dagbag.py:588} INFO - Filling up the DagBag from /opt/airflow/dags/prod/airbyte_to_dbt_prod.py
[2026-08-30T14:02:21.619+0000] {processor.py:925} INFO - DAG(s) 'airbyte_to_dbt_pipeline_prod' retrieved from /opt/airflow/dags/prod/airbyte_to_dbt_prod.py
[2026-08-30T14:02:21.673+0000] {logging_mixin.py:190} INFO - [2026-08-30T14:02:21.673+0000] {dag.py:3239} INFO - Sync 1 DAGs
[2026-08-30T14:02:21.710+0000] {logging_mixin.py:190} INFO - [2026-08-30T14:02:21.710+0000] {dag.py:4180} INFO - Setting next_dagrun for airbyte_to_dbt_pipeline_prod to 2026-08-30 13:00:00+00:00, run_after=2026-08-30 14:00:00+00:00
[2026-08-30T14:02:21.735+0000] {processor.py:208} INFO - Processing /opt/airflow/dags/prod/airbyte_to_dbt_prod.py took 0.152 seconds
[2026-08-30T14:02:51.894+0000] {processor.py:186} INFO - Started process (PID=3896) to work on /opt/airflow/dags/prod/airbyte_to_dbt_prod.py
[2026-08-30T14:02:51.895+0000] {processor.py:914} INFO - Processing file /opt/airflow/dags/prod/airbyte_to_dbt_prod.py for tasks to queue
[2026-08-30T14:02:51.898+0000] {logging_mixin.py:190} INFO - [2026-08-30T14:02:51.898+0000] {dagbag.py:588} INFO - Filling up the DagBag from /opt/airflow/dags/prod/airbyte_to_dbt_prod.py
[2026-08-30T14:02:51.920+0000] {processor.py:925} INFO - DAG(s) 'airbyte_to_dbt_pipeline_prod' retrieved from /opt/airflow/dags/prod/airbyte_to_dbt_prod.py
[2026-08-30T14:02:51.972+0000] {logging_mixin.py:190} INFO - [2026-08-30T14:02:51.972+0000] {dag.py:3239} INFO - Sync 1 DAGs
[2026-08-30T14:02:52.009+0000] {logging_mixin.py:190} INFO - [2026-08-30T14:02:52.009+0000] {dag.py:4180} INFO - Setting next_dagrun for airbyte_to_dbt_pipeline_prod to 2026-08-30 13:00:00+00:00, run_after=2026-08-30 14:00:00+00:00
[2026-08-30T14:02:52.034+0000] {processor.py:208} INFO - Processing /opt/airflow/dags/prod/airbyte_to_dbt_prod.py took 0.149 seconds
[2026-08-30T14:03:22.254+0000] {processor.py:186} INFO - Started process (PID=3906) to work on /opt/airflow/dags/prod/airbyte_to_dbt_prod.py
[2026-08-30T14:03:22.255+0000] {processor.py:914} INFO - Processing file /opt/airflow/dags/prod/airbyte_to_dbt_prod.py for tasks to queue
[2026-08-30T14:03:22.259+0000] {logging_mixin.py:190} INFO - [2026-08-30T14:03:22.258+0000] {dagbag.py:588} INFO - Filling up the DagBag from /opt/airflow/dags/prod/airbyte_to_dbt_prod.py
[2026-08-30T14:03:22.287+0000] {processor.py:925} INFO - DAG(s) 'airbyte_to_dbt_pipeline_prod' retrieved from /opt/airflow/dags/prod/airbyte_to_dbt_prod.py
[2026-08-30T14:03:22.331+0000] {logging_mixin.py:190} INFO - [2026-08-30T14:03:22.331+0000] {dag.py:3239} INFO - Sync 1 DAGs
[2026-08-30T14:03:22.363+0000] {logging_mixin.py:190} INFO - [2026-08-30T14:03:22.363+0000] {dag.py:4180} INFO - Setting next_dagrun for airbyte_to_dbt_pipeline_prod to 2026-08-30 13:00:00+00:00, run_after=2026-08-30 14:00:00+00:00
[2026-08-30T14:03:22.390+0000] {processor.py:208} INFO - Processing /opt/airflow/dags/prod/airbyte_to_dbt_prod.py took 0.148 seconds
[2026-08-30T14:03:52.561+0000] {processor.py:186} INFO - Started process (PID=3916) to work on /opt/airflow/dags/prod/airbyte_to_dbt_prod.py
[2026-08-30T14:03:52.569+0000] {processor.py:914} INFO - Processing file /opt/airflow/dags/prod/airbyte_to_dbt_prod.py for tasks to queue
[2026-08-30T14:03:52.572+0000] {logging_mixin.py:190} INFO - [2026-08-30T14:03:52.572+0000] {dagbag.py:588} INFO - Filling up the DagBag from /opt/airflow/dags/prod/airbyte_to_dbt_prod.py
[2026-08-30T14:03:52.594+0000] {processor.py:925} INFO - DAG(s) 'airbyte_to_dbt_pipeline_prod' retrieved from /opt/airflow/dags/prod/airbyte_to_dbt_prod.py
[2026-08-30T14:03:52.646+0000] {logging_mixin.py:190} INFO - [2026-08-30T14:03:52.645+0000] {dag.py:3239} INFO - Sync 1 DAGs
[2026-08-30T14:03:52.681+0000] {logging_mixin.py:190} INFO - [2026-08-30T14:03:52.681+0000] {dag.py:4180} INFO - Setting next_dagrun for airbyte_to_dbt_pipeline_prod to 2026-08-30 13:00:00+00:00, run_after=2026-08-30 14:00:00+00:00
[2026-08-30T14:03:52.704+0000] {processor.py:208} INFO - Processing /opt/airflow/dags/prod/airbyte_to_dbt_prod.py took 0.153 seconds
[2026-08-30T14:04:22.870+0000] {processor.py:186} INFO - Started process (PID=3926) to work on /opt/airflow/dags/prod/airbyte_to_dbt_prod.py
[2026-08-30T14:04:22.871+0000] {processor.py:914} INFO - Processing file /opt/airflow/dags/prod/airbyte_to_dbt_prod.py for tasks to queue
[2026-08-30T14:04:22.876+0000] {logging_mixin.py:190} INFO - [2026-08-30T14:04:22.876+0000] {dagbag.py:588} INFO - Filling up the DagBag from /opt/airflow/dags/prod/airbyte_to_dbt_prod.py
[2026-08-30T14:04:22.902+0000] {processor.py:925} INFO - DAG(s) 'airbyte_to_dbt_pipeline_prod' retrieved from /opt/airflow/dags/prod/airbyte_to_dbt_prod.py
[2026-08-30T14:04:22.956+0000] {logging_mixin.py:190} INFO - [2026-08-30T14:04:22.956+0000] {dag.py:3239} INFO - Sync 1 DAGs
[2026-08-30T14:04:22.994+0000] {logging_mixin.py:190} INFO - [2026-08-30T14:04:22.993+0000] {dag.py:4180} INFO - Setting next_dagrun for airbyte_to_dbt_pipeline_prod to 2026-08-30 13:00:00+00:00, run_after=2026-08-30 14:00:00+00:00
[2026-08-30T14:04:23.019+0000] {processor.py:208} INFO - Processing /opt/airflow/dags/prod/airbyte_to_dbt_prod.py took 0.160 seconds
[2026-08-30T14:04:53.174+0000] {processor.py:186} INFO - Started process (PID=3936) to work on /opt/airflow/dags/prod/airbyte_to_dbt_prod.py
[2026-08-30T14:04:53.175+0000] {processor.py:914} INFO - Processing file /opt/airflow/dags/prod/airbyte_to_dbt_prod.py for tasks to queue
[2026-08-30T14:04:53.178+0000] {logging_mixin.py:190} INFO - [2026-08-30T14:04:53.177+0000] {dagbag.py:588} INFO - Filling up the DagBag from /opt/airflow/dags/prod/airbyte_to_dbt_prod.py
[2026-08-30T14:04:53.207+0000] {processor.py:925} INFO - DAG(s) 'airbyte_to_dbt_pipeline_prod' retrieved from /opt/airflow/dags/prod/airbyte_to_dbt_prod.py
[2026-08-30T14:04:53.256+0000] {logging_mixin.py:190} INFO - [2026-08-30T14:04:53.256+0000] {dag.py:3239} INFO - Sync 1 DAGs
[2026-08-30T14:04:53.300+0000] {logging_mixin.py:190} INFO - [2026-08-30T14:04:53.300+0000] {dag.py:4180} INFO - Setting next_dagrun for airbyte_to_dbt_pipeline_prod to 2026-08-30 13:00:00+00:00, run_after=2026-08-30 14:00:00+00:00
[2026-08-30T14:04:53.329+0000] {processor.py:208} INFO - Processing /opt/airflow/dags/prod/airbyte_to_dbt_prod.py took 0.164 seconds
[2026-08-30T14:05:23.499+0000] {processor.py:186} INFO - Started process (PID=3946) to work on /opt/airflow/dags/prod/airbyte_to_dbt_prod.py
[2026-08-30T14:05:23.500+0000] {processor.py:914} INFO - Processing file /opt/airflow/dags/prod/airbyte_to_dbt_prod.py for tasks to queue
[2026-08-30T14:05:23.503+0000] {logging_mixin.py:190} INFO - [2026-08-30T14:05:23.502+0000] {dagbag.py:588} INFO - Filling up the DagBag from /opt/airflow/dags/prod/airbyte_to_dbt_prod.py
[2026-08-30T14:05:23.535+0000] {processor.py:925} INFO - DAG(s) 'airbyte_to_dbt_pipeline_prod' retrieved from /opt/airflow/dags/prod/airbyte_to_dbt_prod.py
[2026-08-30T14:05:23.581+0000] {logging_mixin.py:190} INFO - [2026-08-30T14:05:23.581+0000] {dag.py:3239} INFO - Sync 1 DAGs
[2026-08-30T14:05:23.619+0000] {logging_mixin.py:190} INFO - [2026-08-30T14:05:23.619+0000] {dag.py:4180} INFO - Setting next_dagrun for airbyte_to_dbt_pipeline_prod to 2026-08-30 13:00:00+00:00, run_after=2026-08-30 14:00:00+00:00
[2026-08-30T14:05:23.642+0000] {processor.py:208} INFO - Processing /opt/airflow/dags/prod/airbyte_to_dbt_prod.py took 0.152 seconds
[2026-08-30T14:05:53.788+0000] {processor.py:186} INFO - Started process (PID=3956) to work on /opt/airflow/dags/prod/airbyte_to_dbt_prod.py
[2026-08-30T14:05:53.789+0000] {processor.py:914} INFO - Processing file /opt/airflow/dags/prod/airbyte_to_dbt_prod.py for tasks to queue
[2026-08-30T14:05:53.792+0000] {logging_mixin.py:190} INFO - [2026-08-30T14:05:53.792+0000] {dagbag.py:588} INFO - Filling up the DagBag from /opt/airflow/dags/prod/airbyte_to_dbt_prod.py
[2026-08-30T14:05:53.812+0000] {processor.py:925} INFO - DAG(s) 'airbyte_to_dbt_pipeline_prod' retrieved from /opt/airflow/dags/prod/airbyte_to_dbt_prod.py
[2026-08-30T14:05:53.862+0000] {logging_mixin.py:190} INFO - [2026-08-30T14:05:53.862+0000] {dag.py:3239} INFO - Sync 1 DAGs
[2026-08-30T14:05:53.893+0000] {logging_mixin.py:190} INFO - [2026-08-30T14:05:53.893+0000] {dag.py:4180} INFO - Setting next_dagrun for airbyte_to_dbt_pipeline_prod to 2026-08-30 13:00:00+00:00, run_after=2026-08-30 14:00:00+00:00
[2026-08-30T14:05:53.918+0000] {processor.py:208} INFO - Processing /opt/airflow/dags/prod/airbyte_to_dbt_prod.py took 0.139 seconds
[2026-08-30T14:06:24.098+0000] {processor.py:186} INFO - Started process (PID=3966) to work on /opt/airflow/dags/prod/airbyte_to_dbt_prod.py
[2026-08-30T14:06:24.099+0000] {processor.py:914} INFO - Processing file /opt/airflow/dags/prod/airbyte_to_dbt_prod.py for tasks to queue
[2026-08-30T14:06:24.104+0000] {logging_mixin.py:190} INFO - [2026-08-30T14:06:24.103+0000] {dagbag.py:588} INFO - Filling up the DagBag from /opt/airflow/dags/prod/airbyte_to_dbt_prod.py
[2026-08-30T14:06:24.133+0000] {processor.py:925} INFO - DAG(s) 'airbyte_to_dbt_pipeline_prod' retrieved from /opt/airflow/dags/prod/airbyte_to_dbt_prod.py
[2026-08-30T14:06:24.177+0000] {logging_mixin.py:190} INFO - [2026-08-30T14:06:24.177+0000] {dag.py:3239} INFO - Sync 1 DAGs
[2026-08-30T14:06:24.208+0000] {logging_mixin.py:190} INFO - [2026-08-30T14:06:24.207+0000] {dag.py:4180} INFO - Setting next_dagrun for airbyte_to_dbt_pipeline_prod to 2026-08-30 13:00:00+00:00, run_after=2026-08-30 14:00:00+00:00
[2026-08-30T14:06:24.235+0000] {processor.py:208} INFO - Processing /opt/airflow/dags/prod/airbyte_to_dbt_prod.py took 0.148 seconds
[2026-08-30T14:06:54.416+0000] {processor.py:186} INFO - Started process (PID=3976) to work on /opt/airflow/dags/prod/airbyte_to_dbt_prod.py
[2026-08-30T14:06:54.418+0000] {processor.py:914} INFO - Processing file /opt/airflow/dags/prod/airbyte_to_dbt_prod.py for tasks to queue
[2026-08-30T14:06:54.421+0000] {logging_mixin.py:190} INFO - [2026-08-30T14:06:54.420+0000] {dagbag.py:588} INFO - Filling up the DagBag from /opt/airflow/dags/prod/airbyte_to_dbt_prod.py
[2026-08-30T14:06:54.450+0000] {processor.py:925} INFO - DAG(s) 'airbyte_to_dbt_pipeline_prod' retrieved from /opt/airflow/dags/prod/airbyte_to_dbt_prod.py
[2026-08-30T14:06:54.499+0000] {logging_mixin.py:190} INFO - [2026-08-30T14:06:54.498+0000] {dag.py:3239} INFO - Sync 1 DAGs
[2026-08-30T14:06:54.540+0000] {logging_mixin.py:190} INFO - [2026-08-30T14:06:54.539+0000] {dag.py:4180} INFO - Setting next_dagrun for airbyte_to_dbt_pipeline_prod to 2026-08-30 13:00:00+00:00, run_after=2026-08-30 14:00:00+00:00
[2026-08-30T14:06:54.566+0000] {processor.py:208} INFO - Processing /opt/airflow/dags/prod/airbyte_to_dbt_prod.py took 0.160 seconds
[2026-08-30T14:07:24.737+0000] {processor.py:186} INFO - Started process (PID=3986) to work on /opt/airflow/dags/prod/airbyte_to_dbt_prod.py
[2026-08-30T14:07:24.738+0000] {processor.py:914} INFO - Processing file /opt/airflow/dags/prod/airbyte_to_dbt_prod.py for tasks to queue
[2026-08-30T14:07:24.742+0000] {logging_mixin.py:190} INFO - [2026-08-30T14:07:24.741+0000] {dagbag.py:588} INFO - Filling up the DagBag from /opt/airflow/dags/prod/airbyte_to_dbt_prod.py
[2026-08-30T14:07:24.787+0000] {processor.py:925} INFO - DAG(s) 'airbyte_to_dbt_pipeline_prod' retrieved from /opt/airflow/dags/prod/airbyte_to_dbt_prod.py
[2026-08-30T14:07:24.848+0000] {logging_mixin.py:190} INFO - [2026-08-30T14:07:24.848+0000] {dag.py:3239} INFO - Sync 1 DAGs
[2026-08-30T14:07:24.893+0000] {logging_mixin.py:190} INFO - [2026-08-30T14:07:24.892+0000] {dag.py:4180} INFO - Setting next_dagrun for airbyte_to_dbt_pipeline_prod to 2026-08-30 13:00:00+00:00, run_after=2026-08-30 14:00:00+00:00
[2026-08-30T14:07:24.926+0000] {processor.py:208} INFO - Processing /opt/airflow/dags/prod/airbyte_to_dbt_prod.py took 0.202 seconds
[2026-08-30T14:07:55.117+0000] {processor.py:186} INFO - Started process (PID=3996) to work on /opt/airflow/dags/prod/airbyte_to_dbt_prod.py
[2026-08-30T14:07:55.118+0000] {processor.py:914} INFO - Processing file /opt/airflow/dags/prod/airbyte_to_dbt_prod.py for tasks to queue
[2026-08-30T14:07:55.122+0000] {logging_mixin.py:190} INFO - [2026-08-30T14:07:55.122+0000] {dagbag.py:588} INFO - Filling up the DagBag from /opt/airflow/dags/prod/airbyte_to_dbt_prod.py
[2026-08-30T14:07:55.152+0000] {processor.py:925} INFO - DAG(s) 'airbyte_to_dbt_pipeline_prod' retrieved from /opt/airflow/dags/prod/airbyte_to_dbt_prod.py
[2026-08-30T14:07:55.205+0000] {logging_mixin.py:190} INFO - [2026-08-30T14:07:55.205+0000] {dag.py:3239} INFO - Sync 1 DAGs
[2026-08-30T14:07:55.242+0000] {logging_mixin.py:190} INFO - [2026-08-30T14:07:55.242+0000] {dag.py:4180} INFO - Setting next_dagrun for airbyte_to_dbt_pipeline_prod to 2026-08-30 13:00:00+00:00, run_after=2026-08-30 14:00:00+00:00
[2026-08-30T14:07:55.264+0000] {processor.py:208} INFO - Processing /opt/airflow/dags/prod/airbyte_to_dbt_prod.py took 0.158 seconds
[2026-08-30T14:08:25.452+0000] {processor.py:186} INFO - Started process (PID=4006) to work on /opt/airflow/dags/prod/airbyte_to_dbt_prod.py
[2026-08-30T14:08:25.453+0000] {processor.py:914} INFO - Processing file /opt/airflow/dags/prod/airbyte_to_dbt_prod.py for tasks to queue
[2026-08-30T14:08:25.456+0000] {logging_mixin.py:190} INFO - [2026-08-30T14:08:25.456+0000] {dagbag.py:588} INFO - Filling up the DagBag from /opt/airflow/dags/prod/airbyte_to_dbt_prod.py
[2026-08-30T14:08:25.479+0000] {processor.py:925} INFO - DAG(s) 'airbyte_to_dbt_pipeline_prod' retrieved from /opt/airflow/dags/prod/airbyte_to_dbt_prod.py
[2026-08-30T14:08:25.527+0000] {logging_mixin.py:190} INFO - [2026-08-30T14:08:25.526+0000] {dag.py:3239} INFO - Sync 1 DAGs
[2026-08-30T14:08:25.565+0000] {logging_mixin.py:190} INFO - [2026-08-30T14:08:25.564+0000] {dag.py:4180} INFO - Setting next_dagrun for airbyte_to_dbt_pipeline_prod to 2026-08-30 13:00:00+00:00, run_after=2026-08-30 14:00:00+00:00
[2026-08-30T14:08:25.587+0000] {processor.py:208} INFO - Processing /opt/airflow/dags/prod/airbyte_to_dbt_prod.py took 0.147 seconds
[2026-08-30T14:08:55.741+0000] {processor.py:186} INFO - Started process (PID=4016) to work on /opt/airflow/dags/prod/airbyte_to_dbt_prod.py
[2026-08-30T14:08:55.742+0000] {processor.py:914} INFO - Processing file /opt/airflow/dags/prod/airbyte_to_dbt_prod.py for tasks to queue
[2026-08-30T14:08:55.759+0000] {logging_mixin.py:190} INFO - [2026-08-30T14:08:55.758+0000] {dagbag.py:588} INFO - Filling up the DagBag from /opt/airflow/dags/prod/airbyte_to_dbt_prod.py
[2026-08-30T14:08:56.125+0000] {processor.py:925} INFO - DAG(s) 'airbyte_to_dbt_pipeline_prod' retrieved from /opt/airflow/dags/prod/airbyte_to_dbt_prod.py
[2026-08-30T14:08:56.330+0000] {logging_mixin.py:190} INFO - [2026-08-30T14:08:56.329+0000] {dag.py:3239} INFO - Sync 1 DAGs
[2026-08-30T14:08:56.490+0000] {logging_mixin.py:190} INFO - [2026-08-30T14:08:56.489+0000] {dag.py:4180} INFO - Setting next_dagrun for airbyte_to_dbt_pipeline_prod to 2026-08-30 13:00:00+00:00, run_after=2026-08-30 14:00:00+00:00
[2026-08-30T14:08:56.518+0000] {processor.py:208} INFO - Processing /opt/airflow/dags/prod/airbyte_to_dbt_prod.py took 0.799 seconds
[2026-08-30T14:09:26.678+0000] {processor.py:186} INFO - Started process (PID=4026) to work on /opt/airflow/dags/prod/airbyte_to_dbt_prod.py
[2026-08-30T14:09:26.679+0000] {processor.py:914} INFO - Processing file /opt/airflow/dags/prod/airbyte_to_dbt_prod.py for tasks to queue
[2026-08-30T14:09:26.684+0000] {logging_mixin.py:190} INFO - [2026-08-30T14:09:26.683+0000] {dagbag.py:588} INFO - Filling up the DagBag from /opt/airflow/dags/prod/airbyte_to_dbt_prod.py
[2026-08-30T14:09:26.713+0000] {processor.py:925} INFO - DAG(s) 'airbyte_to_dbt_pipeline_prod' retrieved from /opt/airflow/dags/prod/airbyte_to_dbt_prod.py
[2026-08-30T14:09:26.765+0000] {logging_mixin.py:190} INFO - [2026-08-30T14:09:26.765+0000] {dag.py:3239} INFO - Sync 1 DAGs
[2026-08-30T14:09:26.805+0000] {logging_mixin.py:190} INFO - [2026-08-30T14:09:26.805+0000] {dag.py:4180} INFO - Setting next_dagrun for airbyte_to_dbt_pipeline_prod to 2026-08-30 13:00:00+00:00, run_after=2026-08-30 14:00:00+00:00
[2026-08-30T14:09:26.828+0000] {processor.py:208} INFO - Processing /opt/airflow/dags/prod/airbyte_to_dbt_prod.py took 0.161 seconds
[2026-08-30T14:09:56.979+0000] {processor.py:186} INFO - Started process (PID=4036) to work on /opt/airflow/dags/prod/airbyte_to_dbt_prod.py
[2026-08-30T14:09:56.980+0000] {processor.py:914} INFO - Processing file /opt/airflow/dags/prod/airbyte_to_dbt_prod.py for tasks to queue
[2026-08-30T14:09:56.983+0000] {logging_mixin.py:190} INFO - [2026-08-30T14:09:56.982+0000] {dagbag.py:588} INFO - Filling up the DagBag from /opt/airflow/dags/prod/airbyte_to_dbt_prod.py
[2026-08-30T14:09:57.012+0000] {processor.py:925} INFO - DAG(s) 'airbyte_to_dbt_pipeline_prod' retrieved from /opt/airflow/dags/prod/airbyte_to_dbt_prod.py
[2026-08-30T14:09:57.051+0000] {logging_mixin.py:190} INFO - [2026-08-30T14:09:57.050+0000] {dag.py:3239} INFO - Sync 1 DAGs
[2026-08-30T14:09:57.085+0000] {logging_mixin.py:190} INFO - [2026-08-30T14:09:57.085+0000] {dag.py:4180} INFO - Setting next_dagrun for airbyte_to_dbt_pipeline_prod to 2026-08-30 13:00:00+00:00, run_after=2026-08-30 14:00:00+00:00
[2026-08-30T14:09:57.112+0000] {processor.py:208} INFO - Processing /opt/airflow/dags/prod/airbyte_to_dbt_prod.py took 0.141 seconds
[2026-08-30T14:10:27.274+0000] {processor.py:186} INFO - Started process (PID=4046) to work on /opt/airflow/dags/prod/airbyte_to_dbt_prod.py
[2026-08-30T14:10:27.275+0000] {processor.py:914} INFO - Processing file /opt/airflow/dags/prod/airbyte_to_dbt_prod.py for tasks to queue
[2026-08-30T14:10:27.278+0000] {logging_mixin.py:190} INFO - [2026-08-30T14:10:27.278+0000] {dagbag.py:588} INFO - Filling up the DagBag from /opt/airflow/dags/prod/airbyte_to_dbt_prod.py
[2026-08-30T14:10:27.299+0000] {processor.py:925} INFO - DAG(s) 'airbyte_to_dbt_pipeline_prod' retrieved from /opt/airflow/dags/prod/airbyte_to_dbt_prod.py
[2026-08-30T14:10:27.340+0000] {logging_mixin.py:190} INFO - [2026-08-30T14:10:27.340+0000] {dag.py:3239} INFO - Sync 1 DAGs
[2026-08-30T14:10:27.378+0000] {logging_mixin.py:190} INFO - [2026-08-30T14:10:27.378+0000] {dag.py:4180} INFO - Setting next_dagrun for airbyte_to_dbt_pipeline_prod to 2026-08-30 13:00:00+00:00, run_after=2026-08-30 14:00:00+00:00
[2026-08-30T14:10:27.406+0000] {processor.py:208} INFO - Processing /opt/airflow/dags/prod/airbyte_to_dbt_prod.py took 0.140 seconds
[2026-08-30T14:10:57.574+0000] {processor.py:186} INFO - Started process (PID=4056) to work on /opt/airflow/dags/prod/airbyte_to_dbt_prod.py
[2026-08-30T14:10:57.575+0000] {processor.py:914} INFO - Processing file /opt/airflow/dags/prod/airbyte_to_dbt_prod.py for tasks to queue
[2026-08-30T14:10:57.578+0000] {logging_mixin.py:190} INFO - [2026-08-30T14:10:57.577+0000] {dagbag.py:588} INFO - Filling up the DagBag from /opt/airflow/dags/prod/airbyte_to_dbt_prod.py
[2026-08-30T14:10:57.599+0000] {processor.py:925} INFO - DAG(s) 'airbyte_to_dbt_pipeline_prod' retrieved from /opt/airflow/dags/prod/airbyte_to_dbt_prod.py
[2026-08-30T14:10:57.645+0000] {logging_mixin.py:190} INFO - [2026-08-30T14:10:57.645+0000] {dag.py:3239} INFO - Sync 1 DAGs
[2026-08-30T14:10:57.679+0000] {logging_mixin.py:190} INFO - [2026-08-30T14:10:57.679+0000] {dag.py:4180} INFO - Setting next_dagrun for airbyte_to_dbt_pipeline_prod to 2026-08-30 13:00:00+00:00, run_after=2026-08-30 14:00:00+00:00
[2026-08-30T14:10:57.701+0000] {processor.py:208} INFO - Processing /opt/airflow/dags/prod/airbyte_to_dbt_prod.py took 0.137 seconds
[2026-08-30T14:11:27.864+0000] {processor.py:186} INFO - Started process (PID=4066) to work on /opt/airflow/dags/prod/airbyte_to_dbt_prod.py
[2026-08-30T14:11:27.865+0000] {processor.py:914} INFO - Processing file /opt/airflow/dags/prod/airbyte_to_dbt_prod.py for tasks to queue
[2026-08-30T14:11:27.871+0000] {logging_mixin.py:190} INFO - [2026-08-30T14:11:27.870+0000] {dagbag.py:588} INFO - Filling up the DagBag from /opt/airflow/dags/prod/airbyte_to_dbt_prod.py
[2026-08-30T14:11:27.899+0000] {processor.py:925} INFO - DAG(s) 'airbyte_to_dbt_pipeline_prod' retrieved from /opt/airflow/dags/prod/airbyte_to_dbt_prod.py
[2026-08-30T14:11:27.942+0000] {logging_mixin.py:190} INFO - [2026-08-30T14:11:27.942+0000] {dag.py:3239} INFO - Sync 1 DAGs
[2026-08-30T14:11:27.984+0000] {logging_mixin.py:190} INFO - [2026-08-30T14:11:27.984+0000] {dag.py:4180} INFO - Setting next_dagrun for airbyte_to_dbt_pipeline_prod to 2026-08-30 13:00:00+00:00, run_after=2026-08-30 14:00:00+00:00
[2026-08-30T14:11:28.015+0000] {processor.py:208} INFO - Processing /opt/airflow/dags/prod/airbyte_to_dbt_prod.py took 0.160 seconds
[2026-08-30T14:11:58.184+0000] {processor.py:186} INFO - Started process (PID=4076) to work on /opt/airflow/dags/prod/airbyte_to_dbt_prod.py
[2026-08-30T14:11:58.186+0000] {processor.py:914} INFO - Processing file /opt/airflow/dags/prod/airbyte_to_dbt_prod.py for tasks to queue
[2026-08-30T14:11:58.190+0000] {logging_mixin.py:190} INFO - [2026-08-30T14:11:58.190+0000] {dagbag.py:588} INFO - Filling up the DagBag from /opt/airflow/dags/prod/airbyte_to_dbt_prod.py
[2026-08-30T14:11:58.218+0000] {processor.py:925} INFO - DAG(s) 'airbyte_to_dbt_pipeline_prod' retrieved from /opt/airflow/dags/prod/airbyte_to_dbt_prod.py
[2026-08-30T14:11:58.273+0000] {logging_mixin.py:190} INFO - [2026-08-30T14:11:58.273+0000] {dag.py:3239} INFO - Sync 1 DAGs
[2026-08-30T14:11:58.317+0000] {logging_mixin.py:190} INFO - [2026-08-30T14:11:58.317+0000] {dag.py:4180} INFO - Setting next_dagrun for airbyte_to_dbt_pipeline_prod to 2026-08-30 13:00:00+00:00, run_after=2026-08-30 14:00:00+00:00
[2026-08-30T14:11:58.343+0000] {processor.py:208} INFO - Processing /opt/airflow/dags/prod/airbyte_to_dbt_prod.py took 0.167 seconds
[2026-08-30T14:12:28.490+0000] {processor.py:186} INFO - Started process (PID=4086) to work on /opt/airflow/dags/prod/airbyte_to_dbt_prod.py
[2026-08-30T14:12:28.491+0000] {processor.py:914} INFO - Processing file /opt/airflow/dags/prod/airbyte_to_dbt_prod.py for tasks to queue
[2026-08-30T14:12:28.495+0000] {logging_mixin.py:190} INFO - [2026-08-30T14:12:28.494+0000] {dagbag.py:588} INFO - Filling up the DagBag from /opt/airflow/dags/prod/airbyte_to_dbt_prod.py
[2026-08-30T14:12:28.517+0000] {processor.py:925} INFO - DAG(s) 'airbyte_to_dbt_pipeline_prod' retrieved from /opt/airflow/dags/prod/airbyte_to_dbt_prod.py
[2026-08-30T14:12:28.572+0000] {logging_mixin.py:190} INFO - [2026-08-30T14:12:28.572+0000] {dag.py:3239} INFO - Sync 1 DAGs
[2026-08-30T14:12:28.611+0000] {logging_mixin.py:190} INFO - [2026-08-30T14:12:28.611+0000] {dag.py:4180} INFO - Setting next_dagrun for airbyte_to_dbt_pipeline_prod to 2026-08-30 13:00:00+00:00, run_after=2026-08-30 14:00:00+00:00
[2026-08-30T14:12:28.634+0000] {processor.py:208} INFO - Processing /opt/airflow/dags/prod/airbyte_to_dbt_prod.py took 0.155 seconds
[2026-08-30T14:12:58.782+0000] {processor.py:186} INFO - Started process (PID=4096) to work on /opt/airflow/dags/prod/airbyte_to_dbt_prod.py
[2026-08-30T14:12:58.784+0000] {processor.py:914} INFO - Processing file /opt/airflow/dags/prod/airbyte_to_dbt_prod.py for tasks to queue
[2026-08-30T14:12:58.788+0000] {logging_mixin.py:190} INFO - [2026-08-30T14:12:58.787+0000] {dagbag.py:588} INFO - Filling up the DagBag from /opt/airflow/dags/prod/airbyte_to_dbt_prod.py
[2026-08-30T14:12:58.817+0000] {processor.py:925} INFO - DAG(s) 'airbyte_to_dbt_pipeline_prod' retrieved from /opt/airflow/dags/prod/airbyte_to_dbt_prod.py
[2026-08-30T14:12:58.861+0000] {logging_mixin.py:190} INFO - [2026-08-30T14:12:58.861+0000] {dag.py:3239} INFO - Sync 1 DAGs
[2026-08-30T14:12:58.895+0000] {logging_mixin.py:190} INFO - [2026-08-30T14:12:58.895+0000] {dag.py:4180} INFO - Setting next_dagrun for airbyte_to_dbt_pipeline_prod to 2026-08-30 13:00:00+00:00, run_after=2026-08-30 14:00:00+00:00
[2026-08-30T14:12:58.923+0000] {processor.py:208} INFO - Processing /opt/airflow/dags/prod/airbyte_to_dbt_prod.py took 0.152 seconds
[2026-08-30T14:13:29.121+0000] {processor.py:186} INFO - Started process (PID=4106) to work on /opt/airflow/dags/prod/airbyte_to_dbt_prod.py
[2026-08-30T14:13:29.123+0000] {processor.py:914} INFO - Processing file /opt/airflow/dags/prod/airbyte_to_dbt_prod.py for tasks to queue
[2026-08-30T14:13:29.127+0000] {logging_mixin.py:190} INFO - [2026-08-30T14:13:29.126+0000] {dagbag.py:588} INFO - Filling up the DagBag from /opt/airflow/dags/prod/airbyte_to_dbt_prod.py
[2026-08-30T14:13:29.156+0000] {processor.py:925} INFO - DAG(s) 'airbyte_to_dbt_pipeline_prod' retrieved from /opt/airflow/dags/prod/airbyte_to_dbt_prod.py
[2026-08-30T14:13:29.208+0000] {logging_mixin.py:190} INFO - [2026-08-30T14:13:29.208+0000] {dag.py:3239} INFO - Sync 1 DAGs
[2026-08-30T14:13:29.247+0000] {logging_mixin.py:190} INFO - [2026-08-30T14:13:29.246+0000] {dag.py:4180} INFO - Setting next_dagrun for airbyte_to_dbt_pipeline_prod to 2026-08-30 13:00:00+00:00, run_after=2026-08-30 14:00:00+00:00
[2026-08-30T14:13:29.270+0000] {processor.py:208} INFO - Processing /opt/airflow/dags/prod/airbyte_to_dbt_prod.py took 0.160 seconds
[2026-08-30T14:13:59.437+0000] {processor.py:186} INFO - Started process (PID=4116) to work on /opt/airflow/dags/prod/airbyte_to_dbt_prod.py
[2026-08-30T14:13:59.438+0000] {processor.py:914} INFO - Processing file /opt/airflow/dags/prod/airbyte_to_dbt_prod.py for tasks to queue
[2026-08-30T14:13:59.441+0000] {logging_mixin.py:190} INFO - [2026-08-30T14:13:59.441+0000] {dagbag.py:588} INFO - Filling up the DagBag from /opt/airflow/dags/prod/airbyte_to_dbt_prod.py
[2026-08-30T14:13:59.465+0000] {processor.py:925} INFO - DAG(s) 'airbyte_to_dbt_pipeline_prod' retrieved from /opt/airflow/dags/prod/airbyte_to_dbt_prod.py
[2026-08-30T14:13:59.516+0000] {logging_mixin.py:190} INFO - [2026-08-30T14:13:59.516+0000] {dag.py:3239} INFO - Sync 1 DAGs
[2026-08-30T14:13:59.550+0000] {logging_mixin.py:190} INFO - [2026-08-30T14:13:59.550+0000] {dag.py:4180} INFO - Setting next_dagrun for airbyte_to_dbt_pipeline_prod to 2026-08-30 13:00:00+00:00, run_after=2026-08-30 14:00:00+00:00
[2026-08-30T14:13:59.574+0000] {processor.py:208} INFO - Processing /opt/airflow/dags/prod/airbyte_to_dbt_prod.py took 0.146 seconds
[2026-08-30T14:14:29.755+0000] {processor.py:186} INFO - Started process (PID=4126) to work on /opt/airflow/dags/prod/airbyte_to_dbt_prod.py
[2026-08-30T14:14:29.757+0000] {processor.py:914} INFO - Processing file /opt/airflow/dags/prod/airbyte_to_dbt_prod.py for tasks to queue
[2026-08-30T14:14:29.763+0000] {logging_mixin.py:190} INFO - [2026-08-30T14:14:29.762+0000] {dagbag.py:588} INFO - Filling up the DagBag from /opt/airflow/dags/prod/airbyte_to_dbt_prod.py
[2026-08-30T14:14:29.789+0000] {processor.py:925} INFO - DAG(s) 'airbyte_to_dbt_pipeline_prod' retrieved from /opt/airflow/dags/prod/airbyte_to_dbt_prod.py
[2026-08-30T14:14:29.844+0000] {logging_mixin.py:190} INFO - [2026-08-30T14:14:29.843+0000] {dag.py:3239} INFO - Sync 1 DAGs
[2026-08-30T14:14:29.879+0000] {logging_mixin.py:190} INFO - [2026-08-30T14:14:29.878+0000] {dag.py:4180} INFO - Setting next_dagrun for airbyte_to_dbt_pipeline_prod to 2026-08-30 13:00:00+00:00, run_after=2026-08-30 14:00:00+00:00
[2026-08-30T14:14:29.904+0000] {processor.py:208} INFO - Processing /opt/airflow/dags/prod/airbyte_to_dbt_prod.py took 0.160 seconds
[2026-08-30T14:15:00.066+0000] {processor.py:186} INFO - Started process (PID=4136) to work on /opt/airflow/dags/prod/airbyte_to_dbt_prod.py
[2026-08-30T14:15:00.067+0000] {processor.py:914} INFO - Processing file /opt/airflow/dags/prod/airbyte_to_dbt_prod.py for tasks to queue
[2026-08-30T14:15:00.070+0000] {logging_mixin.py:190} INFO - [2026-08-30T14:15:00.070+0000] {dagbag.py:588} INFO - Filling up the DagBag from /opt/airflow/dags/prod/airbyte_to_dbt_prod.py
[2026-08-30T14:15:00.096+0000] {processor.py:925} INFO - DAG(s) 'airbyte_to_dbt_pipeline_prod' retrieved from /opt/airflow/dags/prod/airbyte_to_dbt_prod.py
[2026-08-30T14:15:00.140+0000] {logging_mixin.py:190} INFO - [2026-08-30T14:15:00.139+0000] {dag.py:3239} INFO - Sync 1 DAGs
[2026-08-30T14:15:00.175+0000] {logging_mixin.py:190} INFO - [2026-08-30T14:15:00.175+0000] {dag.py:4180} INFO - Setting next_dagrun for airbyte_to_dbt_pipeline_prod to 2026-08-30 13:00:00+00:00, run_after=2026-08-30 14:00:00+00:00
[2026-08-30T14:15:00.202+0000] {processor.py:208} INFO - Processing /opt/airflow/dags/prod/airbyte_to_dbt_prod.py took 0.147 seconds
[2026-08-30T14:15:30.386+0000] {processor.py:186} INFO - Started process (PID=4146) to work on /opt/airflow/dags/prod/airbyte_to_dbt_prod.py
[2026-08-30T14:15:30.388+0000] {processor.py:914} INFO - Processing file /opt/airflow/dags/prod/airbyte_to_dbt_prod.py for tasks to queue
[2026-08-30T14:15:30.393+0000] {logging_mixin.py:190} INFO - [2026-08-30T14:15:30.393+0000] {dagbag.py:588} INFO - Filling up the DagBag from /opt/airflow/dags/prod/airbyte_to_dbt_prod.py
[2026-08-30T14:15:30.419+0000] {processor.py:925} INFO - DAG(s) 'airbyte_to_dbt_pipeline_prod' retrieved from /opt/airflow/dags/prod/airbyte_to_dbt_prod.py
[2026-08-30T14:15:30.460+0000] {logging_mixin.py:190} INFO - [2026-08-30T14:15:30.459+0000] {dag.py:3239} INFO - Sync 1 DAGs
[2026-08-30T14:15:30.490+0000] {logging_mixin.py:190} INFO - [2026-08-30T14:15:30.490+0000] {dag.py:4180} INFO - Setting next_dagrun for airbyte_to_dbt_pipeline_prod to 2026-08-30 13:00:00+00:00, run_after=2026-08-30 14:00:00+00:00
[2026-08-30T14:15:30.514+0000] {processor.py:208} INFO - Processing /opt/airflow/dags/prod/airbyte_to_dbt_prod.py took 0.138 seconds
[2026-08-30T14:16:00.698+0000] {processor.py:186} INFO - Started process (PID=4156) to work on /opt/airflow/dags/prod/airbyte_to_dbt_prod.py
[2026-08-30T14:16:00.699+0000] {processor.py:914} INFO - Processing file /opt/airflow/dags/prod/airbyte_to_dbt_prod.py for tasks to queue
[2026-08-30T14:16:00.703+0000] {logging_mixin.py:190} INFO - [2026-08-30T14:16:00.703+0000] {dagbag.py:588} INFO - Filling up the DagBag from /opt/airflow/dags/prod/airbyte_to_dbt_prod.py
[2026-08-30T14:16:00.732+0000] {processor.py:925} INFO - DAG(s) 'airbyte_to_dbt_pipeline_prod' retrieved from /opt/airflow/dags/prod/airbyte_to_dbt_prod.py
[2026-08-30T14:16:00.782+0000] {logging_mixin.py:190} INFO - [2026-08-30T14:16:00.782+0000] {dag.py:3239} INFO - Sync 1 DAGs
[2026-08-30T14:16:00.837+0000] {logging_mixin.py:190} INFO - [2026-08-30T14:16:00.837+0000] {dag.py:4180} INFO - Setting next_dagrun for airbyte_to_dbt_pipeline_prod to 2026-08-30 13:00:00+00:00, run_after=2026-08-30 14:00:00+00:00
[2026-08-30T14:16:00.862+0000] {processor.py:208} INFO - Processing /opt/airflow/dags/prod/airbyte_to_dbt_prod.py took 0.175 seconds
[2026-08-30T14:16:31.036+0000] {processor.py:186} INFO - Started process (PID=4166) to work on /opt/airflow/dags/prod/airbyte_to_dbt_prod.py
[2026-08-30T14:16:31.038+0000] {processor.py:914} INFO - Processing file /opt/airflow/dags/prod/airbyte_to_dbt_prod.py for tasks to queue
[2026-08-30T14:16:31.043+0000] {logging_mixin.py:190} INFO - [2026-08-30T14:16:31.042+0000] {dagbag.py:588} INFO - Filling up the DagBag from /opt/airflow/dags/prod/airbyte_to_dbt_prod.py
[2026-08-30T14:16:31.066+0000] {processor.py:925} INFO - DAG(s) 'airbyte_to_dbt_pipeline_prod' retrieved from /opt/airflow/dags/prod/airbyte_to_dbt_prod.py
[2026-08-30T14:16:31.123+0000] {logging_mixin.py:190} INFO - [2026-08-30T14:16:31.122+0000] {dag.py:3239} INFO - Sync 1 DAGs
[2026-08-30T14:16:31.155+0000] {logging_mixin.py:190} INFO - [2026-08-30T14:16:31.155+0000] {dag.py:4180} INFO - Setting next_dagrun for airbyte_to_dbt_pipeline_prod to 2026-08-30 13:00:00+00:00, run_after=2026-08-30 14:00:00+00:00
[2026-08-30T14:16:31.176+0000] {processor.py:208} INFO - Processing /opt/airflow/dags/prod/airbyte_to_dbt_prod.py took 0.153 seconds
[2026-08-30T14:17:01.441+0000] {processor.py:186} INFO - Started process (PID=4176) to work on /opt/airflow/dags/prod/airbyte_to_dbt_prod.py
[2026-08-30T14:17:01.442+0000] {processor.py:914} INFO - Processing file /opt/airflow/dags/prod/airbyte_to_dbt_prod.py for tasks to queue
[2026-08-30T14:17:01.521+0000] {logging_mixin.py:190} INFO - [2026-08-30T14:17:01.513+0000] {dagbag.py:588} INFO - Filling up the DagBag from /opt/airflow/dags/prod/airbyte_to_dbt_prod.py
[2026-08-30T14:17:01.718+0000] {processor.py:925} INFO - DAG(s) 'airbyte_to_dbt_pipeline_prod' retrieved from /opt/airflow/dags/prod/airbyte_to_dbt_prod.py
[2026-08-30T14:17:01.846+0000] {logging_mixin.py:190} INFO - [2026-08-30T14:17:01.845+0000] {dag.py:3239} INFO - Sync 1 DAGs
[2026-08-30T14:17:01.883+0000] {logging_mixin.py:190} INFO - [2026-08-30T14:17:01.883+0000] {dag.py:4180} INFO - Setting next_dagrun for airbyte_to_dbt_pipeline_prod to 2026-08-30 13:00:00+00:00, run_after=2026-08-30 14:00:00+00:00
[2026-08-30T14:17:01.910+0000] {processor.py:208} INFO - Processing /opt/airflow/dags/prod/airbyte_to_dbt_prod.py took 0.575 seconds
[2026-08-30T14:17:32.075+0000] {processor.py:186} INFO - Started process (PID=4186) to work on /opt/airflow/dags/prod/airbyte_to_dbt_prod.py
[2026-08-30T14:17:32.077+0000] {processor.py:914} INFO - Processing file /opt/airflow/dags/prod/airbyte_to_dbt_prod.py for tasks to queue
[2026-08-30T14:17:32.082+0000] {logging_mixin.py:190} INFO - [2026-08-30T14:17:32.081+0000] {dagbag.py:588} INFO - Filling up the DagBag from /opt/airflow/dags/prod/airbyte_to_dbt_prod.py
[2026-08-30T14:17:32.112+0000] {processor.py:925} INFO - DAG(s) 'airbyte_to_dbt_pipeline_prod' retrieved from /opt/airflow/dags/prod/airbyte_to_dbt_prod.py
[2026-08-30T14:17:32.166+0000] {logging_mixin.py:190} INFO - [2026-08-30T14:17:32.166+0000] {dag.py:3239} INFO - Sync 1 DAGs
[2026-08-30T14:17:32.200+0000] {logging_mixin.py:190} INFO - [2026-08-30T14:17:32.199+0000] {dag.py:4180} INFO - Setting next_dagrun for airbyte_to_dbt_pipeline_prod to 2026-08-30 13:00:00+00:00, run_after=2026-08-30 14:00:00+00:00
[2026-08-30T14:17:32.219+0000] {processor.py:208} INFO - Processing /opt/airflow/dags/prod/airbyte_to_dbt_prod.py took 0.157 seconds
[2026-08-30T14:18:02.370+0000] {processor.py:186} INFO - Started process (PID=4196) to work on /opt/airflow/dags/prod/airbyte_to_dbt_prod.py
[2026-08-30T14:18:02.371+0000] {processor.py:914} INFO - Processing file /opt/airflow/dags/prod/airbyte_to_dbt_prod.py for tasks to queue
[2026-08-30T14:18:02.374+0000] {logging_mixin.py:190} INFO - [2026-08-30T14:18:02.373+0000] {dagbag.py:588} INFO - Filling up the DagBag from /opt/airflow/dags/prod/airbyte_to_dbt_prod.py
[2026-08-30T14:18:02.403+0000] {processor.py:925} INFO - DAG(s) 'airbyte_to_dbt_pipeline_prod' retrieved from /opt/airflow/dags/prod/airbyte_to_dbt_prod.py
[2026-08-30T14:18:02.457+0000] {logging_mixin.py:190} INFO - [2026-08-30T14:18:02.457+0000] {dag.py:3239} INFO - Sync 1 DAGs
[2026-08-30T14:18:02.497+0000] {logging_mixin.py:190} INFO - [2026-08-30T14:18:02.497+0000] {dag.py:4180} INFO - Setting next_dagrun for airbyte_to_dbt_pipeline_prod to 2026-08-30 13:00:00+00:00, run_after=2026-08-30 14:00:00+00:00
[2026-08-30T14:18:02.521+0000] {processor.py:208} INFO - Processing /opt/airflow/dags/prod/airbyte_to_dbt_prod.py took 0.160 seconds
[2026-08-30T14:18:32.696+0000] {processor.py:186} INFO - Started process (PID=4206) to work on /opt/airflow/dags/prod/airbyte_to_dbt_prod.py
[2026-08-30T14:18:32.697+0000] {processor.py:914} INFO - Processing file /opt/airflow/dags/prod/airbyte_to_dbt_prod.py for tasks to queue
[2026-08-30T14:18:32.701+0000] {logging_mixin.py:190} INFO - [2026-08-30T14:18:32.701+0000] {dagbag.py:588} INFO - Filling up the DagBag from /opt/airflow/dags/prod/airbyte_to_dbt_prod.py
[2026-08-30T14:18:32.729+0000] {processor.py:925} INFO - DAG(s) 'airbyte_to_dbt_pipeline_prod' retrieved from /opt/airflow/dags/prod/airbyte_to_dbt_prod.py
[2026-08-30T14:18:32.773+0000] {logging_mixin.py:190} INFO - [2026-08-30T14:18:32.773+0000] {dag.py:3239} INFO - Sync 1 DAGs
[2026-08-30T14:18:32.813+0000] {logging_mixin.py:190} INFO - [2026-08-30T14:18:32.813+0000] {dag.py:4180} INFO - Setting next_dagrun for airbyte_to_dbt_pipeline_prod to 2026-08-30 13:00:00+00:00, run_after=2026-08-30 14:00:00+00:00
[2026-08-30T14:18:32.844+0000] {processor.py:208} INFO - Processing /opt/airflow/dags/prod/airbyte_to_dbt_prod.py took 0.160 seconds
[2026-08-30T14:19:03.003+0000] {processor.py:186} INFO - Started process (PID=4216) to work on /opt/airflow/dags/prod/airbyte_to_dbt_prod.py
[2026-08-30T14:19:03.004+0000] {processor.py:914} INFO - Processing file /opt/airflow/dags/prod/airbyte_to_dbt_prod.py for tasks to queue
[2026-08-30T14:19:03.007+0000] {logging_mixin.py:190} INFO - [2026-08-30T14:19:03.007+0000] {dagbag.py:588} INFO - Filling up the DagBag from /opt/airflow/dags/prod/airbyte_to_dbt_prod.py
[2026-08-30T14:19:03.030+0000] {processor.py:925} INFO - DAG(s) 'airbyte_to_dbt_pipeline_prod' retrieved from /opt/airflow/dags/prod/airbyte_to_dbt_prod.py
[2026-08-30T14:19:03.073+0000] {logging_mixin.py:190} INFO - [2026-08-30T14:19:03.072+0000] {dag.py:3239} INFO - Sync 1 DAGs
[2026-08-30T14:19:03.108+0000] {logging_mixin.py:190} INFO - [2026-08-30T14:19:03.107+0000] {dag.py:4180} INFO - Setting next_dagrun for airbyte_to_dbt_pipeline_prod to 2026-08-30 13:00:00+00:00, run_after=2026-08-30 14:00:00+00:00
[2026-08-30T14:19:03.130+0000] {processor.py:208} INFO - Processing /opt/airflow/dags/prod/airbyte_to_dbt_prod.py took 0.136 seconds
[2026-08-30T14:19:33.174+0000] {processor.py:186} INFO - Started process (PID=4226) to work on /opt/airflow/dags/prod/airbyte_to_dbt_prod.py
[2026-08-30T14:19:33.175+0000] {processor.py:914} INFO - Processing file /opt/airflow/dags/prod/airbyte_to_dbt_prod.py for tasks to queue
[2026-08-30T14:19:33.178+0000] {logging_mixin.py:190} INFO - [2026-08-30T14:19:33.178+0000] {dagbag.py:588} INFO - Filling up the DagBag from /opt/airflow/dags/prod/airbyte_to_dbt_prod.py
[2026-08-30T14:19:33.202+0000] {processor.py:925} INFO - DAG(s) 'airbyte_to_dbt_pipeline_prod' retrieved from /opt/airflow/dags/prod/airbyte_to_dbt_prod.py
[2026-08-30T14:19:33.243+0000] {logging_mixin.py:190} INFO - [2026-08-30T14:19:33.243+0000] {dag.py:3239} INFO - Sync 1 DAGs
[2026-08-30T14:19:33.275+0000] {logging_mixin.py:190} INFO - [2026-08-30T14:19:33.274+0000] {dag.py:4180} INFO - Setting next_dagrun for airbyte_to_dbt_pipeline_prod to 2026-08-30 13:00:00+00:00, run_after=2026-08-30 14:00:00+00:00
[2026-08-30T14:19:33.298+0000] {processor.py:208} INFO - Processing /opt/airflow/dags/prod/airbyte_to_dbt_prod.py took 0.133 seconds
[2026-08-30T14:20:03.481+0000] {processor.py:186} INFO - Started process (PID=4236) to work on /opt/airflow/dags/prod/airbyte_to_dbt_prod.py
[2026-08-30T14:20:03.482+0000] {processor.py:914} INFO - Processing file /opt/airflow/dags/prod/airbyte_to_dbt_prod.py for tasks to queue
[2026-08-30T14:20:03.485+0000] {logging_mixin.py:190} INFO - [2026-08-30T14:20:03.485+0000] {dagbag.py:588} INFO - Filling up the DagBag from /opt/airflow/dags/prod/airbyte_to_dbt_prod.py
[2026-08-30T14:20:03.507+0000] {processor.py:925} INFO - DAG(s) 'airbyte_to_dbt_pipeline_prod' retrieved from /opt/airflow/dags/prod/airbyte_to_dbt_prod.py
[2026-08-30T14:20:03.563+0000] {logging_mixin.py:190} INFO - [2026-08-30T14:20:03.562+0000] {dag.py:3239} INFO - Sync 1 DAGs
[2026-08-30T14:20:03.599+0000] {logging_mixin.py:190} INFO - [2026-08-30T14:20:03.599+0000] {dag.py:4180} INFO - Setting next_dagrun for airbyte_to_dbt_pipeline_prod to 2026-08-30 13:00:00+00:00, run_after=2026-08-30 14:00:00+00:00
[2026-08-30T14:20:03.626+0000] {processor.py:208} INFO - Processing /opt/airflow/dags/prod/airbyte_to_dbt_prod.py took 0.154 seconds
[2026-08-30T14:20:33.794+0000] {processor.py:186} INFO - Started process (PID=4246) to work on /opt/airflow/dags/prod/airbyte_to_dbt_prod.py
[2026-08-30T14:20:33.795+0000] {processor.py:914} INFO - Processing file /opt/airflow/dags/prod/airbyte_to_dbt_prod.py for tasks to queue
[2026-08-30T14:20:33.798+0000] {logging_mixin.py:190} INFO - [2026-08-30T14:20:33.798+0000] {dagbag.py:588} INFO - Filling up the DagBag from /opt/airflow/dags/prod/airbyte_to_dbt_prod.py
[2026-08-30T14:20:33.818+0000] {processor.py:925} INFO - DAG(s) 'airbyte_to_dbt_pipeline_prod' retrieved from /opt/airflow/dags/prod/airbyte_to_dbt_prod.py
[2026-08-30T14:20:33.869+0000] {logging_mixin.py:190} INFO - [2026-08-30T14:20:33.869+0000] {dag.py:3239} INFO - Sync 1 DAGs
[2026-08-30T14:20:33.911+0000] {logging_mixin.py:190} INFO - [2026-08-30T14:20:33.911+0000] {dag.py:4180} INFO - Setting next_dagrun for airbyte_to_dbt_pipeline_prod to 2026-08-30 13:00:00+00:00, run_after=2026-08-30 14:00:00+00:00
[2026-08-30T14:20:33.938+0000] {processor.py:208} INFO - Processing /opt/airflow/dags/prod/airbyte_to_dbt_prod.py took 0.157 seconds
[2026-08-30T14:21:04.126+0000] {processor.py:186} INFO - Started process (PID=4256) to work on /opt/airflow/dags/prod/airbyte_to_dbt_prod.py
[2026-08-30T14:21:04.127+0000] {processor.py:914} INFO - Processing file /opt/airflow/dags/prod/airbyte_to_dbt_prod.py for tasks to queue
[2026-08-30T14:21:04.132+0000] {logging_mixin.py:190} INFO - [2026-08-30T14:21:04.131+0000] {dagbag.py:588} INFO - Filling up the DagBag from /opt/airflow/dags/prod/airbyte_to_dbt_prod.py
[2026-08-30T14:21:04.163+0000] {processor.py:925} INFO - DAG(s) 'airbyte_to_dbt_pipeline_prod' retrieved from /opt/airflow/dags/prod/airbyte_to_dbt_prod.py
[2026-08-30T14:21:04.204+0000] {logging_mixin.py:190} INFO - [2026-08-30T14:21:04.204+0000] {dag.py:3239} INFO - Sync 1 DAGs
[2026-08-30T14:21:04.241+0000] {logging_mixin.py:190} INFO - [2026-08-30T14:21:04.241+0000] {dag.py:4180} INFO - Setting next_dagrun for airbyte_to_dbt_pipeline_prod to 2026-08-30 13:00:00+00:00, run_after=2026-08-30 14:00:00+00:00
[2026-08-30T14:21:04.270+0000] {processor.py:208} INFO - Processing /opt/airflow/dags/prod/airbyte_to_dbt_prod.py took 0.153 seconds
[2026-08-30T14:21:34.439+0000] {processor.py:186} INFO - Started process (PID=4266) to work on /opt/airflow/dags/prod/airbyte_to_dbt_prod.py
[2026-08-30T14:21:34.440+0000] {processor.py:914} INFO - Processing file /opt/airflow/dags/prod/airbyte_to_dbt_prod.py for tasks to queue
[2026-08-30T14:21:34.444+0000] {logging_mixin.py:190} INFO - [2026-08-30T14:21:34.443+0000] {dagbag.py:588} INFO - Filling up the DagBag from /opt/airflow/dags/prod/airbyte_to_dbt_prod.py
[2026-08-30T14:21:34.469+0000] {processor.py:925} INFO - DAG(s) 'airbyte_to_dbt_pipeline_prod' retrieved from /opt/airflow/dags/prod/airbyte_to_dbt_prod.py
[2026-08-30T14:21:34.515+0000] {logging_mixin.py:190} INFO - [2026-08-30T14:21:34.515+0000] {dag.py:3239} INFO - Sync 1 DAGs
[2026-08-30T14:21:34.544+0000] {logging_mixin.py:190} INFO - [2026-08-30T14:21:34.544+0000] {dag.py:4180} INFO - Setting next_dagrun for airbyte_to_dbt_pipeline_prod to 2026-08-30 13:00:00+00:00, run_after=2026-08-30 14:00:00+00:00
[2026-08-30T14:21:34.567+0000] {processor.py:208} INFO - Processing /opt/airflow/dags/prod/airbyte_to_dbt_prod.py took 0.137 seconds
[2026-08-30T14:22:04.772+0000] {processor.py:186} INFO - Started process (PID=4276) to work on /opt/airflow/dags/prod/airbyte_to_dbt_prod.py
[2026-08-30T14:22:04.773+0000] {processor.py:914} INFO - Processing file /opt/airflow/dags/prod/airbyte_to_dbt_prod.py for tasks to queue
[2026-08-30T14:22:04.776+0000] {logging_mixin.py:190} INFO - [2026-08-30T14:22:04.776+0000] {dagbag.py:588} INFO - Filling up the DagBag from /opt/airflow/dags/prod/airbyte_to_dbt_prod.py
[2026-08-30T14:22:04.807+0000] {processor.py:925} INFO - DAG(s) 'airbyte_to_dbt_pipeline_prod' retrieved from /opt/airflow/dags/prod/airbyte_to_dbt_prod.py
[2026-08-30T14:22:04.857+0000] {logging_mixin.py:190} INFO - [2026-08-30T14:22:04.857+0000] {dag.py:3239} INFO - Sync 1 DAGs
[2026-08-30T14:22:04.896+0000] {logging_mixin.py:190} INFO - [2026-08-30T14:22:04.896+0000] {dag.py:4180} INFO - Setting next_dagrun for airbyte_to_dbt_pipeline_prod to 2026-08-30 13:00:00+00:00, run_after=2026-08-30 14:00:00+00:00
[2026-08-30T14:22:04.925+0000] {processor.py:208} INFO - Processing /opt/airflow/dags/prod/airbyte_to_dbt_prod.py took 0.167 seconds
[2026-08-30T14:22:35.065+0000] {processor.py:186} INFO - Started process (PID=4286) to work on /opt/airflow/dags/prod/airbyte_to_dbt_prod.py
[2026-08-30T14:22:35.067+0000] {processor.py:914} INFO - Processing file /opt/airflow/dags/prod/airbyte_to_dbt_prod.py for tasks to queue
[2026-08-30T14:22:35.072+0000] {logging_mixin.py:190} INFO - [2026-08-30T14:22:35.071+0000] {dagbag.py:588} INFO - Filling up the DagBag from /opt/airflow/dags/prod/airbyte_to_dbt_prod.py
[2026-08-30T14:22:35.103+0000] {processor.py:925} INFO - DAG(s) 'airbyte_to_dbt_pipeline_prod' retrieved from /opt/airflow/dags/prod/airbyte_to_dbt_prod.py
[2026-08-30T14:22:35.159+0000] {logging_mixin.py:190} INFO - [2026-08-30T14:22:35.158+0000] {dag.py:3239} INFO - Sync 1 DAGs
[2026-08-30T14:22:35.197+0000] {logging_mixin.py:190} INFO - [2026-08-30T14:22:35.197+0000] {dag.py:4180} INFO - Setting next_dagrun for airbyte_to_dbt_pipeline_prod to 2026-08-30 13:00:00+00:00, run_after=2026-08-30 14:00:00+00:00
[2026-08-30T14:22:35.217+0000] {processor.py:208} INFO - Processing /opt/airflow/dags/prod/airbyte_to_dbt_prod.py took 0.161 seconds
[2026-08-30T14:23:05.396+0000] {processor.py:186} INFO - Started process (PID=4296) to work on /opt/airflow/dags/prod/airbyte_to_dbt_prod.py
[2026-08-30T14:23:05.397+0000] {processor.py:914} INFO - Processing file /opt/airflow/dags/prod/airbyte_to_dbt_prod.py for tasks to queue
[2026-08-30T14:23:05.402+0000] {logging_mixin.py:190} INFO - [2026-08-30T14:23:05.402+0000] {dagbag.py:588} INFO - Filling up the DagBag from /opt/airflow/dags/prod/airbyte_to_dbt_prod.py
[2026-08-30T14:23:05.433+0000] {processor.py:925} INFO - DAG(s) 'airbyte_to_dbt_pipeline_prod' retrieved from /opt/airflow/dags/prod/airbyte_to_dbt_prod.py
[2026-08-30T14:23:05.494+0000] {logging_mixin.py:190} INFO - [2026-08-30T14:23:05.493+0000] {dag.py:3239} INFO - Sync 1 DAGs
[2026-08-30T14:23:05.535+0000] {logging_mixin.py:190} INFO - [2026-08-30T14:23:05.535+0000] {dag.py:4180} INFO - Setting next_dagrun for airbyte_to_dbt_pipeline_prod to 2026-08-30 13:00:00+00:00, run_after=2026-08-30 14:00:00+00:00
[2026-08-30T14:23:05.565+0000] {processor.py:208} INFO - Processing /opt/airflow/dags/prod/airbyte_to_dbt_prod.py took 0.181 seconds
[2026-08-30T14:23:35.736+0000] {processor.py:186} INFO - Started process (PID=4306) to work on /opt/airflow/dags/prod/airbyte_to_dbt_prod.py
[2026-08-30T14:23:35.738+0000] {processor.py:914} INFO - Processing file /opt/airflow/dags/prod/airbyte_to_dbt_prod.py for tasks to queue
[2026-08-30T14:23:35.742+0000] {logging_mixin.py:190} INFO - [2026-08-30T14:23:35.741+0000] {dagbag.py:588} INFO - Filling up the DagBag from /opt/airflow/dags/prod/airbyte_to_dbt_prod.py
[2026-08-30T14:23:35.770+0000] {processor.py:925} INFO - DAG(s) 'airbyte_to_dbt_pipeline_prod' retrieved from /opt/airflow/dags/prod/airbyte_to_dbt_prod.py
[2026-08-30T14:23:35.811+0000] {logging_mixin.py:190} INFO - [2026-08-30T14:23:35.810+0000] {dag.py:3239} INFO - Sync 1 DAGs
[2026-08-30T14:23:35.840+0000] {logging_mixin.py:190} INFO - [2026-08-30T14:23:35.840+0000] {dag.py:4180} INFO - Setting next_dagrun for airbyte_to_dbt_pipeline_prod to 2026-08-30 13:00:00+00:00, run_after=2026-08-30 14:00:00+00:00
[2026-08-30T14:23:35.862+0000] {processor.py:208} INFO - Processing /opt/airflow/dags/prod/airbyte_to_dbt_prod.py took 0.137 seconds
[2026-08-30T14:24:06.033+0000] {processor.py:186} INFO - Started process (PID=4318) to work on /opt/airflow/dags/prod/airbyte_to_dbt_prod.py
[2026-08-30T14:24:06.034+0000] {processor.py:914} INFO - Processing file /opt/airflow/dags/prod/airbyte_to_dbt_prod.py for tasks to queue
[2026-08-30T14:24:06.037+0000] {logging_mixin.py:190} INFO - [2026-08-30T14:24:06.037+0000] {dagbag.py:588} INFO - Filling up the DagBag from /opt/airflow/dags/prod/airbyte_to_dbt_prod.py
[2026-08-30T14:24:06.061+0000] {processor.py:925} INFO - DAG(s) 'airbyte_to_dbt_pipeline_prod' retrieved from /opt/airflow/dags/prod/airbyte_to_dbt_prod.py
[2026-08-30T14:24:06.122+0000] {logging_mixin.py:190} INFO - [2026-08-30T14:24:06.122+0000] {dag.py:3239} INFO - Sync 1 DAGs
[2026-08-30T14:24:06.163+0000] {logging_mixin.py:190} INFO - [2026-08-30T14:24:06.162+0000] {dag.py:4180} INFO - Setting next_dagrun for airbyte_to_dbt_pipeline_prod to 2026-08-30 13:00:00+00:00, run_after=2026-08-30 14:00:00+00:00
[2026-08-30T14:24:06.192+0000] {processor.py:208} INFO - Processing /opt/airflow/dags/prod/airbyte_to_dbt_prod.py took 0.169 seconds
[2026-08-30T14:24:36.331+0000] {processor.py:186} INFO - Started process (PID=4328) to work on /opt/airflow/dags/prod/airbyte_to_dbt_prod.py
[2026-08-30T14:24:36.332+0000] {processor.py:914} INFO - Processing file /opt/airflow/dags/prod/airbyte_to_dbt_prod.py for tasks to queue
[2026-08-30T14:24:36.335+0000] {logging_mixin.py:190} INFO - [2026-08-30T14:24:36.335+0000] {dagbag.py:588} INFO - Filling up the DagBag from /opt/airflow/dags/prod/airbyte_to_dbt_prod.py
[2026-08-30T14:24:36.366+0000] {processor.py:925} INFO - DAG(s) 'airbyte_to_dbt_pipeline_prod' retrieved from /opt/airflow/dags/prod/airbyte_to_dbt_prod.py
[2026-08-30T14:24:36.416+0000] {logging_mixin.py:190} INFO - [2026-08-30T14:24:36.415+0000] {dag.py:3239} INFO - Sync 1 DAGs
[2026-08-30T14:24:36.453+0000] {logging_mixin.py:190} INFO - [2026-08-30T14:24:36.453+0000] {dag.py:4180} INFO - Setting next_dagrun for airbyte_to_dbt_pipeline_prod to 2026-08-30 13:00:00+00:00, run_after=2026-08-30 14:00:00+00:00
[2026-08-30T14:24:36.476+0000] {processor.py:208} INFO - Processing /opt/airflow/dags/prod/airbyte_to_dbt_prod.py took 0.153 seconds
[2026-08-30T14:25:06.636+0000] {processor.py:186} INFO - Started process (PID=4338) to work on /opt/airflow/dags/prod/airbyte_to_dbt_prod.py
[2026-08-30T14:25:06.638+0000] {processor.py:914} INFO - Processing file /opt/airflow/dags/prod/airbyte_to_dbt_prod.py for tasks to queue
[2026-08-30T14:25:06.643+0000] {logging_mixin.py:190} INFO - [2026-08-30T14:25:06.643+0000] {dagbag.py:588} INFO - Filling up the DagBag from /opt/airflow/dags/prod/airbyte_to_dbt_prod.py
[2026-08-30T14:25:06.666+0000] {processor.py:925} INFO - DAG(s) 'airbyte_to_dbt_pipeline_prod' retrieved from /opt/airflow/dags/prod/airbyte_to_dbt_prod.py
[2026-08-30T14:25:06.711+0000] {logging_mixin.py:190} INFO - [2026-08-30T14:25:06.711+0000] {dag.py:3239} INFO - Sync 1 DAGs
[2026-08-30T14:25:06.741+0000] {logging_mixin.py:190} INFO - [2026-08-30T14:25:06.741+0000] {dag.py:4180} INFO - Setting next_dagrun for airbyte_to_dbt_pipeline_prod to 2026-08-30 13:00:00+00:00, run_after=2026-08-30 14:00:00+00:00
[2026-08-30T14:25:06.765+0000] {processor.py:208} INFO - Processing /opt/airflow/dags/prod/airbyte_to_dbt_prod.py took 0.142 seconds
[2026-08-30T14:25:36.913+0000] {processor.py:186} INFO - Started process (PID=4348) to work on /opt/airflow/dags/prod/airbyte_to_dbt_prod.py
[2026-08-30T14:25:36.914+0000] {processor.py:914} INFO - Processing file /opt/airflow/dags/prod/airbyte_to_dbt_prod.py for tasks to queue
[2026-08-30T14:25:36.917+0000] {logging_mixin.py:190} INFO - [2026-08-30T14:25:36.917+0000] {dagbag.py:588} INFO - Filling up the DagBag from /opt/airflow/dags/prod/airbyte_to_dbt_prod.py
[2026-08-30T14:25:36.939+0000] {processor.py:925} INFO - DAG(s) 'airbyte_to_dbt_pipeline_prod' retrieved from /opt/airflow/dags/prod/airbyte_to_dbt_prod.py
[2026-08-30T14:25:36.981+0000] {logging_mixin.py:190} INFO - [2026-08-30T14:25:36.981+0000] {dag.py:3239} INFO - Sync 1 DAGs
[2026-08-30T14:25:37.012+0000] {logging_mixin.py:190} INFO - [2026-08-30T14:25:37.012+0000] {dag.py:4180} INFO - Setting next_dagrun for airbyte_to_dbt_pipeline_prod to 2026-08-30 13:00:00+00:00, run_after=2026-08-30 14:00:00+00:00
[2026-08-30T14:25:37.037+0000] {processor.py:208} INFO - Processing /opt/airflow/dags/prod/airbyte_to_dbt_prod.py took 0.133 seconds
[2026-08-30T14:26:07.203+0000] {processor.py:186} INFO - Started process (PID=4356) to work on /opt/airflow/dags/prod/airbyte_to_dbt_prod.py
[2026-08-30T14:26:07.204+0000] {processor.py:914} INFO - Processing file /opt/airflow/dags/prod/airbyte_to_dbt_prod.py for tasks to queue
[2026-08-30T14:26:07.211+0000] {logging_mixin.py:190} INFO - [2026-08-30T14:26:07.211+0000] {dagbag.py:588} INFO - Filling up the DagBag from /opt/airflow/dags/prod/airbyte_to_dbt_prod.py
[2026-08-30T14:26:07.239+0000] {processor.py:925} INFO - DAG(s) 'airbyte_to_dbt_pipeline_prod' retrieved from /opt/airflow/dags/prod/airbyte_to_dbt_prod.py
[2026-08-30T14:26:07.292+0000] {logging_mixin.py:190} INFO - [2026-08-30T14:26:07.292+0000] {dag.py:3239} INFO - Sync 1 DAGs
[2026-08-30T14:26:07.322+0000] {logging_mixin.py:190} INFO - [2026-08-30T14:26:07.322+0000] {dag.py:4180} INFO - Setting next_dagrun for airbyte_to_dbt_pipeline_prod to 2026-08-30 13:00:00+00:00, run_after=2026-08-30 14:00:00+00:00
[2026-08-30T14:26:07.344+0000] {processor.py:208} INFO - Processing /opt/airflow/dags/prod/airbyte_to_dbt_prod.py took 0.153 seconds
[2026-08-30T14:26:37.400+0000] {processor.py:186} INFO - Started process (PID=4366) to work on /opt/airflow/dags/prod/airbyte_to_dbt_prod.py
[2026-08-30T14:26:37.431+0000] {processor.py:914} INFO - Processing file /opt/airflow/dags/prod/airbyte_to_dbt_prod.py for tasks to queue
[2026-08-30T14:26:37.436+0000] {logging_mixin.py:190} INFO - [2026-08-30T14:26:37.435+0000] {dagbag.py:588} INFO - Filling up the DagBag from /opt/airflow/dags/prod/airbyte_to_dbt_prod.py
[2026-08-30T14:26:37.467+0000] {processor.py:925} INFO - DAG(s) 'airbyte_to_dbt_pipeline_prod' retrieved from /opt/airflow/dags/prod/airbyte_to_dbt_prod.py
[2026-08-30T14:26:37.514+0000] {logging_mixin.py:190} INFO - [2026-08-30T14:26:37.513+0000] {dag.py:3239} INFO - Sync 1 DAGs
[2026-08-30T14:26:37.546+0000] {logging_mixin.py:190} INFO - [2026-08-30T14:26:37.546+0000] {dag.py:4180} INFO - Setting next_dagrun for airbyte_to_dbt_pipeline_prod to 2026-08-30 13:00:00+00:00, run_after=2026-08-30 14:00:00+00:00
[2026-08-30T14:26:37.734+0000] {processor.py:208} INFO - Processing /opt/airflow/dags/prod/airbyte_to_dbt_prod.py took 0.344 seconds
[2026-08-30T14:27:07.908+0000] {processor.py:186} INFO - Started process (PID=4376) to work on /opt/airflow/dags/prod/airbyte_to_dbt_prod.py
[2026-08-30T14:27:07.909+0000] {processor.py:914} INFO - Processing file /opt/airflow/dags/prod/airbyte_to_dbt_prod.py for tasks to queue
[2026-08-30T14:27:07.914+0000] {logging_mixin.py:190} INFO - [2026-08-30T14:27:07.913+0000] {dagbag.py:588} INFO - Filling up the DagBag from /opt/airflow/dags/prod/airbyte_to_dbt_prod.py
[2026-08-30T14:27:07.940+0000] {processor.py:925} INFO - DAG(s) 'airbyte_to_dbt_pipeline_prod' retrieved from /opt/airflow/dags/prod/airbyte_to_dbt_prod.py
[2026-08-30T14:27:07.995+0000] {logging_mixin.py:190} INFO - [2026-08-30T14:27:07.995+0000] {dag.py:3239} INFO - Sync 1 DAGs
[2026-08-30T14:27:08.031+0000] {logging_mixin.py:190} INFO - [2026-08-30T14:27:08.031+0000] {dag.py:4180} INFO - Setting next_dagrun for airbyte_to_dbt_pipeline_prod to 2026-08-30 13:00:00+00:00, run_after=2026-08-30 14:00:00+00:00
[2026-08-30T14:27:08.058+0000] {processor.py:208} INFO - Processing /opt/airflow/dags/prod/airbyte_to_dbt_prod.py took 0.161 seconds
[2026-08-30T14:27:38.223+0000] {processor.py:186} INFO - Started process (PID=4386) to work on /opt/airflow/dags/prod/airbyte_to_dbt_prod.py
[2026-08-30T14:27:38.225+0000] {processor.py:914} INFO - Processing file /opt/airflow/dags/prod/airbyte_to_dbt_prod.py for tasks to queue
[2026-08-30T14:27:38.228+0000] {logging_mixin.py:190} INFO - [2026-08-30T14:27:38.228+0000] {dagbag.py:588} INFO - Filling up the DagBag from /opt/airflow/dags/prod/airbyte_to_dbt_prod.py
[2026-08-30T14:27:38.250+0000] {processor.py:925} INFO - DAG(s) 'airbyte_to_dbt_pipeline_prod' retrieved from /opt/airflow/dags/prod/airbyte_to_dbt_prod.py
[2026-08-30T14:27:38.308+0000] {logging_mixin.py:190} INFO - [2026-08-30T14:27:38.307+0000] {dag.py:3239} INFO - Sync 1 DAGs
[2026-08-30T14:27:38.344+0000] {logging_mixin.py:190} INFO - [2026-08-30T14:27:38.344+0000] {dag.py:4180} INFO - Setting next_dagrun for airbyte_to_dbt_pipeline_prod to 2026-08-30 13:00:00+00:00, run_after=2026-08-30 14:00:00+00:00
[2026-08-30T14:27:38.372+0000] {processor.py:208} INFO - Processing /opt/airflow/dags/prod/airbyte_to_dbt_prod.py took 0.157 seconds
[2026-08-30T14:28:08.550+0000] {processor.py:186} INFO - Started process (PID=4396) to work on /opt/airflow/dags/prod/airbyte_to_dbt_prod.py
[2026-08-30T14:28:08.551+0000] {processor.py:914} INFO - Processing file /opt/airflow/dags/prod/airbyte_to_dbt_prod.py for tasks to queue
[2026-08-30T14:28:08.556+0000] {logging_mixin.py:190} INFO - [2026-08-30T14:28:08.555+0000] {dagbag.py:588} INFO - Filling up the DagBag from /opt/airflow/dags/prod/airbyte_to_dbt_prod.py
[2026-08-30T14:28:08.582+0000] {processor.py:925} INFO - DAG(s) 'airbyte_to_dbt_pipeline_prod' retrieved from /opt/airflow/dags/prod/airbyte_to_dbt_prod.py
[2026-08-30T14:28:08.639+0000] {logging_mixin.py:190} INFO - [2026-08-30T14:28:08.638+0000] {dag.py:3239} INFO - Sync 1 DAGs
[2026-08-30T14:28:08.680+0000] {logging_mixin.py:190} INFO - [2026-08-30T14:28:08.680+0000] {dag.py:4180} INFO - Setting next_dagrun for airbyte_to_dbt_pipeline_prod to 2026-08-30 13:00:00+00:00, run_after=2026-08-30 14:00:00+00:00
[2026-08-30T14:28:08.702+0000] {processor.py:208} INFO - Processing /opt/airflow/dags/prod/airbyte_to_dbt_prod.py took 0.164 seconds
[2026-08-30T14:28:38.867+0000] {processor.py:186} INFO - Started process (PID=4406) to work on /opt/airflow/dags/prod/airbyte_to_dbt_prod.py
[2026-08-30T14:28:38.869+0000] {processor.py:914} INFO - Processing file /opt/airflow/dags/prod/airbyte_to_dbt_prod.py for tasks to queue
[2026-08-30T14:28:38.873+0000] {logging_mixin.py:190} INFO - [2026-08-30T14:28:38.873+0000] {dagbag.py:588} INFO - Filling up the DagBag from /opt/airflow/dags/prod/airbyte_to_dbt_prod.py
[2026-08-30T14:28:38.905+0000] {processor.py:925} INFO - DAG(s) 'airbyte_to_dbt_pipeline_prod' retrieved from /opt/airflow/dags/prod/airbyte_to_dbt_prod.py
[2026-08-30T14:28:38.951+0000] {logging_mixin.py:190} INFO - [2026-08-30T14:28:38.951+0000] {dag.py:3239} INFO - Sync 1 DAGs
[2026-08-30T14:28:38.981+0000] {logging_mixin.py:190} INFO - [2026-08-30T14:28:38.980+0000] {dag.py:4180} INFO - Setting next_dagrun for airbyte_to_dbt_pipeline_prod to 2026-08-30 13:00:00+00:00, run_after=2026-08-30 14:00:00+00:00
[2026-08-30T14:28:39.007+0000] {processor.py:208} INFO - Processing /opt/airflow/dags/prod/airbyte_to_dbt_prod.py took 0.150 seconds
[2026-08-30T14:29:09.178+0000] {processor.py:186} INFO - Started process (PID=4416) to work on /opt/airflow/dags/prod/airbyte_to_dbt_prod.py
[2026-08-30T14:29:09.178+0000] {processor.py:914} INFO - Processing file /opt/airflow/dags/prod/airbyte_to_dbt_prod.py for tasks to queue
[2026-08-30T14:29:09.181+0000] {logging_mixin.py:190} INFO - [2026-08-30T14:29:09.181+0000] {dagbag.py:588} INFO - Filling up the DagBag from /opt/airflow/dags/prod/airbyte_to_dbt_prod.py
[2026-08-30T14:29:09.212+0000] {processor.py:925} INFO - DAG(s) 'airbyte_to_dbt_pipeline_prod' retrieved from /opt/airflow/dags/prod/airbyte_to_dbt_prod.py
[2026-08-30T14:29:09.252+0000] {logging_mixin.py:190} INFO - [2026-08-30T14:29:09.252+0000] {dag.py:3239} INFO - Sync 1 DAGs
[2026-08-30T14:29:09.282+0000] {logging_mixin.py:190} INFO - [2026-08-30T14:29:09.282+0000] {dag.py:4180} INFO - Setting next_dagrun for airbyte_to_dbt_pipeline_prod to 2026-08-30 13:00:00+00:00, run_after=2026-08-30 14:00:00+00:00
[2026-08-30T14:29:09.307+0000] {processor.py:208} INFO - Processing /opt/airflow/dags/prod/airbyte_to_dbt_prod.py took 0.137 seconds
[2026-08-30T14:29:39.477+0000] {processor.py:186} INFO - Started process (PID=4426) to work on /opt/airflow/dags/prod/airbyte_to_dbt_prod.py
[2026-08-30T14:29:39.478+0000] {processor.py:914} INFO - Processing file /opt/airflow/dags/prod/airbyte_to_dbt_prod.py for tasks to queue
[2026-08-30T14:29:39.483+0000] {logging_mixin.py:190} INFO - [2026-08-30T14:29:39.482+0000] {dagbag.py:588} INFO - Filling up the DagBag from /opt/airflow/dags/prod/airbyte_to_dbt_prod.py
[2026-08-30T14:29:39.510+0000] {processor.py:925} INFO - DAG(s) 'airbyte_to_dbt_pipeline_prod' retrieved from /opt/airflow/dags/prod/airbyte_to_dbt_prod.py
[2026-08-30T14:29:39.550+0000] {logging_mixin.py:190} INFO - [2026-08-30T14:29:39.549+0000] {dag.py:3239} INFO - Sync 1 DAGs
[2026-08-30T14:29:39.579+0000] {logging_mixin.py:190} INFO - [2026-08-30T14:29:39.578+0000] {dag.py:4180} INFO - Setting next_dagrun for airbyte_to_dbt_pipeline_prod to 2026-08-30 13:00:00+00:00, run_after=2026-08-30 14:00:00+00:00
[2026-08-30T14:29:39.608+0000] {processor.py:208} INFO - Processing /opt/airflow/dags/prod/airbyte_to_dbt_prod.py took 0.145 seconds
[2026-08-30T14:30:09.780+0000] {processor.py:186} INFO - Started process (PID=4436) to work on /opt/airflow/dags/prod/airbyte_to_dbt_prod.py
[2026-08-30T14:30:09.781+0000] {processor.py:914} INFO - Processing file /opt/airflow/dags/prod/airbyte_to_dbt_prod.py for tasks to queue
[2026-08-30T14:30:09.785+0000] {logging_mixin.py:190} INFO - [2026-08-30T14:30:09.784+0000] {dagbag.py:588} INFO - Filling up the DagBag from /opt/airflow/dags/prod/airbyte_to_dbt_prod.py
[2026-08-30T14:30:09.817+0000] {processor.py:925} INFO - DAG(s) 'airbyte_to_dbt_pipeline_prod' retrieved from /opt/airflow/dags/prod/airbyte_to_dbt_prod.py
[2026-08-30T14:30:09.877+0000] {logging_mixin.py:190} INFO - [2026-08-30T14:30:09.876+0000] {dag.py:3239} INFO - Sync 1 DAGs
[2026-08-30T14:30:09.928+0000] {logging_mixin.py:190} INFO - [2026-08-30T14:30:09.928+0000] {dag.py:4180} INFO - Setting next_dagrun for airbyte_to_dbt_pipeline_prod to 2026-08-30 13:00:00+00:00, run_after=2026-08-30 14:00:00+00:00
[2026-08-30T14:30:09.955+0000] {processor.py:208} INFO - Processing /opt/airflow/dags/prod/airbyte_to_dbt_prod.py took 0.183 seconds
[2026-08-30T14:30:40.077+0000] {processor.py:186} INFO - Started process (PID=4446) to work on /opt/airflow/dags/prod/airbyte_to_dbt_prod.py
[2026-08-30T14:30:40.079+0000] {processor.py:914} INFO - Processing file /opt/airflow/dags/prod/airbyte_to_dbt_prod.py for tasks to queue
[2026-08-30T14:30:40.082+0000] {logging_mixin.py:190} INFO - [2026-08-30T14:30:40.081+0000] {dagbag.py:588} INFO - Filling up the DagBag from /opt/airflow/dags/prod/airbyte_to_dbt_prod.py
[2026-08-30T14:30:40.109+0000] {processor.py:925} INFO - DAG(s) 'airbyte_to_dbt_pipeline_prod' retrieved from /opt/airflow/dags/prod/airbyte_to_dbt_prod.py
[2026-08-30T14:30:40.161+0000] {logging_mixin.py:190} INFO - [2026-08-30T14:30:40.161+0000] {dag.py:3239} INFO - Sync 1 DAGs
[2026-08-30T14:30:40.205+0000] {logging_mixin.py:190} INFO - [2026-08-30T14:30:40.205+0000] {dag.py:4180} INFO - Setting next_dagrun for airbyte_to_dbt_pipeline_prod to 2026-08-30 13:00:00+00:00, run_after=2026-08-30 14:00:00+00:00
[2026-08-30T14:30:40.229+0000] {processor.py:208} INFO - Processing /opt/airflow/dags/prod/airbyte_to_dbt_prod.py took 0.160 seconds
[2026-08-30T14:31:10.403+0000] {processor.py:186} INFO - Started process (PID=4455) to work on /opt/airflow/dags/prod/airbyte_to_dbt_prod.py
[2026-08-30T14:31:10.405+0000] {processor.py:914} INFO - Processing file /opt/airflow/dags/prod/airbyte_to_dbt_prod.py for tasks to queue
[2026-08-30T14:31:10.426+0000] {logging_mixin.py:190} INFO - [2026-08-30T14:31:10.425+0000] {dagbag.py:588} INFO - Filling up the DagBag from /opt/airflow/dags/prod/airbyte_to_dbt_prod.py
[2026-08-30T14:31:10.458+0000] {processor.py:925} INFO - DAG(s) 'airbyte_to_dbt_pipeline_prod' retrieved from /opt/airflow/dags/prod/airbyte_to_dbt_prod.py
[2026-08-30T14:31:10.532+0000] {logging_mixin.py:190} INFO - [2026-08-30T14:31:10.532+0000] {dag.py:3239} INFO - Sync 1 DAGs
[2026-08-30T14:31:10.616+0000] {logging_mixin.py:190} INFO - [2026-08-30T14:31:10.616+0000] {dag.py:4180} INFO - Setting next_dagrun for airbyte_to_dbt_pipeline_prod to 2026-08-30 13:00:00+00:00, run_after=2026-08-30 14:00:00+00:00
[2026-08-30T14:31:10.647+0000] {processor.py:208} INFO - Processing /opt/airflow/dags/prod/airbyte_to_dbt_prod.py took 0.277 seconds
[2026-08-30T14:31:40.827+0000] {processor.py:186} INFO - Started process (PID=4466) to work on /opt/airflow/dags/prod/airbyte_to_dbt_prod.py
[2026-08-30T14:31:40.828+0000] {processor.py:914} INFO - Processing file /opt/airflow/dags/prod/airbyte_to_dbt_prod.py for tasks to queue
[2026-08-30T14:31:40.832+0000] {logging_mixin.py:190} INFO - [2026-08-30T14:31:40.832+0000] {dagbag.py:588} INFO - Filling up the DagBag from /opt/airflow/dags/prod/airbyte_to_dbt_prod.py
[2026-08-30T14:31:40.859+0000] {processor.py:925} INFO - DAG(s) 'airbyte_to_dbt_pipeline_prod' retrieved from /opt/airflow/dags/prod/airbyte_to_dbt_prod.py
[2026-08-30T14:31:40.910+0000] {logging_mixin.py:190} INFO - [2026-08-30T14:31:40.910+0000] {dag.py:3239} INFO - Sync 1 DAGs
[2026-08-30T14:31:40.950+0000] {logging_mixin.py:190} INFO - [2026-08-30T14:31:40.950+0000] {dag.py:4180} INFO - Setting next_dagrun for airbyte_to_dbt_pipeline_prod to 2026-08-30 13:00:00+00:00, run_after=2026-08-30 14:00:00+00:00
[2026-08-30T14:31:40.976+0000] {processor.py:208} INFO - Processing /opt/airflow/dags/prod/airbyte_to_dbt_prod.py took 0.161 seconds
[2026-08-30T14:32:11.126+0000] {processor.py:186} INFO - Started process (PID=4476) to work on /opt/airflow/dags/prod/airbyte_to_dbt_prod.py
[2026-08-30T14:32:11.127+0000] {processor.py:914} INFO - Processing file /opt/airflow/dags/prod/airbyte_to_dbt_prod.py for tasks to queue
[2026-08-30T14:32:11.130+0000] {logging_mixin.py:190} INFO - [2026-08-30T14:32:11.129+0000] {dagbag.py:588} INFO - Filling up the DagBag from /opt/airflow/dags/prod/airbyte_to_dbt_prod.py
[2026-08-30T14:32:11.152+0000] {processor.py:925} INFO - DAG(s) 'airbyte_to_dbt_pipeline_prod' retrieved from /opt/airflow/dags/prod/airbyte_to_dbt_prod.py
[2026-08-30T14:32:11.206+0000] {logging_mixin.py:190} INFO - [2026-08-30T14:32:11.205+0000] {dag.py:3239} INFO - Sync 1 DAGs
[2026-08-30T14:32:11.237+0000] {logging_mixin.py:190} INFO - [2026-08-30T14:32:11.237+0000] {dag.py:4180} INFO - Setting next_dagrun for airbyte_to_dbt_pipeline_prod to 2026-08-30 13:00:00+00:00, run_after=2026-08-30 14:00:00+00:00
[2026-08-30T14:32:11.261+0000] {processor.py:208} INFO - Processing /opt/airflow/dags/prod/airbyte_to_dbt_prod.py took 0.143 seconds
[2026-08-30T14:32:41.463+0000] {processor.py:186} INFO - Started process (PID=4486) to work on /opt/airflow/dags/prod/airbyte_to_dbt_prod.py
[2026-08-30T14:32:41.465+0000] {processor.py:914} INFO - Processing file /opt/airflow/dags/prod/airbyte_to_dbt_prod.py for tasks to queue
[2026-08-30T14:32:41.469+0000] {logging_mixin.py:190} INFO - [2026-08-30T14:32:41.469+0000] {dagbag.py:588} INFO - Filling up the DagBag from /opt/airflow/dags/prod/airbyte_to_dbt_prod.py
[2026-08-30T14:32:41.498+0000] {processor.py:925} INFO - DAG(s) 'airbyte_to_dbt_pipeline_prod' retrieved from /opt/airflow/dags/prod/airbyte_to_dbt_prod.py
[2026-08-30T14:32:41.556+0000] {logging_mixin.py:190} INFO - [2026-08-30T14:32:41.555+0000] {dag.py:3239} INFO - Sync 1 DAGs
[2026-08-30T14:32:41.596+0000] {logging_mixin.py:190} INFO - [2026-08-30T14:32:41.596+0000] {dag.py:4180} INFO - Setting next_dagrun for airbyte_to_dbt_pipeline_prod to 2026-08-30 13:00:00+00:00, run_after=2026-08-30 14:00:00+00:00
[2026-08-30T14:32:41.617+0000] {processor.py:208} INFO - Processing /opt/airflow/dags/prod/airbyte_to_dbt_prod.py took 0.165 seconds
[2026-08-30T14:33:11.760+0000] {processor.py:186} INFO - Started process (PID=4496) to work on /opt/airflow/dags/prod/airbyte_to_dbt_prod.py
[2026-08-30T14:33:11.761+0000] {processor.py:914} INFO - Processing file /opt/airflow/dags/prod/airbyte_to_dbt_prod.py for tasks to queue
[2026-08-30T14:33:11.764+0000] {logging_mixin.py:190} INFO - [2026-08-30T14:33:11.764+0000] {dagbag.py:588} INFO - Filling up the DagBag from /opt/airflow/dags/prod/airbyte_to_dbt_prod.py
[2026-08-30T14:33:11.788+0000] {processor.py:925} INFO - DAG(s) 'airbyte_to_dbt_pipeline_prod' retrieved from /opt/airflow/dags/prod/airbyte_to_dbt_prod.py
[2026-08-30T14:33:11.842+0000] {logging_mixin.py:190} INFO - [2026-08-30T14:33:11.842+0000] {dag.py:3239} INFO - Sync 1 DAGs
[2026-08-30T14:33:11.875+0000] {logging_mixin.py:190} INFO - [2026-08-30T14:33:11.874+0000] {dag.py:4180} INFO - Setting next_dagrun for airbyte_to_dbt_pipeline_prod to 2026-08-30 13:00:00+00:00, run_after=2026-08-30 14:00:00+00:00
[2026-08-30T14:33:11.902+0000] {processor.py:208} INFO - Processing /opt/airflow/dags/prod/airbyte_to_dbt_prod.py took 0.152 seconds
[2026-08-30T14:33:42.114+0000] {processor.py:186} INFO - Started process (PID=4506) to work on /opt/airflow/dags/prod/airbyte_to_dbt_prod.py
[2026-08-30T14:33:42.115+0000] {processor.py:914} INFO - Processing file /opt/airflow/dags/prod/airbyte_to_dbt_prod.py for tasks to queue
[2026-08-30T14:33:42.119+0000] {logging_mixin.py:190} INFO - [2026-08-30T14:33:42.119+0000] {dagbag.py:588} INFO - Filling up the DagBag from /opt/airflow/dags/prod/airbyte_to_dbt_prod.py
[2026-08-30T14:33:42.147+0000] {processor.py:925} INFO - DAG(s) 'airbyte_to_dbt_pipeline_prod' retrieved from /opt/airflow/dags/prod/airbyte_to_dbt_prod.py
[2026-08-30T14:33:42.187+0000] {logging_mixin.py:190} INFO - [2026-08-30T14:33:42.187+0000] {dag.py:3239} INFO - Sync 1 DAGs
[2026-08-30T14:33:42.223+0000] {logging_mixin.py:190} INFO - [2026-08-30T14:33:42.223+0000] {dag.py:4180} INFO - Setting next_dagrun for airbyte_to_dbt_pipeline_prod to 2026-08-30 13:00:00+00:00, run_after=2026-08-30 14:00:00+00:00
[2026-08-30T14:33:42.245+0000] {processor.py:208} INFO - Processing /opt/airflow/dags/prod/airbyte_to_dbt_prod.py took 0.142 seconds
[2026-08-30T14:34:12.433+0000] {processor.py:186} INFO - Started process (PID=4516) to work on /opt/airflow/dags/prod/airbyte_to_dbt_prod.py
[2026-08-30T14:34:12.434+0000] {processor.py:914} INFO - Processing file /opt/airflow/dags/prod/airbyte_to_dbt_prod.py for tasks to queue
[2026-08-30T14:34:12.439+0000] {logging_mixin.py:190} INFO - [2026-08-30T14:34:12.438+0000] {dagbag.py:588} INFO - Filling up the DagBag from /opt/airflow/dags/prod/airbyte_to_dbt_prod.py
[2026-08-30T14:34:12.471+0000] {processor.py:925} INFO - DAG(s) 'airbyte_to_dbt_pipeline_prod' retrieved from /opt/airflow/dags/prod/airbyte_to_dbt_prod.py
[2026-08-30T14:34:12.524+0000] {logging_mixin.py:190} INFO - [2026-08-30T14:34:12.524+0000] {dag.py:3239} INFO - Sync 1 DAGs
[2026-08-30T14:34:12.568+0000] {logging_mixin.py:190} INFO - [2026-08-30T14:34:12.568+0000] {dag.py:4180} INFO - Setting next_dagrun for airbyte_to_dbt_pipeline_prod to 2026-08-30 13:00:00+00:00, run_after=2026-08-30 14:00:00+00:00
[2026-08-30T14:34:12.599+0000] {processor.py:208} INFO - Processing /opt/airflow/dags/prod/airbyte_to_dbt_prod.py took 0.180 seconds
[2026-08-30T14:34:42.871+0000] {processor.py:186} INFO - Started process (PID=4524) to work on /opt/airflow/dags/prod/airbyte_to_dbt_prod.py
[2026-08-30T14:34:42.878+0000] {processor.py:914} INFO - Processing file /opt/airflow/dags/prod/airbyte_to_dbt_prod.py for tasks to queue
[2026-08-30T14:34:42.900+0000] {logging_mixin.py:190} INFO - [2026-08-30T14:34:42.892+0000] {dagbag.py:588} INFO - Filling up the DagBag from /opt/airflow/dags/prod/airbyte_to_dbt_prod.py
[2026-08-30T14:34:43.016+0000] {processor.py:925} INFO - DAG(s) 'airbyte_to_dbt_pipeline_prod' retrieved from /opt/airflow/dags/prod/airbyte_to_dbt_prod.py
[2026-08-30T14:34:43.273+0000] {logging_mixin.py:190} INFO - [2026-08-30T14:34:43.273+0000] {dag.py:3239} INFO - Sync 1 DAGs
[2026-08-30T14:34:43.506+0000] {logging_mixin.py:190} INFO - [2026-08-30T14:34:43.505+0000] {dag.py:4180} INFO - Setting next_dagrun for airbyte_to_dbt_pipeline_prod to 2026-08-30 13:00:00+00:00, run_after=2026-08-30 14:00:00+00:00
[2026-08-30T14:34:43.538+0000] {processor.py:208} INFO - Processing /opt/airflow/dags/prod/airbyte_to_dbt_prod.py took 0.706 seconds
[2026-08-30T14:35:13.718+0000] {processor.py:186} INFO - Started process (PID=4536) to work on /opt/airflow/dags/prod/airbyte_to_dbt_prod.py
[2026-08-30T14:35:13.719+0000] {processor.py:914} INFO - Processing file /opt/airflow/dags/prod/airbyte_to_dbt_prod.py for tasks to queue
[2026-08-30T14:35:13.723+0000] {logging_mixin.py:190} INFO - [2026-08-30T14:35:13.722+0000] {dagbag.py:588} INFO - Filling up the DagBag from /opt/airflow/dags/prod/airbyte_to_dbt_prod.py
[2026-08-30T14:35:13.756+0000] {processor.py:925} INFO - DAG(s) 'airbyte_to_dbt_pipeline_prod' retrieved from /opt/airflow/dags/prod/airbyte_to_dbt_prod.py
[2026-08-30T14:35:13.813+0000] {logging_mixin.py:190} INFO - [2026-08-30T14:35:13.812+0000] {dag.py:3239} INFO - Sync 1 DAGs
[2026-08-30T14:35:13.856+0000] {logging_mixin.py:190} INFO - [2026-08-30T14:35:13.856+0000] {dag.py:4180} INFO - Setting next_dagrun for airbyte_to_dbt_pipeline_prod to 2026-08-30 13:00:00+00:00, run_after=2026-08-30 14:00:00+00:00
[2026-08-30T14:35:13.878+0000] {processor.py:208} INFO - Processing /opt/airflow/dags/prod/airbyte_to_dbt_prod.py took 0.172 seconds
[2026-08-30T14:35:44.034+0000] {processor.py:186} INFO - Started process (PID=4546) to work on /opt/airflow/dags/prod/airbyte_to_dbt_prod.py
[2026-08-30T14:35:44.035+0000] {processor.py:914} INFO - Processing file /opt/airflow/dags/prod/airbyte_to_dbt_prod.py for tasks to queue
[2026-08-30T14:35:44.040+0000] {logging_mixin.py:190} INFO - [2026-08-30T14:35:44.040+0000] {dagbag.py:588} INFO - Filling up the DagBag from /opt/airflow/dags/prod/airbyte_to_dbt_prod.py
[2026-08-30T14:35:44.071+0000] {processor.py:925} INFO - DAG(s) 'airbyte_to_dbt_pipeline_prod' retrieved from /opt/airflow/dags/prod/airbyte_to_dbt_prod.py
[2026-08-30T14:35:44.135+0000] {logging_mixin.py:190} INFO - [2026-08-30T14:35:44.134+0000] {dag.py:3239} INFO - Sync 1 DAGs
[2026-08-30T14:35:44.171+0000] {logging_mixin.py:190} INFO - [2026-08-30T14:35:44.171+0000] {dag.py:4180} INFO - Setting next_dagrun for airbyte_to_dbt_pipeline_prod to 2026-08-30 13:00:00+00:00, run_after=2026-08-30 14:00:00+00:00
[2026-08-30T14:35:44.193+0000] {processor.py:208} INFO - Processing /opt/airflow/dags/prod/airbyte_to_dbt_prod.py took 0.172 seconds
[2026-08-30T14:36:14.342+0000] {processor.py:186} INFO - Started process (PID=4556) to work on /opt/airflow/dags/prod/airbyte_to_dbt_prod.py
[2026-08-30T14:36:14.344+0000] {processor.py:914} INFO - Processing file /opt/airflow/dags/prod/airbyte_to_dbt_prod.py for tasks to queue
[2026-08-30T14:36:14.348+0000] {logging_mixin.py:190} INFO - [2026-08-30T14:36:14.348+0000] {dagbag.py:588} INFO - Filling up the DagBag from /opt/airflow/dags/prod/airbyte_to_dbt_prod.py
[2026-08-30T14:36:14.381+0000] {processor.py:925} INFO - DAG(s) 'airbyte_to_dbt_pipeline_prod' retrieved from /opt/airflow/dags/prod/airbyte_to_dbt_prod.py
[2026-08-30T14:36:14.442+0000] {logging_mixin.py:190} INFO - [2026-08-30T14:36:14.442+0000] {dag.py:3239} INFO - Sync 1 DAGs
[2026-08-30T14:36:14.483+0000] {logging_mixin.py:190} INFO - [2026-08-30T14:36:14.482+0000] {dag.py:4180} INFO - Setting next_dagrun for airbyte_to_dbt_pipeline_prod to 2026-08-30 13:00:00+00:00, run_after=2026-08-30 14:00:00+00:00
[2026-08-30T14:36:14.508+0000] {processor.py:208} INFO - Processing /opt/airflow/dags/prod/airbyte_to_dbt_prod.py took 0.178 seconds
[2026-08-30T14:36:44.664+0000] {processor.py:186} INFO - Started process (PID=4566) to work on /opt/airflow/dags/prod/airbyte_to_dbt_prod.py
[2026-08-30T14:36:44.666+0000] {processor.py:914} INFO - Processing file /opt/airflow/dags/prod/airbyte_to_dbt_prod.py for tasks to queue
[2026-08-30T14:36:44.670+0000] {logging_mixin.py:190} INFO - [2026-08-30T14:36:44.670+0000] {dagbag.py:588} INFO - Filling up the DagBag from /opt/airflow/dags/prod/airbyte_to_dbt_prod.py
[2026-08-30T14:36:44.698+0000] {processor.py:925} INFO - DAG(s) 'airbyte_to_dbt_pipeline_prod' retrieved from /opt/airflow/dags/prod/airbyte_to_dbt_prod.py
[2026-08-30T14:36:44.749+0000] {logging_mixin.py:190} INFO - [2026-08-30T14:36:44.749+0000] {dag.py:3239} INFO - Sync 1 DAGs
[2026-08-30T14:36:44.785+0000] {logging_mixin.py:190} INFO - [2026-08-30T14:36:44.785+0000] {dag.py:4180} INFO - Setting next_dagrun for airbyte_to_dbt_pipeline_prod to 2026-08-30 13:00:00+00:00, run_after=2026-08-30 14:00:00+00:00
[2026-08-30T14:36:44.810+0000] {processor.py:208} INFO - Processing /opt/airflow/dags/prod/airbyte_to_dbt_prod.py took 0.157 seconds
[2026-08-30T14:37:15.010+0000] {processor.py:186} INFO - Started process (PID=4576) to work on /opt/airflow/dags/prod/airbyte_to_dbt_prod.py
[2026-08-30T14:37:15.012+0000] {processor.py:914} INFO - Processing file /opt/airflow/dags/prod/airbyte_to_dbt_prod.py for tasks to queue
[2026-08-30T14:37:15.020+0000] {logging_mixin.py:190} INFO - [2026-08-30T14:37:15.020+0000] {dagbag.py:588} INFO - Filling up the DagBag from /opt/airflow/dags/prod/airbyte_to_dbt_prod.py
[2026-08-30T14:37:15.058+0000] {processor.py:925} INFO - DAG(s) 'airbyte_to_dbt_pipeline_prod' retrieved from /opt/airflow/dags/prod/airbyte_to_dbt_prod.py
[2026-08-30T14:37:15.148+0000] {logging_mixin.py:190} INFO - [2026-08-30T14:37:15.147+0000] {dag.py:3239} INFO - Sync 1 DAGs
[2026-08-30T14:37:15.216+0000] {logging_mixin.py:190} INFO - [2026-08-30T14:37:15.216+0000] {dag.py:4180} INFO - Setting next_dagrun for airbyte_to_dbt_pipeline_prod to 2026-08-30 13:00:00+00:00, run_after=2026-08-30 14:00:00+00:00
[2026-08-30T14:37:15.260+0000] {processor.py:208} INFO - Processing /opt/airflow/dags/prod/airbyte_to_dbt_prod.py took 0.263 seconds
[2026-08-30T14:37:45.473+0000] {processor.py:186} INFO - Started process (PID=4584) to work on /opt/airflow/dags/prod/airbyte_to_dbt_prod.py
[2026-08-30T14:37:45.475+0000] {processor.py:914} INFO - Processing file /opt/airflow/dags/prod/airbyte_to_dbt_prod.py for tasks to queue
[2026-08-30T14:37:45.485+0000] {logging_mixin.py:190} INFO - [2026-08-30T14:37:45.485+0000] {dagbag.py:588} INFO - Filling up the DagBag from /opt/airflow/dags/prod/airbyte_to_dbt_prod.py
[2026-08-30T14:37:45.594+0000] {processor.py:925} INFO - DAG(s) 'airbyte_to_dbt_pipeline_prod' retrieved from /opt/airflow/dags/prod/airbyte_to_dbt_prod.py
[2026-08-30T14:37:45.659+0000] {logging_mixin.py:190} INFO - [2026-08-30T14:37:45.659+0000] {dag.py:3239} INFO - Sync 1 DAGs
[2026-08-30T14:37:45.708+0000] {logging_mixin.py:190} INFO - [2026-08-30T14:37:45.708+0000] {dag.py:4180} INFO - Setting next_dagrun for airbyte_to_dbt_pipeline_prod to 2026-08-30 13:00:00+00:00, run_after=2026-08-30 14:00:00+00:00
[2026-08-30T14:37:45.732+0000] {processor.py:208} INFO - Processing /opt/airflow/dags/prod/airbyte_to_dbt_prod.py took 0.284 seconds
[2026-08-30T14:38:15.894+0000] {processor.py:186} INFO - Started process (PID=4596) to work on /opt/airflow/dags/prod/airbyte_to_dbt_prod.py
[2026-08-30T14:38:15.895+0000] {processor.py:914} INFO - Processing file /opt/airflow/dags/prod/airbyte_to_dbt_prod.py for tasks to queue
[2026-08-30T14:38:15.900+0000] {logging_mixin.py:190} INFO - [2026-08-30T14:38:15.899+0000] {dagbag.py:588} INFO - Filling up the DagBag from /opt/airflow/dags/prod/airbyte_to_dbt_prod.py
[2026-08-30T14:38:15.931+0000] {processor.py:925} INFO - DAG(s) 'airbyte_to_dbt_pipeline_prod' retrieved from /opt/airflow/dags/prod/airbyte_to_dbt_prod.py
[2026-08-30T14:38:15.982+0000] {logging_mixin.py:190} INFO - [2026-08-30T14:38:15.982+0000] {dag.py:3239} INFO - Sync 1 DAGs
[2026-08-30T14:38:16.025+0000] {logging_mixin.py:190} INFO - [2026-08-30T14:38:16.025+0000] {dag.py:4180} INFO - Setting next_dagrun for airbyte_to_dbt_pipeline_prod to 2026-08-30 13:00:00+00:00, run_after=2026-08-30 14:00:00+00:00
[2026-08-30T14:38:16.054+0000] {processor.py:208} INFO - Processing /opt/airflow/dags/prod/airbyte_to_dbt_prod.py took 0.173 seconds
[2026-08-30T14:38:46.332+0000] {processor.py:186} INFO - Started process (PID=4604) to work on /opt/airflow/dags/prod/airbyte_to_dbt_prod.py
[2026-08-30T14:38:46.341+0000] {processor.py:914} INFO - Processing file /opt/airflow/dags/prod/airbyte_to_dbt_prod.py for tasks to queue
[2026-08-30T14:38:46.495+0000] {logging_mixin.py:190} INFO - [2026-08-30T14:38:46.489+0000] {dagbag.py:588} INFO - Filling up the DagBag from /opt/airflow/dags/prod/airbyte_to_dbt_prod.py
[2026-08-30T14:38:46.797+0000] {processor.py:925} INFO - DAG(s) 'airbyte_to_dbt_pipeline_prod' retrieved from /opt/airflow/dags/prod/airbyte_to_dbt_prod.py
[2026-08-30T14:38:47.114+0000] {logging_mixin.py:190} INFO - [2026-08-30T14:38:47.114+0000] {dag.py:3239} INFO - Sync 1 DAGs
[2026-08-30T14:38:47.336+0000] {logging_mixin.py:190} INFO - [2026-08-30T14:38:47.329+0000] {dag.py:4180} INFO - Setting next_dagrun for airbyte_to_dbt_pipeline_prod to 2026-08-30 13:00:00+00:00, run_after=2026-08-30 14:00:00+00:00
[2026-08-30T14:38:47.387+0000] {processor.py:208} INFO - Processing /opt/airflow/dags/prod/airbyte_to_dbt_prod.py took 1.219 seconds
[2026-08-30T14:39:17.745+0000] {processor.py:186} INFO - Started process (PID=4614) to work on /opt/airflow/dags/prod/airbyte_to_dbt_prod.py
[2026-08-30T14:39:17.747+0000] {processor.py:914} INFO - Processing file /opt/airflow/dags/prod/airbyte_to_dbt_prod.py for tasks to queue
[2026-08-30T14:39:17.812+0000] {logging_mixin.py:190} INFO - [2026-08-30T14:39:17.806+0000] {dagbag.py:588} INFO - Filling up the DagBag from /opt/airflow/dags/prod/airbyte_to_dbt_prod.py
[2026-08-30T14:39:18.054+0000] {processor.py:925} INFO - DAG(s) 'airbyte_to_dbt_pipeline_prod' retrieved from /opt/airflow/dags/prod/airbyte_to_dbt_prod.py
[2026-08-30T14:39:18.374+0000] {logging_mixin.py:190} INFO - [2026-08-30T14:39:18.374+0000] {dag.py:3239} INFO - Sync 1 DAGs
[2026-08-30T14:39:18.599+0000] {logging_mixin.py:190} INFO - [2026-08-30T14:39:18.599+0000] {dag.py:4180} INFO - Setting next_dagrun for airbyte_to_dbt_pipeline_prod to 2026-08-30 13:00:00+00:00, run_after=2026-08-30 14:00:00+00:00
[2026-08-30T14:39:18.623+0000] {processor.py:208} INFO - Processing /opt/airflow/dags/prod/airbyte_to_dbt_prod.py took 0.955 seconds
[2026-08-30T14:39:48.782+0000] {processor.py:186} INFO - Started process (PID=4626) to work on /opt/airflow/dags/prod/airbyte_to_dbt_prod.py
[2026-08-30T14:39:48.783+0000] {processor.py:914} INFO - Processing file /opt/airflow/dags/prod/airbyte_to_dbt_prod.py for tasks to queue
[2026-08-30T14:39:48.786+0000] {logging_mixin.py:190} INFO - [2026-08-30T14:39:48.785+0000] {dagbag.py:588} INFO - Filling up the DagBag from /opt/airflow/dags/prod/airbyte_to_dbt_prod.py
[2026-08-30T14:39:48.807+0000] {processor.py:925} INFO - DAG(s) 'airbyte_to_dbt_pipeline_prod' retrieved from /opt/airflow/dags/prod/airbyte_to_dbt_prod.py
[2026-08-30T14:39:48.853+0000] {logging_mixin.py:190} INFO - [2026-08-30T14:39:48.853+0000] {dag.py:3239} INFO - Sync 1 DAGs
[2026-08-30T14:39:48.885+0000] {logging_mixin.py:190} INFO - [2026-08-30T14:39:48.885+0000] {dag.py:4180} INFO - Setting next_dagrun for airbyte_to_dbt_pipeline_prod to 2026-08-30 13:00:00+00:00, run_after=2026-08-30 14:00:00+00:00
[2026-08-30T14:39:48.911+0000] {processor.py:208} INFO - Processing /opt/airflow/dags/prod/airbyte_to_dbt_prod.py took 0.138 seconds
[2026-08-30T14:40:19.079+0000] {processor.py:186} INFO - Started process (PID=4636) to work on /opt/airflow/dags/prod/airbyte_to_dbt_prod.py
[2026-08-30T14:40:19.081+0000] {processor.py:914} INFO - Processing file /opt/airflow/dags/prod/airbyte_to_dbt_prod.py for tasks to queue
[2026-08-30T14:40:19.084+0000] {logging_mixin.py:190} INFO - [2026-08-30T14:40:19.084+0000] {dagbag.py:588} INFO - Filling up the DagBag from /opt/airflow/dags/prod/airbyte_to_dbt_prod.py
[2026-08-30T14:40:19.110+0000] {processor.py:925} INFO - DAG(s) 'airbyte_to_dbt_pipeline_prod' retrieved from /opt/airflow/dags/prod/airbyte_to_dbt_prod.py
[2026-08-30T14:40:19.167+0000] {logging_mixin.py:190} INFO - [2026-08-30T14:40:19.167+0000] {dag.py:3239} INFO - Sync 1 DAGs
[2026-08-30T14:40:19.204+0000] {logging_mixin.py:190} INFO - [2026-08-30T14:40:19.204+0000] {dag.py:4180} INFO - Setting next_dagrun for airbyte_to_dbt_pipeline_prod to 2026-08-30 13:00:00+00:00, run_after=2026-08-30 14:00:00+00:00
[2026-08-30T14:40:19.228+0000] {processor.py:208} INFO - Processing /opt/airflow/dags/prod/airbyte_to_dbt_prod.py took 0.157 seconds
[2026-08-30T14:40:49.400+0000] {processor.py:186} INFO - Started process (PID=4646) to work on /opt/airflow/dags/prod/airbyte_to_dbt_prod.py
[2026-08-30T14:40:49.401+0000] {processor.py:914} INFO - Processing file /opt/airflow/dags/prod/airbyte_to_dbt_prod.py for tasks to queue
[2026-08-30T14:40:49.405+0000] {logging_mixin.py:190} INFO - [2026-08-30T14:40:49.405+0000] {dagbag.py:588} INFO - Filling up the DagBag from /opt/airflow/dags/prod/airbyte_to_dbt_prod.py
[2026-08-30T14:40:49.430+0000] {processor.py:925} INFO - DAG(s) 'airbyte_to_dbt_pipeline_prod' retrieved from /opt/airflow/dags/prod/airbyte_to_dbt_prod.py
[2026-08-30T14:40:49.471+0000] {logging_mixin.py:190} INFO - [2026-08-30T14:40:49.471+0000] {dag.py:3239} INFO - Sync 1 DAGs
[2026-08-30T14:40:49.503+0000] {logging_mixin.py:190} INFO - [2026-08-30T14:40:49.502+0000] {dag.py:4180} INFO - Setting next_dagrun for airbyte_to_dbt_pipeline_prod to 2026-08-30 13:00:00+00:00, run_after=2026-08-30 14:00:00+00:00
[2026-08-30T14:40:49.527+0000] {processor.py:208} INFO - Processing /opt/airflow/dags/prod/airbyte_to_dbt_prod.py took 0.137 seconds
[2026-08-30T14:41:19.692+0000] {processor.py:186} INFO - Started process (PID=4656) to work on /opt/airflow/dags/prod/airbyte_to_dbt_prod.py
[2026-08-30T14:41:19.693+0000] {processor.py:914} INFO - Processing file /opt/airflow/dags/prod/airbyte_to_dbt_prod.py for tasks to queue
[2026-08-30T14:41:19.698+0000] {logging_mixin.py:190} INFO - [2026-08-30T14:41:19.697+0000] {dagbag.py:588} INFO - Filling up the DagBag from /opt/airflow/dags/prod/airbyte_to_dbt_prod.py
[2026-08-30T14:41:19.720+0000] {processor.py:925} INFO - DAG(s) 'airbyte_to_dbt_pipeline_prod' retrieved from /opt/airflow/dags/prod/airbyte_to_dbt_prod.py
[2026-08-30T14:41:19.763+0000] {logging_mixin.py:190} INFO - [2026-08-30T14:41:19.762+0000] {dag.py:3239} INFO - Sync 1 DAGs
[2026-08-30T14:41:19.795+0000] {logging_mixin.py:190} INFO - [2026-08-30T14:41:19.795+0000] {dag.py:4180} INFO - Setting next_dagrun for airbyte_to_dbt_pipeline_prod to 2026-08-30 13:00:00+00:00, run_after=2026-08-30 14:00:00+00:00
[2026-08-30T14:41:19.817+0000] {processor.py:208} INFO - Processing /opt/airflow/dags/prod/airbyte_to_dbt_prod.py took 0.134 seconds
[2026-08-30T14:41:49.985+0000] {processor.py:186} INFO - Started process (PID=4666) to work on /opt/airflow/dags/prod/airbyte_to_dbt_prod.py
[2026-08-30T14:41:49.986+0000] {processor.py:914} INFO - Processing file /opt/airflow/dags/prod/airbyte_to_dbt_prod.py for tasks to queue
[2026-08-30T14:41:49.990+0000] {logging_mixin.py:190} INFO - [2026-08-30T14:41:49.989+0000] {dagbag.py:588} INFO - Filling up the DagBag from /opt/airflow/dags/prod/airbyte_to_dbt_prod.py
[2026-08-30T14:41:50.010+0000] {processor.py:925} INFO - DAG(s) 'airbyte_to_dbt_pipeline_prod' retrieved from /opt/airflow/dags/prod/airbyte_to_dbt_prod.py
[2026-08-30T14:41:50.049+0000] {logging_mixin.py:190} INFO - [2026-08-30T14:41:50.048+0000] {dag.py:3239} INFO - Sync 1 DAGs
[2026-08-30T14:41:50.076+0000] {logging_mixin.py:190} INFO - [2026-08-30T14:41:50.076+0000] {dag.py:4180} INFO - Setting next_dagrun for airbyte_to_dbt_pipeline_prod to 2026-08-30 13:00:00+00:00, run_after=2026-08-30 14:00:00+00:00
[2026-08-30T14:41:50.100+0000] {processor.py:208} INFO - Processing /opt/airflow/dags/prod/airbyte_to_dbt_prod.py took 0.124 seconds
[2026-08-30T14:42:20.267+0000] {processor.py:186} INFO - Started process (PID=4676) to work on /opt/airflow/dags/prod/airbyte_to_dbt_prod.py
[2026-08-30T14:42:20.268+0000] {processor.py:914} INFO - Processing file /opt/airflow/dags/prod/airbyte_to_dbt_prod.py for tasks to queue
[2026-08-30T14:42:20.273+0000] {logging_mixin.py:190} INFO - [2026-08-30T14:42:20.272+0000] {dagbag.py:588} INFO - Filling up the DagBag from /opt/airflow/dags/prod/airbyte_to_dbt_prod.py
[2026-08-30T14:42:20.300+0000] {processor.py:925} INFO - DAG(s) 'airbyte_to_dbt_pipeline_prod' retrieved from /opt/airflow/dags/prod/airbyte_to_dbt_prod.py
[2026-08-30T14:42:20.351+0000] {logging_mixin.py:190} INFO - [2026-08-30T14:42:20.351+0000] {dag.py:3239} INFO - Sync 1 DAGs
[2026-08-30T14:42:20.387+0000] {logging_mixin.py:190} INFO - [2026-08-30T14:42:20.387+0000] {dag.py:4180} INFO - Setting next_dagrun for airbyte_to_dbt_pipeline_prod to 2026-08-30 13:00:00+00:00, run_after=2026-08-30 14:00:00+00:00
[2026-08-30T14:42:20.412+0000] {processor.py:208} INFO - Processing /opt/airflow/dags/prod/airbyte_to_dbt_prod.py took 0.156 seconds
[2026-08-30T14:42:50.559+0000] {processor.py:186} INFO - Started process (PID=4686) to work on /opt/airflow/dags/prod/airbyte_to_dbt_prod.py
[2026-08-30T14:42:50.560+0000] {processor.py:914} INFO - Processing file /opt/airflow/dags/prod/airbyte_to_dbt_prod.py for tasks to queue
[2026-08-30T14:42:50.563+0000] {logging_mixin.py:190} INFO - [2026-08-30T14:42:50.563+0000] {dagbag.py:588} INFO - Filling up the DagBag from /opt/airflow/dags/prod/airbyte_to_dbt_prod.py
[2026-08-30T14:42:50.586+0000] {processor.py:925} INFO - DAG(s) 'airbyte_to_dbt_pipeline_prod' retrieved from /opt/airflow/dags/prod/airbyte_to_dbt_prod.py
[2026-08-30T14:42:50.625+0000] {logging_mixin.py:190} INFO - [2026-08-30T14:42:50.625+0000] {dag.py:3239} INFO - Sync 1 DAGs
[2026-08-30T14:42:50.654+0000] {logging_mixin.py:190} INFO - [2026-08-30T14:42:50.654+0000] {dag.py:4180} INFO - Setting next_dagrun for airbyte_to_dbt_pipeline_prod to 2026-08-30 13:00:00+00:00, run_after=2026-08-30 14:00:00+00:00
[2026-08-30T14:42:50.678+0000] {processor.py:208} INFO - Processing /opt/airflow/dags/prod/airbyte_to_dbt_prod.py took 0.128 seconds
[2026-08-30T14:43:20.863+0000] {processor.py:186} INFO - Started process (PID=4696) to work on /opt/airflow/dags/prod/airbyte_to_dbt_prod.py
[2026-08-30T14:43:20.864+0000] {processor.py:914} INFO - Processing file /opt/airflow/dags/prod/airbyte_to_dbt_prod.py for tasks to queue
[2026-08-30T14:43:20.868+0000] {logging_mixin.py:190} INFO - [2026-08-30T14:43:20.868+0000] {dagbag.py:588} INFO - Filling up the DagBag from /opt/airflow/dags/prod/airbyte_to_dbt_prod.py
[2026-08-30T14:43:20.897+0000] {processor.py:925} INFO - DAG(s) 'airbyte_to_dbt_pipeline_prod' retrieved from /opt/airflow/dags/prod/airbyte_to_dbt_prod.py
[2026-08-30T14:43:20.945+0000] {logging_mixin.py:190} INFO - [2026-08-30T14:43:20.945+0000] {dag.py:3239} INFO - Sync 1 DAGs
[2026-08-30T14:43:20.981+0000] {logging_mixin.py:190} INFO - [2026-08-30T14:43:20.980+0000] {dag.py:4180} INFO - Setting next_dagrun for airbyte_to_dbt_pipeline_prod to 2026-08-30 13:00:00+00:00, run_after=2026-08-30 14:00:00+00:00
[2026-08-30T14:43:21.003+0000] {processor.py:208} INFO - Processing /opt/airflow/dags/prod/airbyte_to_dbt_prod.py took 0.151 seconds
[2026-08-30T14:43:51.163+0000] {processor.py:186} INFO - Started process (PID=4706) to work on /opt/airflow/dags/prod/airbyte_to_dbt_prod.py
[2026-08-30T14:43:51.165+0000] {processor.py:914} INFO - Processing file /opt/airflow/dags/prod/airbyte_to_dbt_prod.py for tasks to queue
[2026-08-30T14:43:51.168+0000] {logging_mixin.py:190} INFO - [2026-08-30T14:43:51.167+0000] {dagbag.py:588} INFO - Filling up the DagBag from /opt/airflow/dags/prod/airbyte_to_dbt_prod.py
[2026-08-30T14:43:51.192+0000] {processor.py:925} INFO - DAG(s) 'airbyte_to_dbt_pipeline_prod' retrieved from /opt/airflow/dags/prod/airbyte_to_dbt_prod.py
[2026-08-30T14:43:51.242+0000] {logging_mixin.py:190} INFO - [2026-08-30T14:43:51.242+0000] {dag.py:3239} INFO - Sync 1 DAGs
[2026-08-30T14:43:51.277+0000] {logging_mixin.py:190} INFO - [2026-08-30T14:43:51.277+0000] {dag.py:4180} INFO - Setting next_dagrun for airbyte_to_dbt_pipeline_prod to 2026-08-30 13:00:00+00:00, run_after=2026-08-30 14:00:00+00:00
[2026-08-30T14:43:51.300+0000] {processor.py:208} INFO - Processing /opt/airflow/dags/prod/airbyte_to_dbt_prod.py took 0.145 seconds
[2026-08-30T14:44:21.454+0000] {processor.py:186} INFO - Started process (PID=4716) to work on /opt/airflow/dags/prod/airbyte_to_dbt_prod.py
[2026-08-30T14:44:21.455+0000] {processor.py:914} INFO - Processing file /opt/airflow/dags/prod/airbyte_to_dbt_prod.py for tasks to queue
[2026-08-30T14:44:21.458+0000] {logging_mixin.py:190} INFO - [2026-08-30T14:44:21.457+0000] {dagbag.py:588} INFO - Filling up the DagBag from /opt/airflow/dags/prod/airbyte_to_dbt_prod.py
[2026-08-30T14:44:21.479+0000] {processor.py:925} INFO - DAG(s) 'airbyte_to_dbt_pipeline_prod' retrieved from /opt/airflow/dags/prod/airbyte_to_dbt_prod.py
[2026-08-30T14:44:21.532+0000] {logging_mixin.py:190} INFO - [2026-08-30T14:44:21.531+0000] {dag.py:3239} INFO - Sync 1 DAGs
[2026-08-30T14:44:21.563+0000] {logging_mixin.py:190} INFO - [2026-08-30T14:44:21.562+0000] {dag.py:4180} INFO - Setting next_dagrun for airbyte_to_dbt_pipeline_prod to 2026-08-30 13:00:00+00:00, run_after=2026-08-30 14:00:00+00:00
[2026-08-30T14:44:21.586+0000] {processor.py:208} INFO - Processing /opt/airflow/dags/prod/airbyte_to_dbt_prod.py took 0.141 seconds
[2026-08-30T14:44:51.753+0000] {processor.py:186} INFO - Started process (PID=4726) to work on /opt/airflow/dags/prod/airbyte_to_dbt_prod.py
[2026-08-30T14:44:51.754+0000] {processor.py:914} INFO - Processing file /opt/airflow/dags/prod/airbyte_to_dbt_prod.py for tasks to queue
[2026-08-30T14:44:51.757+0000] {logging_mixin.py:190} INFO - [2026-08-30T14:44:51.757+0000] {dagbag.py:588} INFO - Filling up the DagBag from /opt/airflow/dags/prod/airbyte_to_dbt_prod.py
[2026-08-30T14:44:51.779+0000] {processor.py:925} INFO - DAG(s) 'airbyte_to_dbt_pipeline_prod' retrieved from /opt/airflow/dags/prod/airbyte_to_dbt_prod.py
[2026-08-30T14:44:51.818+0000] {logging_mixin.py:190} INFO - [2026-08-30T14:44:51.817+0000] {dag.py:3239} INFO - Sync 1 DAGs
[2026-08-30T14:44:51.851+0000] {logging_mixin.py:190} INFO - [2026-08-30T14:44:51.851+0000] {dag.py:4180} INFO - Setting next_dagrun for airbyte_to_dbt_pipeline_prod to 2026-08-30 13:00:00+00:00, run_after=2026-08-30 14:00:00+00:00
[2026-08-30T14:44:51.875+0000] {processor.py:208} INFO - Processing /opt/airflow/dags/prod/airbyte_to_dbt_prod.py took 0.130 seconds
[2026-08-30T14:45:22.031+0000] {processor.py:186} INFO - Started process (PID=4736) to work on /opt/airflow/dags/prod/airbyte_to_dbt_prod.py
[2026-08-30T14:45:22.032+0000] {processor.py:914} INFO - Processing file /opt/airflow/dags/prod/airbyte_to_dbt_prod.py for tasks to queue
[2026-08-30T14:45:22.035+0000] {logging_mixin.py:190} INFO - [2026-08-30T14:45:22.035+0000] {dagbag.py:588} INFO - Filling up the DagBag from /opt/airflow/dags/prod/airbyte_to_dbt_prod.py
[2026-08-30T14:45:22.057+0000] {processor.py:925} INFO - DAG(s) 'airbyte_to_dbt_pipeline_prod' retrieved from /opt/airflow/dags/prod/airbyte_to_dbt_prod.py
[2026-08-30T14:45:22.099+0000] {logging_mixin.py:190} INFO - [2026-08-30T14:45:22.099+0000] {dag.py:3239} INFO - Sync 1 DAGs
[2026-08-30T14:45:22.132+0000] {logging_mixin.py:190} INFO - [2026-08-30T14:45:22.132+0000] {dag.py:4180} INFO - Setting next_dagrun for airbyte_to_dbt_pipeline_prod to 2026-08-30 13:00:00+00:00, run_after=2026-08-30 14:00:00+00:00
[2026-08-30T14:45:22.156+0000] {processor.py:208} INFO - Processing /opt/airflow/dags/prod/airbyte_to_dbt_prod.py took 0.134 seconds
[2026-08-30T14:45:52.317+0000] {processor.py:186} INFO - Started process (PID=4746) to work on /opt/airflow/dags/prod/airbyte_to_dbt_prod.py
[2026-08-30T14:45:52.318+0000] {processor.py:914} INFO - Processing file /opt/airflow/dags/prod/airbyte_to_dbt_prod.py for tasks to queue
[2026-08-30T14:45:52.321+0000] {logging_mixin.py:190} INFO - [2026-08-30T14:45:52.321+0000] {dagbag.py:588} INFO - Filling up the DagBag from /opt/airflow/dags/prod/airbyte_to_dbt_prod.py
[2026-08-30T14:45:52.348+0000] {processor.py:925} INFO - DAG(s) 'airbyte_to_dbt_pipeline_prod' retrieved from /opt/airflow/dags/prod/airbyte_to_dbt_prod.py
[2026-08-30T14:45:52.390+0000] {logging_mixin.py:190} INFO - [2026-08-30T14:45:52.389+0000] {dag.py:3239} INFO - Sync 1 DAGs
[2026-08-30T14:45:52.424+0000] {logging_mixin.py:190} INFO - [2026-08-30T14:45:52.424+0000] {dag.py:4180} INFO - Setting next_dagrun for airbyte_to_dbt_pipeline_prod to 2026-08-30 13:00:00+00:00, run_after=2026-08-30 14:00:00+00:00
[2026-08-30T14:45:52.448+0000] {processor.py:208} INFO - Processing /opt/airflow/dags/prod/airbyte_to_dbt_prod.py took 0.139 seconds
[2026-08-30T14:46:22.610+0000] {processor.py:186} INFO - Started process (PID=4756) to work on /opt/airflow/dags/prod/airbyte_to_dbt_prod.py
[2026-08-30T14:46:22.611+0000] {processor.py:914} INFO - Processing file /opt/airflow/dags/prod/airbyte_to_dbt_prod.py for tasks to queue
[2026-08-30T14:46:22.614+0000] {logging_mixin.py:190} INFO - [2026-08-30T14:46:22.614+0000] {dagbag.py:588} INFO - Filling up the DagBag from /opt/airflow/dags/prod/airbyte_to_dbt_prod.py
[2026-08-30T14:46:22.636+0000] {processor.py:925} INFO - DAG(s) 'airbyte_to_dbt_pipeline_prod' retrieved from /opt/airflow/dags/prod/airbyte_to_dbt_prod.py
[2026-08-30T14:46:22.674+0000] {logging_mixin.py:190} INFO - [2026-08-30T14:46:22.674+0000] {dag.py:3239} INFO - Sync 1 DAGs
[2026-08-30T14:46:22.704+0000] {logging_mixin.py:190} INFO - [2026-08-30T14:46:22.704+0000] {dag.py:4180} INFO - Setting next_dagrun for airbyte_to_dbt_pipeline_prod to 2026-08-30 13:00:00+00:00, run_after=2026-08-30 14:00:00+00:00
[2026-08-30T14:46:22.728+0000] {processor.py:208} INFO - Processing /opt/airflow/dags/prod/airbyte_to_dbt_prod.py took 0.128 seconds
[2026-08-30T14:46:52.884+0000] {processor.py:186} INFO - Started process (PID=4766) to work on /opt/airflow/dags/prod/airbyte_to_dbt_prod.py
[2026-08-30T14:46:52.885+0000] {processor.py:914} INFO - Processing file /opt/airflow/dags/prod/airbyte_to_dbt_prod.py for tasks to queue
[2026-08-30T14:46:52.888+0000] {logging_mixin.py:190} INFO - [2026-08-30T14:46:52.888+0000] {dagbag.py:588} INFO - Filling up the DagBag from /opt/airflow/dags/prod/airbyte_to_dbt_prod.py
[2026-08-30T14:46:52.912+0000] {processor.py:925} INFO - DAG(s) 'airbyte_to_dbt_pipeline_prod' retrieved from /opt/airflow/dags/prod/airbyte_to_dbt_prod.py
[2026-08-30T14:46:52.958+0000] {logging_mixin.py:190} INFO - [2026-08-30T14:46:52.958+0000] {dag.py:3239} INFO - Sync 1 DAGs
[2026-08-30T14:46:52.992+0000] {logging_mixin.py:190} INFO - [2026-08-30T14:46:52.992+0000] {dag.py:4180} INFO - Setting next_dagrun for airbyte_to_dbt_pipeline_prod to 2026-08-30 13:00:00+00:00, run_after=2026-08-30 14:00:00+00:00
[2026-08-30T14:46:53.015+0000] {processor.py:208} INFO - Processing /opt/airflow/dags/prod/airbyte_to_dbt_prod.py took 0.141 seconds
[2026-08-30T14:47:23.172+0000] {processor.py:186} INFO - Started process (PID=4776) to work on /opt/airflow/dags/prod/airbyte_to_dbt_prod.py
[2026-08-30T14:47:23.173+0000] {processor.py:914} INFO - Processing file /opt/airflow/dags/prod/airbyte_to_dbt_prod.py for tasks to queue
[2026-08-30T14:47:23.176+0000] {logging_mixin.py:190} INFO - [2026-08-30T14:47:23.175+0000] {dagbag.py:588} INFO - Filling up the DagBag from /opt/airflow/dags/prod/airbyte_to_dbt_prod.py
[2026-08-30T14:47:23.199+0000] {processor.py:925} INFO - DAG(s) 'airbyte_to_dbt_pipeline_prod' retrieved from /opt/airflow/dags/prod/airbyte_to_dbt_prod.py
[2026-08-30T14:47:23.240+0000] {logging_mixin.py:190} INFO - [2026-08-30T14:47:23.240+0000] {dag.py:3239} INFO - Sync 1 DAGs
[2026-08-30T14:47:23.272+0000] {logging_mixin.py:190} INFO - [2026-08-30T14:47:23.272+0000] {dag.py:4180} INFO - Setting next_dagrun for airbyte_to_dbt_pipeline_prod to 2026-08-30 13:00:00+00:00, run_after=2026-08-30 14:00:00+00:00
[2026-08-30T14:47:23.297+0000] {processor.py:208} INFO - Processing /opt/airflow/dags/prod/airbyte_to_dbt_prod.py took 0.133 seconds
[2026-08-30T14:47:53.454+0000] {processor.py:186} INFO - Started process (PID=4786) to work on /opt/airflow/dags/prod/airbyte_to_dbt_prod.py
[2026-08-30T14:47:53.456+0000] {processor.py:914} INFO - Processing file /opt/airflow/dags/prod/airbyte_to_dbt_prod.py for tasks to queue
[2026-08-30T14:47:53.459+0000] {logging_mixin.py:190} INFO - [2026-08-30T14:47:53.458+0000] {dagbag.py:588} INFO - Filling up the DagBag from /opt/airflow/dags/prod/airbyte_to_dbt_prod.py
[2026-08-30T14:47:53.479+0000] {processor.py:925} INFO - DAG(s) 'airbyte_to_dbt_pipeline_prod' retrieved from /opt/airflow/dags/prod/airbyte_to_dbt_prod.py
[2026-08-30T14:47:53.519+0000] {logging_mixin.py:190} INFO - [2026-08-30T14:47:53.519+0000] {dag.py:3239} INFO - Sync 1 DAGs
[2026-08-30T14:47:53.553+0000] {logging_mixin.py:190} INFO - [2026-08-30T14:47:53.552+0000] {dag.py:4180} INFO - Setting next_dagrun for airbyte_to_dbt_pipeline_prod to 2026-08-30 13:00:00+00:00, run_after=2026-08-30 14:00:00+00:00
[2026-08-30T14:47:53.579+0000] {processor.py:208} INFO - Processing /opt/airflow/dags/prod/airbyte_to_dbt_prod.py took 0.133 seconds
[2026-08-30T14:48:23.745+0000] {processor.py:186} INFO - Started process (PID=4796) to work on /opt/airflow/dags/prod/airbyte_to_dbt_prod.py
[2026-08-30T14:48:23.746+0000] {processor.py:914} INFO - Processing file /opt/airflow/dags/prod/airbyte_to_dbt_prod.py for tasks to queue
[2026-08-30T14:48:23.749+0000] {logging_mixin.py:190} INFO - [2026-08-30T14:48:23.749+0000] {dagbag.py:588} INFO - Filling up the DagBag from /opt/airflow/dags/prod/airbyte_to_dbt_prod.py
[2026-08-30T14:48:23.773+0000] {processor.py:925} INFO - DAG(s) 'airbyte_to_dbt_pipeline_prod' retrieved from /opt/airflow/dags/prod/airbyte_to_dbt_prod.py
[2026-08-30T14:48:23.814+0000] {logging_mixin.py:190} INFO - [2026-08-30T14:48:23.814+0000] {dag.py:3239} INFO - Sync 1 DAGs
[2026-08-30T14:48:23.848+0000] {logging_mixin.py:190} INFO - [2026-08-30T14:48:23.848+0000] {dag.py:4180} INFO - Setting next_dagrun for airbyte_to_dbt_pipeline_prod to 2026-08-30 13:00:00+00:00, run_after=2026-08-30 14:00:00+00:00
[2026-08-30T14:48:23.869+0000] {processor.py:208} INFO - Processing /opt/airflow/dags/prod/airbyte_to_dbt_prod.py took 0.135 seconds
[2026-08-30T14:48:54.026+0000] {processor.py:186} INFO - Started process (PID=4806) to work on /opt/airflow/dags/prod/airbyte_to_dbt_prod.py
[2026-08-30T14:48:54.028+0000] {processor.py:914} INFO - Processing file /opt/airflow/dags/prod/airbyte_to_dbt_prod.py for tasks to queue
[2026-08-30T14:48:54.031+0000] {logging_mixin.py:190} INFO - [2026-08-30T14:48:54.030+0000] {dagbag.py:588} INFO - Filling up the DagBag from /opt/airflow/dags/prod/airbyte_to_dbt_prod.py
[2026-08-30T14:48:54.057+0000] {processor.py:925} INFO - DAG(s) 'airbyte_to_dbt_pipeline_prod' retrieved from /opt/airflow/dags/prod/airbyte_to_dbt_prod.py
[2026-08-30T14:48:54.102+0000] {logging_mixin.py:190} INFO - [2026-08-30T14:48:54.101+0000] {dag.py:3239} INFO - Sync 1 DAGs
[2026-08-30T14:48:54.133+0000] {logging_mixin.py:190} INFO - [2026-08-30T14:48:54.132+0000] {dag.py:4180} INFO - Setting next_dagrun for airbyte_to_dbt_pipeline_prod to 2026-08-30 13:00:00+00:00, run_after=2026-08-30 14:00:00+00:00
[2026-08-30T14:48:54.155+0000] {processor.py:208} INFO - Processing /opt/airflow/dags/prod/airbyte_to_dbt_prod.py took 0.137 seconds
[2026-08-30T14:49:24.310+0000] {processor.py:186} INFO - Started process (PID=4816) to work on /opt/airflow/dags/prod/airbyte_to_dbt_prod.py
[2026-08-30T14:49:24.311+0000] {processor.py:914} INFO - Processing file /opt/airflow/dags/prod/airbyte_to_dbt_prod.py for tasks to queue
[2026-08-30T14:49:24.314+0000] {logging_mixin.py:190} INFO - [2026-08-30T14:49:24.313+0000] {dagbag.py:588} INFO - Filling up the DagBag from /opt/airflow/dags/prod/airbyte_to_dbt_prod.py
[2026-08-30T14:49:24.334+0000] {processor.py:925} INFO - DAG(s) 'airbyte_to_dbt_pipeline_prod' retrieved from /opt/airflow/dags/prod/airbyte_to_dbt_prod.py
[2026-08-30T14:49:24.376+0000] {logging_mixin.py:190} INFO - [2026-08-30T14:49:24.376+0000] {dag.py:3239} INFO - Sync 1 DAGs
[2026-08-30T14:49:24.412+0000] {logging_mixin.py:190} INFO - [2026-08-30T14:49:24.412+0000] {dag.py:4180} INFO - Setting next_dagrun for airbyte_to_dbt_pipeline_prod to 2026-08-30 13:00:00+00:00, run_after=2026-08-30 14:00:00+00:00
[2026-08-30T14:49:24.435+0000] {processor.py:208} INFO - Processing /opt/airflow/dags/prod/airbyte_to_dbt_prod.py took 0.134 seconds
[2026-08-30T14:49:54.600+0000] {processor.py:186} INFO - Started process (PID=4826) to work on /opt/airflow/dags/prod/airbyte_to_dbt_prod.py
[2026-08-30T14:49:54.601+0000] {processor.py:914} INFO - Processing file /opt/airflow/dags/prod/airbyte_to_dbt_prod.py for tasks to queue
[2026-08-30T14:49:54.604+0000] {logging_mixin.py:190} INFO - [2026-08-30T14:49:54.604+0000] {dagbag.py:588} INFO - Filling up the DagBag from /opt/airflow/dags/prod/airbyte_to_dbt_prod.py
[2026-08-30T14:49:54.626+0000] {processor.py:925} INFO - DAG(s) 'airbyte_to_dbt_pipeline_prod' retrieved from /opt/airflow/dags/prod/airbyte_to_dbt_prod.py
[2026-08-30T14:49:54.679+0000] {logging_mixin.py:190} INFO - [2026-08-30T14:49:54.679+0000] {dag.py:3239} INFO - Sync 1 DAGs
[2026-08-30T14:49:54.715+0000] {logging_mixin.py:190} INFO - [2026-08-30T14:49:54.715+0000] {dag.py:4180} INFO - Setting next_dagrun for airbyte_to_dbt_pipeline_prod to 2026-08-30 13:00:00+00:00, run_after=2026-08-30 14:00:00+00:00
[2026-08-30T14:49:54.736+0000] {processor.py:208} INFO - Processing /opt/airflow/dags/prod/airbyte_to_dbt_prod.py took 0.144 seconds
[2026-08-30T14:50:24.895+0000] {processor.py:186} INFO - Started process (PID=4836) to work on /opt/airflow/dags/prod/airbyte_to_dbt_prod.py
[2026-08-30T14:50:24.896+0000] {processor.py:914} INFO - Processing file /opt/airflow/dags/prod/airbyte_to_dbt_prod.py for tasks to queue
[2026-08-30T14:50:24.900+0000] {logging_mixin.py:190} INFO - [2026-08-30T14:50:24.899+0000] {dagbag.py:588} INFO - Filling up the DagBag from /opt/airflow/dags/prod/airbyte_to_dbt_prod.py
[2026-08-30T14:50:24.921+0000] {processor.py:925} INFO - DAG(s) 'airbyte_to_dbt_pipeline_prod' retrieved from /opt/airflow/dags/prod/airbyte_to_dbt_prod.py
[2026-08-30T14:50:24.970+0000] {logging_mixin.py:190} INFO - [2026-08-30T14:50:24.969+0000] {dag.py:3239} INFO - Sync 1 DAGs
[2026-08-30T14:50:25.004+0000] {logging_mixin.py:190} INFO - [2026-08-30T14:50:25.004+0000] {dag.py:4180} INFO - Setting next_dagrun for airbyte_to_dbt_pipeline_prod to 2026-08-30 13:00:00+00:00, run_after=2026-08-30 14:00:00+00:00
[2026-08-30T14:50:25.035+0000] {processor.py:208} INFO - Processing /opt/airflow/dags/prod/airbyte_to_dbt_prod.py took 0.148 seconds
[2026-08-30T14:50:55.201+0000] {processor.py:186} INFO - Started process (PID=4846) to work on /opt/airflow/dags/prod/airbyte_to_dbt_prod.py
[2026-08-30T14:50:55.202+0000] {processor.py:914} INFO - Processing file /opt/airflow/dags/prod/airbyte_to_dbt_prod.py for tasks to queue
[2026-08-30T14:50:55.205+0000] {logging_mixin.py:190} INFO - [2026-08-30T14:50:55.205+0000] {dagbag.py:588} INFO - Filling up the DagBag from /opt/airflow/dags/prod/airbyte_to_dbt_prod.py
[2026-08-30T14:50:55.226+0000] {processor.py:925} INFO - DAG(s) 'airbyte_to_dbt_pipeline_prod' retrieved from /opt/airflow/dags/prod/airbyte_to_dbt_prod.py
[2026-08-30T14:50:55.278+0000] {logging_mixin.py:190} INFO - [2026-08-30T14:50:55.277+0000] {dag.py:3239} INFO - Sync 1 DAGs
[2026-08-30T14:50:55.314+0000] {logging_mixin.py:190} INFO - [2026-08-30T14:50:55.314+0000] {dag.py:4180} INFO - Setting next_dagrun for airbyte_to_dbt_pipeline_prod to 2026-08-30 13:00:00+00:00, run_after=2026-08-30 14:00:00+00:00
[2026-08-30T14:50:55.337+0000] {processor.py:208} INFO - Processing /opt/airflow/dags/prod/airbyte_to_dbt_prod.py took 0.145 seconds
[2026-08-30T14:51:25.504+0000] {processor.py:186} INFO - Started process (PID=4856) to work on /opt/airflow/dags/prod/airbyte_to_dbt_prod.py
[2026-08-30T14:51:25.505+0000] {processor.py:914} INFO - Processing file /opt/airflow/dags/prod/airbyte_to_dbt_prod.py for tasks to queue
[2026-08-30T14:51:25.509+0000] {logging_mixin.py:190} INFO - [2026-08-30T14:51:25.508+0000] {dagbag.py:588} INFO - Filling up the DagBag from /opt/airflow/dags/prod/airbyte_to_dbt_prod.py
[2026-08-30T14:51:25.537+0000] {processor.py:925} INFO - DAG(s) 'airbyte_to_dbt_pipeline_prod' retrieved from /opt/airflow/dags/prod/airbyte_to_dbt_prod.py
[2026-08-30T14:51:25.584+0000] {logging_mixin.py:190} INFO - [2026-08-30T14:51:25.583+0000] {dag.py:3239} INFO - Sync 1 DAGs
[2026-08-30T14:51:25.619+0000] {logging_mixin.py:190} INFO - [2026-08-30T14:51:25.619+0000] {dag.py:4180} INFO - Setting next_dagrun for airbyte_to_dbt_pipeline_prod to 2026-08-30 13:00:00+00:00, run_after=2026-08-30 14:00:00+00:00
[2026-08-30T14:51:25.643+0000] {processor.py:208} INFO - Processing /opt/airflow/dags/prod/airbyte_to_dbt_prod.py took 0.156 seconds
[2026-08-30T14:51:55.801+0000] {processor.py:186} INFO - Started process (PID=4866) to work on /opt/airflow/dags/prod/airbyte_to_dbt_prod.py
[2026-08-30T14:51:55.802+0000] {processor.py:914} INFO - Processing file /opt/airflow/dags/prod/airbyte_to_dbt_prod.py for tasks to queue
[2026-08-30T14:51:55.806+0000] {logging_mixin.py:190} INFO - [2026-08-30T14:51:55.805+0000] {dagbag.py:588} INFO - Filling up the DagBag from /opt/airflow/dags/prod/airbyte_to_dbt_prod.py
[2026-08-30T14:51:55.834+0000] {processor.py:925} INFO - DAG(s) 'airbyte_to_dbt_pipeline_prod' retrieved from /opt/airflow/dags/prod/airbyte_to_dbt_prod.py
[2026-08-30T14:51:55.886+0000] {logging_mixin.py:190} INFO - [2026-08-30T14:51:55.886+0000] {dag.py:3239} INFO - Sync 1 DAGs
[2026-08-30T14:51:55.919+0000] {logging_mixin.py:190} INFO - [2026-08-30T14:51:55.918+0000] {dag.py:4180} INFO - Setting next_dagrun for airbyte_to_dbt_pipeline_prod to 2026-08-30 13:00:00+00:00, run_after=2026-08-30 14:00:00+00:00
[2026-08-30T14:51:55.940+0000] {processor.py:208} INFO - Processing /opt/airflow/dags/prod/airbyte_to_dbt_prod.py took 0.150 seconds
[2026-08-30T14:52:26.101+0000] {processor.py:186} INFO - Started process (PID=4876) to work on /opt/airflow/dags/prod/airbyte_to_dbt_prod.py
[2026-08-30T14:52:26.103+0000] {processor.py:914} INFO - Processing file /opt/airflow/dags/prod/airbyte_to_dbt_prod.py for tasks to queue
[2026-08-30T14:52:26.107+0000] {logging_mixin.py:190} INFO - [2026-08-30T14:52:26.107+0000] {dagbag.py:588} INFO - Filling up the DagBag from /opt/airflow/dags/prod/airbyte_to_dbt_prod.py
[2026-08-30T14:52:26.137+0000] {processor.py:925} INFO - DAG(s) 'airbyte_to_dbt_pipeline_prod' retrieved from /opt/airflow/dags/prod/airbyte_to_dbt_prod.py
[2026-08-30T14:52:26.188+0000] {logging_mixin.py:190} INFO - [2026-08-30T14:52:26.187+0000] {dag.py:3239} INFO - Sync 1 DAGs
[2026-08-30T14:52:26.221+0000] {logging_mixin.py:190} INFO - [2026-08-30T14:52:26.221+0000] {dag.py:4180} INFO - Setting next_dagrun for airbyte_to_dbt_pipeline_prod to 2026-08-30 13:00:00+00:00, run_after=2026-08-30 14:00:00+00:00
[2026-08-30T14:52:26.246+0000] {processor.py:208} INFO - Processing /opt/airflow/dags/prod/airbyte_to_dbt_prod.py took 0.157 seconds
[2026-08-30T14:52:56.407+0000] {processor.py:186} INFO - Started process (PID=4886) to work on /opt/airflow/dags/prod/airbyte_to_dbt_prod.py
[2026-08-30T14:52:56.408+0000] {processor.py:914} INFO - Processing file /opt/airflow/dags/prod/airbyte_to_dbt_prod.py for tasks to queue
[2026-08-30T14:52:56.411+0000] {logging_mixin.py:190} INFO - [2026-08-30T14:52:56.411+0000] {dagbag.py:588} INFO - Filling up the DagBag from /opt/airflow/dags/prod/airbyte_to_dbt_prod.py
[2026-08-30T14:52:56.434+0000] {processor.py:925} INFO - DAG(s) 'airbyte_to_dbt_pipeline_prod' retrieved from /opt/airflow/dags/prod/airbyte_to_dbt_prod.py
[2026-08-30T14:52:56.474+0000] {logging_mixin.py:190} INFO - [2026-08-30T14:52:56.474+0000] {dag.py:3239} INFO - Sync 1 DAGs
[2026-08-30T14:52:56.507+0000] {logging_mixin.py:190} INFO - [2026-08-30T14:52:56.507+0000] {dag.py:4180} INFO - Setting next_dagrun for airbyte_to_dbt_pipeline_prod to 2026-08-30 13:00:00+00:00, run_after=2026-08-30 14:00:00+00:00
[2026-08-30T14:52:56.531+0000] {processor.py:208} INFO - Processing /opt/airflow/dags/prod/airbyte_to_dbt_prod.py took 0.133 seconds
[2026-08-30T14:53:26.723+0000] {processor.py:186} INFO - Started process (PID=4896) to work on /opt/airflow/dags/prod/airbyte_to_dbt_prod.py
[2026-08-30T14:53:26.724+0000] {processor.py:914} INFO - Processing file /opt/airflow/dags/prod/airbyte_to_dbt_prod.py for tasks to queue
[2026-08-30T14:53:26.727+0000] {logging_mixin.py:190} INFO - [2026-08-30T14:53:26.726+0000] {dagbag.py:588} INFO - Filling up the DagBag from /opt/airflow/dags/prod/airbyte_to_dbt_prod.py
[2026-08-30T14:53:26.749+0000] {processor.py:925} INFO - DAG(s) 'airbyte_to_dbt_pipeline_prod' retrieved from /opt/airflow/dags/prod/airbyte_to_dbt_prod.py
[2026-08-30T14:53:26.790+0000] {logging_mixin.py:190} INFO - [2026-08-30T14:53:26.790+0000] {dag.py:3239} INFO - Sync 1 DAGs
[2026-08-30T14:53:26.822+0000] {logging_mixin.py:190} INFO - [2026-08-30T14:53:26.822+0000] {dag.py:4180} INFO - Setting next_dagrun for airbyte_to_dbt_pipeline_prod to 2026-08-30 13:00:00+00:00, run_after=2026-08-30 14:00:00+00:00
[2026-08-30T14:53:26.848+0000] {processor.py:208} INFO - Processing /opt/airflow/dags/prod/airbyte_to_dbt_prod.py took 0.134 seconds
[2026-08-30T14:53:57.012+0000] {processor.py:186} INFO - Started process (PID=4906) to work on /opt/airflow/dags/prod/airbyte_to_dbt_prod.py
[2026-08-30T14:53:57.013+0000] {processor.py:914} INFO - Processing file /opt/airflow/dags/prod/airbyte_to_dbt_prod.py for tasks to queue
[2026-08-30T14:53:57.016+0000] {logging_mixin.py:190} INFO - [2026-08-30T14:53:57.016+0000] {dagbag.py:588} INFO - Filling up the DagBag from /opt/airflow/dags/prod/airbyte_to_dbt_prod.py
[2026-08-30T14:53:57.038+0000] {processor.py:925} INFO - DAG(s) 'airbyte_to_dbt_pipeline_prod' retrieved from /opt/airflow/dags/prod/airbyte_to_dbt_prod.py
[2026-08-30T14:53:57.078+0000] {logging_mixin.py:190} INFO - [2026-08-30T14:53:57.078+0000] {dag.py:3239} INFO - Sync 1 DAGs
[2026-08-30T14:53:57.118+0000] {logging_mixin.py:190} INFO - [2026-08-30T14:53:57.117+0000] {dag.py:4180} INFO - Setting next_dagrun for airbyte_to_dbt_pipeline_prod to 2026-08-30 13:00:00+00:00, run_after=2026-08-30 14:00:00+00:00
[2026-08-30T14:53:57.142+0000] {processor.py:208} INFO - Processing /opt/airflow/dags/prod/airbyte_to_dbt_prod.py took 0.139 seconds
[2026-08-30T14:54:27.317+0000] {processor.py:186} INFO - Started process (PID=4916) to work on /opt/airflow/dags/prod/airbyte_to_dbt_prod.py
[2026-08-30T14:54:27.318+0000] {processor.py:914} INFO - Processing file /opt/airflow/dags/prod/airbyte_to_dbt_prod.py for tasks to queue
[2026-08-30T14:54:27.325+0000] {logging_mixin.py:190} INFO - [2026-08-30T14:54:27.324+0000] {dagbag.py:588} INFO - Filling up the DagBag from /opt/airflow/dags/prod/airbyte_to_dbt_prod.py
[2026-08-30T14:54:27.360+0000] {processor.py:925} INFO - DAG(s) 'airbyte_to_dbt_pipeline_prod' retrieved from /opt/airflow/dags/prod/airbyte_to_dbt_prod.py
[2026-08-30T14:54:27.409+0000] {logging_mixin.py:190} INFO - [2026-08-30T14:54:27.409+0000] {dag.py:3239} INFO - Sync 1 DAGs
[2026-08-30T14:54:27.447+0000] {logging_mixin.py:190} INFO - [2026-08-30T14:54:27.447+0000] {dag.py:4180} INFO - Setting next_dagrun for airbyte_to_dbt_pipeline_prod to 2026-08-30 13:00:00+00:00, run_after=2026-08-30 14:00:00+00:00
[2026-08-30T14:54:27.470+0000] {processor.py:208} INFO - Processing /opt/airflow/dags/prod/airbyte_to_dbt_prod.py took 0.167 seconds
[2026-08-30T14:54:57.621+0000] {processor.py:186} INFO - Started process (PID=4926) to work on /opt/airflow/dags/prod/airbyte_to_dbt_prod.py
[2026-08-30T14:54:57.622+0000] {processor.py:914} INFO - Processing file /opt/airflow/dags/prod/airbyte_to_dbt_prod.py for tasks to queue
[2026-08-30T14:54:57.625+0000] {logging_mixin.py:190} INFO - [2026-08-30T14:54:57.625+0000] {dagbag.py:588} INFO - Filling up the DagBag from /opt/airflow/dags/prod/airbyte_to_dbt_prod.py
[2026-08-30T14:54:57.646+0000] {processor.py:925} INFO - DAG(s) 'airbyte_to_dbt_pipeline_prod' retrieved from /opt/airflow/dags/prod/airbyte_to_dbt_prod.py
[2026-08-30T14:54:57.696+0000] {logging_mixin.py:190} INFO - [2026-08-30T14:54:57.696+0000] {dag.py:3239} INFO - Sync 1 DAGs
[2026-08-30T14:54:57.727+0000] {logging_mixin.py:190} INFO - [2026-08-30T14:54:57.727+0000] {dag.py:4180} INFO - Setting next_dagrun for airbyte_to_dbt_pipeline_prod to 2026-08-30 13:00:00+00:00, run_after=2026-08-30 14:00:00+00:00
[2026-08-30T14:54:57.750+0000] {processor.py:208} INFO - Processing /opt/airflow/dags/prod/airbyte_to_dbt_prod.py took 0.137 seconds
[2026-08-30T14:55:27.911+0000] {processor.py:186} INFO - Started process (PID=4936) to work on /opt/airflow/dags/prod/airbyte_to_dbt_prod.py
[2026-08-30T14:55:27.912+0000] {processor.py:914} INFO - Processing file /opt/airflow/dags/prod/airbyte_to_dbt_prod.py for tasks to queue
[2026-08-30T14:55:27.915+0000] {logging_mixin.py:190} INFO - [2026-08-30T14:55:27.914+0000] {dagbag.py:588} INFO - Filling up the DagBag from /opt/airflow/dags/prod/airbyte_to_dbt_prod.py
[2026-08-30T14:55:27.938+0000] {processor.py:925} INFO - DAG(s) 'airbyte_to_dbt_pipeline_prod' retrieved from /opt/airflow/dags/prod/airbyte_to_dbt_prod.py
[2026-08-30T14:55:27.981+0000] {logging_mixin.py:190} INFO - [2026-08-30T14:55:27.981+0000] {dag.py:3239} INFO - Sync 1 DAGs
[2026-08-30T14:55:28.015+0000] {logging_mixin.py:190} INFO - [2026-08-30T14:55:28.015+0000] {dag.py:4180} INFO - Setting next_dagrun for airbyte_to_dbt_pipeline_prod to 2026-08-30 13:00:00+00:00, run_after=2026-08-30 14:00:00+00:00
[2026-08-30T14:55:28.039+0000] {processor.py:208} INFO - Processing /opt/airflow/dags/prod/airbyte_to_dbt_prod.py took 0.136 seconds
[2026-08-30T14:55:58.333+0000] {processor.py:186} INFO - Started process (PID=4944) to work on /opt/airflow/dags/prod/airbyte_to_dbt_prod.py
[2026-08-30T14:55:58.336+0000] {processor.py:914} INFO - Processing file /opt/airflow/dags/prod/airbyte_to_dbt_prod.py for tasks to queue
[2026-08-30T14:55:58.430+0000] {logging_mixin.py:190} INFO - [2026-08-30T14:55:58.426+0000] {dagbag.py:588} INFO - Filling up the DagBag from /opt/airflow/dags/prod/airbyte_to_dbt_prod.py
[2026-08-30T14:55:58.745+0000] {processor.py:925} INFO - DAG(s) 'airbyte_to_dbt_pipeline_prod' retrieved from /opt/airflow/dags/prod/airbyte_to_dbt_prod.py
[2026-08-30T14:55:58.829+0000] {logging_mixin.py:190} INFO - [2026-08-30T14:55:58.829+0000] {dag.py:3239} INFO - Sync 1 DAGs
[2026-08-30T14:55:58.865+0000] {logging_mixin.py:190} INFO - [2026-08-30T14:55:58.865+0000] {dag.py:4180} INFO - Setting next_dagrun for airbyte_to_dbt_pipeline_prod to 2026-08-30 13:00:00+00:00, run_after=2026-08-30 14:00:00+00:00
[2026-08-30T14:55:58.892+0000] {processor.py:208} INFO - Processing /opt/airflow/dags/prod/airbyte_to_dbt_prod.py took 0.666 seconds
[2026-08-30T14:56:29.056+0000] {processor.py:186} INFO - Started process (PID=4956) to work on /opt/airflow/dags/prod/airbyte_to_dbt_prod.py
[2026-08-30T14:56:29.057+0000] {processor.py:914} INFO - Processing file /opt/airflow/dags/prod/airbyte_to_dbt_prod.py for tasks to queue
[2026-08-30T14:56:29.060+0000] {logging_mixin.py:190} INFO - [2026-08-30T14:56:29.059+0000] {dagbag.py:588} INFO - Filling up the DagBag from /opt/airflow/dags/prod/airbyte_to_dbt_prod.py
[2026-08-30T14:56:29.081+0000] {processor.py:925} INFO - DAG(s) 'airbyte_to_dbt_pipeline_prod' retrieved from /opt/airflow/dags/prod/airbyte_to_dbt_prod.py
[2026-08-30T14:56:29.126+0000] {logging_mixin.py:190} INFO - [2026-08-30T14:56:29.125+0000] {dag.py:3239} INFO - Sync 1 DAGs
[2026-08-30T14:56:29.161+0000] {logging_mixin.py:190} INFO - [2026-08-30T14:56:29.160+0000] {dag.py:4180} INFO - Setting next_dagrun for airbyte_to_dbt_pipeline_prod to 2026-08-30 13:00:00+00:00, run_after=2026-08-30 14:00:00+00:00
[2026-08-30T14:56:29.185+0000] {processor.py:208} INFO - Processing /opt/airflow/dags/prod/airbyte_to_dbt_prod.py took 0.137 seconds
[2026-08-30T14:56:59.342+0000] {processor.py:186} INFO - Started process (PID=4966) to work on /opt/airflow/dags/prod/airbyte_to_dbt_prod.py
[2026-08-30T14:56:59.344+0000] {processor.py:914} INFO - Processing file /opt/airflow/dags/prod/airbyte_to_dbt_prod.py for tasks to queue
[2026-08-30T14:56:59.347+0000] {logging_mixin.py:190} INFO - [2026-08-30T14:56:59.347+0000] {dagbag.py:588} INFO - Filling up the DagBag from /opt/airflow/dags/prod/airbyte_to_dbt_prod.py
[2026-08-30T14:56:59.369+0000] {processor.py:925} INFO - DAG(s) 'airbyte_to_dbt_pipeline_prod' retrieved from /opt/airflow/dags/prod/airbyte_to_dbt_prod.py
[2026-08-30T14:56:59.419+0000] {logging_mixin.py:190} INFO - [2026-08-30T14:56:59.418+0000] {dag.py:3239} INFO - Sync 1 DAGs
[2026-08-30T14:56:59.453+0000] {logging_mixin.py:190} INFO - [2026-08-30T14:56:59.453+0000] {dag.py:4180} INFO - Setting next_dagrun for airbyte_to_dbt_pipeline_prod to 2026-08-30 13:00:00+00:00, run_after=2026-08-30 14:00:00+00:00
[2026-08-30T14:56:59.476+0000] {processor.py:208} INFO - Processing /opt/airflow/dags/prod/airbyte_to_dbt_prod.py took 0.142 seconds
[2026-08-30T14:57:29.630+0000] {processor.py:186} INFO - Started process (PID=4976) to work on /opt/airflow/dags/prod/airbyte_to_dbt_prod.py
[2026-08-30T14:57:29.630+0000] {processor.py:914} INFO - Processing file /opt/airflow/dags/prod/airbyte_to_dbt_prod.py for tasks to queue
[2026-08-30T14:57:29.634+0000] {logging_mixin.py:190} INFO - [2026-08-30T14:57:29.633+0000] {dagbag.py:588} INFO - Filling up the DagBag from /opt/airflow/dags/prod/airbyte_to_dbt_prod.py
[2026-08-30T14:57:29.659+0000] {processor.py:925} INFO - DAG(s) 'airbyte_to_dbt_pipeline_prod' retrieved from /opt/airflow/dags/prod/airbyte_to_dbt_prod.py
[2026-08-30T14:57:29.705+0000] {logging_mixin.py:190} INFO - [2026-08-30T14:57:29.705+0000] {dag.py:3239} INFO - Sync 1 DAGs
[2026-08-30T14:57:29.745+0000] {logging_mixin.py:190} INFO - [2026-08-30T14:57:29.745+0000] {dag.py:4180} INFO - Setting next_dagrun for airbyte_to_dbt_pipeline_prod to 2026-08-30 13:00:00+00:00, run_after=2026-08-30 14:00:00+00:00
[2026-08-30T14:57:29.771+0000] {processor.py:208} INFO - Processing /opt/airflow/dags/prod/airbyte_to_dbt_prod.py took 0.150 seconds
[2026-08-30T14:57:59.928+0000] {processor.py:186} INFO - Started process (PID=4986) to work on /opt/airflow/dags/prod/airbyte_to_dbt_prod.py
[2026-08-30T14:57:59.929+0000] {processor.py:914} INFO - Processing file /opt/airflow/dags/prod/airbyte_to_dbt_prod.py for tasks to queue
[2026-08-30T14:57:59.933+0000] {logging_mixin.py:190} INFO - [2026-08-30T14:57:59.933+0000] {dagbag.py:588} INFO - Filling up the DagBag from /opt/airflow/dags/prod/airbyte_to_dbt_prod.py
[2026-08-30T14:57:59.966+0000] {processor.py:925} INFO - DAG(s) 'airbyte_to_dbt_pipeline_prod' retrieved from /opt/airflow/dags/prod/airbyte_to_dbt_prod.py
[2026-08-30T14:58:00.025+0000] {logging_mixin.py:190} INFO - [2026-08-30T14:58:00.025+0000] {dag.py:3239} INFO - Sync 1 DAGs
[2026-08-30T14:58:00.060+0000] {logging_mixin.py:190} INFO - [2026-08-30T14:58:00.060+0000] {dag.py:4180} INFO - Setting next_dagrun for airbyte_to_dbt_pipeline_prod to 2026-08-30 13:00:00+00:00, run_after=2026-08-30 14:00:00+00:00
[2026-08-30T14:58:00.083+0000] {processor.py:208} INFO - Processing /opt/airflow/dags/prod/airbyte_to_dbt_prod.py took 0.164 seconds
[2026-08-30T14:58:30.235+0000] {processor.py:186} INFO - Started process (PID=4996) to work on /opt/airflow/dags/prod/airbyte_to_dbt_prod.py
[2026-08-30T14:58:30.235+0000] {processor.py:914} INFO - Processing file /opt/airflow/dags/prod/airbyte_to_dbt_prod.py for tasks to queue
[2026-08-30T14:58:30.239+0000] {logging_mixin.py:190} INFO - [2026-08-30T14:58:30.238+0000] {dagbag.py:588} INFO - Filling up the DagBag from /opt/airflow/dags/prod/airbyte_to_dbt_prod.py
[2026-08-30T14:58:30.260+0000] {processor.py:925} INFO - DAG(s) 'airbyte_to_dbt_pipeline_prod' retrieved from /opt/airflow/dags/prod/airbyte_to_dbt_prod.py
[2026-08-30T14:58:30.300+0000] {logging_mixin.py:190} INFO - [2026-08-30T14:58:30.300+0000] {dag.py:3239} INFO - Sync 1 DAGs
[2026-08-30T14:58:30.336+0000] {logging_mixin.py:190} INFO - [2026-08-30T14:58:30.336+0000] {dag.py:4180} INFO - Setting next_dagrun for airbyte_to_dbt_pipeline_prod to 2026-08-30 13:00:00+00:00, run_after=2026-08-30 14:00:00+00:00
[2026-08-30T14:58:30.359+0000] {processor.py:208} INFO - Processing /opt/airflow/dags/prod/airbyte_to_dbt_prod.py took 0.132 seconds
[2026-08-30T14:59:00.521+0000] {processor.py:186} INFO - Started process (PID=5006) to work on /opt/airflow/dags/prod/airbyte_to_dbt_prod.py
[2026-08-30T14:59:00.522+0000] {processor.py:914} INFO - Processing file /opt/airflow/dags/prod/airbyte_to_dbt_prod.py for tasks to queue
[2026-08-30T14:59:00.525+0000] {logging_mixin.py:190} INFO - [2026-08-30T14:59:00.525+0000] {dagbag.py:588} INFO - Filling up the DagBag from /opt/airflow/dags/prod/airbyte_to_dbt_prod.py
[2026-08-30T14:59:00.547+0000] {processor.py:925} INFO - DAG(s) 'airbyte_to_dbt_pipeline_prod' retrieved from /opt/airflow/dags/prod/airbyte_to_dbt_prod.py
[2026-08-30T14:59:00.586+0000] {logging_mixin.py:190} INFO - [2026-08-30T14:59:00.586+0000] {dag.py:3239} INFO - Sync 1 DAGs
[2026-08-30T14:59:00.616+0000] {logging_mixin.py:190} INFO - [2026-08-30T14:59:00.616+0000] {dag.py:4180} INFO - Setting next_dagrun for airbyte_to_dbt_pipeline_prod to 2026-08-30 13:00:00+00:00, run_after=2026-08-30 14:00:00+00:00
[2026-08-30T14:59:00.637+0000] {processor.py:208} INFO - Processing /opt/airflow/dags/prod/airbyte_to_dbt_prod.py took 0.124 seconds
[2026-08-30T14:59:30.801+0000] {processor.py:186} INFO - Started process (PID=5016) to work on /opt/airflow/dags/prod/airbyte_to_dbt_prod.py
[2026-08-30T14:59:30.802+0000] {processor.py:914} INFO - Processing file /opt/airflow/dags/prod/airbyte_to_dbt_prod.py for tasks to queue
[2026-08-30T14:59:30.805+0000] {logging_mixin.py:190} INFO - [2026-08-30T14:59:30.805+0000] {dagbag.py:588} INFO - Filling up the DagBag from /opt/airflow/dags/prod/airbyte_to_dbt_prod.py
[2026-08-30T14:59:30.828+0000] {processor.py:925} INFO - DAG(s) 'airbyte_to_dbt_pipeline_prod' retrieved from /opt/airflow/dags/prod/airbyte_to_dbt_prod.py
[2026-08-30T14:59:30.866+0000] {logging_mixin.py:190} INFO - [2026-08-30T14:59:30.866+0000] {dag.py:3239} INFO - Sync 1 DAGs
[2026-08-30T14:59:30.895+0000] {logging_mixin.py:190} INFO - [2026-08-30T14:59:30.895+0000] {dag.py:4180} INFO - Setting next_dagrun for airbyte_to_dbt_pipeline_prod to 2026-08-30 13:00:00+00:00, run_after=2026-08-30 14:00:00+00:00
[2026-08-30T14:59:30.918+0000] {processor.py:208} INFO - Processing /opt/airflow/dags/prod/airbyte_to_dbt_prod.py took 0.125 seconds
[2026-08-30T15:00:01.088+0000] {processor.py:186} INFO - Started process (PID=5026) to work on /opt/airflow/dags/prod/airbyte_to_dbt_prod.py
[2026-08-30T15:00:01.089+0000] {processor.py:914} INFO - Processing file /opt/airflow/dags/prod/airbyte_to_dbt_prod.py for tasks to queue
[2026-08-30T15:00:01.093+0000] {logging_mixin.py:190} INFO - [2026-08-30T15:00:01.092+0000] {dagbag.py:588} INFO - Filling up the DagBag from /opt/airflow/dags/prod/airbyte_to_dbt_prod.py
[2026-08-30T15:00:01.116+0000] {processor.py:925} INFO - DAG(s) 'airbyte_to_dbt_pipeline_prod' retrieved from /opt/airflow/dags/prod/airbyte_to_dbt_prod.py
[2026-08-30T15:00:01.168+0000] {logging_mixin.py:190} INFO - [2026-08-30T15:00:01.168+0000] {dag.py:3239} INFO - Sync 1 DAGs
[2026-08-30T15:00:01.204+0000] {logging_mixin.py:190} INFO - [2026-08-30T15:00:01.203+0000] {dag.py:4180} INFO - Setting next_dagrun for airbyte_to_dbt_pipeline_prod to 2026-08-30 14:00:00+00:00, run_after=2026-08-30 15:00:00+00:00
[2026-08-30T15:00:01.229+0000] {processor.py:208} INFO - Processing /opt/airflow/dags/prod/airbyte_to_dbt_prod.py took 0.148 seconds
[2026-08-30T15:00:31.388+0000] {processor.py:186} INFO - Started process (PID=5036) to work on /opt/airflow/dags/prod/airbyte_to_dbt_prod.py
[2026-08-30T15:00:31.390+0000] {processor.py:914} INFO - Processing file /opt/airflow/dags/prod/airbyte_to_dbt_prod.py for tasks to queue
[2026-08-30T15:00:31.393+0000] {logging_mixin.py:190} INFO - [2026-08-30T15:00:31.393+0000] {dagbag.py:588} INFO - Filling up the DagBag from /opt/airflow/dags/prod/airbyte_to_dbt_prod.py
[2026-08-30T15:00:31.414+0000] {processor.py:925} INFO - DAG(s) 'airbyte_to_dbt_pipeline_prod' retrieved from /opt/airflow/dags/prod/airbyte_to_dbt_prod.py
[2026-08-30T15:00:31.453+0000] {logging_mixin.py:190} INFO - [2026-08-30T15:00:31.453+0000] {dag.py:3239} INFO - Sync 1 DAGs
[2026-08-30T15:00:31.485+0000] {logging_mixin.py:190} INFO - [2026-08-30T15:00:31.485+0000] {dag.py:4180} INFO - Setting next_dagrun for airbyte_to_dbt_pipeline_prod to 2026-08-30 14:00:00+00:00, run_after=2026-08-30 15:00:00+00:00
[2026-08-30T15:00:31.508+0000] {processor.py:208} INFO - Processing /opt/airflow/dags/prod/airbyte_to_dbt_prod.py took 0.129 seconds
[2026-08-30T15:01:01.665+0000] {processor.py:186} INFO - Started process (PID=5046) to work on /opt/airflow/dags/prod/airbyte_to_dbt_prod.py
[2026-08-30T15:01:01.666+0000] {processor.py:914} INFO - Processing file /opt/airflow/dags/prod/airbyte_to_dbt_prod.py for tasks to queue
[2026-08-30T15:01:01.669+0000] {logging_mixin.py:190} INFO - [2026-08-30T15:01:01.669+0000] {dagbag.py:588} INFO - Filling up the DagBag from /opt/airflow/dags/prod/airbyte_to_dbt_prod.py
[2026-08-30T15:01:01.692+0000] {processor.py:925} INFO - DAG(s) 'airbyte_to_dbt_pipeline_prod' retrieved from /opt/airflow/dags/prod/airbyte_to_dbt_prod.py
[2026-08-30T15:01:01.738+0000] {logging_mixin.py:190} INFO - [2026-08-30T15:01:01.738+0000] {dag.py:3239} INFO - Sync 1 DAGs
[2026-08-30T15:01:01.773+0000] {logging_mixin.py:190} INFO - [2026-08-30T15:01:01.773+0000] {dag.py:4180} INFO - Setting next_dagrun for airbyte_to_dbt_pipeline_prod to 2026-08-30 14:00:00+00:00, run_after=2026-08-30 15:00:00+00:00
[2026-08-30T15:01:01.797+0000] {processor.py:208} INFO - Processing /opt/airflow/dags/prod/airbyte_to_dbt_prod.py took 0.140 seconds
[2026-08-30T15:01:31.954+0000] {processor.py:186} INFO - Started process (PID=5056) to work on /opt/airflow/dags/prod/airbyte_to_dbt_prod.py
[2026-08-30T15:01:31.956+0000] {processor.py:914} INFO - Processing file /opt/airflow/dags/prod/airbyte_to_dbt_prod.py for tasks to queue
[2026-08-30T15:01:31.959+0000] {logging_mixin.py:190} INFO - [2026-08-30T15:01:31.958+0000] {dagbag.py:588} INFO - Filling up the DagBag from /opt/airflow/dags/prod/airbyte_to_dbt_prod.py
[2026-08-30T15:01:31.980+0000] {processor.py:925} INFO - DAG(s) 'airbyte_to_dbt_pipeline_prod' retrieved from /opt/airflow/dags/prod/airbyte_to_dbt_prod.py
[2026-08-30T15:01:32.020+0000] {logging_mixin.py:190} INFO - [2026-08-30T15:01:32.020+0000] {dag.py:3239} INFO - Sync 1 DAGs
[2026-08-30T15:01:32.056+0000] {logging_mixin.py:190} INFO - [2026-08-30T15:01:32.056+0000] {dag.py:4180} INFO - Setting next_dagrun for airbyte_to_dbt_pipeline_prod to 2026-08-30 14:00:00+00:00, run_after=2026-08-30 15:00:00+00:00
[2026-08-30T15:01:32.082+0000] {processor.py:208} INFO - Processing /opt/airflow/dags/prod/airbyte_to_dbt_prod.py took 0.136 seconds
[2026-08-30T15:02:02.237+0000] {processor.py:186} INFO - Started process (PID=5066) to work on /opt/airflow/dags/prod/airbyte_to_dbt_prod.py
[2026-08-30T15:02:02.238+0000] {processor.py:914} INFO - Processing file /opt/airflow/dags/prod/airbyte_to_dbt_prod.py for tasks to queue
[2026-08-30T15:02:02.241+0000] {logging_mixin.py:190} INFO - [2026-08-30T15:02:02.241+0000] {dagbag.py:588} INFO - Filling up the DagBag from /opt/airflow/dags/prod/airbyte_to_dbt_prod.py
[2026-08-30T15:02:02.262+0000] {processor.py:925} INFO - DAG(s) 'airbyte_to_dbt_pipeline_prod' retrieved from /opt/airflow/dags/prod/airbyte_to_dbt_prod.py
[2026-08-30T15:02:02.302+0000] {logging_mixin.py:190} INFO - [2026-08-30T15:02:02.302+0000] {dag.py:3239} INFO - Sync 1 DAGs
[2026-08-30T15:02:02.333+0000] {logging_mixin.py:190} INFO - [2026-08-30T15:02:02.333+0000] {dag.py:4180} INFO - Setting next_dagrun for airbyte_to_dbt_pipeline_prod to 2026-08-30 14:00:00+00:00, run_after=2026-08-30 15:00:00+00:00
[2026-08-30T15:02:02.357+0000] {processor.py:208} INFO - Processing /opt/airflow/dags/prod/airbyte_to_dbt_prod.py took 0.129 seconds
[2026-08-30T15:02:32.533+0000] {processor.py:186} INFO - Started process (PID=5076) to work on /opt/airflow/dags/prod/airbyte_to_dbt_prod.py
[2026-08-30T15:02:32.534+0000] {processor.py:914} INFO - Processing file /opt/airflow/dags/prod/airbyte_to_dbt_prod.py for tasks to queue
[2026-08-30T15:02:32.537+0000] {logging_mixin.py:190} INFO - [2026-08-30T15:02:32.536+0000] {dagbag.py:588} INFO - Filling up the DagBag from /opt/airflow/dags/prod/airbyte_to_dbt_prod.py
[2026-08-30T15:02:32.559+0000] {processor.py:925} INFO - DAG(s) 'airbyte_to_dbt_pipeline_prod' retrieved from /opt/airflow/dags/prod/airbyte_to_dbt_prod.py
[2026-08-30T15:02:32.599+0000] {logging_mixin.py:190} INFO - [2026-08-30T15:02:32.599+0000] {dag.py:3239} INFO - Sync 1 DAGs
[2026-08-30T15:02:32.630+0000] {logging_mixin.py:190} INFO - [2026-08-30T15:02:32.629+0000] {dag.py:4180} INFO - Setting next_dagrun for airbyte_to_dbt_pipeline_prod to 2026-08-30 14:00:00+00:00, run_after=2026-08-30 15:00:00+00:00
[2026-08-30T15:02:32.654+0000] {processor.py:208} INFO - Processing /opt/airflow/dags/prod/airbyte_to_dbt_prod.py took 0.129 seconds
[2026-08-30T15:03:02.812+0000] {processor.py:186} INFO - Started process (PID=5086) to work on /opt/airflow/dags/prod/airbyte_to_dbt_prod.py
[2026-08-30T15:03:02.814+0000] {processor.py:914} INFO - Processing file /opt/airflow/dags/prod/airbyte_to_dbt_prod.py for tasks to queue
[2026-08-30T15:03:02.817+0000] {logging_mixin.py:190} INFO - [2026-08-30T15:03:02.816+0000] {dagbag.py:588} INFO - Filling up the DagBag from /opt/airflow/dags/prod/airbyte_to_dbt_prod.py
[2026-08-30T15:03:02.840+0000] {processor.py:925} INFO - DAG(s) 'airbyte_to_dbt_pipeline_prod' retrieved from /opt/airflow/dags/prod/airbyte_to_dbt_prod.py
[2026-08-30T15:03:02.893+0000] {logging_mixin.py:190} INFO - [2026-08-30T15:03:02.892+0000] {dag.py:3239} INFO - Sync 1 DAGs
[2026-08-30T15:03:02.927+0000] {logging_mixin.py:190} INFO - [2026-08-30T15:03:02.927+0000] {dag.py:4180} INFO - Setting next_dagrun for airbyte_to_dbt_pipeline_prod to 2026-08-30 14:00:00+00:00, run_after=2026-08-30 15:00:00+00:00
[2026-08-30T15:03:02.952+0000] {processor.py:208} INFO - Processing /opt/airflow/dags/prod/airbyte_to_dbt_prod.py took 0.150 seconds
[2026-08-30T15:03:33.116+0000] {processor.py:186} INFO - Started process (PID=5096) to work on /opt/airflow/dags/prod/airbyte_to_dbt_prod.py
[2026-08-30T15:03:33.117+0000] {processor.py:914} INFO - Processing file /opt/airflow/dags/prod/airbyte_to_dbt_prod.py for tasks to queue
[2026-08-30T15:03:33.120+0000] {logging_mixin.py:190} INFO - [2026-08-30T15:03:33.120+0000] {dagbag.py:588} INFO - Filling up the DagBag from /opt/airflow/dags/prod/airbyte_to_dbt_prod.py
[2026-08-30T15:03:33.149+0000] {processor.py:925} INFO - DAG(s) 'airbyte_to_dbt_pipeline_prod' retrieved from /opt/airflow/dags/prod/airbyte_to_dbt_prod.py
[2026-08-30T15:03:33.204+0000] {logging_mixin.py:190} INFO - [2026-08-30T15:03:33.204+0000] {dag.py:3239} INFO - Sync 1 DAGs
[2026-08-30T15:03:33.240+0000] {logging_mixin.py:190} INFO - [2026-08-30T15:03:33.240+0000] {dag.py:4180} INFO - Setting next_dagrun for airbyte_to_dbt_pipeline_prod to 2026-08-30 14:00:00+00:00, run_after=2026-08-30 15:00:00+00:00
[2026-08-30T15:03:33.264+0000] {processor.py:208} INFO - Processing /opt/airflow/dags/prod/airbyte_to_dbt_prod.py took 0.156 seconds
[2026-08-30T15:04:03.432+0000] {processor.py:186} INFO - Started process (PID=5106) to work on /opt/airflow/dags/prod/airbyte_to_dbt_prod.py
[2026-08-30T15:04:03.450+0000] {processor.py:914} INFO - Processing file /opt/airflow/dags/prod/airbyte_to_dbt_prod.py for tasks to queue
[2026-08-30T15:04:03.454+0000] {logging_mixin.py:190} INFO - [2026-08-30T15:04:03.454+0000] {dagbag.py:588} INFO - Filling up the DagBag from /opt/airflow/dags/prod/airbyte_to_dbt_prod.py
[2026-08-30T15:04:03.487+0000] {processor.py:925} INFO - DAG(s) 'airbyte_to_dbt_pipeline_prod' retrieved from /opt/airflow/dags/prod/airbyte_to_dbt_prod.py
[2026-08-30T15:04:03.548+0000] {logging_mixin.py:190} INFO - [2026-08-30T15:04:03.548+0000] {dag.py:3239} INFO - Sync 1 DAGs
[2026-08-30T15:04:03.590+0000] {logging_mixin.py:190} INFO - [2026-08-30T15:04:03.590+0000] {dag.py:4180} INFO - Setting next_dagrun for airbyte_to_dbt_pipeline_prod to 2026-08-30 14:00:00+00:00, run_after=2026-08-30 15:00:00+00:00
[2026-08-30T15:04:03.661+0000] {processor.py:208} INFO - Processing /opt/airflow/dags/prod/airbyte_to_dbt_prod.py took 0.240 seconds
[2026-08-30T15:06:36.239+0000] {processor.py:186} INFO - Started process (PID=5114) to work on /opt/airflow/dags/prod/airbyte_to_dbt_prod.py
[2026-08-30T15:06:36.260+0000] {processor.py:914} INFO - Processing file /opt/airflow/dags/prod/airbyte_to_dbt_prod.py for tasks to queue
[2026-08-30T15:06:36.264+0000] {logging_mixin.py:190} INFO - [2026-08-30T15:06:36.264+0000] {dagbag.py:588} INFO - Filling up the DagBag from /opt/airflow/dags/prod/airbyte_to_dbt_prod.py
[2026-08-30T15:06:36.293+0000] {processor.py:925} INFO - DAG(s) 'airbyte_to_dbt_pipeline_prod' retrieved from /opt/airflow/dags/prod/airbyte_to_dbt_prod.py
[2026-08-30T15:06:36.361+0000] {logging_mixin.py:190} INFO - [2026-08-30T15:06:36.361+0000] {dag.py:3239} INFO - Sync 1 DAGs
[2026-08-30T15:06:36.406+0000] {logging_mixin.py:190} INFO - [2026-08-30T15:06:36.406+0000] {dag.py:4180} INFO - Setting next_dagrun for airbyte_to_dbt_pipeline_prod to 2026-08-30 14:00:00+00:00, run_after=2026-08-30 15:00:00+00:00
[2026-08-30T15:06:36.472+0000] {processor.py:208} INFO - Processing /opt/airflow/dags/prod/airbyte_to_dbt_prod.py took 0.245 seconds
[2026-08-30T15:07:07.462+0000] {processor.py:186} INFO - Started process (PID=5124) to work on /opt/airflow/dags/prod/airbyte_to_dbt_prod.py
[2026-08-30T15:07:07.464+0000] {processor.py:914} INFO - Processing file /opt/airflow/dags/prod/airbyte_to_dbt_prod.py for tasks to queue
[2026-08-30T15:07:07.488+0000] {logging_mixin.py:190} INFO - [2026-08-30T15:07:07.484+0000] {dagbag.py:588} INFO - Filling up the DagBag from /opt/airflow/dags/prod/airbyte_to_dbt_prod.py
[2026-08-30T15:07:07.931+0000] {processor.py:925} INFO - DAG(s) 'airbyte_to_dbt_pipeline_prod' retrieved from /opt/airflow/dags/prod/airbyte_to_dbt_prod.py
[2026-08-30T15:07:08.730+0000] {logging_mixin.py:190} INFO - [2026-08-30T15:07:08.729+0000] {dag.py:3239} INFO - Sync 1 DAGs
[2026-08-30T15:07:09.022+0000] {logging_mixin.py:190} INFO - [2026-08-30T15:07:09.022+0000] {dag.py:4180} INFO - Setting next_dagrun for airbyte_to_dbt_pipeline_prod to 2026-08-30 14:00:00+00:00, run_after=2026-08-30 15:00:00+00:00
[2026-08-30T15:07:09.048+0000] {processor.py:208} INFO - Processing /opt/airflow/dags/prod/airbyte_to_dbt_prod.py took 2.040 seconds
[2026-08-30T15:07:39.798+0000] {processor.py:186} INFO - Started process (PID=5134) to work on /opt/airflow/dags/prod/airbyte_to_dbt_prod.py
[2026-08-30T15:07:39.799+0000] {processor.py:914} INFO - Processing file /opt/airflow/dags/prod/airbyte_to_dbt_prod.py for tasks to queue
[2026-08-30T15:07:39.843+0000] {logging_mixin.py:190} INFO - [2026-08-30T15:07:39.840+0000] {dagbag.py:588} INFO - Filling up the DagBag from /opt/airflow/dags/prod/airbyte_to_dbt_prod.py
[2026-08-30T15:07:39.899+0000] {processor.py:925} INFO - DAG(s) 'airbyte_to_dbt_pipeline_prod' retrieved from /opt/airflow/dags/prod/airbyte_to_dbt_prod.py
[2026-08-30T15:07:39.959+0000] {logging_mixin.py:190} INFO - [2026-08-30T15:07:39.959+0000] {dag.py:3239} INFO - Sync 1 DAGs
[2026-08-30T15:07:40.028+0000] {logging_mixin.py:190} INFO - [2026-08-30T15:07:40.028+0000] {dag.py:4180} INFO - Setting next_dagrun for airbyte_to_dbt_pipeline_prod to 2026-08-30 14:00:00+00:00, run_after=2026-08-30 15:00:00+00:00
[2026-08-30T15:07:40.055+0000] {processor.py:208} INFO - Processing /opt/airflow/dags/prod/airbyte_to_dbt_prod.py took 0.273 seconds
[2026-08-30T15:08:10.219+0000] {processor.py:186} INFO - Started process (PID=5146) to work on /opt/airflow/dags/prod/airbyte_to_dbt_prod.py
[2026-08-30T15:08:10.220+0000] {processor.py:914} INFO - Processing file /opt/airflow/dags/prod/airbyte_to_dbt_prod.py for tasks to queue
[2026-08-30T15:08:10.225+0000] {logging_mixin.py:190} INFO - [2026-08-30T15:08:10.224+0000] {dagbag.py:588} INFO - Filling up the DagBag from /opt/airflow/dags/prod/airbyte_to_dbt_prod.py
[2026-08-30T15:08:10.254+0000] {processor.py:925} INFO - DAG(s) 'airbyte_to_dbt_pipeline_prod' retrieved from /opt/airflow/dags/prod/airbyte_to_dbt_prod.py
[2026-08-30T15:08:10.296+0000] {logging_mixin.py:190} INFO - [2026-08-30T15:08:10.296+0000] {dag.py:3239} INFO - Sync 1 DAGs
[2026-08-30T15:08:10.326+0000] {logging_mixin.py:190} INFO - [2026-08-30T15:08:10.325+0000] {dag.py:4180} INFO - Setting next_dagrun for airbyte_to_dbt_pipeline_prod to 2026-08-30 14:00:00+00:00, run_after=2026-08-30 15:00:00+00:00
[2026-08-30T15:08:10.352+0000] {processor.py:208} INFO - Processing /opt/airflow/dags/prod/airbyte_to_dbt_prod.py took 0.144 seconds
[2026-08-30T15:08:40.575+0000] {processor.py:186} INFO - Started process (PID=5156) to work on /opt/airflow/dags/prod/airbyte_to_dbt_prod.py
[2026-08-30T15:08:40.576+0000] {processor.py:914} INFO - Processing file /opt/airflow/dags/prod/airbyte_to_dbt_prod.py for tasks to queue
[2026-08-30T15:08:40.581+0000] {logging_mixin.py:190} INFO - [2026-08-30T15:08:40.580+0000] {dagbag.py:588} INFO - Filling up the DagBag from /opt/airflow/dags/prod/airbyte_to_dbt_prod.py
[2026-08-30T15:08:40.618+0000] {processor.py:925} INFO - DAG(s) 'airbyte_to_dbt_pipeline_prod' retrieved from /opt/airflow/dags/prod/airbyte_to_dbt_prod.py
[2026-08-30T15:08:40.684+0000] {logging_mixin.py:190} INFO - [2026-08-30T15:08:40.683+0000] {dag.py:3239} INFO - Sync 1 DAGs
[2026-08-30T15:08:40.740+0000] {logging_mixin.py:190} INFO - [2026-08-30T15:08:40.739+0000] {dag.py:4180} INFO - Setting next_dagrun for airbyte_to_dbt_pipeline_prod to 2026-08-30 14:00:00+00:00, run_after=2026-08-30 15:00:00+00:00
[2026-08-30T15:08:40.784+0000] {processor.py:208} INFO - Processing /opt/airflow/dags/prod/airbyte_to_dbt_prod.py took 0.221 seconds
[2026-08-30T15:09:10.976+0000] {processor.py:186} INFO - Started process (PID=5166) to work on /opt/airflow/dags/prod/airbyte_to_dbt_prod.py
[2026-08-30T15:09:10.977+0000] {processor.py:914} INFO - Processing file /opt/airflow/dags/prod/airbyte_to_dbt_prod.py for tasks to queue
[2026-08-30T15:09:10.981+0000] {logging_mixin.py:190} INFO - [2026-08-30T15:09:10.981+0000] {dagbag.py:588} INFO - Filling up the DagBag from /opt/airflow/dags/prod/airbyte_to_dbt_prod.py
[2026-08-30T15:09:11.015+0000] {processor.py:925} INFO - DAG(s) 'airbyte_to_dbt_pipeline_prod' retrieved from /opt/airflow/dags/prod/airbyte_to_dbt_prod.py
[2026-08-30T15:09:11.074+0000] {logging_mixin.py:190} INFO - [2026-08-30T15:09:11.074+0000] {dag.py:3239} INFO - Sync 1 DAGs
[2026-08-30T15:09:11.112+0000] {logging_mixin.py:190} INFO - [2026-08-30T15:09:11.112+0000] {dag.py:4180} INFO - Setting next_dagrun for airbyte_to_dbt_pipeline_prod to 2026-08-30 14:00:00+00:00, run_after=2026-08-30 15:00:00+00:00
[2026-08-30T15:09:11.141+0000] {processor.py:208} INFO - Processing /opt/airflow/dags/prod/airbyte_to_dbt_prod.py took 0.178 seconds
[2026-08-30T15:09:41.601+0000] {processor.py:186} INFO - Started process (PID=5174) to work on /opt/airflow/dags/prod/airbyte_to_dbt_prod.py
[2026-08-30T15:09:41.607+0000] {processor.py:914} INFO - Processing file /opt/airflow/dags/prod/airbyte_to_dbt_prod.py for tasks to queue
[2026-08-30T15:09:41.727+0000] {logging_mixin.py:190} INFO - [2026-08-30T15:09:41.722+0000] {dagbag.py:588} INFO - Filling up the DagBag from /opt/airflow/dags/prod/airbyte_to_dbt_prod.py
[2026-08-30T15:09:42.221+0000] {processor.py:925} INFO - DAG(s) 'airbyte_to_dbt_pipeline_prod' retrieved from /opt/airflow/dags/prod/airbyte_to_dbt_prod.py
[2026-08-30T15:09:42.511+0000] {logging_mixin.py:190} INFO - [2026-08-30T15:09:42.511+0000] {dag.py:3239} INFO - Sync 1 DAGs
[2026-08-30T15:09:42.660+0000] {logging_mixin.py:190} INFO - [2026-08-30T15:09:42.659+0000] {dag.py:4180} INFO - Setting next_dagrun for airbyte_to_dbt_pipeline_prod to 2026-08-30 14:00:00+00:00, run_after=2026-08-30 15:00:00+00:00
[2026-08-30T15:09:42.685+0000] {processor.py:208} INFO - Processing /opt/airflow/dags/prod/airbyte_to_dbt_prod.py took 1.284 seconds
[2026-08-30T15:10:12.870+0000] {processor.py:186} INFO - Started process (PID=5186) to work on /opt/airflow/dags/prod/airbyte_to_dbt_prod.py
[2026-08-30T15:10:12.872+0000] {processor.py:914} INFO - Processing file /opt/airflow/dags/prod/airbyte_to_dbt_prod.py for tasks to queue
[2026-08-30T15:10:12.878+0000] {logging_mixin.py:190} INFO - [2026-08-30T15:10:12.877+0000] {dagbag.py:588} INFO - Filling up the DagBag from /opt/airflow/dags/prod/airbyte_to_dbt_prod.py
[2026-08-30T15:10:12.915+0000] {processor.py:925} INFO - DAG(s) 'airbyte_to_dbt_pipeline_prod' retrieved from /opt/airflow/dags/prod/airbyte_to_dbt_prod.py
[2026-08-30T15:10:12.977+0000] {logging_mixin.py:190} INFO - [2026-08-30T15:10:12.977+0000] {dag.py:3239} INFO - Sync 1 DAGs
[2026-08-30T15:10:13.016+0000] {logging_mixin.py:190} INFO - [2026-08-30T15:10:13.016+0000] {dag.py:4180} INFO - Setting next_dagrun for airbyte_to_dbt_pipeline_prod to 2026-08-30 14:00:00+00:00, run_after=2026-08-30 15:00:00+00:00
[2026-08-30T15:10:13.041+0000] {processor.py:208} INFO - Processing /opt/airflow/dags/prod/airbyte_to_dbt_prod.py took 0.188 seconds
[2026-08-30T15:10:43.817+0000] {processor.py:186} INFO - Started process (PID=5194) to work on /opt/airflow/dags/prod/airbyte_to_dbt_prod.py
[2026-08-30T15:10:43.833+0000] {processor.py:914} INFO - Processing file /opt/airflow/dags/prod/airbyte_to_dbt_prod.py for tasks to queue
[2026-08-30T15:10:44.274+0000] {logging_mixin.py:190} INFO - [2026-08-30T15:10:44.221+0000] {dagbag.py:588} INFO - Filling up the DagBag from /opt/airflow/dags/prod/airbyte_to_dbt_prod.py
[2026-08-30T15:10:45.845+0000] {processor.py:925} INFO - DAG(s) 'airbyte_to_dbt_pipeline_prod' retrieved from /opt/airflow/dags/prod/airbyte_to_dbt_prod.py
[2026-08-30T15:10:47.367+0000] {logging_mixin.py:190} INFO - [2026-08-30T15:10:47.366+0000] {dag.py:3239} INFO - Sync 1 DAGs
[2026-08-30T15:10:47.679+0000] {logging_mixin.py:190} INFO - [2026-08-30T15:10:47.679+0000] {dag.py:4180} INFO - Setting next_dagrun for airbyte_to_dbt_pipeline_prod to 2026-08-30 14:00:00+00:00, run_after=2026-08-30 15:00:00+00:00
[2026-08-30T15:10:47.731+0000] {processor.py:208} INFO - Processing /opt/airflow/dags/prod/airbyte_to_dbt_prod.py took 4.392 seconds
[2026-08-30T15:11:18.401+0000] {processor.py:186} INFO - Started process (PID=5204) to work on /opt/airflow/dags/prod/airbyte_to_dbt_prod.py
[2026-08-30T15:11:18.411+0000] {processor.py:914} INFO - Processing file /opt/airflow/dags/prod/airbyte_to_dbt_prod.py for tasks to queue
[2026-08-30T15:11:18.456+0000] {logging_mixin.py:190} INFO - [2026-08-30T15:11:18.450+0000] {dagbag.py:588} INFO - Filling up the DagBag from /opt/airflow/dags/prod/airbyte_to_dbt_prod.py
[2026-08-30T15:11:18.737+0000] {processor.py:925} INFO - DAG(s) 'airbyte_to_dbt_pipeline_prod' retrieved from /opt/airflow/dags/prod/airbyte_to_dbt_prod.py
[2026-08-30T15:11:19.089+0000] {logging_mixin.py:190} INFO - [2026-08-30T15:11:19.088+0000] {dag.py:3239} INFO - Sync 1 DAGs
[2026-08-30T15:11:19.430+0000] {logging_mixin.py:190} INFO - [2026-08-30T15:11:19.430+0000] {dag.py:4180} INFO - Setting next_dagrun for airbyte_to_dbt_pipeline_prod to 2026-08-30 14:00:00+00:00, run_after=2026-08-30 15:00:00+00:00
[2026-08-30T15:11:19.460+0000] {processor.py:208} INFO - Processing /opt/airflow/dags/prod/airbyte_to_dbt_prod.py took 1.206 seconds
[2026-08-30T15:11:49.611+0000] {processor.py:186} INFO - Started process (PID=5214) to work on /opt/airflow/dags/prod/airbyte_to_dbt_prod.py
[2026-08-30T15:11:49.612+0000] {processor.py:914} INFO - Processing file /opt/airflow/dags/prod/airbyte_to_dbt_prod.py for tasks to queue
[2026-08-30T15:11:49.619+0000] {logging_mixin.py:190} INFO - [2026-08-30T15:11:49.618+0000] {dagbag.py:588} INFO - Filling up the DagBag from /opt/airflow/dags/prod/airbyte_to_dbt_prod.py
[2026-08-30T15:11:49.658+0000] {processor.py:925} INFO - DAG(s) 'airbyte_to_dbt_pipeline_prod' retrieved from /opt/airflow/dags/prod/airbyte_to_dbt_prod.py
[2026-08-30T15:11:49.722+0000] {logging_mixin.py:190} INFO - [2026-08-30T15:11:49.722+0000] {dag.py:3239} INFO - Sync 1 DAGs
[2026-08-30T15:11:49.770+0000] {logging_mixin.py:190} INFO - [2026-08-30T15:11:49.769+0000] {dag.py:4180} INFO - Setting next_dagrun for airbyte_to_dbt_pipeline_prod to 2026-08-30 14:00:00+00:00, run_after=2026-08-30 15:00:00+00:00
[2026-08-30T15:11:49.802+0000] {processor.py:208} INFO - Processing /opt/airflow/dags/prod/airbyte_to_dbt_prod.py took 0.221 seconds
[2026-08-30T15:12:20.011+0000] {processor.py:186} INFO - Started process (PID=5226) to work on /opt/airflow/dags/prod/airbyte_to_dbt_prod.py
[2026-08-30T15:12:20.011+0000] {processor.py:914} INFO - Processing file /opt/airflow/dags/prod/airbyte_to_dbt_prod.py for tasks to queue
[2026-08-30T15:12:20.015+0000] {logging_mixin.py:190} INFO - [2026-08-30T15:12:20.014+0000] {dagbag.py:588} INFO - Filling up the DagBag from /opt/airflow/dags/prod/airbyte_to_dbt_prod.py
[2026-08-30T15:12:20.036+0000] {processor.py:925} INFO - DAG(s) 'airbyte_to_dbt_pipeline_prod' retrieved from /opt/airflow/dags/prod/airbyte_to_dbt_prod.py
[2026-08-30T15:12:20.080+0000] {logging_mixin.py:190} INFO - [2026-08-30T15:12:20.079+0000] {dag.py:3239} INFO - Sync 1 DAGs
[2026-08-30T15:12:20.121+0000] {logging_mixin.py:190} INFO - [2026-08-30T15:12:20.121+0000] {dag.py:4180} INFO - Setting next_dagrun for airbyte_to_dbt_pipeline_prod to 2026-08-30 14:00:00+00:00, run_after=2026-08-30 15:00:00+00:00
[2026-08-30T15:12:20.147+0000] {processor.py:208} INFO - Processing /opt/airflow/dags/prod/airbyte_to_dbt_prod.py took 0.144 seconds
[2026-08-30T15:12:50.355+0000] {processor.py:186} INFO - Started process (PID=5236) to work on /opt/airflow/dags/prod/airbyte_to_dbt_prod.py
[2026-08-30T15:12:50.357+0000] {processor.py:914} INFO - Processing file /opt/airflow/dags/prod/airbyte_to_dbt_prod.py for tasks to queue
[2026-08-30T15:12:50.369+0000] {logging_mixin.py:190} INFO - [2026-08-30T15:12:50.368+0000] {dagbag.py:588} INFO - Filling up the DagBag from /opt/airflow/dags/prod/airbyte_to_dbt_prod.py
[2026-08-30T15:12:50.407+0000] {processor.py:925} INFO - DAG(s) 'airbyte_to_dbt_pipeline_prod' retrieved from /opt/airflow/dags/prod/airbyte_to_dbt_prod.py
[2026-08-30T15:12:50.480+0000] {logging_mixin.py:190} INFO - [2026-08-30T15:12:50.480+0000] {dag.py:3239} INFO - Sync 1 DAGs
[2026-08-30T15:12:50.557+0000] {logging_mixin.py:190} INFO - [2026-08-30T15:12:50.557+0000] {dag.py:4180} INFO - Setting next_dagrun for airbyte_to_dbt_pipeline_prod to 2026-08-30 14:00:00+00:00, run_after=2026-08-30 15:00:00+00:00
[2026-08-30T15:12:50.606+0000] {processor.py:208} INFO - Processing /opt/airflow/dags/prod/airbyte_to_dbt_prod.py took 0.265 seconds
[2026-08-30T15:13:21.229+0000] {processor.py:186} INFO - Started process (PID=5244) to work on /opt/airflow/dags/prod/airbyte_to_dbt_prod.py
[2026-08-30T15:13:21.232+0000] {processor.py:914} INFO - Processing file /opt/airflow/dags/prod/airbyte_to_dbt_prod.py for tasks to queue
[2026-08-30T15:13:21.309+0000] {logging_mixin.py:190} INFO - [2026-08-30T15:13:21.295+0000] {dagbag.py:588} INFO - Filling up the DagBag from /opt/airflow/dags/prod/airbyte_to_dbt_prod.py
[2026-08-30T15:13:21.545+0000] {processor.py:925} INFO - DAG(s) 'airbyte_to_dbt_pipeline_prod' retrieved from /opt/airflow/dags/prod/airbyte_to_dbt_prod.py
[2026-08-30T15:13:21.922+0000] {logging_mixin.py:190} INFO - [2026-08-30T15:13:21.922+0000] {dag.py:3239} INFO - Sync 1 DAGs
[2026-08-30T15:13:22.307+0000] {logging_mixin.py:190} INFO - [2026-08-30T15:13:22.306+0000] {dag.py:4180} INFO - Setting next_dagrun for airbyte_to_dbt_pipeline_prod to 2026-08-30 14:00:00+00:00, run_after=2026-08-30 15:00:00+00:00
[2026-08-30T15:13:22.345+0000] {processor.py:208} INFO - Processing /opt/airflow/dags/prod/airbyte_to_dbt_prod.py took 1.229 seconds
[2026-08-30T15:13:52.600+0000] {processor.py:186} INFO - Started process (PID=5255) to work on /opt/airflow/dags/prod/airbyte_to_dbt_prod.py
[2026-08-30T15:13:52.610+0000] {processor.py:914} INFO - Processing file /opt/airflow/dags/prod/airbyte_to_dbt_prod.py for tasks to queue
[2026-08-30T15:13:52.620+0000] {logging_mixin.py:190} INFO - [2026-08-30T15:13:52.619+0000] {dagbag.py:588} INFO - Filling up the DagBag from /opt/airflow/dags/prod/airbyte_to_dbt_prod.py
[2026-08-30T15:13:52.663+0000] {processor.py:925} INFO - DAG(s) 'airbyte_to_dbt_pipeline_prod' retrieved from /opt/airflow/dags/prod/airbyte_to_dbt_prod.py
[2026-08-30T15:13:54.575+0000] {logging_mixin.py:190} INFO - [2026-08-30T15:13:54.574+0000] {dag.py:3239} INFO - Sync 1 DAGs
[2026-08-30T15:13:54.852+0000] {logging_mixin.py:190} INFO - [2026-08-30T15:13:54.852+0000] {dag.py:4180} INFO - Setting next_dagrun for airbyte_to_dbt_pipeline_prod to 2026-08-30 14:00:00+00:00, run_after=2026-08-30 15:00:00+00:00
[2026-08-30T15:13:54.891+0000] {processor.py:208} INFO - Processing /opt/airflow/dags/prod/airbyte_to_dbt_prod.py took 2.305 seconds
[2026-08-30T15:14:25.071+0000] {processor.py:186} INFO - Started process (PID=5266) to work on /opt/airflow/dags/prod/airbyte_to_dbt_prod.py
[2026-08-30T15:14:25.072+0000] {processor.py:914} INFO - Processing file /opt/airflow/dags/prod/airbyte_to_dbt_prod.py for tasks to queue
[2026-08-30T15:14:25.075+0000] {logging_mixin.py:190} INFO - [2026-08-30T15:14:25.074+0000] {dagbag.py:588} INFO - Filling up the DagBag from /opt/airflow/dags/prod/airbyte_to_dbt_prod.py
[2026-08-30T15:14:25.099+0000] {processor.py:925} INFO - DAG(s) 'airbyte_to_dbt_pipeline_prod' retrieved from /opt/airflow/dags/prod/airbyte_to_dbt_prod.py
[2026-08-30T15:14:25.154+0000] {logging_mixin.py:190} INFO - [2026-08-30T15:14:25.153+0000] {dag.py:3239} INFO - Sync 1 DAGs
[2026-08-30T15:14:25.191+0000] {logging_mixin.py:190} INFO - [2026-08-30T15:14:25.190+0000] {dag.py:4180} INFO - Setting next_dagrun for airbyte_to_dbt_pipeline_prod to 2026-08-30 14:00:00+00:00, run_after=2026-08-30 15:00:00+00:00
[2026-08-30T15:14:25.214+0000] {processor.py:208} INFO - Processing /opt/airflow/dags/prod/airbyte_to_dbt_prod.py took 0.153 seconds
[2026-08-30T15:14:56.552+0000] {processor.py:186} INFO - Started process (PID=5274) to work on /opt/airflow/dags/prod/airbyte_to_dbt_prod.py
[2026-08-30T15:14:56.560+0000] {processor.py:914} INFO - Processing file /opt/airflow/dags/prod/airbyte_to_dbt_prod.py for tasks to queue
[2026-08-30T15:14:56.757+0000] {logging_mixin.py:190} INFO - [2026-08-30T15:14:56.741+0000] {dagbag.py:588} INFO - Filling up the DagBag from /opt/airflow/dags/prod/airbyte_to_dbt_prod.py
[2026-08-30T15:14:57.472+0000] {processor.py:925} INFO - DAG(s) 'airbyte_to_dbt_pipeline_prod' retrieved from /opt/airflow/dags/prod/airbyte_to_dbt_prod.py
[2026-08-30T15:14:58.523+0000] {logging_mixin.py:190} INFO - [2026-08-30T15:14:58.523+0000] {dag.py:3239} INFO - Sync 1 DAGs
[2026-08-30T15:14:59.374+0000] {logging_mixin.py:190} INFO - [2026-08-30T15:14:59.373+0000] {dag.py:4180} INFO - Setting next_dagrun for airbyte_to_dbt_pipeline_prod to 2026-08-30 14:00:00+00:00, run_after=2026-08-30 15:00:00+00:00
[2026-08-30T15:14:59.405+0000] {processor.py:208} INFO - Processing /opt/airflow/dags/prod/airbyte_to_dbt_prod.py took 3.260 seconds
[2026-08-30T15:15:30.470+0000] {processor.py:186} INFO - Started process (PID=5284) to work on /opt/airflow/dags/prod/airbyte_to_dbt_prod.py
[2026-08-30T15:15:30.487+0000] {processor.py:914} INFO - Processing file /opt/airflow/dags/prod/airbyte_to_dbt_prod.py for tasks to queue
[2026-08-30T15:15:30.668+0000] {logging_mixin.py:190} INFO - [2026-08-30T15:15:30.642+0000] {dagbag.py:588} INFO - Filling up the DagBag from /opt/airflow/dags/prod/airbyte_to_dbt_prod.py
[2026-08-30T15:15:31.906+0000] {processor.py:925} INFO - DAG(s) 'airbyte_to_dbt_pipeline_prod' retrieved from /opt/airflow/dags/prod/airbyte_to_dbt_prod.py
[2026-08-30T15:15:33.710+0000] {logging_mixin.py:190} INFO - [2026-08-30T15:15:33.710+0000] {dag.py:3239} INFO - Sync 1 DAGs
[2026-08-30T15:15:33.887+0000] {logging_mixin.py:190} INFO - [2026-08-30T15:15:33.887+0000] {dag.py:4180} INFO - Setting next_dagrun for airbyte_to_dbt_pipeline_prod to 2026-08-30 14:00:00+00:00, run_after=2026-08-30 15:00:00+00:00
[2026-08-30T15:15:33.931+0000] {processor.py:208} INFO - Processing /opt/airflow/dags/prod/airbyte_to_dbt_prod.py took 3.886 seconds
[2026-08-30T15:16:04.202+0000] {processor.py:186} INFO - Started process (PID=5296) to work on /opt/airflow/dags/prod/airbyte_to_dbt_prod.py
[2026-08-30T15:16:04.204+0000] {processor.py:914} INFO - Processing file /opt/airflow/dags/prod/airbyte_to_dbt_prod.py for tasks to queue
[2026-08-30T15:16:04.208+0000] {logging_mixin.py:190} INFO - [2026-08-30T15:16:04.207+0000] {dagbag.py:588} INFO - Filling up the DagBag from /opt/airflow/dags/prod/airbyte_to_dbt_prod.py
[2026-08-30T15:16:04.242+0000] {processor.py:925} INFO - DAG(s) 'airbyte_to_dbt_pipeline_prod' retrieved from /opt/airflow/dags/prod/airbyte_to_dbt_prod.py
[2026-08-30T15:16:04.329+0000] {logging_mixin.py:190} INFO - [2026-08-30T15:16:04.329+0000] {dag.py:3239} INFO - Sync 1 DAGs
[2026-08-30T15:16:04.408+0000] {logging_mixin.py:190} INFO - [2026-08-30T15:16:04.407+0000] {dag.py:4180} INFO - Setting next_dagrun for airbyte_to_dbt_pipeline_prod to 2026-08-30 14:00:00+00:00, run_after=2026-08-30 15:00:00+00:00
[2026-08-30T15:16:04.449+0000] {processor.py:208} INFO - Processing /opt/airflow/dags/prod/airbyte_to_dbt_prod.py took 0.261 seconds
[2026-08-30T15:16:34.732+0000] {processor.py:186} INFO - Started process (PID=5304) to work on /opt/airflow/dags/prod/airbyte_to_dbt_prod.py
[2026-08-30T15:16:34.732+0000] {processor.py:914} INFO - Processing file /opt/airflow/dags/prod/airbyte_to_dbt_prod.py for tasks to queue
[2026-08-30T15:16:34.737+0000] {logging_mixin.py:190} INFO - [2026-08-30T15:16:34.735+0000] {dagbag.py:588} INFO - Filling up the DagBag from /opt/airflow/dags/prod/airbyte_to_dbt_prod.py
[2026-08-30T15:16:34.768+0000] {processor.py:925} INFO - DAG(s) 'airbyte_to_dbt_pipeline_prod' retrieved from /opt/airflow/dags/prod/airbyte_to_dbt_prod.py
[2026-08-30T15:16:34.836+0000] {logging_mixin.py:190} INFO - [2026-08-30T15:16:34.835+0000] {dag.py:3239} INFO - Sync 1 DAGs
[2026-08-30T15:16:34.896+0000] {logging_mixin.py:190} INFO - [2026-08-30T15:16:34.896+0000] {dag.py:4180} INFO - Setting next_dagrun for airbyte_to_dbt_pipeline_prod to 2026-08-30 14:00:00+00:00, run_after=2026-08-30 15:00:00+00:00
[2026-08-30T15:16:34.924+0000] {processor.py:208} INFO - Processing /opt/airflow/dags/prod/airbyte_to_dbt_prod.py took 0.205 seconds
[2026-08-30T15:17:05.140+0000] {processor.py:186} INFO - Started process (PID=5315) to work on /opt/airflow/dags/prod/airbyte_to_dbt_prod.py
[2026-08-30T15:17:05.163+0000] {processor.py:914} INFO - Processing file /opt/airflow/dags/prod/airbyte_to_dbt_prod.py for tasks to queue
[2026-08-30T15:17:05.168+0000] {logging_mixin.py:190} INFO - [2026-08-30T15:17:05.167+0000] {dagbag.py:588} INFO - Filling up the DagBag from /opt/airflow/dags/prod/airbyte_to_dbt_prod.py
[2026-08-30T15:17:05.220+0000] {processor.py:925} INFO - DAG(s) 'airbyte_to_dbt_pipeline_prod' retrieved from /opt/airflow/dags/prod/airbyte_to_dbt_prod.py
[2026-08-30T15:17:05.445+0000] {logging_mixin.py:190} INFO - [2026-08-30T15:17:05.445+0000] {dag.py:3239} INFO - Sync 1 DAGs
[2026-08-30T15:17:05.496+0000] {logging_mixin.py:190} INFO - [2026-08-30T15:17:05.495+0000] {dag.py:4180} INFO - Setting next_dagrun for airbyte_to_dbt_pipeline_prod to 2026-08-30 14:00:00+00:00, run_after=2026-08-30 15:00:00+00:00
[2026-08-30T15:17:05.529+0000] {processor.py:208} INFO - Processing /opt/airflow/dags/prod/airbyte_to_dbt_prod.py took 0.400 seconds
[2026-08-30T15:17:38.727+0000] {processor.py:186} INFO - Started process (PID=5324) to work on /opt/airflow/dags/prod/airbyte_to_dbt_prod.py
[2026-08-30T15:17:38.746+0000] {processor.py:914} INFO - Processing file /opt/airflow/dags/prod/airbyte_to_dbt_prod.py for tasks to queue
[2026-08-30T15:17:39.117+0000] {logging_mixin.py:190} INFO - [2026-08-30T15:17:39.075+0000] {dagbag.py:588} INFO - Filling up the DagBag from /opt/airflow/dags/prod/airbyte_to_dbt_prod.py
[2026-08-30T15:17:41.345+0000] {processor.py:925} INFO - DAG(s) 'airbyte_to_dbt_pipeline_prod' retrieved from /opt/airflow/dags/prod/airbyte_to_dbt_prod.py
[2026-08-30T15:17:45.069+0000] {logging_mixin.py:190} INFO - [2026-08-30T15:17:45.069+0000] {dag.py:3239} INFO - Sync 1 DAGs
[2026-08-30T15:17:50.945+0000] {logging_mixin.py:190} INFO - [2026-08-30T15:17:50.940+0000] {dag.py:4180} INFO - Setting next_dagrun for airbyte_to_dbt_pipeline_prod to 2026-08-30 14:00:00+00:00, run_after=2026-08-30 15:00:00+00:00
[2026-08-30T15:17:51.148+0000] {processor.py:208} INFO - Processing /opt/airflow/dags/prod/airbyte_to_dbt_prod.py took 14.070 seconds
[2026-08-30T15:18:21.747+0000] {processor.py:186} INFO - Started process (PID=5334) to work on /opt/airflow/dags/prod/airbyte_to_dbt_prod.py
[2026-08-30T15:18:21.749+0000] {processor.py:914} INFO - Processing file /opt/airflow/dags/prod/airbyte_to_dbt_prod.py for tasks to queue
[2026-08-30T15:18:21.757+0000] {logging_mixin.py:190} INFO - [2026-08-30T15:18:21.756+0000] {dagbag.py:588} INFO - Filling up the DagBag from /opt/airflow/dags/prod/airbyte_to_dbt_prod.py
[2026-08-30T15:18:21.807+0000] {processor.py:925} INFO - DAG(s) 'airbyte_to_dbt_pipeline_prod' retrieved from /opt/airflow/dags/prod/airbyte_to_dbt_prod.py
[2026-08-30T15:18:21.893+0000] {logging_mixin.py:190} INFO - [2026-08-30T15:18:21.893+0000] {dag.py:3239} INFO - Sync 1 DAGs
[2026-08-30T15:18:21.936+0000] {logging_mixin.py:190} INFO - [2026-08-30T15:18:21.935+0000] {dag.py:4180} INFO - Setting next_dagrun for airbyte_to_dbt_pipeline_prod to 2026-08-30 14:00:00+00:00, run_after=2026-08-30 15:00:00+00:00
[2026-08-30T15:18:21.990+0000] {processor.py:208} INFO - Processing /opt/airflow/dags/prod/airbyte_to_dbt_prod.py took 0.258 seconds
[2026-08-30T15:18:52.231+0000] {processor.py:186} INFO - Started process (PID=5346) to work on /opt/airflow/dags/prod/airbyte_to_dbt_prod.py
[2026-08-30T15:18:52.232+0000] {processor.py:914} INFO - Processing file /opt/airflow/dags/prod/airbyte_to_dbt_prod.py for tasks to queue
[2026-08-30T15:18:52.235+0000] {logging_mixin.py:190} INFO - [2026-08-30T15:18:52.235+0000] {dagbag.py:588} INFO - Filling up the DagBag from /opt/airflow/dags/prod/airbyte_to_dbt_prod.py
[2026-08-30T15:18:52.268+0000] {processor.py:925} INFO - DAG(s) 'airbyte_to_dbt_pipeline_prod' retrieved from /opt/airflow/dags/prod/airbyte_to_dbt_prod.py
[2026-08-30T15:18:52.354+0000] {logging_mixin.py:190} INFO - [2026-08-30T15:18:52.353+0000] {dag.py:3239} INFO - Sync 1 DAGs
[2026-08-30T15:18:52.420+0000] {logging_mixin.py:190} INFO - [2026-08-30T15:18:52.419+0000] {dag.py:4180} INFO - Setting next_dagrun for airbyte_to_dbt_pipeline_prod to 2026-08-30 14:00:00+00:00, run_after=2026-08-30 15:00:00+00:00
[2026-08-30T15:18:52.459+0000] {processor.py:208} INFO - Processing /opt/airflow/dags/prod/airbyte_to_dbt_prod.py took 0.257 seconds
[2026-08-30T15:19:22.660+0000] {processor.py:186} INFO - Started process (PID=5356) to work on /opt/airflow/dags/prod/airbyte_to_dbt_prod.py
[2026-08-30T15:19:22.662+0000] {processor.py:914} INFO - Processing file /opt/airflow/dags/prod/airbyte_to_dbt_prod.py for tasks to queue
[2026-08-30T15:19:22.665+0000] {logging_mixin.py:190} INFO - [2026-08-30T15:19:22.665+0000] {dagbag.py:588} INFO - Filling up the DagBag from /opt/airflow/dags/prod/airbyte_to_dbt_prod.py
[2026-08-30T15:19:22.698+0000] {processor.py:925} INFO - DAG(s) 'airbyte_to_dbt_pipeline_prod' retrieved from /opt/airflow/dags/prod/airbyte_to_dbt_prod.py
[2026-08-30T15:19:22.754+0000] {logging_mixin.py:190} INFO - [2026-08-30T15:19:22.754+0000] {dag.py:3239} INFO - Sync 1 DAGs
[2026-08-30T15:19:22.794+0000] {logging_mixin.py:190} INFO - [2026-08-30T15:19:22.794+0000] {dag.py:4180} INFO - Setting next_dagrun for airbyte_to_dbt_pipeline_prod to 2026-08-30 14:00:00+00:00, run_after=2026-08-30 15:00:00+00:00
[2026-08-30T15:19:22.826+0000] {processor.py:208} INFO - Processing /opt/airflow/dags/prod/airbyte_to_dbt_prod.py took 0.176 seconds
[2026-08-30T15:19:53.065+0000] {processor.py:186} INFO - Started process (PID=5366) to work on /opt/airflow/dags/prod/airbyte_to_dbt_prod.py
[2026-08-30T15:19:53.066+0000] {processor.py:914} INFO - Processing file /opt/airflow/dags/prod/airbyte_to_dbt_prod.py for tasks to queue
[2026-08-30T15:19:53.071+0000] {logging_mixin.py:190} INFO - [2026-08-30T15:19:53.070+0000] {dagbag.py:588} INFO - Filling up the DagBag from /opt/airflow/dags/prod/airbyte_to_dbt_prod.py
[2026-08-30T15:19:53.109+0000] {processor.py:925} INFO - DAG(s) 'airbyte_to_dbt_pipeline_prod' retrieved from /opt/airflow/dags/prod/airbyte_to_dbt_prod.py
[2026-08-30T15:19:53.167+0000] {logging_mixin.py:190} INFO - [2026-08-30T15:19:53.167+0000] {dag.py:3239} INFO - Sync 1 DAGs
[2026-08-30T15:19:53.209+0000] {logging_mixin.py:190} INFO - [2026-08-30T15:19:53.209+0000] {dag.py:4180} INFO - Setting next_dagrun for airbyte_to_dbt_pipeline_prod to 2026-08-30 14:00:00+00:00, run_after=2026-08-30 15:00:00+00:00
[2026-08-30T15:19:53.234+0000] {processor.py:208} INFO - Processing /opt/airflow/dags/prod/airbyte_to_dbt_prod.py took 0.180 seconds
[2026-08-30T15:20:23.401+0000] {processor.py:186} INFO - Started process (PID=5376) to work on /opt/airflow/dags/prod/airbyte_to_dbt_prod.py
[2026-08-30T15:20:23.403+0000] {processor.py:914} INFO - Processing file /opt/airflow/dags/prod/airbyte_to_dbt_prod.py for tasks to queue
[2026-08-30T15:20:23.407+0000] {logging_mixin.py:190} INFO - [2026-08-30T15:20:23.406+0000] {dagbag.py:588} INFO - Filling up the DagBag from /opt/airflow/dags/prod/airbyte_to_dbt_prod.py
[2026-08-30T15:20:23.435+0000] {processor.py:925} INFO - DAG(s) 'airbyte_to_dbt_pipeline_prod' retrieved from /opt/airflow/dags/prod/airbyte_to_dbt_prod.py
[2026-08-30T15:20:23.476+0000] {logging_mixin.py:190} INFO - [2026-08-30T15:20:23.475+0000] {dag.py:3239} INFO - Sync 1 DAGs
[2026-08-30T15:20:23.506+0000] {logging_mixin.py:190} INFO - [2026-08-30T15:20:23.506+0000] {dag.py:4180} INFO - Setting next_dagrun for airbyte_to_dbt_pipeline_prod to 2026-08-30 14:00:00+00:00, run_after=2026-08-30 15:00:00+00:00
[2026-08-30T15:20:23.529+0000] {processor.py:208} INFO - Processing /opt/airflow/dags/prod/airbyte_to_dbt_prod.py took 0.139 seconds
[2026-08-30T15:20:53.682+0000] {processor.py:186} INFO - Started process (PID=5386) to work on /opt/airflow/dags/prod/airbyte_to_dbt_prod.py
[2026-08-30T15:20:53.683+0000] {processor.py:914} INFO - Processing file /opt/airflow/dags/prod/airbyte_to_dbt_prod.py for tasks to queue
[2026-08-30T15:20:53.686+0000] {logging_mixin.py:190} INFO - [2026-08-30T15:20:53.686+0000] {dagbag.py:588} INFO - Filling up the DagBag from /opt/airflow/dags/prod/airbyte_to_dbt_prod.py
[2026-08-30T15:20:53.708+0000] {processor.py:925} INFO - DAG(s) 'airbyte_to_dbt_pipeline_prod' retrieved from /opt/airflow/dags/prod/airbyte_to_dbt_prod.py
[2026-08-30T15:20:53.758+0000] {logging_mixin.py:190} INFO - [2026-08-30T15:20:53.758+0000] {dag.py:3239} INFO - Sync 1 DAGs
[2026-08-30T15:20:53.789+0000] {logging_mixin.py:190} INFO - [2026-08-30T15:20:53.789+0000] {dag.py:4180} INFO - Setting next_dagrun for airbyte_to_dbt_pipeline_prod to 2026-08-30 14:00:00+00:00, run_after=2026-08-30 15:00:00+00:00
[2026-08-30T15:20:53.815+0000] {processor.py:208} INFO - Processing /opt/airflow/dags/prod/airbyte_to_dbt_prod.py took 0.143 seconds
[2026-08-30T15:21:23.981+0000] {processor.py:186} INFO - Started process (PID=5396) to work on /opt/airflow/dags/prod/airbyte_to_dbt_prod.py
[2026-08-30T15:21:23.982+0000] {processor.py:914} INFO - Processing file /opt/airflow/dags/prod/airbyte_to_dbt_prod.py for tasks to queue
[2026-08-30T15:21:23.985+0000] {logging_mixin.py:190} INFO - [2026-08-30T15:21:23.985+0000] {dagbag.py:588} INFO - Filling up the DagBag from /opt/airflow/dags/prod/airbyte_to_dbt_prod.py
[2026-08-30T15:21:24.030+0000] {processor.py:925} INFO - DAG(s) 'airbyte_to_dbt_pipeline_prod' retrieved from /opt/airflow/dags/prod/airbyte_to_dbt_prod.py
[2026-08-30T15:21:24.150+0000] {logging_mixin.py:190} INFO - [2026-08-30T15:21:24.150+0000] {dag.py:3239} INFO - Sync 1 DAGs
[2026-08-30T15:21:24.225+0000] {logging_mixin.py:190} INFO - [2026-08-30T15:21:24.225+0000] {dag.py:4180} INFO - Setting next_dagrun for airbyte_to_dbt_pipeline_prod to 2026-08-30 14:00:00+00:00, run_after=2026-08-30 15:00:00+00:00
[2026-08-30T15:21:24.263+0000] {processor.py:208} INFO - Processing /opt/airflow/dags/prod/airbyte_to_dbt_prod.py took 0.292 seconds
[2026-08-30T15:21:54.414+0000] {processor.py:186} INFO - Started process (PID=5406) to work on /opt/airflow/dags/prod/airbyte_to_dbt_prod.py
[2026-08-30T15:21:54.416+0000] {processor.py:914} INFO - Processing file /opt/airflow/dags/prod/airbyte_to_dbt_prod.py for tasks to queue
[2026-08-30T15:21:54.420+0000] {logging_mixin.py:190} INFO - [2026-08-30T15:21:54.419+0000] {dagbag.py:588} INFO - Filling up the DagBag from /opt/airflow/dags/prod/airbyte_to_dbt_prod.py
[2026-08-30T15:21:54.448+0000] {processor.py:925} INFO - DAG(s) 'airbyte_to_dbt_pipeline_prod' retrieved from /opt/airflow/dags/prod/airbyte_to_dbt_prod.py
[2026-08-30T15:21:54.492+0000] {logging_mixin.py:190} INFO - [2026-08-30T15:21:54.491+0000] {dag.py:3239} INFO - Sync 1 DAGs
[2026-08-30T15:21:54.521+0000] {logging_mixin.py:190} INFO - [2026-08-30T15:21:54.521+0000] {dag.py:4180} INFO - Setting next_dagrun for airbyte_to_dbt_pipeline_prod to 2026-08-30 14:00:00+00:00, run_after=2026-08-30 15:00:00+00:00
[2026-08-30T15:21:54.549+0000] {processor.py:208} INFO - Processing /opt/airflow/dags/prod/airbyte_to_dbt_prod.py took 0.146 seconds
[2026-08-30T15:22:24.984+0000] {processor.py:186} INFO - Started process (PID=5414) to work on /opt/airflow/dags/prod/airbyte_to_dbt_prod.py
[2026-08-30T15:22:24.986+0000] {processor.py:914} INFO - Processing file /opt/airflow/dags/prod/airbyte_to_dbt_prod.py for tasks to queue
[2026-08-30T15:22:25.117+0000] {logging_mixin.py:190} INFO - [2026-08-30T15:22:25.116+0000] {dagbag.py:588} INFO - Filling up the DagBag from /opt/airflow/dags/prod/airbyte_to_dbt_prod.py
[2026-08-30T15:22:25.440+0000] {processor.py:925} INFO - DAG(s) 'airbyte_to_dbt_pipeline_prod' retrieved from /opt/airflow/dags/prod/airbyte_to_dbt_prod.py
[2026-08-30T15:22:25.501+0000] {logging_mixin.py:190} INFO - [2026-08-30T15:22:25.501+0000] {dag.py:3239} INFO - Sync 1 DAGs
[2026-08-30T15:22:25.546+0000] {logging_mixin.py:190} INFO - [2026-08-30T15:22:25.545+0000] {dag.py:4180} INFO - Setting next_dagrun for airbyte_to_dbt_pipeline_prod to 2026-08-30 14:00:00+00:00, run_after=2026-08-30 15:00:00+00:00
[2026-08-30T15:22:25.571+0000] {processor.py:208} INFO - Processing /opt/airflow/dags/prod/airbyte_to_dbt_prod.py took 0.759 seconds
[2026-08-30T15:22:55.741+0000] {processor.py:186} INFO - Started process (PID=5426) to work on /opt/airflow/dags/prod/airbyte_to_dbt_prod.py
[2026-08-30T15:22:55.742+0000] {processor.py:914} INFO - Processing file /opt/airflow/dags/prod/airbyte_to_dbt_prod.py for tasks to queue
[2026-08-30T15:22:55.747+0000] {logging_mixin.py:190} INFO - [2026-08-30T15:22:55.746+0000] {dagbag.py:588} INFO - Filling up the DagBag from /opt/airflow/dags/prod/airbyte_to_dbt_prod.py
[2026-08-30T15:22:55.777+0000] {processor.py:925} INFO - DAG(s) 'airbyte_to_dbt_pipeline_prod' retrieved from /opt/airflow/dags/prod/airbyte_to_dbt_prod.py
[2026-08-30T15:22:55.815+0000] {logging_mixin.py:190} INFO - [2026-08-30T15:22:55.815+0000] {dag.py:3239} INFO - Sync 1 DAGs
[2026-08-30T15:22:55.846+0000] {logging_mixin.py:190} INFO - [2026-08-30T15:22:55.845+0000] {dag.py:4180} INFO - Setting next_dagrun for airbyte_to_dbt_pipeline_prod to 2026-08-30 14:00:00+00:00, run_after=2026-08-30 15:00:00+00:00
[2026-08-30T15:22:55.870+0000] {processor.py:208} INFO - Processing /opt/airflow/dags/prod/airbyte_to_dbt_prod.py took 0.141 seconds
[2026-08-30T15:23:26.080+0000] {processor.py:186} INFO - Started process (PID=5436) to work on /opt/airflow/dags/prod/airbyte_to_dbt_prod.py
[2026-08-30T15:23:26.081+0000] {processor.py:914} INFO - Processing file /opt/airflow/dags/prod/airbyte_to_dbt_prod.py for tasks to queue
[2026-08-30T15:23:26.084+0000] {logging_mixin.py:190} INFO - [2026-08-30T15:23:26.084+0000] {dagbag.py:588} INFO - Filling up the DagBag from /opt/airflow/dags/prod/airbyte_to_dbt_prod.py
[2026-08-30T15:23:26.301+0000] {processor.py:925} INFO - DAG(s) 'airbyte_to_dbt_pipeline_prod' retrieved from /opt/airflow/dags/prod/airbyte_to_dbt_prod.py
[2026-08-30T15:23:26.430+0000] {logging_mixin.py:190} INFO - [2026-08-30T15:23:26.429+0000] {dag.py:3239} INFO - Sync 1 DAGs
[2026-08-30T15:23:26.467+0000] {logging_mixin.py:190} INFO - [2026-08-30T15:23:26.467+0000] {dag.py:4180} INFO - Setting next_dagrun for airbyte_to_dbt_pipeline_prod to 2026-08-30 14:00:00+00:00, run_after=2026-08-30 15:00:00+00:00
[2026-08-30T15:23:26.494+0000] {processor.py:208} INFO - Processing /opt/airflow/dags/prod/airbyte_to_dbt_prod.py took 0.423 seconds
[2026-08-30T15:23:56.654+0000] {processor.py:186} INFO - Started process (PID=5446) to work on /opt/airflow/dags/prod/airbyte_to_dbt_prod.py
[2026-08-30T15:23:56.655+0000] {processor.py:914} INFO - Processing file /opt/airflow/dags/prod/airbyte_to_dbt_prod.py for tasks to queue
[2026-08-30T15:23:56.658+0000] {logging_mixin.py:190} INFO - [2026-08-30T15:23:56.657+0000] {dagbag.py:588} INFO - Filling up the DagBag from /opt/airflow/dags/prod/airbyte_to_dbt_prod.py
[2026-08-30T15:23:56.689+0000] {processor.py:925} INFO - DAG(s) 'airbyte_to_dbt_pipeline_prod' retrieved from /opt/airflow/dags/prod/airbyte_to_dbt_prod.py
[2026-08-30T15:23:56.740+0000] {logging_mixin.py:190} INFO - [2026-08-30T15:23:56.740+0000] {dag.py:3239} INFO - Sync 1 DAGs
[2026-08-30T15:23:56.780+0000] {logging_mixin.py:190} INFO - [2026-08-30T15:23:56.779+0000] {dag.py:4180} INFO - Setting next_dagrun for airbyte_to_dbt_pipeline_prod to 2026-08-30 14:00:00+00:00, run_after=2026-08-30 15:00:00+00:00
[2026-08-30T15:23:56.803+0000] {processor.py:208} INFO - Processing /opt/airflow/dags/prod/airbyte_to_dbt_prod.py took 0.158 seconds
[2026-08-30T15:24:26.955+0000] {processor.py:186} INFO - Started process (PID=5456) to work on /opt/airflow/dags/prod/airbyte_to_dbt_prod.py
[2026-08-30T15:24:26.956+0000] {processor.py:914} INFO - Processing file /opt/airflow/dags/prod/airbyte_to_dbt_prod.py for tasks to queue
[2026-08-30T15:24:26.959+0000] {logging_mixin.py:190} INFO - [2026-08-30T15:24:26.958+0000] {dagbag.py:588} INFO - Filling up the DagBag from /opt/airflow/dags/prod/airbyte_to_dbt_prod.py
[2026-08-30T15:24:26.982+0000] {processor.py:925} INFO - DAG(s) 'airbyte_to_dbt_pipeline_prod' retrieved from /opt/airflow/dags/prod/airbyte_to_dbt_prod.py
[2026-08-30T15:24:27.034+0000] {logging_mixin.py:190} INFO - [2026-08-30T15:24:27.033+0000] {dag.py:3239} INFO - Sync 1 DAGs
[2026-08-30T15:24:27.071+0000] {logging_mixin.py:190} INFO - [2026-08-30T15:24:27.071+0000] {dag.py:4180} INFO - Setting next_dagrun for airbyte_to_dbt_pipeline_prod to 2026-08-30 14:00:00+00:00, run_after=2026-08-30 15:00:00+00:00
[2026-08-30T15:24:27.098+0000] {processor.py:208} INFO - Processing /opt/airflow/dags/prod/airbyte_to_dbt_prod.py took 0.153 seconds
[2026-08-30T15:24:57.269+0000] {processor.py:186} INFO - Started process (PID=5466) to work on /opt/airflow/dags/prod/airbyte_to_dbt_prod.py
[2026-08-30T15:24:57.270+0000] {processor.py:914} INFO - Processing file /opt/airflow/dags/prod/airbyte_to_dbt_prod.py for tasks to queue
[2026-08-30T15:24:57.273+0000] {logging_mixin.py:190} INFO - [2026-08-30T15:24:57.273+0000] {dagbag.py:588} INFO - Filling up the DagBag from /opt/airflow/dags/prod/airbyte_to_dbt_prod.py
[2026-08-30T15:24:57.296+0000] {processor.py:925} INFO - DAG(s) 'airbyte_to_dbt_pipeline_prod' retrieved from /opt/airflow/dags/prod/airbyte_to_dbt_prod.py
[2026-08-30T15:24:57.336+0000] {logging_mixin.py:190} INFO - [2026-08-30T15:24:57.336+0000] {dag.py:3239} INFO - Sync 1 DAGs
[2026-08-30T15:24:57.368+0000] {logging_mixin.py:190} INFO - [2026-08-30T15:24:57.368+0000] {dag.py:4180} INFO - Setting next_dagrun for airbyte_to_dbt_pipeline_prod to 2026-08-30 14:00:00+00:00, run_after=2026-08-30 15:00:00+00:00
[2026-08-30T15:24:57.390+0000] {processor.py:208} INFO - Processing /opt/airflow/dags/prod/airbyte_to_dbt_prod.py took 0.129 seconds
[2026-08-30T15:25:27.559+0000] {processor.py:186} INFO - Started process (PID=5476) to work on /opt/airflow/dags/prod/airbyte_to_dbt_prod.py
[2026-08-30T15:25:27.560+0000] {processor.py:914} INFO - Processing file /opt/airflow/dags/prod/airbyte_to_dbt_prod.py for tasks to queue
[2026-08-30T15:25:27.563+0000] {logging_mixin.py:190} INFO - [2026-08-30T15:25:27.563+0000] {dagbag.py:588} INFO - Filling up the DagBag from /opt/airflow/dags/prod/airbyte_to_dbt_prod.py
[2026-08-30T15:25:27.587+0000] {processor.py:925} INFO - DAG(s) 'airbyte_to_dbt_pipeline_prod' retrieved from /opt/airflow/dags/prod/airbyte_to_dbt_prod.py
[2026-08-30T15:25:27.638+0000] {logging_mixin.py:190} INFO - [2026-08-30T15:25:27.638+0000] {dag.py:3239} INFO - Sync 1 DAGs
[2026-08-30T15:25:27.675+0000] {logging_mixin.py:190} INFO - [2026-08-30T15:25:27.675+0000] {dag.py:4180} INFO - Setting next_dagrun for airbyte_to_dbt_pipeline_prod to 2026-08-30 14:00:00+00:00, run_after=2026-08-30 15:00:00+00:00
[2026-08-30T15:25:27.700+0000] {processor.py:208} INFO - Processing /opt/airflow/dags/prod/airbyte_to_dbt_prod.py took 0.148 seconds
[2026-08-30T15:25:57.859+0000] {processor.py:186} INFO - Started process (PID=5486) to work on /opt/airflow/dags/prod/airbyte_to_dbt_prod.py
[2026-08-30T15:25:57.860+0000] {processor.py:914} INFO - Processing file /opt/airflow/dags/prod/airbyte_to_dbt_prod.py for tasks to queue
[2026-08-30T15:25:57.863+0000] {logging_mixin.py:190} INFO - [2026-08-30T15:25:57.863+0000] {dagbag.py:588} INFO - Filling up the DagBag from /opt/airflow/dags/prod/airbyte_to_dbt_prod.py
[2026-08-30T15:25:57.887+0000] {processor.py:925} INFO - DAG(s) 'airbyte_to_dbt_pipeline_prod' retrieved from /opt/airflow/dags/prod/airbyte_to_dbt_prod.py
[2026-08-30T15:25:57.934+0000] {logging_mixin.py:190} INFO - [2026-08-30T15:25:57.933+0000] {dag.py:3239} INFO - Sync 1 DAGs
[2026-08-30T15:25:57.967+0000] {logging_mixin.py:190} INFO - [2026-08-30T15:25:57.967+0000] {dag.py:4180} INFO - Setting next_dagrun for airbyte_to_dbt_pipeline_prod to 2026-08-30 14:00:00+00:00, run_after=2026-08-30 15:00:00+00:00
[2026-08-30T15:25:57.990+0000] {processor.py:208} INFO - Processing /opt/airflow/dags/prod/airbyte_to_dbt_prod.py took 0.140 seconds
[2026-08-30T15:26:28.150+0000] {processor.py:186} INFO - Started process (PID=5496) to work on /opt/airflow/dags/prod/airbyte_to_dbt_prod.py
[2026-08-30T15:26:28.151+0000] {processor.py:914} INFO - Processing file /opt/airflow/dags/prod/airbyte_to_dbt_prod.py for tasks to queue
[2026-08-30T15:26:28.155+0000] {logging_mixin.py:190} INFO - [2026-08-30T15:26:28.154+0000] {dagbag.py:588} INFO - Filling up the DagBag from /opt/airflow/dags/prod/airbyte_to_dbt_prod.py
[2026-08-30T15:26:28.178+0000] {processor.py:925} INFO - DAG(s) 'airbyte_to_dbt_pipeline_prod' retrieved from /opt/airflow/dags/prod/airbyte_to_dbt_prod.py
[2026-08-30T15:26:28.217+0000] {logging_mixin.py:190} INFO - [2026-08-30T15:26:28.216+0000] {dag.py:3239} INFO - Sync 1 DAGs
[2026-08-30T15:26:28.248+0000] {logging_mixin.py:190} INFO - [2026-08-30T15:26:28.248+0000] {dag.py:4180} INFO - Setting next_dagrun for airbyte_to_dbt_pipeline_prod to 2026-08-30 14:00:00+00:00, run_after=2026-08-30 15:00:00+00:00
[2026-08-30T15:26:28.272+0000] {processor.py:208} INFO - Processing /opt/airflow/dags/prod/airbyte_to_dbt_prod.py took 0.130 seconds
[2026-08-30T15:26:58.449+0000] {processor.py:186} INFO - Started process (PID=5506) to work on /opt/airflow/dags/prod/airbyte_to_dbt_prod.py
[2026-08-30T15:26:58.450+0000] {processor.py:914} INFO - Processing file /opt/airflow/dags/prod/airbyte_to_dbt_prod.py for tasks to queue
[2026-08-30T15:26:58.453+0000] {logging_mixin.py:190} INFO - [2026-08-30T15:26:58.453+0000] {dagbag.py:588} INFO - Filling up the DagBag from /opt/airflow/dags/prod/airbyte_to_dbt_prod.py
[2026-08-30T15:26:58.476+0000] {processor.py:925} INFO - DAG(s) 'airbyte_to_dbt_pipeline_prod' retrieved from /opt/airflow/dags/prod/airbyte_to_dbt_prod.py
[2026-08-30T15:26:58.525+0000] {logging_mixin.py:190} INFO - [2026-08-30T15:26:58.525+0000] {dag.py:3239} INFO - Sync 1 DAGs
[2026-08-30T15:26:58.567+0000] {logging_mixin.py:190} INFO - [2026-08-30T15:26:58.567+0000] {dag.py:4180} INFO - Setting next_dagrun for airbyte_to_dbt_pipeline_prod to 2026-08-30 14:00:00+00:00, run_after=2026-08-30 15:00:00+00:00
[2026-08-30T15:26:58.592+0000] {processor.py:208} INFO - Processing /opt/airflow/dags/prod/airbyte_to_dbt_prod.py took 0.151 seconds
[2026-08-30T15:27:28.899+0000] {processor.py:186} INFO - Started process (PID=5514) to work on /opt/airflow/dags/prod/airbyte_to_dbt_prod.py
[2026-08-30T15:27:28.905+0000] {processor.py:914} INFO - Processing file /opt/airflow/dags/prod/airbyte_to_dbt_prod.py for tasks to queue
[2026-08-30T15:27:28.941+0000] {logging_mixin.py:190} INFO - [2026-08-30T15:27:28.933+0000] {dagbag.py:588} INFO - Filling up the DagBag from /opt/airflow/dags/prod/airbyte_to_dbt_prod.py
[2026-08-30T15:27:29.096+0000] {processor.py:925} INFO - DAG(s) 'airbyte_to_dbt_pipeline_prod' retrieved from /opt/airflow/dags/prod/airbyte_to_dbt_prod.py
[2026-08-30T15:27:29.624+0000] {logging_mixin.py:190} INFO - [2026-08-30T15:27:29.624+0000] {dag.py:3239} INFO - Sync 1 DAGs
[2026-08-30T15:27:30.296+0000] {logging_mixin.py:190} INFO - [2026-08-30T15:27:30.296+0000] {dag.py:4180} INFO - Setting next_dagrun for airbyte_to_dbt_pipeline_prod to 2026-08-30 14:00:00+00:00, run_after=2026-08-30 15:00:00+00:00
[2026-08-30T15:27:30.329+0000] {processor.py:208} INFO - Processing /opt/airflow/dags/prod/airbyte_to_dbt_prod.py took 1.504 seconds
[2026-08-30T15:28:00.532+0000] {processor.py:186} INFO - Started process (PID=5526) to work on /opt/airflow/dags/prod/airbyte_to_dbt_prod.py
[2026-08-30T15:28:00.533+0000] {processor.py:914} INFO - Processing file /opt/airflow/dags/prod/airbyte_to_dbt_prod.py for tasks to queue
[2026-08-30T15:28:00.537+0000] {logging_mixin.py:190} INFO - [2026-08-30T15:28:00.536+0000] {dagbag.py:588} INFO - Filling up the DagBag from /opt/airflow/dags/prod/airbyte_to_dbt_prod.py
[2026-08-30T15:28:00.568+0000] {processor.py:925} INFO - DAG(s) 'airbyte_to_dbt_pipeline_prod' retrieved from /opt/airflow/dags/prod/airbyte_to_dbt_prod.py
[2026-08-30T15:28:00.610+0000] {logging_mixin.py:190} INFO - [2026-08-30T15:28:00.610+0000] {dag.py:3239} INFO - Sync 1 DAGs
[2026-08-30T15:28:00.644+0000] {logging_mixin.py:190} INFO - [2026-08-30T15:28:00.644+0000] {dag.py:4180} INFO - Setting next_dagrun for airbyte_to_dbt_pipeline_prod to 2026-08-30 14:00:00+00:00, run_after=2026-08-30 15:00:00+00:00
[2026-08-30T15:28:00.667+0000] {processor.py:208} INFO - Processing /opt/airflow/dags/prod/airbyte_to_dbt_prod.py took 0.145 seconds
[2026-08-30T15:28:30.841+0000] {processor.py:186} INFO - Started process (PID=5536) to work on /opt/airflow/dags/prod/airbyte_to_dbt_prod.py
[2026-08-30T15:28:30.843+0000] {processor.py:914} INFO - Processing file /opt/airflow/dags/prod/airbyte_to_dbt_prod.py for tasks to queue
[2026-08-30T15:28:30.847+0000] {logging_mixin.py:190} INFO - [2026-08-30T15:28:30.846+0000] {dagbag.py:588} INFO - Filling up the DagBag from /opt/airflow/dags/prod/airbyte_to_dbt_prod.py
[2026-08-30T15:28:30.876+0000] {processor.py:925} INFO - DAG(s) 'airbyte_to_dbt_pipeline_prod' retrieved from /opt/airflow/dags/prod/airbyte_to_dbt_prod.py
[2026-08-30T15:28:30.931+0000] {logging_mixin.py:190} INFO - [2026-08-30T15:28:30.931+0000] {dag.py:3239} INFO - Sync 1 DAGs
[2026-08-30T15:28:30.961+0000] {logging_mixin.py:190} INFO - [2026-08-30T15:28:30.961+0000] {dag.py:4180} INFO - Setting next_dagrun for airbyte_to_dbt_pipeline_prod to 2026-08-30 14:00:00+00:00, run_after=2026-08-30 15:00:00+00:00
[2026-08-30T15:28:30.985+0000] {processor.py:208} INFO - Processing /opt/airflow/dags/prod/airbyte_to_dbt_prod.py took 0.155 seconds
[2026-08-30T15:29:01.142+0000] {processor.py:186} INFO - Started process (PID=5546) to work on /opt/airflow/dags/prod/airbyte_to_dbt_prod.py
[2026-08-30T15:29:01.143+0000] {processor.py:914} INFO - Processing file /opt/airflow/dags/prod/airbyte_to_dbt_prod.py for tasks to queue
[2026-08-30T15:29:01.146+0000] {logging_mixin.py:190} INFO - [2026-08-30T15:29:01.145+0000] {dagbag.py:588} INFO - Filling up the DagBag from /opt/airflow/dags/prod/airbyte_to_dbt_prod.py
[2026-08-30T15:29:01.171+0000] {processor.py:925} INFO - DAG(s) 'airbyte_to_dbt_pipeline_prod' retrieved from /opt/airflow/dags/prod/airbyte_to_dbt_prod.py
[2026-08-30T15:29:01.222+0000] {logging_mixin.py:190} INFO - [2026-08-30T15:29:01.222+0000] {dag.py:3239} INFO - Sync 1 DAGs
[2026-08-30T15:29:01.267+0000] {logging_mixin.py:190} INFO - [2026-08-30T15:29:01.267+0000] {dag.py:4180} INFO - Setting next_dagrun for airbyte_to_dbt_pipeline_prod to 2026-08-30 14:00:00+00:00, run_after=2026-08-30 15:00:00+00:00
[2026-08-30T15:29:01.292+0000] {processor.py:208} INFO - Processing /opt/airflow/dags/prod/airbyte_to_dbt_prod.py took 0.159 seconds
[2026-08-30T15:29:31.439+0000] {processor.py:186} INFO - Started process (PID=5556) to work on /opt/airflow/dags/prod/airbyte_to_dbt_prod.py
[2026-08-30T15:29:31.440+0000] {processor.py:914} INFO - Processing file /opt/airflow/dags/prod/airbyte_to_dbt_prod.py for tasks to queue
[2026-08-30T15:29:31.443+0000] {logging_mixin.py:190} INFO - [2026-08-30T15:29:31.442+0000] {dagbag.py:588} INFO - Filling up the DagBag from /opt/airflow/dags/prod/airbyte_to_dbt_prod.py
[2026-08-30T15:29:31.463+0000] {processor.py:925} INFO - DAG(s) 'airbyte_to_dbt_pipeline_prod' retrieved from /opt/airflow/dags/prod/airbyte_to_dbt_prod.py
[2026-08-30T15:29:31.514+0000] {logging_mixin.py:190} INFO - [2026-08-30T15:29:31.514+0000] {dag.py:3239} INFO - Sync 1 DAGs
[2026-08-30T15:29:31.554+0000] {logging_mixin.py:190} INFO - [2026-08-30T15:29:31.554+0000] {dag.py:4180} INFO - Setting next_dagrun for airbyte_to_dbt_pipeline_prod to 2026-08-30 14:00:00+00:00, run_after=2026-08-30 15:00:00+00:00
[2026-08-30T15:29:31.579+0000] {processor.py:208} INFO - Processing /opt/airflow/dags/prod/airbyte_to_dbt_prod.py took 0.149 seconds
[2026-08-30T15:30:01.867+0000] {processor.py:186} INFO - Started process (PID=5564) to work on /opt/airflow/dags/prod/airbyte_to_dbt_prod.py
[2026-08-30T15:30:01.869+0000] {processor.py:914} INFO - Processing file /opt/airflow/dags/prod/airbyte_to_dbt_prod.py for tasks to queue
[2026-08-30T15:30:01.992+0000] {logging_mixin.py:190} INFO - [2026-08-30T15:30:01.982+0000] {dagbag.py:588} INFO - Filling up the DagBag from /opt/airflow/dags/prod/airbyte_to_dbt_prod.py
[2026-08-30T15:30:02.306+0000] {processor.py:925} INFO - DAG(s) 'airbyte_to_dbt_pipeline_prod' retrieved from /opt/airflow/dags/prod/airbyte_to_dbt_prod.py
[2026-08-30T15:30:02.380+0000] {logging_mixin.py:190} INFO - [2026-08-30T15:30:02.380+0000] {dag.py:3239} INFO - Sync 1 DAGs
[2026-08-30T15:30:02.417+0000] {logging_mixin.py:190} INFO - [2026-08-30T15:30:02.417+0000] {dag.py:4180} INFO - Setting next_dagrun for airbyte_to_dbt_pipeline_prod to 2026-08-30 14:00:00+00:00, run_after=2026-08-30 15:00:00+00:00
[2026-08-30T15:30:02.446+0000] {processor.py:208} INFO - Processing /opt/airflow/dags/prod/airbyte_to_dbt_prod.py took 0.665 seconds
[2026-08-30T15:30:32.644+0000] {processor.py:186} INFO - Started process (PID=5576) to work on /opt/airflow/dags/prod/airbyte_to_dbt_prod.py
[2026-08-30T15:30:32.654+0000] {processor.py:914} INFO - Processing file /opt/airflow/dags/prod/airbyte_to_dbt_prod.py for tasks to queue
[2026-08-30T15:30:32.668+0000] {logging_mixin.py:190} INFO - [2026-08-30T15:30:32.665+0000] {dagbag.py:588} INFO - Filling up the DagBag from /opt/airflow/dags/prod/airbyte_to_dbt_prod.py
[2026-08-30T15:30:32.770+0000] {processor.py:925} INFO - DAG(s) 'airbyte_to_dbt_pipeline_prod' retrieved from /opt/airflow/dags/prod/airbyte_to_dbt_prod.py
[2026-08-30T15:30:33.098+0000] {logging_mixin.py:190} INFO - [2026-08-30T15:30:33.098+0000] {dag.py:3239} INFO - Sync 1 DAGs
[2026-08-30T15:30:33.177+0000] {logging_mixin.py:190} INFO - [2026-08-30T15:30:33.176+0000] {dag.py:4180} INFO - Setting next_dagrun for airbyte_to_dbt_pipeline_prod to 2026-08-30 14:00:00+00:00, run_after=2026-08-30 15:00:00+00:00
[2026-08-30T15:30:33.223+0000] {processor.py:208} INFO - Processing /opt/airflow/dags/prod/airbyte_to_dbt_prod.py took 0.606 seconds
[2026-08-30T15:31:03.412+0000] {processor.py:186} INFO - Started process (PID=5586) to work on /opt/airflow/dags/prod/airbyte_to_dbt_prod.py
[2026-08-30T15:31:03.413+0000] {processor.py:914} INFO - Processing file /opt/airflow/dags/prod/airbyte_to_dbt_prod.py for tasks to queue
[2026-08-30T15:31:03.417+0000] {logging_mixin.py:190} INFO - [2026-08-30T15:31:03.417+0000] {dagbag.py:588} INFO - Filling up the DagBag from /opt/airflow/dags/prod/airbyte_to_dbt_prod.py
[2026-08-30T15:31:03.443+0000] {processor.py:925} INFO - DAG(s) 'airbyte_to_dbt_pipeline_prod' retrieved from /opt/airflow/dags/prod/airbyte_to_dbt_prod.py
[2026-08-30T15:31:03.487+0000] {logging_mixin.py:190} INFO - [2026-08-30T15:31:03.487+0000] {dag.py:3239} INFO - Sync 1 DAGs
[2026-08-30T15:31:03.528+0000] {logging_mixin.py:190} INFO - [2026-08-30T15:31:03.527+0000] {dag.py:4180} INFO - Setting next_dagrun for airbyte_to_dbt_pipeline_prod to 2026-08-30 14:00:00+00:00, run_after=2026-08-30 15:00:00+00:00
[2026-08-30T15:31:03.556+0000] {processor.py:208} INFO - Processing /opt/airflow/dags/prod/airbyte_to_dbt_prod.py took 0.156 seconds
[2026-08-30T15:31:33.714+0000] {processor.py:186} INFO - Started process (PID=5596) to work on /opt/airflow/dags/prod/airbyte_to_dbt_prod.py
[2026-08-30T15:31:33.715+0000] {processor.py:914} INFO - Processing file /opt/airflow/dags/prod/airbyte_to_dbt_prod.py for tasks to queue
[2026-08-30T15:31:33.718+0000] {logging_mixin.py:190} INFO - [2026-08-30T15:31:33.718+0000] {dagbag.py:588} INFO - Filling up the DagBag from /opt/airflow/dags/prod/airbyte_to_dbt_prod.py
[2026-08-30T15:31:33.753+0000] {processor.py:925} INFO - DAG(s) 'airbyte_to_dbt_pipeline_prod' retrieved from /opt/airflow/dags/prod/airbyte_to_dbt_prod.py
[2026-08-30T15:31:33.804+0000] {logging_mixin.py:190} INFO - [2026-08-30T15:31:33.804+0000] {dag.py:3239} INFO - Sync 1 DAGs
[2026-08-30T15:31:33.854+0000] {logging_mixin.py:190} INFO - [2026-08-30T15:31:33.853+0000] {dag.py:4180} INFO - Setting next_dagrun for airbyte_to_dbt_pipeline_prod to 2026-08-30 14:00:00+00:00, run_after=2026-08-30 15:00:00+00:00
[2026-08-30T15:31:33.887+0000] {processor.py:208} INFO - Processing /opt/airflow/dags/prod/airbyte_to_dbt_prod.py took 0.183 seconds
[2026-08-30T15:32:04.070+0000] {processor.py:186} INFO - Started process (PID=5606) to work on /opt/airflow/dags/prod/airbyte_to_dbt_prod.py
[2026-08-30T15:32:04.072+0000] {processor.py:914} INFO - Processing file /opt/airflow/dags/prod/airbyte_to_dbt_prod.py for tasks to queue
[2026-08-30T15:32:04.075+0000] {logging_mixin.py:190} INFO - [2026-08-30T15:32:04.074+0000] {dagbag.py:588} INFO - Filling up the DagBag from /opt/airflow/dags/prod/airbyte_to_dbt_prod.py
[2026-08-30T15:32:04.098+0000] {processor.py:925} INFO - DAG(s) 'airbyte_to_dbt_pipeline_prod' retrieved from /opt/airflow/dags/prod/airbyte_to_dbt_prod.py
[2026-08-30T15:32:04.146+0000] {logging_mixin.py:190} INFO - [2026-08-30T15:32:04.146+0000] {dag.py:3239} INFO - Sync 1 DAGs
[2026-08-30T15:32:04.179+0000] {logging_mixin.py:190} INFO - [2026-08-30T15:32:04.179+0000] {dag.py:4180} INFO - Setting next_dagrun for airbyte_to_dbt_pipeline_prod to 2026-08-30 14:00:00+00:00, run_after=2026-08-30 15:00:00+00:00
[2026-08-30T15:32:04.201+0000] {processor.py:208} INFO - Processing /opt/airflow/dags/prod/airbyte_to_dbt_prod.py took 0.142 seconds
[2026-08-30T15:32:34.356+0000] {processor.py:186} INFO - Started process (PID=5616) to work on /opt/airflow/dags/prod/airbyte_to_dbt_prod.py
[2026-08-30T15:32:34.357+0000] {processor.py:914} INFO - Processing file /opt/airflow/dags/prod/airbyte_to_dbt_prod.py for tasks to queue
[2026-08-30T15:32:34.360+0000] {logging_mixin.py:190} INFO - [2026-08-30T15:32:34.360+0000] {dagbag.py:588} INFO - Filling up the DagBag from /opt/airflow/dags/prod/airbyte_to_dbt_prod.py
[2026-08-30T15:32:34.385+0000] {processor.py:925} INFO - DAG(s) 'airbyte_to_dbt_pipeline_prod' retrieved from /opt/airflow/dags/prod/airbyte_to_dbt_prod.py
[2026-08-30T15:32:34.438+0000] {logging_mixin.py:190} INFO - [2026-08-30T15:32:34.438+0000] {dag.py:3239} INFO - Sync 1 DAGs
[2026-08-30T15:32:34.467+0000] {logging_mixin.py:190} INFO - [2026-08-30T15:32:34.467+0000] {dag.py:4180} INFO - Setting next_dagrun for airbyte_to_dbt_pipeline_prod to 2026-08-30 14:00:00+00:00, run_after=2026-08-30 15:00:00+00:00
[2026-08-30T15:32:34.492+0000] {processor.py:208} INFO - Processing /opt/airflow/dags/prod/airbyte_to_dbt_prod.py took 0.147 seconds
[2026-08-30T15:33:04.649+0000] {processor.py:186} INFO - Started process (PID=5626) to work on /opt/airflow/dags/prod/airbyte_to_dbt_prod.py
[2026-08-30T15:33:04.650+0000] {processor.py:914} INFO - Processing file /opt/airflow/dags/prod/airbyte_to_dbt_prod.py for tasks to queue
[2026-08-30T15:33:04.654+0000] {logging_mixin.py:190} INFO - [2026-08-30T15:33:04.654+0000] {dagbag.py:588} INFO - Filling up the DagBag from /opt/airflow/dags/prod/airbyte_to_dbt_prod.py
[2026-08-30T15:33:04.684+0000] {processor.py:925} INFO - DAG(s) 'airbyte_to_dbt_pipeline_prod' retrieved from /opt/airflow/dags/prod/airbyte_to_dbt_prod.py
[2026-08-30T15:33:04.729+0000] {logging_mixin.py:190} INFO - [2026-08-30T15:33:04.729+0000] {dag.py:3239} INFO - Sync 1 DAGs
[2026-08-30T15:33:04.757+0000] {logging_mixin.py:190} INFO - [2026-08-30T15:33:04.756+0000] {dag.py:4180} INFO - Setting next_dagrun for airbyte_to_dbt_pipeline_prod to 2026-08-30 14:00:00+00:00, run_after=2026-08-30 15:00:00+00:00
[2026-08-30T15:33:04.778+0000] {processor.py:208} INFO - Processing /opt/airflow/dags/prod/airbyte_to_dbt_prod.py took 0.141 seconds
[2026-08-30T15:33:34.946+0000] {processor.py:186} INFO - Started process (PID=5636) to work on /opt/airflow/dags/prod/airbyte_to_dbt_prod.py
[2026-08-30T15:33:34.948+0000] {processor.py:914} INFO - Processing file /opt/airflow/dags/prod/airbyte_to_dbt_prod.py for tasks to queue
[2026-08-30T15:33:34.951+0000] {logging_mixin.py:190} INFO - [2026-08-30T15:33:34.950+0000] {dagbag.py:588} INFO - Filling up the DagBag from /opt/airflow/dags/prod/airbyte_to_dbt_prod.py
[2026-08-30T15:33:34.972+0000] {processor.py:925} INFO - DAG(s) 'airbyte_to_dbt_pipeline_prod' retrieved from /opt/airflow/dags/prod/airbyte_to_dbt_prod.py
[2026-08-30T15:33:35.013+0000] {logging_mixin.py:190} INFO - [2026-08-30T15:33:35.013+0000] {dag.py:3239} INFO - Sync 1 DAGs
[2026-08-30T15:33:35.046+0000] {logging_mixin.py:190} INFO - [2026-08-30T15:33:35.045+0000] {dag.py:4180} INFO - Setting next_dagrun for airbyte_to_dbt_pipeline_prod to 2026-08-30 14:00:00+00:00, run_after=2026-08-30 15:00:00+00:00
[2026-08-30T15:33:35.073+0000] {processor.py:208} INFO - Processing /opt/airflow/dags/prod/airbyte_to_dbt_prod.py took 0.135 seconds
[2026-08-30T15:34:05.309+0000] {processor.py:186} INFO - Started process (PID=5646) to work on /opt/airflow/dags/prod/airbyte_to_dbt_prod.py
[2026-08-30T15:34:05.319+0000] {processor.py:914} INFO - Processing file /opt/airflow/dags/prod/airbyte_to_dbt_prod.py for tasks to queue
[2026-08-30T15:34:05.339+0000] {logging_mixin.py:190} INFO - [2026-08-30T15:34:05.339+0000] {dagbag.py:588} INFO - Filling up the DagBag from /opt/airflow/dags/prod/airbyte_to_dbt_prod.py
[2026-08-30T15:34:05.433+0000] {processor.py:925} INFO - DAG(s) 'airbyte_to_dbt_pipeline_prod' retrieved from /opt/airflow/dags/prod/airbyte_to_dbt_prod.py
[2026-08-30T15:34:05.540+0000] {logging_mixin.py:190} INFO - [2026-08-30T15:34:05.539+0000] {dag.py:3239} INFO - Sync 1 DAGs
[2026-08-30T15:34:05.588+0000] {logging_mixin.py:190} INFO - [2026-08-30T15:34:05.588+0000] {dag.py:4180} INFO - Setting next_dagrun for airbyte_to_dbt_pipeline_prod to 2026-08-30 14:00:00+00:00, run_after=2026-08-30 15:00:00+00:00
[2026-08-30T15:34:05.623+0000] {processor.py:208} INFO - Processing /opt/airflow/dags/prod/airbyte_to_dbt_prod.py took 0.361 seconds
[2026-08-30T15:34:35.993+0000] {processor.py:186} INFO - Started process (PID=5654) to work on /opt/airflow/dags/prod/airbyte_to_dbt_prod.py
[2026-08-30T15:34:35.995+0000] {processor.py:914} INFO - Processing file /opt/airflow/dags/prod/airbyte_to_dbt_prod.py for tasks to queue
[2026-08-30T15:34:36.021+0000] {logging_mixin.py:190} INFO - [2026-08-30T15:34:36.019+0000] {dagbag.py:588} INFO - Filling up the DagBag from /opt/airflow/dags/prod/airbyte_to_dbt_prod.py
[2026-08-30T15:34:36.362+0000] {processor.py:925} INFO - DAG(s) 'airbyte_to_dbt_pipeline_prod' retrieved from /opt/airflow/dags/prod/airbyte_to_dbt_prod.py
[2026-08-30T15:34:36.641+0000] {logging_mixin.py:190} INFO - [2026-08-30T15:34:36.640+0000] {dag.py:3239} INFO - Sync 1 DAGs
[2026-08-30T15:34:36.703+0000] {logging_mixin.py:190} INFO - [2026-08-30T15:34:36.702+0000] {dag.py:4180} INFO - Setting next_dagrun for airbyte_to_dbt_pipeline_prod to 2026-08-30 14:00:00+00:00, run_after=2026-08-30 15:00:00+00:00
[2026-08-30T15:34:36.734+0000] {processor.py:208} INFO - Processing /opt/airflow/dags/prod/airbyte_to_dbt_prod.py took 0.822 seconds
[2026-08-30T15:35:06.939+0000] {processor.py:186} INFO - Started process (PID=5664) to work on /opt/airflow/dags/prod/airbyte_to_dbt_prod.py
[2026-08-30T15:35:06.940+0000] {processor.py:914} INFO - Processing file /opt/airflow/dags/prod/airbyte_to_dbt_prod.py for tasks to queue
[2026-08-30T15:35:06.948+0000] {logging_mixin.py:190} INFO - [2026-08-30T15:35:06.947+0000] {dagbag.py:588} INFO - Filling up the DagBag from /opt/airflow/dags/prod/airbyte_to_dbt_prod.py
[2026-08-30T15:35:07.048+0000] {processor.py:925} INFO - DAG(s) 'airbyte_to_dbt_pipeline_prod' retrieved from /opt/airflow/dags/prod/airbyte_to_dbt_prod.py
[2026-08-30T15:35:07.445+0000] {logging_mixin.py:190} INFO - [2026-08-30T15:35:07.445+0000] {dag.py:3239} INFO - Sync 1 DAGs
[2026-08-30T15:35:07.569+0000] {logging_mixin.py:190} INFO - [2026-08-30T15:35:07.569+0000] {dag.py:4180} INFO - Setting next_dagrun for airbyte_to_dbt_pipeline_prod to 2026-08-30 14:00:00+00:00, run_after=2026-08-30 15:00:00+00:00
[2026-08-30T15:35:07.595+0000] {processor.py:208} INFO - Processing /opt/airflow/dags/prod/airbyte_to_dbt_prod.py took 0.669 seconds
[2026-08-30T15:35:37.782+0000] {processor.py:186} INFO - Started process (PID=5676) to work on /opt/airflow/dags/prod/airbyte_to_dbt_prod.py
[2026-08-30T15:35:37.784+0000] {processor.py:914} INFO - Processing file /opt/airflow/dags/prod/airbyte_to_dbt_prod.py for tasks to queue
[2026-08-30T15:35:37.788+0000] {logging_mixin.py:190} INFO - [2026-08-30T15:35:37.788+0000] {dagbag.py:588} INFO - Filling up the DagBag from /opt/airflow/dags/prod/airbyte_to_dbt_prod.py
[2026-08-30T15:35:37.819+0000] {processor.py:925} INFO - DAG(s) 'airbyte_to_dbt_pipeline_prod' retrieved from /opt/airflow/dags/prod/airbyte_to_dbt_prod.py
[2026-08-30T15:35:37.861+0000] {logging_mixin.py:190} INFO - [2026-08-30T15:35:37.861+0000] {dag.py:3239} INFO - Sync 1 DAGs
[2026-08-30T15:35:37.894+0000] {logging_mixin.py:190} INFO - [2026-08-30T15:35:37.894+0000] {dag.py:4180} INFO - Setting next_dagrun for airbyte_to_dbt_pipeline_prod to 2026-08-30 14:00:00+00:00, run_after=2026-08-30 15:00:00+00:00
[2026-08-30T15:35:37.919+0000] {processor.py:208} INFO - Processing /opt/airflow/dags/prod/airbyte_to_dbt_prod.py took 0.147 seconds
[2026-08-30T15:36:08.140+0000] {processor.py:186} INFO - Started process (PID=5686) to work on /opt/airflow/dags/prod/airbyte_to_dbt_prod.py
[2026-08-30T15:36:08.141+0000] {processor.py:914} INFO - Processing file /opt/airflow/dags/prod/airbyte_to_dbt_prod.py for tasks to queue
[2026-08-30T15:36:08.194+0000] {logging_mixin.py:190} INFO - [2026-08-30T15:36:08.194+0000] {dagbag.py:588} INFO - Filling up the DagBag from /opt/airflow/dags/prod/airbyte_to_dbt_prod.py
[2026-08-30T15:36:08.241+0000] {processor.py:925} INFO - DAG(s) 'airbyte_to_dbt_pipeline_prod' retrieved from /opt/airflow/dags/prod/airbyte_to_dbt_prod.py
[2026-08-30T15:36:08.294+0000] {logging_mixin.py:190} INFO - [2026-08-30T15:36:08.294+0000] {dag.py:3239} INFO - Sync 1 DAGs
[2026-08-30T15:36:08.494+0000] {logging_mixin.py:190} INFO - [2026-08-30T15:36:08.493+0000] {dag.py:4180} INFO - Setting next_dagrun for airbyte_to_dbt_pipeline_prod to 2026-08-30 14:00:00+00:00, run_after=2026-08-30 15:00:00+00:00
[2026-08-30T15:36:08.519+0000] {processor.py:208} INFO - Processing /opt/airflow/dags/prod/airbyte_to_dbt_prod.py took 0.439 seconds
[2026-08-30T15:36:38.749+0000] {processor.py:186} INFO - Started process (PID=5694) to work on /opt/airflow/dags/prod/airbyte_to_dbt_prod.py
[2026-08-30T15:36:38.750+0000] {processor.py:914} INFO - Processing file /opt/airflow/dags/prod/airbyte_to_dbt_prod.py for tasks to queue
[2026-08-30T15:36:38.755+0000] {logging_mixin.py:190} INFO - [2026-08-30T15:36:38.755+0000] {dagbag.py:588} INFO - Filling up the DagBag from /opt/airflow/dags/prod/airbyte_to_dbt_prod.py
[2026-08-30T15:36:38.788+0000] {processor.py:925} INFO - DAG(s) 'airbyte_to_dbt_pipeline_prod' retrieved from /opt/airflow/dags/prod/airbyte_to_dbt_prod.py
[2026-08-30T15:36:38.852+0000] {logging_mixin.py:190} INFO - [2026-08-30T15:36:38.852+0000] {dag.py:3239} INFO - Sync 1 DAGs
[2026-08-30T15:36:38.893+0000] {logging_mixin.py:190} INFO - [2026-08-30T15:36:38.893+0000] {dag.py:4180} INFO - Setting next_dagrun for airbyte_to_dbt_pipeline_prod to 2026-08-30 14:00:00+00:00, run_after=2026-08-30 15:00:00+00:00
[2026-08-30T15:36:38.931+0000] {processor.py:208} INFO - Processing /opt/airflow/dags/prod/airbyte_to_dbt_prod.py took 0.194 seconds
[2026-08-30T15:37:09.124+0000] {processor.py:186} INFO - Started process (PID=5706) to work on /opt/airflow/dags/prod/airbyte_to_dbt_prod.py
[2026-08-30T15:37:09.129+0000] {processor.py:914} INFO - Processing file /opt/airflow/dags/prod/airbyte_to_dbt_prod.py for tasks to queue
[2026-08-30T15:37:09.132+0000] {logging_mixin.py:190} INFO - [2026-08-30T15:37:09.132+0000] {dagbag.py:588} INFO - Filling up the DagBag from /opt/airflow/dags/prod/airbyte_to_dbt_prod.py
[2026-08-30T15:37:09.153+0000] {processor.py:925} INFO - DAG(s) 'airbyte_to_dbt_pipeline_prod' retrieved from /opt/airflow/dags/prod/airbyte_to_dbt_prod.py
[2026-08-30T15:37:09.205+0000] {logging_mixin.py:190} INFO - [2026-08-30T15:37:09.205+0000] {dag.py:3239} INFO - Sync 1 DAGs
[2026-08-30T15:37:09.243+0000] {logging_mixin.py:190} INFO - [2026-08-30T15:37:09.243+0000] {dag.py:4180} INFO - Setting next_dagrun for airbyte_to_dbt_pipeline_prod to 2026-08-30 14:00:00+00:00, run_after=2026-08-30 15:00:00+00:00
[2026-08-30T15:37:09.266+0000] {processor.py:208} INFO - Processing /opt/airflow/dags/prod/airbyte_to_dbt_prod.py took 0.152 seconds
[2026-08-30T15:37:39.441+0000] {processor.py:186} INFO - Started process (PID=5716) to work on /opt/airflow/dags/prod/airbyte_to_dbt_prod.py
[2026-08-30T15:37:39.442+0000] {processor.py:914} INFO - Processing file /opt/airflow/dags/prod/airbyte_to_dbt_prod.py for tasks to queue
[2026-08-30T15:37:39.447+0000] {logging_mixin.py:190} INFO - [2026-08-30T15:37:39.446+0000] {dagbag.py:588} INFO - Filling up the DagBag from /opt/airflow/dags/prod/airbyte_to_dbt_prod.py
[2026-08-30T15:37:39.481+0000] {processor.py:925} INFO - DAG(s) 'airbyte_to_dbt_pipeline_prod' retrieved from /opt/airflow/dags/prod/airbyte_to_dbt_prod.py
[2026-08-30T15:37:39.538+0000] {logging_mixin.py:190} INFO - [2026-08-30T15:37:39.538+0000] {dag.py:3239} INFO - Sync 1 DAGs
[2026-08-30T15:37:39.579+0000] {logging_mixin.py:190} INFO - [2026-08-30T15:37:39.579+0000] {dag.py:4180} INFO - Setting next_dagrun for airbyte_to_dbt_pipeline_prod to 2026-08-30 14:00:00+00:00, run_after=2026-08-30 15:00:00+00:00
[2026-08-30T15:37:39.602+0000] {processor.py:208} INFO - Processing /opt/airflow/dags/prod/airbyte_to_dbt_prod.py took 0.175 seconds
[2026-08-30T15:38:10.635+0000] {processor.py:186} INFO - Started process (PID=5724) to work on /opt/airflow/dags/prod/airbyte_to_dbt_prod.py
[2026-08-30T15:38:10.663+0000] {processor.py:914} INFO - Processing file /opt/airflow/dags/prod/airbyte_to_dbt_prod.py for tasks to queue
[2026-08-30T15:38:11.484+0000] {logging_mixin.py:190} INFO - [2026-08-30T15:38:11.408+0000] {dagbag.py:588} INFO - Filling up the DagBag from /opt/airflow/dags/prod/airbyte_to_dbt_prod.py
[2026-08-30T15:38:13.781+0000] {processor.py:925} INFO - DAG(s) 'airbyte_to_dbt_pipeline_prod' retrieved from /opt/airflow/dags/prod/airbyte_to_dbt_prod.py
[2026-08-30T15:38:15.025+0000] {logging_mixin.py:190} INFO - [2026-08-30T15:38:15.025+0000] {dag.py:3239} INFO - Sync 1 DAGs
[2026-08-30T15:38:15.306+0000] {logging_mixin.py:190} INFO - [2026-08-30T15:38:15.306+0000] {dag.py:4180} INFO - Setting next_dagrun for airbyte_to_dbt_pipeline_prod to 2026-08-30 14:00:00+00:00, run_after=2026-08-30 15:00:00+00:00
[2026-08-30T15:38:15.613+0000] {processor.py:208} INFO - Processing /opt/airflow/dags/prod/airbyte_to_dbt_prod.py took 5.664 seconds
[2026-08-30T15:38:47.629+0000] {processor.py:186} INFO - Started process (PID=5734) to work on /opt/airflow/dags/prod/airbyte_to_dbt_prod.py
[2026-08-30T15:38:47.641+0000] {processor.py:914} INFO - Processing file /opt/airflow/dags/prod/airbyte_to_dbt_prod.py for tasks to queue
[2026-08-30T15:38:47.724+0000] {logging_mixin.py:190} INFO - [2026-08-30T15:38:47.711+0000] {dagbag.py:588} INFO - Filling up the DagBag from /opt/airflow/dags/prod/airbyte_to_dbt_prod.py
[2026-08-30T15:38:47.932+0000] {processor.py:925} INFO - DAG(s) 'airbyte_to_dbt_pipeline_prod' retrieved from /opt/airflow/dags/prod/airbyte_to_dbt_prod.py
[2026-08-30T15:38:48.635+0000] {logging_mixin.py:190} INFO - [2026-08-30T15:38:48.635+0000] {dag.py:3239} INFO - Sync 1 DAGs
[2026-08-30T15:38:49.133+0000] {logging_mixin.py:190} INFO - [2026-08-30T15:38:49.131+0000] {dag.py:4180} INFO - Setting next_dagrun for airbyte_to_dbt_pipeline_prod to 2026-08-30 14:00:00+00:00, run_after=2026-08-30 15:00:00+00:00
[2026-08-30T15:38:49.166+0000] {processor.py:208} INFO - Processing /opt/airflow/dags/prod/airbyte_to_dbt_prod.py took 1.671 seconds
[2026-08-30T15:39:19.358+0000] {processor.py:186} INFO - Started process (PID=5746) to work on /opt/airflow/dags/prod/airbyte_to_dbt_prod.py
[2026-08-30T15:39:19.359+0000] {processor.py:914} INFO - Processing file /opt/airflow/dags/prod/airbyte_to_dbt_prod.py for tasks to queue
[2026-08-30T15:39:19.362+0000] {logging_mixin.py:190} INFO - [2026-08-30T15:39:19.361+0000] {dagbag.py:588} INFO - Filling up the DagBag from /opt/airflow/dags/prod/airbyte_to_dbt_prod.py
[2026-08-30T15:39:19.411+0000] {processor.py:925} INFO - DAG(s) 'airbyte_to_dbt_pipeline_prod' retrieved from /opt/airflow/dags/prod/airbyte_to_dbt_prod.py
[2026-08-30T15:39:19.510+0000] {logging_mixin.py:190} INFO - [2026-08-30T15:39:19.510+0000] {dag.py:3239} INFO - Sync 1 DAGs
[2026-08-30T15:39:19.567+0000] {logging_mixin.py:190} INFO - [2026-08-30T15:39:19.566+0000] {dag.py:4180} INFO - Setting next_dagrun for airbyte_to_dbt_pipeline_prod to 2026-08-30 14:00:00+00:00, run_after=2026-08-30 15:00:00+00:00
[2026-08-30T15:39:19.609+0000] {processor.py:208} INFO - Processing /opt/airflow/dags/prod/airbyte_to_dbt_prod.py took 0.259 seconds
[2026-08-30T15:39:49.801+0000] {processor.py:186} INFO - Started process (PID=5756) to work on /opt/airflow/dags/prod/airbyte_to_dbt_prod.py
[2026-08-30T15:39:49.810+0000] {processor.py:914} INFO - Processing file /opt/airflow/dags/prod/airbyte_to_dbt_prod.py for tasks to queue
[2026-08-30T15:39:49.814+0000] {logging_mixin.py:190} INFO - [2026-08-30T15:39:49.814+0000] {dagbag.py:588} INFO - Filling up the DagBag from /opt/airflow/dags/prod/airbyte_to_dbt_prod.py
[2026-08-30T15:39:49.851+0000] {processor.py:925} INFO - DAG(s) 'airbyte_to_dbt_pipeline_prod' retrieved from /opt/airflow/dags/prod/airbyte_to_dbt_prod.py
[2026-08-30T15:39:49.924+0000] {logging_mixin.py:190} INFO - [2026-08-30T15:39:49.924+0000] {dag.py:3239} INFO - Sync 1 DAGs
[2026-08-30T15:39:49.973+0000] {logging_mixin.py:190} INFO - [2026-08-30T15:39:49.972+0000] {dag.py:4180} INFO - Setting next_dagrun for airbyte_to_dbt_pipeline_prod to 2026-08-30 14:00:00+00:00, run_after=2026-08-30 15:00:00+00:00
[2026-08-30T15:39:50.005+0000] {processor.py:208} INFO - Processing /opt/airflow/dags/prod/airbyte_to_dbt_prod.py took 0.216 seconds
[2026-08-30T15:40:20.576+0000] {processor.py:186} INFO - Started process (PID=5764) to work on /opt/airflow/dags/prod/airbyte_to_dbt_prod.py
[2026-08-30T15:40:20.582+0000] {processor.py:914} INFO - Processing file /opt/airflow/dags/prod/airbyte_to_dbt_prod.py for tasks to queue
[2026-08-30T15:40:20.716+0000] {logging_mixin.py:190} INFO - [2026-08-30T15:40:20.709+0000] {dagbag.py:588} INFO - Filling up the DagBag from /opt/airflow/dags/prod/airbyte_to_dbt_prod.py
[2026-08-30T15:40:21.298+0000] {processor.py:925} INFO - DAG(s) 'airbyte_to_dbt_pipeline_prod' retrieved from /opt/airflow/dags/prod/airbyte_to_dbt_prod.py
[2026-08-30T15:40:21.594+0000] {logging_mixin.py:190} INFO - [2026-08-30T15:40:21.594+0000] {dag.py:3239} INFO - Sync 1 DAGs
[2026-08-30T15:40:21.677+0000] {logging_mixin.py:190} INFO - [2026-08-30T15:40:21.677+0000] {dag.py:4180} INFO - Setting next_dagrun for airbyte_to_dbt_pipeline_prod to 2026-08-30 14:00:00+00:00, run_after=2026-08-30 15:00:00+00:00
[2026-08-30T15:40:21.753+0000] {processor.py:208} INFO - Processing /opt/airflow/dags/prod/airbyte_to_dbt_prod.py took 1.378 seconds
[2026-08-30T15:40:52.501+0000] {processor.py:186} INFO - Started process (PID=5776) to work on /opt/airflow/dags/prod/airbyte_to_dbt_prod.py
[2026-08-30T15:40:52.502+0000] {processor.py:914} INFO - Processing file /opt/airflow/dags/prod/airbyte_to_dbt_prod.py for tasks to queue
[2026-08-30T15:40:52.507+0000] {logging_mixin.py:190} INFO - [2026-08-30T15:40:52.506+0000] {dagbag.py:588} INFO - Filling up the DagBag from /opt/airflow/dags/prod/airbyte_to_dbt_prod.py
[2026-08-30T15:40:52.536+0000] {processor.py:925} INFO - DAG(s) 'airbyte_to_dbt_pipeline_prod' retrieved from /opt/airflow/dags/prod/airbyte_to_dbt_prod.py
[2026-08-30T15:40:52.597+0000] {logging_mixin.py:190} INFO - [2026-08-30T15:40:52.597+0000] {dag.py:3239} INFO - Sync 1 DAGs
[2026-08-30T15:40:52.628+0000] {logging_mixin.py:190} INFO - [2026-08-30T15:40:52.628+0000] {dag.py:4180} INFO - Setting next_dagrun for airbyte_to_dbt_pipeline_prod to 2026-08-30 14:00:00+00:00, run_after=2026-08-30 15:00:00+00:00
[2026-08-30T15:40:52.651+0000] {processor.py:208} INFO - Processing /opt/airflow/dags/prod/airbyte_to_dbt_prod.py took 0.162 seconds
[2026-08-30T15:41:22.817+0000] {processor.py:186} INFO - Started process (PID=5786) to work on /opt/airflow/dags/prod/airbyte_to_dbt_prod.py
[2026-08-30T15:41:22.818+0000] {processor.py:914} INFO - Processing file /opt/airflow/dags/prod/airbyte_to_dbt_prod.py for tasks to queue
[2026-08-30T15:41:22.849+0000] {logging_mixin.py:190} INFO - [2026-08-30T15:41:22.847+0000] {dagbag.py:588} INFO - Filling up the DagBag from /opt/airflow/dags/prod/airbyte_to_dbt_prod.py
[2026-08-30T15:41:22.873+0000] {processor.py:925} INFO - DAG(s) 'airbyte_to_dbt_pipeline_prod' retrieved from /opt/airflow/dags/prod/airbyte_to_dbt_prod.py
[2026-08-30T15:41:23.140+0000] {logging_mixin.py:190} INFO - [2026-08-30T15:41:23.140+0000] {dag.py:3239} INFO - Sync 1 DAGs
[2026-08-30T15:41:23.196+0000] {logging_mixin.py:190} INFO - [2026-08-30T15:41:23.196+0000] {dag.py:4180} INFO - Setting next_dagrun for airbyte_to_dbt_pipeline_prod to 2026-08-30 14:00:00+00:00, run_after=2026-08-30 15:00:00+00:00
[2026-08-30T15:41:23.219+0000] {processor.py:208} INFO - Processing /opt/airflow/dags/prod/airbyte_to_dbt_prod.py took 0.411 seconds
[2026-08-30T15:41:53.388+0000] {processor.py:186} INFO - Started process (PID=5796) to work on /opt/airflow/dags/prod/airbyte_to_dbt_prod.py
[2026-08-30T15:41:53.390+0000] {processor.py:914} INFO - Processing file /opt/airflow/dags/prod/airbyte_to_dbt_prod.py for tasks to queue
[2026-08-30T15:41:53.394+0000] {logging_mixin.py:190} INFO - [2026-08-30T15:41:53.394+0000] {dagbag.py:588} INFO - Filling up the DagBag from /opt/airflow/dags/prod/airbyte_to_dbt_prod.py
[2026-08-30T15:41:53.424+0000] {processor.py:925} INFO - DAG(s) 'airbyte_to_dbt_pipeline_prod' retrieved from /opt/airflow/dags/prod/airbyte_to_dbt_prod.py
[2026-08-30T15:41:53.467+0000] {logging_mixin.py:190} INFO - [2026-08-30T15:41:53.467+0000] {dag.py:3239} INFO - Sync 1 DAGs
[2026-08-30T15:41:53.500+0000] {logging_mixin.py:190} INFO - [2026-08-30T15:41:53.499+0000] {dag.py:4180} INFO - Setting next_dagrun for airbyte_to_dbt_pipeline_prod to 2026-08-30 14:00:00+00:00, run_after=2026-08-30 15:00:00+00:00
[2026-08-30T15:41:53.528+0000] {processor.py:208} INFO - Processing /opt/airflow/dags/prod/airbyte_to_dbt_prod.py took 0.150 seconds
[2026-08-30T15:42:23.724+0000] {processor.py:186} INFO - Started process (PID=5806) to work on /opt/airflow/dags/prod/airbyte_to_dbt_prod.py
[2026-08-30T15:42:23.725+0000] {processor.py:914} INFO - Processing file /opt/airflow/dags/prod/airbyte_to_dbt_prod.py for tasks to queue
[2026-08-30T15:42:23.732+0000] {logging_mixin.py:190} INFO - [2026-08-30T15:42:23.730+0000] {dagbag.py:588} INFO - Filling up the DagBag from /opt/airflow/dags/prod/airbyte_to_dbt_prod.py
[2026-08-30T15:42:23.766+0000] {processor.py:925} INFO - DAG(s) 'airbyte_to_dbt_pipeline_prod' retrieved from /opt/airflow/dags/prod/airbyte_to_dbt_prod.py
[2026-08-30T15:42:23.849+0000] {logging_mixin.py:190} INFO - [2026-08-30T15:42:23.849+0000] {dag.py:3239} INFO - Sync 1 DAGs
[2026-08-30T15:42:24.017+0000] {logging_mixin.py:190} INFO - [2026-08-30T15:42:24.016+0000] {dag.py:4180} INFO - Setting next_dagrun for airbyte_to_dbt_pipeline_prod to 2026-08-30 14:00:00+00:00, run_after=2026-08-30 15:00:00+00:00
[2026-08-30T15:42:24.042+0000] {processor.py:208} INFO - Processing /opt/airflow/dags/prod/airbyte_to_dbt_prod.py took 0.348 seconds
[2026-08-30T15:42:54.328+0000] {processor.py:186} INFO - Started process (PID=5815) to work on /opt/airflow/dags/prod/airbyte_to_dbt_prod.py
[2026-08-30T15:42:54.330+0000] {processor.py:914} INFO - Processing file /opt/airflow/dags/prod/airbyte_to_dbt_prod.py for tasks to queue
[2026-08-30T15:42:54.335+0000] {logging_mixin.py:190} INFO - [2026-08-30T15:42:54.335+0000] {dagbag.py:588} INFO - Filling up the DagBag from /opt/airflow/dags/prod/airbyte_to_dbt_prod.py
[2026-08-30T15:42:54.455+0000] {processor.py:925} INFO - DAG(s) 'airbyte_to_dbt_pipeline_prod' retrieved from /opt/airflow/dags/prod/airbyte_to_dbt_prod.py
[2026-08-30T15:42:54.621+0000] {logging_mixin.py:190} INFO - [2026-08-30T15:42:54.621+0000] {dag.py:3239} INFO - Sync 1 DAGs
[2026-08-30T15:42:54.707+0000] {logging_mixin.py:190} INFO - [2026-08-30T15:42:54.707+0000] {dag.py:4180} INFO - Setting next_dagrun for airbyte_to_dbt_pipeline_prod to 2026-08-30 14:00:00+00:00, run_after=2026-08-30 15:00:00+00:00
[2026-08-30T15:42:54.743+0000] {processor.py:208} INFO - Processing /opt/airflow/dags/prod/airbyte_to_dbt_prod.py took 0.481 seconds
[2026-08-30T15:43:24.985+0000] {processor.py:186} INFO - Started process (PID=5826) to work on /opt/airflow/dags/prod/airbyte_to_dbt_prod.py
[2026-08-30T15:43:24.986+0000] {processor.py:914} INFO - Processing file /opt/airflow/dags/prod/airbyte_to_dbt_prod.py for tasks to queue
[2026-08-30T15:43:24.990+0000] {logging_mixin.py:190} INFO - [2026-08-30T15:43:24.990+0000] {dagbag.py:588} INFO - Filling up the DagBag from /opt/airflow/dags/prod/airbyte_to_dbt_prod.py
[2026-08-30T15:43:25.020+0000] {processor.py:925} INFO - DAG(s) 'airbyte_to_dbt_pipeline_prod' retrieved from /opt/airflow/dags/prod/airbyte_to_dbt_prod.py
[2026-08-30T15:43:25.073+0000] {logging_mixin.py:190} INFO - [2026-08-30T15:43:25.073+0000] {dag.py:3239} INFO - Sync 1 DAGs
[2026-08-30T15:43:25.114+0000] {logging_mixin.py:190} INFO - [2026-08-30T15:43:25.114+0000] {dag.py:4180} INFO - Setting next_dagrun for airbyte_to_dbt_pipeline_prod to 2026-08-30 14:00:00+00:00, run_after=2026-08-30 15:00:00+00:00
[2026-08-30T15:43:25.140+0000] {processor.py:208} INFO - Processing /opt/airflow/dags/prod/airbyte_to_dbt_prod.py took 0.167 seconds
[2026-08-30T15:43:55.307+0000] {processor.py:186} INFO - Started process (PID=5836) to work on /opt/airflow/dags/prod/airbyte_to_dbt_prod.py
[2026-08-30T15:43:55.308+0000] {processor.py:914} INFO - Processing file /opt/airflow/dags/prod/airbyte_to_dbt_prod.py for tasks to queue
[2026-08-30T15:43:55.312+0000] {logging_mixin.py:190} INFO - [2026-08-30T15:43:55.311+0000] {dagbag.py:588} INFO - Filling up the DagBag from /opt/airflow/dags/prod/airbyte_to_dbt_prod.py
[2026-08-30T15:43:55.336+0000] {processor.py:925} INFO - DAG(s) 'airbyte_to_dbt_pipeline_prod' retrieved from /opt/airflow/dags/prod/airbyte_to_dbt_prod.py
[2026-08-30T15:43:55.382+0000] {logging_mixin.py:190} INFO - [2026-08-30T15:43:55.382+0000] {dag.py:3239} INFO - Sync 1 DAGs
[2026-08-30T15:43:55.425+0000] {logging_mixin.py:190} INFO - [2026-08-30T15:43:55.425+0000] {dag.py:4180} INFO - Setting next_dagrun for airbyte_to_dbt_pipeline_prod to 2026-08-30 14:00:00+00:00, run_after=2026-08-30 15:00:00+00:00
[2026-08-30T15:43:55.454+0000] {processor.py:208} INFO - Processing /opt/airflow/dags/prod/airbyte_to_dbt_prod.py took 0.156 seconds
[2026-08-30T15:44:25.641+0000] {processor.py:186} INFO - Started process (PID=5844) to work on /opt/airflow/dags/prod/airbyte_to_dbt_prod.py
[2026-08-30T15:44:25.642+0000] {processor.py:914} INFO - Processing file /opt/airflow/dags/prod/airbyte_to_dbt_prod.py for tasks to queue
[2026-08-30T15:44:25.651+0000] {logging_mixin.py:190} INFO - [2026-08-30T15:44:25.651+0000] {dagbag.py:588} INFO - Filling up the DagBag from /opt/airflow/dags/prod/airbyte_to_dbt_prod.py
[2026-08-30T15:44:25.682+0000] {processor.py:925} INFO - DAG(s) 'airbyte_to_dbt_pipeline_prod' retrieved from /opt/airflow/dags/prod/airbyte_to_dbt_prod.py
[2026-08-30T15:44:25.749+0000] {logging_mixin.py:190} INFO - [2026-08-30T15:44:25.748+0000] {dag.py:3239} INFO - Sync 1 DAGs
[2026-08-30T15:44:25.789+0000] {logging_mixin.py:190} INFO - [2026-08-30T15:44:25.788+0000] {dag.py:4180} INFO - Setting next_dagrun for airbyte_to_dbt_pipeline_prod to 2026-08-30 14:00:00+00:00, run_after=2026-08-30 15:00:00+00:00
[2026-08-30T15:44:25.829+0000] {processor.py:208} INFO - Processing /opt/airflow/dags/prod/airbyte_to_dbt_prod.py took 0.198 seconds
[2026-08-30T15:44:55.999+0000] {processor.py:186} INFO - Started process (PID=5856) to work on /opt/airflow/dags/prod/airbyte_to_dbt_prod.py
[2026-08-30T15:44:56.000+0000] {processor.py:914} INFO - Processing file /opt/airflow/dags/prod/airbyte_to_dbt_prod.py for tasks to queue
[2026-08-30T15:44:56.003+0000] {logging_mixin.py:190} INFO - [2026-08-30T15:44:56.003+0000] {dagbag.py:588} INFO - Filling up the DagBag from /opt/airflow/dags/prod/airbyte_to_dbt_prod.py
[2026-08-30T15:44:56.027+0000] {processor.py:925} INFO - DAG(s) 'airbyte_to_dbt_pipeline_prod' retrieved from /opt/airflow/dags/prod/airbyte_to_dbt_prod.py
[2026-08-30T15:44:56.066+0000] {logging_mixin.py:190} INFO - [2026-08-30T15:44:56.066+0000] {dag.py:3239} INFO - Sync 1 DAGs
[2026-08-30T15:44:56.098+0000] {logging_mixin.py:190} INFO - [2026-08-30T15:44:56.098+0000] {dag.py:4180} INFO - Setting next_dagrun for airbyte_to_dbt_pipeline_prod to 2026-08-30 14:00:00+00:00, run_after=2026-08-30 15:00:00+00:00
[2026-08-30T15:44:56.120+0000] {processor.py:208} INFO - Processing /opt/airflow/dags/prod/airbyte_to_dbt_prod.py took 0.129 seconds
[2026-08-30T15:45:26.311+0000] {processor.py:186} INFO - Started process (PID=5866) to work on /opt/airflow/dags/prod/airbyte_to_dbt_prod.py
[2026-08-30T15:45:26.312+0000] {processor.py:914} INFO - Processing file /opt/airflow/dags/prod/airbyte_to_dbt_prod.py for tasks to queue
[2026-08-30T15:45:26.317+0000] {logging_mixin.py:190} INFO - [2026-08-30T15:45:26.316+0000] {dagbag.py:588} INFO - Filling up the DagBag from /opt/airflow/dags/prod/airbyte_to_dbt_prod.py
[2026-08-30T15:45:26.346+0000] {processor.py:925} INFO - DAG(s) 'airbyte_to_dbt_pipeline_prod' retrieved from /opt/airflow/dags/prod/airbyte_to_dbt_prod.py
[2026-08-30T15:45:26.391+0000] {logging_mixin.py:190} INFO - [2026-08-30T15:45:26.391+0000] {dag.py:3239} INFO - Sync 1 DAGs
[2026-08-30T15:45:26.430+0000] {logging_mixin.py:190} INFO - [2026-08-30T15:45:26.429+0000] {dag.py:4180} INFO - Setting next_dagrun for airbyte_to_dbt_pipeline_prod to 2026-08-30 14:00:00+00:00, run_after=2026-08-30 15:00:00+00:00
[2026-08-30T15:45:26.464+0000] {processor.py:208} INFO - Processing /opt/airflow/dags/prod/airbyte_to_dbt_prod.py took 0.166 seconds
[2026-08-30T15:45:56.696+0000] {processor.py:186} INFO - Started process (PID=5874) to work on /opt/airflow/dags/prod/airbyte_to_dbt_prod.py
[2026-08-30T15:45:56.697+0000] {processor.py:914} INFO - Processing file /opt/airflow/dags/prod/airbyte_to_dbt_prod.py for tasks to queue
[2026-08-30T15:45:56.732+0000] {logging_mixin.py:190} INFO - [2026-08-30T15:45:56.727+0000] {dagbag.py:588} INFO - Filling up the DagBag from /opt/airflow/dags/prod/airbyte_to_dbt_prod.py
[2026-08-30T15:45:56.962+0000] {processor.py:925} INFO - DAG(s) 'airbyte_to_dbt_pipeline_prod' retrieved from /opt/airflow/dags/prod/airbyte_to_dbt_prod.py
[2026-08-30T15:45:57.063+0000] {logging_mixin.py:190} INFO - [2026-08-30T15:45:57.063+0000] {dag.py:3239} INFO - Sync 1 DAGs
[2026-08-30T15:45:57.108+0000] {logging_mixin.py:190} INFO - [2026-08-30T15:45:57.108+0000] {dag.py:4180} INFO - Setting next_dagrun for airbyte_to_dbt_pipeline_prod to 2026-08-30 14:00:00+00:00, run_after=2026-08-30 15:00:00+00:00
[2026-08-30T15:45:57.136+0000] {processor.py:208} INFO - Processing /opt/airflow/dags/prod/airbyte_to_dbt_prod.py took 0.491 seconds
[2026-08-30T15:46:27.312+0000] {processor.py:186} INFO - Started process (PID=5886) to work on /opt/airflow/dags/prod/airbyte_to_dbt_prod.py
[2026-08-30T15:46:27.313+0000] {processor.py:914} INFO - Processing file /opt/airflow/dags/prod/airbyte_to_dbt_prod.py for tasks to queue
[2026-08-30T15:46:27.316+0000] {logging_mixin.py:190} INFO - [2026-08-30T15:46:27.315+0000] {dagbag.py:588} INFO - Filling up the DagBag from /opt/airflow/dags/prod/airbyte_to_dbt_prod.py
[2026-08-30T15:46:27.339+0000] {processor.py:925} INFO - DAG(s) 'airbyte_to_dbt_pipeline_prod' retrieved from /opt/airflow/dags/prod/airbyte_to_dbt_prod.py
[2026-08-30T15:46:27.391+0000] {logging_mixin.py:190} INFO - [2026-08-30T15:46:27.390+0000] {dag.py:3239} INFO - Sync 1 DAGs
[2026-08-30T15:46:27.431+0000] {logging_mixin.py:190} INFO - [2026-08-30T15:46:27.431+0000] {dag.py:4180} INFO - Setting next_dagrun for airbyte_to_dbt_pipeline_prod to 2026-08-30 14:00:00+00:00, run_after=2026-08-30 15:00:00+00:00
[2026-08-30T15:46:27.456+0000] {processor.py:208} INFO - Processing /opt/airflow/dags/prod/airbyte_to_dbt_prod.py took 0.153 seconds
[2026-08-30T15:46:57.609+0000] {processor.py:186} INFO - Started process (PID=5896) to work on /opt/airflow/dags/prod/airbyte_to_dbt_prod.py
[2026-08-30T15:46:57.610+0000] {processor.py:914} INFO - Processing file /opt/airflow/dags/prod/airbyte_to_dbt_prod.py for tasks to queue
[2026-08-30T15:46:57.613+0000] {logging_mixin.py:190} INFO - [2026-08-30T15:46:57.612+0000] {dagbag.py:588} INFO - Filling up the DagBag from /opt/airflow/dags/prod/airbyte_to_dbt_prod.py
[2026-08-30T15:46:57.634+0000] {processor.py:925} INFO - DAG(s) 'airbyte_to_dbt_pipeline_prod' retrieved from /opt/airflow/dags/prod/airbyte_to_dbt_prod.py
[2026-08-30T15:46:57.680+0000] {logging_mixin.py:190} INFO - [2026-08-30T15:46:57.680+0000] {dag.py:3239} INFO - Sync 1 DAGs
[2026-08-30T15:46:57.718+0000] {logging_mixin.py:190} INFO - [2026-08-30T15:46:57.718+0000] {dag.py:4180} INFO - Setting next_dagrun for airbyte_to_dbt_pipeline_prod to 2026-08-30 14:00:00+00:00, run_after=2026-08-30 15:00:00+00:00
[2026-08-30T15:46:57.744+0000] {processor.py:208} INFO - Processing /opt/airflow/dags/prod/airbyte_to_dbt_prod.py took 0.144 seconds
[2026-08-30T15:47:27.905+0000] {processor.py:186} INFO - Started process (PID=5906) to work on /opt/airflow/dags/prod/airbyte_to_dbt_prod.py
[2026-08-30T15:47:27.907+0000] {processor.py:914} INFO - Processing file /opt/airflow/dags/prod/airbyte_to_dbt_prod.py for tasks to queue
[2026-08-30T15:47:27.910+0000] {logging_mixin.py:190} INFO - [2026-08-30T15:47:27.910+0000] {dagbag.py:588} INFO - Filling up the DagBag from /opt/airflow/dags/prod/airbyte_to_dbt_prod.py
[2026-08-30T15:47:27.935+0000] {processor.py:925} INFO - DAG(s) 'airbyte_to_dbt_pipeline_prod' retrieved from /opt/airflow/dags/prod/airbyte_to_dbt_prod.py
[2026-08-30T15:47:27.974+0000] {logging_mixin.py:190} INFO - [2026-08-30T15:47:27.974+0000] {dag.py:3239} INFO - Sync 1 DAGs
[2026-08-30T15:47:28.010+0000] {logging_mixin.py:190} INFO - [2026-08-30T15:47:28.009+0000] {dag.py:4180} INFO - Setting next_dagrun for airbyte_to_dbt_pipeline_prod to 2026-08-30 14:00:00+00:00, run_after=2026-08-30 15:00:00+00:00
[2026-08-30T15:47:28.033+0000] {processor.py:208} INFO - Processing /opt/airflow/dags/prod/airbyte_to_dbt_prod.py took 0.137 seconds
[2026-08-30T15:47:58.224+0000] {processor.py:186} INFO - Started process (PID=5916) to work on /opt/airflow/dags/prod/airbyte_to_dbt_prod.py
[2026-08-30T15:47:58.225+0000] {processor.py:914} INFO - Processing file /opt/airflow/dags/prod/airbyte_to_dbt_prod.py for tasks to queue
[2026-08-30T15:47:58.229+0000] {logging_mixin.py:190} INFO - [2026-08-30T15:47:58.228+0000] {dagbag.py:588} INFO - Filling up the DagBag from /opt/airflow/dags/prod/airbyte_to_dbt_prod.py
[2026-08-30T15:47:58.261+0000] {processor.py:925} INFO - DAG(s) 'airbyte_to_dbt_pipeline_prod' retrieved from /opt/airflow/dags/prod/airbyte_to_dbt_prod.py
[2026-08-30T15:47:58.305+0000] {logging_mixin.py:190} INFO - [2026-08-30T15:47:58.304+0000] {dag.py:3239} INFO - Sync 1 DAGs
[2026-08-30T15:47:58.336+0000] {logging_mixin.py:190} INFO - [2026-08-30T15:47:58.336+0000] {dag.py:4180} INFO - Setting next_dagrun for airbyte_to_dbt_pipeline_prod to 2026-08-30 14:00:00+00:00, run_after=2026-08-30 15:00:00+00:00
[2026-08-30T15:47:58.363+0000] {processor.py:208} INFO - Processing /opt/airflow/dags/prod/airbyte_to_dbt_prod.py took 0.149 seconds
[2026-08-30T15:48:28.560+0000] {processor.py:186} INFO - Started process (PID=5926) to work on /opt/airflow/dags/prod/airbyte_to_dbt_prod.py
[2026-08-30T15:48:28.561+0000] {processor.py:914} INFO - Processing file /opt/airflow/dags/prod/airbyte_to_dbt_prod.py for tasks to queue
[2026-08-30T15:48:28.564+0000] {logging_mixin.py:190} INFO - [2026-08-30T15:48:28.564+0000] {dagbag.py:588} INFO - Filling up the DagBag from /opt/airflow/dags/prod/airbyte_to_dbt_prod.py
[2026-08-30T15:48:28.587+0000] {processor.py:925} INFO - DAG(s) 'airbyte_to_dbt_pipeline_prod' retrieved from /opt/airflow/dags/prod/airbyte_to_dbt_prod.py
[2026-08-30T15:48:28.628+0000] {logging_mixin.py:190} INFO - [2026-08-30T15:48:28.628+0000] {dag.py:3239} INFO - Sync 1 DAGs
[2026-08-30T15:48:28.660+0000] {logging_mixin.py:190} INFO - [2026-08-30T15:48:28.660+0000] {dag.py:4180} INFO - Setting next_dagrun for airbyte_to_dbt_pipeline_prod to 2026-08-30 14:00:00+00:00, run_after=2026-08-30 15:00:00+00:00
[2026-08-30T15:48:28.685+0000] {processor.py:208} INFO - Processing /opt/airflow/dags/prod/airbyte_to_dbt_prod.py took 0.134 seconds
[2026-08-30T15:48:58.851+0000] {processor.py:186} INFO - Started process (PID=5936) to work on /opt/airflow/dags/prod/airbyte_to_dbt_prod.py
[2026-08-30T15:48:58.853+0000] {processor.py:914} INFO - Processing file /opt/airflow/dags/prod/airbyte_to_dbt_prod.py for tasks to queue
[2026-08-30T15:48:58.857+0000] {logging_mixin.py:190} INFO - [2026-08-30T15:48:58.856+0000] {dagbag.py:588} INFO - Filling up the DagBag from /opt/airflow/dags/prod/airbyte_to_dbt_prod.py
[2026-08-30T15:48:58.883+0000] {processor.py:925} INFO - DAG(s) 'airbyte_to_dbt_pipeline_prod' retrieved from /opt/airflow/dags/prod/airbyte_to_dbt_prod.py
[2026-08-30T15:48:58.935+0000] {logging_mixin.py:190} INFO - [2026-08-30T15:48:58.935+0000] {dag.py:3239} INFO - Sync 1 DAGs
[2026-08-30T15:48:58.975+0000] {logging_mixin.py:190} INFO - [2026-08-30T15:48:58.974+0000] {dag.py:4180} INFO - Setting next_dagrun for airbyte_to_dbt_pipeline_prod to 2026-08-30 14:00:00+00:00, run_after=2026-08-30 15:00:00+00:00
[2026-08-30T15:48:59.014+0000] {processor.py:208} INFO - Processing /opt/airflow/dags/prod/airbyte_to_dbt_prod.py took 0.172 seconds
[2026-08-30T15:49:29.168+0000] {processor.py:186} INFO - Started process (PID=5946) to work on /opt/airflow/dags/prod/airbyte_to_dbt_prod.py
[2026-08-30T15:49:29.169+0000] {processor.py:914} INFO - Processing file /opt/airflow/dags/prod/airbyte_to_dbt_prod.py for tasks to queue
[2026-08-30T15:49:29.173+0000] {logging_mixin.py:190} INFO - [2026-08-30T15:49:29.173+0000] {dagbag.py:588} INFO - Filling up the DagBag from /opt/airflow/dags/prod/airbyte_to_dbt_prod.py
[2026-08-30T15:49:29.196+0000] {processor.py:925} INFO - DAG(s) 'airbyte_to_dbt_pipeline_prod' retrieved from /opt/airflow/dags/prod/airbyte_to_dbt_prod.py
[2026-08-30T15:49:29.320+0000] {logging_mixin.py:190} INFO - [2026-08-30T15:49:29.319+0000] {dag.py:3239} INFO - Sync 1 DAGs
[2026-08-30T15:49:29.392+0000] {logging_mixin.py:190} INFO - [2026-08-30T15:49:29.392+0000] {dag.py:4180} INFO - Setting next_dagrun for airbyte_to_dbt_pipeline_prod to 2026-08-30 14:00:00+00:00, run_after=2026-08-30 15:00:00+00:00
[2026-08-30T15:49:29.417+0000] {processor.py:208} INFO - Processing /opt/airflow/dags/prod/airbyte_to_dbt_prod.py took 0.258 seconds
[2026-08-30T15:49:59.594+0000] {processor.py:186} INFO - Started process (PID=5956) to work on /opt/airflow/dags/prod/airbyte_to_dbt_prod.py
[2026-08-30T15:49:59.595+0000] {processor.py:914} INFO - Processing file /opt/airflow/dags/prod/airbyte_to_dbt_prod.py for tasks to queue
[2026-08-30T15:49:59.599+0000] {logging_mixin.py:190} INFO - [2026-08-30T15:49:59.599+0000] {dagbag.py:588} INFO - Filling up the DagBag from /opt/airflow/dags/prod/airbyte_to_dbt_prod.py
[2026-08-30T15:49:59.624+0000] {processor.py:925} INFO - DAG(s) 'airbyte_to_dbt_pipeline_prod' retrieved from /opt/airflow/dags/prod/airbyte_to_dbt_prod.py
[2026-08-30T15:49:59.673+0000] {logging_mixin.py:190} INFO - [2026-08-30T15:49:59.673+0000] {dag.py:3239} INFO - Sync 1 DAGs
[2026-08-30T15:49:59.715+0000] {logging_mixin.py:190} INFO - [2026-08-30T15:49:59.715+0000] {dag.py:4180} INFO - Setting next_dagrun for airbyte_to_dbt_pipeline_prod to 2026-08-30 14:00:00+00:00, run_after=2026-08-30 15:00:00+00:00
[2026-08-30T15:49:59.739+0000] {processor.py:208} INFO - Processing /opt/airflow/dags/prod/airbyte_to_dbt_prod.py took 0.156 seconds
[2026-08-30T15:50:29.910+0000] {processor.py:186} INFO - Started process (PID=5966) to work on /opt/airflow/dags/prod/airbyte_to_dbt_prod.py
[2026-08-30T15:50:29.912+0000] {processor.py:914} INFO - Processing file /opt/airflow/dags/prod/airbyte_to_dbt_prod.py for tasks to queue
[2026-08-30T15:50:29.916+0000] {logging_mixin.py:190} INFO - [2026-08-30T15:50:29.915+0000] {dagbag.py:588} INFO - Filling up the DagBag from /opt/airflow/dags/prod/airbyte_to_dbt_prod.py
[2026-08-30T15:50:29.946+0000] {processor.py:925} INFO - DAG(s) 'airbyte_to_dbt_pipeline_prod' retrieved from /opt/airflow/dags/prod/airbyte_to_dbt_prod.py
[2026-08-30T15:50:30.004+0000] {logging_mixin.py:190} INFO - [2026-08-30T15:50:30.004+0000] {dag.py:3239} INFO - Sync 1 DAGs
[2026-08-30T15:50:30.044+0000] {logging_mixin.py:190} INFO - [2026-08-30T15:50:30.044+0000] {dag.py:4180} INFO - Setting next_dagrun for airbyte_to_dbt_pipeline_prod to 2026-08-30 14:00:00+00:00, run_after=2026-08-30 15:00:00+00:00
[2026-08-30T15:50:30.074+0000] {processor.py:208} INFO - Processing /opt/airflow/dags/prod/airbyte_to_dbt_prod.py took 0.174 seconds
[2026-08-30T15:51:00.222+0000] {processor.py:186} INFO - Started process (PID=5976) to work on /opt/airflow/dags/prod/airbyte_to_dbt_prod.py
[2026-08-30T15:51:00.223+0000] {processor.py:914} INFO - Processing file /opt/airflow/dags/prod/airbyte_to_dbt_prod.py for tasks to queue
[2026-08-30T15:51:00.226+0000] {logging_mixin.py:190} INFO - [2026-08-30T15:51:00.226+0000] {dagbag.py:588} INFO - Filling up the DagBag from /opt/airflow/dags/prod/airbyte_to_dbt_prod.py
[2026-08-30T15:51:00.254+0000] {processor.py:925} INFO - DAG(s) 'airbyte_to_dbt_pipeline_prod' retrieved from /opt/airflow/dags/prod/airbyte_to_dbt_prod.py
[2026-08-30T15:51:00.304+0000] {logging_mixin.py:190} INFO - [2026-08-30T15:51:00.303+0000] {dag.py:3239} INFO - Sync 1 DAGs
[2026-08-30T15:51:00.343+0000] {logging_mixin.py:190} INFO - [2026-08-30T15:51:00.343+0000] {dag.py:4180} INFO - Setting next_dagrun for airbyte_to_dbt_pipeline_prod to 2026-08-30 14:00:00+00:00, run_after=2026-08-30 15:00:00+00:00
[2026-08-30T15:51:00.371+0000] {processor.py:208} INFO - Processing /opt/airflow/dags/prod/airbyte_to_dbt_prod.py took 0.159 seconds
[2026-08-30T15:51:30.550+0000] {processor.py:186} INFO - Started process (PID=5986) to work on /opt/airflow/dags/prod/airbyte_to_dbt_prod.py
[2026-08-30T15:51:30.552+0000] {processor.py:914} INFO - Processing file /opt/airflow/dags/prod/airbyte_to_dbt_prod.py for tasks to queue
[2026-08-30T15:51:30.557+0000] {logging_mixin.py:190} INFO - [2026-08-30T15:51:30.556+0000] {dagbag.py:588} INFO - Filling up the DagBag from /opt/airflow/dags/prod/airbyte_to_dbt_prod.py
[2026-08-30T15:51:30.589+0000] {processor.py:925} INFO - DAG(s) 'airbyte_to_dbt_pipeline_prod' retrieved from /opt/airflow/dags/prod/airbyte_to_dbt_prod.py
[2026-08-30T15:51:30.643+0000] {logging_mixin.py:190} INFO - [2026-08-30T15:51:30.642+0000] {dag.py:3239} INFO - Sync 1 DAGs
[2026-08-30T15:51:30.680+0000] {logging_mixin.py:190} INFO - [2026-08-30T15:51:30.680+0000] {dag.py:4180} INFO - Setting next_dagrun for airbyte_to_dbt_pipeline_prod to 2026-08-30 14:00:00+00:00, run_after=2026-08-30 15:00:00+00:00
[2026-08-30T15:51:30.712+0000] {processor.py:208} INFO - Processing /opt/airflow/dags/prod/airbyte_to_dbt_prod.py took 0.174 seconds
[2026-08-30T15:52:00.884+0000] {processor.py:186} INFO - Started process (PID=5996) to work on /opt/airflow/dags/prod/airbyte_to_dbt_prod.py
[2026-08-30T15:52:00.885+0000] {processor.py:914} INFO - Processing file /opt/airflow/dags/prod/airbyte_to_dbt_prod.py for tasks to queue
[2026-08-30T15:52:00.889+0000] {logging_mixin.py:190} INFO - [2026-08-30T15:52:00.888+0000] {dagbag.py:588} INFO - Filling up the DagBag from /opt/airflow/dags/prod/airbyte_to_dbt_prod.py
[2026-08-30T15:52:00.918+0000] {processor.py:925} INFO - DAG(s) 'airbyte_to_dbt_pipeline_prod' retrieved from /opt/airflow/dags/prod/airbyte_to_dbt_prod.py
[2026-08-30T15:52:00.960+0000] {logging_mixin.py:190} INFO - [2026-08-30T15:52:00.960+0000] {dag.py:3239} INFO - Sync 1 DAGs
[2026-08-30T15:52:00.992+0000] {logging_mixin.py:190} INFO - [2026-08-30T15:52:00.991+0000] {dag.py:4180} INFO - Setting next_dagrun for airbyte_to_dbt_pipeline_prod to 2026-08-30 14:00:00+00:00, run_after=2026-08-30 15:00:00+00:00
[2026-08-30T15:52:01.014+0000] {processor.py:208} INFO - Processing /opt/airflow/dags/prod/airbyte_to_dbt_prod.py took 0.141 seconds
[2026-08-30T15:52:31.208+0000] {processor.py:186} INFO - Started process (PID=6006) to work on /opt/airflow/dags/prod/airbyte_to_dbt_prod.py
[2026-08-30T15:52:31.209+0000] {processor.py:914} INFO - Processing file /opt/airflow/dags/prod/airbyte_to_dbt_prod.py for tasks to queue
[2026-08-30T15:52:31.214+0000] {logging_mixin.py:190} INFO - [2026-08-30T15:52:31.213+0000] {dagbag.py:588} INFO - Filling up the DagBag from /opt/airflow/dags/prod/airbyte_to_dbt_prod.py
[2026-08-30T15:52:31.249+0000] {processor.py:925} INFO - DAG(s) 'airbyte_to_dbt_pipeline_prod' retrieved from /opt/airflow/dags/prod/airbyte_to_dbt_prod.py
[2026-08-30T15:52:31.304+0000] {logging_mixin.py:190} INFO - [2026-08-30T15:52:31.304+0000] {dag.py:3239} INFO - Sync 1 DAGs
[2026-08-30T15:52:31.341+0000] {logging_mixin.py:190} INFO - [2026-08-30T15:52:31.341+0000] {dag.py:4180} INFO - Setting next_dagrun for airbyte_to_dbt_pipeline_prod to 2026-08-30 14:00:00+00:00, run_after=2026-08-30 15:00:00+00:00
[2026-08-30T15:52:31.363+0000] {processor.py:208} INFO - Processing /opt/airflow/dags/prod/airbyte_to_dbt_prod.py took 0.166 seconds
[2026-08-30T15:53:01.534+0000] {processor.py:186} INFO - Started process (PID=6016) to work on /opt/airflow/dags/prod/airbyte_to_dbt_prod.py
[2026-08-30T15:53:01.535+0000] {processor.py:914} INFO - Processing file /opt/airflow/dags/prod/airbyte_to_dbt_prod.py for tasks to queue
[2026-08-30T15:53:01.540+0000] {logging_mixin.py:190} INFO - [2026-08-30T15:53:01.539+0000] {dagbag.py:588} INFO - Filling up the DagBag from /opt/airflow/dags/prod/airbyte_to_dbt_prod.py
[2026-08-30T15:53:01.580+0000] {processor.py:925} INFO - DAG(s) 'airbyte_to_dbt_pipeline_prod' retrieved from /opt/airflow/dags/prod/airbyte_to_dbt_prod.py
[2026-08-30T15:53:01.635+0000] {logging_mixin.py:190} INFO - [2026-08-30T15:53:01.635+0000] {dag.py:3239} INFO - Sync 1 DAGs
[2026-08-30T15:53:01.681+0000] {logging_mixin.py:190} INFO - [2026-08-30T15:53:01.681+0000] {dag.py:4180} INFO - Setting next_dagrun for airbyte_to_dbt_pipeline_prod to 2026-08-30 14:00:00+00:00, run_after=2026-08-30 15:00:00+00:00
[2026-08-30T15:53:01.710+0000] {processor.py:208} INFO - Processing /opt/airflow/dags/prod/airbyte_to_dbt_prod.py took 0.189 seconds
[2026-08-30T15:53:31.895+0000] {processor.py:186} INFO - Started process (PID=6026) to work on /opt/airflow/dags/prod/airbyte_to_dbt_prod.py
[2026-08-30T15:53:31.897+0000] {processor.py:914} INFO - Processing file /opt/airflow/dags/prod/airbyte_to_dbt_prod.py for tasks to queue
[2026-08-30T15:53:31.900+0000] {logging_mixin.py:190} INFO - [2026-08-30T15:53:31.900+0000] {dagbag.py:588} INFO - Filling up the DagBag from /opt/airflow/dags/prod/airbyte_to_dbt_prod.py
[2026-08-30T15:53:31.925+0000] {processor.py:925} INFO - DAG(s) 'airbyte_to_dbt_pipeline_prod' retrieved from /opt/airflow/dags/prod/airbyte_to_dbt_prod.py
[2026-08-30T15:53:31.985+0000] {logging_mixin.py:190} INFO - [2026-08-30T15:53:31.984+0000] {dag.py:3239} INFO - Sync 1 DAGs
[2026-08-30T15:53:32.017+0000] {logging_mixin.py:190} INFO - [2026-08-30T15:53:32.016+0000] {dag.py:4180} INFO - Setting next_dagrun for airbyte_to_dbt_pipeline_prod to 2026-08-30 14:00:00+00:00, run_after=2026-08-30 15:00:00+00:00
[2026-08-30T15:53:32.040+0000] {processor.py:208} INFO - Processing /opt/airflow/dags/prod/airbyte_to_dbt_prod.py took 0.153 seconds
[2026-08-30T15:54:06.424+0000] {processor.py:186} INFO - Started process (PID=6034) to work on /opt/airflow/dags/prod/airbyte_to_dbt_prod.py
[2026-08-30T15:54:06.540+0000] {processor.py:914} INFO - Processing file /opt/airflow/dags/prod/airbyte_to_dbt_prod.py for tasks to queue
[2026-08-30T15:54:07.819+0000] {logging_mixin.py:190} INFO - [2026-08-30T15:54:07.785+0000] {dagbag.py:588} INFO - Filling up the DagBag from /opt/airflow/dags/prod/airbyte_to_dbt_prod.py
[2026-08-30T15:54:08.674+0000] {processor.py:925} INFO - DAG(s) 'airbyte_to_dbt_pipeline_prod' retrieved from /opt/airflow/dags/prod/airbyte_to_dbt_prod.py
[2026-08-30T15:54:09.091+0000] {logging_mixin.py:190} INFO - [2026-08-30T15:54:09.091+0000] {dag.py:3239} INFO - Sync 1 DAGs
[2026-08-30T15:54:09.511+0000] {logging_mixin.py:190} INFO - [2026-08-30T15:54:09.510+0000] {dag.py:4180} INFO - Setting next_dagrun for airbyte_to_dbt_pipeline_prod to 2026-08-30 14:00:00+00:00, run_after=2026-08-30 15:00:00+00:00
[2026-08-30T15:54:09.564+0000] {processor.py:208} INFO - Processing /opt/airflow/dags/prod/airbyte_to_dbt_prod.py took 6.656 seconds
[2026-08-30T15:54:39.762+0000] {processor.py:186} INFO - Started process (PID=6044) to work on /opt/airflow/dags/prod/airbyte_to_dbt_prod.py
[2026-08-30T15:54:39.764+0000] {processor.py:914} INFO - Processing file /opt/airflow/dags/prod/airbyte_to_dbt_prod.py for tasks to queue
[2026-08-30T15:54:39.768+0000] {logging_mixin.py:190} INFO - [2026-08-30T15:54:39.767+0000] {dagbag.py:588} INFO - Filling up the DagBag from /opt/airflow/dags/prod/airbyte_to_dbt_prod.py
[2026-08-30T15:54:39.801+0000] {processor.py:925} INFO - DAG(s) 'airbyte_to_dbt_pipeline_prod' retrieved from /opt/airflow/dags/prod/airbyte_to_dbt_prod.py
[2026-08-30T15:54:39.856+0000] {logging_mixin.py:190} INFO - [2026-08-30T15:54:39.856+0000] {dag.py:3239} INFO - Sync 1 DAGs
[2026-08-30T15:54:39.896+0000] {logging_mixin.py:190} INFO - [2026-08-30T15:54:39.896+0000] {dag.py:4180} INFO - Setting next_dagrun for airbyte_to_dbt_pipeline_prod to 2026-08-30 14:00:00+00:00, run_after=2026-08-30 15:00:00+00:00
[2026-08-30T15:54:39.936+0000] {processor.py:208} INFO - Processing /opt/airflow/dags/prod/airbyte_to_dbt_prod.py took 0.186 seconds
[2026-08-30T15:55:10.142+0000] {processor.py:186} INFO - Started process (PID=6056) to work on /opt/airflow/dags/prod/airbyte_to_dbt_prod.py
[2026-08-30T15:55:10.144+0000] {processor.py:914} INFO - Processing file /opt/airflow/dags/prod/airbyte_to_dbt_prod.py for tasks to queue
[2026-08-30T15:55:10.149+0000] {logging_mixin.py:190} INFO - [2026-08-30T15:55:10.148+0000] {dagbag.py:588} INFO - Filling up the DagBag from /opt/airflow/dags/prod/airbyte_to_dbt_prod.py
[2026-08-30T15:55:10.190+0000] {processor.py:925} INFO - DAG(s) 'airbyte_to_dbt_pipeline_prod' retrieved from /opt/airflow/dags/prod/airbyte_to_dbt_prod.py
[2026-08-30T15:55:10.263+0000] {logging_mixin.py:190} INFO - [2026-08-30T15:55:10.262+0000] {dag.py:3239} INFO - Sync 1 DAGs
[2026-08-30T15:55:10.303+0000] {logging_mixin.py:190} INFO - [2026-08-30T15:55:10.303+0000] {dag.py:4180} INFO - Setting next_dagrun for airbyte_to_dbt_pipeline_prod to 2026-08-30 14:00:00+00:00, run_after=2026-08-30 15:00:00+00:00
[2026-08-30T15:55:10.333+0000] {processor.py:208} INFO - Processing /opt/airflow/dags/prod/airbyte_to_dbt_prod.py took 0.203 seconds
[2026-08-30T15:55:40.574+0000] {processor.py:186} INFO - Started process (PID=6064) to work on /opt/airflow/dags/prod/airbyte_to_dbt_prod.py
[2026-08-30T15:55:40.575+0000] {processor.py:914} INFO - Processing file /opt/airflow/dags/prod/airbyte_to_dbt_prod.py for tasks to queue
[2026-08-30T15:55:40.596+0000] {logging_mixin.py:190} INFO - [2026-08-30T15:55:40.592+0000] {dagbag.py:588} INFO - Filling up the DagBag from /opt/airflow/dags/prod/airbyte_to_dbt_prod.py
[2026-08-30T15:55:40.831+0000] {processor.py:925} INFO - DAG(s) 'airbyte_to_dbt_pipeline_prod' retrieved from /opt/airflow/dags/prod/airbyte_to_dbt_prod.py
[2026-08-30T15:55:41.015+0000] {logging_mixin.py:190} INFO - [2026-08-30T15:55:41.014+0000] {dag.py:3239} INFO - Sync 1 DAGs
[2026-08-30T15:55:41.109+0000] {logging_mixin.py:190} INFO - [2026-08-30T15:55:41.109+0000] {dag.py:4180} INFO - Setting next_dagrun for airbyte_to_dbt_pipeline_prod to 2026-08-30 14:00:00+00:00, run_after=2026-08-30 15:00:00+00:00
[2026-08-30T15:55:41.172+0000] {processor.py:208} INFO - Processing /opt/airflow/dags/prod/airbyte_to_dbt_prod.py took 0.639 seconds
[2026-08-30T15:56:11.359+0000] {processor.py:186} INFO - Started process (PID=6076) to work on /opt/airflow/dags/prod/airbyte_to_dbt_prod.py
[2026-08-30T15:56:11.362+0000] {processor.py:914} INFO - Processing file /opt/airflow/dags/prod/airbyte_to_dbt_prod.py for tasks to queue
[2026-08-30T15:56:11.367+0000] {logging_mixin.py:190} INFO - [2026-08-30T15:56:11.366+0000] {dagbag.py:588} INFO - Filling up the DagBag from /opt/airflow/dags/prod/airbyte_to_dbt_prod.py
[2026-08-30T15:56:11.398+0000] {processor.py:925} INFO - DAG(s) 'airbyte_to_dbt_pipeline_prod' retrieved from /opt/airflow/dags/prod/airbyte_to_dbt_prod.py
[2026-08-30T15:56:11.462+0000] {logging_mixin.py:190} INFO - [2026-08-30T15:56:11.461+0000] {dag.py:3239} INFO - Sync 1 DAGs
[2026-08-30T15:56:11.520+0000] {logging_mixin.py:190} INFO - [2026-08-30T15:56:11.520+0000] {dag.py:4180} INFO - Setting next_dagrun for airbyte_to_dbt_pipeline_prod to 2026-08-30 14:00:00+00:00, run_after=2026-08-30 15:00:00+00:00
[2026-08-30T15:56:11.570+0000] {processor.py:208} INFO - Processing /opt/airflow/dags/prod/airbyte_to_dbt_prod.py took 0.224 seconds
[2026-08-30T15:56:41.758+0000] {processor.py:186} INFO - Started process (PID=6086) to work on /opt/airflow/dags/prod/airbyte_to_dbt_prod.py
[2026-08-30T15:56:41.759+0000] {processor.py:914} INFO - Processing file /opt/airflow/dags/prod/airbyte_to_dbt_prod.py for tasks to queue
[2026-08-30T15:56:41.763+0000] {logging_mixin.py:190} INFO - [2026-08-30T15:56:41.762+0000] {dagbag.py:588} INFO - Filling up the DagBag from /opt/airflow/dags/prod/airbyte_to_dbt_prod.py
[2026-08-30T15:56:41.797+0000] {processor.py:925} INFO - DAG(s) 'airbyte_to_dbt_pipeline_prod' retrieved from /opt/airflow/dags/prod/airbyte_to_dbt_prod.py
[2026-08-30T15:56:41.841+0000] {logging_mixin.py:190} INFO - [2026-08-30T15:56:41.841+0000] {dag.py:3239} INFO - Sync 1 DAGs
[2026-08-30T15:56:41.875+0000] {logging_mixin.py:190} INFO - [2026-08-30T15:56:41.875+0000] {dag.py:4180} INFO - Setting next_dagrun for airbyte_to_dbt_pipeline_prod to 2026-08-30 14:00:00+00:00, run_after=2026-08-30 15:00:00+00:00
[2026-08-30T15:56:41.901+0000] {processor.py:208} INFO - Processing /opt/airflow/dags/prod/airbyte_to_dbt_prod.py took 0.152 seconds
[2026-08-30T15:57:12.080+0000] {processor.py:186} INFO - Started process (PID=6096) to work on /opt/airflow/dags/prod/airbyte_to_dbt_prod.py
[2026-08-30T15:57:12.081+0000] {processor.py:914} INFO - Processing file /opt/airflow/dags/prod/airbyte_to_dbt_prod.py for tasks to queue
[2026-08-30T15:57:12.085+0000] {logging_mixin.py:190} INFO - [2026-08-30T15:57:12.084+0000] {dagbag.py:588} INFO - Filling up the DagBag from /opt/airflow/dags/prod/airbyte_to_dbt_prod.py
[2026-08-30T15:57:12.106+0000] {processor.py:925} INFO - DAG(s) 'airbyte_to_dbt_pipeline_prod' retrieved from /opt/airflow/dags/prod/airbyte_to_dbt_prod.py
[2026-08-30T15:57:12.146+0000] {logging_mixin.py:190} INFO - [2026-08-30T15:57:12.146+0000] {dag.py:3239} INFO - Sync 1 DAGs
[2026-08-30T15:57:12.176+0000] {logging_mixin.py:190} INFO - [2026-08-30T15:57:12.176+0000] {dag.py:4180} INFO - Setting next_dagrun for airbyte_to_dbt_pipeline_prod to 2026-08-30 14:00:00+00:00, run_after=2026-08-30 15:00:00+00:00
[2026-08-30T15:57:12.199+0000] {processor.py:208} INFO - Processing /opt/airflow/dags/prod/airbyte_to_dbt_prod.py took 0.127 seconds
[2026-08-30T15:57:42.404+0000] {processor.py:186} INFO - Started process (PID=6106) to work on /opt/airflow/dags/prod/airbyte_to_dbt_prod.py
[2026-08-30T15:57:42.405+0000] {processor.py:914} INFO - Processing file /opt/airflow/dags/prod/airbyte_to_dbt_prod.py for tasks to queue
[2026-08-30T15:57:42.409+0000] {logging_mixin.py:190} INFO - [2026-08-30T15:57:42.408+0000] {dagbag.py:588} INFO - Filling up the DagBag from /opt/airflow/dags/prod/airbyte_to_dbt_prod.py
[2026-08-30T15:57:42.441+0000] {processor.py:925} INFO - DAG(s) 'airbyte_to_dbt_pipeline_prod' retrieved from /opt/airflow/dags/prod/airbyte_to_dbt_prod.py
[2026-08-30T15:57:42.504+0000] {logging_mixin.py:190} INFO - [2026-08-30T15:57:42.503+0000] {dag.py:3239} INFO - Sync 1 DAGs
[2026-08-30T15:57:42.555+0000] {logging_mixin.py:190} INFO - [2026-08-30T15:57:42.554+0000] {dag.py:4180} INFO - Setting next_dagrun for airbyte_to_dbt_pipeline_prod to 2026-08-30 14:00:00+00:00, run_after=2026-08-30 15:00:00+00:00
[2026-08-30T15:57:42.585+0000] {processor.py:208} INFO - Processing /opt/airflow/dags/prod/airbyte_to_dbt_prod.py took 0.194 seconds
[2026-08-30T15:58:14.727+0000] {processor.py:186} INFO - Started process (PID=6114) to work on /opt/airflow/dags/prod/airbyte_to_dbt_prod.py
[2026-08-30T15:58:14.751+0000] {processor.py:914} INFO - Processing file /opt/airflow/dags/prod/airbyte_to_dbt_prod.py for tasks to queue
[2026-08-30T15:58:15.057+0000] {logging_mixin.py:190} INFO - [2026-08-30T15:58:15.040+0000] {dagbag.py:588} INFO - Filling up the DagBag from /opt/airflow/dags/prod/airbyte_to_dbt_prod.py
[2026-08-30T15:58:16.181+0000] {processor.py:925} INFO - DAG(s) 'airbyte_to_dbt_pipeline_prod' retrieved from /opt/airflow/dags/prod/airbyte_to_dbt_prod.py
[2026-08-30T15:58:17.904+0000] {logging_mixin.py:190} INFO - [2026-08-30T15:58:17.903+0000] {dag.py:3239} INFO - Sync 1 DAGs
[2026-08-30T15:58:18.892+0000] {logging_mixin.py:190} INFO - [2026-08-30T15:58:18.888+0000] {dag.py:4180} INFO - Setting next_dagrun for airbyte_to_dbt_pipeline_prod to 2026-08-30 14:00:00+00:00, run_after=2026-08-30 15:00:00+00:00
[2026-08-30T15:58:18.998+0000] {processor.py:208} INFO - Processing /opt/airflow/dags/prod/airbyte_to_dbt_prod.py took 5.790 seconds
[2026-08-30T15:58:49.457+0000] {processor.py:186} INFO - Started process (PID=6124) to work on /opt/airflow/dags/prod/airbyte_to_dbt_prod.py
[2026-08-30T15:58:49.458+0000] {processor.py:914} INFO - Processing file /opt/airflow/dags/prod/airbyte_to_dbt_prod.py for tasks to queue
[2026-08-30T15:58:49.501+0000] {logging_mixin.py:190} INFO - [2026-08-30T15:58:49.491+0000] {dagbag.py:588} INFO - Filling up the DagBag from /opt/airflow/dags/prod/airbyte_to_dbt_prod.py
[2026-08-30T15:58:49.588+0000] {processor.py:925} INFO - DAG(s) 'airbyte_to_dbt_pipeline_prod' retrieved from /opt/airflow/dags/prod/airbyte_to_dbt_prod.py
[2026-08-30T15:58:49.670+0000] {logging_mixin.py:190} INFO - [2026-08-30T15:58:49.670+0000] {dag.py:3239} INFO - Sync 1 DAGs
[2026-08-30T15:58:49.769+0000] {logging_mixin.py:190} INFO - [2026-08-30T15:58:49.769+0000] {dag.py:4180} INFO - Setting next_dagrun for airbyte_to_dbt_pipeline_prod to 2026-08-30 14:00:00+00:00, run_after=2026-08-30 15:00:00+00:00
[2026-08-30T15:58:49.793+0000] {processor.py:208} INFO - Processing /opt/airflow/dags/prod/airbyte_to_dbt_prod.py took 0.530 seconds
[2026-08-30T15:59:19.984+0000] {processor.py:186} INFO - Started process (PID=6136) to work on /opt/airflow/dags/prod/airbyte_to_dbt_prod.py
[2026-08-30T15:59:19.986+0000] {processor.py:914} INFO - Processing file /opt/airflow/dags/prod/airbyte_to_dbt_prod.py for tasks to queue
[2026-08-30T15:59:19.989+0000] {logging_mixin.py:190} INFO - [2026-08-30T15:59:19.988+0000] {dagbag.py:588} INFO - Filling up the DagBag from /opt/airflow/dags/prod/airbyte_to_dbt_prod.py
[2026-08-30T15:59:20.018+0000] {processor.py:925} INFO - DAG(s) 'airbyte_to_dbt_pipeline_prod' retrieved from /opt/airflow/dags/prod/airbyte_to_dbt_prod.py
[2026-08-30T15:59:20.069+0000] {logging_mixin.py:190} INFO - [2026-08-30T15:59:20.069+0000] {dag.py:3239} INFO - Sync 1 DAGs
[2026-08-30T15:59:20.116+0000] {logging_mixin.py:190} INFO - [2026-08-30T15:59:20.115+0000] {dag.py:4180} INFO - Setting next_dagrun for airbyte_to_dbt_pipeline_prod to 2026-08-30 14:00:00+00:00, run_after=2026-08-30 15:00:00+00:00
[2026-08-30T15:59:20.146+0000] {processor.py:208} INFO - Processing /opt/airflow/dags/prod/airbyte_to_dbt_prod.py took 0.173 seconds
[2026-08-30T15:59:50.657+0000] {processor.py:186} INFO - Started process (PID=6144) to work on /opt/airflow/dags/prod/airbyte_to_dbt_prod.py
[2026-08-30T15:59:50.663+0000] {processor.py:914} INFO - Processing file /opt/airflow/dags/prod/airbyte_to_dbt_prod.py for tasks to queue
[2026-08-30T15:59:50.749+0000] {logging_mixin.py:190} INFO - [2026-08-30T15:59:50.740+0000] {dagbag.py:588} INFO - Filling up the DagBag from /opt/airflow/dags/prod/airbyte_to_dbt_prod.py
[2026-08-30T15:59:51.172+0000] {processor.py:925} INFO - DAG(s) 'airbyte_to_dbt_pipeline_prod' retrieved from /opt/airflow/dags/prod/airbyte_to_dbt_prod.py
[2026-08-30T15:59:51.659+0000] {logging_mixin.py:190} INFO - [2026-08-30T15:59:51.658+0000] {dag.py:3239} INFO - Sync 1 DAGs
[2026-08-30T15:59:51.808+0000] {logging_mixin.py:190} INFO - [2026-08-30T15:59:51.808+0000] {dag.py:4180} INFO - Setting next_dagrun for airbyte_to_dbt_pipeline_prod to 2026-08-30 14:00:00+00:00, run_after=2026-08-30 15:00:00+00:00
[2026-08-30T15:59:51.833+0000] {processor.py:208} INFO - Processing /opt/airflow/dags/prod/airbyte_to_dbt_prod.py took 1.392 seconds
[2026-08-30T16:00:22.125+0000] {processor.py:186} INFO - Started process (PID=6154) to work on /opt/airflow/dags/prod/airbyte_to_dbt_prod.py
[2026-08-30T16:00:22.127+0000] {processor.py:914} INFO - Processing file /opt/airflow/dags/prod/airbyte_to_dbt_prod.py for tasks to queue
[2026-08-30T16:00:22.158+0000] {logging_mixin.py:190} INFO - [2026-08-30T16:00:22.156+0000] {dagbag.py:588} INFO - Filling up the DagBag from /opt/airflow/dags/prod/airbyte_to_dbt_prod.py
[2026-08-30T16:00:22.370+0000] {processor.py:925} INFO - DAG(s) 'airbyte_to_dbt_pipeline_prod' retrieved from /opt/airflow/dags/prod/airbyte_to_dbt_prod.py
[2026-08-30T16:00:22.633+0000] {logging_mixin.py:190} INFO - [2026-08-30T16:00:22.633+0000] {dag.py:3239} INFO - Sync 1 DAGs
[2026-08-30T16:00:22.902+0000] {logging_mixin.py:190} INFO - [2026-08-30T16:00:22.890+0000] {dag.py:4180} INFO - Setting next_dagrun for airbyte_to_dbt_pipeline_prod to 2026-08-30 15:00:00+00:00, run_after=2026-08-30 16:00:00+00:00
[2026-08-30T16:00:22.981+0000] {processor.py:208} INFO - Processing /opt/airflow/dags/prod/airbyte_to_dbt_prod.py took 0.903 seconds
[2026-08-30T16:00:53.229+0000] {processor.py:186} INFO - Started process (PID=6166) to work on /opt/airflow/dags/prod/airbyte_to_dbt_prod.py
[2026-08-30T16:00:53.234+0000] {processor.py:914} INFO - Processing file /opt/airflow/dags/prod/airbyte_to_dbt_prod.py for tasks to queue
[2026-08-30T16:00:53.239+0000] {logging_mixin.py:190} INFO - [2026-08-30T16:00:53.238+0000] {dagbag.py:588} INFO - Filling up the DagBag from /opt/airflow/dags/prod/airbyte_to_dbt_prod.py
[2026-08-30T16:00:53.279+0000] {processor.py:925} INFO - DAG(s) 'airbyte_to_dbt_pipeline_prod' retrieved from /opt/airflow/dags/prod/airbyte_to_dbt_prod.py
[2026-08-30T16:00:53.358+0000] {logging_mixin.py:190} INFO - [2026-08-30T16:00:53.358+0000] {dag.py:3239} INFO - Sync 1 DAGs
[2026-08-30T16:00:53.429+0000] {logging_mixin.py:190} INFO - [2026-08-30T16:00:53.428+0000] {dag.py:4180} INFO - Setting next_dagrun for airbyte_to_dbt_pipeline_prod to 2026-08-30 15:00:00+00:00, run_after=2026-08-30 16:00:00+00:00
[2026-08-30T16:00:53.459+0000] {processor.py:208} INFO - Processing /opt/airflow/dags/prod/airbyte_to_dbt_prod.py took 0.241 seconds
[2026-08-30T16:01:23.996+0000] {processor.py:186} INFO - Started process (PID=6174) to work on /opt/airflow/dags/prod/airbyte_to_dbt_prod.py
[2026-08-30T16:01:24.000+0000] {processor.py:914} INFO - Processing file /opt/airflow/dags/prod/airbyte_to_dbt_prod.py for tasks to queue
[2026-08-30T16:01:24.118+0000] {logging_mixin.py:190} INFO - [2026-08-30T16:01:24.107+0000] {dagbag.py:588} INFO - Filling up the DagBag from /opt/airflow/dags/prod/airbyte_to_dbt_prod.py
[2026-08-30T16:01:24.566+0000] {processor.py:925} INFO - DAG(s) 'airbyte_to_dbt_pipeline_prod' retrieved from /opt/airflow/dags/prod/airbyte_to_dbt_prod.py
[2026-08-30T16:01:25.234+0000] {logging_mixin.py:190} INFO - [2026-08-30T16:01:25.234+0000] {dag.py:3239} INFO - Sync 1 DAGs
[2026-08-30T16:01:25.566+0000] {logging_mixin.py:190} INFO - [2026-08-30T16:01:25.566+0000] {dag.py:4180} INFO - Setting next_dagrun for airbyte_to_dbt_pipeline_prod to 2026-08-30 15:00:00+00:00, run_after=2026-08-30 16:00:00+00:00
[2026-08-30T16:01:25.626+0000] {processor.py:208} INFO - Processing /opt/airflow/dags/prod/airbyte_to_dbt_prod.py took 1.814 seconds
[2026-08-30T16:01:55.854+0000] {processor.py:186} INFO - Started process (PID=6186) to work on /opt/airflow/dags/prod/airbyte_to_dbt_prod.py
[2026-08-30T16:01:55.855+0000] {processor.py:914} INFO - Processing file /opt/airflow/dags/prod/airbyte_to_dbt_prod.py for tasks to queue
[2026-08-30T16:01:55.859+0000] {logging_mixin.py:190} INFO - [2026-08-30T16:01:55.858+0000] {dagbag.py:588} INFO - Filling up the DagBag from /opt/airflow/dags/prod/airbyte_to_dbt_prod.py
[2026-08-30T16:01:55.884+0000] {processor.py:925} INFO - DAG(s) 'airbyte_to_dbt_pipeline_prod' retrieved from /opt/airflow/dags/prod/airbyte_to_dbt_prod.py
[2026-08-30T16:01:55.945+0000] {logging_mixin.py:190} INFO - [2026-08-30T16:01:55.944+0000] {dag.py:3239} INFO - Sync 1 DAGs
[2026-08-30T16:01:55.989+0000] {logging_mixin.py:190} INFO - [2026-08-30T16:01:55.988+0000] {dag.py:4180} INFO - Setting next_dagrun for airbyte_to_dbt_pipeline_prod to 2026-08-30 15:00:00+00:00, run_after=2026-08-30 16:00:00+00:00
[2026-08-30T16:01:56.020+0000] {processor.py:208} INFO - Processing /opt/airflow/dags/prod/airbyte_to_dbt_prod.py took 0.175 seconds
[2026-08-30T16:02:26.195+0000] {processor.py:186} INFO - Started process (PID=6196) to work on /opt/airflow/dags/prod/airbyte_to_dbt_prod.py
[2026-08-30T16:02:26.196+0000] {processor.py:914} INFO - Processing file /opt/airflow/dags/prod/airbyte_to_dbt_prod.py for tasks to queue
[2026-08-30T16:02:26.199+0000] {logging_mixin.py:190} INFO - [2026-08-30T16:02:26.199+0000] {dagbag.py:588} INFO - Filling up the DagBag from /opt/airflow/dags/prod/airbyte_to_dbt_prod.py
[2026-08-30T16:02:26.227+0000] {processor.py:925} INFO - DAG(s) 'airbyte_to_dbt_pipeline_prod' retrieved from /opt/airflow/dags/prod/airbyte_to_dbt_prod.py
[2026-08-30T16:02:26.277+0000] {logging_mixin.py:190} INFO - [2026-08-30T16:02:26.277+0000] {dag.py:3239} INFO - Sync 1 DAGs
[2026-08-30T16:02:26.312+0000] {logging_mixin.py:190} INFO - [2026-08-30T16:02:26.312+0000] {dag.py:4180} INFO - Setting next_dagrun for airbyte_to_dbt_pipeline_prod to 2026-08-30 15:00:00+00:00, run_after=2026-08-30 16:00:00+00:00
[2026-08-30T16:02:26.338+0000] {processor.py:208} INFO - Processing /opt/airflow/dags/prod/airbyte_to_dbt_prod.py took 0.152 seconds
[2026-08-30T16:02:56.512+0000] {processor.py:186} INFO - Started process (PID=6206) to work on /opt/airflow/dags/prod/airbyte_to_dbt_prod.py
[2026-08-30T16:02:56.513+0000] {processor.py:914} INFO - Processing file /opt/airflow/dags/prod/airbyte_to_dbt_prod.py for tasks to queue
[2026-08-30T16:02:56.516+0000] {logging_mixin.py:190} INFO - [2026-08-30T16:02:56.516+0000] {dagbag.py:588} INFO - Filling up the DagBag from /opt/airflow/dags/prod/airbyte_to_dbt_prod.py
[2026-08-30T16:02:56.540+0000] {processor.py:925} INFO - DAG(s) 'airbyte_to_dbt_pipeline_prod' retrieved from /opt/airflow/dags/prod/airbyte_to_dbt_prod.py
[2026-08-30T16:02:56.597+0000] {logging_mixin.py:190} INFO - [2026-08-30T16:02:56.597+0000] {dag.py:3239} INFO - Sync 1 DAGs
[2026-08-30T16:02:56.641+0000] {logging_mixin.py:190} INFO - [2026-08-30T16:02:56.641+0000] {dag.py:4180} INFO - Setting next_dagrun for airbyte_to_dbt_pipeline_prod to 2026-08-30 15:00:00+00:00, run_after=2026-08-30 16:00:00+00:00
[2026-08-30T16:02:56.669+0000] {processor.py:208} INFO - Processing /opt/airflow/dags/prod/airbyte_to_dbt_prod.py took 0.166 seconds
[2026-08-30T16:03:26.920+0000] {processor.py:186} INFO - Started process (PID=6216) to work on /opt/airflow/dags/prod/airbyte_to_dbt_prod.py
[2026-08-30T16:03:26.921+0000] {processor.py:914} INFO - Processing file /opt/airflow/dags/prod/airbyte_to_dbt_prod.py for tasks to queue
[2026-08-30T16:03:26.926+0000] {logging_mixin.py:190} INFO - [2026-08-30T16:03:26.926+0000] {dagbag.py:588} INFO - Filling up the DagBag from /opt/airflow/dags/prod/airbyte_to_dbt_prod.py
[2026-08-30T16:03:26.958+0000] {processor.py:925} INFO - DAG(s) 'airbyte_to_dbt_pipeline_prod' retrieved from /opt/airflow/dags/prod/airbyte_to_dbt_prod.py
[2026-08-30T16:03:27.004+0000] {logging_mixin.py:190} INFO - [2026-08-30T16:03:27.004+0000] {dag.py:3239} INFO - Sync 1 DAGs
[2026-08-30T16:03:27.036+0000] {logging_mixin.py:190} INFO - [2026-08-30T16:03:27.036+0000] {dag.py:4180} INFO - Setting next_dagrun for airbyte_to_dbt_pipeline_prod to 2026-08-30 15:00:00+00:00, run_after=2026-08-30 16:00:00+00:00
[2026-08-30T16:03:27.062+0000] {processor.py:208} INFO - Processing /opt/airflow/dags/prod/airbyte_to_dbt_prod.py took 0.153 seconds
[2026-08-30T16:03:57.281+0000] {processor.py:186} INFO - Started process (PID=6226) to work on /opt/airflow/dags/prod/airbyte_to_dbt_prod.py
[2026-08-30T16:03:57.284+0000] {processor.py:914} INFO - Processing file /opt/airflow/dags/prod/airbyte_to_dbt_prod.py for tasks to queue
[2026-08-30T16:03:57.288+0000] {logging_mixin.py:190} INFO - [2026-08-30T16:03:57.287+0000] {dagbag.py:588} INFO - Filling up the DagBag from /opt/airflow/dags/prod/airbyte_to_dbt_prod.py
[2026-08-30T16:03:57.326+0000] {processor.py:925} INFO - DAG(s) 'airbyte_to_dbt_pipeline_prod' retrieved from /opt/airflow/dags/prod/airbyte_to_dbt_prod.py
[2026-08-30T16:03:57.409+0000] {logging_mixin.py:190} INFO - [2026-08-30T16:03:57.409+0000] {dag.py:3239} INFO - Sync 1 DAGs
[2026-08-30T16:03:57.457+0000] {logging_mixin.py:190} INFO - [2026-08-30T16:03:57.457+0000] {dag.py:4180} INFO - Setting next_dagrun for airbyte_to_dbt_pipeline_prod to 2026-08-30 15:00:00+00:00, run_after=2026-08-30 16:00:00+00:00
[2026-08-30T16:03:57.491+0000] {processor.py:208} INFO - Processing /opt/airflow/dags/prod/airbyte_to_dbt_prod.py took 0.220 seconds
[2026-08-30T16:04:27.674+0000] {processor.py:186} INFO - Started process (PID=6236) to work on /opt/airflow/dags/prod/airbyte_to_dbt_prod.py
[2026-08-30T16:04:27.674+0000] {processor.py:914} INFO - Processing file /opt/airflow/dags/prod/airbyte_to_dbt_prod.py for tasks to queue
[2026-08-30T16:04:27.678+0000] {logging_mixin.py:190} INFO - [2026-08-30T16:04:27.677+0000] {dagbag.py:588} INFO - Filling up the DagBag from /opt/airflow/dags/prod/airbyte_to_dbt_prod.py
[2026-08-30T16:04:27.706+0000] {processor.py:925} INFO - DAG(s) 'airbyte_to_dbt_pipeline_prod' retrieved from /opt/airflow/dags/prod/airbyte_to_dbt_prod.py
[2026-08-30T16:04:27.757+0000] {logging_mixin.py:190} INFO - [2026-08-30T16:04:27.756+0000] {dag.py:3239} INFO - Sync 1 DAGs
[2026-08-30T16:04:27.800+0000] {logging_mixin.py:190} INFO - [2026-08-30T16:04:27.800+0000] {dag.py:4180} INFO - Setting next_dagrun for airbyte_to_dbt_pipeline_prod to 2026-08-30 15:00:00+00:00, run_after=2026-08-30 16:00:00+00:00
[2026-08-30T16:04:27.824+0000] {processor.py:208} INFO - Processing /opt/airflow/dags/prod/airbyte_to_dbt_prod.py took 0.163 seconds
[2026-08-30T16:04:57.981+0000] {processor.py:186} INFO - Started process (PID=6246) to work on /opt/airflow/dags/prod/airbyte_to_dbt_prod.py
[2026-08-30T16:04:57.982+0000] {processor.py:914} INFO - Processing file /opt/airflow/dags/prod/airbyte_to_dbt_prod.py for tasks to queue
[2026-08-30T16:04:57.986+0000] {logging_mixin.py:190} INFO - [2026-08-30T16:04:57.985+0000] {dagbag.py:588} INFO - Filling up the DagBag from /opt/airflow/dags/prod/airbyte_to_dbt_prod.py
[2026-08-30T16:04:58.011+0000] {processor.py:925} INFO - DAG(s) 'airbyte_to_dbt_pipeline_prod' retrieved from /opt/airflow/dags/prod/airbyte_to_dbt_prod.py
[2026-08-30T16:04:58.050+0000] {logging_mixin.py:190} INFO - [2026-08-30T16:04:58.050+0000] {dag.py:3239} INFO - Sync 1 DAGs
[2026-08-30T16:04:58.079+0000] {logging_mixin.py:190} INFO - [2026-08-30T16:04:58.078+0000] {dag.py:4180} INFO - Setting next_dagrun for airbyte_to_dbt_pipeline_prod to 2026-08-30 15:00:00+00:00, run_after=2026-08-30 16:00:00+00:00
[2026-08-30T16:04:58.104+0000] {processor.py:208} INFO - Processing /opt/airflow/dags/prod/airbyte_to_dbt_prod.py took 0.132 seconds
[2026-08-30T16:05:28.333+0000] {processor.py:186} INFO - Started process (PID=6255) to work on /opt/airflow/dags/prod/airbyte_to_dbt_prod.py
[2026-08-30T16:05:28.334+0000] {processor.py:914} INFO - Processing file /opt/airflow/dags/prod/airbyte_to_dbt_prod.py for tasks to queue
[2026-08-30T16:05:28.355+0000] {logging_mixin.py:190} INFO - [2026-08-30T16:05:28.354+0000] {dagbag.py:588} INFO - Filling up the DagBag from /opt/airflow/dags/prod/airbyte_to_dbt_prod.py
[2026-08-30T16:05:28.400+0000] {processor.py:925} INFO - DAG(s) 'airbyte_to_dbt_pipeline_prod' retrieved from /opt/airflow/dags/prod/airbyte_to_dbt_prod.py
[2026-08-30T16:05:28.486+0000] {logging_mixin.py:190} INFO - [2026-08-30T16:05:28.486+0000] {dag.py:3239} INFO - Sync 1 DAGs
[2026-08-30T16:05:28.541+0000] {logging_mixin.py:190} INFO - [2026-08-30T16:05:28.541+0000] {dag.py:4180} INFO - Setting next_dagrun for airbyte_to_dbt_pipeline_prod to 2026-08-30 15:00:00+00:00, run_after=2026-08-30 16:00:00+00:00
[2026-08-30T16:05:28.581+0000] {processor.py:208} INFO - Processing /opt/airflow/dags/prod/airbyte_to_dbt_prod.py took 0.279 seconds
[2026-08-30T16:05:58.770+0000] {processor.py:186} INFO - Started process (PID=6264) to work on /opt/airflow/dags/prod/airbyte_to_dbt_prod.py
[2026-08-30T16:05:58.771+0000] {processor.py:914} INFO - Processing file /opt/airflow/dags/prod/airbyte_to_dbt_prod.py for tasks to queue
[2026-08-30T16:05:58.783+0000] {logging_mixin.py:190} INFO - [2026-08-30T16:05:58.782+0000] {dagbag.py:588} INFO - Filling up the DagBag from /opt/airflow/dags/prod/airbyte_to_dbt_prod.py
[2026-08-30T16:05:58.908+0000] {processor.py:925} INFO - DAG(s) 'airbyte_to_dbt_pipeline_prod' retrieved from /opt/airflow/dags/prod/airbyte_to_dbt_prod.py
[2026-08-30T16:05:59.113+0000] {logging_mixin.py:190} INFO - [2026-08-30T16:05:59.113+0000] {dag.py:3239} INFO - Sync 1 DAGs
[2026-08-30T16:05:59.220+0000] {logging_mixin.py:190} INFO - [2026-08-30T16:05:59.219+0000] {dag.py:4180} INFO - Setting next_dagrun for airbyte_to_dbt_pipeline_prod to 2026-08-30 15:00:00+00:00, run_after=2026-08-30 16:00:00+00:00
[2026-08-30T16:05:59.247+0000] {processor.py:208} INFO - Processing /opt/airflow/dags/prod/airbyte_to_dbt_prod.py took 0.506 seconds
[2026-08-30T16:06:29.469+0000] {processor.py:186} INFO - Started process (PID=6276) to work on /opt/airflow/dags/prod/airbyte_to_dbt_prod.py
[2026-08-30T16:06:29.472+0000] {processor.py:914} INFO - Processing file /opt/airflow/dags/prod/airbyte_to_dbt_prod.py for tasks to queue
[2026-08-30T16:06:29.479+0000] {logging_mixin.py:190} INFO - [2026-08-30T16:06:29.479+0000] {dagbag.py:588} INFO - Filling up the DagBag from /opt/airflow/dags/prod/airbyte_to_dbt_prod.py
[2026-08-30T16:06:29.614+0000] {processor.py:925} INFO - DAG(s) 'airbyte_to_dbt_pipeline_prod' retrieved from /opt/airflow/dags/prod/airbyte_to_dbt_prod.py
[2026-08-30T16:06:29.976+0000] {logging_mixin.py:190} INFO - [2026-08-30T16:06:29.975+0000] {dag.py:3239} INFO - Sync 1 DAGs
[2026-08-30T16:06:30.239+0000] {logging_mixin.py:190} INFO - [2026-08-30T16:06:30.239+0000] {dag.py:4180} INFO - Setting next_dagrun for airbyte_to_dbt_pipeline_prod to 2026-08-30 15:00:00+00:00, run_after=2026-08-30 16:00:00+00:00
[2026-08-30T16:06:30.271+0000] {processor.py:208} INFO - Processing /opt/airflow/dags/prod/airbyte_to_dbt_prod.py took 0.815 seconds
[2026-08-30T16:07:00.438+0000] {processor.py:186} INFO - Started process (PID=6286) to work on /opt/airflow/dags/prod/airbyte_to_dbt_prod.py
[2026-08-30T16:07:00.439+0000] {processor.py:914} INFO - Processing file /opt/airflow/dags/prod/airbyte_to_dbt_prod.py for tasks to queue
[2026-08-30T16:07:00.443+0000] {logging_mixin.py:190} INFO - [2026-08-30T16:07:00.442+0000] {dagbag.py:588} INFO - Filling up the DagBag from /opt/airflow/dags/prod/airbyte_to_dbt_prod.py
[2026-08-30T16:07:00.468+0000] {processor.py:925} INFO - DAG(s) 'airbyte_to_dbt_pipeline_prod' retrieved from /opt/airflow/dags/prod/airbyte_to_dbt_prod.py
[2026-08-30T16:07:00.516+0000] {logging_mixin.py:190} INFO - [2026-08-30T16:07:00.516+0000] {dag.py:3239} INFO - Sync 1 DAGs
[2026-08-30T16:07:00.563+0000] {logging_mixin.py:190} INFO - [2026-08-30T16:07:00.562+0000] {dag.py:4180} INFO - Setting next_dagrun for airbyte_to_dbt_pipeline_prod to 2026-08-30 15:00:00+00:00, run_after=2026-08-30 16:00:00+00:00
[2026-08-30T16:07:00.598+0000] {processor.py:208} INFO - Processing /opt/airflow/dags/prod/airbyte_to_dbt_prod.py took 0.168 seconds
[2026-08-30T16:07:31.029+0000] {processor.py:186} INFO - Started process (PID=6294) to work on /opt/airflow/dags/prod/airbyte_to_dbt_prod.py
[2026-08-30T16:07:31.031+0000] {processor.py:914} INFO - Processing file /opt/airflow/dags/prod/airbyte_to_dbt_prod.py for tasks to queue
[2026-08-30T16:07:31.201+0000] {logging_mixin.py:190} INFO - [2026-08-30T16:07:31.184+0000] {dagbag.py:588} INFO - Filling up the DagBag from /opt/airflow/dags/prod/airbyte_to_dbt_prod.py
[2026-08-30T16:07:31.812+0000] {processor.py:925} INFO - DAG(s) 'airbyte_to_dbt_pipeline_prod' retrieved from /opt/airflow/dags/prod/airbyte_to_dbt_prod.py
[2026-08-30T16:07:32.400+0000] {logging_mixin.py:190} INFO - [2026-08-30T16:07:32.399+0000] {dag.py:3239} INFO - Sync 1 DAGs
[2026-08-30T16:07:32.542+0000] {logging_mixin.py:190} INFO - [2026-08-30T16:07:32.541+0000] {dag.py:4180} INFO - Setting next_dagrun for airbyte_to_dbt_pipeline_prod to 2026-08-30 15:00:00+00:00, run_after=2026-08-30 16:00:00+00:00
[2026-08-30T16:07:32.585+0000] {processor.py:208} INFO - Processing /opt/airflow/dags/prod/airbyte_to_dbt_prod.py took 1.684 seconds
[2026-08-30T16:08:02.793+0000] {processor.py:186} INFO - Started process (PID=6306) to work on /opt/airflow/dags/prod/airbyte_to_dbt_prod.py
[2026-08-30T16:08:02.795+0000] {processor.py:914} INFO - Processing file /opt/airflow/dags/prod/airbyte_to_dbt_prod.py for tasks to queue
[2026-08-30T16:08:02.799+0000] {logging_mixin.py:190} INFO - [2026-08-30T16:08:02.798+0000] {dagbag.py:588} INFO - Filling up the DagBag from /opt/airflow/dags/prod/airbyte_to_dbt_prod.py
[2026-08-30T16:08:02.824+0000] {processor.py:925} INFO - DAG(s) 'airbyte_to_dbt_pipeline_prod' retrieved from /opt/airflow/dags/prod/airbyte_to_dbt_prod.py
[2026-08-30T16:08:02.872+0000] {logging_mixin.py:190} INFO - [2026-08-30T16:08:02.871+0000] {dag.py:3239} INFO - Sync 1 DAGs
[2026-08-30T16:08:02.904+0000] {logging_mixin.py:190} INFO - [2026-08-30T16:08:02.904+0000] {dag.py:4180} INFO - Setting next_dagrun for airbyte_to_dbt_pipeline_prod to 2026-08-30 15:00:00+00:00, run_after=2026-08-30 16:00:00+00:00
[2026-08-30T16:08:02.929+0000] {processor.py:208} INFO - Processing /opt/airflow/dags/prod/airbyte_to_dbt_prod.py took 0.147 seconds
[2026-08-30T16:08:33.369+0000] {processor.py:186} INFO - Started process (PID=6314) to work on /opt/airflow/dags/prod/airbyte_to_dbt_prod.py
[2026-08-30T16:08:33.371+0000] {processor.py:914} INFO - Processing file /opt/airflow/dags/prod/airbyte_to_dbt_prod.py for tasks to queue
[2026-08-30T16:08:33.417+0000] {logging_mixin.py:190} INFO - [2026-08-30T16:08:33.406+0000] {dagbag.py:588} INFO - Filling up the DagBag from /opt/airflow/dags/prod/airbyte_to_dbt_prod.py
[2026-08-30T16:08:33.486+0000] {processor.py:925} INFO - DAG(s) 'airbyte_to_dbt_pipeline_prod' retrieved from /opt/airflow/dags/prod/airbyte_to_dbt_prod.py
[2026-08-30T16:08:33.579+0000] {logging_mixin.py:190} INFO - [2026-08-30T16:08:33.579+0000] {dag.py:3239} INFO - Sync 1 DAGs
[2026-08-30T16:08:33.622+0000] {logging_mixin.py:190} INFO - [2026-08-30T16:08:33.622+0000] {dag.py:4180} INFO - Setting next_dagrun for airbyte_to_dbt_pipeline_prod to 2026-08-30 15:00:00+00:00, run_after=2026-08-30 16:00:00+00:00
[2026-08-30T16:08:33.668+0000] {processor.py:208} INFO - Processing /opt/airflow/dags/prod/airbyte_to_dbt_prod.py took 0.414 seconds
[2026-08-30T16:09:03.873+0000] {processor.py:186} INFO - Started process (PID=6326) to work on /opt/airflow/dags/prod/airbyte_to_dbt_prod.py
[2026-08-30T16:09:03.876+0000] {processor.py:914} INFO - Processing file /opt/airflow/dags/prod/airbyte_to_dbt_prod.py for tasks to queue
[2026-08-30T16:09:03.880+0000] {logging_mixin.py:190} INFO - [2026-08-30T16:09:03.879+0000] {dagbag.py:588} INFO - Filling up the DagBag from /opt/airflow/dags/prod/airbyte_to_dbt_prod.py
[2026-08-30T16:09:03.914+0000] {processor.py:925} INFO - DAG(s) 'airbyte_to_dbt_pipeline_prod' retrieved from /opt/airflow/dags/prod/airbyte_to_dbt_prod.py
[2026-08-30T16:09:03.965+0000] {logging_mixin.py:190} INFO - [2026-08-30T16:09:03.965+0000] {dag.py:3239} INFO - Sync 1 DAGs
[2026-08-30T16:09:04.006+0000] {logging_mixin.py:190} INFO - [2026-08-30T16:09:04.005+0000] {dag.py:4180} INFO - Setting next_dagrun for airbyte_to_dbt_pipeline_prod to 2026-08-30 15:00:00+00:00, run_after=2026-08-30 16:00:00+00:00
[2026-08-30T16:09:04.032+0000] {processor.py:208} INFO - Processing /opt/airflow/dags/prod/airbyte_to_dbt_prod.py took 0.171 seconds
[2026-08-30T16:09:34.383+0000] {processor.py:186} INFO - Started process (PID=6334) to work on /opt/airflow/dags/prod/airbyte_to_dbt_prod.py
[2026-08-30T16:09:34.386+0000] {processor.py:914} INFO - Processing file /opt/airflow/dags/prod/airbyte_to_dbt_prod.py for tasks to queue
[2026-08-30T16:09:34.484+0000] {logging_mixin.py:190} INFO - [2026-08-30T16:09:34.470+0000] {dagbag.py:588} INFO - Filling up the DagBag from /opt/airflow/dags/prod/airbyte_to_dbt_prod.py
[2026-08-30T16:09:34.903+0000] {processor.py:925} INFO - DAG(s) 'airbyte_to_dbt_pipeline_prod' retrieved from /opt/airflow/dags/prod/airbyte_to_dbt_prod.py
[2026-08-30T16:09:35.964+0000] {logging_mixin.py:190} INFO - [2026-08-30T16:09:35.963+0000] {dag.py:3239} INFO - Sync 1 DAGs
[2026-08-30T16:09:36.249+0000] {logging_mixin.py:190} INFO - [2026-08-30T16:09:36.248+0000] {dag.py:4180} INFO - Setting next_dagrun for airbyte_to_dbt_pipeline_prod to 2026-08-30 15:00:00+00:00, run_after=2026-08-30 16:00:00+00:00
[2026-08-30T16:09:36.285+0000] {processor.py:208} INFO - Processing /opt/airflow/dags/prod/airbyte_to_dbt_prod.py took 2.012 seconds
[2026-08-30T16:10:06.470+0000] {processor.py:186} INFO - Started process (PID=6346) to work on /opt/airflow/dags/prod/airbyte_to_dbt_prod.py
[2026-08-30T16:10:06.471+0000] {processor.py:914} INFO - Processing file /opt/airflow/dags/prod/airbyte_to_dbt_prod.py for tasks to queue
[2026-08-30T16:10:06.476+0000] {logging_mixin.py:190} INFO - [2026-08-30T16:10:06.475+0000] {dagbag.py:588} INFO - Filling up the DagBag from /opt/airflow/dags/prod/airbyte_to_dbt_prod.py
[2026-08-30T16:10:06.506+0000] {processor.py:925} INFO - DAG(s) 'airbyte_to_dbt_pipeline_prod' retrieved from /opt/airflow/dags/prod/airbyte_to_dbt_prod.py
[2026-08-30T16:10:06.547+0000] {logging_mixin.py:190} INFO - [2026-08-30T16:10:06.547+0000] {dag.py:3239} INFO - Sync 1 DAGs
[2026-08-30T16:10:06.581+0000] {logging_mixin.py:190} INFO - [2026-08-30T16:10:06.581+0000] {dag.py:4180} INFO - Setting next_dagrun for airbyte_to_dbt_pipeline_prod to 2026-08-30 15:00:00+00:00, run_after=2026-08-30 16:00:00+00:00
[2026-08-30T16:10:06.607+0000] {processor.py:208} INFO - Processing /opt/airflow/dags/prod/airbyte_to_dbt_prod.py took 0.148 seconds
[2026-08-30T16:10:36.990+0000] {processor.py:186} INFO - Started process (PID=6354) to work on /opt/airflow/dags/prod/airbyte_to_dbt_prod.py
[2026-08-30T16:10:36.993+0000] {processor.py:914} INFO - Processing file /opt/airflow/dags/prod/airbyte_to_dbt_prod.py for tasks to queue
[2026-08-30T16:10:37.050+0000] {logging_mixin.py:190} INFO - [2026-08-30T16:10:37.043+0000] {dagbag.py:588} INFO - Filling up the DagBag from /opt/airflow/dags/prod/airbyte_to_dbt_prod.py
[2026-08-30T16:10:37.622+0000] {processor.py:925} INFO - DAG(s) 'airbyte_to_dbt_pipeline_prod' retrieved from /opt/airflow/dags/prod/airbyte_to_dbt_prod.py
[2026-08-30T16:10:37.869+0000] {logging_mixin.py:190} INFO - [2026-08-30T16:10:37.869+0000] {dag.py:3239} INFO - Sync 1 DAGs
[2026-08-30T16:10:37.976+0000] {logging_mixin.py:190} INFO - [2026-08-30T16:10:37.976+0000] {dag.py:4180} INFO - Setting next_dagrun for airbyte_to_dbt_pipeline_prod to 2026-08-30 15:00:00+00:00, run_after=2026-08-30 16:00:00+00:00
[2026-08-30T16:10:38.003+0000] {processor.py:208} INFO - Processing /opt/airflow/dags/prod/airbyte_to_dbt_prod.py took 1.112 seconds
[2026-08-30T16:11:09.099+0000] {processor.py:186} INFO - Started process (PID=6366) to work on /opt/airflow/dags/prod/airbyte_to_dbt_prod.py
[2026-08-30T16:11:09.111+0000] {processor.py:914} INFO - Processing file /opt/airflow/dags/prod/airbyte_to_dbt_prod.py for tasks to queue
[2026-08-30T16:11:09.264+0000] {logging_mixin.py:190} INFO - [2026-08-30T16:11:09.237+0000] {dagbag.py:588} INFO - Filling up the DagBag from /opt/airflow/dags/prod/airbyte_to_dbt_prod.py
[2026-08-30T16:11:10.078+0000] {processor.py:925} INFO - DAG(s) 'airbyte_to_dbt_pipeline_prod' retrieved from /opt/airflow/dags/prod/airbyte_to_dbt_prod.py
[2026-08-30T16:11:11.723+0000] {logging_mixin.py:190} INFO - [2026-08-30T16:11:11.723+0000] {dag.py:3239} INFO - Sync 1 DAGs
[2026-08-30T16:11:12.161+0000] {logging_mixin.py:190} INFO - [2026-08-30T16:11:12.160+0000] {dag.py:4180} INFO - Setting next_dagrun for airbyte_to_dbt_pipeline_prod to 2026-08-30 15:00:00+00:00, run_after=2026-08-30 16:00:00+00:00
[2026-08-30T16:11:12.449+0000] {processor.py:208} INFO - Processing /opt/airflow/dags/prod/airbyte_to_dbt_prod.py took 4.034 seconds
[2026-08-30T16:11:42.687+0000] {processor.py:186} INFO - Started process (PID=6375) to work on /opt/airflow/dags/prod/airbyte_to_dbt_prod.py
[2026-08-30T16:11:42.689+0000] {processor.py:914} INFO - Processing file /opt/airflow/dags/prod/airbyte_to_dbt_prod.py for tasks to queue
[2026-08-30T16:11:42.694+0000] {logging_mixin.py:190} INFO - [2026-08-30T16:11:42.693+0000] {dagbag.py:588} INFO - Filling up the DagBag from /opt/airflow/dags/prod/airbyte_to_dbt_prod.py
[2026-08-30T16:11:42.734+0000] {processor.py:925} INFO - DAG(s) 'airbyte_to_dbt_pipeline_prod' retrieved from /opt/airflow/dags/prod/airbyte_to_dbt_prod.py
[2026-08-30T16:11:42.818+0000] {logging_mixin.py:190} INFO - [2026-08-30T16:11:42.818+0000] {dag.py:3239} INFO - Sync 1 DAGs
[2026-08-30T16:11:42.868+0000] {logging_mixin.py:190} INFO - [2026-08-30T16:11:42.866+0000] {dag.py:4180} INFO - Setting next_dagrun for airbyte_to_dbt_pipeline_prod to 2026-08-30 15:00:00+00:00, run_after=2026-08-30 16:00:00+00:00
[2026-08-30T16:11:42.905+0000] {processor.py:208} INFO - Processing /opt/airflow/dags/prod/airbyte_to_dbt_prod.py took 0.234 seconds
[2026-08-30T16:12:13.201+0000] {processor.py:186} INFO - Started process (PID=6386) to work on /opt/airflow/dags/prod/airbyte_to_dbt_prod.py
[2026-08-30T16:12:13.203+0000] {processor.py:914} INFO - Processing file /opt/airflow/dags/prod/airbyte_to_dbt_prod.py for tasks to queue
[2026-08-30T16:12:13.207+0000] {logging_mixin.py:190} INFO - [2026-08-30T16:12:13.207+0000] {dagbag.py:588} INFO - Filling up the DagBag from /opt/airflow/dags/prod/airbyte_to_dbt_prod.py
[2026-08-30T16:12:13.257+0000] {processor.py:925} INFO - DAG(s) 'airbyte_to_dbt_pipeline_prod' retrieved from /opt/airflow/dags/prod/airbyte_to_dbt_prod.py
[2026-08-30T16:12:13.453+0000] {logging_mixin.py:190} INFO - [2026-08-30T16:12:13.453+0000] {dag.py:3239} INFO - Sync 1 DAGs
[2026-08-30T16:12:13.535+0000] {logging_mixin.py:190} INFO - [2026-08-30T16:12:13.535+0000] {dag.py:4180} INFO - Setting next_dagrun for airbyte_to_dbt_pipeline_prod to 2026-08-30 15:00:00+00:00, run_after=2026-08-30 16:00:00+00:00
[2026-08-30T16:12:13.574+0000] {processor.py:208} INFO - Processing /opt/airflow/dags/prod/airbyte_to_dbt_prod.py took 0.409 seconds
[2026-08-30T16:12:43.901+0000] {processor.py:186} INFO - Started process (PID=6396) to work on /opt/airflow/dags/prod/airbyte_to_dbt_prod.py
[2026-08-30T16:12:43.903+0000] {processor.py:914} INFO - Processing file /opt/airflow/dags/prod/airbyte_to_dbt_prod.py for tasks to queue
[2026-08-30T16:12:44.001+0000] {logging_mixin.py:190} INFO - [2026-08-30T16:12:43.988+0000] {dagbag.py:588} INFO - Filling up the DagBag from /opt/airflow/dags/prod/airbyte_to_dbt_prod.py
[2026-08-30T16:12:44.200+0000] {processor.py:925} INFO - DAG(s) 'airbyte_to_dbt_pipeline_prod' retrieved from /opt/airflow/dags/prod/airbyte_to_dbt_prod.py
[2026-08-30T16:12:44.419+0000] {logging_mixin.py:190} INFO - [2026-08-30T16:12:44.419+0000] {dag.py:3239} INFO - Sync 1 DAGs
[2026-08-30T16:12:44.632+0000] {logging_mixin.py:190} INFO - [2026-08-30T16:12:44.632+0000] {dag.py:4180} INFO - Setting next_dagrun for airbyte_to_dbt_pipeline_prod to 2026-08-30 15:00:00+00:00, run_after=2026-08-30 16:00:00+00:00
[2026-08-30T16:12:44.659+0000] {processor.py:208} INFO - Processing /opt/airflow/dags/prod/airbyte_to_dbt_prod.py took 0.792 seconds
[2026-08-30T16:13:15.473+0000] {processor.py:186} INFO - Started process (PID=6404) to work on /opt/airflow/dags/prod/airbyte_to_dbt_prod.py
[2026-08-30T16:13:15.481+0000] {processor.py:914} INFO - Processing file /opt/airflow/dags/prod/airbyte_to_dbt_prod.py for tasks to queue
[2026-08-30T16:13:15.597+0000] {logging_mixin.py:190} INFO - [2026-08-30T16:13:15.585+0000] {dagbag.py:588} INFO - Filling up the DagBag from /opt/airflow/dags/prod/airbyte_to_dbt_prod.py
[2026-08-30T16:13:17.182+0000] {processor.py:925} INFO - DAG(s) 'airbyte_to_dbt_pipeline_prod' retrieved from /opt/airflow/dags/prod/airbyte_to_dbt_prod.py
[2026-08-30T16:13:19.359+0000] {logging_mixin.py:190} INFO - [2026-08-30T16:13:19.359+0000] {dag.py:3239} INFO - Sync 1 DAGs
[2026-08-30T16:13:19.914+0000] {logging_mixin.py:190} INFO - [2026-08-30T16:13:19.914+0000] {dag.py:4180} INFO - Setting next_dagrun for airbyte_to_dbt_pipeline_prod to 2026-08-30 15:00:00+00:00, run_after=2026-08-30 16:00:00+00:00
[2026-08-30T16:13:20.027+0000] {processor.py:208} INFO - Processing /opt/airflow/dags/prod/airbyte_to_dbt_prod.py took 4.823 seconds
[2026-08-30T16:13:50.400+0000] {processor.py:186} INFO - Started process (PID=6416) to work on /opt/airflow/dags/prod/airbyte_to_dbt_prod.py
[2026-08-30T16:13:50.402+0000] {processor.py:914} INFO - Processing file /opt/airflow/dags/prod/airbyte_to_dbt_prod.py for tasks to queue
[2026-08-30T16:13:50.407+0000] {logging_mixin.py:190} INFO - [2026-08-30T16:13:50.407+0000] {dagbag.py:588} INFO - Filling up the DagBag from /opt/airflow/dags/prod/airbyte_to_dbt_prod.py
[2026-08-30T16:13:50.436+0000] {processor.py:925} INFO - DAG(s) 'airbyte_to_dbt_pipeline_prod' retrieved from /opt/airflow/dags/prod/airbyte_to_dbt_prod.py
[2026-08-30T16:13:50.491+0000] {logging_mixin.py:190} INFO - [2026-08-30T16:13:50.491+0000] {dag.py:3239} INFO - Sync 1 DAGs
[2026-08-30T16:13:50.524+0000] {logging_mixin.py:190} INFO - [2026-08-30T16:13:50.524+0000] {dag.py:4180} INFO - Setting next_dagrun for airbyte_to_dbt_pipeline_prod to 2026-08-30 15:00:00+00:00, run_after=2026-08-30 16:00:00+00:00
[2026-08-30T16:13:50.548+0000] {processor.py:208} INFO - Processing /opt/airflow/dags/prod/airbyte_to_dbt_prod.py took 0.187 seconds
[2026-08-30T16:14:20.766+0000] {processor.py:186} INFO - Started process (PID=6426) to work on /opt/airflow/dags/prod/airbyte_to_dbt_prod.py
[2026-08-30T16:14:20.767+0000] {processor.py:914} INFO - Processing file /opt/airflow/dags/prod/airbyte_to_dbt_prod.py for tasks to queue
[2026-08-30T16:14:20.770+0000] {logging_mixin.py:190} INFO - [2026-08-30T16:14:20.770+0000] {dagbag.py:588} INFO - Filling up the DagBag from /opt/airflow/dags/prod/airbyte_to_dbt_prod.py
[2026-08-30T16:14:20.797+0000] {processor.py:925} INFO - DAG(s) 'airbyte_to_dbt_pipeline_prod' retrieved from /opt/airflow/dags/prod/airbyte_to_dbt_prod.py
[2026-08-30T16:14:20.877+0000] {logging_mixin.py:190} INFO - [2026-08-30T16:14:20.877+0000] {dag.py:3239} INFO - Sync 1 DAGs
[2026-08-30T16:14:20.920+0000] {logging_mixin.py:190} INFO - [2026-08-30T16:14:20.919+0000] {dag.py:4180} INFO - Setting next_dagrun for airbyte_to_dbt_pipeline_prod to 2026-08-30 15:00:00+00:00, run_after=2026-08-30 16:00:00+00:00
[2026-08-30T16:14:20.950+0000] {processor.py:208} INFO - Processing /opt/airflow/dags/prod/airbyte_to_dbt_prod.py took 0.193 seconds
[2026-08-30T16:14:51.151+0000] {processor.py:186} INFO - Started process (PID=6435) to work on /opt/airflow/dags/prod/airbyte_to_dbt_prod.py
[2026-08-30T16:14:51.152+0000] {processor.py:914} INFO - Processing file /opt/airflow/dags/prod/airbyte_to_dbt_prod.py for tasks to queue
[2026-08-30T16:14:51.155+0000] {logging_mixin.py:190} INFO - [2026-08-30T16:14:51.155+0000] {dagbag.py:588} INFO - Filling up the DagBag from /opt/airflow/dags/prod/airbyte_to_dbt_prod.py
[2026-08-30T16:14:51.182+0000] {processor.py:925} INFO - DAG(s) 'airbyte_to_dbt_pipeline_prod' retrieved from /opt/airflow/dags/prod/airbyte_to_dbt_prod.py
[2026-08-30T16:14:51.318+0000] {logging_mixin.py:190} INFO - [2026-08-30T16:14:51.318+0000] {dag.py:3239} INFO - Sync 1 DAGs
[2026-08-30T16:14:51.346+0000] {logging_mixin.py:190} INFO - [2026-08-30T16:14:51.346+0000] {dag.py:4180} INFO - Setting next_dagrun for airbyte_to_dbt_pipeline_prod to 2026-08-30 15:00:00+00:00, run_after=2026-08-30 16:00:00+00:00
[2026-08-30T16:14:51.373+0000] {processor.py:208} INFO - Processing /opt/airflow/dags/prod/airbyte_to_dbt_prod.py took 0.240 seconds
[2026-08-30T16:15:21.599+0000] {processor.py:186} INFO - Started process (PID=6446) to work on /opt/airflow/dags/prod/airbyte_to_dbt_prod.py
[2026-08-30T16:15:21.601+0000] {processor.py:914} INFO - Processing file /opt/airflow/dags/prod/airbyte_to_dbt_prod.py for tasks to queue
[2026-08-30T16:15:21.643+0000] {logging_mixin.py:190} INFO - [2026-08-30T16:15:21.642+0000] {dagbag.py:588} INFO - Filling up the DagBag from /opt/airflow/dags/prod/airbyte_to_dbt_prod.py
[2026-08-30T16:15:21.719+0000] {processor.py:925} INFO - DAG(s) 'airbyte_to_dbt_pipeline_prod' retrieved from /opt/airflow/dags/prod/airbyte_to_dbt_prod.py
[2026-08-30T16:15:21.794+0000] {logging_mixin.py:190} INFO - [2026-08-30T16:15:21.794+0000] {dag.py:3239} INFO - Sync 1 DAGs
[2026-08-30T16:15:21.850+0000] {logging_mixin.py:190} INFO - [2026-08-30T16:15:21.849+0000] {dag.py:4180} INFO - Setting next_dagrun for airbyte_to_dbt_pipeline_prod to 2026-08-30 15:00:00+00:00, run_after=2026-08-30 16:00:00+00:00
[2026-08-30T16:15:21.887+0000] {processor.py:208} INFO - Processing /opt/airflow/dags/prod/airbyte_to_dbt_prod.py took 0.323 seconds
[2026-08-30T16:15:52.073+0000] {processor.py:186} INFO - Started process (PID=6456) to work on /opt/airflow/dags/prod/airbyte_to_dbt_prod.py
[2026-08-30T16:15:52.075+0000] {processor.py:914} INFO - Processing file /opt/airflow/dags/prod/airbyte_to_dbt_prod.py for tasks to queue
[2026-08-30T16:15:52.079+0000] {logging_mixin.py:190} INFO - [2026-08-30T16:15:52.078+0000] {dagbag.py:588} INFO - Filling up the DagBag from /opt/airflow/dags/prod/airbyte_to_dbt_prod.py
[2026-08-30T16:15:52.122+0000] {processor.py:925} INFO - DAG(s) 'airbyte_to_dbt_pipeline_prod' retrieved from /opt/airflow/dags/prod/airbyte_to_dbt_prod.py
[2026-08-30T16:15:52.235+0000] {logging_mixin.py:190} INFO - [2026-08-30T16:15:52.235+0000] {dag.py:3239} INFO - Sync 1 DAGs
[2026-08-30T16:15:52.289+0000] {logging_mixin.py:190} INFO - [2026-08-30T16:15:52.288+0000] {dag.py:4180} INFO - Setting next_dagrun for airbyte_to_dbt_pipeline_prod to 2026-08-30 15:00:00+00:00, run_after=2026-08-30 16:00:00+00:00
[2026-08-30T16:15:52.317+0000] {processor.py:208} INFO - Processing /opt/airflow/dags/prod/airbyte_to_dbt_prod.py took 0.254 seconds
[2026-08-30T16:16:22.805+0000] {processor.py:186} INFO - Started process (PID=6464) to work on /opt/airflow/dags/prod/airbyte_to_dbt_prod.py
[2026-08-30T16:16:22.810+0000] {processor.py:914} INFO - Processing file /opt/airflow/dags/prod/airbyte_to_dbt_prod.py for tasks to queue
[2026-08-30T16:16:22.972+0000] {logging_mixin.py:190} INFO - [2026-08-30T16:16:22.957+0000] {dagbag.py:588} INFO - Filling up the DagBag from /opt/airflow/dags/prod/airbyte_to_dbt_prod.py
[2026-08-30T16:16:23.384+0000] {processor.py:925} INFO - DAG(s) 'airbyte_to_dbt_pipeline_prod' retrieved from /opt/airflow/dags/prod/airbyte_to_dbt_prod.py
[2026-08-30T16:16:23.601+0000] {logging_mixin.py:190} INFO - [2026-08-30T16:16:23.601+0000] {dag.py:3239} INFO - Sync 1 DAGs
[2026-08-30T16:16:23.792+0000] {logging_mixin.py:190} INFO - [2026-08-30T16:16:23.791+0000] {dag.py:4180} INFO - Setting next_dagrun for airbyte_to_dbt_pipeline_prod to 2026-08-30 15:00:00+00:00, run_after=2026-08-30 16:00:00+00:00
[2026-08-30T16:16:23.817+0000] {processor.py:208} INFO - Processing /opt/airflow/dags/prod/airbyte_to_dbt_prod.py took 1.156 seconds
[2026-08-30T16:16:54.136+0000] {processor.py:186} INFO - Started process (PID=6475) to work on /opt/airflow/dags/prod/airbyte_to_dbt_prod.py
[2026-08-30T16:16:54.141+0000] {processor.py:914} INFO - Processing file /opt/airflow/dags/prod/airbyte_to_dbt_prod.py for tasks to queue
[2026-08-30T16:16:54.171+0000] {logging_mixin.py:190} INFO - [2026-08-30T16:16:54.164+0000] {dagbag.py:588} INFO - Filling up the DagBag from /opt/airflow/dags/prod/airbyte_to_dbt_prod.py
[2026-08-30T16:16:54.514+0000] {processor.py:925} INFO - DAG(s) 'airbyte_to_dbt_pipeline_prod' retrieved from /opt/airflow/dags/prod/airbyte_to_dbt_prod.py
[2026-08-30T16:16:56.241+0000] {logging_mixin.py:190} INFO - [2026-08-30T16:16:56.240+0000] {dag.py:3239} INFO - Sync 1 DAGs
[2026-08-30T16:16:56.284+0000] {logging_mixin.py:190} INFO - [2026-08-30T16:16:56.283+0000] {dag.py:4180} INFO - Setting next_dagrun for airbyte_to_dbt_pipeline_prod to 2026-08-30 15:00:00+00:00, run_after=2026-08-30 16:00:00+00:00
[2026-08-30T16:16:56.363+0000] {processor.py:208} INFO - Processing /opt/airflow/dags/prod/airbyte_to_dbt_prod.py took 2.339 seconds
[2026-08-30T16:17:26.661+0000] {processor.py:186} INFO - Started process (PID=6484) to work on /opt/airflow/dags/prod/airbyte_to_dbt_prod.py
[2026-08-30T16:17:26.663+0000] {processor.py:914} INFO - Processing file /opt/airflow/dags/prod/airbyte_to_dbt_prod.py for tasks to queue
[2026-08-30T16:17:26.671+0000] {logging_mixin.py:190} INFO - [2026-08-30T16:17:26.670+0000] {dagbag.py:588} INFO - Filling up the DagBag from /opt/airflow/dags/prod/airbyte_to_dbt_prod.py
[2026-08-30T16:17:26.700+0000] {processor.py:925} INFO - DAG(s) 'airbyte_to_dbt_pipeline_prod' retrieved from /opt/airflow/dags/prod/airbyte_to_dbt_prod.py
[2026-08-30T16:17:26.774+0000] {logging_mixin.py:190} INFO - [2026-08-30T16:17:26.773+0000] {dag.py:3239} INFO - Sync 1 DAGs
[2026-08-30T16:17:26.833+0000] {logging_mixin.py:190} INFO - [2026-08-30T16:17:26.833+0000] {dag.py:4180} INFO - Setting next_dagrun for airbyte_to_dbt_pipeline_prod to 2026-08-30 15:00:00+00:00, run_after=2026-08-30 16:00:00+00:00
[2026-08-30T16:17:26.870+0000] {processor.py:208} INFO - Processing /opt/airflow/dags/prod/airbyte_to_dbt_prod.py took 0.239 seconds
[2026-08-30T16:17:57.146+0000] {processor.py:186} INFO - Started process (PID=6496) to work on /opt/airflow/dags/prod/airbyte_to_dbt_prod.py
[2026-08-30T16:17:57.149+0000] {processor.py:914} INFO - Processing file /opt/airflow/dags/prod/airbyte_to_dbt_prod.py for tasks to queue
[2026-08-30T16:17:57.153+0000] {logging_mixin.py:190} INFO - [2026-08-30T16:17:57.152+0000] {dagbag.py:588} INFO - Filling up the DagBag from /opt/airflow/dags/prod/airbyte_to_dbt_prod.py
[2026-08-30T16:17:57.220+0000] {processor.py:925} INFO - DAG(s) 'airbyte_to_dbt_pipeline_prod' retrieved from /opt/airflow/dags/prod/airbyte_to_dbt_prod.py
[2026-08-30T16:17:57.447+0000] {logging_mixin.py:190} INFO - [2026-08-30T16:17:57.447+0000] {dag.py:3239} INFO - Sync 1 DAGs
[2026-08-30T16:17:57.645+0000] {logging_mixin.py:190} INFO - [2026-08-30T16:17:57.645+0000] {dag.py:4180} INFO - Setting next_dagrun for airbyte_to_dbt_pipeline_prod to 2026-08-30 15:00:00+00:00, run_after=2026-08-30 16:00:00+00:00
[2026-08-30T16:17:57.670+0000] {processor.py:208} INFO - Processing /opt/airflow/dags/prod/airbyte_to_dbt_prod.py took 0.587 seconds
[2026-08-30T16:18:27.920+0000] {processor.py:186} INFO - Started process (PID=6506) to work on /opt/airflow/dags/prod/airbyte_to_dbt_prod.py
[2026-08-30T16:18:27.922+0000] {processor.py:914} INFO - Processing file /opt/airflow/dags/prod/airbyte_to_dbt_prod.py for tasks to queue
[2026-08-30T16:18:27.928+0000] {logging_mixin.py:190} INFO - [2026-08-30T16:18:27.927+0000] {dagbag.py:588} INFO - Filling up the DagBag from /opt/airflow/dags/prod/airbyte_to_dbt_prod.py
[2026-08-30T16:18:27.965+0000] {processor.py:925} INFO - DAG(s) 'airbyte_to_dbt_pipeline_prod' retrieved from /opt/airflow/dags/prod/airbyte_to_dbt_prod.py
[2026-08-30T16:18:28.045+0000] {logging_mixin.py:190} INFO - [2026-08-30T16:18:28.045+0000] {dag.py:3239} INFO - Sync 1 DAGs
[2026-08-30T16:18:28.098+0000] {logging_mixin.py:190} INFO - [2026-08-30T16:18:28.098+0000] {dag.py:4180} INFO - Setting next_dagrun for airbyte_to_dbt_pipeline_prod to 2026-08-30 15:00:00+00:00, run_after=2026-08-30 16:00:00+00:00
[2026-08-30T16:18:28.126+0000] {processor.py:208} INFO - Processing /opt/airflow/dags/prod/airbyte_to_dbt_prod.py took 0.218 seconds
