[2026-08-28T09:53:28.477+0000] {processor.py:186} INFO - Started process (PID=165) to work on /opt/airflow/dags/prod/airbyte_to_dbt_prod.py
[2026-08-28T09:53:28.478+0000] {processor.py:914} INFO - Processing file /opt/airflow/dags/prod/airbyte_to_dbt_prod.py for tasks to queue
[2026-08-28T09:53:28.481+0000] {logging_mixin.py:190} INFO - [2026-08-28T09:53:28.481+0000] {dagbag.py:588} INFO - Filling up the DagBag from /opt/airflow/dags/prod/airbyte_to_dbt_prod.py
[2026-08-28T09:53:28.604+0000] {processor.py:925} INFO - DAG(s) 'airbyte_to_dbt_pipeline_prod' retrieved from /opt/airflow/dags/prod/airbyte_to_dbt_prod.py
[2026-08-28T09:53:28.736+0000] {logging_mixin.py:190} INFO - [2026-08-28T09:53:28.734+0000] {dag.py:3239} INFO - Sync 1 DAGs
[2026-08-28T09:53:28.928+0000] {logging_mixin.py:190} INFO - [2026-08-28T09:53:28.928+0000] {dag.py:4180} INFO - Setting next_dagrun for airbyte_to_dbt_pipeline_prod to 2026-08-28 08:00:00+00:00, run_after=2026-08-28 09:00:00+00:00
[2026-08-28T09:53:28.978+0000] {processor.py:208} INFO - Processing /opt/airflow/dags/prod/airbyte_to_dbt_prod.py took 0.511 seconds
[2026-08-28T09:53:59.190+0000] {processor.py:186} INFO - Started process (PID=176) to work on /opt/airflow/dags/prod/airbyte_to_dbt_prod.py
[2026-08-28T09:53:59.196+0000] {processor.py:914} INFO - Processing file /opt/airflow/dags/prod/airbyte_to_dbt_prod.py for tasks to queue
[2026-08-28T09:53:59.199+0000] {logging_mixin.py:190} INFO - [2026-08-28T09:53:59.199+0000] {dagbag.py:588} INFO - Filling up the DagBag from /opt/airflow/dags/prod/airbyte_to_dbt_prod.py
[2026-08-28T09:53:59.253+0000] {processor.py:925} INFO - DAG(s) 'airbyte_to_dbt_pipeline_prod' retrieved from /opt/airflow/dags/prod/airbyte_to_dbt_prod.py
[2026-08-28T09:53:59.323+0000] {logging_mixin.py:190} INFO - [2026-08-28T09:53:59.323+0000] {dag.py:3239} INFO - Sync 1 DAGs
[2026-08-28T09:53:59.373+0000] {logging_mixin.py:190} INFO - [2026-08-28T09:53:59.373+0000] {dag.py:4180} INFO - Setting next_dagrun for airbyte_to_dbt_pipeline_prod to 2026-08-28 08:00:00+00:00, run_after=2026-08-28 09:00:00+00:00
[2026-08-28T09:53:59.414+0000] {processor.py:208} INFO - Processing /opt/airflow/dags/prod/airbyte_to_dbt_prod.py took 0.233 seconds
[2026-08-28T09:54:29.683+0000] {processor.py:186} INFO - Started process (PID=186) to work on /opt/airflow/dags/prod/airbyte_to_dbt_prod.py
[2026-08-28T09:54:29.684+0000] {processor.py:914} INFO - Processing file /opt/airflow/dags/prod/airbyte_to_dbt_prod.py for tasks to queue
[2026-08-28T09:54:29.687+0000] {logging_mixin.py:190} INFO - [2026-08-28T09:54:29.686+0000] {dagbag.py:588} INFO - Filling up the DagBag from /opt/airflow/dags/prod/airbyte_to_dbt_prod.py
[2026-08-28T09:54:29.710+0000] {processor.py:925} INFO - DAG(s) 'airbyte_to_dbt_pipeline_prod' retrieved from /opt/airflow/dags/prod/airbyte_to_dbt_prod.py
[2026-08-28T09:54:29.749+0000] {logging_mixin.py:190} INFO - [2026-08-28T09:54:29.749+0000] {dag.py:3239} INFO - Sync 1 DAGs
[2026-08-28T09:54:29.781+0000] {logging_mixin.py:190} INFO - [2026-08-28T09:54:29.781+0000] {dag.py:4180} INFO - Setting next_dagrun for airbyte_to_dbt_pipeline_prod to 2026-08-28 08:00:00+00:00, run_after=2026-08-28 09:00:00+00:00
[2026-08-28T09:54:29.803+0000] {processor.py:208} INFO - Processing /opt/airflow/dags/prod/airbyte_to_dbt_prod.py took 0.129 seconds
[2026-08-28T09:55:00.012+0000] {processor.py:186} INFO - Started process (PID=196) to work on /opt/airflow/dags/prod/airbyte_to_dbt_prod.py
[2026-08-28T09:55:00.014+0000] {processor.py:914} INFO - Processing file /opt/airflow/dags/prod/airbyte_to_dbt_prod.py for tasks to queue
[2026-08-28T09:55:00.016+0000] {logging_mixin.py:190} INFO - [2026-08-28T09:55:00.016+0000] {dagbag.py:588} INFO - Filling up the DagBag from /opt/airflow/dags/prod/airbyte_to_dbt_prod.py
[2026-08-28T09:55:00.041+0000] {processor.py:925} INFO - DAG(s) 'airbyte_to_dbt_pipeline_prod' retrieved from /opt/airflow/dags/prod/airbyte_to_dbt_prod.py
[2026-08-28T09:55:00.092+0000] {logging_mixin.py:190} INFO - [2026-08-28T09:55:00.092+0000] {dag.py:3239} INFO - Sync 1 DAGs
[2026-08-28T09:55:00.134+0000] {logging_mixin.py:190} INFO - [2026-08-28T09:55:00.133+0000] {dag.py:4180} INFO - Setting next_dagrun for airbyte_to_dbt_pipeline_prod to 2026-08-28 08:00:00+00:00, run_after=2026-08-28 09:00:00+00:00
[2026-08-28T09:55:00.168+0000] {processor.py:208} INFO - Processing /opt/airflow/dags/prod/airbyte_to_dbt_prod.py took 0.165 seconds
[2026-08-28T09:55:30.741+0000] {processor.py:186} INFO - Started process (PID=204) to work on /opt/airflow/dags/prod/airbyte_to_dbt_prod.py
[2026-08-28T09:55:30.744+0000] {processor.py:914} INFO - Processing file /opt/airflow/dags/prod/airbyte_to_dbt_prod.py for tasks to queue
[2026-08-28T09:55:30.974+0000] {logging_mixin.py:190} INFO - [2026-08-28T09:55:30.949+0000] {dagbag.py:588} INFO - Filling up the DagBag from /opt/airflow/dags/prod/airbyte_to_dbt_prod.py
[2026-08-28T09:55:32.459+0000] {processor.py:925} INFO - DAG(s) 'airbyte_to_dbt_pipeline_prod' retrieved from /opt/airflow/dags/prod/airbyte_to_dbt_prod.py
[2026-08-28T09:55:33.090+0000] {logging_mixin.py:190} INFO - [2026-08-28T09:55:33.090+0000] {dag.py:3239} INFO - Sync 1 DAGs
[2026-08-28T09:55:33.403+0000] {logging_mixin.py:190} INFO - [2026-08-28T09:55:33.403+0000] {dag.py:4180} INFO - Setting next_dagrun for airbyte_to_dbt_pipeline_prod to 2026-08-28 08:00:00+00:00, run_after=2026-08-28 09:00:00+00:00
[2026-08-28T09:55:33.453+0000] {processor.py:208} INFO - Processing /opt/airflow/dags/prod/airbyte_to_dbt_prod.py took 2.867 seconds
[2026-08-28T09:56:03.964+0000] {processor.py:186} INFO - Started process (PID=214) to work on /opt/airflow/dags/prod/airbyte_to_dbt_prod.py
[2026-08-28T09:56:03.966+0000] {processor.py:914} INFO - Processing file /opt/airflow/dags/prod/airbyte_to_dbt_prod.py for tasks to queue
[2026-08-28T09:56:04.032+0000] {logging_mixin.py:190} INFO - [2026-08-28T09:56:04.020+0000] {dagbag.py:588} INFO - Filling up the DagBag from /opt/airflow/dags/prod/airbyte_to_dbt_prod.py
[2026-08-28T09:56:04.301+0000] {processor.py:925} INFO - DAG(s) 'airbyte_to_dbt_pipeline_prod' retrieved from /opt/airflow/dags/prod/airbyte_to_dbt_prod.py
[2026-08-28T09:56:04.538+0000] {logging_mixin.py:190} INFO - [2026-08-28T09:56:04.538+0000] {dag.py:3239} INFO - Sync 1 DAGs
[2026-08-28T09:56:04.656+0000] {logging_mixin.py:190} INFO - [2026-08-28T09:56:04.656+0000] {dag.py:4180} INFO - Setting next_dagrun for airbyte_to_dbt_pipeline_prod to 2026-08-28 08:00:00+00:00, run_after=2026-08-28 09:00:00+00:00
[2026-08-28T09:56:04.699+0000] {processor.py:208} INFO - Processing /opt/airflow/dags/prod/airbyte_to_dbt_prod.py took 0.856 seconds
[2026-08-28T09:56:34.886+0000] {processor.py:186} INFO - Started process (PID=224) to work on /opt/airflow/dags/prod/airbyte_to_dbt_prod.py
[2026-08-28T09:56:34.888+0000] {processor.py:914} INFO - Processing file /opt/airflow/dags/prod/airbyte_to_dbt_prod.py for tasks to queue
[2026-08-28T09:56:34.904+0000] {logging_mixin.py:190} INFO - [2026-08-28T09:56:34.904+0000] {dagbag.py:588} INFO - Filling up the DagBag from /opt/airflow/dags/prod/airbyte_to_dbt_prod.py
[2026-08-28T09:56:34.987+0000] {processor.py:925} INFO - DAG(s) 'airbyte_to_dbt_pipeline_prod' retrieved from /opt/airflow/dags/prod/airbyte_to_dbt_prod.py
[2026-08-28T09:56:35.101+0000] {logging_mixin.py:190} INFO - [2026-08-28T09:56:35.100+0000] {dag.py:3239} INFO - Sync 1 DAGs
[2026-08-28T09:56:35.202+0000] {logging_mixin.py:190} INFO - [2026-08-28T09:56:35.201+0000] {dag.py:4180} INFO - Setting next_dagrun for airbyte_to_dbt_pipeline_prod to 2026-08-28 08:00:00+00:00, run_after=2026-08-28 09:00:00+00:00
[2026-08-28T09:56:35.233+0000] {processor.py:208} INFO - Processing /opt/airflow/dags/prod/airbyte_to_dbt_prod.py took 0.387 seconds
[2026-08-28T09:57:05.418+0000] {processor.py:186} INFO - Started process (PID=236) to work on /opt/airflow/dags/prod/airbyte_to_dbt_prod.py
[2026-08-28T09:57:05.419+0000] {processor.py:914} INFO - Processing file /opt/airflow/dags/prod/airbyte_to_dbt_prod.py for tasks to queue
[2026-08-28T09:57:05.423+0000] {logging_mixin.py:190} INFO - [2026-08-28T09:57:05.422+0000] {dagbag.py:588} INFO - Filling up the DagBag from /opt/airflow/dags/prod/airbyte_to_dbt_prod.py
[2026-08-28T09:57:05.447+0000] {processor.py:925} INFO - DAG(s) 'airbyte_to_dbt_pipeline_prod' retrieved from /opt/airflow/dags/prod/airbyte_to_dbt_prod.py
[2026-08-28T09:57:05.500+0000] {logging_mixin.py:190} INFO - [2026-08-28T09:57:05.500+0000] {dag.py:3239} INFO - Sync 1 DAGs
[2026-08-28T09:57:05.530+0000] {logging_mixin.py:190} INFO - [2026-08-28T09:57:05.530+0000] {dag.py:4180} INFO - Setting next_dagrun for airbyte_to_dbt_pipeline_prod to 2026-08-28 08:00:00+00:00, run_after=2026-08-28 09:00:00+00:00
[2026-08-28T09:57:05.551+0000] {processor.py:208} INFO - Processing /opt/airflow/dags/prod/airbyte_to_dbt_prod.py took 0.145 seconds
[2026-08-28T09:57:35.715+0000] {processor.py:186} INFO - Started process (PID=246) to work on /opt/airflow/dags/prod/airbyte_to_dbt_prod.py
[2026-08-28T09:57:35.716+0000] {processor.py:914} INFO - Processing file /opt/airflow/dags/prod/airbyte_to_dbt_prod.py for tasks to queue
[2026-08-28T09:57:35.719+0000] {logging_mixin.py:190} INFO - [2026-08-28T09:57:35.718+0000] {dagbag.py:588} INFO - Filling up the DagBag from /opt/airflow/dags/prod/airbyte_to_dbt_prod.py
[2026-08-28T09:57:35.740+0000] {processor.py:925} INFO - DAG(s) 'airbyte_to_dbt_pipeline_prod' retrieved from /opt/airflow/dags/prod/airbyte_to_dbt_prod.py
[2026-08-28T09:57:35.783+0000] {logging_mixin.py:190} INFO - [2026-08-28T09:57:35.783+0000] {dag.py:3239} INFO - Sync 1 DAGs
[2026-08-28T09:57:35.816+0000] {logging_mixin.py:190} INFO - [2026-08-28T09:57:35.815+0000] {dag.py:4180} INFO - Setting next_dagrun for airbyte_to_dbt_pipeline_prod to 2026-08-28 08:00:00+00:00, run_after=2026-08-28 09:00:00+00:00
[2026-08-28T09:57:35.839+0000] {processor.py:208} INFO - Processing /opt/airflow/dags/prod/airbyte_to_dbt_prod.py took 0.134 seconds
[2026-08-28T09:58:06.002+0000] {processor.py:186} INFO - Started process (PID=256) to work on /opt/airflow/dags/prod/airbyte_to_dbt_prod.py
[2026-08-28T09:58:06.004+0000] {processor.py:914} INFO - Processing file /opt/airflow/dags/prod/airbyte_to_dbt_prod.py for tasks to queue
[2026-08-28T09:58:06.007+0000] {logging_mixin.py:190} INFO - [2026-08-28T09:58:06.007+0000] {dagbag.py:588} INFO - Filling up the DagBag from /opt/airflow/dags/prod/airbyte_to_dbt_prod.py
[2026-08-28T09:58:06.036+0000] {processor.py:925} INFO - DAG(s) 'airbyte_to_dbt_pipeline_prod' retrieved from /opt/airflow/dags/prod/airbyte_to_dbt_prod.py
[2026-08-28T09:58:06.079+0000] {logging_mixin.py:190} INFO - [2026-08-28T09:58:06.079+0000] {dag.py:3239} INFO - Sync 1 DAGs
[2026-08-28T09:58:06.111+0000] {logging_mixin.py:190} INFO - [2026-08-28T09:58:06.111+0000] {dag.py:4180} INFO - Setting next_dagrun for airbyte_to_dbt_pipeline_prod to 2026-08-28 08:00:00+00:00, run_after=2026-08-28 09:00:00+00:00
[2026-08-28T09:58:06.135+0000] {processor.py:208} INFO - Processing /opt/airflow/dags/prod/airbyte_to_dbt_prod.py took 0.144 seconds
[2026-08-28T09:58:36.362+0000] {processor.py:186} INFO - Started process (PID=266) to work on /opt/airflow/dags/prod/airbyte_to_dbt_prod.py
[2026-08-28T09:58:36.363+0000] {processor.py:914} INFO - Processing file /opt/airflow/dags/prod/airbyte_to_dbt_prod.py for tasks to queue
[2026-08-28T09:58:36.366+0000] {logging_mixin.py:190} INFO - [2026-08-28T09:58:36.366+0000] {dagbag.py:588} INFO - Filling up the DagBag from /opt/airflow/dags/prod/airbyte_to_dbt_prod.py
[2026-08-28T09:58:36.389+0000] {processor.py:925} INFO - DAG(s) 'airbyte_to_dbt_pipeline_prod' retrieved from /opt/airflow/dags/prod/airbyte_to_dbt_prod.py
[2026-08-28T09:58:36.443+0000] {logging_mixin.py:190} INFO - [2026-08-28T09:58:36.443+0000] {dag.py:3239} INFO - Sync 1 DAGs
[2026-08-28T09:58:36.478+0000] {logging_mixin.py:190} INFO - [2026-08-28T09:58:36.478+0000] {dag.py:4180} INFO - Setting next_dagrun for airbyte_to_dbt_pipeline_prod to 2026-08-28 08:00:00+00:00, run_after=2026-08-28 09:00:00+00:00
[2026-08-28T09:58:36.503+0000] {processor.py:208} INFO - Processing /opt/airflow/dags/prod/airbyte_to_dbt_prod.py took 0.149 seconds
[2026-08-28T09:59:06.691+0000] {processor.py:186} INFO - Started process (PID=276) to work on /opt/airflow/dags/prod/airbyte_to_dbt_prod.py
[2026-08-28T09:59:06.693+0000] {processor.py:914} INFO - Processing file /opt/airflow/dags/prod/airbyte_to_dbt_prod.py for tasks to queue
[2026-08-28T09:59:06.697+0000] {logging_mixin.py:190} INFO - [2026-08-28T09:59:06.696+0000] {dagbag.py:588} INFO - Filling up the DagBag from /opt/airflow/dags/prod/airbyte_to_dbt_prod.py
[2026-08-28T09:59:06.725+0000] {processor.py:925} INFO - DAG(s) 'airbyte_to_dbt_pipeline_prod' retrieved from /opt/airflow/dags/prod/airbyte_to_dbt_prod.py
[2026-08-28T09:59:06.777+0000] {logging_mixin.py:190} INFO - [2026-08-28T09:59:06.777+0000] {dag.py:3239} INFO - Sync 1 DAGs
[2026-08-28T09:59:06.815+0000] {logging_mixin.py:190} INFO - [2026-08-28T09:59:06.815+0000] {dag.py:4180} INFO - Setting next_dagrun for airbyte_to_dbt_pipeline_prod to 2026-08-28 08:00:00+00:00, run_after=2026-08-28 09:00:00+00:00
[2026-08-28T09:59:06.838+0000] {processor.py:208} INFO - Processing /opt/airflow/dags/prod/airbyte_to_dbt_prod.py took 0.157 seconds
[2026-08-28T09:59:37.000+0000] {processor.py:186} INFO - Started process (PID=286) to work on /opt/airflow/dags/prod/airbyte_to_dbt_prod.py
[2026-08-28T09:59:37.002+0000] {processor.py:914} INFO - Processing file /opt/airflow/dags/prod/airbyte_to_dbt_prod.py for tasks to queue
[2026-08-28T09:59:37.005+0000] {logging_mixin.py:190} INFO - [2026-08-28T09:59:37.005+0000] {dagbag.py:588} INFO - Filling up the DagBag from /opt/airflow/dags/prod/airbyte_to_dbt_prod.py
[2026-08-28T09:59:37.035+0000] {processor.py:925} INFO - DAG(s) 'airbyte_to_dbt_pipeline_prod' retrieved from /opt/airflow/dags/prod/airbyte_to_dbt_prod.py
[2026-08-28T09:59:37.077+0000] {logging_mixin.py:190} INFO - [2026-08-28T09:59:37.077+0000] {dag.py:3239} INFO - Sync 1 DAGs
[2026-08-28T09:59:37.105+0000] {logging_mixin.py:190} INFO - [2026-08-28T09:59:37.105+0000] {dag.py:4180} INFO - Setting next_dagrun for airbyte_to_dbt_pipeline_prod to 2026-08-28 08:00:00+00:00, run_after=2026-08-28 09:00:00+00:00
[2026-08-28T09:59:37.130+0000] {processor.py:208} INFO - Processing /opt/airflow/dags/prod/airbyte_to_dbt_prod.py took 0.141 seconds
[2026-08-28T10:00:07.292+0000] {processor.py:186} INFO - Started process (PID=296) to work on /opt/airflow/dags/prod/airbyte_to_dbt_prod.py
[2026-08-28T10:00:07.294+0000] {processor.py:914} INFO - Processing file /opt/airflow/dags/prod/airbyte_to_dbt_prod.py for tasks to queue
[2026-08-28T10:00:07.298+0000] {logging_mixin.py:190} INFO - [2026-08-28T10:00:07.297+0000] {dagbag.py:588} INFO - Filling up the DagBag from /opt/airflow/dags/prod/airbyte_to_dbt_prod.py
[2026-08-28T10:00:07.327+0000] {processor.py:925} INFO - DAG(s) 'airbyte_to_dbt_pipeline_prod' retrieved from /opt/airflow/dags/prod/airbyte_to_dbt_prod.py
[2026-08-28T10:00:07.379+0000] {logging_mixin.py:190} INFO - [2026-08-28T10:00:07.378+0000] {dag.py:3239} INFO - Sync 1 DAGs
[2026-08-28T10:00:07.417+0000] {logging_mixin.py:190} INFO - [2026-08-28T10:00:07.417+0000] {dag.py:4180} INFO - Setting next_dagrun for airbyte_to_dbt_pipeline_prod to 2026-08-28 09:00:00+00:00, run_after=2026-08-28 10:00:00+00:00
[2026-08-28T10:00:07.440+0000] {processor.py:208} INFO - Processing /opt/airflow/dags/prod/airbyte_to_dbt_prod.py took 0.159 seconds
[2026-08-28T10:00:37.612+0000] {processor.py:186} INFO - Started process (PID=306) to work on /opt/airflow/dags/prod/airbyte_to_dbt_prod.py
[2026-08-28T10:00:37.613+0000] {processor.py:914} INFO - Processing file /opt/airflow/dags/prod/airbyte_to_dbt_prod.py for tasks to queue
[2026-08-28T10:00:37.616+0000] {logging_mixin.py:190} INFO - [2026-08-28T10:00:37.616+0000] {dagbag.py:588} INFO - Filling up the DagBag from /opt/airflow/dags/prod/airbyte_to_dbt_prod.py
[2026-08-28T10:00:37.639+0000] {processor.py:925} INFO - DAG(s) 'airbyte_to_dbt_pipeline_prod' retrieved from /opt/airflow/dags/prod/airbyte_to_dbt_prod.py
[2026-08-28T10:00:37.675+0000] {logging_mixin.py:190} INFO - [2026-08-28T10:00:37.675+0000] {dag.py:3239} INFO - Sync 1 DAGs
[2026-08-28T10:00:37.702+0000] {logging_mixin.py:190} INFO - [2026-08-28T10:00:37.702+0000] {dag.py:4180} INFO - Setting next_dagrun for airbyte_to_dbt_pipeline_prod to 2026-08-28 09:00:00+00:00, run_after=2026-08-28 10:00:00+00:00
[2026-08-28T10:00:37.722+0000] {processor.py:208} INFO - Processing /opt/airflow/dags/prod/airbyte_to_dbt_prod.py took 0.118 seconds
[2026-08-28T10:01:07.886+0000] {processor.py:186} INFO - Started process (PID=316) to work on /opt/airflow/dags/prod/airbyte_to_dbt_prod.py
[2026-08-28T10:01:07.887+0000] {processor.py:914} INFO - Processing file /opt/airflow/dags/prod/airbyte_to_dbt_prod.py for tasks to queue
[2026-08-28T10:01:07.890+0000] {logging_mixin.py:190} INFO - [2026-08-28T10:01:07.890+0000] {dagbag.py:588} INFO - Filling up the DagBag from /opt/airflow/dags/prod/airbyte_to_dbt_prod.py
[2026-08-28T10:01:07.912+0000] {processor.py:925} INFO - DAG(s) 'airbyte_to_dbt_pipeline_prod' retrieved from /opt/airflow/dags/prod/airbyte_to_dbt_prod.py
[2026-08-28T10:01:07.964+0000] {logging_mixin.py:190} INFO - [2026-08-28T10:01:07.964+0000] {dag.py:3239} INFO - Sync 1 DAGs
[2026-08-28T10:01:08.001+0000] {logging_mixin.py:190} INFO - [2026-08-28T10:01:08.001+0000] {dag.py:4180} INFO - Setting next_dagrun for airbyte_to_dbt_pipeline_prod to 2026-08-28 09:00:00+00:00, run_after=2026-08-28 10:00:00+00:00
[2026-08-28T10:01:08.024+0000] {processor.py:208} INFO - Processing /opt/airflow/dags/prod/airbyte_to_dbt_prod.py took 0.146 seconds
[2026-08-28T10:01:38.175+0000] {processor.py:186} INFO - Started process (PID=326) to work on /opt/airflow/dags/prod/airbyte_to_dbt_prod.py
[2026-08-28T10:01:38.176+0000] {processor.py:914} INFO - Processing file /opt/airflow/dags/prod/airbyte_to_dbt_prod.py for tasks to queue
[2026-08-28T10:01:38.179+0000] {logging_mixin.py:190} INFO - [2026-08-28T10:01:38.179+0000] {dagbag.py:588} INFO - Filling up the DagBag from /opt/airflow/dags/prod/airbyte_to_dbt_prod.py
[2026-08-28T10:01:38.200+0000] {processor.py:925} INFO - DAG(s) 'airbyte_to_dbt_pipeline_prod' retrieved from /opt/airflow/dags/prod/airbyte_to_dbt_prod.py
[2026-08-28T10:01:38.252+0000] {logging_mixin.py:190} INFO - [2026-08-28T10:01:38.252+0000] {dag.py:3239} INFO - Sync 1 DAGs
[2026-08-28T10:01:38.287+0000] {logging_mixin.py:190} INFO - [2026-08-28T10:01:38.287+0000] {dag.py:4180} INFO - Setting next_dagrun for airbyte_to_dbt_pipeline_prod to 2026-08-28 09:00:00+00:00, run_after=2026-08-28 10:00:00+00:00
[2026-08-28T10:01:38.312+0000] {processor.py:208} INFO - Processing /opt/airflow/dags/prod/airbyte_to_dbt_prod.py took 0.146 seconds
[2026-08-28T10:02:08.476+0000] {processor.py:186} INFO - Started process (PID=336) to work on /opt/airflow/dags/prod/airbyte_to_dbt_prod.py
[2026-08-28T10:02:08.477+0000] {processor.py:914} INFO - Processing file /opt/airflow/dags/prod/airbyte_to_dbt_prod.py for tasks to queue
[2026-08-28T10:02:08.480+0000] {logging_mixin.py:190} INFO - [2026-08-28T10:02:08.479+0000] {dagbag.py:588} INFO - Filling up the DagBag from /opt/airflow/dags/prod/airbyte_to_dbt_prod.py
[2026-08-28T10:02:08.502+0000] {processor.py:925} INFO - DAG(s) 'airbyte_to_dbt_pipeline_prod' retrieved from /opt/airflow/dags/prod/airbyte_to_dbt_prod.py
[2026-08-28T10:02:08.554+0000] {logging_mixin.py:190} INFO - [2026-08-28T10:02:08.554+0000] {dag.py:3239} INFO - Sync 1 DAGs
[2026-08-28T10:02:08.591+0000] {logging_mixin.py:190} INFO - [2026-08-28T10:02:08.591+0000] {dag.py:4180} INFO - Setting next_dagrun for airbyte_to_dbt_pipeline_prod to 2026-08-28 09:00:00+00:00, run_after=2026-08-28 10:00:00+00:00
[2026-08-28T10:02:08.615+0000] {processor.py:208} INFO - Processing /opt/airflow/dags/prod/airbyte_to_dbt_prod.py took 0.148 seconds
[2026-08-28T10:02:38.775+0000] {processor.py:186} INFO - Started process (PID=346) to work on /opt/airflow/dags/prod/airbyte_to_dbt_prod.py
[2026-08-28T10:02:38.776+0000] {processor.py:914} INFO - Processing file /opt/airflow/dags/prod/airbyte_to_dbt_prod.py for tasks to queue
[2026-08-28T10:02:38.778+0000] {logging_mixin.py:190} INFO - [2026-08-28T10:02:38.778+0000] {dagbag.py:588} INFO - Filling up the DagBag from /opt/airflow/dags/prod/airbyte_to_dbt_prod.py
[2026-08-28T10:02:38.799+0000] {processor.py:925} INFO - DAG(s) 'airbyte_to_dbt_pipeline_prod' retrieved from /opt/airflow/dags/prod/airbyte_to_dbt_prod.py
[2026-08-28T10:02:38.850+0000] {logging_mixin.py:190} INFO - [2026-08-28T10:02:38.850+0000] {dag.py:3239} INFO - Sync 1 DAGs
[2026-08-28T10:02:38.883+0000] {logging_mixin.py:190} INFO - [2026-08-28T10:02:38.883+0000] {dag.py:4180} INFO - Setting next_dagrun for airbyte_to_dbt_pipeline_prod to 2026-08-28 09:00:00+00:00, run_after=2026-08-28 10:00:00+00:00
[2026-08-28T10:02:38.906+0000] {processor.py:208} INFO - Processing /opt/airflow/dags/prod/airbyte_to_dbt_prod.py took 0.139 seconds
[2026-08-28T10:03:09.071+0000] {processor.py:186} INFO - Started process (PID=356) to work on /opt/airflow/dags/prod/airbyte_to_dbt_prod.py
[2026-08-28T10:03:09.072+0000] {processor.py:914} INFO - Processing file /opt/airflow/dags/prod/airbyte_to_dbt_prod.py for tasks to queue
[2026-08-28T10:03:09.075+0000] {logging_mixin.py:190} INFO - [2026-08-28T10:03:09.074+0000] {dagbag.py:588} INFO - Filling up the DagBag from /opt/airflow/dags/prod/airbyte_to_dbt_prod.py
[2026-08-28T10:03:09.095+0000] {processor.py:925} INFO - DAG(s) 'airbyte_to_dbt_pipeline_prod' retrieved from /opt/airflow/dags/prod/airbyte_to_dbt_prod.py
[2026-08-28T10:03:09.135+0000] {logging_mixin.py:190} INFO - [2026-08-28T10:03:09.134+0000] {dag.py:3239} INFO - Sync 1 DAGs
[2026-08-28T10:03:09.163+0000] {logging_mixin.py:190} INFO - [2026-08-28T10:03:09.163+0000] {dag.py:4180} INFO - Setting next_dagrun for airbyte_to_dbt_pipeline_prod to 2026-08-28 09:00:00+00:00, run_after=2026-08-28 10:00:00+00:00
[2026-08-28T10:03:09.188+0000] {processor.py:208} INFO - Processing /opt/airflow/dags/prod/airbyte_to_dbt_prod.py took 0.125 seconds
[2026-08-28T10:03:39.367+0000] {processor.py:186} INFO - Started process (PID=366) to work on /opt/airflow/dags/prod/airbyte_to_dbt_prod.py
[2026-08-28T10:03:39.368+0000] {processor.py:914} INFO - Processing file /opt/airflow/dags/prod/airbyte_to_dbt_prod.py for tasks to queue
[2026-08-28T10:03:39.372+0000] {logging_mixin.py:190} INFO - [2026-08-28T10:03:39.371+0000] {dagbag.py:588} INFO - Filling up the DagBag from /opt/airflow/dags/prod/airbyte_to_dbt_prod.py
[2026-08-28T10:03:39.401+0000] {processor.py:925} INFO - DAG(s) 'airbyte_to_dbt_pipeline_prod' retrieved from /opt/airflow/dags/prod/airbyte_to_dbt_prod.py
[2026-08-28T10:03:39.445+0000] {logging_mixin.py:190} INFO - [2026-08-28T10:03:39.445+0000] {dag.py:3239} INFO - Sync 1 DAGs
[2026-08-28T10:03:39.473+0000] {logging_mixin.py:190} INFO - [2026-08-28T10:03:39.473+0000] {dag.py:4180} INFO - Setting next_dagrun for airbyte_to_dbt_pipeline_prod to 2026-08-28 09:00:00+00:00, run_after=2026-08-28 10:00:00+00:00
[2026-08-28T10:03:39.496+0000] {processor.py:208} INFO - Processing /opt/airflow/dags/prod/airbyte_to_dbt_prod.py took 0.140 seconds
[2026-08-28T10:04:09.650+0000] {processor.py:186} INFO - Started process (PID=376) to work on /opt/airflow/dags/prod/airbyte_to_dbt_prod.py
[2026-08-28T10:04:09.651+0000] {processor.py:914} INFO - Processing file /opt/airflow/dags/prod/airbyte_to_dbt_prod.py for tasks to queue
[2026-08-28T10:04:09.655+0000] {logging_mixin.py:190} INFO - [2026-08-28T10:04:09.654+0000] {dagbag.py:588} INFO - Filling up the DagBag from /opt/airflow/dags/prod/airbyte_to_dbt_prod.py
[2026-08-28T10:04:09.679+0000] {processor.py:925} INFO - DAG(s) 'airbyte_to_dbt_pipeline_prod' retrieved from /opt/airflow/dags/prod/airbyte_to_dbt_prod.py
[2026-08-28T10:04:09.724+0000] {logging_mixin.py:190} INFO - [2026-08-28T10:04:09.723+0000] {dag.py:3239} INFO - Sync 1 DAGs
[2026-08-28T10:04:09.750+0000] {logging_mixin.py:190} INFO - [2026-08-28T10:04:09.750+0000] {dag.py:4180} INFO - Setting next_dagrun for airbyte_to_dbt_pipeline_prod to 2026-08-28 09:00:00+00:00, run_after=2026-08-28 10:00:00+00:00
[2026-08-28T10:04:09.776+0000] {processor.py:208} INFO - Processing /opt/airflow/dags/prod/airbyte_to_dbt_prod.py took 0.134 seconds
[2026-08-28T10:04:39.937+0000] {processor.py:186} INFO - Started process (PID=386) to work on /opt/airflow/dags/prod/airbyte_to_dbt_prod.py
[2026-08-28T10:04:39.938+0000] {processor.py:914} INFO - Processing file /opt/airflow/dags/prod/airbyte_to_dbt_prod.py for tasks to queue
[2026-08-28T10:04:39.941+0000] {logging_mixin.py:190} INFO - [2026-08-28T10:04:39.941+0000] {dagbag.py:588} INFO - Filling up the DagBag from /opt/airflow/dags/prod/airbyte_to_dbt_prod.py
[2026-08-28T10:04:39.970+0000] {processor.py:925} INFO - DAG(s) 'airbyte_to_dbt_pipeline_prod' retrieved from /opt/airflow/dags/prod/airbyte_to_dbt_prod.py
[2026-08-28T10:04:40.008+0000] {logging_mixin.py:190} INFO - [2026-08-28T10:04:40.008+0000] {dag.py:3239} INFO - Sync 1 DAGs
[2026-08-28T10:04:40.043+0000] {logging_mixin.py:190} INFO - [2026-08-28T10:04:40.042+0000] {dag.py:4180} INFO - Setting next_dagrun for airbyte_to_dbt_pipeline_prod to 2026-08-28 09:00:00+00:00, run_after=2026-08-28 10:00:00+00:00
[2026-08-28T10:04:40.063+0000] {processor.py:208} INFO - Processing /opt/airflow/dags/prod/airbyte_to_dbt_prod.py took 0.134 seconds
[2026-08-28T10:05:10.219+0000] {processor.py:186} INFO - Started process (PID=396) to work on /opt/airflow/dags/prod/airbyte_to_dbt_prod.py
[2026-08-28T10:05:10.221+0000] {processor.py:914} INFO - Processing file /opt/airflow/dags/prod/airbyte_to_dbt_prod.py for tasks to queue
[2026-08-28T10:05:10.224+0000] {logging_mixin.py:190} INFO - [2026-08-28T10:05:10.224+0000] {dagbag.py:588} INFO - Filling up the DagBag from /opt/airflow/dags/prod/airbyte_to_dbt_prod.py
[2026-08-28T10:05:10.252+0000] {processor.py:925} INFO - DAG(s) 'airbyte_to_dbt_pipeline_prod' retrieved from /opt/airflow/dags/prod/airbyte_to_dbt_prod.py
[2026-08-28T10:05:11.143+0000] {logging_mixin.py:190} INFO - [2026-08-28T10:05:11.143+0000] {dag.py:3239} INFO - Sync 1 DAGs
[2026-08-28T10:05:11.178+0000] {logging_mixin.py:190} INFO - [2026-08-28T10:05:11.178+0000] {dag.py:4180} INFO - Setting next_dagrun for airbyte_to_dbt_pipeline_prod to 2026-08-28 09:00:00+00:00, run_after=2026-08-28 10:00:00+00:00
[2026-08-28T10:05:11.201+0000] {processor.py:208} INFO - Processing /opt/airflow/dags/prod/airbyte_to_dbt_prod.py took 0.990 seconds
[2026-08-28T10:05:41.373+0000] {processor.py:186} INFO - Started process (PID=406) to work on /opt/airflow/dags/prod/airbyte_to_dbt_prod.py
[2026-08-28T10:05:41.373+0000] {processor.py:914} INFO - Processing file /opt/airflow/dags/prod/airbyte_to_dbt_prod.py for tasks to queue
[2026-08-28T10:05:41.377+0000] {logging_mixin.py:190} INFO - [2026-08-28T10:05:41.376+0000] {dagbag.py:588} INFO - Filling up the DagBag from /opt/airflow/dags/prod/airbyte_to_dbt_prod.py
[2026-08-28T10:05:41.399+0000] {processor.py:925} INFO - DAG(s) 'airbyte_to_dbt_pipeline_prod' retrieved from /opt/airflow/dags/prod/airbyte_to_dbt_prod.py
[2026-08-28T10:05:41.470+0000] {logging_mixin.py:190} INFO - [2026-08-28T10:05:41.470+0000] {dag.py:3239} INFO - Sync 1 DAGs
[2026-08-28T10:05:41.507+0000] {logging_mixin.py:190} INFO - [2026-08-28T10:05:41.506+0000] {dag.py:4180} INFO - Setting next_dagrun for airbyte_to_dbt_pipeline_prod to 2026-08-28 09:00:00+00:00, run_after=2026-08-28 10:00:00+00:00
[2026-08-28T10:05:41.529+0000] {processor.py:208} INFO - Processing /opt/airflow/dags/prod/airbyte_to_dbt_prod.py took 0.166 seconds
[2026-08-28T10:06:11.692+0000] {processor.py:186} INFO - Started process (PID=416) to work on /opt/airflow/dags/prod/airbyte_to_dbt_prod.py
[2026-08-28T10:06:11.694+0000] {processor.py:914} INFO - Processing file /opt/airflow/dags/prod/airbyte_to_dbt_prod.py for tasks to queue
[2026-08-28T10:06:11.698+0000] {logging_mixin.py:190} INFO - [2026-08-28T10:06:11.697+0000] {dagbag.py:588} INFO - Filling up the DagBag from /opt/airflow/dags/prod/airbyte_to_dbt_prod.py
[2026-08-28T10:06:11.743+0000] {processor.py:925} INFO - DAG(s) 'airbyte_to_dbt_pipeline_prod' retrieved from /opt/airflow/dags/prod/airbyte_to_dbt_prod.py
[2026-08-28T10:06:11.790+0000] {logging_mixin.py:190} INFO - [2026-08-28T10:06:11.789+0000] {dag.py:3239} INFO - Sync 1 DAGs
[2026-08-28T10:06:11.825+0000] {logging_mixin.py:190} INFO - [2026-08-28T10:06:11.825+0000] {dag.py:4180} INFO - Setting next_dagrun for airbyte_to_dbt_pipeline_prod to 2026-08-28 09:00:00+00:00, run_after=2026-08-28 10:00:00+00:00
[2026-08-28T10:06:11.849+0000] {processor.py:208} INFO - Processing /opt/airflow/dags/prod/airbyte_to_dbt_prod.py took 0.168 seconds
[2026-08-28T10:06:42.012+0000] {processor.py:186} INFO - Started process (PID=426) to work on /opt/airflow/dags/prod/airbyte_to_dbt_prod.py
[2026-08-28T10:06:42.013+0000] {processor.py:914} INFO - Processing file /opt/airflow/dags/prod/airbyte_to_dbt_prod.py for tasks to queue
[2026-08-28T10:06:42.016+0000] {logging_mixin.py:190} INFO - [2026-08-28T10:06:42.016+0000] {dagbag.py:588} INFO - Filling up the DagBag from /opt/airflow/dags/prod/airbyte_to_dbt_prod.py
[2026-08-28T10:06:42.051+0000] {processor.py:925} INFO - DAG(s) 'airbyte_to_dbt_pipeline_prod' retrieved from /opt/airflow/dags/prod/airbyte_to_dbt_prod.py
[2026-08-28T10:06:42.091+0000] {logging_mixin.py:190} INFO - [2026-08-28T10:06:42.091+0000] {dag.py:3239} INFO - Sync 1 DAGs
[2026-08-28T10:06:42.121+0000] {logging_mixin.py:190} INFO - [2026-08-28T10:06:42.121+0000] {dag.py:4180} INFO - Setting next_dagrun for airbyte_to_dbt_pipeline_prod to 2026-08-28 09:00:00+00:00, run_after=2026-08-28 10:00:00+00:00
[2026-08-28T10:06:42.145+0000] {processor.py:208} INFO - Processing /opt/airflow/dags/prod/airbyte_to_dbt_prod.py took 0.141 seconds
[2026-08-28T10:07:12.331+0000] {processor.py:186} INFO - Started process (PID=436) to work on /opt/airflow/dags/prod/airbyte_to_dbt_prod.py
[2026-08-28T10:07:12.332+0000] {processor.py:914} INFO - Processing file /opt/airflow/dags/prod/airbyte_to_dbt_prod.py for tasks to queue
[2026-08-28T10:07:12.335+0000] {logging_mixin.py:190} INFO - [2026-08-28T10:07:12.334+0000] {dagbag.py:588} INFO - Filling up the DagBag from /opt/airflow/dags/prod/airbyte_to_dbt_prod.py
[2026-08-28T10:07:12.356+0000] {processor.py:925} INFO - DAG(s) 'airbyte_to_dbt_pipeline_prod' retrieved from /opt/airflow/dags/prod/airbyte_to_dbt_prod.py
[2026-08-28T10:07:12.406+0000] {logging_mixin.py:190} INFO - [2026-08-28T10:07:12.406+0000] {dag.py:3239} INFO - Sync 1 DAGs
[2026-08-28T10:07:12.439+0000] {logging_mixin.py:190} INFO - [2026-08-28T10:07:12.439+0000] {dag.py:4180} INFO - Setting next_dagrun for airbyte_to_dbt_pipeline_prod to 2026-08-28 09:00:00+00:00, run_after=2026-08-28 10:00:00+00:00
[2026-08-28T10:07:12.465+0000] {processor.py:208} INFO - Processing /opt/airflow/dags/prod/airbyte_to_dbt_prod.py took 0.142 seconds
[2026-08-28T10:07:42.620+0000] {processor.py:186} INFO - Started process (PID=446) to work on /opt/airflow/dags/prod/airbyte_to_dbt_prod.py
[2026-08-28T10:07:42.621+0000] {processor.py:914} INFO - Processing file /opt/airflow/dags/prod/airbyte_to_dbt_prod.py for tasks to queue
[2026-08-28T10:07:42.623+0000] {logging_mixin.py:190} INFO - [2026-08-28T10:07:42.623+0000] {dagbag.py:588} INFO - Filling up the DagBag from /opt/airflow/dags/prod/airbyte_to_dbt_prod.py
[2026-08-28T10:07:42.645+0000] {processor.py:925} INFO - DAG(s) 'airbyte_to_dbt_pipeline_prod' retrieved from /opt/airflow/dags/prod/airbyte_to_dbt_prod.py
[2026-08-28T10:07:42.689+0000] {logging_mixin.py:190} INFO - [2026-08-28T10:07:42.689+0000] {dag.py:3239} INFO - Sync 1 DAGs
[2026-08-28T10:07:42.719+0000] {logging_mixin.py:190} INFO - [2026-08-28T10:07:42.719+0000] {dag.py:4180} INFO - Setting next_dagrun for airbyte_to_dbt_pipeline_prod to 2026-08-28 09:00:00+00:00, run_after=2026-08-28 10:00:00+00:00
[2026-08-28T10:07:42.743+0000] {processor.py:208} INFO - Processing /opt/airflow/dags/prod/airbyte_to_dbt_prod.py took 0.132 seconds
[2026-08-28T10:08:12.909+0000] {processor.py:186} INFO - Started process (PID=456) to work on /opt/airflow/dags/prod/airbyte_to_dbt_prod.py
[2026-08-28T10:08:12.911+0000] {processor.py:914} INFO - Processing file /opt/airflow/dags/prod/airbyte_to_dbt_prod.py for tasks to queue
[2026-08-28T10:08:12.915+0000] {logging_mixin.py:190} INFO - [2026-08-28T10:08:12.914+0000] {dagbag.py:588} INFO - Filling up the DagBag from /opt/airflow/dags/prod/airbyte_to_dbt_prod.py
[2026-08-28T10:08:12.939+0000] {processor.py:925} INFO - DAG(s) 'airbyte_to_dbt_pipeline_prod' retrieved from /opt/airflow/dags/prod/airbyte_to_dbt_prod.py
[2026-08-28T10:08:12.991+0000] {logging_mixin.py:190} INFO - [2026-08-28T10:08:12.991+0000] {dag.py:3239} INFO - Sync 1 DAGs
[2026-08-28T10:08:13.023+0000] {logging_mixin.py:190} INFO - [2026-08-28T10:08:13.022+0000] {dag.py:4180} INFO - Setting next_dagrun for airbyte_to_dbt_pipeline_prod to 2026-08-28 09:00:00+00:00, run_after=2026-08-28 10:00:00+00:00
[2026-08-28T10:08:13.044+0000] {processor.py:208} INFO - Processing /opt/airflow/dags/prod/airbyte_to_dbt_prod.py took 0.145 seconds
[2026-08-28T10:08:43.209+0000] {processor.py:186} INFO - Started process (PID=466) to work on /opt/airflow/dags/prod/airbyte_to_dbt_prod.py
[2026-08-28T10:08:43.210+0000] {processor.py:914} INFO - Processing file /opt/airflow/dags/prod/airbyte_to_dbt_prod.py for tasks to queue
[2026-08-28T10:08:43.213+0000] {logging_mixin.py:190} INFO - [2026-08-28T10:08:43.212+0000] {dagbag.py:588} INFO - Filling up the DagBag from /opt/airflow/dags/prod/airbyte_to_dbt_prod.py
[2026-08-28T10:08:43.233+0000] {processor.py:925} INFO - DAG(s) 'airbyte_to_dbt_pipeline_prod' retrieved from /opt/airflow/dags/prod/airbyte_to_dbt_prod.py
[2026-08-28T10:08:43.273+0000] {logging_mixin.py:190} INFO - [2026-08-28T10:08:43.272+0000] {dag.py:3239} INFO - Sync 1 DAGs
[2026-08-28T10:08:43.306+0000] {logging_mixin.py:190} INFO - [2026-08-28T10:08:43.305+0000] {dag.py:4180} INFO - Setting next_dagrun for airbyte_to_dbt_pipeline_prod to 2026-08-28 09:00:00+00:00, run_after=2026-08-28 10:00:00+00:00
[2026-08-28T10:08:43.328+0000] {processor.py:208} INFO - Processing /opt/airflow/dags/prod/airbyte_to_dbt_prod.py took 0.126 seconds
[2026-08-28T10:09:13.485+0000] {processor.py:186} INFO - Started process (PID=476) to work on /opt/airflow/dags/prod/airbyte_to_dbt_prod.py
[2026-08-28T10:09:13.486+0000] {processor.py:914} INFO - Processing file /opt/airflow/dags/prod/airbyte_to_dbt_prod.py for tasks to queue
[2026-08-28T10:09:13.490+0000] {logging_mixin.py:190} INFO - [2026-08-28T10:09:13.489+0000] {dagbag.py:588} INFO - Filling up the DagBag from /opt/airflow/dags/prod/airbyte_to_dbt_prod.py
[2026-08-28T10:09:13.517+0000] {processor.py:925} INFO - DAG(s) 'airbyte_to_dbt_pipeline_prod' retrieved from /opt/airflow/dags/prod/airbyte_to_dbt_prod.py
[2026-08-28T10:09:13.568+0000] {logging_mixin.py:190} INFO - [2026-08-28T10:09:13.567+0000] {dag.py:3239} INFO - Sync 1 DAGs
[2026-08-28T10:09:13.602+0000] {logging_mixin.py:190} INFO - [2026-08-28T10:09:13.602+0000] {dag.py:4180} INFO - Setting next_dagrun for airbyte_to_dbt_pipeline_prod to 2026-08-28 09:00:00+00:00, run_after=2026-08-28 10:00:00+00:00
[2026-08-28T10:09:13.626+0000] {processor.py:208} INFO - Processing /opt/airflow/dags/prod/airbyte_to_dbt_prod.py took 0.150 seconds
[2026-08-28T10:09:43.783+0000] {processor.py:186} INFO - Started process (PID=486) to work on /opt/airflow/dags/prod/airbyte_to_dbt_prod.py
[2026-08-28T10:09:43.784+0000] {processor.py:914} INFO - Processing file /opt/airflow/dags/prod/airbyte_to_dbt_prod.py for tasks to queue
[2026-08-28T10:09:43.787+0000] {logging_mixin.py:190} INFO - [2026-08-28T10:09:43.786+0000] {dagbag.py:588} INFO - Filling up the DagBag from /opt/airflow/dags/prod/airbyte_to_dbt_prod.py
[2026-08-28T10:09:43.811+0000] {processor.py:925} INFO - DAG(s) 'airbyte_to_dbt_pipeline_prod' retrieved from /opt/airflow/dags/prod/airbyte_to_dbt_prod.py
[2026-08-28T10:09:43.856+0000] {logging_mixin.py:190} INFO - [2026-08-28T10:09:43.856+0000] {dag.py:3239} INFO - Sync 1 DAGs
[2026-08-28T10:09:43.884+0000] {logging_mixin.py:190} INFO - [2026-08-28T10:09:43.884+0000] {dag.py:4180} INFO - Setting next_dagrun for airbyte_to_dbt_pipeline_prod to 2026-08-28 09:00:00+00:00, run_after=2026-08-28 10:00:00+00:00
[2026-08-28T10:09:43.906+0000] {processor.py:208} INFO - Processing /opt/airflow/dags/prod/airbyte_to_dbt_prod.py took 0.131 seconds
[2026-08-28T10:10:14.062+0000] {processor.py:186} INFO - Started process (PID=496) to work on /opt/airflow/dags/prod/airbyte_to_dbt_prod.py
[2026-08-28T10:10:14.064+0000] {processor.py:914} INFO - Processing file /opt/airflow/dags/prod/airbyte_to_dbt_prod.py for tasks to queue
[2026-08-28T10:10:14.068+0000] {logging_mixin.py:190} INFO - [2026-08-28T10:10:14.067+0000] {dagbag.py:588} INFO - Filling up the DagBag from /opt/airflow/dags/prod/airbyte_to_dbt_prod.py
[2026-08-28T10:10:14.095+0000] {processor.py:925} INFO - DAG(s) 'airbyte_to_dbt_pipeline_prod' retrieved from /opt/airflow/dags/prod/airbyte_to_dbt_prod.py
[2026-08-28T10:10:14.133+0000] {logging_mixin.py:190} INFO - [2026-08-28T10:10:14.133+0000] {dag.py:3239} INFO - Sync 1 DAGs
[2026-08-28T10:10:14.162+0000] {logging_mixin.py:190} INFO - [2026-08-28T10:10:14.162+0000] {dag.py:4180} INFO - Setting next_dagrun for airbyte_to_dbt_pipeline_prod to 2026-08-28 09:00:00+00:00, run_after=2026-08-28 10:00:00+00:00
[2026-08-28T10:10:14.185+0000] {processor.py:208} INFO - Processing /opt/airflow/dags/prod/airbyte_to_dbt_prod.py took 0.133 seconds
[2026-08-28T11:41:24.408+0000] {processor.py:186} INFO - Started process (PID=505) to work on /opt/airflow/dags/prod/airbyte_to_dbt_prod.py
[2026-08-28T11:41:24.414+0000] {processor.py:914} INFO - Processing file /opt/airflow/dags/prod/airbyte_to_dbt_prod.py for tasks to queue
[2026-08-28T11:41:24.423+0000] {logging_mixin.py:190} INFO - [2026-08-28T11:41:24.423+0000] {dagbag.py:588} INFO - Filling up the DagBag from /opt/airflow/dags/prod/airbyte_to_dbt_prod.py
[2026-08-28T11:41:24.621+0000] {processor.py:925} INFO - DAG(s) 'airbyte_to_dbt_pipeline_prod' retrieved from /opt/airflow/dags/prod/airbyte_to_dbt_prod.py
[2026-08-28T11:41:24.806+0000] {logging_mixin.py:190} INFO - [2026-08-28T11:41:24.806+0000] {dag.py:3239} INFO - Sync 1 DAGs
[2026-08-28T11:41:24.849+0000] {logging_mixin.py:190} INFO - [2026-08-28T11:41:24.848+0000] {dag.py:4180} INFO - Setting next_dagrun for airbyte_to_dbt_pipeline_prod to 2026-08-28 10:00:00+00:00, run_after=2026-08-28 11:00:00+00:00
[2026-08-28T11:41:24.922+0000] {processor.py:208} INFO - Processing /opt/airflow/dags/prod/airbyte_to_dbt_prod.py took 0.527 seconds
[2026-08-28T11:41:55.176+0000] {processor.py:186} INFO - Started process (PID=516) to work on /opt/airflow/dags/prod/airbyte_to_dbt_prod.py
[2026-08-28T11:41:55.179+0000] {processor.py:914} INFO - Processing file /opt/airflow/dags/prod/airbyte_to_dbt_prod.py for tasks to queue
[2026-08-28T11:41:55.184+0000] {logging_mixin.py:190} INFO - [2026-08-28T11:41:55.183+0000] {dagbag.py:588} INFO - Filling up the DagBag from /opt/airflow/dags/prod/airbyte_to_dbt_prod.py
[2026-08-28T11:41:55.258+0000] {processor.py:925} INFO - DAG(s) 'airbyte_to_dbt_pipeline_prod' retrieved from /opt/airflow/dags/prod/airbyte_to_dbt_prod.py
[2026-08-28T11:41:55.392+0000] {logging_mixin.py:190} INFO - [2026-08-28T11:41:55.391+0000] {dag.py:3239} INFO - Sync 1 DAGs
[2026-08-28T11:41:55.486+0000] {logging_mixin.py:190} INFO - [2026-08-28T11:41:55.485+0000] {dag.py:4180} INFO - Setting next_dagrun for airbyte_to_dbt_pipeline_prod to 2026-08-28 10:00:00+00:00, run_after=2026-08-28 11:00:00+00:00
[2026-08-28T11:41:55.531+0000] {processor.py:208} INFO - Processing /opt/airflow/dags/prod/airbyte_to_dbt_prod.py took 0.366 seconds
[2026-08-28T11:42:55.901+0000] {processor.py:186} INFO - Started process (PID=524) to work on /opt/airflow/dags/prod/airbyte_to_dbt_prod.py
[2026-08-28T11:42:56.020+0000] {processor.py:914} INFO - Processing file /opt/airflow/dags/prod/airbyte_to_dbt_prod.py for tasks to queue
[2026-08-28T11:42:59.037+0000] {logging_mixin.py:190} INFO - [2026-08-28T11:42:58.692+0000] {dagbag.py:588} INFO - Filling up the DagBag from /opt/airflow/dags/prod/airbyte_to_dbt_prod.py
[2026-08-28T11:43:10.513+0000] {processor.py:925} INFO - DAG(s) 'airbyte_to_dbt_pipeline_prod' retrieved from /opt/airflow/dags/prod/airbyte_to_dbt_prod.py
[2026-08-28T11:43:19.053+0000] {logging_mixin.py:190} INFO - [2026-08-28T11:43:19.053+0000] {dag.py:3239} INFO - Sync 1 DAGs
[2026-08-28T11:43:22.418+0000] {logging_mixin.py:190} INFO - [2026-08-28T11:43:22.414+0000] {dag.py:4180} INFO - Setting next_dagrun for airbyte_to_dbt_pipeline_prod to 2026-08-28 10:00:00+00:00, run_after=2026-08-28 11:00:00+00:00
[2026-08-28T11:43:22.590+0000] {processor.py:208} INFO - Processing /opt/airflow/dags/prod/airbyte_to_dbt_prod.py took 34.406 seconds
[2026-08-28T11:43:52.923+0000] {processor.py:186} INFO - Started process (PID=535) to work on /opt/airflow/dags/prod/airbyte_to_dbt_prod.py
[2026-08-28T11:43:52.928+0000] {processor.py:914} INFO - Processing file /opt/airflow/dags/prod/airbyte_to_dbt_prod.py for tasks to queue
[2026-08-28T11:43:52.932+0000] {logging_mixin.py:190} INFO - [2026-08-28T11:43:52.932+0000] {dagbag.py:588} INFO - Filling up the DagBag from /opt/airflow/dags/prod/airbyte_to_dbt_prod.py
[2026-08-28T11:43:53.039+0000] {processor.py:925} INFO - DAG(s) 'airbyte_to_dbt_pipeline_prod' retrieved from /opt/airflow/dags/prod/airbyte_to_dbt_prod.py
[2026-08-28T11:43:53.164+0000] {logging_mixin.py:190} INFO - [2026-08-28T11:43:53.164+0000] {dag.py:3239} INFO - Sync 1 DAGs
[2026-08-28T11:43:53.204+0000] {logging_mixin.py:190} INFO - [2026-08-28T11:43:53.203+0000] {dag.py:4180} INFO - Setting next_dagrun for airbyte_to_dbt_pipeline_prod to 2026-08-28 10:00:00+00:00, run_after=2026-08-28 11:00:00+00:00
[2026-08-28T11:43:53.237+0000] {processor.py:208} INFO - Processing /opt/airflow/dags/prod/airbyte_to_dbt_prod.py took 0.331 seconds
[2026-08-28T11:44:23.609+0000] {processor.py:186} INFO - Started process (PID=544) to work on /opt/airflow/dags/prod/airbyte_to_dbt_prod.py
[2026-08-28T11:44:23.610+0000] {processor.py:914} INFO - Processing file /opt/airflow/dags/prod/airbyte_to_dbt_prod.py for tasks to queue
[2026-08-28T11:44:23.614+0000] {logging_mixin.py:190} INFO - [2026-08-28T11:44:23.614+0000] {dagbag.py:588} INFO - Filling up the DagBag from /opt/airflow/dags/prod/airbyte_to_dbt_prod.py
[2026-08-28T11:44:23.648+0000] {processor.py:925} INFO - DAG(s) 'airbyte_to_dbt_pipeline_prod' retrieved from /opt/airflow/dags/prod/airbyte_to_dbt_prod.py
[2026-08-28T11:44:23.709+0000] {logging_mixin.py:190} INFO - [2026-08-28T11:44:23.709+0000] {dag.py:3239} INFO - Sync 1 DAGs
[2026-08-28T11:44:23.747+0000] {logging_mixin.py:190} INFO - [2026-08-28T11:44:23.746+0000] {dag.py:4180} INFO - Setting next_dagrun for airbyte_to_dbt_pipeline_prod to 2026-08-28 10:00:00+00:00, run_after=2026-08-28 11:00:00+00:00
[2026-08-28T11:44:23.789+0000] {processor.py:208} INFO - Processing /opt/airflow/dags/prod/airbyte_to_dbt_prod.py took 0.203 seconds
[2026-08-28T11:44:53.984+0000] {processor.py:186} INFO - Started process (PID=555) to work on /opt/airflow/dags/prod/airbyte_to_dbt_prod.py
[2026-08-28T11:44:53.985+0000] {processor.py:914} INFO - Processing file /opt/airflow/dags/prod/airbyte_to_dbt_prod.py for tasks to queue
[2026-08-28T11:44:53.989+0000] {logging_mixin.py:190} INFO - [2026-08-28T11:44:53.988+0000] {dagbag.py:588} INFO - Filling up the DagBag from /opt/airflow/dags/prod/airbyte_to_dbt_prod.py
[2026-08-28T11:44:54.010+0000] {processor.py:925} INFO - DAG(s) 'airbyte_to_dbt_pipeline_prod' retrieved from /opt/airflow/dags/prod/airbyte_to_dbt_prod.py
[2026-08-28T11:44:54.077+0000] {logging_mixin.py:190} INFO - [2026-08-28T11:44:54.077+0000] {dag.py:3239} INFO - Sync 1 DAGs
[2026-08-28T11:44:54.112+0000] {logging_mixin.py:190} INFO - [2026-08-28T11:44:54.112+0000] {dag.py:4180} INFO - Setting next_dagrun for airbyte_to_dbt_pipeline_prod to 2026-08-28 10:00:00+00:00, run_after=2026-08-28 11:00:00+00:00
[2026-08-28T11:44:54.137+0000] {processor.py:208} INFO - Processing /opt/airflow/dags/prod/airbyte_to_dbt_prod.py took 0.162 seconds
[2026-08-28T11:45:24.696+0000] {processor.py:186} INFO - Started process (PID=565) to work on /opt/airflow/dags/prod/airbyte_to_dbt_prod.py
[2026-08-28T11:45:24.698+0000] {processor.py:914} INFO - Processing file /opt/airflow/dags/prod/airbyte_to_dbt_prod.py for tasks to queue
[2026-08-28T11:45:24.732+0000] {logging_mixin.py:190} INFO - [2026-08-28T11:45:24.731+0000] {dagbag.py:588} INFO - Filling up the DagBag from /opt/airflow/dags/prod/airbyte_to_dbt_prod.py
[2026-08-28T11:45:24.761+0000] {processor.py:925} INFO - DAG(s) 'airbyte_to_dbt_pipeline_prod' retrieved from /opt/airflow/dags/prod/airbyte_to_dbt_prod.py
[2026-08-28T11:45:24.816+0000] {logging_mixin.py:190} INFO - [2026-08-28T11:45:24.816+0000] {dag.py:3239} INFO - Sync 1 DAGs
[2026-08-28T11:45:24.847+0000] {logging_mixin.py:190} INFO - [2026-08-28T11:45:24.847+0000] {dag.py:4180} INFO - Setting next_dagrun for airbyte_to_dbt_pipeline_prod to 2026-08-28 10:00:00+00:00, run_after=2026-08-28 11:00:00+00:00
[2026-08-28T11:45:24.900+0000] {processor.py:208} INFO - Processing /opt/airflow/dags/prod/airbyte_to_dbt_prod.py took 0.413 seconds
[2026-08-28T11:45:55.087+0000] {processor.py:186} INFO - Started process (PID=576) to work on /opt/airflow/dags/prod/airbyte_to_dbt_prod.py
[2026-08-28T11:45:55.089+0000] {processor.py:914} INFO - Processing file /opt/airflow/dags/prod/airbyte_to_dbt_prod.py for tasks to queue
[2026-08-28T11:45:55.092+0000] {logging_mixin.py:190} INFO - [2026-08-28T11:45:55.092+0000] {dagbag.py:588} INFO - Filling up the DagBag from /opt/airflow/dags/prod/airbyte_to_dbt_prod.py
[2026-08-28T11:45:55.114+0000] {processor.py:925} INFO - DAG(s) 'airbyte_to_dbt_pipeline_prod' retrieved from /opt/airflow/dags/prod/airbyte_to_dbt_prod.py
[2026-08-28T11:45:55.156+0000] {logging_mixin.py:190} INFO - [2026-08-28T11:45:55.156+0000] {dag.py:3239} INFO - Sync 1 DAGs
[2026-08-28T11:45:55.190+0000] {logging_mixin.py:190} INFO - [2026-08-28T11:45:55.189+0000] {dag.py:4180} INFO - Setting next_dagrun for airbyte_to_dbt_pipeline_prod to 2026-08-28 10:00:00+00:00, run_after=2026-08-28 11:00:00+00:00
[2026-08-28T11:45:55.215+0000] {processor.py:208} INFO - Processing /opt/airflow/dags/prod/airbyte_to_dbt_prod.py took 0.138 seconds
[2026-08-28T11:46:25.447+0000] {processor.py:186} INFO - Started process (PID=586) to work on /opt/airflow/dags/prod/airbyte_to_dbt_prod.py
[2026-08-28T11:46:25.447+0000] {processor.py:914} INFO - Processing file /opt/airflow/dags/prod/airbyte_to_dbt_prod.py for tasks to queue
[2026-08-28T11:46:25.451+0000] {logging_mixin.py:190} INFO - [2026-08-28T11:46:25.450+0000] {dagbag.py:588} INFO - Filling up the DagBag from /opt/airflow/dags/prod/airbyte_to_dbt_prod.py
[2026-08-28T11:46:25.481+0000] {processor.py:925} INFO - DAG(s) 'airbyte_to_dbt_pipeline_prod' retrieved from /opt/airflow/dags/prod/airbyte_to_dbt_prod.py
[2026-08-28T11:46:25.541+0000] {logging_mixin.py:190} INFO - [2026-08-28T11:46:25.540+0000] {dag.py:3239} INFO - Sync 1 DAGs
[2026-08-28T11:46:25.573+0000] {logging_mixin.py:190} INFO - [2026-08-28T11:46:25.573+0000] {dag.py:4180} INFO - Setting next_dagrun for airbyte_to_dbt_pipeline_prod to 2026-08-28 10:00:00+00:00, run_after=2026-08-28 11:00:00+00:00
[2026-08-28T11:46:25.595+0000] {processor.py:208} INFO - Processing /opt/airflow/dags/prod/airbyte_to_dbt_prod.py took 0.157 seconds
[2026-08-28T11:46:55.760+0000] {processor.py:186} INFO - Started process (PID=596) to work on /opt/airflow/dags/prod/airbyte_to_dbt_prod.py
[2026-08-28T11:46:55.761+0000] {processor.py:914} INFO - Processing file /opt/airflow/dags/prod/airbyte_to_dbt_prod.py for tasks to queue
[2026-08-28T11:46:55.764+0000] {logging_mixin.py:190} INFO - [2026-08-28T11:46:55.764+0000] {dagbag.py:588} INFO - Filling up the DagBag from /opt/airflow/dags/prod/airbyte_to_dbt_prod.py
[2026-08-28T11:46:55.786+0000] {processor.py:925} INFO - DAG(s) 'airbyte_to_dbt_pipeline_prod' retrieved from /opt/airflow/dags/prod/airbyte_to_dbt_prod.py
[2026-08-28T11:46:55.836+0000] {logging_mixin.py:190} INFO - [2026-08-28T11:46:55.836+0000] {dag.py:3239} INFO - Sync 1 DAGs
[2026-08-28T11:46:55.872+0000] {logging_mixin.py:190} INFO - [2026-08-28T11:46:55.872+0000] {dag.py:4180} INFO - Setting next_dagrun for airbyte_to_dbt_pipeline_prod to 2026-08-28 10:00:00+00:00, run_after=2026-08-28 11:00:00+00:00
[2026-08-28T11:46:55.896+0000] {processor.py:208} INFO - Processing /opt/airflow/dags/prod/airbyte_to_dbt_prod.py took 0.145 seconds
[2026-08-28T11:47:26.067+0000] {processor.py:186} INFO - Started process (PID=606) to work on /opt/airflow/dags/prod/airbyte_to_dbt_prod.py
[2026-08-28T11:47:26.069+0000] {processor.py:914} INFO - Processing file /opt/airflow/dags/prod/airbyte_to_dbt_prod.py for tasks to queue
[2026-08-28T11:47:26.073+0000] {logging_mixin.py:190} INFO - [2026-08-28T11:47:26.072+0000] {dagbag.py:588} INFO - Filling up the DagBag from /opt/airflow/dags/prod/airbyte_to_dbt_prod.py
[2026-08-28T11:47:26.102+0000] {processor.py:925} INFO - DAG(s) 'airbyte_to_dbt_pipeline_prod' retrieved from /opt/airflow/dags/prod/airbyte_to_dbt_prod.py
[2026-08-28T11:47:26.143+0000] {logging_mixin.py:190} INFO - [2026-08-28T11:47:26.143+0000] {dag.py:3239} INFO - Sync 1 DAGs
[2026-08-28T11:47:26.175+0000] {logging_mixin.py:190} INFO - [2026-08-28T11:47:26.175+0000] {dag.py:4180} INFO - Setting next_dagrun for airbyte_to_dbt_pipeline_prod to 2026-08-28 10:00:00+00:00, run_after=2026-08-28 11:00:00+00:00
[2026-08-28T11:47:26.200+0000] {processor.py:208} INFO - Processing /opt/airflow/dags/prod/airbyte_to_dbt_prod.py took 0.143 seconds
[2026-08-28T11:47:56.371+0000] {processor.py:186} INFO - Started process (PID=616) to work on /opt/airflow/dags/prod/airbyte_to_dbt_prod.py
[2026-08-28T11:47:56.373+0000] {processor.py:914} INFO - Processing file /opt/airflow/dags/prod/airbyte_to_dbt_prod.py for tasks to queue
[2026-08-28T11:47:56.376+0000] {logging_mixin.py:190} INFO - [2026-08-28T11:47:56.376+0000] {dagbag.py:588} INFO - Filling up the DagBag from /opt/airflow/dags/prod/airbyte_to_dbt_prod.py
[2026-08-28T11:47:56.399+0000] {processor.py:925} INFO - DAG(s) 'airbyte_to_dbt_pipeline_prod' retrieved from /opt/airflow/dags/prod/airbyte_to_dbt_prod.py
[2026-08-28T11:47:56.448+0000] {logging_mixin.py:190} INFO - [2026-08-28T11:47:56.448+0000] {dag.py:3239} INFO - Sync 1 DAGs
[2026-08-28T11:47:56.484+0000] {logging_mixin.py:190} INFO - [2026-08-28T11:47:56.483+0000] {dag.py:4180} INFO - Setting next_dagrun for airbyte_to_dbt_pipeline_prod to 2026-08-28 10:00:00+00:00, run_after=2026-08-28 11:00:00+00:00
[2026-08-28T11:47:56.506+0000] {processor.py:208} INFO - Processing /opt/airflow/dags/prod/airbyte_to_dbt_prod.py took 0.144 seconds
[2026-08-28T11:48:26.660+0000] {processor.py:186} INFO - Started process (PID=626) to work on /opt/airflow/dags/prod/airbyte_to_dbt_prod.py
[2026-08-28T11:48:26.661+0000] {processor.py:914} INFO - Processing file /opt/airflow/dags/prod/airbyte_to_dbt_prod.py for tasks to queue
[2026-08-28T11:48:26.664+0000] {logging_mixin.py:190} INFO - [2026-08-28T11:48:26.664+0000] {dagbag.py:588} INFO - Filling up the DagBag from /opt/airflow/dags/prod/airbyte_to_dbt_prod.py
[2026-08-28T11:48:26.686+0000] {processor.py:925} INFO - DAG(s) 'airbyte_to_dbt_pipeline_prod' retrieved from /opt/airflow/dags/prod/airbyte_to_dbt_prod.py
[2026-08-28T11:48:26.730+0000] {logging_mixin.py:190} INFO - [2026-08-28T11:48:26.730+0000] {dag.py:3239} INFO - Sync 1 DAGs
[2026-08-28T11:48:26.763+0000] {logging_mixin.py:190} INFO - [2026-08-28T11:48:26.763+0000] {dag.py:4180} INFO - Setting next_dagrun for airbyte_to_dbt_pipeline_prod to 2026-08-28 10:00:00+00:00, run_after=2026-08-28 11:00:00+00:00
[2026-08-28T11:48:26.790+0000] {processor.py:208} INFO - Processing /opt/airflow/dags/prod/airbyte_to_dbt_prod.py took 0.138 seconds
[2026-08-28T11:48:56.950+0000] {processor.py:186} INFO - Started process (PID=636) to work on /opt/airflow/dags/prod/airbyte_to_dbt_prod.py
[2026-08-28T11:48:56.951+0000] {processor.py:914} INFO - Processing file /opt/airflow/dags/prod/airbyte_to_dbt_prod.py for tasks to queue
[2026-08-28T11:48:56.960+0000] {logging_mixin.py:190} INFO - [2026-08-28T11:48:56.955+0000] {dagbag.py:588} INFO - Filling up the DagBag from /opt/airflow/dags/prod/airbyte_to_dbt_prod.py
[2026-08-28T11:48:57.045+0000] {processor.py:925} INFO - DAG(s) 'airbyte_to_dbt_pipeline_prod' retrieved from /opt/airflow/dags/prod/airbyte_to_dbt_prod.py
[2026-08-28T11:48:57.096+0000] {logging_mixin.py:190} INFO - [2026-08-28T11:48:57.095+0000] {dag.py:3239} INFO - Sync 1 DAGs
[2026-08-28T11:48:57.132+0000] {logging_mixin.py:190} INFO - [2026-08-28T11:48:57.132+0000] {dag.py:4180} INFO - Setting next_dagrun for airbyte_to_dbt_pipeline_prod to 2026-08-28 10:00:00+00:00, run_after=2026-08-28 11:00:00+00:00
[2026-08-28T11:48:57.156+0000] {processor.py:208} INFO - Processing /opt/airflow/dags/prod/airbyte_to_dbt_prod.py took 0.214 seconds
[2026-08-28T11:49:27.320+0000] {processor.py:186} INFO - Started process (PID=646) to work on /opt/airflow/dags/prod/airbyte_to_dbt_prod.py
[2026-08-28T11:49:27.321+0000] {processor.py:914} INFO - Processing file /opt/airflow/dags/prod/airbyte_to_dbt_prod.py for tasks to queue
[2026-08-28T11:49:27.325+0000] {logging_mixin.py:190} INFO - [2026-08-28T11:49:27.324+0000] {dagbag.py:588} INFO - Filling up the DagBag from /opt/airflow/dags/prod/airbyte_to_dbt_prod.py
[2026-08-28T11:49:27.354+0000] {processor.py:925} INFO - DAG(s) 'airbyte_to_dbt_pipeline_prod' retrieved from /opt/airflow/dags/prod/airbyte_to_dbt_prod.py
[2026-08-28T11:49:27.415+0000] {logging_mixin.py:190} INFO - [2026-08-28T11:49:27.414+0000] {dag.py:3239} INFO - Sync 1 DAGs
[2026-08-28T11:49:27.455+0000] {logging_mixin.py:190} INFO - [2026-08-28T11:49:27.455+0000] {dag.py:4180} INFO - Setting next_dagrun for airbyte_to_dbt_pipeline_prod to 2026-08-28 10:00:00+00:00, run_after=2026-08-28 11:00:00+00:00
[2026-08-28T11:49:27.484+0000] {processor.py:208} INFO - Processing /opt/airflow/dags/prod/airbyte_to_dbt_prod.py took 0.173 seconds
[2026-08-28T11:49:57.716+0000] {processor.py:186} INFO - Started process (PID=654) to work on /opt/airflow/dags/prod/airbyte_to_dbt_prod.py
[2026-08-28T11:49:57.717+0000] {processor.py:914} INFO - Processing file /opt/airflow/dags/prod/airbyte_to_dbt_prod.py for tasks to queue
[2026-08-28T11:49:57.801+0000] {logging_mixin.py:190} INFO - [2026-08-28T11:49:57.801+0000] {dagbag.py:588} INFO - Filling up the DagBag from /opt/airflow/dags/prod/airbyte_to_dbt_prod.py
[2026-08-28T11:49:58.264+0000] {processor.py:925} INFO - DAG(s) 'airbyte_to_dbt_pipeline_prod' retrieved from /opt/airflow/dags/prod/airbyte_to_dbt_prod.py
[2026-08-28T11:49:58.562+0000] {logging_mixin.py:190} INFO - [2026-08-28T11:49:58.562+0000] {dag.py:3239} INFO - Sync 1 DAGs
[2026-08-28T11:49:58.905+0000] {logging_mixin.py:190} INFO - [2026-08-28T11:49:58.904+0000] {dag.py:4180} INFO - Setting next_dagrun for airbyte_to_dbt_pipeline_prod to 2026-08-28 10:00:00+00:00, run_after=2026-08-28 11:00:00+00:00
[2026-08-28T11:49:58.930+0000] {processor.py:208} INFO - Processing /opt/airflow/dags/prod/airbyte_to_dbt_prod.py took 1.250 seconds
[2026-08-28T11:50:29.354+0000] {processor.py:186} INFO - Started process (PID=665) to work on /opt/airflow/dags/prod/airbyte_to_dbt_prod.py
[2026-08-28T11:50:29.356+0000] {processor.py:914} INFO - Processing file /opt/airflow/dags/prod/airbyte_to_dbt_prod.py for tasks to queue
[2026-08-28T11:50:29.360+0000] {logging_mixin.py:190} INFO - [2026-08-28T11:50:29.360+0000] {dagbag.py:588} INFO - Filling up the DagBag from /opt/airflow/dags/prod/airbyte_to_dbt_prod.py
[2026-08-28T11:50:29.397+0000] {processor.py:925} INFO - DAG(s) 'airbyte_to_dbt_pipeline_prod' retrieved from /opt/airflow/dags/prod/airbyte_to_dbt_prod.py
[2026-08-28T11:50:29.474+0000] {logging_mixin.py:190} INFO - [2026-08-28T11:50:29.474+0000] {dag.py:3239} INFO - Sync 1 DAGs
[2026-08-28T11:50:29.520+0000] {logging_mixin.py:190} INFO - [2026-08-28T11:50:29.520+0000] {dag.py:4180} INFO - Setting next_dagrun for airbyte_to_dbt_pipeline_prod to 2026-08-28 10:00:00+00:00, run_after=2026-08-28 11:00:00+00:00
[2026-08-28T11:50:29.561+0000] {processor.py:208} INFO - Processing /opt/airflow/dags/prod/airbyte_to_dbt_prod.py took 0.217 seconds
[2026-08-28T11:50:59.735+0000] {processor.py:186} INFO - Started process (PID=676) to work on /opt/airflow/dags/prod/airbyte_to_dbt_prod.py
[2026-08-28T11:50:59.736+0000] {processor.py:914} INFO - Processing file /opt/airflow/dags/prod/airbyte_to_dbt_prod.py for tasks to queue
[2026-08-28T11:50:59.739+0000] {logging_mixin.py:190} INFO - [2026-08-28T11:50:59.739+0000] {dagbag.py:588} INFO - Filling up the DagBag from /opt/airflow/dags/prod/airbyte_to_dbt_prod.py
[2026-08-28T11:50:59.761+0000] {processor.py:925} INFO - DAG(s) 'airbyte_to_dbt_pipeline_prod' retrieved from /opt/airflow/dags/prod/airbyte_to_dbt_prod.py
[2026-08-28T11:50:59.810+0000] {logging_mixin.py:190} INFO - [2026-08-28T11:50:59.809+0000] {dag.py:3239} INFO - Sync 1 DAGs
[2026-08-28T11:50:59.845+0000] {logging_mixin.py:190} INFO - [2026-08-28T11:50:59.845+0000] {dag.py:4180} INFO - Setting next_dagrun for airbyte_to_dbt_pipeline_prod to 2026-08-28 10:00:00+00:00, run_after=2026-08-28 11:00:00+00:00
[2026-08-28T11:50:59.868+0000] {processor.py:208} INFO - Processing /opt/airflow/dags/prod/airbyte_to_dbt_prod.py took 0.140 seconds
[2026-08-28T11:51:30.029+0000] {processor.py:186} INFO - Started process (PID=686) to work on /opt/airflow/dags/prod/airbyte_to_dbt_prod.py
[2026-08-28T11:51:30.030+0000] {processor.py:914} INFO - Processing file /opt/airflow/dags/prod/airbyte_to_dbt_prod.py for tasks to queue
[2026-08-28T11:51:30.034+0000] {logging_mixin.py:190} INFO - [2026-08-28T11:51:30.034+0000] {dagbag.py:588} INFO - Filling up the DagBag from /opt/airflow/dags/prod/airbyte_to_dbt_prod.py
[2026-08-28T11:51:30.062+0000] {processor.py:925} INFO - DAG(s) 'airbyte_to_dbt_pipeline_prod' retrieved from /opt/airflow/dags/prod/airbyte_to_dbt_prod.py
[2026-08-28T11:51:30.110+0000] {logging_mixin.py:190} INFO - [2026-08-28T11:51:30.110+0000] {dag.py:3239} INFO - Sync 1 DAGs
[2026-08-28T11:51:30.152+0000] {logging_mixin.py:190} INFO - [2026-08-28T11:51:30.151+0000] {dag.py:4180} INFO - Setting next_dagrun for airbyte_to_dbt_pipeline_prod to 2026-08-28 10:00:00+00:00, run_after=2026-08-28 11:00:00+00:00
[2026-08-28T11:51:30.180+0000] {processor.py:208} INFO - Processing /opt/airflow/dags/prod/airbyte_to_dbt_prod.py took 0.162 seconds
[2026-08-28T11:52:00.348+0000] {processor.py:186} INFO - Started process (PID=696) to work on /opt/airflow/dags/prod/airbyte_to_dbt_prod.py
[2026-08-28T11:52:00.349+0000] {processor.py:914} INFO - Processing file /opt/airflow/dags/prod/airbyte_to_dbt_prod.py for tasks to queue
[2026-08-28T11:52:00.352+0000] {logging_mixin.py:190} INFO - [2026-08-28T11:52:00.352+0000] {dagbag.py:588} INFO - Filling up the DagBag from /opt/airflow/dags/prod/airbyte_to_dbt_prod.py
[2026-08-28T11:52:00.375+0000] {processor.py:925} INFO - DAG(s) 'airbyte_to_dbt_pipeline_prod' retrieved from /opt/airflow/dags/prod/airbyte_to_dbt_prod.py
[2026-08-28T11:52:00.418+0000] {logging_mixin.py:190} INFO - [2026-08-28T11:52:00.418+0000] {dag.py:3239} INFO - Sync 1 DAGs
[2026-08-28T11:52:00.452+0000] {logging_mixin.py:190} INFO - [2026-08-28T11:52:00.452+0000] {dag.py:4180} INFO - Setting next_dagrun for airbyte_to_dbt_pipeline_prod to 2026-08-28 10:00:00+00:00, run_after=2026-08-28 11:00:00+00:00
[2026-08-28T11:52:00.474+0000] {processor.py:208} INFO - Processing /opt/airflow/dags/prod/airbyte_to_dbt_prod.py took 0.135 seconds
[2026-08-28T11:52:30.633+0000] {processor.py:186} INFO - Started process (PID=706) to work on /opt/airflow/dags/prod/airbyte_to_dbt_prod.py
[2026-08-28T11:52:30.634+0000] {processor.py:914} INFO - Processing file /opt/airflow/dags/prod/airbyte_to_dbt_prod.py for tasks to queue
[2026-08-28T11:52:30.637+0000] {logging_mixin.py:190} INFO - [2026-08-28T11:52:30.637+0000] {dagbag.py:588} INFO - Filling up the DagBag from /opt/airflow/dags/prod/airbyte_to_dbt_prod.py
[2026-08-28T11:52:30.661+0000] {processor.py:925} INFO - DAG(s) 'airbyte_to_dbt_pipeline_prod' retrieved from /opt/airflow/dags/prod/airbyte_to_dbt_prod.py
[2026-08-28T11:52:30.703+0000] {logging_mixin.py:190} INFO - [2026-08-28T11:52:30.703+0000] {dag.py:3239} INFO - Sync 1 DAGs
[2026-08-28T11:52:30.735+0000] {logging_mixin.py:190} INFO - [2026-08-28T11:52:30.735+0000] {dag.py:4180} INFO - Setting next_dagrun for airbyte_to_dbt_pipeline_prod to 2026-08-28 10:00:00+00:00, run_after=2026-08-28 11:00:00+00:00
[2026-08-28T11:52:30.758+0000] {processor.py:208} INFO - Processing /opt/airflow/dags/prod/airbyte_to_dbt_prod.py took 0.133 seconds
[2026-08-28T11:53:00.922+0000] {processor.py:186} INFO - Started process (PID=716) to work on /opt/airflow/dags/prod/airbyte_to_dbt_prod.py
[2026-08-28T11:53:00.923+0000] {processor.py:914} INFO - Processing file /opt/airflow/dags/prod/airbyte_to_dbt_prod.py for tasks to queue
[2026-08-28T11:53:00.926+0000] {logging_mixin.py:190} INFO - [2026-08-28T11:53:00.926+0000] {dagbag.py:588} INFO - Filling up the DagBag from /opt/airflow/dags/prod/airbyte_to_dbt_prod.py
[2026-08-28T11:53:00.951+0000] {processor.py:925} INFO - DAG(s) 'airbyte_to_dbt_pipeline_prod' retrieved from /opt/airflow/dags/prod/airbyte_to_dbt_prod.py
[2026-08-28T11:53:00.991+0000] {logging_mixin.py:190} INFO - [2026-08-28T11:53:00.991+0000] {dag.py:3239} INFO - Sync 1 DAGs
[2026-08-28T11:53:01.023+0000] {logging_mixin.py:190} INFO - [2026-08-28T11:53:01.023+0000] {dag.py:4180} INFO - Setting next_dagrun for airbyte_to_dbt_pipeline_prod to 2026-08-28 10:00:00+00:00, run_after=2026-08-28 11:00:00+00:00
[2026-08-28T11:53:01.046+0000] {processor.py:208} INFO - Processing /opt/airflow/dags/prod/airbyte_to_dbt_prod.py took 0.132 seconds
[2026-08-28T11:53:31.203+0000] {processor.py:186} INFO - Started process (PID=726) to work on /opt/airflow/dags/prod/airbyte_to_dbt_prod.py
[2026-08-28T11:53:31.204+0000] {processor.py:914} INFO - Processing file /opt/airflow/dags/prod/airbyte_to_dbt_prod.py for tasks to queue
[2026-08-28T11:53:31.207+0000] {logging_mixin.py:190} INFO - [2026-08-28T11:53:31.206+0000] {dagbag.py:588} INFO - Filling up the DagBag from /opt/airflow/dags/prod/airbyte_to_dbt_prod.py
[2026-08-28T11:53:31.229+0000] {processor.py:925} INFO - DAG(s) 'airbyte_to_dbt_pipeline_prod' retrieved from /opt/airflow/dags/prod/airbyte_to_dbt_prod.py
[2026-08-28T11:53:31.267+0000] {logging_mixin.py:190} INFO - [2026-08-28T11:53:31.267+0000] {dag.py:3239} INFO - Sync 1 DAGs
[2026-08-28T11:53:31.304+0000] {logging_mixin.py:190} INFO - [2026-08-28T11:53:31.304+0000] {dag.py:4180} INFO - Setting next_dagrun for airbyte_to_dbt_pipeline_prod to 2026-08-28 10:00:00+00:00, run_after=2026-08-28 11:00:00+00:00
[2026-08-28T11:53:31.329+0000] {processor.py:208} INFO - Processing /opt/airflow/dags/prod/airbyte_to_dbt_prod.py took 0.135 seconds
[2026-08-28T11:54:01.499+0000] {processor.py:186} INFO - Started process (PID=736) to work on /opt/airflow/dags/prod/airbyte_to_dbt_prod.py
[2026-08-28T11:54:01.500+0000] {processor.py:914} INFO - Processing file /opt/airflow/dags/prod/airbyte_to_dbt_prod.py for tasks to queue
[2026-08-28T11:54:01.503+0000] {logging_mixin.py:190} INFO - [2026-08-28T11:54:01.502+0000] {dagbag.py:588} INFO - Filling up the DagBag from /opt/airflow/dags/prod/airbyte_to_dbt_prod.py
[2026-08-28T11:54:01.526+0000] {processor.py:925} INFO - DAG(s) 'airbyte_to_dbt_pipeline_prod' retrieved from /opt/airflow/dags/prod/airbyte_to_dbt_prod.py
[2026-08-28T11:54:01.576+0000] {logging_mixin.py:190} INFO - [2026-08-28T11:54:01.576+0000] {dag.py:3239} INFO - Sync 1 DAGs
[2026-08-28T11:54:01.612+0000] {logging_mixin.py:190} INFO - [2026-08-28T11:54:01.612+0000] {dag.py:4180} INFO - Setting next_dagrun for airbyte_to_dbt_pipeline_prod to 2026-08-28 10:00:00+00:00, run_after=2026-08-28 11:00:00+00:00
[2026-08-28T11:54:01.636+0000] {processor.py:208} INFO - Processing /opt/airflow/dags/prod/airbyte_to_dbt_prod.py took 0.146 seconds
[2026-08-28T11:54:31.792+0000] {processor.py:186} INFO - Started process (PID=746) to work on /opt/airflow/dags/prod/airbyte_to_dbt_prod.py
[2026-08-28T11:54:31.793+0000] {processor.py:914} INFO - Processing file /opt/airflow/dags/prod/airbyte_to_dbt_prod.py for tasks to queue
[2026-08-28T11:54:31.796+0000] {logging_mixin.py:190} INFO - [2026-08-28T11:54:31.796+0000] {dagbag.py:588} INFO - Filling up the DagBag from /opt/airflow/dags/prod/airbyte_to_dbt_prod.py
[2026-08-28T11:54:31.821+0000] {processor.py:925} INFO - DAG(s) 'airbyte_to_dbt_pipeline_prod' retrieved from /opt/airflow/dags/prod/airbyte_to_dbt_prod.py
[2026-08-28T11:54:31.865+0000] {logging_mixin.py:190} INFO - [2026-08-28T11:54:31.865+0000] {dag.py:3239} INFO - Sync 1 DAGs
[2026-08-28T11:54:31.894+0000] {logging_mixin.py:190} INFO - [2026-08-28T11:54:31.894+0000] {dag.py:4180} INFO - Setting next_dagrun for airbyte_to_dbt_pipeline_prod to 2026-08-28 10:00:00+00:00, run_after=2026-08-28 11:00:00+00:00
[2026-08-28T11:54:31.917+0000] {processor.py:208} INFO - Processing /opt/airflow/dags/prod/airbyte_to_dbt_prod.py took 0.133 seconds
[2026-08-28T11:55:02.087+0000] {processor.py:186} INFO - Started process (PID=756) to work on /opt/airflow/dags/prod/airbyte_to_dbt_prod.py
[2026-08-28T11:55:02.088+0000] {processor.py:914} INFO - Processing file /opt/airflow/dags/prod/airbyte_to_dbt_prod.py for tasks to queue
[2026-08-28T11:55:02.092+0000] {logging_mixin.py:190} INFO - [2026-08-28T11:55:02.092+0000] {dagbag.py:588} INFO - Filling up the DagBag from /opt/airflow/dags/prod/airbyte_to_dbt_prod.py
[2026-08-28T11:55:02.114+0000] {processor.py:925} INFO - DAG(s) 'airbyte_to_dbt_pipeline_prod' retrieved from /opt/airflow/dags/prod/airbyte_to_dbt_prod.py
[2026-08-28T11:55:02.152+0000] {logging_mixin.py:190} INFO - [2026-08-28T11:55:02.152+0000] {dag.py:3239} INFO - Sync 1 DAGs
[2026-08-28T11:55:02.180+0000] {logging_mixin.py:190} INFO - [2026-08-28T11:55:02.180+0000] {dag.py:4180} INFO - Setting next_dagrun for airbyte_to_dbt_pipeline_prod to 2026-08-28 10:00:00+00:00, run_after=2026-08-28 11:00:00+00:00
[2026-08-28T11:55:02.201+0000] {processor.py:208} INFO - Processing /opt/airflow/dags/prod/airbyte_to_dbt_prod.py took 0.125 seconds
[2026-08-28T11:55:32.362+0000] {processor.py:186} INFO - Started process (PID=766) to work on /opt/airflow/dags/prod/airbyte_to_dbt_prod.py
[2026-08-28T11:55:32.363+0000] {processor.py:914} INFO - Processing file /opt/airflow/dags/prod/airbyte_to_dbt_prod.py for tasks to queue
[2026-08-28T11:55:32.366+0000] {logging_mixin.py:190} INFO - [2026-08-28T11:55:32.366+0000] {dagbag.py:588} INFO - Filling up the DagBag from /opt/airflow/dags/prod/airbyte_to_dbt_prod.py
[2026-08-28T11:55:32.389+0000] {processor.py:925} INFO - DAG(s) 'airbyte_to_dbt_pipeline_prod' retrieved from /opt/airflow/dags/prod/airbyte_to_dbt_prod.py
[2026-08-28T11:55:32.429+0000] {logging_mixin.py:190} INFO - [2026-08-28T11:55:32.429+0000] {dag.py:3239} INFO - Sync 1 DAGs
[2026-08-28T11:55:32.467+0000] {logging_mixin.py:190} INFO - [2026-08-28T11:55:32.467+0000] {dag.py:4180} INFO - Setting next_dagrun for airbyte_to_dbt_pipeline_prod to 2026-08-28 10:00:00+00:00, run_after=2026-08-28 11:00:00+00:00
[2026-08-28T11:55:32.491+0000] {processor.py:208} INFO - Processing /opt/airflow/dags/prod/airbyte_to_dbt_prod.py took 0.137 seconds
[2026-08-28T11:56:02.640+0000] {processor.py:186} INFO - Started process (PID=776) to work on /opt/airflow/dags/prod/airbyte_to_dbt_prod.py
[2026-08-28T11:56:02.641+0000] {processor.py:914} INFO - Processing file /opt/airflow/dags/prod/airbyte_to_dbt_prod.py for tasks to queue
[2026-08-28T11:56:02.645+0000] {logging_mixin.py:190} INFO - [2026-08-28T11:56:02.645+0000] {dagbag.py:588} INFO - Filling up the DagBag from /opt/airflow/dags/prod/airbyte_to_dbt_prod.py
[2026-08-28T11:56:02.674+0000] {processor.py:925} INFO - DAG(s) 'airbyte_to_dbt_pipeline_prod' retrieved from /opt/airflow/dags/prod/airbyte_to_dbt_prod.py
[2026-08-28T11:56:02.718+0000] {logging_mixin.py:190} INFO - [2026-08-28T11:56:02.717+0000] {dag.py:3239} INFO - Sync 1 DAGs
[2026-08-28T11:56:02.753+0000] {logging_mixin.py:190} INFO - [2026-08-28T11:56:02.753+0000] {dag.py:4180} INFO - Setting next_dagrun for airbyte_to_dbt_pipeline_prod to 2026-08-28 10:00:00+00:00, run_after=2026-08-28 11:00:00+00:00
[2026-08-28T11:56:02.777+0000] {processor.py:208} INFO - Processing /opt/airflow/dags/prod/airbyte_to_dbt_prod.py took 0.149 seconds
[2026-08-28T11:56:32.957+0000] {processor.py:186} INFO - Started process (PID=786) to work on /opt/airflow/dags/prod/airbyte_to_dbt_prod.py
[2026-08-28T11:56:32.958+0000] {processor.py:914} INFO - Processing file /opt/airflow/dags/prod/airbyte_to_dbt_prod.py for tasks to queue
[2026-08-28T11:56:32.961+0000] {logging_mixin.py:190} INFO - [2026-08-28T11:56:32.961+0000] {dagbag.py:588} INFO - Filling up the DagBag from /opt/airflow/dags/prod/airbyte_to_dbt_prod.py
[2026-08-28T11:56:32.984+0000] {processor.py:925} INFO - DAG(s) 'airbyte_to_dbt_pipeline_prod' retrieved from /opt/airflow/dags/prod/airbyte_to_dbt_prod.py
[2026-08-28T11:56:33.041+0000] {logging_mixin.py:190} INFO - [2026-08-28T11:56:33.040+0000] {dag.py:3239} INFO - Sync 1 DAGs
[2026-08-28T11:56:33.078+0000] {logging_mixin.py:190} INFO - [2026-08-28T11:56:33.077+0000] {dag.py:4180} INFO - Setting next_dagrun for airbyte_to_dbt_pipeline_prod to 2026-08-28 10:00:00+00:00, run_after=2026-08-28 11:00:00+00:00
[2026-08-28T11:56:33.103+0000] {processor.py:208} INFO - Processing /opt/airflow/dags/prod/airbyte_to_dbt_prod.py took 0.156 seconds
[2026-08-28T11:57:03.271+0000] {processor.py:186} INFO - Started process (PID=796) to work on /opt/airflow/dags/prod/airbyte_to_dbt_prod.py
[2026-08-28T11:57:03.273+0000] {processor.py:914} INFO - Processing file /opt/airflow/dags/prod/airbyte_to_dbt_prod.py for tasks to queue
[2026-08-28T11:57:03.276+0000] {logging_mixin.py:190} INFO - [2026-08-28T11:57:03.276+0000] {dagbag.py:588} INFO - Filling up the DagBag from /opt/airflow/dags/prod/airbyte_to_dbt_prod.py
[2026-08-28T11:57:03.298+0000] {processor.py:925} INFO - DAG(s) 'airbyte_to_dbt_pipeline_prod' retrieved from /opt/airflow/dags/prod/airbyte_to_dbt_prod.py
[2026-08-28T11:57:03.338+0000] {logging_mixin.py:190} INFO - [2026-08-28T11:57:03.338+0000] {dag.py:3239} INFO - Sync 1 DAGs
[2026-08-28T11:57:03.369+0000] {logging_mixin.py:190} INFO - [2026-08-28T11:57:03.369+0000] {dag.py:4180} INFO - Setting next_dagrun for airbyte_to_dbt_pipeline_prod to 2026-08-28 10:00:00+00:00, run_after=2026-08-28 11:00:00+00:00
[2026-08-28T11:57:03.393+0000] {processor.py:208} INFO - Processing /opt/airflow/dags/prod/airbyte_to_dbt_prod.py took 0.131 seconds
[2026-08-28T12:07:44.311+0000] {processor.py:186} INFO - Started process (PID=805) to work on /opt/airflow/dags/prod/airbyte_to_dbt_prod.py
[2026-08-28T12:07:44.327+0000] {processor.py:914} INFO - Processing file /opt/airflow/dags/prod/airbyte_to_dbt_prod.py for tasks to queue
[2026-08-28T12:07:44.333+0000] {logging_mixin.py:190} INFO - [2026-08-28T12:07:44.332+0000] {dagbag.py:588} INFO - Filling up the DagBag from /opt/airflow/dags/prod/airbyte_to_dbt_prod.py
[2026-08-28T12:07:44.376+0000] {processor.py:925} INFO - DAG(s) 'airbyte_to_dbt_pipeline_prod' retrieved from /opt/airflow/dags/prod/airbyte_to_dbt_prod.py
[2026-08-28T12:07:44.452+0000] {logging_mixin.py:190} INFO - [2026-08-28T12:07:44.452+0000] {dag.py:3239} INFO - Sync 1 DAGs
[2026-08-28T12:07:44.524+0000] {logging_mixin.py:190} INFO - [2026-08-28T12:07:44.524+0000] {dag.py:4180} INFO - Setting next_dagrun for airbyte_to_dbt_pipeline_prod to 2026-08-28 11:00:00+00:00, run_after=2026-08-28 12:00:00+00:00
[2026-08-28T12:07:44.812+0000] {processor.py:208} INFO - Processing /opt/airflow/dags/prod/airbyte_to_dbt_prod.py took 0.545 seconds
[2026-08-28T12:08:15.702+0000] {processor.py:186} INFO - Started process (PID=818) to work on /opt/airflow/dags/prod/airbyte_to_dbt_prod.py
[2026-08-28T12:08:15.704+0000] {processor.py:914} INFO - Processing file /opt/airflow/dags/prod/airbyte_to_dbt_prod.py for tasks to queue
[2026-08-28T12:08:15.707+0000] {logging_mixin.py:190} INFO - [2026-08-28T12:08:15.706+0000] {dagbag.py:588} INFO - Filling up the DagBag from /opt/airflow/dags/prod/airbyte_to_dbt_prod.py
[2026-08-28T12:08:15.727+0000] {processor.py:925} INFO - DAG(s) 'airbyte_to_dbt_pipeline_prod' retrieved from /opt/airflow/dags/prod/airbyte_to_dbt_prod.py
[2026-08-28T12:08:15.771+0000] {logging_mixin.py:190} INFO - [2026-08-28T12:08:15.771+0000] {dag.py:3239} INFO - Sync 1 DAGs
[2026-08-28T12:08:15.797+0000] {logging_mixin.py:190} INFO - [2026-08-28T12:08:15.797+0000] {dag.py:4180} INFO - Setting next_dagrun for airbyte_to_dbt_pipeline_prod to 2026-08-28 11:00:00+00:00, run_after=2026-08-28 12:00:00+00:00
[2026-08-28T12:08:15.818+0000] {processor.py:208} INFO - Processing /opt/airflow/dags/prod/airbyte_to_dbt_prod.py took 0.124 seconds
[2026-08-28T12:08:45.992+0000] {processor.py:186} INFO - Started process (PID=828) to work on /opt/airflow/dags/prod/airbyte_to_dbt_prod.py
[2026-08-28T12:08:45.993+0000] {processor.py:914} INFO - Processing file /opt/airflow/dags/prod/airbyte_to_dbt_prod.py for tasks to queue
[2026-08-28T12:08:45.996+0000] {logging_mixin.py:190} INFO - [2026-08-28T12:08:45.996+0000] {dagbag.py:588} INFO - Filling up the DagBag from /opt/airflow/dags/prod/airbyte_to_dbt_prod.py
[2026-08-28T12:08:46.022+0000] {processor.py:925} INFO - DAG(s) 'airbyte_to_dbt_pipeline_prod' retrieved from /opt/airflow/dags/prod/airbyte_to_dbt_prod.py
[2026-08-28T12:08:46.062+0000] {logging_mixin.py:190} INFO - [2026-08-28T12:08:46.062+0000] {dag.py:3239} INFO - Sync 1 DAGs
[2026-08-28T12:08:46.091+0000] {logging_mixin.py:190} INFO - [2026-08-28T12:08:46.091+0000] {dag.py:4180} INFO - Setting next_dagrun for airbyte_to_dbt_pipeline_prod to 2026-08-28 11:00:00+00:00, run_after=2026-08-28 12:00:00+00:00
[2026-08-28T12:08:46.113+0000] {processor.py:208} INFO - Processing /opt/airflow/dags/prod/airbyte_to_dbt_prod.py took 0.128 seconds
[2026-08-28T12:09:16.151+0000] {processor.py:186} INFO - Started process (PID=838) to work on /opt/airflow/dags/prod/airbyte_to_dbt_prod.py
[2026-08-28T12:09:16.152+0000] {processor.py:914} INFO - Processing file /opt/airflow/dags/prod/airbyte_to_dbt_prod.py for tasks to queue
[2026-08-28T12:09:16.155+0000] {logging_mixin.py:190} INFO - [2026-08-28T12:09:16.155+0000] {dagbag.py:588} INFO - Filling up the DagBag from /opt/airflow/dags/prod/airbyte_to_dbt_prod.py
[2026-08-28T12:09:16.175+0000] {processor.py:925} INFO - DAG(s) 'airbyte_to_dbt_pipeline_prod' retrieved from /opt/airflow/dags/prod/airbyte_to_dbt_prod.py
[2026-08-28T12:09:16.213+0000] {logging_mixin.py:190} INFO - [2026-08-28T12:09:16.212+0000] {dag.py:3239} INFO - Sync 1 DAGs
[2026-08-28T12:09:16.244+0000] {logging_mixin.py:190} INFO - [2026-08-28T12:09:16.244+0000] {dag.py:4180} INFO - Setting next_dagrun for airbyte_to_dbt_pipeline_prod to 2026-08-28 11:00:00+00:00, run_after=2026-08-28 12:00:00+00:00
[2026-08-28T12:09:16.266+0000] {processor.py:208} INFO - Processing /opt/airflow/dags/prod/airbyte_to_dbt_prod.py took 0.122 seconds
[2026-08-28T12:09:46.448+0000] {processor.py:186} INFO - Started process (PID=848) to work on /opt/airflow/dags/prod/airbyte_to_dbt_prod.py
[2026-08-28T12:09:46.450+0000] {processor.py:914} INFO - Processing file /opt/airflow/dags/prod/airbyte_to_dbt_prod.py for tasks to queue
[2026-08-28T12:09:46.453+0000] {logging_mixin.py:190} INFO - [2026-08-28T12:09:46.453+0000] {dagbag.py:588} INFO - Filling up the DagBag from /opt/airflow/dags/prod/airbyte_to_dbt_prod.py
[2026-08-28T12:09:46.475+0000] {processor.py:925} INFO - DAG(s) 'airbyte_to_dbt_pipeline_prod' retrieved from /opt/airflow/dags/prod/airbyte_to_dbt_prod.py
[2026-08-28T12:09:46.513+0000] {logging_mixin.py:190} INFO - [2026-08-28T12:09:46.513+0000] {dag.py:3239} INFO - Sync 1 DAGs
[2026-08-28T12:09:46.542+0000] {logging_mixin.py:190} INFO - [2026-08-28T12:09:46.542+0000] {dag.py:4180} INFO - Setting next_dagrun for airbyte_to_dbt_pipeline_prod to 2026-08-28 11:00:00+00:00, run_after=2026-08-28 12:00:00+00:00
[2026-08-28T12:09:46.566+0000] {processor.py:208} INFO - Processing /opt/airflow/dags/prod/airbyte_to_dbt_prod.py took 0.127 seconds
[2026-08-28T12:10:16.725+0000] {processor.py:186} INFO - Started process (PID=858) to work on /opt/airflow/dags/prod/airbyte_to_dbt_prod.py
[2026-08-28T12:10:16.726+0000] {processor.py:914} INFO - Processing file /opt/airflow/dags/prod/airbyte_to_dbt_prod.py for tasks to queue
[2026-08-28T12:10:16.729+0000] {logging_mixin.py:190} INFO - [2026-08-28T12:10:16.729+0000] {dagbag.py:588} INFO - Filling up the DagBag from /opt/airflow/dags/prod/airbyte_to_dbt_prod.py
[2026-08-28T12:10:16.750+0000] {processor.py:925} INFO - DAG(s) 'airbyte_to_dbt_pipeline_prod' retrieved from /opt/airflow/dags/prod/airbyte_to_dbt_prod.py
[2026-08-28T12:10:16.788+0000] {logging_mixin.py:190} INFO - [2026-08-28T12:10:16.787+0000] {dag.py:3239} INFO - Sync 1 DAGs
[2026-08-28T12:10:16.819+0000] {logging_mixin.py:190} INFO - [2026-08-28T12:10:16.818+0000] {dag.py:4180} INFO - Setting next_dagrun for airbyte_to_dbt_pipeline_prod to 2026-08-28 11:00:00+00:00, run_after=2026-08-28 12:00:00+00:00
[2026-08-28T12:10:16.840+0000] {processor.py:208} INFO - Processing /opt/airflow/dags/prod/airbyte_to_dbt_prod.py took 0.122 seconds
[2026-08-28T12:10:47.002+0000] {processor.py:186} INFO - Started process (PID=868) to work on /opt/airflow/dags/prod/airbyte_to_dbt_prod.py
[2026-08-28T12:10:47.003+0000] {processor.py:914} INFO - Processing file /opt/airflow/dags/prod/airbyte_to_dbt_prod.py for tasks to queue
[2026-08-28T12:10:47.007+0000] {logging_mixin.py:190} INFO - [2026-08-28T12:10:47.006+0000] {dagbag.py:588} INFO - Filling up the DagBag from /opt/airflow/dags/prod/airbyte_to_dbt_prod.py
[2026-08-28T12:10:47.028+0000] {processor.py:925} INFO - DAG(s) 'airbyte_to_dbt_pipeline_prod' retrieved from /opt/airflow/dags/prod/airbyte_to_dbt_prod.py
[2026-08-28T12:10:47.066+0000] {logging_mixin.py:190} INFO - [2026-08-28T12:10:47.066+0000] {dag.py:3239} INFO - Sync 1 DAGs
[2026-08-28T12:10:47.095+0000] {logging_mixin.py:190} INFO - [2026-08-28T12:10:47.095+0000] {dag.py:4180} INFO - Setting next_dagrun for airbyte_to_dbt_pipeline_prod to 2026-08-28 11:00:00+00:00, run_after=2026-08-28 12:00:00+00:00
[2026-08-28T12:10:47.114+0000] {processor.py:208} INFO - Processing /opt/airflow/dags/prod/airbyte_to_dbt_prod.py took 0.121 seconds
[2026-08-28T12:11:17.274+0000] {processor.py:186} INFO - Started process (PID=878) to work on /opt/airflow/dags/prod/airbyte_to_dbt_prod.py
[2026-08-28T12:11:17.275+0000] {processor.py:914} INFO - Processing file /opt/airflow/dags/prod/airbyte_to_dbt_prod.py for tasks to queue
[2026-08-28T12:11:17.278+0000] {logging_mixin.py:190} INFO - [2026-08-28T12:11:17.278+0000] {dagbag.py:588} INFO - Filling up the DagBag from /opt/airflow/dags/prod/airbyte_to_dbt_prod.py
[2026-08-28T12:11:17.298+0000] {processor.py:925} INFO - DAG(s) 'airbyte_to_dbt_pipeline_prod' retrieved from /opt/airflow/dags/prod/airbyte_to_dbt_prod.py
[2026-08-28T12:11:17.338+0000] {logging_mixin.py:190} INFO - [2026-08-28T12:11:17.338+0000] {dag.py:3239} INFO - Sync 1 DAGs
[2026-08-28T12:11:17.365+0000] {logging_mixin.py:190} INFO - [2026-08-28T12:11:17.365+0000] {dag.py:4180} INFO - Setting next_dagrun for airbyte_to_dbt_pipeline_prod to 2026-08-28 11:00:00+00:00, run_after=2026-08-28 12:00:00+00:00
[2026-08-28T12:11:17.386+0000] {processor.py:208} INFO - Processing /opt/airflow/dags/prod/airbyte_to_dbt_prod.py took 0.120 seconds
[2026-08-28T12:11:47.592+0000] {processor.py:186} INFO - Started process (PID=888) to work on /opt/airflow/dags/prod/airbyte_to_dbt_prod.py
[2026-08-28T12:11:47.594+0000] {processor.py:914} INFO - Processing file /opt/airflow/dags/prod/airbyte_to_dbt_prod.py for tasks to queue
[2026-08-28T12:11:47.597+0000] {logging_mixin.py:190} INFO - [2026-08-28T12:11:47.597+0000] {dagbag.py:588} INFO - Filling up the DagBag from /opt/airflow/dags/prod/airbyte_to_dbt_prod.py
[2026-08-28T12:11:47.618+0000] {processor.py:925} INFO - DAG(s) 'airbyte_to_dbt_pipeline_prod' retrieved from /opt/airflow/dags/prod/airbyte_to_dbt_prod.py
[2026-08-28T12:11:47.656+0000] {logging_mixin.py:190} INFO - [2026-08-28T12:11:47.655+0000] {dag.py:3239} INFO - Sync 1 DAGs
[2026-08-28T12:11:47.685+0000] {logging_mixin.py:190} INFO - [2026-08-28T12:11:47.684+0000] {dag.py:4180} INFO - Setting next_dagrun for airbyte_to_dbt_pipeline_prod to 2026-08-28 11:00:00+00:00, run_after=2026-08-28 12:00:00+00:00
[2026-08-28T12:11:47.709+0000] {processor.py:208} INFO - Processing /opt/airflow/dags/prod/airbyte_to_dbt_prod.py took 0.124 seconds
[2026-08-28T12:12:18.385+0000] {processor.py:186} INFO - Started process (PID=898) to work on /opt/airflow/dags/prod/airbyte_to_dbt_prod.py
[2026-08-28T12:12:18.387+0000] {processor.py:914} INFO - Processing file /opt/airflow/dags/prod/airbyte_to_dbt_prod.py for tasks to queue
[2026-08-28T12:12:18.391+0000] {logging_mixin.py:190} INFO - [2026-08-28T12:12:18.390+0000] {dagbag.py:588} INFO - Filling up the DagBag from /opt/airflow/dags/prod/airbyte_to_dbt_prod.py
[2026-08-28T12:12:18.420+0000] {processor.py:925} INFO - DAG(s) 'airbyte_to_dbt_pipeline_prod' retrieved from /opt/airflow/dags/prod/airbyte_to_dbt_prod.py
[2026-08-28T12:12:18.461+0000] {logging_mixin.py:190} INFO - [2026-08-28T12:12:18.461+0000] {dag.py:3239} INFO - Sync 1 DAGs
[2026-08-28T12:12:18.495+0000] {logging_mixin.py:190} INFO - [2026-08-28T12:12:18.495+0000] {dag.py:4180} INFO - Setting next_dagrun for airbyte_to_dbt_pipeline_prod to 2026-08-28 11:00:00+00:00, run_after=2026-08-28 12:00:00+00:00
[2026-08-28T12:12:18.522+0000] {processor.py:208} INFO - Processing /opt/airflow/dags/prod/airbyte_to_dbt_prod.py took 0.147 seconds
[2026-08-28T12:12:48.716+0000] {processor.py:186} INFO - Started process (PID=908) to work on /opt/airflow/dags/prod/airbyte_to_dbt_prod.py
[2026-08-28T12:12:48.718+0000] {processor.py:914} INFO - Processing file /opt/airflow/dags/prod/airbyte_to_dbt_prod.py for tasks to queue
[2026-08-28T12:12:48.721+0000] {logging_mixin.py:190} INFO - [2026-08-28T12:12:48.721+0000] {dagbag.py:588} INFO - Filling up the DagBag from /opt/airflow/dags/prod/airbyte_to_dbt_prod.py
[2026-08-28T12:12:48.745+0000] {processor.py:925} INFO - DAG(s) 'airbyte_to_dbt_pipeline_prod' retrieved from /opt/airflow/dags/prod/airbyte_to_dbt_prod.py
[2026-08-28T12:12:48.785+0000] {logging_mixin.py:190} INFO - [2026-08-28T12:12:48.785+0000] {dag.py:3239} INFO - Sync 1 DAGs
[2026-08-28T12:12:48.820+0000] {logging_mixin.py:190} INFO - [2026-08-28T12:12:48.820+0000] {dag.py:4180} INFO - Setting next_dagrun for airbyte_to_dbt_pipeline_prod to 2026-08-28 11:00:00+00:00, run_after=2026-08-28 12:00:00+00:00
[2026-08-28T12:12:48.844+0000] {processor.py:208} INFO - Processing /opt/airflow/dags/prod/airbyte_to_dbt_prod.py took 0.136 seconds
[2026-08-28T12:13:19.026+0000] {processor.py:186} INFO - Started process (PID=918) to work on /opt/airflow/dags/prod/airbyte_to_dbt_prod.py
[2026-08-28T12:13:19.027+0000] {processor.py:914} INFO - Processing file /opt/airflow/dags/prod/airbyte_to_dbt_prod.py for tasks to queue
[2026-08-28T12:13:19.030+0000] {logging_mixin.py:190} INFO - [2026-08-28T12:13:19.030+0000] {dagbag.py:588} INFO - Filling up the DagBag from /opt/airflow/dags/prod/airbyte_to_dbt_prod.py
[2026-08-28T12:13:19.053+0000] {processor.py:925} INFO - DAG(s) 'airbyte_to_dbt_pipeline_prod' retrieved from /opt/airflow/dags/prod/airbyte_to_dbt_prod.py
[2026-08-28T12:13:19.094+0000] {logging_mixin.py:190} INFO - [2026-08-28T12:13:19.094+0000] {dag.py:3239} INFO - Sync 1 DAGs
[2026-08-28T12:13:19.123+0000] {logging_mixin.py:190} INFO - [2026-08-28T12:13:19.123+0000] {dag.py:4180} INFO - Setting next_dagrun for airbyte_to_dbt_pipeline_prod to 2026-08-28 11:00:00+00:00, run_after=2026-08-28 12:00:00+00:00
[2026-08-28T12:13:19.147+0000] {processor.py:208} INFO - Processing /opt/airflow/dags/prod/airbyte_to_dbt_prod.py took 0.129 seconds
[2026-08-28T12:13:49.374+0000] {processor.py:186} INFO - Started process (PID=928) to work on /opt/airflow/dags/prod/airbyte_to_dbt_prod.py
[2026-08-28T12:13:49.376+0000] {processor.py:914} INFO - Processing file /opt/airflow/dags/prod/airbyte_to_dbt_prod.py for tasks to queue
[2026-08-28T12:13:49.379+0000] {logging_mixin.py:190} INFO - [2026-08-28T12:13:49.378+0000] {dagbag.py:588} INFO - Filling up the DagBag from /opt/airflow/dags/prod/airbyte_to_dbt_prod.py
[2026-08-28T12:13:49.408+0000] {processor.py:925} INFO - DAG(s) 'airbyte_to_dbt_pipeline_prod' retrieved from /opt/airflow/dags/prod/airbyte_to_dbt_prod.py
[2026-08-28T12:13:49.504+0000] {logging_mixin.py:190} INFO - [2026-08-28T12:13:49.503+0000] {dag.py:3239} INFO - Sync 1 DAGs
[2026-08-28T12:13:49.561+0000] {logging_mixin.py:190} INFO - [2026-08-28T12:13:49.561+0000] {dag.py:4180} INFO - Setting next_dagrun for airbyte_to_dbt_pipeline_prod to 2026-08-28 11:00:00+00:00, run_after=2026-08-28 12:00:00+00:00
[2026-08-28T12:13:49.590+0000] {processor.py:208} INFO - Processing /opt/airflow/dags/prod/airbyte_to_dbt_prod.py took 0.225 seconds
[2026-08-28T12:14:19.773+0000] {processor.py:186} INFO - Started process (PID=938) to work on /opt/airflow/dags/prod/airbyte_to_dbt_prod.py
[2026-08-28T12:14:19.774+0000] {processor.py:914} INFO - Processing file /opt/airflow/dags/prod/airbyte_to_dbt_prod.py for tasks to queue
[2026-08-28T12:14:19.778+0000] {logging_mixin.py:190} INFO - [2026-08-28T12:14:19.777+0000] {dagbag.py:588} INFO - Filling up the DagBag from /opt/airflow/dags/prod/airbyte_to_dbt_prod.py
[2026-08-28T12:14:19.803+0000] {processor.py:925} INFO - DAG(s) 'airbyte_to_dbt_pipeline_prod' retrieved from /opt/airflow/dags/prod/airbyte_to_dbt_prod.py
[2026-08-28T12:14:19.852+0000] {logging_mixin.py:190} INFO - [2026-08-28T12:14:19.852+0000] {dag.py:3239} INFO - Sync 1 DAGs
[2026-08-28T12:14:19.887+0000] {logging_mixin.py:190} INFO - [2026-08-28T12:14:19.886+0000] {dag.py:4180} INFO - Setting next_dagrun for airbyte_to_dbt_pipeline_prod to 2026-08-28 11:00:00+00:00, run_after=2026-08-28 12:00:00+00:00
[2026-08-28T12:14:19.915+0000] {processor.py:208} INFO - Processing /opt/airflow/dags/prod/airbyte_to_dbt_prod.py took 0.150 seconds
[2026-08-28T12:14:50.086+0000] {processor.py:186} INFO - Started process (PID=948) to work on /opt/airflow/dags/prod/airbyte_to_dbt_prod.py
[2026-08-28T12:14:50.087+0000] {processor.py:914} INFO - Processing file /opt/airflow/dags/prod/airbyte_to_dbt_prod.py for tasks to queue
[2026-08-28T12:14:50.090+0000] {logging_mixin.py:190} INFO - [2026-08-28T12:14:50.090+0000] {dagbag.py:588} INFO - Filling up the DagBag from /opt/airflow/dags/prod/airbyte_to_dbt_prod.py
[2026-08-28T12:14:50.112+0000] {processor.py:925} INFO - DAG(s) 'airbyte_to_dbt_pipeline_prod' retrieved from /opt/airflow/dags/prod/airbyte_to_dbt_prod.py
[2026-08-28T12:14:50.149+0000] {logging_mixin.py:190} INFO - [2026-08-28T12:14:50.149+0000] {dag.py:3239} INFO - Sync 1 DAGs
[2026-08-28T12:14:50.179+0000] {logging_mixin.py:190} INFO - [2026-08-28T12:14:50.179+0000] {dag.py:4180} INFO - Setting next_dagrun for airbyte_to_dbt_pipeline_prod to 2026-08-28 11:00:00+00:00, run_after=2026-08-28 12:00:00+00:00
[2026-08-28T12:14:50.206+0000] {processor.py:208} INFO - Processing /opt/airflow/dags/prod/airbyte_to_dbt_prod.py took 0.129 seconds
[2026-08-28T12:15:20.369+0000] {processor.py:186} INFO - Started process (PID=958) to work on /opt/airflow/dags/prod/airbyte_to_dbt_prod.py
[2026-08-28T12:15:20.370+0000] {processor.py:914} INFO - Processing file /opt/airflow/dags/prod/airbyte_to_dbt_prod.py for tasks to queue
[2026-08-28T12:15:20.374+0000] {logging_mixin.py:190} INFO - [2026-08-28T12:15:20.373+0000] {dagbag.py:588} INFO - Filling up the DagBag from /opt/airflow/dags/prod/airbyte_to_dbt_prod.py
[2026-08-28T12:15:20.396+0000] {processor.py:925} INFO - DAG(s) 'airbyte_to_dbt_pipeline_prod' retrieved from /opt/airflow/dags/prod/airbyte_to_dbt_prod.py
[2026-08-28T12:15:20.440+0000] {logging_mixin.py:190} INFO - [2026-08-28T12:15:20.439+0000] {dag.py:3239} INFO - Sync 1 DAGs
[2026-08-28T12:15:20.469+0000] {logging_mixin.py:190} INFO - [2026-08-28T12:15:20.469+0000] {dag.py:4180} INFO - Setting next_dagrun for airbyte_to_dbt_pipeline_prod to 2026-08-28 11:00:00+00:00, run_after=2026-08-28 12:00:00+00:00
[2026-08-28T12:15:20.493+0000] {processor.py:208} INFO - Processing /opt/airflow/dags/prod/airbyte_to_dbt_prod.py took 0.132 seconds
[2026-08-28T12:15:50.659+0000] {processor.py:186} INFO - Started process (PID=968) to work on /opt/airflow/dags/prod/airbyte_to_dbt_prod.py
[2026-08-28T12:15:50.661+0000] {processor.py:914} INFO - Processing file /opt/airflow/dags/prod/airbyte_to_dbt_prod.py for tasks to queue
[2026-08-28T12:15:50.664+0000] {logging_mixin.py:190} INFO - [2026-08-28T12:15:50.663+0000] {dagbag.py:588} INFO - Filling up the DagBag from /opt/airflow/dags/prod/airbyte_to_dbt_prod.py
[2026-08-28T12:15:50.684+0000] {processor.py:925} INFO - DAG(s) 'airbyte_to_dbt_pipeline_prod' retrieved from /opt/airflow/dags/prod/airbyte_to_dbt_prod.py
[2026-08-28T12:15:50.722+0000] {logging_mixin.py:190} INFO - [2026-08-28T12:15:50.722+0000] {dag.py:3239} INFO - Sync 1 DAGs
[2026-08-28T12:15:50.751+0000] {logging_mixin.py:190} INFO - [2026-08-28T12:15:50.751+0000] {dag.py:4180} INFO - Setting next_dagrun for airbyte_to_dbt_pipeline_prod to 2026-08-28 11:00:00+00:00, run_after=2026-08-28 12:00:00+00:00
[2026-08-28T12:15:50.773+0000] {processor.py:208} INFO - Processing /opt/airflow/dags/prod/airbyte_to_dbt_prod.py took 0.122 seconds
[2026-08-28T12:16:20.948+0000] {processor.py:186} INFO - Started process (PID=978) to work on /opt/airflow/dags/prod/airbyte_to_dbt_prod.py
[2026-08-28T12:16:20.949+0000] {processor.py:914} INFO - Processing file /opt/airflow/dags/prod/airbyte_to_dbt_prod.py for tasks to queue
[2026-08-28T12:16:20.952+0000] {logging_mixin.py:190} INFO - [2026-08-28T12:16:20.952+0000] {dagbag.py:588} INFO - Filling up the DagBag from /opt/airflow/dags/prod/airbyte_to_dbt_prod.py
[2026-08-28T12:16:20.973+0000] {processor.py:925} INFO - DAG(s) 'airbyte_to_dbt_pipeline_prod' retrieved from /opt/airflow/dags/prod/airbyte_to_dbt_prod.py
[2026-08-28T12:16:21.011+0000] {logging_mixin.py:190} INFO - [2026-08-28T12:16:21.011+0000] {dag.py:3239} INFO - Sync 1 DAGs
[2026-08-28T12:16:21.041+0000] {logging_mixin.py:190} INFO - [2026-08-28T12:16:21.041+0000] {dag.py:4180} INFO - Setting next_dagrun for airbyte_to_dbt_pipeline_prod to 2026-08-28 11:00:00+00:00, run_after=2026-08-28 12:00:00+00:00
[2026-08-28T12:16:21.063+0000] {processor.py:208} INFO - Processing /opt/airflow/dags/prod/airbyte_to_dbt_prod.py took 0.124 seconds
[2026-08-28T12:16:51.225+0000] {processor.py:186} INFO - Started process (PID=988) to work on /opt/airflow/dags/prod/airbyte_to_dbt_prod.py
[2026-08-28T12:16:51.227+0000] {processor.py:914} INFO - Processing file /opt/airflow/dags/prod/airbyte_to_dbt_prod.py for tasks to queue
[2026-08-28T12:16:51.230+0000] {logging_mixin.py:190} INFO - [2026-08-28T12:16:51.230+0000] {dagbag.py:588} INFO - Filling up the DagBag from /opt/airflow/dags/prod/airbyte_to_dbt_prod.py
[2026-08-28T12:16:51.253+0000] {processor.py:925} INFO - DAG(s) 'airbyte_to_dbt_pipeline_prod' retrieved from /opt/airflow/dags/prod/airbyte_to_dbt_prod.py
[2026-08-28T12:16:51.293+0000] {logging_mixin.py:190} INFO - [2026-08-28T12:16:51.293+0000] {dag.py:3239} INFO - Sync 1 DAGs
[2026-08-28T12:16:51.325+0000] {logging_mixin.py:190} INFO - [2026-08-28T12:16:51.325+0000] {dag.py:4180} INFO - Setting next_dagrun for airbyte_to_dbt_pipeline_prod to 2026-08-28 11:00:00+00:00, run_after=2026-08-28 12:00:00+00:00
[2026-08-28T12:16:51.350+0000] {processor.py:208} INFO - Processing /opt/airflow/dags/prod/airbyte_to_dbt_prod.py took 0.133 seconds
[2026-08-28T12:17:21.533+0000] {processor.py:186} INFO - Started process (PID=998) to work on /opt/airflow/dags/prod/airbyte_to_dbt_prod.py
[2026-08-28T12:17:21.535+0000] {processor.py:914} INFO - Processing file /opt/airflow/dags/prod/airbyte_to_dbt_prod.py for tasks to queue
[2026-08-28T12:17:21.539+0000] {logging_mixin.py:190} INFO - [2026-08-28T12:17:21.538+0000] {dagbag.py:588} INFO - Filling up the DagBag from /opt/airflow/dags/prod/airbyte_to_dbt_prod.py
[2026-08-28T12:17:21.571+0000] {processor.py:925} INFO - DAG(s) 'airbyte_to_dbt_pipeline_prod' retrieved from /opt/airflow/dags/prod/airbyte_to_dbt_prod.py
[2026-08-28T12:17:21.624+0000] {logging_mixin.py:190} INFO - [2026-08-28T12:17:21.624+0000] {dag.py:3239} INFO - Sync 1 DAGs
[2026-08-28T12:17:21.671+0000] {logging_mixin.py:190} INFO - [2026-08-28T12:17:21.671+0000] {dag.py:4180} INFO - Setting next_dagrun for airbyte_to_dbt_pipeline_prod to 2026-08-28 11:00:00+00:00, run_after=2026-08-28 12:00:00+00:00
[2026-08-28T12:17:21.706+0000] {processor.py:208} INFO - Processing /opt/airflow/dags/prod/airbyte_to_dbt_prod.py took 0.184 seconds
[2026-08-28T12:17:51.923+0000] {processor.py:186} INFO - Started process (PID=1008) to work on /opt/airflow/dags/prod/airbyte_to_dbt_prod.py
[2026-08-28T12:17:51.926+0000] {processor.py:914} INFO - Processing file /opt/airflow/dags/prod/airbyte_to_dbt_prod.py for tasks to queue
[2026-08-28T12:17:51.934+0000] {logging_mixin.py:190} INFO - [2026-08-28T12:17:51.933+0000] {dagbag.py:588} INFO - Filling up the DagBag from /opt/airflow/dags/prod/airbyte_to_dbt_prod.py
[2026-08-28T12:17:51.981+0000] {processor.py:925} INFO - DAG(s) 'airbyte_to_dbt_pipeline_prod' retrieved from /opt/airflow/dags/prod/airbyte_to_dbt_prod.py
[2026-08-28T12:17:52.057+0000] {logging_mixin.py:190} INFO - [2026-08-28T12:17:52.056+0000] {dag.py:3239} INFO - Sync 1 DAGs
[2026-08-28T12:17:52.118+0000] {logging_mixin.py:190} INFO - [2026-08-28T12:17:52.118+0000] {dag.py:4180} INFO - Setting next_dagrun for airbyte_to_dbt_pipeline_prod to 2026-08-28 11:00:00+00:00, run_after=2026-08-28 12:00:00+00:00
[2026-08-28T12:17:52.148+0000] {processor.py:208} INFO - Processing /opt/airflow/dags/prod/airbyte_to_dbt_prod.py took 0.241 seconds
[2026-08-28T12:18:22.333+0000] {processor.py:186} INFO - Started process (PID=1018) to work on /opt/airflow/dags/prod/airbyte_to_dbt_prod.py
[2026-08-28T12:18:22.334+0000] {processor.py:914} INFO - Processing file /opt/airflow/dags/prod/airbyte_to_dbt_prod.py for tasks to queue
[2026-08-28T12:18:22.337+0000] {logging_mixin.py:190} INFO - [2026-08-28T12:18:22.337+0000] {dagbag.py:588} INFO - Filling up the DagBag from /opt/airflow/dags/prod/airbyte_to_dbt_prod.py
[2026-08-28T12:18:22.359+0000] {processor.py:925} INFO - DAG(s) 'airbyte_to_dbt_pipeline_prod' retrieved from /opt/airflow/dags/prod/airbyte_to_dbt_prod.py
[2026-08-28T12:18:22.395+0000] {logging_mixin.py:190} INFO - [2026-08-28T12:18:22.395+0000] {dag.py:3239} INFO - Sync 1 DAGs
[2026-08-28T12:18:22.421+0000] {logging_mixin.py:190} INFO - [2026-08-28T12:18:22.421+0000] {dag.py:4180} INFO - Setting next_dagrun for airbyte_to_dbt_pipeline_prod to 2026-08-28 11:00:00+00:00, run_after=2026-08-28 12:00:00+00:00
[2026-08-28T12:18:22.444+0000] {processor.py:208} INFO - Processing /opt/airflow/dags/prod/airbyte_to_dbt_prod.py took 0.118 seconds
[2026-08-28T12:18:52.602+0000] {processor.py:186} INFO - Started process (PID=1028) to work on /opt/airflow/dags/prod/airbyte_to_dbt_prod.py
[2026-08-28T12:18:52.604+0000] {processor.py:914} INFO - Processing file /opt/airflow/dags/prod/airbyte_to_dbt_prod.py for tasks to queue
[2026-08-28T12:18:52.607+0000] {logging_mixin.py:190} INFO - [2026-08-28T12:18:52.606+0000] {dagbag.py:588} INFO - Filling up the DagBag from /opt/airflow/dags/prod/airbyte_to_dbt_prod.py
[2026-08-28T12:18:52.629+0000] {processor.py:925} INFO - DAG(s) 'airbyte_to_dbt_pipeline_prod' retrieved from /opt/airflow/dags/prod/airbyte_to_dbt_prod.py
[2026-08-28T12:18:52.666+0000] {logging_mixin.py:190} INFO - [2026-08-28T12:18:52.666+0000] {dag.py:3239} INFO - Sync 1 DAGs
[2026-08-28T12:18:52.694+0000] {logging_mixin.py:190} INFO - [2026-08-28T12:18:52.693+0000] {dag.py:4180} INFO - Setting next_dagrun for airbyte_to_dbt_pipeline_prod to 2026-08-28 11:00:00+00:00, run_after=2026-08-28 12:00:00+00:00
[2026-08-28T12:18:52.716+0000] {processor.py:208} INFO - Processing /opt/airflow/dags/prod/airbyte_to_dbt_prod.py took 0.121 seconds
[2026-08-28T12:19:22.890+0000] {processor.py:186} INFO - Started process (PID=1038) to work on /opt/airflow/dags/prod/airbyte_to_dbt_prod.py
[2026-08-28T12:19:22.892+0000] {processor.py:914} INFO - Processing file /opt/airflow/dags/prod/airbyte_to_dbt_prod.py for tasks to queue
[2026-08-28T12:19:22.897+0000] {logging_mixin.py:190} INFO - [2026-08-28T12:19:22.896+0000] {dagbag.py:588} INFO - Filling up the DagBag from /opt/airflow/dags/prod/airbyte_to_dbt_prod.py
[2026-08-28T12:19:22.923+0000] {processor.py:925} INFO - DAG(s) 'airbyte_to_dbt_pipeline_prod' retrieved from /opt/airflow/dags/prod/airbyte_to_dbt_prod.py
[2026-08-28T12:19:22.977+0000] {logging_mixin.py:190} INFO - [2026-08-28T12:19:22.976+0000] {dag.py:3239} INFO - Sync 1 DAGs
[2026-08-28T12:19:23.014+0000] {logging_mixin.py:190} INFO - [2026-08-28T12:19:23.014+0000] {dag.py:4180} INFO - Setting next_dagrun for airbyte_to_dbt_pipeline_prod to 2026-08-28 11:00:00+00:00, run_after=2026-08-28 12:00:00+00:00
[2026-08-28T12:19:23.049+0000] {processor.py:208} INFO - Processing /opt/airflow/dags/prod/airbyte_to_dbt_prod.py took 0.168 seconds
[2026-08-28T12:19:53.210+0000] {processor.py:186} INFO - Started process (PID=1048) to work on /opt/airflow/dags/prod/airbyte_to_dbt_prod.py
[2026-08-28T12:19:53.211+0000] {processor.py:914} INFO - Processing file /opt/airflow/dags/prod/airbyte_to_dbt_prod.py for tasks to queue
[2026-08-28T12:19:53.214+0000] {logging_mixin.py:190} INFO - [2026-08-28T12:19:53.214+0000] {dagbag.py:588} INFO - Filling up the DagBag from /opt/airflow/dags/prod/airbyte_to_dbt_prod.py
[2026-08-28T12:19:53.237+0000] {processor.py:925} INFO - DAG(s) 'airbyte_to_dbt_pipeline_prod' retrieved from /opt/airflow/dags/prod/airbyte_to_dbt_prod.py
[2026-08-28T12:19:53.279+0000] {logging_mixin.py:190} INFO - [2026-08-28T12:19:53.278+0000] {dag.py:3239} INFO - Sync 1 DAGs
[2026-08-28T12:19:53.309+0000] {logging_mixin.py:190} INFO - [2026-08-28T12:19:53.309+0000] {dag.py:4180} INFO - Setting next_dagrun for airbyte_to_dbt_pipeline_prod to 2026-08-28 11:00:00+00:00, run_after=2026-08-28 12:00:00+00:00
[2026-08-28T12:19:53.331+0000] {processor.py:208} INFO - Processing /opt/airflow/dags/prod/airbyte_to_dbt_prod.py took 0.132 seconds
[2026-08-28T12:20:23.470+0000] {processor.py:186} INFO - Started process (PID=1056) to work on /opt/airflow/dags/prod/airbyte_to_dbt_prod.py
[2026-08-28T12:20:23.471+0000] {processor.py:914} INFO - Processing file /opt/airflow/dags/prod/airbyte_to_dbt_prod.py for tasks to queue
[2026-08-28T12:20:23.475+0000] {logging_mixin.py:190} INFO - [2026-08-28T12:20:23.475+0000] {dagbag.py:588} INFO - Filling up the DagBag from /opt/airflow/dags/prod/airbyte_to_dbt_prod.py
[2026-08-28T12:20:23.512+0000] {processor.py:925} INFO - DAG(s) 'airbyte_to_dbt_pipeline_prod' retrieved from /opt/airflow/dags/prod/airbyte_to_dbt_prod.py
[2026-08-28T12:20:23.556+0000] {logging_mixin.py:190} INFO - [2026-08-28T12:20:23.556+0000] {dag.py:3239} INFO - Sync 1 DAGs
[2026-08-28T12:20:23.635+0000] {logging_mixin.py:190} INFO - [2026-08-28T12:20:23.634+0000] {dag.py:4180} INFO - Setting next_dagrun for airbyte_to_dbt_pipeline_prod to 2026-08-28 11:00:00+00:00, run_after=2026-08-28 12:00:00+00:00
[2026-08-28T12:20:23.661+0000] {processor.py:208} INFO - Processing /opt/airflow/dags/prod/airbyte_to_dbt_prod.py took 0.204 seconds
[2026-08-28T12:20:53.870+0000] {processor.py:186} INFO - Started process (PID=1066) to work on /opt/airflow/dags/prod/airbyte_to_dbt_prod.py
[2026-08-28T12:20:53.875+0000] {processor.py:914} INFO - Processing file /opt/airflow/dags/prod/airbyte_to_dbt_prod.py for tasks to queue
[2026-08-28T12:20:53.889+0000] {logging_mixin.py:190} INFO - [2026-08-28T12:20:53.889+0000] {dagbag.py:588} INFO - Filling up the DagBag from /opt/airflow/dags/prod/airbyte_to_dbt_prod.py
[2026-08-28T12:20:54.247+0000] {processor.py:925} INFO - DAG(s) 'airbyte_to_dbt_pipeline_prod' retrieved from /opt/airflow/dags/prod/airbyte_to_dbt_prod.py
[2026-08-28T12:20:54.513+0000] {logging_mixin.py:190} INFO - [2026-08-28T12:20:54.513+0000] {dag.py:3239} INFO - Sync 1 DAGs
[2026-08-28T12:20:54.595+0000] {logging_mixin.py:190} INFO - [2026-08-28T12:20:54.595+0000] {dag.py:4180} INFO - Setting next_dagrun for airbyte_to_dbt_pipeline_prod to 2026-08-28 11:00:00+00:00, run_after=2026-08-28 12:00:00+00:00
[2026-08-28T12:20:54.626+0000] {processor.py:208} INFO - Processing /opt/airflow/dags/prod/airbyte_to_dbt_prod.py took 0.774 seconds
[2026-08-28T12:21:24.969+0000] {processor.py:186} INFO - Started process (PID=1074) to work on /opt/airflow/dags/prod/airbyte_to_dbt_prod.py
[2026-08-28T12:21:24.971+0000] {processor.py:914} INFO - Processing file /opt/airflow/dags/prod/airbyte_to_dbt_prod.py for tasks to queue
[2026-08-28T12:21:24.990+0000] {logging_mixin.py:190} INFO - [2026-08-28T12:21:24.988+0000] {dagbag.py:588} INFO - Filling up the DagBag from /opt/airflow/dags/prod/airbyte_to_dbt_prod.py
[2026-08-28T12:21:25.041+0000] {processor.py:925} INFO - DAG(s) 'airbyte_to_dbt_pipeline_prod' retrieved from /opt/airflow/dags/prod/airbyte_to_dbt_prod.py
[2026-08-28T12:21:25.171+0000] {logging_mixin.py:190} INFO - [2026-08-28T12:21:25.170+0000] {dag.py:3239} INFO - Sync 1 DAGs
[2026-08-28T12:21:25.227+0000] {logging_mixin.py:190} INFO - [2026-08-28T12:21:25.227+0000] {dag.py:4180} INFO - Setting next_dagrun for airbyte_to_dbt_pipeline_prod to 2026-08-28 11:00:00+00:00, run_after=2026-08-28 12:00:00+00:00
[2026-08-28T12:21:25.295+0000] {processor.py:208} INFO - Processing /opt/airflow/dags/prod/airbyte_to_dbt_prod.py took 0.416 seconds
[2026-08-28T12:21:55.501+0000] {processor.py:186} INFO - Started process (PID=1086) to work on /opt/airflow/dags/prod/airbyte_to_dbt_prod.py
[2026-08-28T12:21:55.503+0000] {processor.py:914} INFO - Processing file /opt/airflow/dags/prod/airbyte_to_dbt_prod.py for tasks to queue
[2026-08-28T12:21:55.508+0000] {logging_mixin.py:190} INFO - [2026-08-28T12:21:55.506+0000] {dagbag.py:588} INFO - Filling up the DagBag from /opt/airflow/dags/prod/airbyte_to_dbt_prod.py
[2026-08-28T12:21:55.532+0000] {processor.py:925} INFO - DAG(s) 'airbyte_to_dbt_pipeline_prod' retrieved from /opt/airflow/dags/prod/airbyte_to_dbt_prod.py
[2026-08-28T12:21:55.592+0000] {logging_mixin.py:190} INFO - [2026-08-28T12:21:55.592+0000] {dag.py:3239} INFO - Sync 1 DAGs
[2026-08-28T12:21:55.655+0000] {logging_mixin.py:190} INFO - [2026-08-28T12:21:55.654+0000] {dag.py:4180} INFO - Setting next_dagrun for airbyte_to_dbt_pipeline_prod to 2026-08-28 11:00:00+00:00, run_after=2026-08-28 12:00:00+00:00
[2026-08-28T12:21:55.688+0000] {processor.py:208} INFO - Processing /opt/airflow/dags/prod/airbyte_to_dbt_prod.py took 0.205 seconds
[2026-08-28T12:22:25.856+0000] {processor.py:186} INFO - Started process (PID=1096) to work on /opt/airflow/dags/prod/airbyte_to_dbt_prod.py
[2026-08-28T12:22:25.856+0000] {processor.py:914} INFO - Processing file /opt/airflow/dags/prod/airbyte_to_dbt_prod.py for tasks to queue
[2026-08-28T12:22:25.860+0000] {logging_mixin.py:190} INFO - [2026-08-28T12:22:25.860+0000] {dagbag.py:588} INFO - Filling up the DagBag from /opt/airflow/dags/prod/airbyte_to_dbt_prod.py
[2026-08-28T12:22:25.887+0000] {processor.py:925} INFO - DAG(s) 'airbyte_to_dbt_pipeline_prod' retrieved from /opt/airflow/dags/prod/airbyte_to_dbt_prod.py
[2026-08-28T12:22:25.927+0000] {logging_mixin.py:190} INFO - [2026-08-28T12:22:25.927+0000] {dag.py:3239} INFO - Sync 1 DAGs
[2026-08-28T12:22:25.962+0000] {logging_mixin.py:190} INFO - [2026-08-28T12:22:25.962+0000] {dag.py:4180} INFO - Setting next_dagrun for airbyte_to_dbt_pipeline_prod to 2026-08-28 11:00:00+00:00, run_after=2026-08-28 12:00:00+00:00
[2026-08-28T12:22:25.985+0000] {processor.py:208} INFO - Processing /opt/airflow/dags/prod/airbyte_to_dbt_prod.py took 0.139 seconds
[2026-08-28T12:22:56.260+0000] {processor.py:186} INFO - Started process (PID=1106) to work on /opt/airflow/dags/prod/airbyte_to_dbt_prod.py
[2026-08-28T12:22:56.261+0000] {processor.py:914} INFO - Processing file /opt/airflow/dags/prod/airbyte_to_dbt_prod.py for tasks to queue
[2026-08-28T12:22:56.266+0000] {logging_mixin.py:190} INFO - [2026-08-28T12:22:56.265+0000] {dagbag.py:588} INFO - Filling up the DagBag from /opt/airflow/dags/prod/airbyte_to_dbt_prod.py
[2026-08-28T12:22:56.309+0000] {processor.py:925} INFO - DAG(s) 'airbyte_to_dbt_pipeline_prod' retrieved from /opt/airflow/dags/prod/airbyte_to_dbt_prod.py
[2026-08-28T12:22:56.375+0000] {logging_mixin.py:190} INFO - [2026-08-28T12:22:56.374+0000] {dag.py:3239} INFO - Sync 1 DAGs
[2026-08-28T12:22:56.419+0000] {logging_mixin.py:190} INFO - [2026-08-28T12:22:56.418+0000] {dag.py:4180} INFO - Setting next_dagrun for airbyte_to_dbt_pipeline_prod to 2026-08-28 11:00:00+00:00, run_after=2026-08-28 12:00:00+00:00
[2026-08-28T12:22:56.455+0000] {processor.py:208} INFO - Processing /opt/airflow/dags/prod/airbyte_to_dbt_prod.py took 0.207 seconds
[2026-08-28T12:23:26.665+0000] {processor.py:186} INFO - Started process (PID=1116) to work on /opt/airflow/dags/prod/airbyte_to_dbt_prod.py
[2026-08-28T12:23:26.666+0000] {processor.py:914} INFO - Processing file /opt/airflow/dags/prod/airbyte_to_dbt_prod.py for tasks to queue
[2026-08-28T12:23:26.671+0000] {logging_mixin.py:190} INFO - [2026-08-28T12:23:26.670+0000] {dagbag.py:588} INFO - Filling up the DagBag from /opt/airflow/dags/prod/airbyte_to_dbt_prod.py
[2026-08-28T12:23:26.704+0000] {processor.py:925} INFO - DAG(s) 'airbyte_to_dbt_pipeline_prod' retrieved from /opt/airflow/dags/prod/airbyte_to_dbt_prod.py
[2026-08-28T12:23:26.781+0000] {logging_mixin.py:190} INFO - [2026-08-28T12:23:26.781+0000] {dag.py:3239} INFO - Sync 1 DAGs
[2026-08-28T12:23:26.836+0000] {logging_mixin.py:190} INFO - [2026-08-28T12:23:26.835+0000] {dag.py:4180} INFO - Setting next_dagrun for airbyte_to_dbt_pipeline_prod to 2026-08-28 11:00:00+00:00, run_after=2026-08-28 12:00:00+00:00
[2026-08-28T12:23:26.866+0000] {processor.py:208} INFO - Processing /opt/airflow/dags/prod/airbyte_to_dbt_prod.py took 0.216 seconds
[2026-08-28T12:23:57.260+0000] {processor.py:186} INFO - Started process (PID=1124) to work on /opt/airflow/dags/prod/airbyte_to_dbt_prod.py
[2026-08-28T12:23:57.282+0000] {processor.py:914} INFO - Processing file /opt/airflow/dags/prod/airbyte_to_dbt_prod.py for tasks to queue
[2026-08-28T12:23:57.344+0000] {logging_mixin.py:190} INFO - [2026-08-28T12:23:57.338+0000] {dagbag.py:588} INFO - Filling up the DagBag from /opt/airflow/dags/prod/airbyte_to_dbt_prod.py
[2026-08-28T12:23:57.852+0000] {processor.py:925} INFO - DAG(s) 'airbyte_to_dbt_pipeline_prod' retrieved from /opt/airflow/dags/prod/airbyte_to_dbt_prod.py
[2026-08-28T12:23:58.041+0000] {logging_mixin.py:190} INFO - [2026-08-28T12:23:58.041+0000] {dag.py:3239} INFO - Sync 1 DAGs
[2026-08-28T12:23:58.188+0000] {logging_mixin.py:190} INFO - [2026-08-28T12:23:58.188+0000] {dag.py:4180} INFO - Setting next_dagrun for airbyte_to_dbt_pipeline_prod to 2026-08-28 11:00:00+00:00, run_after=2026-08-28 12:00:00+00:00
[2026-08-28T12:23:58.225+0000] {processor.py:208} INFO - Processing /opt/airflow/dags/prod/airbyte_to_dbt_prod.py took 1.029 seconds
[2026-08-28T12:24:28.379+0000] {processor.py:186} INFO - Started process (PID=1135) to work on /opt/airflow/dags/prod/airbyte_to_dbt_prod.py
[2026-08-28T12:24:28.394+0000] {processor.py:914} INFO - Processing file /opt/airflow/dags/prod/airbyte_to_dbt_prod.py for tasks to queue
[2026-08-28T12:24:28.516+0000] {logging_mixin.py:190} INFO - [2026-08-28T12:24:28.516+0000] {dagbag.py:588} INFO - Filling up the DagBag from /opt/airflow/dags/prod/airbyte_to_dbt_prod.py
[2026-08-28T12:24:28.639+0000] {processor.py:925} INFO - DAG(s) 'airbyte_to_dbt_pipeline_prod' retrieved from /opt/airflow/dags/prod/airbyte_to_dbt_prod.py
[2026-08-28T12:24:28.872+0000] {logging_mixin.py:190} INFO - [2026-08-28T12:24:28.871+0000] {dag.py:3239} INFO - Sync 1 DAGs
[2026-08-28T12:24:28.973+0000] {logging_mixin.py:190} INFO - [2026-08-28T12:24:28.972+0000] {dag.py:4180} INFO - Setting next_dagrun for airbyte_to_dbt_pipeline_prod to 2026-08-28 11:00:00+00:00, run_after=2026-08-28 12:00:00+00:00
[2026-08-28T12:24:28.996+0000] {processor.py:208} INFO - Processing /opt/airflow/dags/prod/airbyte_to_dbt_prod.py took 0.669 seconds
[2026-08-28T12:24:59.207+0000] {processor.py:186} INFO - Started process (PID=1144) to work on /opt/airflow/dags/prod/airbyte_to_dbt_prod.py
[2026-08-28T12:24:59.209+0000] {processor.py:914} INFO - Processing file /opt/airflow/dags/prod/airbyte_to_dbt_prod.py for tasks to queue
[2026-08-28T12:24:59.215+0000] {logging_mixin.py:190} INFO - [2026-08-28T12:24:59.215+0000] {dagbag.py:588} INFO - Filling up the DagBag from /opt/airflow/dags/prod/airbyte_to_dbt_prod.py
[2026-08-28T12:24:59.249+0000] {processor.py:925} INFO - DAG(s) 'airbyte_to_dbt_pipeline_prod' retrieved from /opt/airflow/dags/prod/airbyte_to_dbt_prod.py
[2026-08-28T12:24:59.319+0000] {logging_mixin.py:190} INFO - [2026-08-28T12:24:59.318+0000] {dag.py:3239} INFO - Sync 1 DAGs
[2026-08-28T12:24:59.371+0000] {logging_mixin.py:190} INFO - [2026-08-28T12:24:59.370+0000] {dag.py:4180} INFO - Setting next_dagrun for airbyte_to_dbt_pipeline_prod to 2026-08-28 11:00:00+00:00, run_after=2026-08-28 12:00:00+00:00
[2026-08-28T12:24:59.402+0000] {processor.py:208} INFO - Processing /opt/airflow/dags/prod/airbyte_to_dbt_prod.py took 0.226 seconds
[2026-08-28T12:25:29.583+0000] {processor.py:186} INFO - Started process (PID=1156) to work on /opt/airflow/dags/prod/airbyte_to_dbt_prod.py
[2026-08-28T12:25:29.585+0000] {processor.py:914} INFO - Processing file /opt/airflow/dags/prod/airbyte_to_dbt_prod.py for tasks to queue
[2026-08-28T12:25:29.591+0000] {logging_mixin.py:190} INFO - [2026-08-28T12:25:29.590+0000] {dagbag.py:588} INFO - Filling up the DagBag from /opt/airflow/dags/prod/airbyte_to_dbt_prod.py
[2026-08-28T12:25:29.620+0000] {processor.py:925} INFO - DAG(s) 'airbyte_to_dbt_pipeline_prod' retrieved from /opt/airflow/dags/prod/airbyte_to_dbt_prod.py
[2026-08-28T12:25:29.661+0000] {logging_mixin.py:190} INFO - [2026-08-28T12:25:29.661+0000] {dag.py:3239} INFO - Sync 1 DAGs
[2026-08-28T12:25:29.692+0000] {logging_mixin.py:190} INFO - [2026-08-28T12:25:29.692+0000] {dag.py:4180} INFO - Setting next_dagrun for airbyte_to_dbt_pipeline_prod to 2026-08-28 11:00:00+00:00, run_after=2026-08-28 12:00:00+00:00
[2026-08-28T12:25:29.718+0000] {processor.py:208} INFO - Processing /opt/airflow/dags/prod/airbyte_to_dbt_prod.py took 0.145 seconds
[2026-08-28T12:25:59.909+0000] {processor.py:186} INFO - Started process (PID=1166) to work on /opt/airflow/dags/prod/airbyte_to_dbt_prod.py
[2026-08-28T12:25:59.910+0000] {processor.py:914} INFO - Processing file /opt/airflow/dags/prod/airbyte_to_dbt_prod.py for tasks to queue
[2026-08-28T12:25:59.913+0000] {logging_mixin.py:190} INFO - [2026-08-28T12:25:59.912+0000] {dagbag.py:588} INFO - Filling up the DagBag from /opt/airflow/dags/prod/airbyte_to_dbt_prod.py
[2026-08-28T12:25:59.935+0000] {processor.py:925} INFO - DAG(s) 'airbyte_to_dbt_pipeline_prod' retrieved from /opt/airflow/dags/prod/airbyte_to_dbt_prod.py
[2026-08-28T12:25:59.990+0000] {logging_mixin.py:190} INFO - [2026-08-28T12:25:59.989+0000] {dag.py:3239} INFO - Sync 1 DAGs
[2026-08-28T12:26:00.032+0000] {logging_mixin.py:190} INFO - [2026-08-28T12:26:00.032+0000] {dag.py:4180} INFO - Setting next_dagrun for airbyte_to_dbt_pipeline_prod to 2026-08-28 11:00:00+00:00, run_after=2026-08-28 12:00:00+00:00
[2026-08-28T12:26:00.057+0000] {processor.py:208} INFO - Processing /opt/airflow/dags/prod/airbyte_to_dbt_prod.py took 0.157 seconds
[2026-08-28T12:26:30.215+0000] {processor.py:186} INFO - Started process (PID=1176) to work on /opt/airflow/dags/prod/airbyte_to_dbt_prod.py
[2026-08-28T12:26:30.217+0000] {processor.py:914} INFO - Processing file /opt/airflow/dags/prod/airbyte_to_dbt_prod.py for tasks to queue
[2026-08-28T12:26:30.220+0000] {logging_mixin.py:190} INFO - [2026-08-28T12:26:30.219+0000] {dagbag.py:588} INFO - Filling up the DagBag from /opt/airflow/dags/prod/airbyte_to_dbt_prod.py
[2026-08-28T12:26:30.241+0000] {processor.py:925} INFO - DAG(s) 'airbyte_to_dbt_pipeline_prod' retrieved from /opt/airflow/dags/prod/airbyte_to_dbt_prod.py
[2026-08-28T12:26:30.285+0000] {logging_mixin.py:190} INFO - [2026-08-28T12:26:30.284+0000] {dag.py:3239} INFO - Sync 1 DAGs
[2026-08-28T12:26:30.318+0000] {logging_mixin.py:190} INFO - [2026-08-28T12:26:30.318+0000] {dag.py:4180} INFO - Setting next_dagrun for airbyte_to_dbt_pipeline_prod to 2026-08-28 11:00:00+00:00, run_after=2026-08-28 12:00:00+00:00
[2026-08-28T12:26:30.347+0000] {processor.py:208} INFO - Processing /opt/airflow/dags/prod/airbyte_to_dbt_prod.py took 0.142 seconds
[2026-08-28T12:27:00.508+0000] {processor.py:186} INFO - Started process (PID=1186) to work on /opt/airflow/dags/prod/airbyte_to_dbt_prod.py
[2026-08-28T12:27:00.509+0000] {processor.py:914} INFO - Processing file /opt/airflow/dags/prod/airbyte_to_dbt_prod.py for tasks to queue
[2026-08-28T12:27:00.512+0000] {logging_mixin.py:190} INFO - [2026-08-28T12:27:00.512+0000] {dagbag.py:588} INFO - Filling up the DagBag from /opt/airflow/dags/prod/airbyte_to_dbt_prod.py
[2026-08-28T12:27:00.540+0000] {processor.py:925} INFO - DAG(s) 'airbyte_to_dbt_pipeline_prod' retrieved from /opt/airflow/dags/prod/airbyte_to_dbt_prod.py
[2026-08-28T12:27:00.587+0000] {logging_mixin.py:190} INFO - [2026-08-28T12:27:00.587+0000] {dag.py:3239} INFO - Sync 1 DAGs
[2026-08-28T12:27:00.624+0000] {logging_mixin.py:190} INFO - [2026-08-28T12:27:00.624+0000] {dag.py:4180} INFO - Setting next_dagrun for airbyte_to_dbt_pipeline_prod to 2026-08-28 11:00:00+00:00, run_after=2026-08-28 12:00:00+00:00
[2026-08-28T12:27:00.649+0000] {processor.py:208} INFO - Processing /opt/airflow/dags/prod/airbyte_to_dbt_prod.py took 0.150 seconds
[2026-08-28T12:27:30.818+0000] {processor.py:186} INFO - Started process (PID=1196) to work on /opt/airflow/dags/prod/airbyte_to_dbt_prod.py
[2026-08-28T12:27:30.820+0000] {processor.py:914} INFO - Processing file /opt/airflow/dags/prod/airbyte_to_dbt_prod.py for tasks to queue
[2026-08-28T12:27:30.823+0000] {logging_mixin.py:190} INFO - [2026-08-28T12:27:30.822+0000] {dagbag.py:588} INFO - Filling up the DagBag from /opt/airflow/dags/prod/airbyte_to_dbt_prod.py
[2026-08-28T12:27:30.846+0000] {processor.py:925} INFO - DAG(s) 'airbyte_to_dbt_pipeline_prod' retrieved from /opt/airflow/dags/prod/airbyte_to_dbt_prod.py
[2026-08-28T12:27:30.899+0000] {logging_mixin.py:190} INFO - [2026-08-28T12:27:30.899+0000] {dag.py:3239} INFO - Sync 1 DAGs
[2026-08-28T12:27:30.934+0000] {logging_mixin.py:190} INFO - [2026-08-28T12:27:30.933+0000] {dag.py:4180} INFO - Setting next_dagrun for airbyte_to_dbt_pipeline_prod to 2026-08-28 11:00:00+00:00, run_after=2026-08-28 12:00:00+00:00
[2026-08-28T12:27:30.958+0000] {processor.py:208} INFO - Processing /opt/airflow/dags/prod/airbyte_to_dbt_prod.py took 0.149 seconds
[2026-08-28T12:28:01.169+0000] {processor.py:186} INFO - Started process (PID=1206) to work on /opt/airflow/dags/prod/airbyte_to_dbt_prod.py
[2026-08-28T12:28:01.171+0000] {processor.py:914} INFO - Processing file /opt/airflow/dags/prod/airbyte_to_dbt_prod.py for tasks to queue
[2026-08-28T12:28:01.180+0000] {logging_mixin.py:190} INFO - [2026-08-28T12:28:01.179+0000] {dagbag.py:588} INFO - Filling up the DagBag from /opt/airflow/dags/prod/airbyte_to_dbt_prod.py
[2026-08-28T12:28:01.236+0000] {processor.py:925} INFO - DAG(s) 'airbyte_to_dbt_pipeline_prod' retrieved from /opt/airflow/dags/prod/airbyte_to_dbt_prod.py
[2026-08-28T12:28:01.322+0000] {logging_mixin.py:190} INFO - [2026-08-28T12:28:01.321+0000] {dag.py:3239} INFO - Sync 1 DAGs
[2026-08-28T12:28:01.372+0000] {logging_mixin.py:190} INFO - [2026-08-28T12:28:01.372+0000] {dag.py:4180} INFO - Setting next_dagrun for airbyte_to_dbt_pipeline_prod to 2026-08-28 11:00:00+00:00, run_after=2026-08-28 12:00:00+00:00
[2026-08-28T12:28:01.400+0000] {processor.py:208} INFO - Processing /opt/airflow/dags/prod/airbyte_to_dbt_prod.py took 0.250 seconds
[2026-08-28T12:28:31.596+0000] {processor.py:186} INFO - Started process (PID=1216) to work on /opt/airflow/dags/prod/airbyte_to_dbt_prod.py
[2026-08-28T12:28:31.598+0000] {processor.py:914} INFO - Processing file /opt/airflow/dags/prod/airbyte_to_dbt_prod.py for tasks to queue
[2026-08-28T12:28:31.605+0000] {logging_mixin.py:190} INFO - [2026-08-28T12:28:31.604+0000] {dagbag.py:588} INFO - Filling up the DagBag from /opt/airflow/dags/prod/airbyte_to_dbt_prod.py
[2026-08-28T12:28:31.667+0000] {processor.py:925} INFO - DAG(s) 'airbyte_to_dbt_pipeline_prod' retrieved from /opt/airflow/dags/prod/airbyte_to_dbt_prod.py
[2026-08-28T12:28:31.765+0000] {logging_mixin.py:190} INFO - [2026-08-28T12:28:31.765+0000] {dag.py:3239} INFO - Sync 1 DAGs
[2026-08-28T12:28:31.816+0000] {logging_mixin.py:190} INFO - [2026-08-28T12:28:31.816+0000] {dag.py:4180} INFO - Setting next_dagrun for airbyte_to_dbt_pipeline_prod to 2026-08-28 11:00:00+00:00, run_after=2026-08-28 12:00:00+00:00
[2026-08-28T12:28:31.853+0000] {processor.py:208} INFO - Processing /opt/airflow/dags/prod/airbyte_to_dbt_prod.py took 0.270 seconds
[2026-08-28T12:29:02.034+0000] {processor.py:186} INFO - Started process (PID=1226) to work on /opt/airflow/dags/prod/airbyte_to_dbt_prod.py
[2026-08-28T12:29:02.035+0000] {processor.py:914} INFO - Processing file /opt/airflow/dags/prod/airbyte_to_dbt_prod.py for tasks to queue
[2026-08-28T12:29:02.038+0000] {logging_mixin.py:190} INFO - [2026-08-28T12:29:02.038+0000] {dagbag.py:588} INFO - Filling up the DagBag from /opt/airflow/dags/prod/airbyte_to_dbt_prod.py
[2026-08-28T12:29:02.061+0000] {processor.py:925} INFO - DAG(s) 'airbyte_to_dbt_pipeline_prod' retrieved from /opt/airflow/dags/prod/airbyte_to_dbt_prod.py
[2026-08-28T12:29:02.115+0000] {logging_mixin.py:190} INFO - [2026-08-28T12:29:02.115+0000] {dag.py:3239} INFO - Sync 1 DAGs
[2026-08-28T12:29:02.179+0000] {logging_mixin.py:190} INFO - [2026-08-28T12:29:02.178+0000] {dag.py:4180} INFO - Setting next_dagrun for airbyte_to_dbt_pipeline_prod to 2026-08-28 11:00:00+00:00, run_after=2026-08-28 12:00:00+00:00
[2026-08-28T12:29:02.230+0000] {processor.py:208} INFO - Processing /opt/airflow/dags/prod/airbyte_to_dbt_prod.py took 0.204 seconds
[2026-08-28T12:29:32.413+0000] {processor.py:186} INFO - Started process (PID=1236) to work on /opt/airflow/dags/prod/airbyte_to_dbt_prod.py
[2026-08-28T12:29:32.414+0000] {processor.py:914} INFO - Processing file /opt/airflow/dags/prod/airbyte_to_dbt_prod.py for tasks to queue
[2026-08-28T12:29:32.418+0000] {logging_mixin.py:190} INFO - [2026-08-28T12:29:32.417+0000] {dagbag.py:588} INFO - Filling up the DagBag from /opt/airflow/dags/prod/airbyte_to_dbt_prod.py
[2026-08-28T12:29:32.447+0000] {processor.py:925} INFO - DAG(s) 'airbyte_to_dbt_pipeline_prod' retrieved from /opt/airflow/dags/prod/airbyte_to_dbt_prod.py
[2026-08-28T12:29:32.501+0000] {logging_mixin.py:190} INFO - [2026-08-28T12:29:32.501+0000] {dag.py:3239} INFO - Sync 1 DAGs
[2026-08-28T12:29:32.551+0000] {logging_mixin.py:190} INFO - [2026-08-28T12:29:32.550+0000] {dag.py:4180} INFO - Setting next_dagrun for airbyte_to_dbt_pipeline_prod to 2026-08-28 11:00:00+00:00, run_after=2026-08-28 12:00:00+00:00
[2026-08-28T12:29:32.575+0000] {processor.py:208} INFO - Processing /opt/airflow/dags/prod/airbyte_to_dbt_prod.py took 0.170 seconds
[2026-08-28T12:30:02.746+0000] {processor.py:186} INFO - Started process (PID=1246) to work on /opt/airflow/dags/prod/airbyte_to_dbt_prod.py
[2026-08-28T12:30:02.746+0000] {processor.py:914} INFO - Processing file /opt/airflow/dags/prod/airbyte_to_dbt_prod.py for tasks to queue
[2026-08-28T12:30:02.750+0000] {logging_mixin.py:190} INFO - [2026-08-28T12:30:02.749+0000] {dagbag.py:588} INFO - Filling up the DagBag from /opt/airflow/dags/prod/airbyte_to_dbt_prod.py
[2026-08-28T12:30:02.774+0000] {processor.py:925} INFO - DAG(s) 'airbyte_to_dbt_pipeline_prod' retrieved from /opt/airflow/dags/prod/airbyte_to_dbt_prod.py
[2026-08-28T12:30:02.829+0000] {logging_mixin.py:190} INFO - [2026-08-28T12:30:02.829+0000] {dag.py:3239} INFO - Sync 1 DAGs
[2026-08-28T12:30:02.866+0000] {logging_mixin.py:190} INFO - [2026-08-28T12:30:02.866+0000] {dag.py:4180} INFO - Setting next_dagrun for airbyte_to_dbt_pipeline_prod to 2026-08-28 11:00:00+00:00, run_after=2026-08-28 12:00:00+00:00
[2026-08-28T12:30:02.890+0000] {processor.py:208} INFO - Processing /opt/airflow/dags/prod/airbyte_to_dbt_prod.py took 0.154 seconds
[2026-08-28T12:30:33.076+0000] {processor.py:186} INFO - Started process (PID=1256) to work on /opt/airflow/dags/prod/airbyte_to_dbt_prod.py
[2026-08-28T12:30:33.078+0000] {processor.py:914} INFO - Processing file /opt/airflow/dags/prod/airbyte_to_dbt_prod.py for tasks to queue
[2026-08-28T12:30:33.084+0000] {logging_mixin.py:190} INFO - [2026-08-28T12:30:33.083+0000] {dagbag.py:588} INFO - Filling up the DagBag from /opt/airflow/dags/prod/airbyte_to_dbt_prod.py
[2026-08-28T12:30:33.125+0000] {processor.py:925} INFO - DAG(s) 'airbyte_to_dbt_pipeline_prod' retrieved from /opt/airflow/dags/prod/airbyte_to_dbt_prod.py
[2026-08-28T12:30:33.196+0000] {logging_mixin.py:190} INFO - [2026-08-28T12:30:33.196+0000] {dag.py:3239} INFO - Sync 1 DAGs
[2026-08-28T12:30:33.254+0000] {logging_mixin.py:190} INFO - [2026-08-28T12:30:33.253+0000] {dag.py:4180} INFO - Setting next_dagrun for airbyte_to_dbt_pipeline_prod to 2026-08-28 11:00:00+00:00, run_after=2026-08-28 12:00:00+00:00
[2026-08-28T12:30:33.293+0000] {processor.py:208} INFO - Processing /opt/airflow/dags/prod/airbyte_to_dbt_prod.py took 0.231 seconds
[2026-08-28T12:31:03.641+0000] {processor.py:186} INFO - Started process (PID=1264) to work on /opt/airflow/dags/prod/airbyte_to_dbt_prod.py
[2026-08-28T12:31:03.645+0000] {processor.py:914} INFO - Processing file /opt/airflow/dags/prod/airbyte_to_dbt_prod.py for tasks to queue
[2026-08-28T12:31:03.725+0000] {logging_mixin.py:190} INFO - [2026-08-28T12:31:03.715+0000] {dagbag.py:588} INFO - Filling up the DagBag from /opt/airflow/dags/prod/airbyte_to_dbt_prod.py
[2026-08-28T12:31:03.992+0000] {processor.py:925} INFO - DAG(s) 'airbyte_to_dbt_pipeline_prod' retrieved from /opt/airflow/dags/prod/airbyte_to_dbt_prod.py
[2026-08-28T12:31:04.487+0000] {logging_mixin.py:190} INFO - [2026-08-28T12:31:04.486+0000] {dag.py:3239} INFO - Sync 1 DAGs
[2026-08-28T12:31:04.739+0000] {logging_mixin.py:190} INFO - [2026-08-28T12:31:04.739+0000] {dag.py:4180} INFO - Setting next_dagrun for airbyte_to_dbt_pipeline_prod to 2026-08-28 11:00:00+00:00, run_after=2026-08-28 12:00:00+00:00
[2026-08-28T12:31:04.763+0000] {processor.py:208} INFO - Processing /opt/airflow/dags/prod/airbyte_to_dbt_prod.py took 1.223 seconds
[2026-08-28T12:31:34.966+0000] {processor.py:186} INFO - Started process (PID=1276) to work on /opt/airflow/dags/prod/airbyte_to_dbt_prod.py
[2026-08-28T12:31:34.968+0000] {processor.py:914} INFO - Processing file /opt/airflow/dags/prod/airbyte_to_dbt_prod.py for tasks to queue
[2026-08-28T12:31:34.972+0000] {logging_mixin.py:190} INFO - [2026-08-28T12:31:34.971+0000] {dagbag.py:588} INFO - Filling up the DagBag from /opt/airflow/dags/prod/airbyte_to_dbt_prod.py
[2026-08-28T12:31:34.999+0000] {processor.py:925} INFO - DAG(s) 'airbyte_to_dbt_pipeline_prod' retrieved from /opt/airflow/dags/prod/airbyte_to_dbt_prod.py
[2026-08-28T12:31:35.076+0000] {logging_mixin.py:190} INFO - [2026-08-28T12:31:35.076+0000] {dag.py:3239} INFO - Sync 1 DAGs
[2026-08-28T12:31:35.135+0000] {logging_mixin.py:190} INFO - [2026-08-28T12:31:35.134+0000] {dag.py:4180} INFO - Setting next_dagrun for airbyte_to_dbt_pipeline_prod to 2026-08-28 11:00:00+00:00, run_after=2026-08-28 12:00:00+00:00
[2026-08-28T12:31:35.164+0000] {processor.py:208} INFO - Processing /opt/airflow/dags/prod/airbyte_to_dbt_prod.py took 0.213 seconds
[2026-08-28T12:32:05.692+0000] {processor.py:186} INFO - Started process (PID=1284) to work on /opt/airflow/dags/prod/airbyte_to_dbt_prod.py
[2026-08-28T12:32:05.710+0000] {processor.py:914} INFO - Processing file /opt/airflow/dags/prod/airbyte_to_dbt_prod.py for tasks to queue
[2026-08-28T12:32:05.916+0000] {logging_mixin.py:190} INFO - [2026-08-28T12:32:05.883+0000] {dagbag.py:588} INFO - Filling up the DagBag from /opt/airflow/dags/prod/airbyte_to_dbt_prod.py
[2026-08-28T12:32:06.076+0000] {processor.py:925} INFO - DAG(s) 'airbyte_to_dbt_pipeline_prod' retrieved from /opt/airflow/dags/prod/airbyte_to_dbt_prod.py
[2026-08-28T12:32:06.206+0000] {logging_mixin.py:190} INFO - [2026-08-28T12:32:06.206+0000] {dag.py:3239} INFO - Sync 1 DAGs
[2026-08-28T12:32:06.308+0000] {logging_mixin.py:190} INFO - [2026-08-28T12:32:06.307+0000] {dag.py:4180} INFO - Setting next_dagrun for airbyte_to_dbt_pipeline_prod to 2026-08-28 11:00:00+00:00, run_after=2026-08-28 12:00:00+00:00
[2026-08-28T12:32:06.338+0000] {processor.py:208} INFO - Processing /opt/airflow/dags/prod/airbyte_to_dbt_prod.py took 0.955 seconds
[2026-08-28T12:32:36.533+0000] {processor.py:186} INFO - Started process (PID=1296) to work on /opt/airflow/dags/prod/airbyte_to_dbt_prod.py
[2026-08-28T12:32:36.534+0000] {processor.py:914} INFO - Processing file /opt/airflow/dags/prod/airbyte_to_dbt_prod.py for tasks to queue
[2026-08-28T12:32:36.537+0000] {logging_mixin.py:190} INFO - [2026-08-28T12:32:36.537+0000] {dagbag.py:588} INFO - Filling up the DagBag from /opt/airflow/dags/prod/airbyte_to_dbt_prod.py
[2026-08-28T12:32:36.565+0000] {processor.py:925} INFO - DAG(s) 'airbyte_to_dbt_pipeline_prod' retrieved from /opt/airflow/dags/prod/airbyte_to_dbt_prod.py
[2026-08-28T12:32:36.616+0000] {logging_mixin.py:190} INFO - [2026-08-28T12:32:36.616+0000] {dag.py:3239} INFO - Sync 1 DAGs
[2026-08-28T12:32:36.647+0000] {logging_mixin.py:190} INFO - [2026-08-28T12:32:36.647+0000] {dag.py:4180} INFO - Setting next_dagrun for airbyte_to_dbt_pipeline_prod to 2026-08-28 11:00:00+00:00, run_after=2026-08-28 12:00:00+00:00
[2026-08-28T12:32:36.670+0000] {processor.py:208} INFO - Processing /opt/airflow/dags/prod/airbyte_to_dbt_prod.py took 0.146 seconds
[2026-08-28T12:33:06.911+0000] {processor.py:186} INFO - Started process (PID=1306) to work on /opt/airflow/dags/prod/airbyte_to_dbt_prod.py
[2026-08-28T12:33:06.913+0000] {processor.py:914} INFO - Processing file /opt/airflow/dags/prod/airbyte_to_dbt_prod.py for tasks to queue
[2026-08-28T12:33:06.919+0000] {logging_mixin.py:190} INFO - [2026-08-28T12:33:06.918+0000] {dagbag.py:588} INFO - Filling up the DagBag from /opt/airflow/dags/prod/airbyte_to_dbt_prod.py
[2026-08-28T12:33:06.963+0000] {processor.py:925} INFO - DAG(s) 'airbyte_to_dbt_pipeline_prod' retrieved from /opt/airflow/dags/prod/airbyte_to_dbt_prod.py
[2026-08-28T12:33:07.016+0000] {logging_mixin.py:190} INFO - [2026-08-28T12:33:07.015+0000] {dag.py:3239} INFO - Sync 1 DAGs
[2026-08-28T12:33:07.053+0000] {logging_mixin.py:190} INFO - [2026-08-28T12:33:07.053+0000] {dag.py:4180} INFO - Setting next_dagrun for airbyte_to_dbt_pipeline_prod to 2026-08-28 11:00:00+00:00, run_after=2026-08-28 12:00:00+00:00
[2026-08-28T12:33:07.076+0000] {processor.py:208} INFO - Processing /opt/airflow/dags/prod/airbyte_to_dbt_prod.py took 0.181 seconds
[2026-08-28T12:33:37.257+0000] {processor.py:186} INFO - Started process (PID=1316) to work on /opt/airflow/dags/prod/airbyte_to_dbt_prod.py
[2026-08-28T12:33:37.260+0000] {processor.py:914} INFO - Processing file /opt/airflow/dags/prod/airbyte_to_dbt_prod.py for tasks to queue
[2026-08-28T12:33:37.265+0000] {logging_mixin.py:190} INFO - [2026-08-28T12:33:37.264+0000] {dagbag.py:588} INFO - Filling up the DagBag from /opt/airflow/dags/prod/airbyte_to_dbt_prod.py
[2026-08-28T12:33:37.307+0000] {processor.py:925} INFO - DAG(s) 'airbyte_to_dbt_pipeline_prod' retrieved from /opt/airflow/dags/prod/airbyte_to_dbt_prod.py
[2026-08-28T12:33:37.408+0000] {logging_mixin.py:190} INFO - [2026-08-28T12:33:37.408+0000] {dag.py:3239} INFO - Sync 1 DAGs
[2026-08-28T12:33:37.441+0000] {logging_mixin.py:190} INFO - [2026-08-28T12:33:37.441+0000] {dag.py:4180} INFO - Setting next_dagrun for airbyte_to_dbt_pipeline_prod to 2026-08-28 11:00:00+00:00, run_after=2026-08-28 12:00:00+00:00
[2026-08-28T12:33:37.464+0000] {processor.py:208} INFO - Processing /opt/airflow/dags/prod/airbyte_to_dbt_prod.py took 0.219 seconds
[2026-08-28T12:34:07.625+0000] {processor.py:186} INFO - Started process (PID=1326) to work on /opt/airflow/dags/prod/airbyte_to_dbt_prod.py
[2026-08-28T12:34:07.627+0000] {processor.py:914} INFO - Processing file /opt/airflow/dags/prod/airbyte_to_dbt_prod.py for tasks to queue
[2026-08-28T12:34:07.631+0000] {logging_mixin.py:190} INFO - [2026-08-28T12:34:07.631+0000] {dagbag.py:588} INFO - Filling up the DagBag from /opt/airflow/dags/prod/airbyte_to_dbt_prod.py
[2026-08-28T12:34:07.657+0000] {processor.py:925} INFO - DAG(s) 'airbyte_to_dbt_pipeline_prod' retrieved from /opt/airflow/dags/prod/airbyte_to_dbt_prod.py
[2026-08-28T12:34:07.703+0000] {logging_mixin.py:190} INFO - [2026-08-28T12:34:07.702+0000] {dag.py:3239} INFO - Sync 1 DAGs
[2026-08-28T12:34:07.754+0000] {logging_mixin.py:190} INFO - [2026-08-28T12:34:07.754+0000] {dag.py:4180} INFO - Setting next_dagrun for airbyte_to_dbt_pipeline_prod to 2026-08-28 11:00:00+00:00, run_after=2026-08-28 12:00:00+00:00
[2026-08-28T12:34:07.781+0000] {processor.py:208} INFO - Processing /opt/airflow/dags/prod/airbyte_to_dbt_prod.py took 0.166 seconds
[2026-08-28T12:34:37.978+0000] {processor.py:186} INFO - Started process (PID=1336) to work on /opt/airflow/dags/prod/airbyte_to_dbt_prod.py
[2026-08-28T12:34:37.979+0000] {processor.py:914} INFO - Processing file /opt/airflow/dags/prod/airbyte_to_dbt_prod.py for tasks to queue
[2026-08-28T12:34:37.984+0000] {logging_mixin.py:190} INFO - [2026-08-28T12:34:37.983+0000] {dagbag.py:588} INFO - Filling up the DagBag from /opt/airflow/dags/prod/airbyte_to_dbt_prod.py
[2026-08-28T12:34:38.014+0000] {processor.py:925} INFO - DAG(s) 'airbyte_to_dbt_pipeline_prod' retrieved from /opt/airflow/dags/prod/airbyte_to_dbt_prod.py
[2026-08-28T12:34:38.069+0000] {logging_mixin.py:190} INFO - [2026-08-28T12:34:38.068+0000] {dag.py:3239} INFO - Sync 1 DAGs
[2026-08-28T12:34:38.107+0000] {logging_mixin.py:190} INFO - [2026-08-28T12:34:38.106+0000] {dag.py:4180} INFO - Setting next_dagrun for airbyte_to_dbt_pipeline_prod to 2026-08-28 11:00:00+00:00, run_after=2026-08-28 12:00:00+00:00
[2026-08-28T12:34:38.132+0000] {processor.py:208} INFO - Processing /opt/airflow/dags/prod/airbyte_to_dbt_prod.py took 0.166 seconds
[2026-08-28T12:35:08.301+0000] {processor.py:186} INFO - Started process (PID=1346) to work on /opt/airflow/dags/prod/airbyte_to_dbt_prod.py
[2026-08-28T12:35:08.302+0000] {processor.py:914} INFO - Processing file /opt/airflow/dags/prod/airbyte_to_dbt_prod.py for tasks to queue
[2026-08-28T12:35:08.305+0000] {logging_mixin.py:190} INFO - [2026-08-28T12:35:08.304+0000] {dagbag.py:588} INFO - Filling up the DagBag from /opt/airflow/dags/prod/airbyte_to_dbt_prod.py
[2026-08-28T12:35:08.328+0000] {processor.py:925} INFO - DAG(s) 'airbyte_to_dbt_pipeline_prod' retrieved from /opt/airflow/dags/prod/airbyte_to_dbt_prod.py
[2026-08-28T12:35:08.368+0000] {logging_mixin.py:190} INFO - [2026-08-28T12:35:08.368+0000] {dag.py:3239} INFO - Sync 1 DAGs
[2026-08-28T12:35:08.400+0000] {logging_mixin.py:190} INFO - [2026-08-28T12:35:08.400+0000] {dag.py:4180} INFO - Setting next_dagrun for airbyte_to_dbt_pipeline_prod to 2026-08-28 11:00:00+00:00, run_after=2026-08-28 12:00:00+00:00
[2026-08-28T12:35:08.427+0000] {processor.py:208} INFO - Processing /opt/airflow/dags/prod/airbyte_to_dbt_prod.py took 0.136 seconds
[2026-08-28T12:35:38.661+0000] {processor.py:186} INFO - Started process (PID=1355) to work on /opt/airflow/dags/prod/airbyte_to_dbt_prod.py
[2026-08-28T12:35:38.665+0000] {processor.py:914} INFO - Processing file /opt/airflow/dags/prod/airbyte_to_dbt_prod.py for tasks to queue
[2026-08-28T12:35:38.674+0000] {logging_mixin.py:190} INFO - [2026-08-28T12:35:38.673+0000] {dagbag.py:588} INFO - Filling up the DagBag from /opt/airflow/dags/prod/airbyte_to_dbt_prod.py
[2026-08-28T12:35:38.717+0000] {processor.py:925} INFO - DAG(s) 'airbyte_to_dbt_pipeline_prod' retrieved from /opt/airflow/dags/prod/airbyte_to_dbt_prod.py
[2026-08-28T12:35:38.828+0000] {logging_mixin.py:190} INFO - [2026-08-28T12:35:38.828+0000] {dag.py:3239} INFO - Sync 1 DAGs
[2026-08-28T12:35:38.905+0000] {logging_mixin.py:190} INFO - [2026-08-28T12:35:38.904+0000] {dag.py:4180} INFO - Setting next_dagrun for airbyte_to_dbt_pipeline_prod to 2026-08-28 11:00:00+00:00, run_after=2026-08-28 12:00:00+00:00
[2026-08-28T12:35:38.955+0000] {processor.py:208} INFO - Processing /opt/airflow/dags/prod/airbyte_to_dbt_prod.py took 0.332 seconds
[2026-08-28T12:36:09.204+0000] {processor.py:186} INFO - Started process (PID=1365) to work on /opt/airflow/dags/prod/airbyte_to_dbt_prod.py
[2026-08-28T12:36:09.206+0000] {processor.py:914} INFO - Processing file /opt/airflow/dags/prod/airbyte_to_dbt_prod.py for tasks to queue
[2026-08-28T12:36:09.224+0000] {logging_mixin.py:190} INFO - [2026-08-28T12:36:09.212+0000] {dagbag.py:588} INFO - Filling up the DagBag from /opt/airflow/dags/prod/airbyte_to_dbt_prod.py
[2026-08-28T12:36:09.384+0000] {processor.py:925} INFO - DAG(s) 'airbyte_to_dbt_pipeline_prod' retrieved from /opt/airflow/dags/prod/airbyte_to_dbt_prod.py
[2026-08-28T12:36:09.515+0000] {logging_mixin.py:190} INFO - [2026-08-28T12:36:09.515+0000] {dag.py:3239} INFO - Sync 1 DAGs
[2026-08-28T12:36:09.605+0000] {logging_mixin.py:190} INFO - [2026-08-28T12:36:09.605+0000] {dag.py:4180} INFO - Setting next_dagrun for airbyte_to_dbt_pipeline_prod to 2026-08-28 11:00:00+00:00, run_after=2026-08-28 12:00:00+00:00
[2026-08-28T12:36:09.630+0000] {processor.py:208} INFO - Processing /opt/airflow/dags/prod/airbyte_to_dbt_prod.py took 0.468 seconds
[2026-08-28T12:36:39.994+0000] {processor.py:186} INFO - Started process (PID=1376) to work on /opt/airflow/dags/prod/airbyte_to_dbt_prod.py
[2026-08-28T12:36:39.996+0000] {processor.py:914} INFO - Processing file /opt/airflow/dags/prod/airbyte_to_dbt_prod.py for tasks to queue
[2026-08-28T12:36:40.095+0000] {logging_mixin.py:190} INFO - [2026-08-28T12:36:40.093+0000] {dagbag.py:588} INFO - Filling up the DagBag from /opt/airflow/dags/prod/airbyte_to_dbt_prod.py
[2026-08-28T12:36:40.939+0000] {processor.py:925} INFO - DAG(s) 'airbyte_to_dbt_pipeline_prod' retrieved from /opt/airflow/dags/prod/airbyte_to_dbt_prod.py
[2026-08-28T12:36:41.004+0000] {logging_mixin.py:190} INFO - [2026-08-28T12:36:41.004+0000] {dag.py:3239} INFO - Sync 1 DAGs
[2026-08-28T12:36:41.145+0000] {logging_mixin.py:190} INFO - [2026-08-28T12:36:41.144+0000] {dag.py:4180} INFO - Setting next_dagrun for airbyte_to_dbt_pipeline_prod to 2026-08-28 11:00:00+00:00, run_after=2026-08-28 12:00:00+00:00
[2026-08-28T12:36:41.184+0000] {processor.py:208} INFO - Processing /opt/airflow/dags/prod/airbyte_to_dbt_prod.py took 1.296 seconds
[2026-08-28T12:37:11.504+0000] {processor.py:186} INFO - Started process (PID=1384) to work on /opt/airflow/dags/prod/airbyte_to_dbt_prod.py
[2026-08-28T12:37:11.505+0000] {processor.py:914} INFO - Processing file /opt/airflow/dags/prod/airbyte_to_dbt_prod.py for tasks to queue
[2026-08-28T12:37:11.512+0000] {logging_mixin.py:190} INFO - [2026-08-28T12:37:11.509+0000] {dagbag.py:588} INFO - Filling up the DagBag from /opt/airflow/dags/prod/airbyte_to_dbt_prod.py
[2026-08-28T12:37:11.564+0000] {processor.py:925} INFO - DAG(s) 'airbyte_to_dbt_pipeline_prod' retrieved from /opt/airflow/dags/prod/airbyte_to_dbt_prod.py
[2026-08-28T12:37:11.849+0000] {logging_mixin.py:190} INFO - [2026-08-28T12:37:11.849+0000] {dag.py:3239} INFO - Sync 1 DAGs
[2026-08-28T12:37:11.972+0000] {logging_mixin.py:190} INFO - [2026-08-28T12:37:11.972+0000] {dag.py:4180} INFO - Setting next_dagrun for airbyte_to_dbt_pipeline_prod to 2026-08-28 11:00:00+00:00, run_after=2026-08-28 12:00:00+00:00
[2026-08-28T12:37:11.999+0000] {processor.py:208} INFO - Processing /opt/airflow/dags/prod/airbyte_to_dbt_prod.py took 0.535 seconds
[2026-08-28T12:37:42.213+0000] {processor.py:186} INFO - Started process (PID=1396) to work on /opt/airflow/dags/prod/airbyte_to_dbt_prod.py
[2026-08-28T12:37:42.216+0000] {processor.py:914} INFO - Processing file /opt/airflow/dags/prod/airbyte_to_dbt_prod.py for tasks to queue
[2026-08-28T12:37:42.222+0000] {logging_mixin.py:190} INFO - [2026-08-28T12:37:42.221+0000] {dagbag.py:588} INFO - Filling up the DagBag from /opt/airflow/dags/prod/airbyte_to_dbt_prod.py
[2026-08-28T12:37:42.271+0000] {processor.py:925} INFO - DAG(s) 'airbyte_to_dbt_pipeline_prod' retrieved from /opt/airflow/dags/prod/airbyte_to_dbt_prod.py
[2026-08-28T12:37:42.357+0000] {logging_mixin.py:190} INFO - [2026-08-28T12:37:42.356+0000] {dag.py:3239} INFO - Sync 1 DAGs
[2026-08-28T12:37:42.420+0000] {logging_mixin.py:190} INFO - [2026-08-28T12:37:42.420+0000] {dag.py:4180} INFO - Setting next_dagrun for airbyte_to_dbt_pipeline_prod to 2026-08-28 11:00:00+00:00, run_after=2026-08-28 12:00:00+00:00
[2026-08-28T12:37:42.465+0000] {processor.py:208} INFO - Processing /opt/airflow/dags/prod/airbyte_to_dbt_prod.py took 0.264 seconds
                                                                                                                                                                                                                                                                                                                                                                                                                                                                                                                                                                                                                                                                                                                                                                                                                                                                                                                                                                                                                                                                                                                                                         [2026-08-28T12:40:33.731+0000] {processor.py:186} INFO - Started process (PID=166) to work on /opt/airflow/dags/prod/airbyte_to_dbt_prod.py
[2026-08-28T12:40:33.739+0000] {processor.py:914} INFO - Processing file /opt/airflow/dags/prod/airbyte_to_dbt_prod.py for tasks to queue
[2026-08-28T12:40:33.748+0000] {logging_mixin.py:190} INFO - [2026-08-28T12:40:33.747+0000] {dagbag.py:588} INFO - Filling up the DagBag from /opt/airflow/dags/prod/airbyte_to_dbt_prod.py
[2026-08-28T12:40:33.893+0000] {processor.py:925} INFO - DAG(s) 'airbyte_to_dbt_pipeline_prod' retrieved from /opt/airflow/dags/prod/airbyte_to_dbt_prod.py
[2026-08-28T12:40:34.034+0000] {logging_mixin.py:190} INFO - [2026-08-28T12:40:34.034+0000] {dag.py:3239} INFO - Sync 1 DAGs
[2026-08-28T12:40:34.170+0000] {logging_mixin.py:190} INFO - [2026-08-28T12:40:34.170+0000] {dag.py:4180} INFO - Setting next_dagrun for airbyte_to_dbt_pipeline_prod to 2026-08-28 11:00:00+00:00, run_after=2026-08-28 12:00:00+00:00
[2026-08-28T12:40:34.208+0000] {processor.py:208} INFO - Processing /opt/airflow/dags/prod/airbyte_to_dbt_prod.py took 0.497 seconds
[2026-08-28T12:41:04.701+0000] {processor.py:186} INFO - Started process (PID=177) to work on /opt/airflow/dags/prod/airbyte_to_dbt_prod.py
[2026-08-28T12:41:04.713+0000] {processor.py:914} INFO - Processing file /opt/airflow/dags/prod/airbyte_to_dbt_prod.py for tasks to queue
[2026-08-28T12:41:04.720+0000] {logging_mixin.py:190} INFO - [2026-08-28T12:41:04.719+0000] {dagbag.py:588} INFO - Filling up the DagBag from /opt/airflow/dags/prod/airbyte_to_dbt_prod.py
[2026-08-28T12:41:04.807+0000] {processor.py:925} INFO - DAG(s) 'airbyte_to_dbt_pipeline_prod' retrieved from /opt/airflow/dags/prod/airbyte_to_dbt_prod.py
[2026-08-28T12:41:05.100+0000] {logging_mixin.py:190} INFO - [2026-08-28T12:41:05.095+0000] {dag.py:3239} INFO - Sync 1 DAGs
[2026-08-28T12:41:05.296+0000] {logging_mixin.py:190} INFO - [2026-08-28T12:41:05.295+0000] {dag.py:4180} INFO - Setting next_dagrun for airbyte_to_dbt_pipeline_prod to 2026-08-28 11:00:00+00:00, run_after=2026-08-28 12:00:00+00:00
[2026-08-28T12:41:05.387+0000] {processor.py:208} INFO - Processing /opt/airflow/dags/prod/airbyte_to_dbt_prod.py took 0.711 seconds
[2026-08-28T12:41:36.270+0000] {processor.py:186} INFO - Started process (PID=185) to work on /opt/airflow/dags/prod/airbyte_to_dbt_prod.py
[2026-08-28T12:41:36.285+0000] {processor.py:914} INFO - Processing file /opt/airflow/dags/prod/airbyte_to_dbt_prod.py for tasks to queue
[2026-08-28T12:41:36.378+0000] {logging_mixin.py:190} INFO - [2026-08-28T12:41:36.369+0000] {dagbag.py:588} INFO - Filling up the DagBag from /opt/airflow/dags/prod/airbyte_to_dbt_prod.py
[2026-08-28T12:41:37.573+0000] {processor.py:925} INFO - DAG(s) 'airbyte_to_dbt_pipeline_prod' retrieved from /opt/airflow/dags/prod/airbyte_to_dbt_prod.py
[2026-08-28T12:41:38.482+0000] {logging_mixin.py:190} INFO - [2026-08-28T12:41:38.481+0000] {dag.py:3239} INFO - Sync 1 DAGs
[2026-08-28T12:41:39.399+0000] {logging_mixin.py:190} INFO - [2026-08-28T12:41:39.390+0000] {dag.py:4180} INFO - Setting next_dagrun for airbyte_to_dbt_pipeline_prod to 2026-08-28 11:00:00+00:00, run_after=2026-08-28 12:00:00+00:00
[2026-08-28T12:41:39.440+0000] {processor.py:208} INFO - Processing /opt/airflow/dags/prod/airbyte_to_dbt_prod.py took 3.359 seconds
[2026-08-28T12:42:10.716+0000] {processor.py:186} INFO - Started process (PID=195) to work on /opt/airflow/dags/prod/airbyte_to_dbt_prod.py
[2026-08-28T12:42:10.747+0000] {processor.py:914} INFO - Processing file /opt/airflow/dags/prod/airbyte_to_dbt_prod.py for tasks to queue
[2026-08-28T12:42:10.916+0000] {logging_mixin.py:190} INFO - [2026-08-28T12:42:10.901+0000] {dagbag.py:588} INFO - Filling up the DagBag from /opt/airflow/dags/prod/airbyte_to_dbt_prod.py
[2026-08-28T12:42:11.619+0000] {processor.py:925} INFO - DAG(s) 'airbyte_to_dbt_pipeline_prod' retrieved from /opt/airflow/dags/prod/airbyte_to_dbt_prod.py
[2026-08-28T12:42:12.013+0000] {logging_mixin.py:190} INFO - [2026-08-28T12:42:12.013+0000] {dag.py:3239} INFO - Sync 1 DAGs
[2026-08-28T12:42:12.224+0000] {logging_mixin.py:190} INFO - [2026-08-28T12:42:12.224+0000] {dag.py:4180} INFO - Setting next_dagrun for airbyte_to_dbt_pipeline_prod to 2026-08-28 11:00:00+00:00, run_after=2026-08-28 12:00:00+00:00
[2026-08-28T12:42:12.360+0000] {processor.py:208} INFO - Processing /opt/airflow/dags/prod/airbyte_to_dbt_prod.py took 2.191 seconds
[2026-08-28T12:42:42.841+0000] {processor.py:186} INFO - Started process (PID=205) to work on /opt/airflow/dags/prod/airbyte_to_dbt_prod.py
[2026-08-28T12:42:42.845+0000] {processor.py:914} INFO - Processing file /opt/airflow/dags/prod/airbyte_to_dbt_prod.py for tasks to queue
[2026-08-28T12:42:42.875+0000] {logging_mixin.py:190} INFO - [2026-08-28T12:42:42.869+0000] {dagbag.py:588} INFO - Filling up the DagBag from /opt/airflow/dags/prod/airbyte_to_dbt_prod.py
[2026-08-28T12:42:43.260+0000] {processor.py:925} INFO - DAG(s) 'airbyte_to_dbt_pipeline_prod' retrieved from /opt/airflow/dags/prod/airbyte_to_dbt_prod.py
[2026-08-28T12:42:43.464+0000] {logging_mixin.py:190} INFO - [2026-08-28T12:42:43.463+0000] {dag.py:3239} INFO - Sync 1 DAGs
[2026-08-28T12:42:43.651+0000] {logging_mixin.py:190} INFO - [2026-08-28T12:42:43.651+0000] {dag.py:4180} INFO - Setting next_dagrun for airbyte_to_dbt_pipeline_prod to 2026-08-28 11:00:00+00:00, run_after=2026-08-28 12:00:00+00:00
[2026-08-28T12:42:43.725+0000] {processor.py:208} INFO - Processing /opt/airflow/dags/prod/airbyte_to_dbt_prod.py took 0.981 seconds
[2026-08-28T12:43:15.142+0000] {processor.py:186} INFO - Started process (PID=215) to work on /opt/airflow/dags/prod/airbyte_to_dbt_prod.py
[2026-08-28T12:43:15.185+0000] {processor.py:914} INFO - Processing file /opt/airflow/dags/prod/airbyte_to_dbt_prod.py for tasks to queue
[2026-08-28T12:43:16.434+0000] {logging_mixin.py:190} INFO - [2026-08-28T12:43:16.282+0000] {dagbag.py:588} INFO - Filling up the DagBag from /opt/airflow/dags/prod/airbyte_to_dbt_prod.py
[2026-08-28T12:43:19.903+0000] {processor.py:925} INFO - DAG(s) 'airbyte_to_dbt_pipeline_prod' retrieved from /opt/airflow/dags/prod/airbyte_to_dbt_prod.py
[2026-08-28T12:43:21.955+0000] {logging_mixin.py:190} INFO - [2026-08-28T12:43:21.951+0000] {dag.py:3239} INFO - Sync 1 DAGs
[2026-08-28T12:43:22.596+0000] {logging_mixin.py:190} INFO - [2026-08-28T12:43:22.595+0000] {dag.py:4180} INFO - Setting next_dagrun for airbyte_to_dbt_pipeline_prod to 2026-08-28 11:00:00+00:00, run_after=2026-08-28 12:00:00+00:00
[2026-08-28T12:43:22.717+0000] {processor.py:208} INFO - Processing /opt/airflow/dags/prod/airbyte_to_dbt_prod.py took 8.083 seconds
[2026-08-28T12:43:53.509+0000] {processor.py:186} INFO - Started process (PID=225) to work on /opt/airflow/dags/prod/airbyte_to_dbt_prod.py
[2026-08-28T12:43:53.515+0000] {processor.py:914} INFO - Processing file /opt/airflow/dags/prod/airbyte_to_dbt_prod.py for tasks to queue
[2026-08-28T12:43:53.551+0000] {logging_mixin.py:190} INFO - [2026-08-28T12:43:53.545+0000] {dagbag.py:588} INFO - Filling up the DagBag from /opt/airflow/dags/prod/airbyte_to_dbt_prod.py
[2026-08-28T12:43:53.838+0000] {processor.py:925} INFO - DAG(s) 'airbyte_to_dbt_pipeline_prod' retrieved from /opt/airflow/dags/prod/airbyte_to_dbt_prod.py
[2026-08-28T12:43:54.052+0000] {logging_mixin.py:190} INFO - [2026-08-28T12:43:54.052+0000] {dag.py:3239} INFO - Sync 1 DAGs
[2026-08-28T12:43:54.281+0000] {logging_mixin.py:190} INFO - [2026-08-28T12:43:54.281+0000] {dag.py:4180} INFO - Setting next_dagrun for airbyte_to_dbt_pipeline_prod to 2026-08-28 11:00:00+00:00, run_after=2026-08-28 12:00:00+00:00
[2026-08-28T12:43:54.408+0000] {processor.py:208} INFO - Processing /opt/airflow/dags/prod/airbyte_to_dbt_prod.py took 1.163 seconds
[2026-08-28T12:44:24.730+0000] {processor.py:186} INFO - Started process (PID=236) to work on /opt/airflow/dags/prod/airbyte_to_dbt_prod.py
[2026-08-28T12:44:24.732+0000] {processor.py:914} INFO - Processing file /opt/airflow/dags/prod/airbyte_to_dbt_prod.py for tasks to queue
[2026-08-28T12:44:24.736+0000] {logging_mixin.py:190} INFO - [2026-08-28T12:44:24.735+0000] {dagbag.py:588} INFO - Filling up the DagBag from /opt/airflow/dags/prod/airbyte_to_dbt_prod.py
[2026-08-28T12:44:24.764+0000] {processor.py:925} INFO - DAG(s) 'airbyte_to_dbt_pipeline_prod' retrieved from /opt/airflow/dags/prod/airbyte_to_dbt_prod.py
[2026-08-28T12:44:24.840+0000] {logging_mixin.py:190} INFO - [2026-08-28T12:44:24.817+0000] {dag.py:3239} INFO - Sync 1 DAGs
[2026-08-28T12:44:24.882+0000] {logging_mixin.py:190} INFO - [2026-08-28T12:44:24.881+0000] {dag.py:4180} INFO - Setting next_dagrun for airbyte_to_dbt_pipeline_prod to 2026-08-28 11:00:00+00:00, run_after=2026-08-28 12:00:00+00:00
[2026-08-28T12:44:24.917+0000] {processor.py:208} INFO - Processing /opt/airflow/dags/prod/airbyte_to_dbt_prod.py took 0.198 seconds
[2026-08-28T12:44:55.168+0000] {processor.py:186} INFO - Started process (PID=247) to work on /opt/airflow/dags/prod/airbyte_to_dbt_prod.py
[2026-08-28T12:44:55.169+0000] {processor.py:914} INFO - Processing file /opt/airflow/dags/prod/airbyte_to_dbt_prod.py for tasks to queue
[2026-08-28T12:44:55.172+0000] {logging_mixin.py:190} INFO - [2026-08-28T12:44:55.171+0000] {dagbag.py:588} INFO - Filling up the DagBag from /opt/airflow/dags/prod/airbyte_to_dbt_prod.py
[2026-08-28T12:44:55.219+0000] {processor.py:925} INFO - DAG(s) 'airbyte_to_dbt_pipeline_prod' retrieved from /opt/airflow/dags/prod/airbyte_to_dbt_prod.py
[2026-08-28T12:44:55.291+0000] {logging_mixin.py:190} INFO - [2026-08-28T12:44:55.290+0000] {dag.py:3239} INFO - Sync 1 DAGs
[2026-08-28T12:44:55.327+0000] {logging_mixin.py:190} INFO - [2026-08-28T12:44:55.326+0000] {dag.py:4180} INFO - Setting next_dagrun for airbyte_to_dbt_pipeline_prod to 2026-08-28 11:00:00+00:00, run_after=2026-08-28 12:00:00+00:00
[2026-08-28T12:44:55.376+0000] {processor.py:208} INFO - Processing /opt/airflow/dags/prod/airbyte_to_dbt_prod.py took 0.218 seconds
[2026-08-28T12:45:25.567+0000] {processor.py:186} INFO - Started process (PID=256) to work on /opt/airflow/dags/prod/airbyte_to_dbt_prod.py
[2026-08-28T12:45:25.568+0000] {processor.py:914} INFO - Processing file /opt/airflow/dags/prod/airbyte_to_dbt_prod.py for tasks to queue
[2026-08-28T12:45:25.571+0000] {logging_mixin.py:190} INFO - [2026-08-28T12:45:25.571+0000] {dagbag.py:588} INFO - Filling up the DagBag from /opt/airflow/dags/prod/airbyte_to_dbt_prod.py
[2026-08-28T12:45:25.595+0000] {processor.py:925} INFO - DAG(s) 'airbyte_to_dbt_pipeline_prod' retrieved from /opt/airflow/dags/prod/airbyte_to_dbt_prod.py
[2026-08-28T12:45:25.638+0000] {logging_mixin.py:190} INFO - [2026-08-28T12:45:25.638+0000] {dag.py:3239} INFO - Sync 1 DAGs
[2026-08-28T12:45:25.671+0000] {logging_mixin.py:190} INFO - [2026-08-28T12:45:25.671+0000] {dag.py:4180} INFO - Setting next_dagrun for airbyte_to_dbt_pipeline_prod to 2026-08-28 11:00:00+00:00, run_after=2026-08-28 12:00:00+00:00
[2026-08-28T12:45:25.712+0000] {processor.py:208} INFO - Processing /opt/airflow/dags/prod/airbyte_to_dbt_prod.py took 0.156 seconds
[2026-08-28T12:45:56.119+0000] {processor.py:186} INFO - Started process (PID=267) to work on /opt/airflow/dags/prod/airbyte_to_dbt_prod.py
[2026-08-28T12:45:56.121+0000] {processor.py:914} INFO - Processing file /opt/airflow/dags/prod/airbyte_to_dbt_prod.py for tasks to queue
[2026-08-28T12:45:56.126+0000] {logging_mixin.py:190} INFO - [2026-08-28T12:45:56.125+0000] {dagbag.py:588} INFO - Filling up the DagBag from /opt/airflow/dags/prod/airbyte_to_dbt_prod.py
[2026-08-28T12:45:56.161+0000] {processor.py:925} INFO - DAG(s) 'airbyte_to_dbt_pipeline_prod' retrieved from /opt/airflow/dags/prod/airbyte_to_dbt_prod.py
[2026-08-28T12:45:56.230+0000] {logging_mixin.py:190} INFO - [2026-08-28T12:45:56.230+0000] {dag.py:3239} INFO - Sync 1 DAGs
[2026-08-28T12:45:56.280+0000] {logging_mixin.py:190} INFO - [2026-08-28T12:45:56.279+0000] {dag.py:4180} INFO - Setting next_dagrun for airbyte_to_dbt_pipeline_prod to 2026-08-28 11:00:00+00:00, run_after=2026-08-28 12:00:00+00:00
[2026-08-28T12:45:56.337+0000] {processor.py:208} INFO - Processing /opt/airflow/dags/prod/airbyte_to_dbt_prod.py took 0.239 seconds
[2026-08-28T12:46:26.499+0000] {processor.py:186} INFO - Started process (PID=277) to work on /opt/airflow/dags/prod/airbyte_to_dbt_prod.py
[2026-08-28T12:46:26.500+0000] {processor.py:914} INFO - Processing file /opt/airflow/dags/prod/airbyte_to_dbt_prod.py for tasks to queue
[2026-08-28T12:46:26.503+0000] {logging_mixin.py:190} INFO - [2026-08-28T12:46:26.503+0000] {dagbag.py:588} INFO - Filling up the DagBag from /opt/airflow/dags/prod/airbyte_to_dbt_prod.py
[2026-08-28T12:46:26.525+0000] {processor.py:925} INFO - DAG(s) 'airbyte_to_dbt_pipeline_prod' retrieved from /opt/airflow/dags/prod/airbyte_to_dbt_prod.py
[2026-08-28T12:46:26.567+0000] {logging_mixin.py:190} INFO - [2026-08-28T12:46:26.566+0000] {dag.py:3239} INFO - Sync 1 DAGs
[2026-08-28T12:46:26.596+0000] {logging_mixin.py:190} INFO - [2026-08-28T12:46:26.596+0000] {dag.py:4180} INFO - Setting next_dagrun for airbyte_to_dbt_pipeline_prod to 2026-08-28 11:00:00+00:00, run_after=2026-08-28 12:00:00+00:00
[2026-08-28T12:46:26.620+0000] {processor.py:208} INFO - Processing /opt/airflow/dags/prod/airbyte_to_dbt_prod.py took 0.129 seconds
[2026-08-28T12:46:56.799+0000] {processor.py:186} INFO - Started process (PID=287) to work on /opt/airflow/dags/prod/airbyte_to_dbt_prod.py
[2026-08-28T12:46:56.800+0000] {processor.py:914} INFO - Processing file /opt/airflow/dags/prod/airbyte_to_dbt_prod.py for tasks to queue
[2026-08-28T12:46:56.805+0000] {logging_mixin.py:190} INFO - [2026-08-28T12:46:56.804+0000] {dagbag.py:588} INFO - Filling up the DagBag from /opt/airflow/dags/prod/airbyte_to_dbt_prod.py
[2026-08-28T12:46:56.833+0000] {processor.py:925} INFO - DAG(s) 'airbyte_to_dbt_pipeline_prod' retrieved from /opt/airflow/dags/prod/airbyte_to_dbt_prod.py
[2026-08-28T12:46:56.874+0000] {logging_mixin.py:190} INFO - [2026-08-28T12:46:56.874+0000] {dag.py:3239} INFO - Sync 1 DAGs
[2026-08-28T12:46:56.907+0000] {logging_mixin.py:190} INFO - [2026-08-28T12:46:56.906+0000] {dag.py:4180} INFO - Setting next_dagrun for airbyte_to_dbt_pipeline_prod to 2026-08-28 11:00:00+00:00, run_after=2026-08-28 12:00:00+00:00
[2026-08-28T12:46:56.930+0000] {processor.py:208} INFO - Processing /opt/airflow/dags/prod/airbyte_to_dbt_prod.py took 0.142 seconds
[2026-08-28T12:47:27.116+0000] {processor.py:186} INFO - Started process (PID=297) to work on /opt/airflow/dags/prod/airbyte_to_dbt_prod.py
[2026-08-28T12:47:27.118+0000] {processor.py:914} INFO - Processing file /opt/airflow/dags/prod/airbyte_to_dbt_prod.py for tasks to queue
[2026-08-28T12:47:27.125+0000] {logging_mixin.py:190} INFO - [2026-08-28T12:47:27.124+0000] {dagbag.py:588} INFO - Filling up the DagBag from /opt/airflow/dags/prod/airbyte_to_dbt_prod.py
[2026-08-28T12:47:27.162+0000] {processor.py:925} INFO - DAG(s) 'airbyte_to_dbt_pipeline_prod' retrieved from /opt/airflow/dags/prod/airbyte_to_dbt_prod.py
[2026-08-28T12:47:27.220+0000] {logging_mixin.py:190} INFO - [2026-08-28T12:47:27.219+0000] {dag.py:3239} INFO - Sync 1 DAGs
[2026-08-28T12:47:27.277+0000] {logging_mixin.py:190} INFO - [2026-08-28T12:47:27.276+0000] {dag.py:4180} INFO - Setting next_dagrun for airbyte_to_dbt_pipeline_prod to 2026-08-28 11:00:00+00:00, run_after=2026-08-28 12:00:00+00:00
[2026-08-28T12:47:27.317+0000] {processor.py:208} INFO - Processing /opt/airflow/dags/prod/airbyte_to_dbt_prod.py took 0.215 seconds
[2026-08-28T12:47:57.460+0000] {processor.py:186} INFO - Started process (PID=307) to work on /opt/airflow/dags/prod/airbyte_to_dbt_prod.py
[2026-08-28T12:47:57.461+0000] {processor.py:914} INFO - Processing file /opt/airflow/dags/prod/airbyte_to_dbt_prod.py for tasks to queue
[2026-08-28T12:47:57.466+0000] {logging_mixin.py:190} INFO - [2026-08-28T12:47:57.465+0000] {dagbag.py:588} INFO - Filling up the DagBag from /opt/airflow/dags/prod/airbyte_to_dbt_prod.py
[2026-08-28T12:47:57.496+0000] {processor.py:925} INFO - DAG(s) 'airbyte_to_dbt_pipeline_prod' retrieved from /opt/airflow/dags/prod/airbyte_to_dbt_prod.py
[2026-08-28T12:47:57.538+0000] {logging_mixin.py:190} INFO - [2026-08-28T12:47:57.538+0000] {dag.py:3239} INFO - Sync 1 DAGs
[2026-08-28T12:47:57.565+0000] {logging_mixin.py:190} INFO - [2026-08-28T12:47:57.565+0000] {dag.py:4180} INFO - Setting next_dagrun for airbyte_to_dbt_pipeline_prod to 2026-08-28 11:00:00+00:00, run_after=2026-08-28 12:00:00+00:00
[2026-08-28T12:47:57.587+0000] {processor.py:208} INFO - Processing /opt/airflow/dags/prod/airbyte_to_dbt_prod.py took 0.138 seconds
[2026-08-28T12:48:27.834+0000] {processor.py:186} INFO - Started process (PID=317) to work on /opt/airflow/dags/prod/airbyte_to_dbt_prod.py
[2026-08-28T12:48:27.835+0000] {processor.py:914} INFO - Processing file /opt/airflow/dags/prod/airbyte_to_dbt_prod.py for tasks to queue
[2026-08-28T12:48:27.839+0000] {logging_mixin.py:190} INFO - [2026-08-28T12:48:27.838+0000] {dagbag.py:588} INFO - Filling up the DagBag from /opt/airflow/dags/prod/airbyte_to_dbt_prod.py
[2026-08-28T12:48:27.873+0000] {processor.py:925} INFO - DAG(s) 'airbyte_to_dbt_pipeline_prod' retrieved from /opt/airflow/dags/prod/airbyte_to_dbt_prod.py
[2026-08-28T12:48:27.924+0000] {logging_mixin.py:190} INFO - [2026-08-28T12:48:27.924+0000] {dag.py:3239} INFO - Sync 1 DAGs
[2026-08-28T12:48:27.961+0000] {logging_mixin.py:190} INFO - [2026-08-28T12:48:27.961+0000] {dag.py:4180} INFO - Setting next_dagrun for airbyte_to_dbt_pipeline_prod to 2026-08-28 11:00:00+00:00, run_after=2026-08-28 12:00:00+00:00
[2026-08-28T12:48:28.018+0000] {processor.py:208} INFO - Processing /opt/airflow/dags/prod/airbyte_to_dbt_prod.py took 0.195 seconds
[2026-08-28T12:48:58.184+0000] {processor.py:186} INFO - Started process (PID=327) to work on /opt/airflow/dags/prod/airbyte_to_dbt_prod.py
[2026-08-28T12:48:58.186+0000] {processor.py:914} INFO - Processing file /opt/airflow/dags/prod/airbyte_to_dbt_prod.py for tasks to queue
[2026-08-28T12:48:58.189+0000] {logging_mixin.py:190} INFO - [2026-08-28T12:48:58.188+0000] {dagbag.py:588} INFO - Filling up the DagBag from /opt/airflow/dags/prod/airbyte_to_dbt_prod.py
[2026-08-28T12:48:58.218+0000] {processor.py:925} INFO - DAG(s) 'airbyte_to_dbt_pipeline_prod' retrieved from /opt/airflow/dags/prod/airbyte_to_dbt_prod.py
[2026-08-28T12:48:58.262+0000] {logging_mixin.py:190} INFO - [2026-08-28T12:48:58.262+0000] {dag.py:3239} INFO - Sync 1 DAGs
[2026-08-28T12:48:58.296+0000] {logging_mixin.py:190} INFO - [2026-08-28T12:48:58.296+0000] {dag.py:4180} INFO - Setting next_dagrun for airbyte_to_dbt_pipeline_prod to 2026-08-28 11:00:00+00:00, run_after=2026-08-28 12:00:00+00:00
[2026-08-28T12:48:58.323+0000] {processor.py:208} INFO - Processing /opt/airflow/dags/prod/airbyte_to_dbt_prod.py took 0.148 seconds
[2026-08-28T12:49:28.515+0000] {processor.py:186} INFO - Started process (PID=337) to work on /opt/airflow/dags/prod/airbyte_to_dbt_prod.py
[2026-08-28T12:49:28.516+0000] {processor.py:914} INFO - Processing file /opt/airflow/dags/prod/airbyte_to_dbt_prod.py for tasks to queue
[2026-08-28T12:49:28.519+0000] {logging_mixin.py:190} INFO - [2026-08-28T12:49:28.518+0000] {dagbag.py:588} INFO - Filling up the DagBag from /opt/airflow/dags/prod/airbyte_to_dbt_prod.py
[2026-08-28T12:49:28.551+0000] {processor.py:925} INFO - DAG(s) 'airbyte_to_dbt_pipeline_prod' retrieved from /opt/airflow/dags/prod/airbyte_to_dbt_prod.py
[2026-08-28T12:49:28.614+0000] {logging_mixin.py:190} INFO - [2026-08-28T12:49:28.614+0000] {dag.py:3239} INFO - Sync 1 DAGs
[2026-08-28T12:49:28.656+0000] {logging_mixin.py:190} INFO - [2026-08-28T12:49:28.655+0000] {dag.py:4180} INFO - Setting next_dagrun for airbyte_to_dbt_pipeline_prod to 2026-08-28 11:00:00+00:00, run_after=2026-08-28 12:00:00+00:00
[2026-08-28T12:49:28.678+0000] {processor.py:208} INFO - Processing /opt/airflow/dags/prod/airbyte_to_dbt_prod.py took 0.177 seconds
[2026-08-28T12:49:58.841+0000] {processor.py:186} INFO - Started process (PID=347) to work on /opt/airflow/dags/prod/airbyte_to_dbt_prod.py
[2026-08-28T12:49:58.843+0000] {processor.py:914} INFO - Processing file /opt/airflow/dags/prod/airbyte_to_dbt_prod.py for tasks to queue
[2026-08-28T12:49:58.846+0000] {logging_mixin.py:190} INFO - [2026-08-28T12:49:58.845+0000] {dagbag.py:588} INFO - Filling up the DagBag from /opt/airflow/dags/prod/airbyte_to_dbt_prod.py
[2026-08-28T12:49:58.868+0000] {processor.py:925} INFO - DAG(s) 'airbyte_to_dbt_pipeline_prod' retrieved from /opt/airflow/dags/prod/airbyte_to_dbt_prod.py
[2026-08-28T12:49:58.920+0000] {logging_mixin.py:190} INFO - [2026-08-28T12:49:58.920+0000] {dag.py:3239} INFO - Sync 1 DAGs
[2026-08-28T12:49:58.955+0000] {logging_mixin.py:190} INFO - [2026-08-28T12:49:58.955+0000] {dag.py:4180} INFO - Setting next_dagrun for airbyte_to_dbt_pipeline_prod to 2026-08-28 11:00:00+00:00, run_after=2026-08-28 12:00:00+00:00
[2026-08-28T12:49:58.981+0000] {processor.py:208} INFO - Processing /opt/airflow/dags/prod/airbyte_to_dbt_prod.py took 0.150 seconds
[2026-08-28T12:50:29.160+0000] {processor.py:186} INFO - Started process (PID=357) to work on /opt/airflow/dags/prod/airbyte_to_dbt_prod.py
[2026-08-28T12:50:29.161+0000] {processor.py:914} INFO - Processing file /opt/airflow/dags/prod/airbyte_to_dbt_prod.py for tasks to queue
[2026-08-28T12:50:29.165+0000] {logging_mixin.py:190} INFO - [2026-08-28T12:50:29.164+0000] {dagbag.py:588} INFO - Filling up the DagBag from /opt/airflow/dags/prod/airbyte_to_dbt_prod.py
[2026-08-28T12:50:29.188+0000] {processor.py:925} INFO - DAG(s) 'airbyte_to_dbt_pipeline_prod' retrieved from /opt/airflow/dags/prod/airbyte_to_dbt_prod.py
[2026-08-28T12:50:29.232+0000] {logging_mixin.py:190} INFO - [2026-08-28T12:50:29.232+0000] {dag.py:3239} INFO - Sync 1 DAGs
[2026-08-28T12:50:29.265+0000] {logging_mixin.py:190} INFO - [2026-08-28T12:50:29.265+0000] {dag.py:4180} INFO - Setting next_dagrun for airbyte_to_dbt_pipeline_prod to 2026-08-28 11:00:00+00:00, run_after=2026-08-28 12:00:00+00:00
[2026-08-28T12:50:29.293+0000] {processor.py:208} INFO - Processing /opt/airflow/dags/prod/airbyte_to_dbt_prod.py took 0.143 seconds
[2026-08-28T12:50:59.455+0000] {processor.py:186} INFO - Started process (PID=367) to work on /opt/airflow/dags/prod/airbyte_to_dbt_prod.py
[2026-08-28T12:50:59.456+0000] {processor.py:914} INFO - Processing file /opt/airflow/dags/prod/airbyte_to_dbt_prod.py for tasks to queue
[2026-08-28T12:50:59.459+0000] {logging_mixin.py:190} INFO - [2026-08-28T12:50:59.458+0000] {dagbag.py:588} INFO - Filling up the DagBag from /opt/airflow/dags/prod/airbyte_to_dbt_prod.py
[2026-08-28T12:50:59.481+0000] {processor.py:925} INFO - DAG(s) 'airbyte_to_dbt_pipeline_prod' retrieved from /opt/airflow/dags/prod/airbyte_to_dbt_prod.py
[2026-08-28T12:50:59.522+0000] {logging_mixin.py:190} INFO - [2026-08-28T12:50:59.521+0000] {dag.py:3239} INFO - Sync 1 DAGs
[2026-08-28T12:50:59.554+0000] {logging_mixin.py:190} INFO - [2026-08-28T12:50:59.553+0000] {dag.py:4180} INFO - Setting next_dagrun for airbyte_to_dbt_pipeline_prod to 2026-08-28 11:00:00+00:00, run_after=2026-08-28 12:00:00+00:00
[2026-08-28T12:50:59.576+0000] {processor.py:208} INFO - Processing /opt/airflow/dags/prod/airbyte_to_dbt_prod.py took 0.130 seconds
[2026-08-28T12:51:29.956+0000] {processor.py:186} INFO - Started process (PID=375) to work on /opt/airflow/dags/prod/airbyte_to_dbt_prod.py
[2026-08-28T12:51:29.959+0000] {processor.py:914} INFO - Processing file /opt/airflow/dags/prod/airbyte_to_dbt_prod.py for tasks to queue
[2026-08-28T12:51:30.030+0000] {logging_mixin.py:190} INFO - [2026-08-28T12:51:30.023+0000] {dagbag.py:588} INFO - Filling up the DagBag from /opt/airflow/dags/prod/airbyte_to_dbt_prod.py
[2026-08-28T12:51:30.385+0000] {processor.py:925} INFO - DAG(s) 'airbyte_to_dbt_pipeline_prod' retrieved from /opt/airflow/dags/prod/airbyte_to_dbt_prod.py
[2026-08-28T12:51:31.038+0000] {logging_mixin.py:190} INFO - [2026-08-28T12:51:31.037+0000] {dag.py:3239} INFO - Sync 1 DAGs
[2026-08-28T12:51:31.337+0000] {logging_mixin.py:190} INFO - [2026-08-28T12:51:31.337+0000] {dag.py:4180} INFO - Setting next_dagrun for airbyte_to_dbt_pipeline_prod to 2026-08-28 11:00:00+00:00, run_after=2026-08-28 12:00:00+00:00
[2026-08-28T12:51:31.366+0000] {processor.py:208} INFO - Processing /opt/airflow/dags/prod/airbyte_to_dbt_prod.py took 1.484 seconds
[2026-08-28T12:52:01.856+0000] {processor.py:186} INFO - Started process (PID=385) to work on /opt/airflow/dags/prod/airbyte_to_dbt_prod.py
[2026-08-28T12:52:01.861+0000] {processor.py:914} INFO - Processing file /opt/airflow/dags/prod/airbyte_to_dbt_prod.py for tasks to queue
[2026-08-28T12:52:02.055+0000] {logging_mixin.py:190} INFO - [2026-08-28T12:52:02.019+0000] {dagbag.py:588} INFO - Filling up the DagBag from /opt/airflow/dags/prod/airbyte_to_dbt_prod.py
[2026-08-28T12:52:02.517+0000] {processor.py:925} INFO - DAG(s) 'airbyte_to_dbt_pipeline_prod' retrieved from /opt/airflow/dags/prod/airbyte_to_dbt_prod.py
[2026-08-28T12:52:03.207+0000] {logging_mixin.py:190} INFO - [2026-08-28T12:52:03.207+0000] {dag.py:3239} INFO - Sync 1 DAGs
[2026-08-28T12:52:03.665+0000] {logging_mixin.py:190} INFO - [2026-08-28T12:52:03.661+0000] {dag.py:4180} INFO - Setting next_dagrun for airbyte_to_dbt_pipeline_prod to 2026-08-28 11:00:00+00:00, run_after=2026-08-28 12:00:00+00:00
[2026-08-28T12:52:03.694+0000] {processor.py:208} INFO - Processing /opt/airflow/dags/prod/airbyte_to_dbt_prod.py took 2.063 seconds
[2026-08-28T12:52:33.889+0000] {processor.py:186} INFO - Started process (PID=397) to work on /opt/airflow/dags/prod/airbyte_to_dbt_prod.py
[2026-08-28T12:52:33.890+0000] {processor.py:914} INFO - Processing file /opt/airflow/dags/prod/airbyte_to_dbt_prod.py for tasks to queue
[2026-08-28T12:52:33.894+0000] {logging_mixin.py:190} INFO - [2026-08-28T12:52:33.893+0000] {dagbag.py:588} INFO - Filling up the DagBag from /opt/airflow/dags/prod/airbyte_to_dbt_prod.py
[2026-08-28T12:52:33.919+0000] {processor.py:925} INFO - DAG(s) 'airbyte_to_dbt_pipeline_prod' retrieved from /opt/airflow/dags/prod/airbyte_to_dbt_prod.py
[2026-08-28T12:52:34.989+0000] {logging_mixin.py:190} INFO - [2026-08-28T12:52:34.989+0000] {dag.py:3239} INFO - Sync 1 DAGs
[2026-08-28T12:52:35.019+0000] {logging_mixin.py:190} INFO - [2026-08-28T12:52:35.019+0000] {dag.py:4180} INFO - Setting next_dagrun for airbyte_to_dbt_pipeline_prod to 2026-08-28 11:00:00+00:00, run_after=2026-08-28 12:00:00+00:00
[2026-08-28T12:52:35.043+0000] {processor.py:208} INFO - Processing /opt/airflow/dags/prod/airbyte_to_dbt_prod.py took 1.163 seconds
[2026-08-28T12:53:05.209+0000] {processor.py:186} INFO - Started process (PID=407) to work on /opt/airflow/dags/prod/airbyte_to_dbt_prod.py
[2026-08-28T12:53:05.210+0000] {processor.py:914} INFO - Processing file /opt/airflow/dags/prod/airbyte_to_dbt_prod.py for tasks to queue
[2026-08-28T12:53:05.213+0000] {logging_mixin.py:190} INFO - [2026-08-28T12:53:05.212+0000] {dagbag.py:588} INFO - Filling up the DagBag from /opt/airflow/dags/prod/airbyte_to_dbt_prod.py
[2026-08-28T12:53:05.238+0000] {processor.py:925} INFO - DAG(s) 'airbyte_to_dbt_pipeline_prod' retrieved from /opt/airflow/dags/prod/airbyte_to_dbt_prod.py
[2026-08-28T12:53:05.311+0000] {logging_mixin.py:190} INFO - [2026-08-28T12:53:05.310+0000] {dag.py:3239} INFO - Sync 1 DAGs
[2026-08-28T12:53:05.347+0000] {logging_mixin.py:190} INFO - [2026-08-28T12:53:05.347+0000] {dag.py:4180} INFO - Setting next_dagrun for airbyte_to_dbt_pipeline_prod to 2026-08-28 11:00:00+00:00, run_after=2026-08-28 12:00:00+00:00
[2026-08-28T12:53:05.378+0000] {processor.py:208} INFO - Processing /opt/airflow/dags/prod/airbyte_to_dbt_prod.py took 0.179 seconds
[2026-08-28T12:53:35.586+0000] {processor.py:186} INFO - Started process (PID=417) to work on /opt/airflow/dags/prod/airbyte_to_dbt_prod.py
[2026-08-28T12:53:35.588+0000] {processor.py:914} INFO - Processing file /opt/airflow/dags/prod/airbyte_to_dbt_prod.py for tasks to queue
[2026-08-28T12:53:35.593+0000] {logging_mixin.py:190} INFO - [2026-08-28T12:53:35.592+0000] {dagbag.py:588} INFO - Filling up the DagBag from /opt/airflow/dags/prod/airbyte_to_dbt_prod.py
[2026-08-28T12:53:35.648+0000] {processor.py:925} INFO - DAG(s) 'airbyte_to_dbt_pipeline_prod' retrieved from /opt/airflow/dags/prod/airbyte_to_dbt_prod.py
[2026-08-28T12:53:35.691+0000] {logging_mixin.py:190} INFO - [2026-08-28T12:53:35.691+0000] {dag.py:3239} INFO - Sync 1 DAGs
[2026-08-28T12:53:35.731+0000] {logging_mixin.py:190} INFO - [2026-08-28T12:53:35.731+0000] {dag.py:4180} INFO - Setting next_dagrun for airbyte_to_dbt_pipeline_prod to 2026-08-28 11:00:00+00:00, run_after=2026-08-28 12:00:00+00:00
[2026-08-28T12:53:35.758+0000] {processor.py:208} INFO - Processing /opt/airflow/dags/prod/airbyte_to_dbt_prod.py took 0.184 seconds
[2026-08-28T12:54:05.963+0000] {processor.py:186} INFO - Started process (PID=427) to work on /opt/airflow/dags/prod/airbyte_to_dbt_prod.py
[2026-08-28T12:54:05.964+0000] {processor.py:914} INFO - Processing file /opt/airflow/dags/prod/airbyte_to_dbt_prod.py for tasks to queue
[2026-08-28T12:54:05.967+0000] {logging_mixin.py:190} INFO - [2026-08-28T12:54:05.967+0000] {dagbag.py:588} INFO - Filling up the DagBag from /opt/airflow/dags/prod/airbyte_to_dbt_prod.py
[2026-08-28T12:54:06.009+0000] {processor.py:925} INFO - DAG(s) 'airbyte_to_dbt_pipeline_prod' retrieved from /opt/airflow/dags/prod/airbyte_to_dbt_prod.py
[2026-08-28T12:54:06.048+0000] {logging_mixin.py:190} INFO - [2026-08-28T12:54:06.048+0000] {dag.py:3239} INFO - Sync 1 DAGs
[2026-08-28T12:54:06.085+0000] {logging_mixin.py:190} INFO - [2026-08-28T12:54:06.084+0000] {dag.py:4180} INFO - Setting next_dagrun for airbyte_to_dbt_pipeline_prod to 2026-08-28 11:00:00+00:00, run_after=2026-08-28 12:00:00+00:00
[2026-08-28T12:54:06.115+0000] {processor.py:208} INFO - Processing /opt/airflow/dags/prod/airbyte_to_dbt_prod.py took 0.161 seconds
[2026-08-28T12:54:36.314+0000] {processor.py:186} INFO - Started process (PID=437) to work on /opt/airflow/dags/prod/airbyte_to_dbt_prod.py
[2026-08-28T12:54:36.316+0000] {processor.py:914} INFO - Processing file /opt/airflow/dags/prod/airbyte_to_dbt_prod.py for tasks to queue
[2026-08-28T12:54:36.320+0000] {logging_mixin.py:190} INFO - [2026-08-28T12:54:36.319+0000] {dagbag.py:588} INFO - Filling up the DagBag from /opt/airflow/dags/prod/airbyte_to_dbt_prod.py
[2026-08-28T12:54:36.347+0000] {processor.py:925} INFO - DAG(s) 'airbyte_to_dbt_pipeline_prod' retrieved from /opt/airflow/dags/prod/airbyte_to_dbt_prod.py
[2026-08-28T12:54:36.400+0000] {logging_mixin.py:190} INFO - [2026-08-28T12:54:36.399+0000] {dag.py:3239} INFO - Sync 1 DAGs
[2026-08-28T12:54:36.435+0000] {logging_mixin.py:190} INFO - [2026-08-28T12:54:36.435+0000] {dag.py:4180} INFO - Setting next_dagrun for airbyte_to_dbt_pipeline_prod to 2026-08-28 11:00:00+00:00, run_after=2026-08-28 12:00:00+00:00
[2026-08-28T12:54:36.461+0000] {processor.py:208} INFO - Processing /opt/airflow/dags/prod/airbyte_to_dbt_prod.py took 0.157 seconds
[2026-08-28T12:55:06.654+0000] {processor.py:186} INFO - Started process (PID=447) to work on /opt/airflow/dags/prod/airbyte_to_dbt_prod.py
[2026-08-28T12:55:06.656+0000] {processor.py:914} INFO - Processing file /opt/airflow/dags/prod/airbyte_to_dbt_prod.py for tasks to queue
[2026-08-28T12:55:06.660+0000] {logging_mixin.py:190} INFO - [2026-08-28T12:55:06.659+0000] {dagbag.py:588} INFO - Filling up the DagBag from /opt/airflow/dags/prod/airbyte_to_dbt_prod.py
[2026-08-28T12:55:06.686+0000] {processor.py:925} INFO - DAG(s) 'airbyte_to_dbt_pipeline_prod' retrieved from /opt/airflow/dags/prod/airbyte_to_dbt_prod.py
[2026-08-28T12:55:06.741+0000] {logging_mixin.py:190} INFO - [2026-08-28T12:55:06.741+0000] {dag.py:3239} INFO - Sync 1 DAGs
[2026-08-28T12:55:06.785+0000] {logging_mixin.py:190} INFO - [2026-08-28T12:55:06.785+0000] {dag.py:4180} INFO - Setting next_dagrun for airbyte_to_dbt_pipeline_prod to 2026-08-28 11:00:00+00:00, run_after=2026-08-28 12:00:00+00:00
[2026-08-28T12:55:06.819+0000] {processor.py:208} INFO - Processing /opt/airflow/dags/prod/airbyte_to_dbt_prod.py took 0.182 seconds
[2026-08-28T12:55:37.018+0000] {processor.py:186} INFO - Started process (PID=457) to work on /opt/airflow/dags/prod/airbyte_to_dbt_prod.py
[2026-08-28T12:55:37.019+0000] {processor.py:914} INFO - Processing file /opt/airflow/dags/prod/airbyte_to_dbt_prod.py for tasks to queue
[2026-08-28T12:55:37.022+0000] {logging_mixin.py:190} INFO - [2026-08-28T12:55:37.021+0000] {dagbag.py:588} INFO - Filling up the DagBag from /opt/airflow/dags/prod/airbyte_to_dbt_prod.py
[2026-08-28T12:55:37.046+0000] {processor.py:925} INFO - DAG(s) 'airbyte_to_dbt_pipeline_prod' retrieved from /opt/airflow/dags/prod/airbyte_to_dbt_prod.py
[2026-08-28T12:55:37.099+0000] {logging_mixin.py:190} INFO - [2026-08-28T12:55:37.099+0000] {dag.py:3239} INFO - Sync 1 DAGs
[2026-08-28T12:55:37.142+0000] {logging_mixin.py:190} INFO - [2026-08-28T12:55:37.142+0000] {dag.py:4180} INFO - Setting next_dagrun for airbyte_to_dbt_pipeline_prod to 2026-08-28 11:00:00+00:00, run_after=2026-08-28 12:00:00+00:00
[2026-08-28T12:55:37.168+0000] {processor.py:208} INFO - Processing /opt/airflow/dags/prod/airbyte_to_dbt_prod.py took 0.159 seconds
[2026-08-28T12:56:07.356+0000] {processor.py:186} INFO - Started process (PID=467) to work on /opt/airflow/dags/prod/airbyte_to_dbt_prod.py
[2026-08-28T12:56:07.358+0000] {processor.py:914} INFO - Processing file /opt/airflow/dags/prod/airbyte_to_dbt_prod.py for tasks to queue
[2026-08-28T12:56:07.362+0000] {logging_mixin.py:190} INFO - [2026-08-28T12:56:07.361+0000] {dagbag.py:588} INFO - Filling up the DagBag from /opt/airflow/dags/prod/airbyte_to_dbt_prod.py
[2026-08-28T12:56:07.393+0000] {processor.py:925} INFO - DAG(s) 'airbyte_to_dbt_pipeline_prod' retrieved from /opt/airflow/dags/prod/airbyte_to_dbt_prod.py
[2026-08-28T12:56:07.447+0000] {logging_mixin.py:190} INFO - [2026-08-28T12:56:07.447+0000] {dag.py:3239} INFO - Sync 1 DAGs
[2026-08-28T12:56:07.480+0000] {logging_mixin.py:190} INFO - [2026-08-28T12:56:07.479+0000] {dag.py:4180} INFO - Setting next_dagrun for airbyte_to_dbt_pipeline_prod to 2026-08-28 11:00:00+00:00, run_after=2026-08-28 12:00:00+00:00
[2026-08-28T12:56:07.506+0000] {processor.py:208} INFO - Processing /opt/airflow/dags/prod/airbyte_to_dbt_prod.py took 0.160 seconds
[2026-08-28T12:56:37.783+0000] {processor.py:186} INFO - Started process (PID=475) to work on /opt/airflow/dags/prod/airbyte_to_dbt_prod.py
[2026-08-28T12:56:37.783+0000] {processor.py:914} INFO - Processing file /opt/airflow/dags/prod/airbyte_to_dbt_prod.py for tasks to queue
[2026-08-28T12:56:37.802+0000] {logging_mixin.py:190} INFO - [2026-08-28T12:56:37.800+0000] {dagbag.py:588} INFO - Filling up the DagBag from /opt/airflow/dags/prod/airbyte_to_dbt_prod.py
[2026-08-28T12:56:37.947+0000] {processor.py:925} INFO - DAG(s) 'airbyte_to_dbt_pipeline_prod' retrieved from /opt/airflow/dags/prod/airbyte_to_dbt_prod.py
[2026-08-28T12:56:38.057+0000] {logging_mixin.py:190} INFO - [2026-08-28T12:56:38.057+0000] {dag.py:3239} INFO - Sync 1 DAGs
[2026-08-28T12:56:38.163+0000] {logging_mixin.py:190} INFO - [2026-08-28T12:56:38.162+0000] {dag.py:4180} INFO - Setting next_dagrun for airbyte_to_dbt_pipeline_prod to 2026-08-28 11:00:00+00:00, run_after=2026-08-28 12:00:00+00:00
[2026-08-28T12:56:38.191+0000] {processor.py:208} INFO - Processing /opt/airflow/dags/prod/airbyte_to_dbt_prod.py took 0.427 seconds
[2026-08-28T12:57:08.386+0000] {processor.py:186} INFO - Started process (PID=487) to work on /opt/airflow/dags/prod/airbyte_to_dbt_prod.py
[2026-08-28T12:57:08.388+0000] {processor.py:914} INFO - Processing file /opt/airflow/dags/prod/airbyte_to_dbt_prod.py for tasks to queue
[2026-08-28T12:57:08.392+0000] {logging_mixin.py:190} INFO - [2026-08-28T12:57:08.392+0000] {dagbag.py:588} INFO - Filling up the DagBag from /opt/airflow/dags/prod/airbyte_to_dbt_prod.py
[2026-08-28T12:57:08.422+0000] {processor.py:925} INFO - DAG(s) 'airbyte_to_dbt_pipeline_prod' retrieved from /opt/airflow/dags/prod/airbyte_to_dbt_prod.py
[2026-08-28T12:57:08.470+0000] {logging_mixin.py:190} INFO - [2026-08-28T12:57:08.469+0000] {dag.py:3239} INFO - Sync 1 DAGs
[2026-08-28T12:57:08.514+0000] {logging_mixin.py:190} INFO - [2026-08-28T12:57:08.514+0000] {dag.py:4180} INFO - Setting next_dagrun for airbyte_to_dbt_pipeline_prod to 2026-08-28 11:00:00+00:00, run_after=2026-08-28 12:00:00+00:00
[2026-08-28T12:57:08.543+0000] {processor.py:208} INFO - Processing /opt/airflow/dags/prod/airbyte_to_dbt_prod.py took 0.170 seconds
[2026-08-28T12:57:38.742+0000] {processor.py:186} INFO - Started process (PID=497) to work on /opt/airflow/dags/prod/airbyte_to_dbt_prod.py
[2026-08-28T12:57:38.742+0000] {processor.py:914} INFO - Processing file /opt/airflow/dags/prod/airbyte_to_dbt_prod.py for tasks to queue
[2026-08-28T12:57:38.746+0000] {logging_mixin.py:190} INFO - [2026-08-28T12:57:38.745+0000] {dagbag.py:588} INFO - Filling up the DagBag from /opt/airflow/dags/prod/airbyte_to_dbt_prod.py
[2026-08-28T12:57:38.769+0000] {processor.py:925} INFO - DAG(s) 'airbyte_to_dbt_pipeline_prod' retrieved from /opt/airflow/dags/prod/airbyte_to_dbt_prod.py
[2026-08-28T12:57:38.823+0000] {logging_mixin.py:190} INFO - [2026-08-28T12:57:38.823+0000] {dag.py:3239} INFO - Sync 1 DAGs
[2026-08-28T12:57:38.859+0000] {logging_mixin.py:190} INFO - [2026-08-28T12:57:38.858+0000] {dag.py:4180} INFO - Setting next_dagrun for airbyte_to_dbt_pipeline_prod to 2026-08-28 11:00:00+00:00, run_after=2026-08-28 12:00:00+00:00
[2026-08-28T12:57:38.883+0000] {processor.py:208} INFO - Processing /opt/airflow/dags/prod/airbyte_to_dbt_prod.py took 0.149 seconds
[2026-08-28T12:58:09.050+0000] {processor.py:186} INFO - Started process (PID=507) to work on /opt/airflow/dags/prod/airbyte_to_dbt_prod.py
[2026-08-28T12:58:09.052+0000] {processor.py:914} INFO - Processing file /opt/airflow/dags/prod/airbyte_to_dbt_prod.py for tasks to queue
[2026-08-28T12:58:09.055+0000] {logging_mixin.py:190} INFO - [2026-08-28T12:58:09.055+0000] {dagbag.py:588} INFO - Filling up the DagBag from /opt/airflow/dags/prod/airbyte_to_dbt_prod.py
[2026-08-28T12:58:09.078+0000] {processor.py:925} INFO - DAG(s) 'airbyte_to_dbt_pipeline_prod' retrieved from /opt/airflow/dags/prod/airbyte_to_dbt_prod.py
[2026-08-28T12:58:09.128+0000] {logging_mixin.py:190} INFO - [2026-08-28T12:58:09.128+0000] {dag.py:3239} INFO - Sync 1 DAGs
[2026-08-28T12:58:09.176+0000] {logging_mixin.py:190} INFO - [2026-08-28T12:58:09.176+0000] {dag.py:4180} INFO - Setting next_dagrun for airbyte_to_dbt_pipeline_prod to 2026-08-28 11:00:00+00:00, run_after=2026-08-28 12:00:00+00:00
[2026-08-28T12:58:09.202+0000] {processor.py:208} INFO - Processing /opt/airflow/dags/prod/airbyte_to_dbt_prod.py took 0.161 seconds
[2026-08-28T12:58:39.374+0000] {processor.py:186} INFO - Started process (PID=517) to work on /opt/airflow/dags/prod/airbyte_to_dbt_prod.py
[2026-08-28T12:58:39.376+0000] {processor.py:914} INFO - Processing file /opt/airflow/dags/prod/airbyte_to_dbt_prod.py for tasks to queue
[2026-08-28T12:58:39.382+0000] {logging_mixin.py:190} INFO - [2026-08-28T12:58:39.381+0000] {dagbag.py:588} INFO - Filling up the DagBag from /opt/airflow/dags/prod/airbyte_to_dbt_prod.py
[2026-08-28T12:58:39.422+0000] {processor.py:925} INFO - DAG(s) 'airbyte_to_dbt_pipeline_prod' retrieved from /opt/airflow/dags/prod/airbyte_to_dbt_prod.py
[2026-08-28T12:58:39.521+0000] {logging_mixin.py:190} INFO - [2026-08-28T12:58:39.520+0000] {dag.py:3239} INFO - Sync 1 DAGs
[2026-08-28T12:58:39.572+0000] {logging_mixin.py:190} INFO - [2026-08-28T12:58:39.572+0000] {dag.py:4180} INFO - Setting next_dagrun for airbyte_to_dbt_pipeline_prod to 2026-08-28 11:00:00+00:00, run_after=2026-08-28 12:00:00+00:00
[2026-08-28T12:58:39.605+0000] {processor.py:208} INFO - Processing /opt/airflow/dags/prod/airbyte_to_dbt_prod.py took 0.244 seconds
[2026-08-28T12:59:09.757+0000] {processor.py:186} INFO - Started process (PID=527) to work on /opt/airflow/dags/prod/airbyte_to_dbt_prod.py
[2026-08-28T12:59:09.758+0000] {processor.py:914} INFO - Processing file /opt/airflow/dags/prod/airbyte_to_dbt_prod.py for tasks to queue
[2026-08-28T12:59:09.761+0000] {logging_mixin.py:190} INFO - [2026-08-28T12:59:09.760+0000] {dagbag.py:588} INFO - Filling up the DagBag from /opt/airflow/dags/prod/airbyte_to_dbt_prod.py
[2026-08-28T12:59:09.788+0000] {processor.py:925} INFO - DAG(s) 'airbyte_to_dbt_pipeline_prod' retrieved from /opt/airflow/dags/prod/airbyte_to_dbt_prod.py
[2026-08-28T12:59:09.841+0000] {logging_mixin.py:190} INFO - [2026-08-28T12:59:09.840+0000] {dag.py:3239} INFO - Sync 1 DAGs
[2026-08-28T12:59:09.888+0000] {logging_mixin.py:190} INFO - [2026-08-28T12:59:09.888+0000] {dag.py:4180} INFO - Setting next_dagrun for airbyte_to_dbt_pipeline_prod to 2026-08-28 11:00:00+00:00, run_after=2026-08-28 12:00:00+00:00
[2026-08-28T12:59:09.915+0000] {processor.py:208} INFO - Processing /opt/airflow/dags/prod/airbyte_to_dbt_prod.py took 0.168 seconds
[2026-08-28T12:59:40.084+0000] {processor.py:186} INFO - Started process (PID=537) to work on /opt/airflow/dags/prod/airbyte_to_dbt_prod.py
[2026-08-28T12:59:40.086+0000] {processor.py:914} INFO - Processing file /opt/airflow/dags/prod/airbyte_to_dbt_prod.py for tasks to queue
[2026-08-28T12:59:40.091+0000] {logging_mixin.py:190} INFO - [2026-08-28T12:59:40.090+0000] {dagbag.py:588} INFO - Filling up the DagBag from /opt/airflow/dags/prod/airbyte_to_dbt_prod.py
[2026-08-28T12:59:40.133+0000] {processor.py:925} INFO - DAG(s) 'airbyte_to_dbt_pipeline_prod' retrieved from /opt/airflow/dags/prod/airbyte_to_dbt_prod.py
[2026-08-28T12:59:40.200+0000] {logging_mixin.py:190} INFO - [2026-08-28T12:59:40.200+0000] {dag.py:3239} INFO - Sync 1 DAGs
[2026-08-28T12:59:40.251+0000] {logging_mixin.py:190} INFO - [2026-08-28T12:59:40.250+0000] {dag.py:4180} INFO - Setting next_dagrun for airbyte_to_dbt_pipeline_prod to 2026-08-28 11:00:00+00:00, run_after=2026-08-28 12:00:00+00:00
[2026-08-28T12:59:40.281+0000] {processor.py:208} INFO - Processing /opt/airflow/dags/prod/airbyte_to_dbt_prod.py took 0.207 seconds
[2026-08-28T13:00:10.480+0000] {processor.py:186} INFO - Started process (PID=547) to work on /opt/airflow/dags/prod/airbyte_to_dbt_prod.py
[2026-08-28T13:00:10.489+0000] {processor.py:914} INFO - Processing file /opt/airflow/dags/prod/airbyte_to_dbt_prod.py for tasks to queue
[2026-08-28T13:00:10.493+0000] {logging_mixin.py:190} INFO - [2026-08-28T13:00:10.492+0000] {dagbag.py:588} INFO - Filling up the DagBag from /opt/airflow/dags/prod/airbyte_to_dbt_prod.py
[2026-08-28T13:00:10.520+0000] {processor.py:925} INFO - DAG(s) 'airbyte_to_dbt_pipeline_prod' retrieved from /opt/airflow/dags/prod/airbyte_to_dbt_prod.py
[2026-08-28T13:00:10.634+0000] {logging_mixin.py:190} INFO - [2026-08-28T13:00:10.634+0000] {dag.py:3239} INFO - Sync 1 DAGs
[2026-08-28T13:00:10.707+0000] {logging_mixin.py:190} INFO - [2026-08-28T13:00:10.707+0000] {dag.py:4180} INFO - Setting next_dagrun for airbyte_to_dbt_pipeline_prod to 2026-08-28 12:00:00+00:00, run_after=2026-08-28 13:00:00+00:00
[2026-08-28T13:00:10.754+0000] {processor.py:208} INFO - Processing /opt/airflow/dags/prod/airbyte_to_dbt_prod.py took 0.285 seconds
[2026-08-28T13:00:40.921+0000] {processor.py:186} INFO - Started process (PID=556) to work on /opt/airflow/dags/prod/airbyte_to_dbt_prod.py
[2026-08-28T13:00:40.922+0000] {processor.py:914} INFO - Processing file /opt/airflow/dags/prod/airbyte_to_dbt_prod.py for tasks to queue
[2026-08-28T13:00:40.925+0000] {logging_mixin.py:190} INFO - [2026-08-28T13:00:40.925+0000] {dagbag.py:588} INFO - Filling up the DagBag from /opt/airflow/dags/prod/airbyte_to_dbt_prod.py
[2026-08-28T13:00:41.026+0000] {processor.py:925} INFO - DAG(s) 'airbyte_to_dbt_pipeline_prod' retrieved from /opt/airflow/dags/prod/airbyte_to_dbt_prod.py
[2026-08-28T13:00:41.105+0000] {logging_mixin.py:190} INFO - [2026-08-28T13:00:41.105+0000] {dag.py:3239} INFO - Sync 1 DAGs
[2026-08-28T13:00:41.215+0000] {logging_mixin.py:190} INFO - [2026-08-28T13:00:41.215+0000] {dag.py:4180} INFO - Setting next_dagrun for airbyte_to_dbt_pipeline_prod to 2026-08-28 12:00:00+00:00, run_after=2026-08-28 13:00:00+00:00
[2026-08-28T13:00:41.243+0000] {processor.py:208} INFO - Processing /opt/airflow/dags/prod/airbyte_to_dbt_prod.py took 0.343 seconds
[2026-08-28T13:01:11.446+0000] {processor.py:186} INFO - Started process (PID=567) to work on /opt/airflow/dags/prod/airbyte_to_dbt_prod.py
[2026-08-28T13:01:11.447+0000] {processor.py:914} INFO - Processing file /opt/airflow/dags/prod/airbyte_to_dbt_prod.py for tasks to queue
[2026-08-28T13:01:11.449+0000] {logging_mixin.py:190} INFO - [2026-08-28T13:01:11.449+0000] {dagbag.py:588} INFO - Filling up the DagBag from /opt/airflow/dags/prod/airbyte_to_dbt_prod.py
[2026-08-28T13:01:11.472+0000] {processor.py:925} INFO - DAG(s) 'airbyte_to_dbt_pipeline_prod' retrieved from /opt/airflow/dags/prod/airbyte_to_dbt_prod.py
[2026-08-28T13:01:11.570+0000] {logging_mixin.py:190} INFO - [2026-08-28T13:01:11.569+0000] {dag.py:3239} INFO - Sync 1 DAGs
[2026-08-28T13:01:11.598+0000] {logging_mixin.py:190} INFO - [2026-08-28T13:01:11.597+0000] {dag.py:4180} INFO - Setting next_dagrun for airbyte_to_dbt_pipeline_prod to 2026-08-28 12:00:00+00:00, run_after=2026-08-28 13:00:00+00:00
[2026-08-28T13:01:11.622+0000] {processor.py:208} INFO - Processing /opt/airflow/dags/prod/airbyte_to_dbt_prod.py took 0.211 seconds
[2026-08-28T13:01:41.807+0000] {processor.py:186} INFO - Started process (PID=577) to work on /opt/airflow/dags/prod/airbyte_to_dbt_prod.py
[2026-08-28T13:01:41.808+0000] {processor.py:914} INFO - Processing file /opt/airflow/dags/prod/airbyte_to_dbt_prod.py for tasks to queue
[2026-08-28T13:01:41.811+0000] {logging_mixin.py:190} INFO - [2026-08-28T13:01:41.810+0000] {dagbag.py:588} INFO - Filling up the DagBag from /opt/airflow/dags/prod/airbyte_to_dbt_prod.py
[2026-08-28T13:01:41.835+0000] {processor.py:925} INFO - DAG(s) 'airbyte_to_dbt_pipeline_prod' retrieved from /opt/airflow/dags/prod/airbyte_to_dbt_prod.py
[2026-08-28T13:01:41.885+0000] {logging_mixin.py:190} INFO - [2026-08-28T13:01:41.885+0000] {dag.py:3239} INFO - Sync 1 DAGs
[2026-08-28T13:01:41.935+0000] {logging_mixin.py:190} INFO - [2026-08-28T13:01:41.935+0000] {dag.py:4180} INFO - Setting next_dagrun for airbyte_to_dbt_pipeline_prod to 2026-08-28 12:00:00+00:00, run_after=2026-08-28 13:00:00+00:00
[2026-08-28T13:01:42.003+0000] {processor.py:208} INFO - Processing /opt/airflow/dags/prod/airbyte_to_dbt_prod.py took 0.205 seconds
[2026-08-28T13:02:12.167+0000] {processor.py:186} INFO - Started process (PID=587) to work on /opt/airflow/dags/prod/airbyte_to_dbt_prod.py
[2026-08-28T13:02:12.168+0000] {processor.py:914} INFO - Processing file /opt/airflow/dags/prod/airbyte_to_dbt_prod.py for tasks to queue
[2026-08-28T13:02:12.172+0000] {logging_mixin.py:190} INFO - [2026-08-28T13:02:12.172+0000] {dagbag.py:588} INFO - Filling up the DagBag from /opt/airflow/dags/prod/airbyte_to_dbt_prod.py
[2026-08-28T13:02:12.203+0000] {processor.py:925} INFO - DAG(s) 'airbyte_to_dbt_pipeline_prod' retrieved from /opt/airflow/dags/prod/airbyte_to_dbt_prod.py
[2026-08-28T13:02:12.245+0000] {logging_mixin.py:190} INFO - [2026-08-28T13:02:12.245+0000] {dag.py:3239} INFO - Sync 1 DAGs
[2026-08-28T13:02:12.279+0000] {logging_mixin.py:190} INFO - [2026-08-28T13:02:12.279+0000] {dag.py:4180} INFO - Setting next_dagrun for airbyte_to_dbt_pipeline_prod to 2026-08-28 12:00:00+00:00, run_after=2026-08-28 13:00:00+00:00
[2026-08-28T13:02:12.308+0000] {processor.py:208} INFO - Processing /opt/airflow/dags/prod/airbyte_to_dbt_prod.py took 0.152 seconds
[2026-08-28T13:02:42.494+0000] {processor.py:186} INFO - Started process (PID=597) to work on /opt/airflow/dags/prod/airbyte_to_dbt_prod.py
[2026-08-28T13:02:42.496+0000] {processor.py:914} INFO - Processing file /opt/airflow/dags/prod/airbyte_to_dbt_prod.py for tasks to queue
[2026-08-28T13:02:42.500+0000] {logging_mixin.py:190} INFO - [2026-08-28T13:02:42.499+0000] {dagbag.py:588} INFO - Filling up the DagBag from /opt/airflow/dags/prod/airbyte_to_dbt_prod.py
[2026-08-28T13:02:42.524+0000] {processor.py:925} INFO - DAG(s) 'airbyte_to_dbt_pipeline_prod' retrieved from /opt/airflow/dags/prod/airbyte_to_dbt_prod.py
[2026-08-28T13:02:42.575+0000] {logging_mixin.py:190} INFO - [2026-08-28T13:02:42.575+0000] {dag.py:3239} INFO - Sync 1 DAGs
[2026-08-28T13:02:42.613+0000] {logging_mixin.py:190} INFO - [2026-08-28T13:02:42.613+0000] {dag.py:4180} INFO - Setting next_dagrun for airbyte_to_dbt_pipeline_prod to 2026-08-28 12:00:00+00:00, run_after=2026-08-28 13:00:00+00:00
[2026-08-28T13:02:42.638+0000] {processor.py:208} INFO - Processing /opt/airflow/dags/prod/airbyte_to_dbt_prod.py took 0.159 seconds
[2026-08-28T13:03:12.808+0000] {processor.py:186} INFO - Started process (PID=607) to work on /opt/airflow/dags/prod/airbyte_to_dbt_prod.py
[2026-08-28T13:03:12.810+0000] {processor.py:914} INFO - Processing file /opt/airflow/dags/prod/airbyte_to_dbt_prod.py for tasks to queue
[2026-08-28T13:03:12.813+0000] {logging_mixin.py:190} INFO - [2026-08-28T13:03:12.813+0000] {dagbag.py:588} INFO - Filling up the DagBag from /opt/airflow/dags/prod/airbyte_to_dbt_prod.py
[2026-08-28T13:03:12.841+0000] {processor.py:925} INFO - DAG(s) 'airbyte_to_dbt_pipeline_prod' retrieved from /opt/airflow/dags/prod/airbyte_to_dbt_prod.py
[2026-08-28T13:03:12.883+0000] {logging_mixin.py:190} INFO - [2026-08-28T13:03:12.883+0000] {dag.py:3239} INFO - Sync 1 DAGs
[2026-08-28T13:03:12.913+0000] {logging_mixin.py:190} INFO - [2026-08-28T13:03:12.913+0000] {dag.py:4180} INFO - Setting next_dagrun for airbyte_to_dbt_pipeline_prod to 2026-08-28 12:00:00+00:00, run_after=2026-08-28 13:00:00+00:00
[2026-08-28T13:03:12.937+0000] {processor.py:208} INFO - Processing /opt/airflow/dags/prod/airbyte_to_dbt_prod.py took 0.139 seconds
[2026-08-28T13:03:43.090+0000] {processor.py:186} INFO - Started process (PID=617) to work on /opt/airflow/dags/prod/airbyte_to_dbt_prod.py
[2026-08-28T13:03:43.091+0000] {processor.py:914} INFO - Processing file /opt/airflow/dags/prod/airbyte_to_dbt_prod.py for tasks to queue
[2026-08-28T13:03:43.094+0000] {logging_mixin.py:190} INFO - [2026-08-28T13:03:43.094+0000] {dagbag.py:588} INFO - Filling up the DagBag from /opt/airflow/dags/prod/airbyte_to_dbt_prod.py
[2026-08-28T13:03:43.117+0000] {processor.py:925} INFO - DAG(s) 'airbyte_to_dbt_pipeline_prod' retrieved from /opt/airflow/dags/prod/airbyte_to_dbt_prod.py
[2026-08-28T13:03:43.157+0000] {logging_mixin.py:190} INFO - [2026-08-28T13:03:43.157+0000] {dag.py:3239} INFO - Sync 1 DAGs
[2026-08-28T13:03:43.188+0000] {logging_mixin.py:190} INFO - [2026-08-28T13:03:43.188+0000] {dag.py:4180} INFO - Setting next_dagrun for airbyte_to_dbt_pipeline_prod to 2026-08-28 12:00:00+00:00, run_after=2026-08-28 13:00:00+00:00
[2026-08-28T13:03:43.214+0000] {processor.py:208} INFO - Processing /opt/airflow/dags/prod/airbyte_to_dbt_prod.py took 0.133 seconds
[2026-08-28T13:04:13.387+0000] {processor.py:186} INFO - Started process (PID=627) to work on /opt/airflow/dags/prod/airbyte_to_dbt_prod.py
[2026-08-28T13:04:13.388+0000] {processor.py:914} INFO - Processing file /opt/airflow/dags/prod/airbyte_to_dbt_prod.py for tasks to queue
[2026-08-28T13:04:13.391+0000] {logging_mixin.py:190} INFO - [2026-08-28T13:04:13.390+0000] {dagbag.py:588} INFO - Filling up the DagBag from /opt/airflow/dags/prod/airbyte_to_dbt_prod.py
[2026-08-28T13:04:13.410+0000] {processor.py:925} INFO - DAG(s) 'airbyte_to_dbt_pipeline_prod' retrieved from /opt/airflow/dags/prod/airbyte_to_dbt_prod.py
[2026-08-28T13:04:13.451+0000] {logging_mixin.py:190} INFO - [2026-08-28T13:04:13.451+0000] {dag.py:3239} INFO - Sync 1 DAGs
[2026-08-28T13:04:13.483+0000] {logging_mixin.py:190} INFO - [2026-08-28T13:04:13.483+0000] {dag.py:4180} INFO - Setting next_dagrun for airbyte_to_dbt_pipeline_prod to 2026-08-28 12:00:00+00:00, run_after=2026-08-28 13:00:00+00:00
[2026-08-28T13:04:13.508+0000] {processor.py:208} INFO - Processing /opt/airflow/dags/prod/airbyte_to_dbt_prod.py took 0.130 seconds
[2026-08-28T13:04:43.675+0000] {processor.py:186} INFO - Started process (PID=637) to work on /opt/airflow/dags/prod/airbyte_to_dbt_prod.py
[2026-08-28T13:04:43.676+0000] {processor.py:914} INFO - Processing file /opt/airflow/dags/prod/airbyte_to_dbt_prod.py for tasks to queue
[2026-08-28T13:04:43.680+0000] {logging_mixin.py:190} INFO - [2026-08-28T13:04:43.679+0000] {dagbag.py:588} INFO - Filling up the DagBag from /opt/airflow/dags/prod/airbyte_to_dbt_prod.py
[2026-08-28T13:04:43.708+0000] {processor.py:925} INFO - DAG(s) 'airbyte_to_dbt_pipeline_prod' retrieved from /opt/airflow/dags/prod/airbyte_to_dbt_prod.py
[2026-08-28T13:04:43.752+0000] {logging_mixin.py:190} INFO - [2026-08-28T13:04:43.751+0000] {dag.py:3239} INFO - Sync 1 DAGs
[2026-08-28T13:04:43.793+0000] {logging_mixin.py:190} INFO - [2026-08-28T13:04:43.793+0000] {dag.py:4180} INFO - Setting next_dagrun for airbyte_to_dbt_pipeline_prod to 2026-08-28 12:00:00+00:00, run_after=2026-08-28 13:00:00+00:00
[2026-08-28T13:04:43.816+0000] {processor.py:208} INFO - Processing /opt/airflow/dags/prod/airbyte_to_dbt_prod.py took 0.152 seconds
[2026-08-28T13:05:13.960+0000] {processor.py:186} INFO - Started process (PID=647) to work on /opt/airflow/dags/prod/airbyte_to_dbt_prod.py
[2026-08-28T13:05:13.961+0000] {processor.py:914} INFO - Processing file /opt/airflow/dags/prod/airbyte_to_dbt_prod.py for tasks to queue
[2026-08-28T13:05:13.964+0000] {logging_mixin.py:190} INFO - [2026-08-28T13:05:13.963+0000] {dagbag.py:588} INFO - Filling up the DagBag from /opt/airflow/dags/prod/airbyte_to_dbt_prod.py
[2026-08-28T13:05:13.986+0000] {processor.py:925} INFO - DAG(s) 'airbyte_to_dbt_pipeline_prod' retrieved from /opt/airflow/dags/prod/airbyte_to_dbt_prod.py
[2026-08-28T13:05:14.027+0000] {logging_mixin.py:190} INFO - [2026-08-28T13:05:14.027+0000] {dag.py:3239} INFO - Sync 1 DAGs
[2026-08-28T13:05:14.060+0000] {logging_mixin.py:190} INFO - [2026-08-28T13:05:14.060+0000] {dag.py:4180} INFO - Setting next_dagrun for airbyte_to_dbt_pipeline_prod to 2026-08-28 12:00:00+00:00, run_after=2026-08-28 13:00:00+00:00
[2026-08-28T13:05:14.086+0000] {processor.py:208} INFO - Processing /opt/airflow/dags/prod/airbyte_to_dbt_prod.py took 0.135 seconds
[2026-08-28T13:05:44.258+0000] {processor.py:186} INFO - Started process (PID=657) to work on /opt/airflow/dags/prod/airbyte_to_dbt_prod.py
[2026-08-28T13:05:44.259+0000] {processor.py:914} INFO - Processing file /opt/airflow/dags/prod/airbyte_to_dbt_prod.py for tasks to queue
[2026-08-28T13:05:44.261+0000] {logging_mixin.py:190} INFO - [2026-08-28T13:05:44.261+0000] {dagbag.py:588} INFO - Filling up the DagBag from /opt/airflow/dags/prod/airbyte_to_dbt_prod.py
[2026-08-28T13:05:44.281+0000] {processor.py:925} INFO - DAG(s) 'airbyte_to_dbt_pipeline_prod' retrieved from /opt/airflow/dags/prod/airbyte_to_dbt_prod.py
[2026-08-28T13:05:44.319+0000] {logging_mixin.py:190} INFO - [2026-08-28T13:05:44.319+0000] {dag.py:3239} INFO - Sync 1 DAGs
[2026-08-28T13:05:44.350+0000] {logging_mixin.py:190} INFO - [2026-08-28T13:05:44.349+0000] {dag.py:4180} INFO - Setting next_dagrun for airbyte_to_dbt_pipeline_prod to 2026-08-28 12:00:00+00:00, run_after=2026-08-28 13:00:00+00:00
[2026-08-28T13:05:44.372+0000] {processor.py:208} INFO - Processing /opt/airflow/dags/prod/airbyte_to_dbt_prod.py took 0.123 seconds
[2026-08-28T13:06:14.531+0000] {processor.py:186} INFO - Started process (PID=667) to work on /opt/airflow/dags/prod/airbyte_to_dbt_prod.py
[2026-08-28T13:06:14.532+0000] {processor.py:914} INFO - Processing file /opt/airflow/dags/prod/airbyte_to_dbt_prod.py for tasks to queue
[2026-08-28T13:06:14.535+0000] {logging_mixin.py:190} INFO - [2026-08-28T13:06:14.535+0000] {dagbag.py:588} INFO - Filling up the DagBag from /opt/airflow/dags/prod/airbyte_to_dbt_prod.py
[2026-08-28T13:06:14.557+0000] {processor.py:925} INFO - DAG(s) 'airbyte_to_dbt_pipeline_prod' retrieved from /opt/airflow/dags/prod/airbyte_to_dbt_prod.py
[2026-08-28T13:06:14.602+0000] {logging_mixin.py:190} INFO - [2026-08-28T13:06:14.601+0000] {dag.py:3239} INFO - Sync 1 DAGs
[2026-08-28T13:06:14.635+0000] {logging_mixin.py:190} INFO - [2026-08-28T13:06:14.634+0000] {dag.py:4180} INFO - Setting next_dagrun for airbyte_to_dbt_pipeline_prod to 2026-08-28 12:00:00+00:00, run_after=2026-08-28 13:00:00+00:00
[2026-08-28T13:06:14.657+0000] {processor.py:208} INFO - Processing /opt/airflow/dags/prod/airbyte_to_dbt_prod.py took 0.134 seconds
[2026-08-28T13:06:44.821+0000] {processor.py:186} INFO - Started process (PID=677) to work on /opt/airflow/dags/prod/airbyte_to_dbt_prod.py
[2026-08-28T13:06:44.822+0000] {processor.py:914} INFO - Processing file /opt/airflow/dags/prod/airbyte_to_dbt_prod.py for tasks to queue
[2026-08-28T13:06:44.825+0000] {logging_mixin.py:190} INFO - [2026-08-28T13:06:44.824+0000] {dagbag.py:588} INFO - Filling up the DagBag from /opt/airflow/dags/prod/airbyte_to_dbt_prod.py
[2026-08-28T13:06:44.854+0000] {processor.py:925} INFO - DAG(s) 'airbyte_to_dbt_pipeline_prod' retrieved from /opt/airflow/dags/prod/airbyte_to_dbt_prod.py
[2026-08-28T13:06:44.999+0000] {logging_mixin.py:190} INFO - [2026-08-28T13:06:44.999+0000] {dag.py:3239} INFO - Sync 1 DAGs
[2026-08-28T13:06:45.135+0000] {logging_mixin.py:190} INFO - [2026-08-28T13:06:45.135+0000] {dag.py:4180} INFO - Setting next_dagrun for airbyte_to_dbt_pipeline_prod to 2026-08-28 12:00:00+00:00, run_after=2026-08-28 13:00:00+00:00
[2026-08-28T13:06:45.160+0000] {processor.py:208} INFO - Processing /opt/airflow/dags/prod/airbyte_to_dbt_prod.py took 0.347 seconds
[2026-08-28T13:07:15.370+0000] {processor.py:186} INFO - Started process (PID=687) to work on /opt/airflow/dags/prod/airbyte_to_dbt_prod.py
[2026-08-28T13:07:15.371+0000] {processor.py:914} INFO - Processing file /opt/airflow/dags/prod/airbyte_to_dbt_prod.py for tasks to queue
[2026-08-28T13:07:15.376+0000] {logging_mixin.py:190} INFO - [2026-08-28T13:07:15.375+0000] {dagbag.py:588} INFO - Filling up the DagBag from /opt/airflow/dags/prod/airbyte_to_dbt_prod.py
[2026-08-28T13:07:15.403+0000] {processor.py:925} INFO - DAG(s) 'airbyte_to_dbt_pipeline_prod' retrieved from /opt/airflow/dags/prod/airbyte_to_dbt_prod.py
[2026-08-28T13:07:15.464+0000] {logging_mixin.py:190} INFO - [2026-08-28T13:07:15.464+0000] {dag.py:3239} INFO - Sync 1 DAGs
[2026-08-28T13:07:15.514+0000] {logging_mixin.py:190} INFO - [2026-08-28T13:07:15.514+0000] {dag.py:4180} INFO - Setting next_dagrun for airbyte_to_dbt_pipeline_prod to 2026-08-28 12:00:00+00:00, run_after=2026-08-28 13:00:00+00:00
[2026-08-28T13:07:15.548+0000] {processor.py:208} INFO - Processing /opt/airflow/dags/prod/airbyte_to_dbt_prod.py took 0.192 seconds
[2026-08-28T13:07:45.705+0000] {processor.py:186} INFO - Started process (PID=697) to work on /opt/airflow/dags/prod/airbyte_to_dbt_prod.py
[2026-08-28T13:07:45.706+0000] {processor.py:914} INFO - Processing file /opt/airflow/dags/prod/airbyte_to_dbt_prod.py for tasks to queue
[2026-08-28T13:07:45.710+0000] {logging_mixin.py:190} INFO - [2026-08-28T13:07:45.710+0000] {dagbag.py:588} INFO - Filling up the DagBag from /opt/airflow/dags/prod/airbyte_to_dbt_prod.py
[2026-08-28T13:07:45.736+0000] {processor.py:925} INFO - DAG(s) 'airbyte_to_dbt_pipeline_prod' retrieved from /opt/airflow/dags/prod/airbyte_to_dbt_prod.py
[2026-08-28T13:07:45.774+0000] {logging_mixin.py:190} INFO - [2026-08-28T13:07:45.774+0000] {dag.py:3239} INFO - Sync 1 DAGs
[2026-08-28T13:07:45.803+0000] {logging_mixin.py:190} INFO - [2026-08-28T13:07:45.803+0000] {dag.py:4180} INFO - Setting next_dagrun for airbyte_to_dbt_pipeline_prod to 2026-08-28 12:00:00+00:00, run_after=2026-08-28 13:00:00+00:00
[2026-08-28T13:07:45.830+0000] {processor.py:208} INFO - Processing /opt/airflow/dags/prod/airbyte_to_dbt_prod.py took 0.137 seconds
[2026-08-28T13:08:16.013+0000] {processor.py:186} INFO - Started process (PID=707) to work on /opt/airflow/dags/prod/airbyte_to_dbt_prod.py
[2026-08-28T13:08:16.014+0000] {processor.py:914} INFO - Processing file /opt/airflow/dags/prod/airbyte_to_dbt_prod.py for tasks to queue
[2026-08-28T13:08:16.017+0000] {logging_mixin.py:190} INFO - [2026-08-28T13:08:16.017+0000] {dagbag.py:588} INFO - Filling up the DagBag from /opt/airflow/dags/prod/airbyte_to_dbt_prod.py
[2026-08-28T13:08:16.042+0000] {processor.py:925} INFO - DAG(s) 'airbyte_to_dbt_pipeline_prod' retrieved from /opt/airflow/dags/prod/airbyte_to_dbt_prod.py
[2026-08-28T13:08:16.090+0000] {logging_mixin.py:190} INFO - [2026-08-28T13:08:16.090+0000] {dag.py:3239} INFO - Sync 1 DAGs
[2026-08-28T13:08:16.124+0000] {logging_mixin.py:190} INFO - [2026-08-28T13:08:16.124+0000] {dag.py:4180} INFO - Setting next_dagrun for airbyte_to_dbt_pipeline_prod to 2026-08-28 12:00:00+00:00, run_after=2026-08-28 13:00:00+00:00
[2026-08-28T13:08:16.146+0000] {processor.py:208} INFO - Processing /opt/airflow/dags/prod/airbyte_to_dbt_prod.py took 0.142 seconds
[2026-08-28T13:08:46.441+0000] {processor.py:186} INFO - Started process (PID=717) to work on /opt/airflow/dags/prod/airbyte_to_dbt_prod.py
[2026-08-28T13:08:46.444+0000] {processor.py:914} INFO - Processing file /opt/airflow/dags/prod/airbyte_to_dbt_prod.py for tasks to queue
[2026-08-28T13:08:46.522+0000] {logging_mixin.py:190} INFO - [2026-08-28T13:08:46.522+0000] {dagbag.py:588} INFO - Filling up the DagBag from /opt/airflow/dags/prod/airbyte_to_dbt_prod.py
[2026-08-28T13:08:46.610+0000] {processor.py:925} INFO - DAG(s) 'airbyte_to_dbt_pipeline_prod' retrieved from /opt/airflow/dags/prod/airbyte_to_dbt_prod.py
[2026-08-28T13:08:46.761+0000] {logging_mixin.py:190} INFO - [2026-08-28T13:08:46.760+0000] {dag.py:3239} INFO - Sync 1 DAGs
[2026-08-28T13:08:46.862+0000] {logging_mixin.py:190} INFO - [2026-08-28T13:08:46.861+0000] {dag.py:4180} INFO - Setting next_dagrun for airbyte_to_dbt_pipeline_prod to 2026-08-28 12:00:00+00:00, run_after=2026-08-28 13:00:00+00:00
[2026-08-28T13:08:46.907+0000] {processor.py:208} INFO - Processing /opt/airflow/dags/prod/airbyte_to_dbt_prod.py took 0.563 seconds
[2026-08-28T13:09:17.028+0000] {processor.py:186} INFO - Started process (PID=727) to work on /opt/airflow/dags/prod/airbyte_to_dbt_prod.py
[2026-08-28T13:09:17.029+0000] {processor.py:914} INFO - Processing file /opt/airflow/dags/prod/airbyte_to_dbt_prod.py for tasks to queue
[2026-08-28T13:09:17.034+0000] {logging_mixin.py:190} INFO - [2026-08-28T13:09:17.033+0000] {dagbag.py:588} INFO - Filling up the DagBag from /opt/airflow/dags/prod/airbyte_to_dbt_prod.py
[2026-08-28T13:09:17.070+0000] {processor.py:925} INFO - DAG(s) 'airbyte_to_dbt_pipeline_prod' retrieved from /opt/airflow/dags/prod/airbyte_to_dbt_prod.py
[2026-08-28T13:09:17.139+0000] {logging_mixin.py:190} INFO - [2026-08-28T13:09:17.139+0000] {dag.py:3239} INFO - Sync 1 DAGs
[2026-08-28T13:09:17.186+0000] {logging_mixin.py:190} INFO - [2026-08-28T13:09:17.186+0000] {dag.py:4180} INFO - Setting next_dagrun for airbyte_to_dbt_pipeline_prod to 2026-08-28 12:00:00+00:00, run_after=2026-08-28 13:00:00+00:00
[2026-08-28T13:09:17.216+0000] {processor.py:208} INFO - Processing /opt/airflow/dags/prod/airbyte_to_dbt_prod.py took 0.202 seconds
[2026-08-28T13:09:47.374+0000] {processor.py:186} INFO - Started process (PID=737) to work on /opt/airflow/dags/prod/airbyte_to_dbt_prod.py
[2026-08-28T13:09:47.375+0000] {processor.py:914} INFO - Processing file /opt/airflow/dags/prod/airbyte_to_dbt_prod.py for tasks to queue
[2026-08-28T13:09:47.378+0000] {logging_mixin.py:190} INFO - [2026-08-28T13:09:47.378+0000] {dagbag.py:588} INFO - Filling up the DagBag from /opt/airflow/dags/prod/airbyte_to_dbt_prod.py
[2026-08-28T13:09:47.401+0000] {processor.py:925} INFO - DAG(s) 'airbyte_to_dbt_pipeline_prod' retrieved from /opt/airflow/dags/prod/airbyte_to_dbt_prod.py
[2026-08-28T13:09:47.449+0000] {logging_mixin.py:190} INFO - [2026-08-28T13:09:47.448+0000] {dag.py:3239} INFO - Sync 1 DAGs
[2026-08-28T13:09:47.485+0000] {logging_mixin.py:190} INFO - [2026-08-28T13:09:47.485+0000] {dag.py:4180} INFO - Setting next_dagrun for airbyte_to_dbt_pipeline_prod to 2026-08-28 12:00:00+00:00, run_after=2026-08-28 13:00:00+00:00
[2026-08-28T13:09:47.516+0000] {processor.py:208} INFO - Processing /opt/airflow/dags/prod/airbyte_to_dbt_prod.py took 0.151 seconds
[2026-08-28T13:10:17.672+0000] {processor.py:186} INFO - Started process (PID=747) to work on /opt/airflow/dags/prod/airbyte_to_dbt_prod.py
[2026-08-28T13:10:17.673+0000] {processor.py:914} INFO - Processing file /opt/airflow/dags/prod/airbyte_to_dbt_prod.py for tasks to queue
[2026-08-28T13:10:17.677+0000] {logging_mixin.py:190} INFO - [2026-08-28T13:10:17.676+0000] {dagbag.py:588} INFO - Filling up the DagBag from /opt/airflow/dags/prod/airbyte_to_dbt_prod.py
[2026-08-28T13:10:17.697+0000] {processor.py:925} INFO - DAG(s) 'airbyte_to_dbt_pipeline_prod' retrieved from /opt/airflow/dags/prod/airbyte_to_dbt_prod.py
[2026-08-28T13:10:17.742+0000] {logging_mixin.py:190} INFO - [2026-08-28T13:10:17.742+0000] {dag.py:3239} INFO - Sync 1 DAGs
[2026-08-28T13:10:17.774+0000] {logging_mixin.py:190} INFO - [2026-08-28T13:10:17.773+0000] {dag.py:4180} INFO - Setting next_dagrun for airbyte_to_dbt_pipeline_prod to 2026-08-28 12:00:00+00:00, run_after=2026-08-28 13:00:00+00:00
[2026-08-28T13:10:17.799+0000] {processor.py:208} INFO - Processing /opt/airflow/dags/prod/airbyte_to_dbt_prod.py took 0.135 seconds
[2026-08-28T13:10:47.977+0000] {processor.py:186} INFO - Started process (PID=757) to work on /opt/airflow/dags/prod/airbyte_to_dbt_prod.py
[2026-08-28T13:10:47.978+0000] {processor.py:914} INFO - Processing file /opt/airflow/dags/prod/airbyte_to_dbt_prod.py for tasks to queue
[2026-08-28T13:10:47.980+0000] {logging_mixin.py:190} INFO - [2026-08-28T13:10:47.980+0000] {dagbag.py:588} INFO - Filling up the DagBag from /opt/airflow/dags/prod/airbyte_to_dbt_prod.py
[2026-08-28T13:10:48.009+0000] {processor.py:925} INFO - DAG(s) 'airbyte_to_dbt_pipeline_prod' retrieved from /opt/airflow/dags/prod/airbyte_to_dbt_prod.py
[2026-08-28T13:10:48.045+0000] {logging_mixin.py:190} INFO - [2026-08-28T13:10:48.045+0000] {dag.py:3239} INFO - Sync 1 DAGs
[2026-08-28T13:10:48.079+0000] {logging_mixin.py:190} INFO - [2026-08-28T13:10:48.078+0000] {dag.py:4180} INFO - Setting next_dagrun for airbyte_to_dbt_pipeline_prod to 2026-08-28 12:00:00+00:00, run_after=2026-08-28 13:00:00+00:00
[2026-08-28T13:10:48.105+0000] {processor.py:208} INFO - Processing /opt/airflow/dags/prod/airbyte_to_dbt_prod.py took 0.137 seconds
[2026-08-28T13:11:18.280+0000] {processor.py:186} INFO - Started process (PID=767) to work on /opt/airflow/dags/prod/airbyte_to_dbt_prod.py
[2026-08-28T13:11:18.281+0000] {processor.py:914} INFO - Processing file /opt/airflow/dags/prod/airbyte_to_dbt_prod.py for tasks to queue
[2026-08-28T13:11:18.284+0000] {logging_mixin.py:190} INFO - [2026-08-28T13:11:18.283+0000] {dagbag.py:588} INFO - Filling up the DagBag from /opt/airflow/dags/prod/airbyte_to_dbt_prod.py
[2026-08-28T13:11:18.305+0000] {processor.py:925} INFO - DAG(s) 'airbyte_to_dbt_pipeline_prod' retrieved from /opt/airflow/dags/prod/airbyte_to_dbt_prod.py
[2026-08-28T13:11:18.346+0000] {logging_mixin.py:190} INFO - [2026-08-28T13:11:18.346+0000] {dag.py:3239} INFO - Sync 1 DAGs
[2026-08-28T13:11:18.381+0000] {logging_mixin.py:190} INFO - [2026-08-28T13:11:18.381+0000] {dag.py:4180} INFO - Setting next_dagrun for airbyte_to_dbt_pipeline_prod to 2026-08-28 12:00:00+00:00, run_after=2026-08-28 13:00:00+00:00
[2026-08-28T13:11:18.404+0000] {processor.py:208} INFO - Processing /opt/airflow/dags/prod/airbyte_to_dbt_prod.py took 0.133 seconds
[2026-08-28T13:11:48.557+0000] {processor.py:186} INFO - Started process (PID=777) to work on /opt/airflow/dags/prod/airbyte_to_dbt_prod.py
[2026-08-28T13:11:48.558+0000] {processor.py:914} INFO - Processing file /opt/airflow/dags/prod/airbyte_to_dbt_prod.py for tasks to queue
[2026-08-28T13:11:48.561+0000] {logging_mixin.py:190} INFO - [2026-08-28T13:11:48.560+0000] {dagbag.py:588} INFO - Filling up the DagBag from /opt/airflow/dags/prod/airbyte_to_dbt_prod.py
[2026-08-28T13:11:48.581+0000] {processor.py:925} INFO - DAG(s) 'airbyte_to_dbt_pipeline_prod' retrieved from /opt/airflow/dags/prod/airbyte_to_dbt_prod.py
[2026-08-28T13:11:48.623+0000] {logging_mixin.py:190} INFO - [2026-08-28T13:11:48.622+0000] {dag.py:3239} INFO - Sync 1 DAGs
[2026-08-28T13:11:48.654+0000] {logging_mixin.py:190} INFO - [2026-08-28T13:11:48.654+0000] {dag.py:4180} INFO - Setting next_dagrun for airbyte_to_dbt_pipeline_prod to 2026-08-28 12:00:00+00:00, run_after=2026-08-28 13:00:00+00:00
[2026-08-28T13:11:48.679+0000] {processor.py:208} INFO - Processing /opt/airflow/dags/prod/airbyte_to_dbt_prod.py took 0.130 seconds
[2026-08-28T13:12:18.846+0000] {processor.py:186} INFO - Started process (PID=787) to work on /opt/airflow/dags/prod/airbyte_to_dbt_prod.py
[2026-08-28T13:12:18.847+0000] {processor.py:914} INFO - Processing file /opt/airflow/dags/prod/airbyte_to_dbt_prod.py for tasks to queue
[2026-08-28T13:12:18.850+0000] {logging_mixin.py:190} INFO - [2026-08-28T13:12:18.850+0000] {dagbag.py:588} INFO - Filling up the DagBag from /opt/airflow/dags/prod/airbyte_to_dbt_prod.py
[2026-08-28T13:12:18.873+0000] {processor.py:925} INFO - DAG(s) 'airbyte_to_dbt_pipeline_prod' retrieved from /opt/airflow/dags/prod/airbyte_to_dbt_prod.py
[2026-08-28T13:12:18.913+0000] {logging_mixin.py:190} INFO - [2026-08-28T13:12:18.913+0000] {dag.py:3239} INFO - Sync 1 DAGs
[2026-08-28T13:12:18.946+0000] {logging_mixin.py:190} INFO - [2026-08-28T13:12:18.946+0000] {dag.py:4180} INFO - Setting next_dagrun for airbyte_to_dbt_pipeline_prod to 2026-08-28 12:00:00+00:00, run_after=2026-08-28 13:00:00+00:00
[2026-08-28T13:12:18.967+0000] {processor.py:208} INFO - Processing /opt/airflow/dags/prod/airbyte_to_dbt_prod.py took 0.130 seconds
[2026-08-28T13:12:49.134+0000] {processor.py:186} INFO - Started process (PID=797) to work on /opt/airflow/dags/prod/airbyte_to_dbt_prod.py
[2026-08-28T13:12:49.135+0000] {processor.py:914} INFO - Processing file /opt/airflow/dags/prod/airbyte_to_dbt_prod.py for tasks to queue
[2026-08-28T13:12:49.138+0000] {logging_mixin.py:190} INFO - [2026-08-28T13:12:49.138+0000] {dagbag.py:588} INFO - Filling up the DagBag from /opt/airflow/dags/prod/airbyte_to_dbt_prod.py
[2026-08-28T13:12:49.159+0000] {processor.py:925} INFO - DAG(s) 'airbyte_to_dbt_pipeline_prod' retrieved from /opt/airflow/dags/prod/airbyte_to_dbt_prod.py
[2026-08-28T13:12:49.196+0000] {logging_mixin.py:190} INFO - [2026-08-28T13:12:49.196+0000] {dag.py:3239} INFO - Sync 1 DAGs
[2026-08-28T13:12:49.224+0000] {logging_mixin.py:190} INFO - [2026-08-28T13:12:49.223+0000] {dag.py:4180} INFO - Setting next_dagrun for airbyte_to_dbt_pipeline_prod to 2026-08-28 12:00:00+00:00, run_after=2026-08-28 13:00:00+00:00
[2026-08-28T13:12:49.246+0000] {processor.py:208} INFO - Processing /opt/airflow/dags/prod/airbyte_to_dbt_prod.py took 0.121 seconds
[2026-08-28T13:13:19.408+0000] {processor.py:186} INFO - Started process (PID=807) to work on /opt/airflow/dags/prod/airbyte_to_dbt_prod.py
[2026-08-28T13:13:19.410+0000] {processor.py:914} INFO - Processing file /opt/airflow/dags/prod/airbyte_to_dbt_prod.py for tasks to queue
[2026-08-28T13:13:19.413+0000] {logging_mixin.py:190} INFO - [2026-08-28T13:13:19.412+0000] {dagbag.py:588} INFO - Filling up the DagBag from /opt/airflow/dags/prod/airbyte_to_dbt_prod.py
[2026-08-28T13:13:19.434+0000] {processor.py:925} INFO - DAG(s) 'airbyte_to_dbt_pipeline_prod' retrieved from /opt/airflow/dags/prod/airbyte_to_dbt_prod.py
[2026-08-28T13:13:19.477+0000] {logging_mixin.py:190} INFO - [2026-08-28T13:13:19.477+0000] {dag.py:3239} INFO - Sync 1 DAGs
[2026-08-28T13:13:19.508+0000] {logging_mixin.py:190} INFO - [2026-08-28T13:13:19.508+0000] {dag.py:4180} INFO - Setting next_dagrun for airbyte_to_dbt_pipeline_prod to 2026-08-28 12:00:00+00:00, run_after=2026-08-28 13:00:00+00:00
[2026-08-28T13:13:19.533+0000] {processor.py:208} INFO - Processing /opt/airflow/dags/prod/airbyte_to_dbt_prod.py took 0.133 seconds
[2026-08-28T13:13:49.689+0000] {processor.py:186} INFO - Started process (PID=817) to work on /opt/airflow/dags/prod/airbyte_to_dbt_prod.py
[2026-08-28T13:13:49.690+0000] {processor.py:914} INFO - Processing file /opt/airflow/dags/prod/airbyte_to_dbt_prod.py for tasks to queue
[2026-08-28T13:13:49.693+0000] {logging_mixin.py:190} INFO - [2026-08-28T13:13:49.693+0000] {dagbag.py:588} INFO - Filling up the DagBag from /opt/airflow/dags/prod/airbyte_to_dbt_prod.py
[2026-08-28T13:13:49.716+0000] {processor.py:925} INFO - DAG(s) 'airbyte_to_dbt_pipeline_prod' retrieved from /opt/airflow/dags/prod/airbyte_to_dbt_prod.py
[2026-08-28T13:13:49.758+0000] {logging_mixin.py:190} INFO - [2026-08-28T13:13:49.758+0000] {dag.py:3239} INFO - Sync 1 DAGs
[2026-08-28T13:13:49.792+0000] {logging_mixin.py:190} INFO - [2026-08-28T13:13:49.791+0000] {dag.py:4180} INFO - Setting next_dagrun for airbyte_to_dbt_pipeline_prod to 2026-08-28 12:00:00+00:00, run_after=2026-08-28 13:00:00+00:00
[2026-08-28T13:13:49.817+0000] {processor.py:208} INFO - Processing /opt/airflow/dags/prod/airbyte_to_dbt_prod.py took 0.136 seconds
[2026-08-28T13:14:20.001+0000] {processor.py:186} INFO - Started process (PID=827) to work on /opt/airflow/dags/prod/airbyte_to_dbt_prod.py
[2026-08-28T13:14:20.003+0000] {processor.py:914} INFO - Processing file /opt/airflow/dags/prod/airbyte_to_dbt_prod.py for tasks to queue
[2026-08-28T13:14:20.011+0000] {logging_mixin.py:190} INFO - [2026-08-28T13:14:20.008+0000] {dagbag.py:588} INFO - Filling up the DagBag from /opt/airflow/dags/prod/airbyte_to_dbt_prod.py
[2026-08-28T13:14:20.051+0000] {processor.py:925} INFO - DAG(s) 'airbyte_to_dbt_pipeline_prod' retrieved from /opt/airflow/dags/prod/airbyte_to_dbt_prod.py
[2026-08-28T13:14:20.129+0000] {logging_mixin.py:190} INFO - [2026-08-28T13:14:20.129+0000] {dag.py:3239} INFO - Sync 1 DAGs
[2026-08-28T13:14:20.195+0000] {logging_mixin.py:190} INFO - [2026-08-28T13:14:20.194+0000] {dag.py:4180} INFO - Setting next_dagrun for airbyte_to_dbt_pipeline_prod to 2026-08-28 12:00:00+00:00, run_after=2026-08-28 13:00:00+00:00
[2026-08-28T13:14:20.242+0000] {processor.py:208} INFO - Processing /opt/airflow/dags/prod/airbyte_to_dbt_prod.py took 0.258 seconds
[2026-08-28T13:14:50.446+0000] {processor.py:186} INFO - Started process (PID=837) to work on /opt/airflow/dags/prod/airbyte_to_dbt_prod.py
[2026-08-28T13:14:50.447+0000] {processor.py:914} INFO - Processing file /opt/airflow/dags/prod/airbyte_to_dbt_prod.py for tasks to queue
[2026-08-28T13:14:50.451+0000] {logging_mixin.py:190} INFO - [2026-08-28T13:14:50.450+0000] {dagbag.py:588} INFO - Filling up the DagBag from /opt/airflow/dags/prod/airbyte_to_dbt_prod.py
[2026-08-28T13:14:50.473+0000] {processor.py:925} INFO - DAG(s) 'airbyte_to_dbt_pipeline_prod' retrieved from /opt/airflow/dags/prod/airbyte_to_dbt_prod.py
[2026-08-28T13:14:50.518+0000] {logging_mixin.py:190} INFO - [2026-08-28T13:14:50.518+0000] {dag.py:3239} INFO - Sync 1 DAGs
[2026-08-28T13:14:50.551+0000] {logging_mixin.py:190} INFO - [2026-08-28T13:14:50.551+0000] {dag.py:4180} INFO - Setting next_dagrun for airbyte_to_dbt_pipeline_prod to 2026-08-28 12:00:00+00:00, run_after=2026-08-28 13:00:00+00:00
[2026-08-28T13:14:50.576+0000] {processor.py:208} INFO - Processing /opt/airflow/dags/prod/airbyte_to_dbt_prod.py took 0.140 seconds
[2026-08-28T13:15:20.742+0000] {processor.py:186} INFO - Started process (PID=847) to work on /opt/airflow/dags/prod/airbyte_to_dbt_prod.py
[2026-08-28T13:15:20.743+0000] {processor.py:914} INFO - Processing file /opt/airflow/dags/prod/airbyte_to_dbt_prod.py for tasks to queue
[2026-08-28T13:15:20.746+0000] {logging_mixin.py:190} INFO - [2026-08-28T13:15:20.745+0000] {dagbag.py:588} INFO - Filling up the DagBag from /opt/airflow/dags/prod/airbyte_to_dbt_prod.py
[2026-08-28T13:15:20.768+0000] {processor.py:925} INFO - DAG(s) 'airbyte_to_dbt_pipeline_prod' retrieved from /opt/airflow/dags/prod/airbyte_to_dbt_prod.py
[2026-08-28T13:15:20.814+0000] {logging_mixin.py:190} INFO - [2026-08-28T13:15:20.814+0000] {dag.py:3239} INFO - Sync 1 DAGs
[2026-08-28T13:15:20.845+0000] {logging_mixin.py:190} INFO - [2026-08-28T13:15:20.845+0000] {dag.py:4180} INFO - Setting next_dagrun for airbyte_to_dbt_pipeline_prod to 2026-08-28 12:00:00+00:00, run_after=2026-08-28 13:00:00+00:00
[2026-08-28T13:15:20.868+0000] {processor.py:208} INFO - Processing /opt/airflow/dags/prod/airbyte_to_dbt_prod.py took 0.136 seconds
[2026-08-28T13:15:51.044+0000] {processor.py:186} INFO - Started process (PID=857) to work on /opt/airflow/dags/prod/airbyte_to_dbt_prod.py
[2026-08-28T13:15:51.045+0000] {processor.py:914} INFO - Processing file /opt/airflow/dags/prod/airbyte_to_dbt_prod.py for tasks to queue
[2026-08-28T13:15:51.049+0000] {logging_mixin.py:190} INFO - [2026-08-28T13:15:51.049+0000] {dagbag.py:588} INFO - Filling up the DagBag from /opt/airflow/dags/prod/airbyte_to_dbt_prod.py
[2026-08-28T13:15:51.076+0000] {processor.py:925} INFO - DAG(s) 'airbyte_to_dbt_pipeline_prod' retrieved from /opt/airflow/dags/prod/airbyte_to_dbt_prod.py
[2026-08-28T13:15:51.121+0000] {logging_mixin.py:190} INFO - [2026-08-28T13:15:51.121+0000] {dag.py:3239} INFO - Sync 1 DAGs
[2026-08-28T13:15:51.149+0000] {logging_mixin.py:190} INFO - [2026-08-28T13:15:51.148+0000] {dag.py:4180} INFO - Setting next_dagrun for airbyte_to_dbt_pipeline_prod to 2026-08-28 12:00:00+00:00, run_after=2026-08-28 13:00:00+00:00
[2026-08-28T13:15:51.169+0000] {processor.py:208} INFO - Processing /opt/airflow/dags/prod/airbyte_to_dbt_prod.py took 0.136 seconds
[2026-08-28T13:16:21.333+0000] {processor.py:186} INFO - Started process (PID=867) to work on /opt/airflow/dags/prod/airbyte_to_dbt_prod.py
[2026-08-28T13:16:21.335+0000] {processor.py:914} INFO - Processing file /opt/airflow/dags/prod/airbyte_to_dbt_prod.py for tasks to queue
[2026-08-28T13:16:21.339+0000] {logging_mixin.py:190} INFO - [2026-08-28T13:16:21.338+0000] {dagbag.py:588} INFO - Filling up the DagBag from /opt/airflow/dags/prod/airbyte_to_dbt_prod.py
[2026-08-28T13:16:21.367+0000] {processor.py:925} INFO - DAG(s) 'airbyte_to_dbt_pipeline_prod' retrieved from /opt/airflow/dags/prod/airbyte_to_dbt_prod.py
[2026-08-28T13:16:21.417+0000] {logging_mixin.py:190} INFO - [2026-08-28T13:16:21.417+0000] {dag.py:3239} INFO - Sync 1 DAGs
[2026-08-28T13:16:21.452+0000] {logging_mixin.py:190} INFO - [2026-08-28T13:16:21.452+0000] {dag.py:4180} INFO - Setting next_dagrun for airbyte_to_dbt_pipeline_prod to 2026-08-28 12:00:00+00:00, run_after=2026-08-28 13:00:00+00:00
[2026-08-28T13:16:21.475+0000] {processor.py:208} INFO - Processing /opt/airflow/dags/prod/airbyte_to_dbt_prod.py took 0.152 seconds
[2026-08-28T13:16:51.643+0000] {processor.py:186} INFO - Started process (PID=877) to work on /opt/airflow/dags/prod/airbyte_to_dbt_prod.py
[2026-08-28T13:16:51.643+0000] {processor.py:914} INFO - Processing file /opt/airflow/dags/prod/airbyte_to_dbt_prod.py for tasks to queue
[2026-08-28T13:16:51.647+0000] {logging_mixin.py:190} INFO - [2026-08-28T13:16:51.646+0000] {dagbag.py:588} INFO - Filling up the DagBag from /opt/airflow/dags/prod/airbyte_to_dbt_prod.py
[2026-08-28T13:16:51.673+0000] {processor.py:925} INFO - DAG(s) 'airbyte_to_dbt_pipeline_prod' retrieved from /opt/airflow/dags/prod/airbyte_to_dbt_prod.py
[2026-08-28T13:16:51.730+0000] {logging_mixin.py:190} INFO - [2026-08-28T13:16:51.730+0000] {dag.py:3239} INFO - Sync 1 DAGs
[2026-08-28T13:16:51.764+0000] {logging_mixin.py:190} INFO - [2026-08-28T13:16:51.764+0000] {dag.py:4180} INFO - Setting next_dagrun for airbyte_to_dbt_pipeline_prod to 2026-08-28 12:00:00+00:00, run_after=2026-08-28 13:00:00+00:00
[2026-08-28T13:16:51.787+0000] {processor.py:208} INFO - Processing /opt/airflow/dags/prod/airbyte_to_dbt_prod.py took 0.154 seconds
[2026-08-28T13:17:21.952+0000] {processor.py:186} INFO - Started process (PID=887) to work on /opt/airflow/dags/prod/airbyte_to_dbt_prod.py
[2026-08-28T13:17:21.954+0000] {processor.py:914} INFO - Processing file /opt/airflow/dags/prod/airbyte_to_dbt_prod.py for tasks to queue
[2026-08-28T13:17:21.956+0000] {logging_mixin.py:190} INFO - [2026-08-28T13:17:21.956+0000] {dagbag.py:588} INFO - Filling up the DagBag from /opt/airflow/dags/prod/airbyte_to_dbt_prod.py
[2026-08-28T13:17:21.978+0000] {processor.py:925} INFO - DAG(s) 'airbyte_to_dbt_pipeline_prod' retrieved from /opt/airflow/dags/prod/airbyte_to_dbt_prod.py
[2026-08-28T13:17:22.018+0000] {logging_mixin.py:190} INFO - [2026-08-28T13:17:22.018+0000] {dag.py:3239} INFO - Sync 1 DAGs
[2026-08-28T13:17:22.056+0000] {logging_mixin.py:190} INFO - [2026-08-28T13:17:22.055+0000] {dag.py:4180} INFO - Setting next_dagrun for airbyte_to_dbt_pipeline_prod to 2026-08-28 12:00:00+00:00, run_after=2026-08-28 13:00:00+00:00
[2026-08-28T13:17:22.078+0000] {processor.py:208} INFO - Processing /opt/airflow/dags/prod/airbyte_to_dbt_prod.py took 0.135 seconds
[2026-08-28T13:17:52.240+0000] {processor.py:186} INFO - Started process (PID=897) to work on /opt/airflow/dags/prod/airbyte_to_dbt_prod.py
[2026-08-28T13:17:52.241+0000] {processor.py:914} INFO - Processing file /opt/airflow/dags/prod/airbyte_to_dbt_prod.py for tasks to queue
[2026-08-28T13:17:52.246+0000] {logging_mixin.py:190} INFO - [2026-08-28T13:17:52.245+0000] {dagbag.py:588} INFO - Filling up the DagBag from /opt/airflow/dags/prod/airbyte_to_dbt_prod.py
[2026-08-28T13:17:52.266+0000] {processor.py:925} INFO - DAG(s) 'airbyte_to_dbt_pipeline_prod' retrieved from /opt/airflow/dags/prod/airbyte_to_dbt_prod.py
[2026-08-28T13:17:52.318+0000] {logging_mixin.py:190} INFO - [2026-08-28T13:17:52.318+0000] {dag.py:3239} INFO - Sync 1 DAGs
[2026-08-28T13:17:52.354+0000] {logging_mixin.py:190} INFO - [2026-08-28T13:17:52.354+0000] {dag.py:4180} INFO - Setting next_dagrun for airbyte_to_dbt_pipeline_prod to 2026-08-28 12:00:00+00:00, run_after=2026-08-28 13:00:00+00:00
[2026-08-28T13:17:52.378+0000] {processor.py:208} INFO - Processing /opt/airflow/dags/prod/airbyte_to_dbt_prod.py took 0.146 seconds
[2026-08-28T13:18:22.539+0000] {processor.py:186} INFO - Started process (PID=907) to work on /opt/airflow/dags/prod/airbyte_to_dbt_prod.py
[2026-08-28T13:18:22.540+0000] {processor.py:914} INFO - Processing file /opt/airflow/dags/prod/airbyte_to_dbt_prod.py for tasks to queue
[2026-08-28T13:18:22.543+0000] {logging_mixin.py:190} INFO - [2026-08-28T13:18:22.543+0000] {dagbag.py:588} INFO - Filling up the DagBag from /opt/airflow/dags/prod/airbyte_to_dbt_prod.py
[2026-08-28T13:18:22.565+0000] {processor.py:925} INFO - DAG(s) 'airbyte_to_dbt_pipeline_prod' retrieved from /opt/airflow/dags/prod/airbyte_to_dbt_prod.py
[2026-08-28T13:18:22.606+0000] {logging_mixin.py:190} INFO - [2026-08-28T13:18:22.606+0000] {dag.py:3239} INFO - Sync 1 DAGs
[2026-08-28T13:18:22.639+0000] {logging_mixin.py:190} INFO - [2026-08-28T13:18:22.639+0000] {dag.py:4180} INFO - Setting next_dagrun for airbyte_to_dbt_pipeline_prod to 2026-08-28 12:00:00+00:00, run_after=2026-08-28 13:00:00+00:00
[2026-08-28T13:18:22.662+0000] {processor.py:208} INFO - Processing /opt/airflow/dags/prod/airbyte_to_dbt_prod.py took 0.132 seconds
[2026-08-28T13:18:52.829+0000] {processor.py:186} INFO - Started process (PID=917) to work on /opt/airflow/dags/prod/airbyte_to_dbt_prod.py
[2026-08-28T13:18:52.831+0000] {processor.py:914} INFO - Processing file /opt/airflow/dags/prod/airbyte_to_dbt_prod.py for tasks to queue
[2026-08-28T13:18:52.834+0000] {logging_mixin.py:190} INFO - [2026-08-28T13:18:52.834+0000] {dagbag.py:588} INFO - Filling up the DagBag from /opt/airflow/dags/prod/airbyte_to_dbt_prod.py
[2026-08-28T13:18:52.864+0000] {processor.py:925} INFO - DAG(s) 'airbyte_to_dbt_pipeline_prod' retrieved from /opt/airflow/dags/prod/airbyte_to_dbt_prod.py
[2026-08-28T13:18:52.908+0000] {logging_mixin.py:190} INFO - [2026-08-28T13:18:52.908+0000] {dag.py:3239} INFO - Sync 1 DAGs
[2026-08-28T13:18:52.941+0000] {logging_mixin.py:190} INFO - [2026-08-28T13:18:52.940+0000] {dag.py:4180} INFO - Setting next_dagrun for airbyte_to_dbt_pipeline_prod to 2026-08-28 12:00:00+00:00, run_after=2026-08-28 13:00:00+00:00
[2026-08-28T13:18:52.965+0000] {processor.py:208} INFO - Processing /opt/airflow/dags/prod/airbyte_to_dbt_prod.py took 0.145 seconds
[2026-08-28T13:19:23.152+0000] {processor.py:186} INFO - Started process (PID=927) to work on /opt/airflow/dags/prod/airbyte_to_dbt_prod.py
[2026-08-28T13:19:23.153+0000] {processor.py:914} INFO - Processing file /opt/airflow/dags/prod/airbyte_to_dbt_prod.py for tasks to queue
[2026-08-28T13:19:23.156+0000] {logging_mixin.py:190} INFO - [2026-08-28T13:19:23.156+0000] {dagbag.py:588} INFO - Filling up the DagBag from /opt/airflow/dags/prod/airbyte_to_dbt_prod.py
[2026-08-28T13:19:23.177+0000] {processor.py:925} INFO - DAG(s) 'airbyte_to_dbt_pipeline_prod' retrieved from /opt/airflow/dags/prod/airbyte_to_dbt_prod.py
[2026-08-28T13:19:23.217+0000] {logging_mixin.py:190} INFO - [2026-08-28T13:19:23.216+0000] {dag.py:3239} INFO - Sync 1 DAGs
[2026-08-28T13:19:23.245+0000] {logging_mixin.py:190} INFO - [2026-08-28T13:19:23.245+0000] {dag.py:4180} INFO - Setting next_dagrun for airbyte_to_dbt_pipeline_prod to 2026-08-28 12:00:00+00:00, run_after=2026-08-28 13:00:00+00:00
[2026-08-28T13:19:23.267+0000] {processor.py:208} INFO - Processing /opt/airflow/dags/prod/airbyte_to_dbt_prod.py took 0.124 seconds
[2026-08-28T13:19:53.430+0000] {processor.py:186} INFO - Started process (PID=937) to work on /opt/airflow/dags/prod/airbyte_to_dbt_prod.py
[2026-08-28T13:19:53.431+0000] {processor.py:914} INFO - Processing file /opt/airflow/dags/prod/airbyte_to_dbt_prod.py for tasks to queue
[2026-08-28T13:19:53.434+0000] {logging_mixin.py:190} INFO - [2026-08-28T13:19:53.434+0000] {dagbag.py:588} INFO - Filling up the DagBag from /opt/airflow/dags/prod/airbyte_to_dbt_prod.py
[2026-08-28T13:19:53.457+0000] {processor.py:925} INFO - DAG(s) 'airbyte_to_dbt_pipeline_prod' retrieved from /opt/airflow/dags/prod/airbyte_to_dbt_prod.py
[2026-08-28T13:19:53.497+0000] {logging_mixin.py:190} INFO - [2026-08-28T13:19:53.497+0000] {dag.py:3239} INFO - Sync 1 DAGs
[2026-08-28T13:19:53.528+0000] {logging_mixin.py:190} INFO - [2026-08-28T13:19:53.528+0000] {dag.py:4180} INFO - Setting next_dagrun for airbyte_to_dbt_pipeline_prod to 2026-08-28 12:00:00+00:00, run_after=2026-08-28 13:00:00+00:00
[2026-08-28T13:19:53.552+0000] {processor.py:208} INFO - Processing /opt/airflow/dags/prod/airbyte_to_dbt_prod.py took 0.131 seconds
[2026-08-28T13:20:23.725+0000] {processor.py:186} INFO - Started process (PID=947) to work on /opt/airflow/dags/prod/airbyte_to_dbt_prod.py
[2026-08-28T13:20:23.726+0000] {processor.py:914} INFO - Processing file /opt/airflow/dags/prod/airbyte_to_dbt_prod.py for tasks to queue
[2026-08-28T13:20:23.729+0000] {logging_mixin.py:190} INFO - [2026-08-28T13:20:23.728+0000] {dagbag.py:588} INFO - Filling up the DagBag from /opt/airflow/dags/prod/airbyte_to_dbt_prod.py
[2026-08-28T13:20:23.750+0000] {processor.py:925} INFO - DAG(s) 'airbyte_to_dbt_pipeline_prod' retrieved from /opt/airflow/dags/prod/airbyte_to_dbt_prod.py
[2026-08-28T13:20:23.802+0000] {logging_mixin.py:190} INFO - [2026-08-28T13:20:23.802+0000] {dag.py:3239} INFO - Sync 1 DAGs
[2026-08-28T13:20:23.839+0000] {logging_mixin.py:190} INFO - [2026-08-28T13:20:23.839+0000] {dag.py:4180} INFO - Setting next_dagrun for airbyte_to_dbt_pipeline_prod to 2026-08-28 12:00:00+00:00, run_after=2026-08-28 13:00:00+00:00
[2026-08-28T13:20:23.865+0000] {processor.py:208} INFO - Processing /opt/airflow/dags/prod/airbyte_to_dbt_prod.py took 0.151 seconds
[2026-08-28T13:20:54.038+0000] {processor.py:186} INFO - Started process (PID=957) to work on /opt/airflow/dags/prod/airbyte_to_dbt_prod.py
[2026-08-28T13:20:54.039+0000] {processor.py:914} INFO - Processing file /opt/airflow/dags/prod/airbyte_to_dbt_prod.py for tasks to queue
[2026-08-28T13:20:54.042+0000] {logging_mixin.py:190} INFO - [2026-08-28T13:20:54.042+0000] {dagbag.py:588} INFO - Filling up the DagBag from /opt/airflow/dags/prod/airbyte_to_dbt_prod.py
[2026-08-28T13:20:54.064+0000] {processor.py:925} INFO - DAG(s) 'airbyte_to_dbt_pipeline_prod' retrieved from /opt/airflow/dags/prod/airbyte_to_dbt_prod.py
[2026-08-28T13:20:54.109+0000] {logging_mixin.py:190} INFO - [2026-08-28T13:20:54.108+0000] {dag.py:3239} INFO - Sync 1 DAGs
[2026-08-28T13:20:54.143+0000] {logging_mixin.py:190} INFO - [2026-08-28T13:20:54.142+0000] {dag.py:4180} INFO - Setting next_dagrun for airbyte_to_dbt_pipeline_prod to 2026-08-28 12:00:00+00:00, run_after=2026-08-28 13:00:00+00:00
[2026-08-28T13:20:54.166+0000] {processor.py:208} INFO - Processing /opt/airflow/dags/prod/airbyte_to_dbt_prod.py took 0.137 seconds
[2026-08-28T13:21:24.336+0000] {processor.py:186} INFO - Started process (PID=967) to work on /opt/airflow/dags/prod/airbyte_to_dbt_prod.py
[2026-08-28T13:21:24.338+0000] {processor.py:914} INFO - Processing file /opt/airflow/dags/prod/airbyte_to_dbt_prod.py for tasks to queue
[2026-08-28T13:21:24.341+0000] {logging_mixin.py:190} INFO - [2026-08-28T13:21:24.341+0000] {dagbag.py:588} INFO - Filling up the DagBag from /opt/airflow/dags/prod/airbyte_to_dbt_prod.py
[2026-08-28T13:21:24.363+0000] {processor.py:925} INFO - DAG(s) 'airbyte_to_dbt_pipeline_prod' retrieved from /opt/airflow/dags/prod/airbyte_to_dbt_prod.py
[2026-08-28T13:21:24.403+0000] {logging_mixin.py:190} INFO - [2026-08-28T13:21:24.403+0000] {dag.py:3239} INFO - Sync 1 DAGs
[2026-08-28T13:21:24.435+0000] {logging_mixin.py:190} INFO - [2026-08-28T13:21:24.435+0000] {dag.py:4180} INFO - Setting next_dagrun for airbyte_to_dbt_pipeline_prod to 2026-08-28 12:00:00+00:00, run_after=2026-08-28 13:00:00+00:00
[2026-08-28T13:21:24.460+0000] {processor.py:208} INFO - Processing /opt/airflow/dags/prod/airbyte_to_dbt_prod.py took 0.134 seconds
[2026-08-28T13:21:54.735+0000] {processor.py:186} INFO - Started process (PID=975) to work on /opt/airflow/dags/prod/airbyte_to_dbt_prod.py
[2026-08-28T13:21:54.736+0000] {processor.py:914} INFO - Processing file /opt/airflow/dags/prod/airbyte_to_dbt_prod.py for tasks to queue
[2026-08-28T13:21:54.754+0000] {logging_mixin.py:190} INFO - [2026-08-28T13:21:54.753+0000] {dagbag.py:588} INFO - Filling up the DagBag from /opt/airflow/dags/prod/airbyte_to_dbt_prod.py
[2026-08-28T13:21:54.969+0000] {processor.py:925} INFO - DAG(s) 'airbyte_to_dbt_pipeline_prod' retrieved from /opt/airflow/dags/prod/airbyte_to_dbt_prod.py
[2026-08-28T13:21:55.087+0000] {logging_mixin.py:190} INFO - [2026-08-28T13:21:55.087+0000] {dag.py:3239} INFO - Sync 1 DAGs
[2026-08-28T13:21:55.141+0000] {logging_mixin.py:190} INFO - [2026-08-28T13:21:55.141+0000] {dag.py:4180} INFO - Setting next_dagrun for airbyte_to_dbt_pipeline_prod to 2026-08-28 12:00:00+00:00, run_after=2026-08-28 13:00:00+00:00
[2026-08-28T13:21:55.167+0000] {processor.py:208} INFO - Processing /opt/airflow/dags/prod/airbyte_to_dbt_prod.py took 0.481 seconds
[2026-08-28T13:22:25.351+0000] {processor.py:186} INFO - Started process (PID=987) to work on /opt/airflow/dags/prod/airbyte_to_dbt_prod.py
[2026-08-28T13:22:25.352+0000] {processor.py:914} INFO - Processing file /opt/airflow/dags/prod/airbyte_to_dbt_prod.py for tasks to queue
[2026-08-28T13:22:25.356+0000] {logging_mixin.py:190} INFO - [2026-08-28T13:22:25.356+0000] {dagbag.py:588} INFO - Filling up the DagBag from /opt/airflow/dags/prod/airbyte_to_dbt_prod.py
[2026-08-28T13:22:25.386+0000] {processor.py:925} INFO - DAG(s) 'airbyte_to_dbt_pipeline_prod' retrieved from /opt/airflow/dags/prod/airbyte_to_dbt_prod.py
[2026-08-28T13:22:25.440+0000] {logging_mixin.py:190} INFO - [2026-08-28T13:22:25.440+0000] {dag.py:3239} INFO - Sync 1 DAGs
[2026-08-28T13:22:25.475+0000] {logging_mixin.py:190} INFO - [2026-08-28T13:22:25.475+0000] {dag.py:4180} INFO - Setting next_dagrun for airbyte_to_dbt_pipeline_prod to 2026-08-28 12:00:00+00:00, run_after=2026-08-28 13:00:00+00:00
[2026-08-28T13:22:25.499+0000] {processor.py:208} INFO - Processing /opt/airflow/dags/prod/airbyte_to_dbt_prod.py took 0.158 seconds
[2026-08-28T13:22:55.659+0000] {processor.py:186} INFO - Started process (PID=997) to work on /opt/airflow/dags/prod/airbyte_to_dbt_prod.py
[2026-08-28T13:22:55.660+0000] {processor.py:914} INFO - Processing file /opt/airflow/dags/prod/airbyte_to_dbt_prod.py for tasks to queue
[2026-08-28T13:22:55.663+0000] {logging_mixin.py:190} INFO - [2026-08-28T13:22:55.663+0000] {dagbag.py:588} INFO - Filling up the DagBag from /opt/airflow/dags/prod/airbyte_to_dbt_prod.py
[2026-08-28T13:22:55.684+0000] {processor.py:925} INFO - DAG(s) 'airbyte_to_dbt_pipeline_prod' retrieved from /opt/airflow/dags/prod/airbyte_to_dbt_prod.py
[2026-08-28T13:22:55.735+0000] {logging_mixin.py:190} INFO - [2026-08-28T13:22:55.734+0000] {dag.py:3239} INFO - Sync 1 DAGs
[2026-08-28T13:22:55.770+0000] {logging_mixin.py:190} INFO - [2026-08-28T13:22:55.769+0000] {dag.py:4180} INFO - Setting next_dagrun for airbyte_to_dbt_pipeline_prod to 2026-08-28 12:00:00+00:00, run_after=2026-08-28 13:00:00+00:00
[2026-08-28T13:22:55.795+0000] {processor.py:208} INFO - Processing /opt/airflow/dags/prod/airbyte_to_dbt_prod.py took 0.144 seconds
[2026-08-28T13:23:25.950+0000] {processor.py:186} INFO - Started process (PID=1007) to work on /opt/airflow/dags/prod/airbyte_to_dbt_prod.py
[2026-08-28T13:23:25.951+0000] {processor.py:914} INFO - Processing file /opt/airflow/dags/prod/airbyte_to_dbt_prod.py for tasks to queue
[2026-08-28T13:23:25.954+0000] {logging_mixin.py:190} INFO - [2026-08-28T13:23:25.953+0000] {dagbag.py:588} INFO - Filling up the DagBag from /opt/airflow/dags/prod/airbyte_to_dbt_prod.py
[2026-08-28T13:23:25.977+0000] {processor.py:925} INFO - DAG(s) 'airbyte_to_dbt_pipeline_prod' retrieved from /opt/airflow/dags/prod/airbyte_to_dbt_prod.py
[2026-08-28T13:23:26.023+0000] {logging_mixin.py:190} INFO - [2026-08-28T13:23:26.023+0000] {dag.py:3239} INFO - Sync 1 DAGs
[2026-08-28T13:23:26.055+0000] {logging_mixin.py:190} INFO - [2026-08-28T13:23:26.055+0000] {dag.py:4180} INFO - Setting next_dagrun for airbyte_to_dbt_pipeline_prod to 2026-08-28 12:00:00+00:00, run_after=2026-08-28 13:00:00+00:00
[2026-08-28T13:23:26.078+0000] {processor.py:208} INFO - Processing /opt/airflow/dags/prod/airbyte_to_dbt_prod.py took 0.136 seconds
[2026-08-28T13:23:56.233+0000] {processor.py:186} INFO - Started process (PID=1017) to work on /opt/airflow/dags/prod/airbyte_to_dbt_prod.py
[2026-08-28T13:23:56.236+0000] {processor.py:914} INFO - Processing file /opt/airflow/dags/prod/airbyte_to_dbt_prod.py for tasks to queue
[2026-08-28T13:23:56.239+0000] {logging_mixin.py:190} INFO - [2026-08-28T13:23:56.239+0000] {dagbag.py:588} INFO - Filling up the DagBag from /opt/airflow/dags/prod/airbyte_to_dbt_prod.py
[2026-08-28T13:23:56.263+0000] {processor.py:925} INFO - DAG(s) 'airbyte_to_dbt_pipeline_prod' retrieved from /opt/airflow/dags/prod/airbyte_to_dbt_prod.py
[2026-08-28T13:23:56.308+0000] {logging_mixin.py:190} INFO - [2026-08-28T13:23:56.308+0000] {dag.py:3239} INFO - Sync 1 DAGs
[2026-08-28T13:23:56.342+0000] {logging_mixin.py:190} INFO - [2026-08-28T13:23:56.342+0000] {dag.py:4180} INFO - Setting next_dagrun for airbyte_to_dbt_pipeline_prod to 2026-08-28 12:00:00+00:00, run_after=2026-08-28 13:00:00+00:00
[2026-08-28T13:23:56.365+0000] {processor.py:208} INFO - Processing /opt/airflow/dags/prod/airbyte_to_dbt_prod.py took 0.141 seconds
[2026-08-28T13:24:26.520+0000] {processor.py:186} INFO - Started process (PID=1027) to work on /opt/airflow/dags/prod/airbyte_to_dbt_prod.py
[2026-08-28T13:24:26.521+0000] {processor.py:914} INFO - Processing file /opt/airflow/dags/prod/airbyte_to_dbt_prod.py for tasks to queue
[2026-08-28T13:24:26.524+0000] {logging_mixin.py:190} INFO - [2026-08-28T13:24:26.524+0000] {dagbag.py:588} INFO - Filling up the DagBag from /opt/airflow/dags/prod/airbyte_to_dbt_prod.py
[2026-08-28T13:24:26.545+0000] {processor.py:925} INFO - DAG(s) 'airbyte_to_dbt_pipeline_prod' retrieved from /opt/airflow/dags/prod/airbyte_to_dbt_prod.py
[2026-08-28T13:24:26.596+0000] {logging_mixin.py:190} INFO - [2026-08-28T13:24:26.596+0000] {dag.py:3239} INFO - Sync 1 DAGs
[2026-08-28T13:24:26.631+0000] {logging_mixin.py:190} INFO - [2026-08-28T13:24:26.631+0000] {dag.py:4180} INFO - Setting next_dagrun for airbyte_to_dbt_pipeline_prod to 2026-08-28 12:00:00+00:00, run_after=2026-08-28 13:00:00+00:00
[2026-08-28T13:24:26.656+0000] {processor.py:208} INFO - Processing /opt/airflow/dags/prod/airbyte_to_dbt_prod.py took 0.145 seconds
[2026-08-28T13:24:56.814+0000] {processor.py:186} INFO - Started process (PID=1037) to work on /opt/airflow/dags/prod/airbyte_to_dbt_prod.py
[2026-08-28T13:24:56.816+0000] {processor.py:914} INFO - Processing file /opt/airflow/dags/prod/airbyte_to_dbt_prod.py for tasks to queue
[2026-08-28T13:24:56.819+0000] {logging_mixin.py:190} INFO - [2026-08-28T13:24:56.819+0000] {dagbag.py:588} INFO - Filling up the DagBag from /opt/airflow/dags/prod/airbyte_to_dbt_prod.py
[2026-08-28T13:24:56.841+0000] {processor.py:925} INFO - DAG(s) 'airbyte_to_dbt_pipeline_prod' retrieved from /opt/airflow/dags/prod/airbyte_to_dbt_prod.py
[2026-08-28T13:24:56.880+0000] {logging_mixin.py:190} INFO - [2026-08-28T13:24:56.880+0000] {dag.py:3239} INFO - Sync 1 DAGs
[2026-08-28T13:24:56.915+0000] {logging_mixin.py:190} INFO - [2026-08-28T13:24:56.914+0000] {dag.py:4180} INFO - Setting next_dagrun for airbyte_to_dbt_pipeline_prod to 2026-08-28 12:00:00+00:00, run_after=2026-08-28 13:00:00+00:00
[2026-08-28T13:24:56.938+0000] {processor.py:208} INFO - Processing /opt/airflow/dags/prod/airbyte_to_dbt_prod.py took 0.132 seconds
[2026-08-28T13:25:27.099+0000] {processor.py:186} INFO - Started process (PID=1047) to work on /opt/airflow/dags/prod/airbyte_to_dbt_prod.py
[2026-08-28T13:25:27.100+0000] {processor.py:914} INFO - Processing file /opt/airflow/dags/prod/airbyte_to_dbt_prod.py for tasks to queue
[2026-08-28T13:25:27.103+0000] {logging_mixin.py:190} INFO - [2026-08-28T13:25:27.103+0000] {dagbag.py:588} INFO - Filling up the DagBag from /opt/airflow/dags/prod/airbyte_to_dbt_prod.py
[2026-08-28T13:25:27.126+0000] {processor.py:925} INFO - DAG(s) 'airbyte_to_dbt_pipeline_prod' retrieved from /opt/airflow/dags/prod/airbyte_to_dbt_prod.py
[2026-08-28T13:25:27.166+0000] {logging_mixin.py:190} INFO - [2026-08-28T13:25:27.165+0000] {dag.py:3239} INFO - Sync 1 DAGs
[2026-08-28T13:25:27.197+0000] {logging_mixin.py:190} INFO - [2026-08-28T13:25:27.197+0000] {dag.py:4180} INFO - Setting next_dagrun for airbyte_to_dbt_pipeline_prod to 2026-08-28 12:00:00+00:00, run_after=2026-08-28 13:00:00+00:00
[2026-08-28T13:25:27.219+0000] {processor.py:208} INFO - Processing /opt/airflow/dags/prod/airbyte_to_dbt_prod.py took 0.130 seconds
[2026-08-28T13:25:57.396+0000] {processor.py:186} INFO - Started process (PID=1057) to work on /opt/airflow/dags/prod/airbyte_to_dbt_prod.py
[2026-08-28T13:25:57.397+0000] {processor.py:914} INFO - Processing file /opt/airflow/dags/prod/airbyte_to_dbt_prod.py for tasks to queue
[2026-08-28T13:25:57.400+0000] {logging_mixin.py:190} INFO - [2026-08-28T13:25:57.399+0000] {dagbag.py:588} INFO - Filling up the DagBag from /opt/airflow/dags/prod/airbyte_to_dbt_prod.py
[2026-08-28T13:25:57.420+0000] {processor.py:925} INFO - DAG(s) 'airbyte_to_dbt_pipeline_prod' retrieved from /opt/airflow/dags/prod/airbyte_to_dbt_prod.py
[2026-08-28T13:25:57.459+0000] {logging_mixin.py:190} INFO - [2026-08-28T13:25:57.459+0000] {dag.py:3239} INFO - Sync 1 DAGs
[2026-08-28T13:25:57.490+0000] {logging_mixin.py:190} INFO - [2026-08-28T13:25:57.490+0000] {dag.py:4180} INFO - Setting next_dagrun for airbyte_to_dbt_pipeline_prod to 2026-08-28 12:00:00+00:00, run_after=2026-08-28 13:00:00+00:00
[2026-08-28T13:25:57.512+0000] {processor.py:208} INFO - Processing /opt/airflow/dags/prod/airbyte_to_dbt_prod.py took 0.125 seconds
[2026-08-28T13:26:27.692+0000] {processor.py:186} INFO - Started process (PID=1067) to work on /opt/airflow/dags/prod/airbyte_to_dbt_prod.py
[2026-08-28T13:26:27.692+0000] {processor.py:914} INFO - Processing file /opt/airflow/dags/prod/airbyte_to_dbt_prod.py for tasks to queue
[2026-08-28T13:26:27.695+0000] {logging_mixin.py:190} INFO - [2026-08-28T13:26:27.695+0000] {dagbag.py:588} INFO - Filling up the DagBag from /opt/airflow/dags/prod/airbyte_to_dbt_prod.py
[2026-08-28T13:26:27.719+0000] {processor.py:925} INFO - DAG(s) 'airbyte_to_dbt_pipeline_prod' retrieved from /opt/airflow/dags/prod/airbyte_to_dbt_prod.py
[2026-08-28T13:26:27.765+0000] {logging_mixin.py:190} INFO - [2026-08-28T13:26:27.765+0000] {dag.py:3239} INFO - Sync 1 DAGs
[2026-08-28T13:26:27.797+0000] {logging_mixin.py:190} INFO - [2026-08-28T13:26:27.797+0000] {dag.py:4180} INFO - Setting next_dagrun for airbyte_to_dbt_pipeline_prod to 2026-08-28 12:00:00+00:00, run_after=2026-08-28 13:00:00+00:00
[2026-08-28T13:26:27.820+0000] {processor.py:208} INFO - Processing /opt/airflow/dags/prod/airbyte_to_dbt_prod.py took 0.138 seconds
[2026-08-28T13:26:57.982+0000] {processor.py:186} INFO - Started process (PID=1077) to work on /opt/airflow/dags/prod/airbyte_to_dbt_prod.py
[2026-08-28T13:26:57.983+0000] {processor.py:914} INFO - Processing file /opt/airflow/dags/prod/airbyte_to_dbt_prod.py for tasks to queue
[2026-08-28T13:26:57.986+0000] {logging_mixin.py:190} INFO - [2026-08-28T13:26:57.986+0000] {dagbag.py:588} INFO - Filling up the DagBag from /opt/airflow/dags/prod/airbyte_to_dbt_prod.py
[2026-08-28T13:26:58.008+0000] {processor.py:925} INFO - DAG(s) 'airbyte_to_dbt_pipeline_prod' retrieved from /opt/airflow/dags/prod/airbyte_to_dbt_prod.py
[2026-08-28T13:26:58.048+0000] {logging_mixin.py:190} INFO - [2026-08-28T13:26:58.048+0000] {dag.py:3239} INFO - Sync 1 DAGs
[2026-08-28T13:26:58.078+0000] {logging_mixin.py:190} INFO - [2026-08-28T13:26:58.078+0000] {dag.py:4180} INFO - Setting next_dagrun for airbyte_to_dbt_pipeline_prod to 2026-08-28 12:00:00+00:00, run_after=2026-08-28 13:00:00+00:00
[2026-08-28T13:26:58.103+0000] {processor.py:208} INFO - Processing /opt/airflow/dags/prod/airbyte_to_dbt_prod.py took 0.129 seconds
[2026-08-28T13:27:28.255+0000] {processor.py:186} INFO - Started process (PID=1087) to work on /opt/airflow/dags/prod/airbyte_to_dbt_prod.py
[2026-08-28T13:27:28.256+0000] {processor.py:914} INFO - Processing file /opt/airflow/dags/prod/airbyte_to_dbt_prod.py for tasks to queue
[2026-08-28T13:27:28.259+0000] {logging_mixin.py:190} INFO - [2026-08-28T13:27:28.259+0000] {dagbag.py:588} INFO - Filling up the DagBag from /opt/airflow/dags/prod/airbyte_to_dbt_prod.py
[2026-08-28T13:27:28.281+0000] {processor.py:925} INFO - DAG(s) 'airbyte_to_dbt_pipeline_prod' retrieved from /opt/airflow/dags/prod/airbyte_to_dbt_prod.py
[2026-08-28T13:27:28.331+0000] {logging_mixin.py:190} INFO - [2026-08-28T13:27:28.330+0000] {dag.py:3239} INFO - Sync 1 DAGs
[2026-08-28T13:27:28.369+0000] {logging_mixin.py:190} INFO - [2026-08-28T13:27:28.368+0000] {dag.py:4180} INFO - Setting next_dagrun for airbyte_to_dbt_pipeline_prod to 2026-08-28 12:00:00+00:00, run_after=2026-08-28 13:00:00+00:00
[2026-08-28T13:27:28.392+0000] {processor.py:208} INFO - Processing /opt/airflow/dags/prod/airbyte_to_dbt_prod.py took 0.146 seconds
[2026-08-28T13:27:58.554+0000] {processor.py:186} INFO - Started process (PID=1097) to work on /opt/airflow/dags/prod/airbyte_to_dbt_prod.py
[2026-08-28T13:27:58.555+0000] {processor.py:914} INFO - Processing file /opt/airflow/dags/prod/airbyte_to_dbt_prod.py for tasks to queue
[2026-08-28T13:27:58.558+0000] {logging_mixin.py:190} INFO - [2026-08-28T13:27:58.558+0000] {dagbag.py:588} INFO - Filling up the DagBag from /opt/airflow/dags/prod/airbyte_to_dbt_prod.py
[2026-08-28T13:27:58.579+0000] {processor.py:925} INFO - DAG(s) 'airbyte_to_dbt_pipeline_prod' retrieved from /opt/airflow/dags/prod/airbyte_to_dbt_prod.py
[2026-08-28T13:27:58.630+0000] {logging_mixin.py:190} INFO - [2026-08-28T13:27:58.630+0000] {dag.py:3239} INFO - Sync 1 DAGs
[2026-08-28T13:27:58.663+0000] {logging_mixin.py:190} INFO - [2026-08-28T13:27:58.662+0000] {dag.py:4180} INFO - Setting next_dagrun for airbyte_to_dbt_pipeline_prod to 2026-08-28 12:00:00+00:00, run_after=2026-08-28 13:00:00+00:00
[2026-08-28T13:27:58.688+0000] {processor.py:208} INFO - Processing /opt/airflow/dags/prod/airbyte_to_dbt_prod.py took 0.143 seconds
[2026-08-28T13:28:28.849+0000] {processor.py:186} INFO - Started process (PID=1107) to work on /opt/airflow/dags/prod/airbyte_to_dbt_prod.py
[2026-08-28T13:28:28.850+0000] {processor.py:914} INFO - Processing file /opt/airflow/dags/prod/airbyte_to_dbt_prod.py for tasks to queue
[2026-08-28T13:28:28.853+0000] {logging_mixin.py:190} INFO - [2026-08-28T13:28:28.853+0000] {dagbag.py:588} INFO - Filling up the DagBag from /opt/airflow/dags/prod/airbyte_to_dbt_prod.py
[2026-08-28T13:28:28.876+0000] {processor.py:925} INFO - DAG(s) 'airbyte_to_dbt_pipeline_prod' retrieved from /opt/airflow/dags/prod/airbyte_to_dbt_prod.py
[2026-08-28T13:28:28.921+0000] {logging_mixin.py:190} INFO - [2026-08-28T13:28:28.920+0000] {dag.py:3239} INFO - Sync 1 DAGs
[2026-08-28T13:28:28.954+0000] {logging_mixin.py:190} INFO - [2026-08-28T13:28:28.954+0000] {dag.py:4180} INFO - Setting next_dagrun for airbyte_to_dbt_pipeline_prod to 2026-08-28 12:00:00+00:00, run_after=2026-08-28 13:00:00+00:00
[2026-08-28T13:28:28.978+0000] {processor.py:208} INFO - Processing /opt/airflow/dags/prod/airbyte_to_dbt_prod.py took 0.138 seconds
[2026-08-28T13:28:59.133+0000] {processor.py:186} INFO - Started process (PID=1117) to work on /opt/airflow/dags/prod/airbyte_to_dbt_prod.py
[2026-08-28T13:28:59.134+0000] {processor.py:914} INFO - Processing file /opt/airflow/dags/prod/airbyte_to_dbt_prod.py for tasks to queue
[2026-08-28T13:28:59.137+0000] {logging_mixin.py:190} INFO - [2026-08-28T13:28:59.137+0000] {dagbag.py:588} INFO - Filling up the DagBag from /opt/airflow/dags/prod/airbyte_to_dbt_prod.py
[2026-08-28T13:28:59.160+0000] {processor.py:925} INFO - DAG(s) 'airbyte_to_dbt_pipeline_prod' retrieved from /opt/airflow/dags/prod/airbyte_to_dbt_prod.py
[2026-08-28T13:28:59.198+0000] {logging_mixin.py:190} INFO - [2026-08-28T13:28:59.198+0000] {dag.py:3239} INFO - Sync 1 DAGs
[2026-08-28T13:28:59.227+0000] {logging_mixin.py:190} INFO - [2026-08-28T13:28:59.226+0000] {dag.py:4180} INFO - Setting next_dagrun for airbyte_to_dbt_pipeline_prod to 2026-08-28 12:00:00+00:00, run_after=2026-08-28 13:00:00+00:00
[2026-08-28T13:28:59.249+0000] {processor.py:208} INFO - Processing /opt/airflow/dags/prod/airbyte_to_dbt_prod.py took 0.125 seconds
[2026-08-28T13:29:29.425+0000] {processor.py:186} INFO - Started process (PID=1127) to work on /opt/airflow/dags/prod/airbyte_to_dbt_prod.py
[2026-08-28T13:29:29.426+0000] {processor.py:914} INFO - Processing file /opt/airflow/dags/prod/airbyte_to_dbt_prod.py for tasks to queue
[2026-08-28T13:29:29.431+0000] {logging_mixin.py:190} INFO - [2026-08-28T13:29:29.430+0000] {dagbag.py:588} INFO - Filling up the DagBag from /opt/airflow/dags/prod/airbyte_to_dbt_prod.py
[2026-08-28T13:29:29.459+0000] {processor.py:925} INFO - DAG(s) 'airbyte_to_dbt_pipeline_prod' retrieved from /opt/airflow/dags/prod/airbyte_to_dbt_prod.py
[2026-08-28T13:29:29.510+0000] {logging_mixin.py:190} INFO - [2026-08-28T13:29:29.510+0000] {dag.py:3239} INFO - Sync 1 DAGs
[2026-08-28T13:29:29.547+0000] {logging_mixin.py:190} INFO - [2026-08-28T13:29:29.546+0000] {dag.py:4180} INFO - Setting next_dagrun for airbyte_to_dbt_pipeline_prod to 2026-08-28 12:00:00+00:00, run_after=2026-08-28 13:00:00+00:00
[2026-08-28T13:29:29.571+0000] {processor.py:208} INFO - Processing /opt/airflow/dags/prod/airbyte_to_dbt_prod.py took 0.158 seconds
[2026-08-28T13:29:59.733+0000] {processor.py:186} INFO - Started process (PID=1137) to work on /opt/airflow/dags/prod/airbyte_to_dbt_prod.py
[2026-08-28T13:29:59.734+0000] {processor.py:914} INFO - Processing file /opt/airflow/dags/prod/airbyte_to_dbt_prod.py for tasks to queue
[2026-08-28T13:29:59.737+0000] {logging_mixin.py:190} INFO - [2026-08-28T13:29:59.737+0000] {dagbag.py:588} INFO - Filling up the DagBag from /opt/airflow/dags/prod/airbyte_to_dbt_prod.py
[2026-08-28T13:29:59.758+0000] {processor.py:925} INFO - DAG(s) 'airbyte_to_dbt_pipeline_prod' retrieved from /opt/airflow/dags/prod/airbyte_to_dbt_prod.py
[2026-08-28T13:29:59.811+0000] {logging_mixin.py:190} INFO - [2026-08-28T13:29:59.810+0000] {dag.py:3239} INFO - Sync 1 DAGs
[2026-08-28T13:29:59.848+0000] {logging_mixin.py:190} INFO - [2026-08-28T13:29:59.848+0000] {dag.py:4180} INFO - Setting next_dagrun for airbyte_to_dbt_pipeline_prod to 2026-08-28 12:00:00+00:00, run_after=2026-08-28 13:00:00+00:00
[2026-08-28T13:29:59.875+0000] {processor.py:208} INFO - Processing /opt/airflow/dags/prod/airbyte_to_dbt_prod.py took 0.150 seconds
[2026-08-28T13:30:30.036+0000] {processor.py:186} INFO - Started process (PID=1147) to work on /opt/airflow/dags/prod/airbyte_to_dbt_prod.py
[2026-08-28T13:30:30.038+0000] {processor.py:914} INFO - Processing file /opt/airflow/dags/prod/airbyte_to_dbt_prod.py for tasks to queue
[2026-08-28T13:30:30.041+0000] {logging_mixin.py:190} INFO - [2026-08-28T13:30:30.040+0000] {dagbag.py:588} INFO - Filling up the DagBag from /opt/airflow/dags/prod/airbyte_to_dbt_prod.py
[2026-08-28T13:30:30.062+0000] {processor.py:925} INFO - DAG(s) 'airbyte_to_dbt_pipeline_prod' retrieved from /opt/airflow/dags/prod/airbyte_to_dbt_prod.py
[2026-08-28T13:30:30.104+0000] {logging_mixin.py:190} INFO - [2026-08-28T13:30:30.104+0000] {dag.py:3239} INFO - Sync 1 DAGs
[2026-08-28T13:30:30.143+0000] {logging_mixin.py:190} INFO - [2026-08-28T13:30:30.143+0000] {dag.py:4180} INFO - Setting next_dagrun for airbyte_to_dbt_pipeline_prod to 2026-08-28 12:00:00+00:00, run_after=2026-08-28 13:00:00+00:00
[2026-08-28T13:30:30.171+0000] {processor.py:208} INFO - Processing /opt/airflow/dags/prod/airbyte_to_dbt_prod.py took 0.143 seconds
[2026-08-28T13:31:00.343+0000] {processor.py:186} INFO - Started process (PID=1157) to work on /opt/airflow/dags/prod/airbyte_to_dbt_prod.py
[2026-08-28T13:31:00.343+0000] {processor.py:914} INFO - Processing file /opt/airflow/dags/prod/airbyte_to_dbt_prod.py for tasks to queue
[2026-08-28T13:31:00.346+0000] {logging_mixin.py:190} INFO - [2026-08-28T13:31:00.346+0000] {dagbag.py:588} INFO - Filling up the DagBag from /opt/airflow/dags/prod/airbyte_to_dbt_prod.py
[2026-08-28T13:31:00.368+0000] {processor.py:925} INFO - DAG(s) 'airbyte_to_dbt_pipeline_prod' retrieved from /opt/airflow/dags/prod/airbyte_to_dbt_prod.py
[2026-08-28T13:31:00.407+0000] {logging_mixin.py:190} INFO - [2026-08-28T13:31:00.407+0000] {dag.py:3239} INFO - Sync 1 DAGs
[2026-08-28T13:31:00.449+0000] {logging_mixin.py:190} INFO - [2026-08-28T13:31:00.448+0000] {dag.py:4180} INFO - Setting next_dagrun for airbyte_to_dbt_pipeline_prod to 2026-08-28 12:00:00+00:00, run_after=2026-08-28 13:00:00+00:00
[2026-08-28T13:31:00.476+0000] {processor.py:208} INFO - Processing /opt/airflow/dags/prod/airbyte_to_dbt_prod.py took 0.142 seconds
[2026-08-28T13:31:30.646+0000] {processor.py:186} INFO - Started process (PID=1167) to work on /opt/airflow/dags/prod/airbyte_to_dbt_prod.py
[2026-08-28T13:31:30.647+0000] {processor.py:914} INFO - Processing file /opt/airflow/dags/prod/airbyte_to_dbt_prod.py for tasks to queue
[2026-08-28T13:31:30.650+0000] {logging_mixin.py:190} INFO - [2026-08-28T13:31:30.650+0000] {dagbag.py:588} INFO - Filling up the DagBag from /opt/airflow/dags/prod/airbyte_to_dbt_prod.py
[2026-08-28T13:31:30.671+0000] {processor.py:925} INFO - DAG(s) 'airbyte_to_dbt_pipeline_prod' retrieved from /opt/airflow/dags/prod/airbyte_to_dbt_prod.py
[2026-08-28T13:31:30.718+0000] {logging_mixin.py:190} INFO - [2026-08-28T13:31:30.718+0000] {dag.py:3239} INFO - Sync 1 DAGs
[2026-08-28T13:31:30.750+0000] {logging_mixin.py:190} INFO - [2026-08-28T13:31:30.750+0000] {dag.py:4180} INFO - Setting next_dagrun for airbyte_to_dbt_pipeline_prod to 2026-08-28 12:00:00+00:00, run_after=2026-08-28 13:00:00+00:00
[2026-08-28T13:31:30.775+0000] {processor.py:208} INFO - Processing /opt/airflow/dags/prod/airbyte_to_dbt_prod.py took 0.138 seconds
[2026-08-28T13:32:00.932+0000] {processor.py:186} INFO - Started process (PID=1177) to work on /opt/airflow/dags/prod/airbyte_to_dbt_prod.py
[2026-08-28T13:32:00.933+0000] {processor.py:914} INFO - Processing file /opt/airflow/dags/prod/airbyte_to_dbt_prod.py for tasks to queue
[2026-08-28T13:32:00.936+0000] {logging_mixin.py:190} INFO - [2026-08-28T13:32:00.936+0000] {dagbag.py:588} INFO - Filling up the DagBag from /opt/airflow/dags/prod/airbyte_to_dbt_prod.py
[2026-08-28T13:32:00.957+0000] {processor.py:925} INFO - DAG(s) 'airbyte_to_dbt_pipeline_prod' retrieved from /opt/airflow/dags/prod/airbyte_to_dbt_prod.py
[2026-08-28T13:32:00.997+0000] {logging_mixin.py:190} INFO - [2026-08-28T13:32:00.997+0000] {dag.py:3239} INFO - Sync 1 DAGs
[2026-08-28T13:32:01.027+0000] {logging_mixin.py:190} INFO - [2026-08-28T13:32:01.027+0000] {dag.py:4180} INFO - Setting next_dagrun for airbyte_to_dbt_pipeline_prod to 2026-08-28 12:00:00+00:00, run_after=2026-08-28 13:00:00+00:00
[2026-08-28T13:32:01.049+0000] {processor.py:208} INFO - Processing /opt/airflow/dags/prod/airbyte_to_dbt_prod.py took 0.126 seconds
[2026-08-28T13:32:31.210+0000] {processor.py:186} INFO - Started process (PID=1187) to work on /opt/airflow/dags/prod/airbyte_to_dbt_prod.py
[2026-08-28T13:32:31.211+0000] {processor.py:914} INFO - Processing file /opt/airflow/dags/prod/airbyte_to_dbt_prod.py for tasks to queue
[2026-08-28T13:32:31.214+0000] {logging_mixin.py:190} INFO - [2026-08-28T13:32:31.214+0000] {dagbag.py:588} INFO - Filling up the DagBag from /opt/airflow/dags/prod/airbyte_to_dbt_prod.py
[2026-08-28T13:32:31.237+0000] {processor.py:925} INFO - DAG(s) 'airbyte_to_dbt_pipeline_prod' retrieved from /opt/airflow/dags/prod/airbyte_to_dbt_prod.py
[2026-08-28T13:32:31.277+0000] {logging_mixin.py:190} INFO - [2026-08-28T13:32:31.277+0000] {dag.py:3239} INFO - Sync 1 DAGs
[2026-08-28T13:32:31.307+0000] {logging_mixin.py:190} INFO - [2026-08-28T13:32:31.306+0000] {dag.py:4180} INFO - Setting next_dagrun for airbyte_to_dbt_pipeline_prod to 2026-08-28 12:00:00+00:00, run_after=2026-08-28 13:00:00+00:00
[2026-08-28T13:32:31.329+0000] {processor.py:208} INFO - Processing /opt/airflow/dags/prod/airbyte_to_dbt_prod.py took 0.128 seconds
[2026-08-28T13:33:01.487+0000] {processor.py:186} INFO - Started process (PID=1197) to work on /opt/airflow/dags/prod/airbyte_to_dbt_prod.py
[2026-08-28T13:33:01.488+0000] {processor.py:914} INFO - Processing file /opt/airflow/dags/prod/airbyte_to_dbt_prod.py for tasks to queue
[2026-08-28T13:33:01.491+0000] {logging_mixin.py:190} INFO - [2026-08-28T13:33:01.491+0000] {dagbag.py:588} INFO - Filling up the DagBag from /opt/airflow/dags/prod/airbyte_to_dbt_prod.py
[2026-08-28T13:33:01.518+0000] {processor.py:925} INFO - DAG(s) 'airbyte_to_dbt_pipeline_prod' retrieved from /opt/airflow/dags/prod/airbyte_to_dbt_prod.py
[2026-08-28T13:33:01.567+0000] {logging_mixin.py:190} INFO - [2026-08-28T13:33:01.567+0000] {dag.py:3239} INFO - Sync 1 DAGs
[2026-08-28T13:33:01.604+0000] {logging_mixin.py:190} INFO - [2026-08-28T13:33:01.604+0000] {dag.py:4180} INFO - Setting next_dagrun for airbyte_to_dbt_pipeline_prod to 2026-08-28 12:00:00+00:00, run_after=2026-08-28 13:00:00+00:00
[2026-08-28T13:33:01.627+0000] {processor.py:208} INFO - Processing /opt/airflow/dags/prod/airbyte_to_dbt_prod.py took 0.149 seconds
[2026-08-28T13:33:31.790+0000] {processor.py:186} INFO - Started process (PID=1207) to work on /opt/airflow/dags/prod/airbyte_to_dbt_prod.py
[2026-08-28T13:33:31.792+0000] {processor.py:914} INFO - Processing file /opt/airflow/dags/prod/airbyte_to_dbt_prod.py for tasks to queue
[2026-08-28T13:33:31.794+0000] {logging_mixin.py:190} INFO - [2026-08-28T13:33:31.794+0000] {dagbag.py:588} INFO - Filling up the DagBag from /opt/airflow/dags/prod/airbyte_to_dbt_prod.py
[2026-08-28T13:33:31.816+0000] {processor.py:925} INFO - DAG(s) 'airbyte_to_dbt_pipeline_prod' retrieved from /opt/airflow/dags/prod/airbyte_to_dbt_prod.py
[2026-08-28T13:33:31.867+0000] {logging_mixin.py:190} INFO - [2026-08-28T13:33:31.867+0000] {dag.py:3239} INFO - Sync 1 DAGs
[2026-08-28T13:33:31.902+0000] {logging_mixin.py:190} INFO - [2026-08-28T13:33:31.902+0000] {dag.py:4180} INFO - Setting next_dagrun for airbyte_to_dbt_pipeline_prod to 2026-08-28 12:00:00+00:00, run_after=2026-08-28 13:00:00+00:00
[2026-08-28T13:33:31.926+0000] {processor.py:208} INFO - Processing /opt/airflow/dags/prod/airbyte_to_dbt_prod.py took 0.144 seconds
[2026-08-28T13:34:02.086+0000] {processor.py:186} INFO - Started process (PID=1217) to work on /opt/airflow/dags/prod/airbyte_to_dbt_prod.py
[2026-08-28T13:34:02.087+0000] {processor.py:914} INFO - Processing file /opt/airflow/dags/prod/airbyte_to_dbt_prod.py for tasks to queue
[2026-08-28T13:34:02.090+0000] {logging_mixin.py:190} INFO - [2026-08-28T13:34:02.090+0000] {dagbag.py:588} INFO - Filling up the DagBag from /opt/airflow/dags/prod/airbyte_to_dbt_prod.py
[2026-08-28T13:34:02.111+0000] {processor.py:925} INFO - DAG(s) 'airbyte_to_dbt_pipeline_prod' retrieved from /opt/airflow/dags/prod/airbyte_to_dbt_prod.py
[2026-08-28T13:34:02.150+0000] {logging_mixin.py:190} INFO - [2026-08-28T13:34:02.150+0000] {dag.py:3239} INFO - Sync 1 DAGs
[2026-08-28T13:34:02.182+0000] {logging_mixin.py:190} INFO - [2026-08-28T13:34:02.181+0000] {dag.py:4180} INFO - Setting next_dagrun for airbyte_to_dbt_pipeline_prod to 2026-08-28 12:00:00+00:00, run_after=2026-08-28 13:00:00+00:00
[2026-08-28T13:34:02.205+0000] {processor.py:208} INFO - Processing /opt/airflow/dags/prod/airbyte_to_dbt_prod.py took 0.128 seconds
[2026-08-28T13:34:32.369+0000] {processor.py:186} INFO - Started process (PID=1227) to work on /opt/airflow/dags/prod/airbyte_to_dbt_prod.py
[2026-08-28T13:34:32.370+0000] {processor.py:914} INFO - Processing file /opt/airflow/dags/prod/airbyte_to_dbt_prod.py for tasks to queue
[2026-08-28T13:34:32.374+0000] {logging_mixin.py:190} INFO - [2026-08-28T13:34:32.374+0000] {dagbag.py:588} INFO - Filling up the DagBag from /opt/airflow/dags/prod/airbyte_to_dbt_prod.py
[2026-08-28T13:34:32.403+0000] {processor.py:925} INFO - DAG(s) 'airbyte_to_dbt_pipeline_prod' retrieved from /opt/airflow/dags/prod/airbyte_to_dbt_prod.py
[2026-08-28T13:34:32.453+0000] {logging_mixin.py:190} INFO - [2026-08-28T13:34:32.453+0000] {dag.py:3239} INFO - Sync 1 DAGs
[2026-08-28T13:34:32.487+0000] {logging_mixin.py:190} INFO - [2026-08-28T13:34:32.487+0000] {dag.py:4180} INFO - Setting next_dagrun for airbyte_to_dbt_pipeline_prod to 2026-08-28 12:00:00+00:00, run_after=2026-08-28 13:00:00+00:00
[2026-08-28T13:34:32.510+0000] {processor.py:208} INFO - Processing /opt/airflow/dags/prod/airbyte_to_dbt_prod.py took 0.152 seconds
[2026-08-28T13:35:02.680+0000] {processor.py:186} INFO - Started process (PID=1237) to work on /opt/airflow/dags/prod/airbyte_to_dbt_prod.py
[2026-08-28T13:35:02.681+0000] {processor.py:914} INFO - Processing file /opt/airflow/dags/prod/airbyte_to_dbt_prod.py for tasks to queue
[2026-08-28T13:35:02.685+0000] {logging_mixin.py:190} INFO - [2026-08-28T13:35:02.684+0000] {dagbag.py:588} INFO - Filling up the DagBag from /opt/airflow/dags/prod/airbyte_to_dbt_prod.py
[2026-08-28T13:35:02.715+0000] {processor.py:925} INFO - DAG(s) 'airbyte_to_dbt_pipeline_prod' retrieved from /opt/airflow/dags/prod/airbyte_to_dbt_prod.py
[2026-08-28T13:35:02.754+0000] {logging_mixin.py:190} INFO - [2026-08-28T13:35:02.754+0000] {dag.py:3239} INFO - Sync 1 DAGs
[2026-08-28T13:35:02.783+0000] {logging_mixin.py:190} INFO - [2026-08-28T13:35:02.783+0000] {dag.py:4180} INFO - Setting next_dagrun for airbyte_to_dbt_pipeline_prod to 2026-08-28 12:00:00+00:00, run_after=2026-08-28 13:00:00+00:00
[2026-08-28T13:35:02.809+0000] {processor.py:208} INFO - Processing /opt/airflow/dags/prod/airbyte_to_dbt_prod.py took 0.140 seconds
[2026-08-28T13:35:32.977+0000] {processor.py:186} INFO - Started process (PID=1247) to work on /opt/airflow/dags/prod/airbyte_to_dbt_prod.py
[2026-08-28T13:35:32.978+0000] {processor.py:914} INFO - Processing file /opt/airflow/dags/prod/airbyte_to_dbt_prod.py for tasks to queue
[2026-08-28T13:35:32.981+0000] {logging_mixin.py:190} INFO - [2026-08-28T13:35:32.981+0000] {dagbag.py:588} INFO - Filling up the DagBag from /opt/airflow/dags/prod/airbyte_to_dbt_prod.py
[2026-08-28T13:35:33.002+0000] {processor.py:925} INFO - DAG(s) 'airbyte_to_dbt_pipeline_prod' retrieved from /opt/airflow/dags/prod/airbyte_to_dbt_prod.py
[2026-08-28T13:35:33.042+0000] {logging_mixin.py:190} INFO - [2026-08-28T13:35:33.042+0000] {dag.py:3239} INFO - Sync 1 DAGs
[2026-08-28T13:35:33.078+0000] {logging_mixin.py:190} INFO - [2026-08-28T13:35:33.078+0000] {dag.py:4180} INFO - Setting next_dagrun for airbyte_to_dbt_pipeline_prod to 2026-08-28 12:00:00+00:00, run_after=2026-08-28 13:00:00+00:00
[2026-08-28T13:35:33.101+0000] {processor.py:208} INFO - Processing /opt/airflow/dags/prod/airbyte_to_dbt_prod.py took 0.133 seconds
[2026-08-28T13:36:03.271+0000] {processor.py:186} INFO - Started process (PID=1257) to work on /opt/airflow/dags/prod/airbyte_to_dbt_prod.py
[2026-08-28T13:36:03.273+0000] {processor.py:914} INFO - Processing file /opt/airflow/dags/prod/airbyte_to_dbt_prod.py for tasks to queue
[2026-08-28T13:36:03.277+0000] {logging_mixin.py:190} INFO - [2026-08-28T13:36:03.276+0000] {dagbag.py:588} INFO - Filling up the DagBag from /opt/airflow/dags/prod/airbyte_to_dbt_prod.py
[2026-08-28T13:36:03.305+0000] {processor.py:925} INFO - DAG(s) 'airbyte_to_dbt_pipeline_prod' retrieved from /opt/airflow/dags/prod/airbyte_to_dbt_prod.py
[2026-08-28T13:36:03.357+0000] {logging_mixin.py:190} INFO - [2026-08-28T13:36:03.357+0000] {dag.py:3239} INFO - Sync 1 DAGs
[2026-08-28T13:36:03.395+0000] {logging_mixin.py:190} INFO - [2026-08-28T13:36:03.394+0000] {dag.py:4180} INFO - Setting next_dagrun for airbyte_to_dbt_pipeline_prod to 2026-08-28 12:00:00+00:00, run_after=2026-08-28 13:00:00+00:00
[2026-08-28T13:36:03.417+0000] {processor.py:208} INFO - Processing /opt/airflow/dags/prod/airbyte_to_dbt_prod.py took 0.156 seconds
[2026-08-28T13:36:33.576+0000] {processor.py:186} INFO - Started process (PID=1267) to work on /opt/airflow/dags/prod/airbyte_to_dbt_prod.py
[2026-08-28T13:36:33.577+0000] {processor.py:914} INFO - Processing file /opt/airflow/dags/prod/airbyte_to_dbt_prod.py for tasks to queue
[2026-08-28T13:36:33.580+0000] {logging_mixin.py:190} INFO - [2026-08-28T13:36:33.580+0000] {dagbag.py:588} INFO - Filling up the DagBag from /opt/airflow/dags/prod/airbyte_to_dbt_prod.py
[2026-08-28T13:36:33.601+0000] {processor.py:925} INFO - DAG(s) 'airbyte_to_dbt_pipeline_prod' retrieved from /opt/airflow/dags/prod/airbyte_to_dbt_prod.py
[2026-08-28T13:36:33.642+0000] {logging_mixin.py:190} INFO - [2026-08-28T13:36:33.641+0000] {dag.py:3239} INFO - Sync 1 DAGs
[2026-08-28T13:36:33.671+0000] {logging_mixin.py:190} INFO - [2026-08-28T13:36:33.670+0000] {dag.py:4180} INFO - Setting next_dagrun for airbyte_to_dbt_pipeline_prod to 2026-08-28 12:00:00+00:00, run_after=2026-08-28 13:00:00+00:00
[2026-08-28T13:36:33.695+0000] {processor.py:208} INFO - Processing /opt/airflow/dags/prod/airbyte_to_dbt_prod.py took 0.127 seconds
[2026-08-28T13:37:03.864+0000] {processor.py:186} INFO - Started process (PID=1277) to work on /opt/airflow/dags/prod/airbyte_to_dbt_prod.py
[2026-08-28T13:37:03.876+0000] {processor.py:914} INFO - Processing file /opt/airflow/dags/prod/airbyte_to_dbt_prod.py for tasks to queue
[2026-08-28T13:37:03.880+0000] {logging_mixin.py:190} INFO - [2026-08-28T13:37:03.880+0000] {dagbag.py:588} INFO - Filling up the DagBag from /opt/airflow/dags/prod/airbyte_to_dbt_prod.py
[2026-08-28T13:37:03.906+0000] {processor.py:925} INFO - DAG(s) 'airbyte_to_dbt_pipeline_prod' retrieved from /opt/airflow/dags/prod/airbyte_to_dbt_prod.py
[2026-08-28T13:37:03.957+0000] {logging_mixin.py:190} INFO - [2026-08-28T13:37:03.957+0000] {dag.py:3239} INFO - Sync 1 DAGs
[2026-08-28T13:37:03.998+0000] {logging_mixin.py:190} INFO - [2026-08-28T13:37:03.998+0000] {dag.py:4180} INFO - Setting next_dagrun for airbyte_to_dbt_pipeline_prod to 2026-08-28 12:00:00+00:00, run_after=2026-08-28 13:00:00+00:00
[2026-08-28T13:37:04.071+0000] {processor.py:208} INFO - Processing /opt/airflow/dags/prod/airbyte_to_dbt_prod.py took 0.216 seconds
[2026-08-28T13:38:56.355+0000] {processor.py:186} INFO - Started process (PID=1285) to work on /opt/airflow/dags/prod/airbyte_to_dbt_prod.py
[2026-08-28T13:38:56.383+0000] {processor.py:914} INFO - Processing file /opt/airflow/dags/prod/airbyte_to_dbt_prod.py for tasks to queue
[2026-08-28T13:38:56.387+0000] {logging_mixin.py:190} INFO - [2026-08-28T13:38:56.387+0000] {dagbag.py:588} INFO - Filling up the DagBag from /opt/airflow/dags/prod/airbyte_to_dbt_prod.py
[2026-08-28T13:38:56.426+0000] {processor.py:925} INFO - DAG(s) 'airbyte_to_dbt_pipeline_prod' retrieved from /opt/airflow/dags/prod/airbyte_to_dbt_prod.py
[2026-08-28T13:38:56.486+0000] {logging_mixin.py:190} INFO - [2026-08-28T13:38:56.486+0000] {dag.py:3239} INFO - Sync 1 DAGs
[2026-08-28T13:38:56.533+0000] {logging_mixin.py:190} INFO - [2026-08-28T13:38:56.532+0000] {dag.py:4180} INFO - Setting next_dagrun for airbyte_to_dbt_pipeline_prod to 2026-08-28 12:00:00+00:00, run_after=2026-08-28 13:00:00+00:00
[2026-08-28T13:38:56.584+0000] {processor.py:208} INFO - Processing /opt/airflow/dags/prod/airbyte_to_dbt_prod.py took 0.239 seconds
[2026-08-28T13:39:26.887+0000] {processor.py:186} INFO - Started process (PID=1295) to work on /opt/airflow/dags/prod/airbyte_to_dbt_prod.py
[2026-08-28T13:39:26.888+0000] {processor.py:914} INFO - Processing file /opt/airflow/dags/prod/airbyte_to_dbt_prod.py for tasks to queue
[2026-08-28T13:39:26.915+0000] {logging_mixin.py:190} INFO - [2026-08-28T13:39:26.910+0000] {dagbag.py:588} INFO - Filling up the DagBag from /opt/airflow/dags/prod/airbyte_to_dbt_prod.py
[2026-08-28T13:39:27.095+0000] {processor.py:925} INFO - DAG(s) 'airbyte_to_dbt_pipeline_prod' retrieved from /opt/airflow/dags/prod/airbyte_to_dbt_prod.py
[2026-08-28T13:39:27.230+0000] {logging_mixin.py:190} INFO - [2026-08-28T13:39:27.230+0000] {dag.py:3239} INFO - Sync 1 DAGs
[2026-08-28T13:39:27.320+0000] {logging_mixin.py:190} INFO - [2026-08-28T13:39:27.320+0000] {dag.py:4180} INFO - Setting next_dagrun for airbyte_to_dbt_pipeline_prod to 2026-08-28 12:00:00+00:00, run_after=2026-08-28 13:00:00+00:00
[2026-08-28T13:39:27.378+0000] {processor.py:208} INFO - Processing /opt/airflow/dags/prod/airbyte_to_dbt_prod.py took 0.563 seconds
[2026-08-28T13:39:57.523+0000] {processor.py:186} INFO - Started process (PID=1307) to work on /opt/airflow/dags/prod/airbyte_to_dbt_prod.py
[2026-08-28T13:39:57.525+0000] {processor.py:914} INFO - Processing file /opt/airflow/dags/prod/airbyte_to_dbt_prod.py for tasks to queue
[2026-08-28T13:39:57.529+0000] {logging_mixin.py:190} INFO - [2026-08-28T13:39:57.528+0000] {dagbag.py:588} INFO - Filling up the DagBag from /opt/airflow/dags/prod/airbyte_to_dbt_prod.py
[2026-08-28T13:39:57.559+0000] {processor.py:925} INFO - DAG(s) 'airbyte_to_dbt_pipeline_prod' retrieved from /opt/airflow/dags/prod/airbyte_to_dbt_prod.py
[2026-08-28T13:39:57.611+0000] {logging_mixin.py:190} INFO - [2026-08-28T13:39:57.610+0000] {dag.py:3239} INFO - Sync 1 DAGs
[2026-08-28T13:39:57.649+0000] {logging_mixin.py:190} INFO - [2026-08-28T13:39:57.649+0000] {dag.py:4180} INFO - Setting next_dagrun for airbyte_to_dbt_pipeline_prod to 2026-08-28 12:00:00+00:00, run_after=2026-08-28 13:00:00+00:00
[2026-08-28T13:39:57.679+0000] {processor.py:208} INFO - Processing /opt/airflow/dags/prod/airbyte_to_dbt_prod.py took 0.169 seconds
[2026-08-28T13:40:27.853+0000] {processor.py:186} INFO - Started process (PID=1317) to work on /opt/airflow/dags/prod/airbyte_to_dbt_prod.py
[2026-08-28T13:40:27.854+0000] {processor.py:914} INFO - Processing file /opt/airflow/dags/prod/airbyte_to_dbt_prod.py for tasks to queue
[2026-08-28T13:40:27.858+0000] {logging_mixin.py:190} INFO - [2026-08-28T13:40:27.858+0000] {dagbag.py:588} INFO - Filling up the DagBag from /opt/airflow/dags/prod/airbyte_to_dbt_prod.py
[2026-08-28T13:40:27.883+0000] {processor.py:925} INFO - DAG(s) 'airbyte_to_dbt_pipeline_prod' retrieved from /opt/airflow/dags/prod/airbyte_to_dbt_prod.py
[2026-08-28T13:40:27.936+0000] {logging_mixin.py:190} INFO - [2026-08-28T13:40:27.935+0000] {dag.py:3239} INFO - Sync 1 DAGs
[2026-08-28T13:40:27.978+0000] {logging_mixin.py:190} INFO - [2026-08-28T13:40:27.977+0000] {dag.py:4180} INFO - Setting next_dagrun for airbyte_to_dbt_pipeline_prod to 2026-08-28 12:00:00+00:00, run_after=2026-08-28 13:00:00+00:00
[2026-08-28T13:40:28.001+0000] {processor.py:208} INFO - Processing /opt/airflow/dags/prod/airbyte_to_dbt_prod.py took 0.157 seconds
[2026-08-28T13:40:58.180+0000] {processor.py:186} INFO - Started process (PID=1327) to work on /opt/airflow/dags/prod/airbyte_to_dbt_prod.py
[2026-08-28T13:40:58.181+0000] {processor.py:914} INFO - Processing file /opt/airflow/dags/prod/airbyte_to_dbt_prod.py for tasks to queue
[2026-08-28T13:40:58.184+0000] {logging_mixin.py:190} INFO - [2026-08-28T13:40:58.184+0000] {dagbag.py:588} INFO - Filling up the DagBag from /opt/airflow/dags/prod/airbyte_to_dbt_prod.py
[2026-08-28T13:40:58.206+0000] {processor.py:925} INFO - DAG(s) 'airbyte_to_dbt_pipeline_prod' retrieved from /opt/airflow/dags/prod/airbyte_to_dbt_prod.py
[2026-08-28T13:40:58.257+0000] {logging_mixin.py:190} INFO - [2026-08-28T13:40:58.257+0000] {dag.py:3239} INFO - Sync 1 DAGs
[2026-08-28T13:40:58.294+0000] {logging_mixin.py:190} INFO - [2026-08-28T13:40:58.293+0000] {dag.py:4180} INFO - Setting next_dagrun for airbyte_to_dbt_pipeline_prod to 2026-08-28 12:00:00+00:00, run_after=2026-08-28 13:00:00+00:00
[2026-08-28T13:40:58.319+0000] {processor.py:208} INFO - Processing /opt/airflow/dags/prod/airbyte_to_dbt_prod.py took 0.149 seconds
[2026-08-28T13:41:28.484+0000] {processor.py:186} INFO - Started process (PID=1337) to work on /opt/airflow/dags/prod/airbyte_to_dbt_prod.py
[2026-08-28T13:41:28.485+0000] {processor.py:914} INFO - Processing file /opt/airflow/dags/prod/airbyte_to_dbt_prod.py for tasks to queue
[2026-08-28T13:41:28.488+0000] {logging_mixin.py:190} INFO - [2026-08-28T13:41:28.488+0000] {dagbag.py:588} INFO - Filling up the DagBag from /opt/airflow/dags/prod/airbyte_to_dbt_prod.py
[2026-08-28T13:41:28.509+0000] {processor.py:925} INFO - DAG(s) 'airbyte_to_dbt_pipeline_prod' retrieved from /opt/airflow/dags/prod/airbyte_to_dbt_prod.py
[2026-08-28T13:41:28.552+0000] {logging_mixin.py:190} INFO - [2026-08-28T13:41:28.552+0000] {dag.py:3239} INFO - Sync 1 DAGs
[2026-08-28T13:41:28.584+0000] {logging_mixin.py:190} INFO - [2026-08-28T13:41:28.584+0000] {dag.py:4180} INFO - Setting next_dagrun for airbyte_to_dbt_pipeline_prod to 2026-08-28 12:00:00+00:00, run_after=2026-08-28 13:00:00+00:00
[2026-08-28T13:41:28.608+0000] {processor.py:208} INFO - Processing /opt/airflow/dags/prod/airbyte_to_dbt_prod.py took 0.132 seconds
[2026-08-28T13:41:58.780+0000] {processor.py:186} INFO - Started process (PID=1347) to work on /opt/airflow/dags/prod/airbyte_to_dbt_prod.py
[2026-08-28T13:41:58.781+0000] {processor.py:914} INFO - Processing file /opt/airflow/dags/prod/airbyte_to_dbt_prod.py for tasks to queue
[2026-08-28T13:41:58.784+0000] {logging_mixin.py:190} INFO - [2026-08-28T13:41:58.784+0000] {dagbag.py:588} INFO - Filling up the DagBag from /opt/airflow/dags/prod/airbyte_to_dbt_prod.py
[2026-08-28T13:41:58.807+0000] {processor.py:925} INFO - DAG(s) 'airbyte_to_dbt_pipeline_prod' retrieved from /opt/airflow/dags/prod/airbyte_to_dbt_prod.py
[2026-08-28T13:41:58.847+0000] {logging_mixin.py:190} INFO - [2026-08-28T13:41:58.847+0000] {dag.py:3239} INFO - Sync 1 DAGs
[2026-08-28T13:41:58.881+0000] {logging_mixin.py:190} INFO - [2026-08-28T13:41:58.881+0000] {dag.py:4180} INFO - Setting next_dagrun for airbyte_to_dbt_pipeline_prod to 2026-08-28 12:00:00+00:00, run_after=2026-08-28 13:00:00+00:00
[2026-08-28T13:41:58.903+0000] {processor.py:208} INFO - Processing /opt/airflow/dags/prod/airbyte_to_dbt_prod.py took 0.132 seconds
[2026-08-28T13:42:29.071+0000] {processor.py:186} INFO - Started process (PID=1357) to work on /opt/airflow/dags/prod/airbyte_to_dbt_prod.py
[2026-08-28T13:42:29.073+0000] {processor.py:914} INFO - Processing file /opt/airflow/dags/prod/airbyte_to_dbt_prod.py for tasks to queue
[2026-08-28T13:42:29.077+0000] {logging_mixin.py:190} INFO - [2026-08-28T13:42:29.077+0000] {dagbag.py:588} INFO - Filling up the DagBag from /opt/airflow/dags/prod/airbyte_to_dbt_prod.py
[2026-08-28T13:42:29.105+0000] {processor.py:925} INFO - DAG(s) 'airbyte_to_dbt_pipeline_prod' retrieved from /opt/airflow/dags/prod/airbyte_to_dbt_prod.py
[2026-08-28T13:42:29.145+0000] {logging_mixin.py:190} INFO - [2026-08-28T13:42:29.145+0000] {dag.py:3239} INFO - Sync 1 DAGs
[2026-08-28T13:42:29.181+0000] {logging_mixin.py:190} INFO - [2026-08-28T13:42:29.181+0000] {dag.py:4180} INFO - Setting next_dagrun for airbyte_to_dbt_pipeline_prod to 2026-08-28 12:00:00+00:00, run_after=2026-08-28 13:00:00+00:00
[2026-08-28T13:42:29.210+0000] {processor.py:208} INFO - Processing /opt/airflow/dags/prod/airbyte_to_dbt_prod.py took 0.151 seconds
[2026-08-28T13:42:59.366+0000] {processor.py:186} INFO - Started process (PID=1367) to work on /opt/airflow/dags/prod/airbyte_to_dbt_prod.py
[2026-08-28T13:42:59.367+0000] {processor.py:914} INFO - Processing file /opt/airflow/dags/prod/airbyte_to_dbt_prod.py for tasks to queue
[2026-08-28T13:42:59.371+0000] {logging_mixin.py:190} INFO - [2026-08-28T13:42:59.371+0000] {dagbag.py:588} INFO - Filling up the DagBag from /opt/airflow/dags/prod/airbyte_to_dbt_prod.py
[2026-08-28T13:42:59.400+0000] {processor.py:925} INFO - DAG(s) 'airbyte_to_dbt_pipeline_prod' retrieved from /opt/airflow/dags/prod/airbyte_to_dbt_prod.py
[2026-08-28T13:42:59.442+0000] {logging_mixin.py:190} INFO - [2026-08-28T13:42:59.442+0000] {dag.py:3239} INFO - Sync 1 DAGs
[2026-08-28T13:42:59.475+0000] {logging_mixin.py:190} INFO - [2026-08-28T13:42:59.475+0000] {dag.py:4180} INFO - Setting next_dagrun for airbyte_to_dbt_pipeline_prod to 2026-08-28 12:00:00+00:00, run_after=2026-08-28 13:00:00+00:00
[2026-08-28T13:42:59.500+0000] {processor.py:208} INFO - Processing /opt/airflow/dags/prod/airbyte_to_dbt_prod.py took 0.146 seconds
[2026-08-28T13:43:29.689+0000] {processor.py:186} INFO - Started process (PID=1377) to work on /opt/airflow/dags/prod/airbyte_to_dbt_prod.py
[2026-08-28T13:43:29.691+0000] {processor.py:914} INFO - Processing file /opt/airflow/dags/prod/airbyte_to_dbt_prod.py for tasks to queue
[2026-08-28T13:43:29.696+0000] {logging_mixin.py:190} INFO - [2026-08-28T13:43:29.695+0000] {dagbag.py:588} INFO - Filling up the DagBag from /opt/airflow/dags/prod/airbyte_to_dbt_prod.py
[2026-08-28T13:43:29.723+0000] {processor.py:925} INFO - DAG(s) 'airbyte_to_dbt_pipeline_prod' retrieved from /opt/airflow/dags/prod/airbyte_to_dbt_prod.py
[2026-08-28T13:43:29.769+0000] {logging_mixin.py:190} INFO - [2026-08-28T13:43:29.769+0000] {dag.py:3239} INFO - Sync 1 DAGs
[2026-08-28T13:43:29.804+0000] {logging_mixin.py:190} INFO - [2026-08-28T13:43:29.804+0000] {dag.py:4180} INFO - Setting next_dagrun for airbyte_to_dbt_pipeline_prod to 2026-08-28 12:00:00+00:00, run_after=2026-08-28 13:00:00+00:00
[2026-08-28T13:43:29.825+0000] {processor.py:208} INFO - Processing /opt/airflow/dags/prod/airbyte_to_dbt_prod.py took 0.149 seconds
[2026-08-28T13:43:59.985+0000] {processor.py:186} INFO - Started process (PID=1387) to work on /opt/airflow/dags/prod/airbyte_to_dbt_prod.py
[2026-08-28T13:43:59.987+0000] {processor.py:914} INFO - Processing file /opt/airflow/dags/prod/airbyte_to_dbt_prod.py for tasks to queue
[2026-08-28T13:43:59.991+0000] {logging_mixin.py:190} INFO - [2026-08-28T13:43:59.990+0000] {dagbag.py:588} INFO - Filling up the DagBag from /opt/airflow/dags/prod/airbyte_to_dbt_prod.py
[2026-08-28T13:44:00.023+0000] {processor.py:925} INFO - DAG(s) 'airbyte_to_dbt_pipeline_prod' retrieved from /opt/airflow/dags/prod/airbyte_to_dbt_prod.py
[2026-08-28T13:44:00.080+0000] {logging_mixin.py:190} INFO - [2026-08-28T13:44:00.080+0000] {dag.py:3239} INFO - Sync 1 DAGs
[2026-08-28T13:44:00.111+0000] {logging_mixin.py:190} INFO - [2026-08-28T13:44:00.111+0000] {dag.py:4180} INFO - Setting next_dagrun for airbyte_to_dbt_pipeline_prod to 2026-08-28 12:00:00+00:00, run_after=2026-08-28 13:00:00+00:00
[2026-08-28T13:44:00.134+0000] {processor.py:208} INFO - Processing /opt/airflow/dags/prod/airbyte_to_dbt_prod.py took 0.160 seconds
[2026-08-28T13:44:30.298+0000] {processor.py:186} INFO - Started process (PID=1397) to work on /opt/airflow/dags/prod/airbyte_to_dbt_prod.py
[2026-08-28T13:44:30.299+0000] {processor.py:914} INFO - Processing file /opt/airflow/dags/prod/airbyte_to_dbt_prod.py for tasks to queue
[2026-08-28T13:44:30.304+0000] {logging_mixin.py:190} INFO - [2026-08-28T13:44:30.303+0000] {dagbag.py:588} INFO - Filling up the DagBag from /opt/airflow/dags/prod/airbyte_to_dbt_prod.py
[2026-08-28T13:44:30.336+0000] {processor.py:925} INFO - DAG(s) 'airbyte_to_dbt_pipeline_prod' retrieved from /opt/airflow/dags/prod/airbyte_to_dbt_prod.py
[2026-08-28T13:44:30.401+0000] {logging_mixin.py:190} INFO - [2026-08-28T13:44:30.401+0000] {dag.py:3239} INFO - Sync 1 DAGs
[2026-08-28T13:44:30.448+0000] {logging_mixin.py:190} INFO - [2026-08-28T13:44:30.448+0000] {dag.py:4180} INFO - Setting next_dagrun for airbyte_to_dbt_pipeline_prod to 2026-08-28 12:00:00+00:00, run_after=2026-08-28 13:00:00+00:00
[2026-08-28T13:44:30.480+0000] {processor.py:208} INFO - Processing /opt/airflow/dags/prod/airbyte_to_dbt_prod.py took 0.191 seconds
[2026-08-28T13:45:00.660+0000] {processor.py:186} INFO - Started process (PID=1407) to work on /opt/airflow/dags/prod/airbyte_to_dbt_prod.py
[2026-08-28T13:45:00.661+0000] {processor.py:914} INFO - Processing file /opt/airflow/dags/prod/airbyte_to_dbt_prod.py for tasks to queue
[2026-08-28T13:45:00.665+0000] {logging_mixin.py:190} INFO - [2026-08-28T13:45:00.665+0000] {dagbag.py:588} INFO - Filling up the DagBag from /opt/airflow/dags/prod/airbyte_to_dbt_prod.py
[2026-08-28T13:45:00.687+0000] {processor.py:925} INFO - DAG(s) 'airbyte_to_dbt_pipeline_prod' retrieved from /opt/airflow/dags/prod/airbyte_to_dbt_prod.py
[2026-08-28T13:45:00.726+0000] {logging_mixin.py:190} INFO - [2026-08-28T13:45:00.726+0000] {dag.py:3239} INFO - Sync 1 DAGs
[2026-08-28T13:45:00.756+0000] {logging_mixin.py:190} INFO - [2026-08-28T13:45:00.756+0000] {dag.py:4180} INFO - Setting next_dagrun for airbyte_to_dbt_pipeline_prod to 2026-08-28 12:00:00+00:00, run_after=2026-08-28 13:00:00+00:00
[2026-08-28T13:45:00.783+0000] {processor.py:208} INFO - Processing /opt/airflow/dags/prod/airbyte_to_dbt_prod.py took 0.132 seconds
[2026-08-28T13:45:30.948+0000] {processor.py:186} INFO - Started process (PID=1417) to work on /opt/airflow/dags/prod/airbyte_to_dbt_prod.py
[2026-08-28T13:45:30.949+0000] {processor.py:914} INFO - Processing file /opt/airflow/dags/prod/airbyte_to_dbt_prod.py for tasks to queue
[2026-08-28T13:45:30.952+0000] {logging_mixin.py:190} INFO - [2026-08-28T13:45:30.952+0000] {dagbag.py:588} INFO - Filling up the DagBag from /opt/airflow/dags/prod/airbyte_to_dbt_prod.py
[2026-08-28T13:45:30.973+0000] {processor.py:925} INFO - DAG(s) 'airbyte_to_dbt_pipeline_prod' retrieved from /opt/airflow/dags/prod/airbyte_to_dbt_prod.py
[2026-08-28T13:45:31.014+0000] {logging_mixin.py:190} INFO - [2026-08-28T13:45:31.014+0000] {dag.py:3239} INFO - Sync 1 DAGs
[2026-08-28T13:45:31.053+0000] {logging_mixin.py:190} INFO - [2026-08-28T13:45:31.053+0000] {dag.py:4180} INFO - Setting next_dagrun for airbyte_to_dbt_pipeline_prod to 2026-08-28 12:00:00+00:00, run_after=2026-08-28 13:00:00+00:00
[2026-08-28T13:45:31.077+0000] {processor.py:208} INFO - Processing /opt/airflow/dags/prod/airbyte_to_dbt_prod.py took 0.138 seconds
[2026-08-28T13:46:01.271+0000] {processor.py:186} INFO - Started process (PID=1427) to work on /opt/airflow/dags/prod/airbyte_to_dbt_prod.py
[2026-08-28T13:46:01.272+0000] {processor.py:914} INFO - Processing file /opt/airflow/dags/prod/airbyte_to_dbt_prod.py for tasks to queue
[2026-08-28T13:46:01.276+0000] {logging_mixin.py:190} INFO - [2026-08-28T13:46:01.276+0000] {dagbag.py:588} INFO - Filling up the DagBag from /opt/airflow/dags/prod/airbyte_to_dbt_prod.py
[2026-08-28T13:46:01.307+0000] {processor.py:925} INFO - DAG(s) 'airbyte_to_dbt_pipeline_prod' retrieved from /opt/airflow/dags/prod/airbyte_to_dbt_prod.py
[2026-08-28T13:46:01.356+0000] {logging_mixin.py:190} INFO - [2026-08-28T13:46:01.356+0000] {dag.py:3239} INFO - Sync 1 DAGs
[2026-08-28T13:46:01.397+0000] {logging_mixin.py:190} INFO - [2026-08-28T13:46:01.397+0000] {dag.py:4180} INFO - Setting next_dagrun for airbyte_to_dbt_pipeline_prod to 2026-08-28 12:00:00+00:00, run_after=2026-08-28 13:00:00+00:00
[2026-08-28T13:46:01.433+0000] {processor.py:208} INFO - Processing /opt/airflow/dags/prod/airbyte_to_dbt_prod.py took 0.174 seconds
[2026-08-28T13:46:31.635+0000] {processor.py:186} INFO - Started process (PID=1437) to work on /opt/airflow/dags/prod/airbyte_to_dbt_prod.py
[2026-08-28T13:46:31.637+0000] {processor.py:914} INFO - Processing file /opt/airflow/dags/prod/airbyte_to_dbt_prod.py for tasks to queue
[2026-08-28T13:46:31.641+0000] {logging_mixin.py:190} INFO - [2026-08-28T13:46:31.641+0000] {dagbag.py:588} INFO - Filling up the DagBag from /opt/airflow/dags/prod/airbyte_to_dbt_prod.py
[2026-08-28T13:46:31.679+0000] {processor.py:925} INFO - DAG(s) 'airbyte_to_dbt_pipeline_prod' retrieved from /opt/airflow/dags/prod/airbyte_to_dbt_prod.py
[2026-08-28T13:46:31.746+0000] {logging_mixin.py:190} INFO - [2026-08-28T13:46:31.745+0000] {dag.py:3239} INFO - Sync 1 DAGs
[2026-08-28T13:46:31.792+0000] {logging_mixin.py:190} INFO - [2026-08-28T13:46:31.792+0000] {dag.py:4180} INFO - Setting next_dagrun for airbyte_to_dbt_pipeline_prod to 2026-08-28 12:00:00+00:00, run_after=2026-08-28 13:00:00+00:00
[2026-08-28T13:46:31.832+0000] {processor.py:208} INFO - Processing /opt/airflow/dags/prod/airbyte_to_dbt_prod.py took 0.210 seconds
[2026-08-28T13:47:02.006+0000] {processor.py:186} INFO - Started process (PID=1447) to work on /opt/airflow/dags/prod/airbyte_to_dbt_prod.py
[2026-08-28T13:47:02.007+0000] {processor.py:914} INFO - Processing file /opt/airflow/dags/prod/airbyte_to_dbt_prod.py for tasks to queue
[2026-08-28T13:47:02.011+0000] {logging_mixin.py:190} INFO - [2026-08-28T13:47:02.010+0000] {dagbag.py:588} INFO - Filling up the DagBag from /opt/airflow/dags/prod/airbyte_to_dbt_prod.py
[2026-08-28T13:47:02.035+0000] {processor.py:925} INFO - DAG(s) 'airbyte_to_dbt_pipeline_prod' retrieved from /opt/airflow/dags/prod/airbyte_to_dbt_prod.py
[2026-08-28T13:47:02.089+0000] {logging_mixin.py:190} INFO - [2026-08-28T13:47:02.089+0000] {dag.py:3239} INFO - Sync 1 DAGs
[2026-08-28T13:47:02.123+0000] {logging_mixin.py:190} INFO - [2026-08-28T13:47:02.123+0000] {dag.py:4180} INFO - Setting next_dagrun for airbyte_to_dbt_pipeline_prod to 2026-08-28 12:00:00+00:00, run_after=2026-08-28 13:00:00+00:00
[2026-08-28T13:47:02.149+0000] {processor.py:208} INFO - Processing /opt/airflow/dags/prod/airbyte_to_dbt_prod.py took 0.152 seconds
[2026-08-28T13:47:32.322+0000] {processor.py:186} INFO - Started process (PID=1457) to work on /opt/airflow/dags/prod/airbyte_to_dbt_prod.py
[2026-08-28T13:47:32.324+0000] {processor.py:914} INFO - Processing file /opt/airflow/dags/prod/airbyte_to_dbt_prod.py for tasks to queue
[2026-08-28T13:47:32.327+0000] {logging_mixin.py:190} INFO - [2026-08-28T13:47:32.327+0000] {dagbag.py:588} INFO - Filling up the DagBag from /opt/airflow/dags/prod/airbyte_to_dbt_prod.py
[2026-08-28T13:47:32.349+0000] {processor.py:925} INFO - DAG(s) 'airbyte_to_dbt_pipeline_prod' retrieved from /opt/airflow/dags/prod/airbyte_to_dbt_prod.py
[2026-08-28T13:47:32.390+0000] {logging_mixin.py:190} INFO - [2026-08-28T13:47:32.390+0000] {dag.py:3239} INFO - Sync 1 DAGs
[2026-08-28T13:47:32.419+0000] {logging_mixin.py:190} INFO - [2026-08-28T13:47:32.419+0000] {dag.py:4180} INFO - Setting next_dagrun for airbyte_to_dbt_pipeline_prod to 2026-08-28 12:00:00+00:00, run_after=2026-08-28 13:00:00+00:00
[2026-08-28T13:47:32.442+0000] {processor.py:208} INFO - Processing /opt/airflow/dags/prod/airbyte_to_dbt_prod.py took 0.129 seconds
[2026-08-28T13:48:02.630+0000] {processor.py:186} INFO - Started process (PID=1467) to work on /opt/airflow/dags/prod/airbyte_to_dbt_prod.py
[2026-08-28T13:48:02.631+0000] {processor.py:914} INFO - Processing file /opt/airflow/dags/prod/airbyte_to_dbt_prod.py for tasks to queue
[2026-08-28T13:48:02.634+0000] {logging_mixin.py:190} INFO - [2026-08-28T13:48:02.634+0000] {dagbag.py:588} INFO - Filling up the DagBag from /opt/airflow/dags/prod/airbyte_to_dbt_prod.py
[2026-08-28T13:48:02.661+0000] {processor.py:925} INFO - DAG(s) 'airbyte_to_dbt_pipeline_prod' retrieved from /opt/airflow/dags/prod/airbyte_to_dbt_prod.py
[2026-08-28T13:48:02.724+0000] {logging_mixin.py:190} INFO - [2026-08-28T13:48:02.723+0000] {dag.py:3239} INFO - Sync 1 DAGs
[2026-08-28T13:48:02.769+0000] {logging_mixin.py:190} INFO - [2026-08-28T13:48:02.769+0000] {dag.py:4180} INFO - Setting next_dagrun for airbyte_to_dbt_pipeline_prod to 2026-08-28 12:00:00+00:00, run_after=2026-08-28 13:00:00+00:00
[2026-08-28T13:48:02.793+0000] {processor.py:208} INFO - Processing /opt/airflow/dags/prod/airbyte_to_dbt_prod.py took 0.172 seconds
[2026-08-28T13:48:32.979+0000] {processor.py:186} INFO - Started process (PID=1477) to work on /opt/airflow/dags/prod/airbyte_to_dbt_prod.py
[2026-08-28T13:48:32.981+0000] {processor.py:914} INFO - Processing file /opt/airflow/dags/prod/airbyte_to_dbt_prod.py for tasks to queue
[2026-08-28T13:48:32.986+0000] {logging_mixin.py:190} INFO - [2026-08-28T13:48:32.985+0000] {dagbag.py:588} INFO - Filling up the DagBag from /opt/airflow/dags/prod/airbyte_to_dbt_prod.py
[2026-08-28T13:48:33.023+0000] {processor.py:925} INFO - DAG(s) 'airbyte_to_dbt_pipeline_prod' retrieved from /opt/airflow/dags/prod/airbyte_to_dbt_prod.py
[2026-08-28T13:48:33.083+0000] {logging_mixin.py:190} INFO - [2026-08-28T13:48:33.083+0000] {dag.py:3239} INFO - Sync 1 DAGs
[2026-08-28T13:48:33.127+0000] {logging_mixin.py:190} INFO - [2026-08-28T13:48:33.126+0000] {dag.py:4180} INFO - Setting next_dagrun for airbyte_to_dbt_pipeline_prod to 2026-08-28 12:00:00+00:00, run_after=2026-08-28 13:00:00+00:00
[2026-08-28T13:48:33.160+0000] {processor.py:208} INFO - Processing /opt/airflow/dags/prod/airbyte_to_dbt_prod.py took 0.194 seconds
[2026-08-28T13:49:03.336+0000] {processor.py:186} INFO - Started process (PID=1487) to work on /opt/airflow/dags/prod/airbyte_to_dbt_prod.py
[2026-08-28T13:49:03.337+0000] {processor.py:914} INFO - Processing file /opt/airflow/dags/prod/airbyte_to_dbt_prod.py for tasks to queue
[2026-08-28T13:49:03.340+0000] {logging_mixin.py:190} INFO - [2026-08-28T13:49:03.339+0000] {dagbag.py:588} INFO - Filling up the DagBag from /opt/airflow/dags/prod/airbyte_to_dbt_prod.py
[2026-08-28T13:49:03.365+0000] {processor.py:925} INFO - DAG(s) 'airbyte_to_dbt_pipeline_prod' retrieved from /opt/airflow/dags/prod/airbyte_to_dbt_prod.py
[2026-08-28T13:49:03.408+0000] {logging_mixin.py:190} INFO - [2026-08-28T13:49:03.407+0000] {dag.py:3239} INFO - Sync 1 DAGs
[2026-08-28T13:49:03.441+0000] {logging_mixin.py:190} INFO - [2026-08-28T13:49:03.441+0000] {dag.py:4180} INFO - Setting next_dagrun for airbyte_to_dbt_pipeline_prod to 2026-08-28 12:00:00+00:00, run_after=2026-08-28 13:00:00+00:00
[2026-08-28T13:49:03.464+0000] {processor.py:208} INFO - Processing /opt/airflow/dags/prod/airbyte_to_dbt_prod.py took 0.136 seconds
[2026-08-28T13:49:33.628+0000] {processor.py:186} INFO - Started process (PID=1497) to work on /opt/airflow/dags/prod/airbyte_to_dbt_prod.py
[2026-08-28T13:49:33.629+0000] {processor.py:914} INFO - Processing file /opt/airflow/dags/prod/airbyte_to_dbt_prod.py for tasks to queue
[2026-08-28T13:49:33.632+0000] {logging_mixin.py:190} INFO - [2026-08-28T13:49:33.632+0000] {dagbag.py:588} INFO - Filling up the DagBag from /opt/airflow/dags/prod/airbyte_to_dbt_prod.py
[2026-08-28T13:49:33.653+0000] {processor.py:925} INFO - DAG(s) 'airbyte_to_dbt_pipeline_prod' retrieved from /opt/airflow/dags/prod/airbyte_to_dbt_prod.py
[2026-08-28T13:49:33.702+0000] {logging_mixin.py:190} INFO - [2026-08-28T13:49:33.701+0000] {dag.py:3239} INFO - Sync 1 DAGs
[2026-08-28T13:49:33.737+0000] {logging_mixin.py:190} INFO - [2026-08-28T13:49:33.736+0000] {dag.py:4180} INFO - Setting next_dagrun for airbyte_to_dbt_pipeline_prod to 2026-08-28 12:00:00+00:00, run_after=2026-08-28 13:00:00+00:00
[2026-08-28T13:49:33.760+0000] {processor.py:208} INFO - Processing /opt/airflow/dags/prod/airbyte_to_dbt_prod.py took 0.141 seconds
[2026-08-28T13:50:03.933+0000] {processor.py:186} INFO - Started process (PID=1507) to work on /opt/airflow/dags/prod/airbyte_to_dbt_prod.py
[2026-08-28T13:50:03.934+0000] {processor.py:914} INFO - Processing file /opt/airflow/dags/prod/airbyte_to_dbt_prod.py for tasks to queue
[2026-08-28T13:50:03.938+0000] {logging_mixin.py:190} INFO - [2026-08-28T13:50:03.937+0000] {dagbag.py:588} INFO - Filling up the DagBag from /opt/airflow/dags/prod/airbyte_to_dbt_prod.py
[2026-08-28T13:50:03.959+0000] {processor.py:925} INFO - DAG(s) 'airbyte_to_dbt_pipeline_prod' retrieved from /opt/airflow/dags/prod/airbyte_to_dbt_prod.py
[2026-08-28T13:50:03.998+0000] {logging_mixin.py:190} INFO - [2026-08-28T13:50:03.998+0000] {dag.py:3239} INFO - Sync 1 DAGs
[2026-08-28T13:50:04.039+0000] {logging_mixin.py:190} INFO - [2026-08-28T13:50:04.039+0000] {dag.py:4180} INFO - Setting next_dagrun for airbyte_to_dbt_pipeline_prod to 2026-08-28 12:00:00+00:00, run_after=2026-08-28 13:00:00+00:00
[2026-08-28T13:50:04.066+0000] {processor.py:208} INFO - Processing /opt/airflow/dags/prod/airbyte_to_dbt_prod.py took 0.142 seconds
[2026-08-28T13:50:34.236+0000] {processor.py:186} INFO - Started process (PID=1517) to work on /opt/airflow/dags/prod/airbyte_to_dbt_prod.py
[2026-08-28T13:50:34.238+0000] {processor.py:914} INFO - Processing file /opt/airflow/dags/prod/airbyte_to_dbt_prod.py for tasks to queue
[2026-08-28T13:50:34.241+0000] {logging_mixin.py:190} INFO - [2026-08-28T13:50:34.241+0000] {dagbag.py:588} INFO - Filling up the DagBag from /opt/airflow/dags/prod/airbyte_to_dbt_prod.py
[2026-08-28T13:50:34.265+0000] {processor.py:925} INFO - DAG(s) 'airbyte_to_dbt_pipeline_prod' retrieved from /opt/airflow/dags/prod/airbyte_to_dbt_prod.py
[2026-08-28T13:50:34.316+0000] {logging_mixin.py:190} INFO - [2026-08-28T13:50:34.315+0000] {dag.py:3239} INFO - Sync 1 DAGs
[2026-08-28T13:50:34.377+0000] {logging_mixin.py:190} INFO - [2026-08-28T13:50:34.376+0000] {dag.py:4180} INFO - Setting next_dagrun for airbyte_to_dbt_pipeline_prod to 2026-08-28 12:00:00+00:00, run_after=2026-08-28 13:00:00+00:00
[2026-08-28T13:50:34.417+0000] {processor.py:208} INFO - Processing /opt/airflow/dags/prod/airbyte_to_dbt_prod.py took 0.189 seconds
[2026-08-28T13:51:04.597+0000] {processor.py:186} INFO - Started process (PID=1527) to work on /opt/airflow/dags/prod/airbyte_to_dbt_prod.py
[2026-08-28T13:51:04.598+0000] {processor.py:914} INFO - Processing file /opt/airflow/dags/prod/airbyte_to_dbt_prod.py for tasks to queue
[2026-08-28T13:51:04.601+0000] {logging_mixin.py:190} INFO - [2026-08-28T13:51:04.600+0000] {dagbag.py:588} INFO - Filling up the DagBag from /opt/airflow/dags/prod/airbyte_to_dbt_prod.py
[2026-08-28T13:51:04.625+0000] {processor.py:925} INFO - DAG(s) 'airbyte_to_dbt_pipeline_prod' retrieved from /opt/airflow/dags/prod/airbyte_to_dbt_prod.py
[2026-08-28T13:51:04.666+0000] {logging_mixin.py:190} INFO - [2026-08-28T13:51:04.665+0000] {dag.py:3239} INFO - Sync 1 DAGs
[2026-08-28T13:51:04.694+0000] {logging_mixin.py:190} INFO - [2026-08-28T13:51:04.694+0000] {dag.py:4180} INFO - Setting next_dagrun for airbyte_to_dbt_pipeline_prod to 2026-08-28 12:00:00+00:00, run_after=2026-08-28 13:00:00+00:00
[2026-08-28T13:51:04.717+0000] {processor.py:208} INFO - Processing /opt/airflow/dags/prod/airbyte_to_dbt_prod.py took 0.129 seconds
[2026-08-28T13:51:34.880+0000] {processor.py:186} INFO - Started process (PID=1537) to work on /opt/airflow/dags/prod/airbyte_to_dbt_prod.py
[2026-08-28T13:51:34.881+0000] {processor.py:914} INFO - Processing file /opt/airflow/dags/prod/airbyte_to_dbt_prod.py for tasks to queue
[2026-08-28T13:51:34.885+0000] {logging_mixin.py:190} INFO - [2026-08-28T13:51:34.884+0000] {dagbag.py:588} INFO - Filling up the DagBag from /opt/airflow/dags/prod/airbyte_to_dbt_prod.py
[2026-08-28T13:51:34.906+0000] {processor.py:925} INFO - DAG(s) 'airbyte_to_dbt_pipeline_prod' retrieved from /opt/airflow/dags/prod/airbyte_to_dbt_prod.py
[2026-08-28T13:51:34.947+0000] {logging_mixin.py:190} INFO - [2026-08-28T13:51:34.947+0000] {dag.py:3239} INFO - Sync 1 DAGs
[2026-08-28T13:51:34.976+0000] {logging_mixin.py:190} INFO - [2026-08-28T13:51:34.976+0000] {dag.py:4180} INFO - Setting next_dagrun for airbyte_to_dbt_pipeline_prod to 2026-08-28 12:00:00+00:00, run_after=2026-08-28 13:00:00+00:00
[2026-08-28T13:51:34.999+0000] {processor.py:208} INFO - Processing /opt/airflow/dags/prod/airbyte_to_dbt_prod.py took 0.127 seconds
[2026-08-28T13:52:05.169+0000] {processor.py:186} INFO - Started process (PID=1547) to work on /opt/airflow/dags/prod/airbyte_to_dbt_prod.py
[2026-08-28T13:52:05.170+0000] {processor.py:914} INFO - Processing file /opt/airflow/dags/prod/airbyte_to_dbt_prod.py for tasks to queue
[2026-08-28T13:52:05.173+0000] {logging_mixin.py:190} INFO - [2026-08-28T13:52:05.173+0000] {dagbag.py:588} INFO - Filling up the DagBag from /opt/airflow/dags/prod/airbyte_to_dbt_prod.py
[2026-08-28T13:52:05.193+0000] {processor.py:925} INFO - DAG(s) 'airbyte_to_dbt_pipeline_prod' retrieved from /opt/airflow/dags/prod/airbyte_to_dbt_prod.py
[2026-08-28T13:52:05.236+0000] {logging_mixin.py:190} INFO - [2026-08-28T13:52:05.236+0000] {dag.py:3239} INFO - Sync 1 DAGs
[2026-08-28T13:52:05.266+0000] {logging_mixin.py:190} INFO - [2026-08-28T13:52:05.266+0000] {dag.py:4180} INFO - Setting next_dagrun for airbyte_to_dbt_pipeline_prod to 2026-08-28 12:00:00+00:00, run_after=2026-08-28 13:00:00+00:00
[2026-08-28T13:52:05.290+0000] {processor.py:208} INFO - Processing /opt/airflow/dags/prod/airbyte_to_dbt_prod.py took 0.129 seconds
[2026-08-28T13:52:35.444+0000] {processor.py:186} INFO - Started process (PID=1557) to work on /opt/airflow/dags/prod/airbyte_to_dbt_prod.py
[2026-08-28T13:52:35.445+0000] {processor.py:914} INFO - Processing file /opt/airflow/dags/prod/airbyte_to_dbt_prod.py for tasks to queue
[2026-08-28T13:52:35.448+0000] {logging_mixin.py:190} INFO - [2026-08-28T13:52:35.447+0000] {dagbag.py:588} INFO - Filling up the DagBag from /opt/airflow/dags/prod/airbyte_to_dbt_prod.py
[2026-08-28T13:52:35.469+0000] {processor.py:925} INFO - DAG(s) 'airbyte_to_dbt_pipeline_prod' retrieved from /opt/airflow/dags/prod/airbyte_to_dbt_prod.py
[2026-08-28T13:52:35.507+0000] {logging_mixin.py:190} INFO - [2026-08-28T13:52:35.507+0000] {dag.py:3239} INFO - Sync 1 DAGs
[2026-08-28T13:52:35.538+0000] {logging_mixin.py:190} INFO - [2026-08-28T13:52:35.538+0000] {dag.py:4180} INFO - Setting next_dagrun for airbyte_to_dbt_pipeline_prod to 2026-08-28 12:00:00+00:00, run_after=2026-08-28 13:00:00+00:00
[2026-08-28T13:52:35.563+0000] {processor.py:208} INFO - Processing /opt/airflow/dags/prod/airbyte_to_dbt_prod.py took 0.128 seconds
[2026-08-28T13:53:05.721+0000] {processor.py:186} INFO - Started process (PID=1567) to work on /opt/airflow/dags/prod/airbyte_to_dbt_prod.py
[2026-08-28T13:53:05.722+0000] {processor.py:914} INFO - Processing file /opt/airflow/dags/prod/airbyte_to_dbt_prod.py for tasks to queue
[2026-08-28T13:53:05.725+0000] {logging_mixin.py:190} INFO - [2026-08-28T13:53:05.724+0000] {dagbag.py:588} INFO - Filling up the DagBag from /opt/airflow/dags/prod/airbyte_to_dbt_prod.py
[2026-08-28T13:53:05.748+0000] {processor.py:925} INFO - DAG(s) 'airbyte_to_dbt_pipeline_prod' retrieved from /opt/airflow/dags/prod/airbyte_to_dbt_prod.py
[2026-08-28T13:53:05.790+0000] {logging_mixin.py:190} INFO - [2026-08-28T13:53:05.790+0000] {dag.py:3239} INFO - Sync 1 DAGs
[2026-08-28T13:53:05.822+0000] {logging_mixin.py:190} INFO - [2026-08-28T13:53:05.822+0000] {dag.py:4180} INFO - Setting next_dagrun for airbyte_to_dbt_pipeline_prod to 2026-08-28 12:00:00+00:00, run_after=2026-08-28 13:00:00+00:00
[2026-08-28T13:53:05.845+0000] {processor.py:208} INFO - Processing /opt/airflow/dags/prod/airbyte_to_dbt_prod.py took 0.133 seconds
[2026-08-28T13:53:36.029+0000] {processor.py:186} INFO - Started process (PID=1577) to work on /opt/airflow/dags/prod/airbyte_to_dbt_prod.py
[2026-08-28T13:53:36.031+0000] {processor.py:914} INFO - Processing file /opt/airflow/dags/prod/airbyte_to_dbt_prod.py for tasks to queue
[2026-08-28T13:53:36.036+0000] {logging_mixin.py:190} INFO - [2026-08-28T13:53:36.035+0000] {dagbag.py:588} INFO - Filling up the DagBag from /opt/airflow/dags/prod/airbyte_to_dbt_prod.py
[2026-08-28T13:53:36.071+0000] {processor.py:925} INFO - DAG(s) 'airbyte_to_dbt_pipeline_prod' retrieved from /opt/airflow/dags/prod/airbyte_to_dbt_prod.py
[2026-08-28T13:53:36.142+0000] {logging_mixin.py:190} INFO - [2026-08-28T13:53:36.141+0000] {dag.py:3239} INFO - Sync 1 DAGs
[2026-08-28T13:53:36.187+0000] {logging_mixin.py:190} INFO - [2026-08-28T13:53:36.187+0000] {dag.py:4180} INFO - Setting next_dagrun for airbyte_to_dbt_pipeline_prod to 2026-08-28 12:00:00+00:00, run_after=2026-08-28 13:00:00+00:00
[2026-08-28T13:53:36.211+0000] {processor.py:208} INFO - Processing /opt/airflow/dags/prod/airbyte_to_dbt_prod.py took 0.193 seconds
[2026-08-28T13:54:06.401+0000] {processor.py:186} INFO - Started process (PID=1587) to work on /opt/airflow/dags/prod/airbyte_to_dbt_prod.py
[2026-08-28T13:54:06.402+0000] {processor.py:914} INFO - Processing file /opt/airflow/dags/prod/airbyte_to_dbt_prod.py for tasks to queue
[2026-08-28T13:54:06.406+0000] {logging_mixin.py:190} INFO - [2026-08-28T13:54:06.406+0000] {dagbag.py:588} INFO - Filling up the DagBag from /opt/airflow/dags/prod/airbyte_to_dbt_prod.py
[2026-08-28T13:54:06.431+0000] {processor.py:925} INFO - DAG(s) 'airbyte_to_dbt_pipeline_prod' retrieved from /opt/airflow/dags/prod/airbyte_to_dbt_prod.py
[2026-08-28T13:54:06.484+0000] {logging_mixin.py:190} INFO - [2026-08-28T13:54:06.483+0000] {dag.py:3239} INFO - Sync 1 DAGs
[2026-08-28T13:54:06.520+0000] {logging_mixin.py:190} INFO - [2026-08-28T13:54:06.519+0000] {dag.py:4180} INFO - Setting next_dagrun for airbyte_to_dbt_pipeline_prod to 2026-08-28 12:00:00+00:00, run_after=2026-08-28 13:00:00+00:00
[2026-08-28T13:54:06.544+0000] {processor.py:208} INFO - Processing /opt/airflow/dags/prod/airbyte_to_dbt_prod.py took 0.152 seconds
[2026-08-28T13:54:36.711+0000] {processor.py:186} INFO - Started process (PID=1597) to work on /opt/airflow/dags/prod/airbyte_to_dbt_prod.py
[2026-08-28T13:54:36.712+0000] {processor.py:914} INFO - Processing file /opt/airflow/dags/prod/airbyte_to_dbt_prod.py for tasks to queue
[2026-08-28T13:54:36.715+0000] {logging_mixin.py:190} INFO - [2026-08-28T13:54:36.714+0000] {dagbag.py:588} INFO - Filling up the DagBag from /opt/airflow/dags/prod/airbyte_to_dbt_prod.py
[2026-08-28T13:54:36.738+0000] {processor.py:925} INFO - DAG(s) 'airbyte_to_dbt_pipeline_prod' retrieved from /opt/airflow/dags/prod/airbyte_to_dbt_prod.py
[2026-08-28T13:54:36.781+0000] {logging_mixin.py:190} INFO - [2026-08-28T13:54:36.781+0000] {dag.py:3239} INFO - Sync 1 DAGs
[2026-08-28T13:54:36.811+0000] {logging_mixin.py:190} INFO - [2026-08-28T13:54:36.811+0000] {dag.py:4180} INFO - Setting next_dagrun for airbyte_to_dbt_pipeline_prod to 2026-08-28 12:00:00+00:00, run_after=2026-08-28 13:00:00+00:00
[2026-08-28T13:54:36.834+0000] {processor.py:208} INFO - Processing /opt/airflow/dags/prod/airbyte_to_dbt_prod.py took 0.132 seconds
[2026-08-28T13:55:07.000+0000] {processor.py:186} INFO - Started process (PID=1607) to work on /opt/airflow/dags/prod/airbyte_to_dbt_prod.py
[2026-08-28T13:55:07.001+0000] {processor.py:914} INFO - Processing file /opt/airflow/dags/prod/airbyte_to_dbt_prod.py for tasks to queue
[2026-08-28T13:55:07.005+0000] {logging_mixin.py:190} INFO - [2026-08-28T13:55:07.004+0000] {dagbag.py:588} INFO - Filling up the DagBag from /opt/airflow/dags/prod/airbyte_to_dbt_prod.py
[2026-08-28T13:55:07.027+0000] {processor.py:925} INFO - DAG(s) 'airbyte_to_dbt_pipeline_prod' retrieved from /opt/airflow/dags/prod/airbyte_to_dbt_prod.py
[2026-08-28T13:55:07.072+0000] {logging_mixin.py:190} INFO - [2026-08-28T13:55:07.072+0000] {dag.py:3239} INFO - Sync 1 DAGs
[2026-08-28T13:55:07.106+0000] {logging_mixin.py:190} INFO - [2026-08-28T13:55:07.106+0000] {dag.py:4180} INFO - Setting next_dagrun for airbyte_to_dbt_pipeline_prod to 2026-08-28 12:00:00+00:00, run_after=2026-08-28 13:00:00+00:00
[2026-08-28T13:55:07.130+0000] {processor.py:208} INFO - Processing /opt/airflow/dags/prod/airbyte_to_dbt_prod.py took 0.138 seconds
[2026-08-28T13:55:37.304+0000] {processor.py:186} INFO - Started process (PID=1617) to work on /opt/airflow/dags/prod/airbyte_to_dbt_prod.py
[2026-08-28T13:55:37.305+0000] {processor.py:914} INFO - Processing file /opt/airflow/dags/prod/airbyte_to_dbt_prod.py for tasks to queue
[2026-08-28T13:55:37.309+0000] {logging_mixin.py:190} INFO - [2026-08-28T13:55:37.308+0000] {dagbag.py:588} INFO - Filling up the DagBag from /opt/airflow/dags/prod/airbyte_to_dbt_prod.py
[2026-08-28T13:55:37.332+0000] {processor.py:925} INFO - DAG(s) 'airbyte_to_dbt_pipeline_prod' retrieved from /opt/airflow/dags/prod/airbyte_to_dbt_prod.py
[2026-08-28T13:55:37.383+0000] {logging_mixin.py:190} INFO - [2026-08-28T13:55:37.383+0000] {dag.py:3239} INFO - Sync 1 DAGs
[2026-08-28T13:55:37.419+0000] {logging_mixin.py:190} INFO - [2026-08-28T13:55:37.418+0000] {dag.py:4180} INFO - Setting next_dagrun for airbyte_to_dbt_pipeline_prod to 2026-08-28 12:00:00+00:00, run_after=2026-08-28 13:00:00+00:00
[2026-08-28T13:55:37.447+0000] {processor.py:208} INFO - Processing /opt/airflow/dags/prod/airbyte_to_dbt_prod.py took 0.152 seconds
[2026-08-28T13:56:07.621+0000] {processor.py:186} INFO - Started process (PID=1627) to work on /opt/airflow/dags/prod/airbyte_to_dbt_prod.py
[2026-08-28T13:56:07.622+0000] {processor.py:914} INFO - Processing file /opt/airflow/dags/prod/airbyte_to_dbt_prod.py for tasks to queue
[2026-08-28T13:56:07.625+0000] {logging_mixin.py:190} INFO - [2026-08-28T13:56:07.625+0000] {dagbag.py:588} INFO - Filling up the DagBag from /opt/airflow/dags/prod/airbyte_to_dbt_prod.py
[2026-08-28T13:56:07.647+0000] {processor.py:925} INFO - DAG(s) 'airbyte_to_dbt_pipeline_prod' retrieved from /opt/airflow/dags/prod/airbyte_to_dbt_prod.py
[2026-08-28T13:56:07.702+0000] {logging_mixin.py:190} INFO - [2026-08-28T13:56:07.701+0000] {dag.py:3239} INFO - Sync 1 DAGs
[2026-08-28T13:56:07.744+0000] {logging_mixin.py:190} INFO - [2026-08-28T13:56:07.743+0000] {dag.py:4180} INFO - Setting next_dagrun for airbyte_to_dbt_pipeline_prod to 2026-08-28 12:00:00+00:00, run_after=2026-08-28 13:00:00+00:00
[2026-08-28T13:56:07.770+0000] {processor.py:208} INFO - Processing /opt/airflow/dags/prod/airbyte_to_dbt_prod.py took 0.158 seconds
[2026-08-28T13:56:37.951+0000] {processor.py:186} INFO - Started process (PID=1637) to work on /opt/airflow/dags/prod/airbyte_to_dbt_prod.py
[2026-08-28T13:56:37.952+0000] {processor.py:914} INFO - Processing file /opt/airflow/dags/prod/airbyte_to_dbt_prod.py for tasks to queue
[2026-08-28T13:56:37.955+0000] {logging_mixin.py:190} INFO - [2026-08-28T13:56:37.955+0000] {dagbag.py:588} INFO - Filling up the DagBag from /opt/airflow/dags/prod/airbyte_to_dbt_prod.py
[2026-08-28T13:56:37.978+0000] {processor.py:925} INFO - DAG(s) 'airbyte_to_dbt_pipeline_prod' retrieved from /opt/airflow/dags/prod/airbyte_to_dbt_prod.py
[2026-08-28T13:56:38.016+0000] {logging_mixin.py:190} INFO - [2026-08-28T13:56:38.015+0000] {dag.py:3239} INFO - Sync 1 DAGs
[2026-08-28T13:56:38.049+0000] {logging_mixin.py:190} INFO - [2026-08-28T13:56:38.049+0000] {dag.py:4180} INFO - Setting next_dagrun for airbyte_to_dbt_pipeline_prod to 2026-08-28 12:00:00+00:00, run_after=2026-08-28 13:00:00+00:00
[2026-08-28T13:56:38.072+0000] {processor.py:208} INFO - Processing /opt/airflow/dags/prod/airbyte_to_dbt_prod.py took 0.133 seconds
[2026-08-28T13:57:08.237+0000] {processor.py:186} INFO - Started process (PID=1647) to work on /opt/airflow/dags/prod/airbyte_to_dbt_prod.py
[2026-08-28T13:57:08.238+0000] {processor.py:914} INFO - Processing file /opt/airflow/dags/prod/airbyte_to_dbt_prod.py for tasks to queue
[2026-08-28T13:57:08.241+0000] {logging_mixin.py:190} INFO - [2026-08-28T13:57:08.241+0000] {dagbag.py:588} INFO - Filling up the DagBag from /opt/airflow/dags/prod/airbyte_to_dbt_prod.py
[2026-08-28T13:57:08.262+0000] {processor.py:925} INFO - DAG(s) 'airbyte_to_dbt_pipeline_prod' retrieved from /opt/airflow/dags/prod/airbyte_to_dbt_prod.py
[2026-08-28T13:57:08.310+0000] {logging_mixin.py:190} INFO - [2026-08-28T13:57:08.310+0000] {dag.py:3239} INFO - Sync 1 DAGs
[2026-08-28T13:57:08.347+0000] {logging_mixin.py:190} INFO - [2026-08-28T13:57:08.346+0000] {dag.py:4180} INFO - Setting next_dagrun for airbyte_to_dbt_pipeline_prod to 2026-08-28 12:00:00+00:00, run_after=2026-08-28 13:00:00+00:00
[2026-08-28T13:57:08.374+0000] {processor.py:208} INFO - Processing /opt/airflow/dags/prod/airbyte_to_dbt_prod.py took 0.146 seconds
[2026-08-28T13:57:38.543+0000] {processor.py:186} INFO - Started process (PID=1657) to work on /opt/airflow/dags/prod/airbyte_to_dbt_prod.py
[2026-08-28T13:57:38.544+0000] {processor.py:914} INFO - Processing file /opt/airflow/dags/prod/airbyte_to_dbt_prod.py for tasks to queue
[2026-08-28T13:57:38.547+0000] {logging_mixin.py:190} INFO - [2026-08-28T13:57:38.546+0000] {dagbag.py:588} INFO - Filling up the DagBag from /opt/airflow/dags/prod/airbyte_to_dbt_prod.py
[2026-08-28T13:57:38.568+0000] {processor.py:925} INFO - DAG(s) 'airbyte_to_dbt_pipeline_prod' retrieved from /opt/airflow/dags/prod/airbyte_to_dbt_prod.py
[2026-08-28T13:57:38.605+0000] {logging_mixin.py:190} INFO - [2026-08-28T13:57:38.605+0000] {dag.py:3239} INFO - Sync 1 DAGs
[2026-08-28T13:57:38.647+0000] {logging_mixin.py:190} INFO - [2026-08-28T13:57:38.646+0000] {dag.py:4180} INFO - Setting next_dagrun for airbyte_to_dbt_pipeline_prod to 2026-08-28 12:00:00+00:00, run_after=2026-08-28 13:00:00+00:00
[2026-08-28T13:57:38.681+0000] {processor.py:208} INFO - Processing /opt/airflow/dags/prod/airbyte_to_dbt_prod.py took 0.148 seconds
[2026-08-28T13:58:08.865+0000] {processor.py:186} INFO - Started process (PID=1667) to work on /opt/airflow/dags/prod/airbyte_to_dbt_prod.py
[2026-08-28T13:58:08.866+0000] {processor.py:914} INFO - Processing file /opt/airflow/dags/prod/airbyte_to_dbt_prod.py for tasks to queue
[2026-08-28T13:58:08.870+0000] {logging_mixin.py:190} INFO - [2026-08-28T13:58:08.869+0000] {dagbag.py:588} INFO - Filling up the DagBag from /opt/airflow/dags/prod/airbyte_to_dbt_prod.py
[2026-08-28T13:58:08.893+0000] {processor.py:925} INFO - DAG(s) 'airbyte_to_dbt_pipeline_prod' retrieved from /opt/airflow/dags/prod/airbyte_to_dbt_prod.py
[2026-08-28T13:58:08.942+0000] {logging_mixin.py:190} INFO - [2026-08-28T13:58:08.941+0000] {dag.py:3239} INFO - Sync 1 DAGs
[2026-08-28T13:58:08.976+0000] {logging_mixin.py:190} INFO - [2026-08-28T13:58:08.976+0000] {dag.py:4180} INFO - Setting next_dagrun for airbyte_to_dbt_pipeline_prod to 2026-08-28 12:00:00+00:00, run_after=2026-08-28 13:00:00+00:00
[2026-08-28T13:58:09.000+0000] {processor.py:208} INFO - Processing /opt/airflow/dags/prod/airbyte_to_dbt_prod.py took 0.144 seconds
[2026-08-28T13:58:39.170+0000] {processor.py:186} INFO - Started process (PID=1677) to work on /opt/airflow/dags/prod/airbyte_to_dbt_prod.py
[2026-08-28T13:58:39.171+0000] {processor.py:914} INFO - Processing file /opt/airflow/dags/prod/airbyte_to_dbt_prod.py for tasks to queue
[2026-08-28T13:58:39.174+0000] {logging_mixin.py:190} INFO - [2026-08-28T13:58:39.174+0000] {dagbag.py:588} INFO - Filling up the DagBag from /opt/airflow/dags/prod/airbyte_to_dbt_prod.py
[2026-08-28T13:58:39.195+0000] {processor.py:925} INFO - DAG(s) 'airbyte_to_dbt_pipeline_prod' retrieved from /opt/airflow/dags/prod/airbyte_to_dbt_prod.py
[2026-08-28T13:58:39.244+0000] {logging_mixin.py:190} INFO - [2026-08-28T13:58:39.244+0000] {dag.py:3239} INFO - Sync 1 DAGs
[2026-08-28T13:58:39.280+0000] {logging_mixin.py:190} INFO - [2026-08-28T13:58:39.279+0000] {dag.py:4180} INFO - Setting next_dagrun for airbyte_to_dbt_pipeline_prod to 2026-08-28 12:00:00+00:00, run_after=2026-08-28 13:00:00+00:00
[2026-08-28T13:58:39.305+0000] {processor.py:208} INFO - Processing /opt/airflow/dags/prod/airbyte_to_dbt_prod.py took 0.144 seconds
[2026-08-28T13:59:09.480+0000] {processor.py:186} INFO - Started process (PID=1687) to work on /opt/airflow/dags/prod/airbyte_to_dbt_prod.py
[2026-08-28T13:59:09.481+0000] {processor.py:914} INFO - Processing file /opt/airflow/dags/prod/airbyte_to_dbt_prod.py for tasks to queue
[2026-08-28T13:59:09.484+0000] {logging_mixin.py:190} INFO - [2026-08-28T13:59:09.484+0000] {dagbag.py:588} INFO - Filling up the DagBag from /opt/airflow/dags/prod/airbyte_to_dbt_prod.py
[2026-08-28T13:59:09.506+0000] {processor.py:925} INFO - DAG(s) 'airbyte_to_dbt_pipeline_prod' retrieved from /opt/airflow/dags/prod/airbyte_to_dbt_prod.py
[2026-08-28T13:59:09.548+0000] {logging_mixin.py:190} INFO - [2026-08-28T13:59:09.547+0000] {dag.py:3239} INFO - Sync 1 DAGs
[2026-08-28T13:59:09.578+0000] {logging_mixin.py:190} INFO - [2026-08-28T13:59:09.578+0000] {dag.py:4180} INFO - Setting next_dagrun for airbyte_to_dbt_pipeline_prod to 2026-08-28 12:00:00+00:00, run_after=2026-08-28 13:00:00+00:00
[2026-08-28T13:59:09.602+0000] {processor.py:208} INFO - Processing /opt/airflow/dags/prod/airbyte_to_dbt_prod.py took 0.130 seconds
[2026-08-28T13:59:39.771+0000] {processor.py:186} INFO - Started process (PID=1697) to work on /opt/airflow/dags/prod/airbyte_to_dbt_prod.py
[2026-08-28T13:59:39.773+0000] {processor.py:914} INFO - Processing file /opt/airflow/dags/prod/airbyte_to_dbt_prod.py for tasks to queue
[2026-08-28T13:59:39.778+0000] {logging_mixin.py:190} INFO - [2026-08-28T13:59:39.777+0000] {dagbag.py:588} INFO - Filling up the DagBag from /opt/airflow/dags/prod/airbyte_to_dbt_prod.py
[2026-08-28T13:59:39.808+0000] {processor.py:925} INFO - DAG(s) 'airbyte_to_dbt_pipeline_prod' retrieved from /opt/airflow/dags/prod/airbyte_to_dbt_prod.py
[2026-08-28T13:59:39.860+0000] {logging_mixin.py:190} INFO - [2026-08-28T13:59:39.860+0000] {dag.py:3239} INFO - Sync 1 DAGs
[2026-08-28T13:59:39.897+0000] {logging_mixin.py:190} INFO - [2026-08-28T13:59:39.896+0000] {dag.py:4180} INFO - Setting next_dagrun for airbyte_to_dbt_pipeline_prod to 2026-08-28 12:00:00+00:00, run_after=2026-08-28 13:00:00+00:00
[2026-08-28T13:59:39.924+0000] {processor.py:208} INFO - Processing /opt/airflow/dags/prod/airbyte_to_dbt_prod.py took 0.161 seconds
[2026-08-28T14:00:10.095+0000] {processor.py:186} INFO - Started process (PID=1707) to work on /opt/airflow/dags/prod/airbyte_to_dbt_prod.py
[2026-08-28T14:00:10.096+0000] {processor.py:914} INFO - Processing file /opt/airflow/dags/prod/airbyte_to_dbt_prod.py for tasks to queue
[2026-08-28T14:00:10.099+0000] {logging_mixin.py:190} INFO - [2026-08-28T14:00:10.098+0000] {dagbag.py:588} INFO - Filling up the DagBag from /opt/airflow/dags/prod/airbyte_to_dbt_prod.py
[2026-08-28T14:00:10.122+0000] {processor.py:925} INFO - DAG(s) 'airbyte_to_dbt_pipeline_prod' retrieved from /opt/airflow/dags/prod/airbyte_to_dbt_prod.py
[2026-08-28T14:00:10.173+0000] {logging_mixin.py:190} INFO - [2026-08-28T14:00:10.173+0000] {dag.py:3239} INFO - Sync 1 DAGs
[2026-08-28T14:00:10.204+0000] {logging_mixin.py:190} INFO - [2026-08-28T14:00:10.204+0000] {dag.py:4180} INFO - Setting next_dagrun for airbyte_to_dbt_pipeline_prod to 2026-08-28 13:00:00+00:00, run_after=2026-08-28 14:00:00+00:00
[2026-08-28T14:00:10.229+0000] {processor.py:208} INFO - Processing /opt/airflow/dags/prod/airbyte_to_dbt_prod.py took 0.143 seconds
[2026-08-28T14:00:40.394+0000] {processor.py:186} INFO - Started process (PID=1717) to work on /opt/airflow/dags/prod/airbyte_to_dbt_prod.py
[2026-08-28T14:00:40.395+0000] {processor.py:914} INFO - Processing file /opt/airflow/dags/prod/airbyte_to_dbt_prod.py for tasks to queue
[2026-08-28T14:00:40.399+0000] {logging_mixin.py:190} INFO - [2026-08-28T14:00:40.399+0000] {dagbag.py:588} INFO - Filling up the DagBag from /opt/airflow/dags/prod/airbyte_to_dbt_prod.py
[2026-08-28T14:00:40.431+0000] {processor.py:925} INFO - DAG(s) 'airbyte_to_dbt_pipeline_prod' retrieved from /opt/airflow/dags/prod/airbyte_to_dbt_prod.py
[2026-08-28T14:00:40.484+0000] {logging_mixin.py:190} INFO - [2026-08-28T14:00:40.483+0000] {dag.py:3239} INFO - Sync 1 DAGs
[2026-08-28T14:00:40.520+0000] {logging_mixin.py:190} INFO - [2026-08-28T14:00:40.520+0000] {dag.py:4180} INFO - Setting next_dagrun for airbyte_to_dbt_pipeline_prod to 2026-08-28 13:00:00+00:00, run_after=2026-08-28 14:00:00+00:00
[2026-08-28T14:00:40.544+0000] {processor.py:208} INFO - Processing /opt/airflow/dags/prod/airbyte_to_dbt_prod.py took 0.161 seconds
[2026-08-28T14:01:10.721+0000] {processor.py:186} INFO - Started process (PID=1727) to work on /opt/airflow/dags/prod/airbyte_to_dbt_prod.py
[2026-08-28T14:01:10.723+0000] {processor.py:914} INFO - Processing file /opt/airflow/dags/prod/airbyte_to_dbt_prod.py for tasks to queue
[2026-08-28T14:01:10.728+0000] {logging_mixin.py:190} INFO - [2026-08-28T14:01:10.727+0000] {dagbag.py:588} INFO - Filling up the DagBag from /opt/airflow/dags/prod/airbyte_to_dbt_prod.py
[2026-08-28T14:01:10.757+0000] {processor.py:925} INFO - DAG(s) 'airbyte_to_dbt_pipeline_prod' retrieved from /opt/airflow/dags/prod/airbyte_to_dbt_prod.py
[2026-08-28T14:01:10.809+0000] {logging_mixin.py:190} INFO - [2026-08-28T14:01:10.809+0000] {dag.py:3239} INFO - Sync 1 DAGs
[2026-08-28T14:01:10.844+0000] {logging_mixin.py:190} INFO - [2026-08-28T14:01:10.844+0000] {dag.py:4180} INFO - Setting next_dagrun for airbyte_to_dbt_pipeline_prod to 2026-08-28 13:00:00+00:00, run_after=2026-08-28 14:00:00+00:00
[2026-08-28T14:01:10.867+0000] {processor.py:208} INFO - Processing /opt/airflow/dags/prod/airbyte_to_dbt_prod.py took 0.158 seconds
[2026-08-28T14:01:41.037+0000] {processor.py:186} INFO - Started process (PID=1737) to work on /opt/airflow/dags/prod/airbyte_to_dbt_prod.py
[2026-08-28T14:01:41.038+0000] {processor.py:914} INFO - Processing file /opt/airflow/dags/prod/airbyte_to_dbt_prod.py for tasks to queue
[2026-08-28T14:01:41.041+0000] {logging_mixin.py:190} INFO - [2026-08-28T14:01:41.040+0000] {dagbag.py:588} INFO - Filling up the DagBag from /opt/airflow/dags/prod/airbyte_to_dbt_prod.py
[2026-08-28T14:01:41.072+0000] {processor.py:925} INFO - DAG(s) 'airbyte_to_dbt_pipeline_prod' retrieved from /opt/airflow/dags/prod/airbyte_to_dbt_prod.py
[2026-08-28T14:01:41.122+0000] {logging_mixin.py:190} INFO - [2026-08-28T14:01:41.122+0000] {dag.py:3239} INFO - Sync 1 DAGs
[2026-08-28T14:01:41.160+0000] {logging_mixin.py:190} INFO - [2026-08-28T14:01:41.159+0000] {dag.py:4180} INFO - Setting next_dagrun for airbyte_to_dbt_pipeline_prod to 2026-08-28 13:00:00+00:00, run_after=2026-08-28 14:00:00+00:00
[2026-08-28T14:01:41.184+0000] {processor.py:208} INFO - Processing /opt/airflow/dags/prod/airbyte_to_dbt_prod.py took 0.156 seconds
[2026-08-28T14:02:11.375+0000] {processor.py:186} INFO - Started process (PID=1747) to work on /opt/airflow/dags/prod/airbyte_to_dbt_prod.py
[2026-08-28T14:02:11.376+0000] {processor.py:914} INFO - Processing file /opt/airflow/dags/prod/airbyte_to_dbt_prod.py for tasks to queue
[2026-08-28T14:02:11.381+0000] {logging_mixin.py:190} INFO - [2026-08-28T14:02:11.380+0000] {dagbag.py:588} INFO - Filling up the DagBag from /opt/airflow/dags/prod/airbyte_to_dbt_prod.py
[2026-08-28T14:02:11.421+0000] {processor.py:925} INFO - DAG(s) 'airbyte_to_dbt_pipeline_prod' retrieved from /opt/airflow/dags/prod/airbyte_to_dbt_prod.py
[2026-08-28T14:02:11.462+0000] {logging_mixin.py:190} INFO - [2026-08-28T14:02:11.461+0000] {dag.py:3239} INFO - Sync 1 DAGs
[2026-08-28T14:02:11.490+0000] {logging_mixin.py:190} INFO - [2026-08-28T14:02:11.490+0000] {dag.py:4180} INFO - Setting next_dagrun for airbyte_to_dbt_pipeline_prod to 2026-08-28 13:00:00+00:00, run_after=2026-08-28 14:00:00+00:00
[2026-08-28T14:02:11.519+0000] {processor.py:208} INFO - Processing /opt/airflow/dags/prod/airbyte_to_dbt_prod.py took 0.167 seconds
[2026-08-28T14:02:41.690+0000] {processor.py:186} INFO - Started process (PID=1757) to work on /opt/airflow/dags/prod/airbyte_to_dbt_prod.py
[2026-08-28T14:02:41.691+0000] {processor.py:914} INFO - Processing file /opt/airflow/dags/prod/airbyte_to_dbt_prod.py for tasks to queue
[2026-08-28T14:02:41.694+0000] {logging_mixin.py:190} INFO - [2026-08-28T14:02:41.694+0000] {dagbag.py:588} INFO - Filling up the DagBag from /opt/airflow/dags/prod/airbyte_to_dbt_prod.py
[2026-08-28T14:02:41.716+0000] {processor.py:925} INFO - DAG(s) 'airbyte_to_dbt_pipeline_prod' retrieved from /opt/airflow/dags/prod/airbyte_to_dbt_prod.py
[2026-08-28T14:02:41.767+0000] {logging_mixin.py:190} INFO - [2026-08-28T14:02:41.767+0000] {dag.py:3239} INFO - Sync 1 DAGs
[2026-08-28T14:02:41.804+0000] {logging_mixin.py:190} INFO - [2026-08-28T14:02:41.804+0000] {dag.py:4180} INFO - Setting next_dagrun for airbyte_to_dbt_pipeline_prod to 2026-08-28 13:00:00+00:00, run_after=2026-08-28 14:00:00+00:00
[2026-08-28T14:02:41.830+0000] {processor.py:208} INFO - Processing /opt/airflow/dags/prod/airbyte_to_dbt_prod.py took 0.148 seconds
[2026-08-28T14:03:11.994+0000] {processor.py:186} INFO - Started process (PID=1767) to work on /opt/airflow/dags/prod/airbyte_to_dbt_prod.py
[2026-08-28T14:03:11.995+0000] {processor.py:914} INFO - Processing file /opt/airflow/dags/prod/airbyte_to_dbt_prod.py for tasks to queue
[2026-08-28T14:03:11.998+0000] {logging_mixin.py:190} INFO - [2026-08-28T14:03:11.997+0000] {dagbag.py:588} INFO - Filling up the DagBag from /opt/airflow/dags/prod/airbyte_to_dbt_prod.py
[2026-08-28T14:03:12.020+0000] {processor.py:925} INFO - DAG(s) 'airbyte_to_dbt_pipeline_prod' retrieved from /opt/airflow/dags/prod/airbyte_to_dbt_prod.py
[2026-08-28T14:03:12.067+0000] {logging_mixin.py:190} INFO - [2026-08-28T14:03:12.067+0000] {dag.py:3239} INFO - Sync 1 DAGs
[2026-08-28T14:03:12.145+0000] {logging_mixin.py:190} INFO - [2026-08-28T14:03:12.145+0000] {dag.py:4180} INFO - Setting next_dagrun for airbyte_to_dbt_pipeline_prod to 2026-08-28 13:00:00+00:00, run_after=2026-08-28 14:00:00+00:00
[2026-08-28T14:03:12.171+0000] {processor.py:208} INFO - Processing /opt/airflow/dags/prod/airbyte_to_dbt_prod.py took 0.187 seconds
[2026-08-28T14:03:42.409+0000] {processor.py:186} INFO - Started process (PID=1777) to work on /opt/airflow/dags/prod/airbyte_to_dbt_prod.py
[2026-08-28T14:03:42.417+0000] {processor.py:914} INFO - Processing file /opt/airflow/dags/prod/airbyte_to_dbt_prod.py for tasks to queue
[2026-08-28T14:03:42.449+0000] {logging_mixin.py:190} INFO - [2026-08-28T14:03:42.448+0000] {dagbag.py:588} INFO - Filling up the DagBag from /opt/airflow/dags/prod/airbyte_to_dbt_prod.py
[2026-08-28T14:03:42.492+0000] {processor.py:925} INFO - DAG(s) 'airbyte_to_dbt_pipeline_prod' retrieved from /opt/airflow/dags/prod/airbyte_to_dbt_prod.py
[2026-08-28T14:03:42.648+0000] {logging_mixin.py:190} INFO - [2026-08-28T14:03:42.648+0000] {dag.py:3239} INFO - Sync 1 DAGs
[2026-08-28T14:03:42.807+0000] {logging_mixin.py:190} INFO - [2026-08-28T14:03:42.807+0000] {dag.py:4180} INFO - Setting next_dagrun for airbyte_to_dbt_pipeline_prod to 2026-08-28 13:00:00+00:00, run_after=2026-08-28 14:00:00+00:00
[2026-08-28T14:03:42.834+0000] {processor.py:208} INFO - Processing /opt/airflow/dags/prod/airbyte_to_dbt_prod.py took 0.488 seconds
[2026-08-28T14:04:13.257+0000] {processor.py:186} INFO - Started process (PID=1785) to work on /opt/airflow/dags/prod/airbyte_to_dbt_prod.py
[2026-08-28T14:04:13.261+0000] {processor.py:914} INFO - Processing file /opt/airflow/dags/prod/airbyte_to_dbt_prod.py for tasks to queue
[2026-08-28T14:04:13.309+0000] {logging_mixin.py:190} INFO - [2026-08-28T14:04:13.298+0000] {dagbag.py:588} INFO - Filling up the DagBag from /opt/airflow/dags/prod/airbyte_to_dbt_prod.py
[2026-08-28T14:04:13.550+0000] {processor.py:925} INFO - DAG(s) 'airbyte_to_dbt_pipeline_prod' retrieved from /opt/airflow/dags/prod/airbyte_to_dbt_prod.py
[2026-08-28T14:04:13.798+0000] {logging_mixin.py:190} INFO - [2026-08-28T14:04:13.797+0000] {dag.py:3239} INFO - Sync 1 DAGs
[2026-08-28T14:04:13.921+0000] {logging_mixin.py:190} INFO - [2026-08-28T14:04:13.921+0000] {dag.py:4180} INFO - Setting next_dagrun for airbyte_to_dbt_pipeline_prod to 2026-08-28 13:00:00+00:00, run_after=2026-08-28 14:00:00+00:00
[2026-08-28T14:04:13.952+0000] {processor.py:208} INFO - Processing /opt/airflow/dags/prod/airbyte_to_dbt_prod.py took 0.807 seconds
[2026-08-28T14:04:44.151+0000] {processor.py:186} INFO - Started process (PID=1797) to work on /opt/airflow/dags/prod/airbyte_to_dbt_prod.py
[2026-08-28T14:04:44.152+0000] {processor.py:914} INFO - Processing file /opt/airflow/dags/prod/airbyte_to_dbt_prod.py for tasks to queue
[2026-08-28T14:04:44.158+0000] {logging_mixin.py:190} INFO - [2026-08-28T14:04:44.157+0000] {dagbag.py:588} INFO - Filling up the DagBag from /opt/airflow/dags/prod/airbyte_to_dbt_prod.py
[2026-08-28T14:04:44.193+0000] {processor.py:925} INFO - DAG(s) 'airbyte_to_dbt_pipeline_prod' retrieved from /opt/airflow/dags/prod/airbyte_to_dbt_prod.py
[2026-08-28T14:04:44.257+0000] {logging_mixin.py:190} INFO - [2026-08-28T14:04:44.257+0000] {dag.py:3239} INFO - Sync 1 DAGs
[2026-08-28T14:04:44.314+0000] {logging_mixin.py:190} INFO - [2026-08-28T14:04:44.314+0000] {dag.py:4180} INFO - Setting next_dagrun for airbyte_to_dbt_pipeline_prod to 2026-08-28 13:00:00+00:00, run_after=2026-08-28 14:00:00+00:00
[2026-08-28T14:04:44.346+0000] {processor.py:208} INFO - Processing /opt/airflow/dags/prod/airbyte_to_dbt_prod.py took 0.206 seconds
[2026-08-28T14:05:14.497+0000] {processor.py:186} INFO - Started process (PID=1807) to work on /opt/airflow/dags/prod/airbyte_to_dbt_prod.py
[2026-08-28T14:05:14.499+0000] {processor.py:914} INFO - Processing file /opt/airflow/dags/prod/airbyte_to_dbt_prod.py for tasks to queue
[2026-08-28T14:05:14.502+0000] {logging_mixin.py:190} INFO - [2026-08-28T14:05:14.502+0000] {dagbag.py:588} INFO - Filling up the DagBag from /opt/airflow/dags/prod/airbyte_to_dbt_prod.py
[2026-08-28T14:05:14.532+0000] {processor.py:925} INFO - DAG(s) 'airbyte_to_dbt_pipeline_prod' retrieved from /opt/airflow/dags/prod/airbyte_to_dbt_prod.py
[2026-08-28T14:05:14.579+0000] {logging_mixin.py:190} INFO - [2026-08-28T14:05:14.579+0000] {dag.py:3239} INFO - Sync 1 DAGs
[2026-08-28T14:05:14.619+0000] {logging_mixin.py:190} INFO - [2026-08-28T14:05:14.619+0000] {dag.py:4180} INFO - Setting next_dagrun for airbyte_to_dbt_pipeline_prod to 2026-08-28 13:00:00+00:00, run_after=2026-08-28 14:00:00+00:00
[2026-08-28T14:05:14.645+0000] {processor.py:208} INFO - Processing /opt/airflow/dags/prod/airbyte_to_dbt_prod.py took 0.155 seconds
[2026-08-28T14:05:44.821+0000] {processor.py:186} INFO - Started process (PID=1817) to work on /opt/airflow/dags/prod/airbyte_to_dbt_prod.py
[2026-08-28T14:05:44.822+0000] {processor.py:914} INFO - Processing file /opt/airflow/dags/prod/airbyte_to_dbt_prod.py for tasks to queue
[2026-08-28T14:05:44.825+0000] {logging_mixin.py:190} INFO - [2026-08-28T14:05:44.825+0000] {dagbag.py:588} INFO - Filling up the DagBag from /opt/airflow/dags/prod/airbyte_to_dbt_prod.py
[2026-08-28T14:05:44.849+0000] {processor.py:925} INFO - DAG(s) 'airbyte_to_dbt_pipeline_prod' retrieved from /opt/airflow/dags/prod/airbyte_to_dbt_prod.py
[2026-08-28T14:05:44.886+0000] {logging_mixin.py:190} INFO - [2026-08-28T14:05:44.886+0000] {dag.py:3239} INFO - Sync 1 DAGs
[2026-08-28T14:05:44.918+0000] {logging_mixin.py:190} INFO - [2026-08-28T14:05:44.918+0000] {dag.py:4180} INFO - Setting next_dagrun for airbyte_to_dbt_pipeline_prod to 2026-08-28 13:00:00+00:00, run_after=2026-08-28 14:00:00+00:00
[2026-08-28T14:05:44.943+0000] {processor.py:208} INFO - Processing /opt/airflow/dags/prod/airbyte_to_dbt_prod.py took 0.130 seconds
[2026-08-28T14:06:15.169+0000] {processor.py:186} INFO - Started process (PID=1827) to work on /opt/airflow/dags/prod/airbyte_to_dbt_prod.py
[2026-08-28T14:06:15.176+0000] {processor.py:914} INFO - Processing file /opt/airflow/dags/prod/airbyte_to_dbt_prod.py for tasks to queue
[2026-08-28T14:06:15.186+0000] {logging_mixin.py:190} INFO - [2026-08-28T14:06:15.183+0000] {dagbag.py:588} INFO - Filling up the DagBag from /opt/airflow/dags/prod/airbyte_to_dbt_prod.py
[2026-08-28T14:06:15.224+0000] {processor.py:925} INFO - DAG(s) 'airbyte_to_dbt_pipeline_prod' retrieved from /opt/airflow/dags/prod/airbyte_to_dbt_prod.py
[2026-08-28T14:06:15.524+0000] {logging_mixin.py:190} INFO - [2026-08-28T14:06:15.522+0000] {dag.py:3239} INFO - Sync 1 DAGs
[2026-08-28T14:06:15.695+0000] {logging_mixin.py:190} INFO - [2026-08-28T14:06:15.695+0000] {dag.py:4180} INFO - Setting next_dagrun for airbyte_to_dbt_pipeline_prod to 2026-08-28 13:00:00+00:00, run_after=2026-08-28 14:00:00+00:00
[2026-08-28T14:06:15.758+0000] {processor.py:208} INFO - Processing /opt/airflow/dags/prod/airbyte_to_dbt_prod.py took 0.601 seconds
[2026-08-28T14:06:46.437+0000] {processor.py:186} INFO - Started process (PID=1835) to work on /opt/airflow/dags/prod/airbyte_to_dbt_prod.py
[2026-08-28T14:06:46.438+0000] {processor.py:914} INFO - Processing file /opt/airflow/dags/prod/airbyte_to_dbt_prod.py for tasks to queue
[2026-08-28T14:06:46.546+0000] {logging_mixin.py:190} INFO - [2026-08-28T14:06:46.533+0000] {dagbag.py:588} INFO - Filling up the DagBag from /opt/airflow/dags/prod/airbyte_to_dbt_prod.py
[2026-08-28T14:06:47.053+0000] {processor.py:925} INFO - DAG(s) 'airbyte_to_dbt_pipeline_prod' retrieved from /opt/airflow/dags/prod/airbyte_to_dbt_prod.py
[2026-08-28T14:06:47.319+0000] {logging_mixin.py:190} INFO - [2026-08-28T14:06:47.318+0000] {dag.py:3239} INFO - Sync 1 DAGs
[2026-08-28T14:06:47.488+0000] {logging_mixin.py:190} INFO - [2026-08-28T14:06:47.488+0000] {dag.py:4180} INFO - Setting next_dagrun for airbyte_to_dbt_pipeline_prod to 2026-08-28 13:00:00+00:00, run_after=2026-08-28 14:00:00+00:00
[2026-08-28T14:06:47.514+0000] {processor.py:208} INFO - Processing /opt/airflow/dags/prod/airbyte_to_dbt_prod.py took 1.409 seconds
[2026-08-28T14:07:17.771+0000] {processor.py:186} INFO - Started process (PID=1847) to work on /opt/airflow/dags/prod/airbyte_to_dbt_prod.py
[2026-08-28T14:07:17.776+0000] {processor.py:914} INFO - Processing file /opt/airflow/dags/prod/airbyte_to_dbt_prod.py for tasks to queue
[2026-08-28T14:07:17.779+0000] {logging_mixin.py:190} INFO - [2026-08-28T14:07:17.779+0000] {dagbag.py:588} INFO - Filling up the DagBag from /opt/airflow/dags/prod/airbyte_to_dbt_prod.py
[2026-08-28T14:07:17.808+0000] {processor.py:925} INFO - DAG(s) 'airbyte_to_dbt_pipeline_prod' retrieved from /opt/airflow/dags/prod/airbyte_to_dbt_prod.py
[2026-08-28T14:07:17.935+0000] {logging_mixin.py:190} INFO - [2026-08-28T14:07:17.935+0000] {dag.py:3239} INFO - Sync 1 DAGs
[2026-08-28T14:07:17.972+0000] {logging_mixin.py:190} INFO - [2026-08-28T14:07:17.972+0000] {dag.py:4180} INFO - Setting next_dagrun for airbyte_to_dbt_pipeline_prod to 2026-08-28 13:00:00+00:00, run_after=2026-08-28 14:00:00+00:00
[2026-08-28T14:07:18.033+0000] {processor.py:208} INFO - Processing /opt/airflow/dags/prod/airbyte_to_dbt_prod.py took 0.281 seconds
[2026-08-28T14:07:48.145+0000] {processor.py:186} INFO - Started process (PID=1857) to work on /opt/airflow/dags/prod/airbyte_to_dbt_prod.py
[2026-08-28T14:07:48.146+0000] {processor.py:914} INFO - Processing file /opt/airflow/dags/prod/airbyte_to_dbt_prod.py for tasks to queue
[2026-08-28T14:07:48.149+0000] {logging_mixin.py:190} INFO - [2026-08-28T14:07:48.149+0000] {dagbag.py:588} INFO - Filling up the DagBag from /opt/airflow/dags/prod/airbyte_to_dbt_prod.py
[2026-08-28T14:07:48.176+0000] {processor.py:925} INFO - DAG(s) 'airbyte_to_dbt_pipeline_prod' retrieved from /opt/airflow/dags/prod/airbyte_to_dbt_prod.py
[2026-08-28T14:07:48.226+0000] {logging_mixin.py:190} INFO - [2026-08-28T14:07:48.226+0000] {dag.py:3239} INFO - Sync 1 DAGs
[2026-08-28T14:07:48.268+0000] {logging_mixin.py:190} INFO - [2026-08-28T14:07:48.268+0000] {dag.py:4180} INFO - Setting next_dagrun for airbyte_to_dbt_pipeline_prod to 2026-08-28 13:00:00+00:00, run_after=2026-08-28 14:00:00+00:00
[2026-08-28T14:07:48.291+0000] {processor.py:208} INFO - Processing /opt/airflow/dags/prod/airbyte_to_dbt_prod.py took 0.155 seconds
[2026-08-28T14:08:18.453+0000] {processor.py:186} INFO - Started process (PID=1867) to work on /opt/airflow/dags/prod/airbyte_to_dbt_prod.py
[2026-08-28T14:08:18.455+0000] {processor.py:914} INFO - Processing file /opt/airflow/dags/prod/airbyte_to_dbt_prod.py for tasks to queue
[2026-08-28T14:08:18.458+0000] {logging_mixin.py:190} INFO - [2026-08-28T14:08:18.457+0000] {dagbag.py:588} INFO - Filling up the DagBag from /opt/airflow/dags/prod/airbyte_to_dbt_prod.py
[2026-08-28T14:08:18.480+0000] {processor.py:925} INFO - DAG(s) 'airbyte_to_dbt_pipeline_prod' retrieved from /opt/airflow/dags/prod/airbyte_to_dbt_prod.py
[2026-08-28T14:08:18.522+0000] {logging_mixin.py:190} INFO - [2026-08-28T14:08:18.522+0000] {dag.py:3239} INFO - Sync 1 DAGs
[2026-08-28T14:08:18.557+0000] {logging_mixin.py:190} INFO - [2026-08-28T14:08:18.557+0000] {dag.py:4180} INFO - Setting next_dagrun for airbyte_to_dbt_pipeline_prod to 2026-08-28 13:00:00+00:00, run_after=2026-08-28 14:00:00+00:00
[2026-08-28T14:08:18.580+0000] {processor.py:208} INFO - Processing /opt/airflow/dags/prod/airbyte_to_dbt_prod.py took 0.137 seconds
[2026-08-28T14:08:48.750+0000] {processor.py:186} INFO - Started process (PID=1877) to work on /opt/airflow/dags/prod/airbyte_to_dbt_prod.py
[2026-08-28T14:08:48.751+0000] {processor.py:914} INFO - Processing file /opt/airflow/dags/prod/airbyte_to_dbt_prod.py for tasks to queue
[2026-08-28T14:08:48.755+0000] {logging_mixin.py:190} INFO - [2026-08-28T14:08:48.755+0000] {dagbag.py:588} INFO - Filling up the DagBag from /opt/airflow/dags/prod/airbyte_to_dbt_prod.py
[2026-08-28T14:08:48.784+0000] {processor.py:925} INFO - DAG(s) 'airbyte_to_dbt_pipeline_prod' retrieved from /opt/airflow/dags/prod/airbyte_to_dbt_prod.py
[2026-08-28T14:08:48.835+0000] {logging_mixin.py:190} INFO - [2026-08-28T14:08:48.835+0000] {dag.py:3239} INFO - Sync 1 DAGs
[2026-08-28T14:08:48.873+0000] {logging_mixin.py:190} INFO - [2026-08-28T14:08:48.872+0000] {dag.py:4180} INFO - Setting next_dagrun for airbyte_to_dbt_pipeline_prod to 2026-08-28 13:00:00+00:00, run_after=2026-08-28 14:00:00+00:00
[2026-08-28T14:08:48.899+0000] {processor.py:208} INFO - Processing /opt/airflow/dags/prod/airbyte_to_dbt_prod.py took 0.161 seconds
[2026-08-28T14:09:19.067+0000] {processor.py:186} INFO - Started process (PID=1887) to work on /opt/airflow/dags/prod/airbyte_to_dbt_prod.py
[2026-08-28T14:09:19.068+0000] {processor.py:914} INFO - Processing file /opt/airflow/dags/prod/airbyte_to_dbt_prod.py for tasks to queue
[2026-08-28T14:09:19.072+0000] {logging_mixin.py:190} INFO - [2026-08-28T14:09:19.071+0000] {dagbag.py:588} INFO - Filling up the DagBag from /opt/airflow/dags/prod/airbyte_to_dbt_prod.py
[2026-08-28T14:09:19.098+0000] {processor.py:925} INFO - DAG(s) 'airbyte_to_dbt_pipeline_prod' retrieved from /opt/airflow/dags/prod/airbyte_to_dbt_prod.py
[2026-08-28T14:09:19.144+0000] {logging_mixin.py:190} INFO - [2026-08-28T14:09:19.143+0000] {dag.py:3239} INFO - Sync 1 DAGs
[2026-08-28T14:09:19.177+0000] {logging_mixin.py:190} INFO - [2026-08-28T14:09:19.176+0000] {dag.py:4180} INFO - Setting next_dagrun for airbyte_to_dbt_pipeline_prod to 2026-08-28 13:00:00+00:00, run_after=2026-08-28 14:00:00+00:00
[2026-08-28T14:09:19.201+0000] {processor.py:208} INFO - Processing /opt/airflow/dags/prod/airbyte_to_dbt_prod.py took 0.144 seconds
[2026-08-28T14:09:49.364+0000] {processor.py:186} INFO - Started process (PID=1897) to work on /opt/airflow/dags/prod/airbyte_to_dbt_prod.py
[2026-08-28T14:09:49.365+0000] {processor.py:914} INFO - Processing file /opt/airflow/dags/prod/airbyte_to_dbt_prod.py for tasks to queue
[2026-08-28T14:09:49.369+0000] {logging_mixin.py:190} INFO - [2026-08-28T14:09:49.369+0000] {dagbag.py:588} INFO - Filling up the DagBag from /opt/airflow/dags/prod/airbyte_to_dbt_prod.py
[2026-08-28T14:09:49.400+0000] {processor.py:925} INFO - DAG(s) 'airbyte_to_dbt_pipeline_prod' retrieved from /opt/airflow/dags/prod/airbyte_to_dbt_prod.py
[2026-08-28T14:09:49.442+0000] {logging_mixin.py:190} INFO - [2026-08-28T14:09:49.442+0000] {dag.py:3239} INFO - Sync 1 DAGs
[2026-08-28T14:09:49.478+0000] {logging_mixin.py:190} INFO - [2026-08-28T14:09:49.477+0000] {dag.py:4180} INFO - Setting next_dagrun for airbyte_to_dbt_pipeline_prod to 2026-08-28 13:00:00+00:00, run_after=2026-08-28 14:00:00+00:00
[2026-08-28T14:09:49.502+0000] {processor.py:208} INFO - Processing /opt/airflow/dags/prod/airbyte_to_dbt_prod.py took 0.150 seconds
[2026-08-28T14:10:19.674+0000] {processor.py:186} INFO - Started process (PID=1907) to work on /opt/airflow/dags/prod/airbyte_to_dbt_prod.py
[2026-08-28T14:10:19.675+0000] {processor.py:914} INFO - Processing file /opt/airflow/dags/prod/airbyte_to_dbt_prod.py for tasks to queue
[2026-08-28T14:10:19.678+0000] {logging_mixin.py:190} INFO - [2026-08-28T14:10:19.678+0000] {dagbag.py:588} INFO - Filling up the DagBag from /opt/airflow/dags/prod/airbyte_to_dbt_prod.py
[2026-08-28T14:10:19.704+0000] {processor.py:925} INFO - DAG(s) 'airbyte_to_dbt_pipeline_prod' retrieved from /opt/airflow/dags/prod/airbyte_to_dbt_prod.py
[2026-08-28T14:10:19.749+0000] {logging_mixin.py:190} INFO - [2026-08-28T14:10:19.749+0000] {dag.py:3239} INFO - Sync 1 DAGs
[2026-08-28T14:10:19.789+0000] {logging_mixin.py:190} INFO - [2026-08-28T14:10:19.788+0000] {dag.py:4180} INFO - Setting next_dagrun for airbyte_to_dbt_pipeline_prod to 2026-08-28 13:00:00+00:00, run_after=2026-08-28 14:00:00+00:00
[2026-08-28T14:10:19.814+0000] {processor.py:208} INFO - Processing /opt/airflow/dags/prod/airbyte_to_dbt_prod.py took 0.149 seconds
[2026-08-28T14:10:50.012+0000] {processor.py:186} INFO - Started process (PID=1917) to work on /opt/airflow/dags/prod/airbyte_to_dbt_prod.py
[2026-08-28T14:10:50.013+0000] {processor.py:914} INFO - Processing file /opt/airflow/dags/prod/airbyte_to_dbt_prod.py for tasks to queue
[2026-08-28T14:10:50.016+0000] {logging_mixin.py:190} INFO - [2026-08-28T14:10:50.015+0000] {dagbag.py:588} INFO - Filling up the DagBag from /opt/airflow/dags/prod/airbyte_to_dbt_prod.py
[2026-08-28T14:10:50.038+0000] {processor.py:925} INFO - DAG(s) 'airbyte_to_dbt_pipeline_prod' retrieved from /opt/airflow/dags/prod/airbyte_to_dbt_prod.py
[2026-08-28T14:10:50.083+0000] {logging_mixin.py:190} INFO - [2026-08-28T14:10:50.083+0000] {dag.py:3239} INFO - Sync 1 DAGs
[2026-08-28T14:10:50.115+0000] {logging_mixin.py:190} INFO - [2026-08-28T14:10:50.115+0000] {dag.py:4180} INFO - Setting next_dagrun for airbyte_to_dbt_pipeline_prod to 2026-08-28 13:00:00+00:00, run_after=2026-08-28 14:00:00+00:00
[2026-08-28T14:10:50.141+0000] {processor.py:208} INFO - Processing /opt/airflow/dags/prod/airbyte_to_dbt_prod.py took 0.139 seconds
[2026-08-28T14:11:20.313+0000] {processor.py:186} INFO - Started process (PID=1927) to work on /opt/airflow/dags/prod/airbyte_to_dbt_prod.py
[2026-08-28T14:11:20.314+0000] {processor.py:914} INFO - Processing file /opt/airflow/dags/prod/airbyte_to_dbt_prod.py for tasks to queue
[2026-08-28T14:11:20.318+0000] {logging_mixin.py:190} INFO - [2026-08-28T14:11:20.318+0000] {dagbag.py:588} INFO - Filling up the DagBag from /opt/airflow/dags/prod/airbyte_to_dbt_prod.py
[2026-08-28T14:11:20.349+0000] {processor.py:925} INFO - DAG(s) 'airbyte_to_dbt_pipeline_prod' retrieved from /opt/airflow/dags/prod/airbyte_to_dbt_prod.py
[2026-08-28T14:11:20.395+0000] {logging_mixin.py:190} INFO - [2026-08-28T14:11:20.394+0000] {dag.py:3239} INFO - Sync 1 DAGs
[2026-08-28T14:11:20.425+0000] {logging_mixin.py:190} INFO - [2026-08-28T14:11:20.425+0000] {dag.py:4180} INFO - Setting next_dagrun for airbyte_to_dbt_pipeline_prod to 2026-08-28 13:00:00+00:00, run_after=2026-08-28 14:00:00+00:00
[2026-08-28T14:11:20.449+0000] {processor.py:208} INFO - Processing /opt/airflow/dags/prod/airbyte_to_dbt_prod.py took 0.148 seconds
[2026-08-28T14:11:50.619+0000] {processor.py:186} INFO - Started process (PID=1937) to work on /opt/airflow/dags/prod/airbyte_to_dbt_prod.py
[2026-08-28T14:11:50.620+0000] {processor.py:914} INFO - Processing file /opt/airflow/dags/prod/airbyte_to_dbt_prod.py for tasks to queue
[2026-08-28T14:11:50.624+0000] {logging_mixin.py:190} INFO - [2026-08-28T14:11:50.623+0000] {dagbag.py:588} INFO - Filling up the DagBag from /opt/airflow/dags/prod/airbyte_to_dbt_prod.py
[2026-08-28T14:11:50.655+0000] {processor.py:925} INFO - DAG(s) 'airbyte_to_dbt_pipeline_prod' retrieved from /opt/airflow/dags/prod/airbyte_to_dbt_prod.py
[2026-08-28T14:11:50.713+0000] {logging_mixin.py:190} INFO - [2026-08-28T14:11:50.713+0000] {dag.py:3239} INFO - Sync 1 DAGs
[2026-08-28T14:11:50.751+0000] {logging_mixin.py:190} INFO - [2026-08-28T14:11:50.751+0000] {dag.py:4180} INFO - Setting next_dagrun for airbyte_to_dbt_pipeline_prod to 2026-08-28 13:00:00+00:00, run_after=2026-08-28 14:00:00+00:00
[2026-08-28T14:11:50.779+0000] {processor.py:208} INFO - Processing /opt/airflow/dags/prod/airbyte_to_dbt_prod.py took 0.171 seconds
[2026-08-28T14:12:20.947+0000] {processor.py:186} INFO - Started process (PID=1947) to work on /opt/airflow/dags/prod/airbyte_to_dbt_prod.py
[2026-08-28T14:12:20.948+0000] {processor.py:914} INFO - Processing file /opt/airflow/dags/prod/airbyte_to_dbt_prod.py for tasks to queue
[2026-08-28T14:12:20.953+0000] {logging_mixin.py:190} INFO - [2026-08-28T14:12:20.953+0000] {dagbag.py:588} INFO - Filling up the DagBag from /opt/airflow/dags/prod/airbyte_to_dbt_prod.py
[2026-08-28T14:12:20.985+0000] {processor.py:925} INFO - DAG(s) 'airbyte_to_dbt_pipeline_prod' retrieved from /opt/airflow/dags/prod/airbyte_to_dbt_prod.py
[2026-08-28T14:12:21.038+0000] {logging_mixin.py:190} INFO - [2026-08-28T14:12:21.038+0000] {dag.py:3239} INFO - Sync 1 DAGs
[2026-08-28T14:12:21.091+0000] {logging_mixin.py:190} INFO - [2026-08-28T14:12:21.091+0000] {dag.py:4180} INFO - Setting next_dagrun for airbyte_to_dbt_pipeline_prod to 2026-08-28 13:00:00+00:00, run_after=2026-08-28 14:00:00+00:00
[2026-08-28T14:12:21.114+0000] {processor.py:208} INFO - Processing /opt/airflow/dags/prod/airbyte_to_dbt_prod.py took 0.180 seconds
[2026-08-28T14:12:51.274+0000] {processor.py:186} INFO - Started process (PID=1957) to work on /opt/airflow/dags/prod/airbyte_to_dbt_prod.py
[2026-08-28T14:12:51.275+0000] {processor.py:914} INFO - Processing file /opt/airflow/dags/prod/airbyte_to_dbt_prod.py for tasks to queue
[2026-08-28T14:12:51.279+0000] {logging_mixin.py:190} INFO - [2026-08-28T14:12:51.278+0000] {dagbag.py:588} INFO - Filling up the DagBag from /opt/airflow/dags/prod/airbyte_to_dbt_prod.py
[2026-08-28T14:12:51.309+0000] {processor.py:925} INFO - DAG(s) 'airbyte_to_dbt_pipeline_prod' retrieved from /opt/airflow/dags/prod/airbyte_to_dbt_prod.py
[2026-08-28T14:12:51.363+0000] {logging_mixin.py:190} INFO - [2026-08-28T14:12:51.363+0000] {dag.py:3239} INFO - Sync 1 DAGs
[2026-08-28T14:12:51.411+0000] {logging_mixin.py:190} INFO - [2026-08-28T14:12:51.410+0000] {dag.py:4180} INFO - Setting next_dagrun for airbyte_to_dbt_pipeline_prod to 2026-08-28 13:00:00+00:00, run_after=2026-08-28 14:00:00+00:00
[2026-08-28T14:12:51.437+0000] {processor.py:208} INFO - Processing /opt/airflow/dags/prod/airbyte_to_dbt_prod.py took 0.175 seconds
[2026-08-28T14:13:22.162+0000] {processor.py:186} INFO - Started process (PID=1967) to work on /opt/airflow/dags/prod/airbyte_to_dbt_prod.py
[2026-08-28T14:13:22.163+0000] {processor.py:914} INFO - Processing file /opt/airflow/dags/prod/airbyte_to_dbt_prod.py for tasks to queue
[2026-08-28T14:13:22.168+0000] {logging_mixin.py:190} INFO - [2026-08-28T14:13:22.168+0000] {dagbag.py:588} INFO - Filling up the DagBag from /opt/airflow/dags/prod/airbyte_to_dbt_prod.py
[2026-08-28T14:13:22.191+0000] {processor.py:925} INFO - DAG(s) 'airbyte_to_dbt_pipeline_prod' retrieved from /opt/airflow/dags/prod/airbyte_to_dbt_prod.py
[2026-08-28T14:13:22.241+0000] {logging_mixin.py:190} INFO - [2026-08-28T14:13:22.241+0000] {dag.py:3239} INFO - Sync 1 DAGs
[2026-08-28T14:13:22.283+0000] {logging_mixin.py:190} INFO - [2026-08-28T14:13:22.283+0000] {dag.py:4180} INFO - Setting next_dagrun for airbyte_to_dbt_pipeline_prod to 2026-08-28 13:00:00+00:00, run_after=2026-08-28 14:00:00+00:00
[2026-08-28T14:13:22.309+0000] {processor.py:208} INFO - Processing /opt/airflow/dags/prod/airbyte_to_dbt_prod.py took 0.156 seconds
[2026-08-28T14:13:52.484+0000] {processor.py:186} INFO - Started process (PID=1977) to work on /opt/airflow/dags/prod/airbyte_to_dbt_prod.py
[2026-08-28T14:13:52.485+0000] {processor.py:914} INFO - Processing file /opt/airflow/dags/prod/airbyte_to_dbt_prod.py for tasks to queue
[2026-08-28T14:13:52.489+0000] {logging_mixin.py:190} INFO - [2026-08-28T14:13:52.488+0000] {dagbag.py:588} INFO - Filling up the DagBag from /opt/airflow/dags/prod/airbyte_to_dbt_prod.py
[2026-08-28T14:13:52.511+0000] {processor.py:925} INFO - DAG(s) 'airbyte_to_dbt_pipeline_prod' retrieved from /opt/airflow/dags/prod/airbyte_to_dbt_prod.py
[2026-08-28T14:13:52.555+0000] {logging_mixin.py:190} INFO - [2026-08-28T14:13:52.555+0000] {dag.py:3239} INFO - Sync 1 DAGs
[2026-08-28T14:13:52.586+0000] {logging_mixin.py:190} INFO - [2026-08-28T14:13:52.586+0000] {dag.py:4180} INFO - Setting next_dagrun for airbyte_to_dbt_pipeline_prod to 2026-08-28 13:00:00+00:00, run_after=2026-08-28 14:00:00+00:00
[2026-08-28T14:13:52.617+0000] {processor.py:208} INFO - Processing /opt/airflow/dags/prod/airbyte_to_dbt_prod.py took 0.142 seconds
[2026-08-28T14:14:22.782+0000] {processor.py:186} INFO - Started process (PID=1987) to work on /opt/airflow/dags/prod/airbyte_to_dbt_prod.py
[2026-08-28T14:14:22.783+0000] {processor.py:914} INFO - Processing file /opt/airflow/dags/prod/airbyte_to_dbt_prod.py for tasks to queue
[2026-08-28T14:14:22.787+0000] {logging_mixin.py:190} INFO - [2026-08-28T14:14:22.786+0000] {dagbag.py:588} INFO - Filling up the DagBag from /opt/airflow/dags/prod/airbyte_to_dbt_prod.py
[2026-08-28T14:14:22.812+0000] {processor.py:925} INFO - DAG(s) 'airbyte_to_dbt_pipeline_prod' retrieved from /opt/airflow/dags/prod/airbyte_to_dbt_prod.py
[2026-08-28T14:14:22.862+0000] {logging_mixin.py:190} INFO - [2026-08-28T14:14:22.862+0000] {dag.py:3239} INFO - Sync 1 DAGs
[2026-08-28T14:14:22.896+0000] {logging_mixin.py:190} INFO - [2026-08-28T14:14:22.896+0000] {dag.py:4180} INFO - Setting next_dagrun for airbyte_to_dbt_pipeline_prod to 2026-08-28 13:00:00+00:00, run_after=2026-08-28 14:00:00+00:00
[2026-08-28T14:14:22.919+0000] {processor.py:208} INFO - Processing /opt/airflow/dags/prod/airbyte_to_dbt_prod.py took 0.145 seconds
[2026-08-28T14:14:53.077+0000] {processor.py:186} INFO - Started process (PID=1997) to work on /opt/airflow/dags/prod/airbyte_to_dbt_prod.py
[2026-08-28T14:14:53.078+0000] {processor.py:914} INFO - Processing file /opt/airflow/dags/prod/airbyte_to_dbt_prod.py for tasks to queue
[2026-08-28T14:14:53.083+0000] {logging_mixin.py:190} INFO - [2026-08-28T14:14:53.082+0000] {dagbag.py:588} INFO - Filling up the DagBag from /opt/airflow/dags/prod/airbyte_to_dbt_prod.py
[2026-08-28T14:14:53.113+0000] {processor.py:925} INFO - DAG(s) 'airbyte_to_dbt_pipeline_prod' retrieved from /opt/airflow/dags/prod/airbyte_to_dbt_prod.py
[2026-08-28T14:14:53.155+0000] {logging_mixin.py:190} INFO - [2026-08-28T14:14:53.155+0000] {dag.py:3239} INFO - Sync 1 DAGs
[2026-08-28T14:14:53.188+0000] {logging_mixin.py:190} INFO - [2026-08-28T14:14:53.188+0000] {dag.py:4180} INFO - Setting next_dagrun for airbyte_to_dbt_pipeline_prod to 2026-08-28 13:00:00+00:00, run_after=2026-08-28 14:00:00+00:00
[2026-08-28T14:14:53.214+0000] {processor.py:208} INFO - Processing /opt/airflow/dags/prod/airbyte_to_dbt_prod.py took 0.149 seconds
[2026-08-28T14:15:23.382+0000] {processor.py:186} INFO - Started process (PID=2007) to work on /opt/airflow/dags/prod/airbyte_to_dbt_prod.py
[2026-08-28T14:15:23.384+0000] {processor.py:914} INFO - Processing file /opt/airflow/dags/prod/airbyte_to_dbt_prod.py for tasks to queue
[2026-08-28T14:15:23.388+0000] {logging_mixin.py:190} INFO - [2026-08-28T14:15:23.387+0000] {dagbag.py:588} INFO - Filling up the DagBag from /opt/airflow/dags/prod/airbyte_to_dbt_prod.py
[2026-08-28T14:15:23.417+0000] {processor.py:925} INFO - DAG(s) 'airbyte_to_dbt_pipeline_prod' retrieved from /opt/airflow/dags/prod/airbyte_to_dbt_prod.py
[2026-08-28T14:15:23.471+0000] {logging_mixin.py:190} INFO - [2026-08-28T14:15:23.471+0000] {dag.py:3239} INFO - Sync 1 DAGs
[2026-08-28T14:15:23.508+0000] {logging_mixin.py:190} INFO - [2026-08-28T14:15:23.508+0000] {dag.py:4180} INFO - Setting next_dagrun for airbyte_to_dbt_pipeline_prod to 2026-08-28 13:00:00+00:00, run_after=2026-08-28 14:00:00+00:00
[2026-08-28T14:15:23.532+0000] {processor.py:208} INFO - Processing /opt/airflow/dags/prod/airbyte_to_dbt_prod.py took 0.161 seconds
[2026-08-28T14:15:53.697+0000] {processor.py:186} INFO - Started process (PID=2017) to work on /opt/airflow/dags/prod/airbyte_to_dbt_prod.py
[2026-08-28T14:15:53.698+0000] {processor.py:914} INFO - Processing file /opt/airflow/dags/prod/airbyte_to_dbt_prod.py for tasks to queue
[2026-08-28T14:15:53.702+0000] {logging_mixin.py:190} INFO - [2026-08-28T14:15:53.701+0000] {dagbag.py:588} INFO - Filling up the DagBag from /opt/airflow/dags/prod/airbyte_to_dbt_prod.py
[2026-08-28T14:15:53.724+0000] {processor.py:925} INFO - DAG(s) 'airbyte_to_dbt_pipeline_prod' retrieved from /opt/airflow/dags/prod/airbyte_to_dbt_prod.py
[2026-08-28T14:15:53.774+0000] {logging_mixin.py:190} INFO - [2026-08-28T14:15:53.773+0000] {dag.py:3239} INFO - Sync 1 DAGs
[2026-08-28T14:15:53.811+0000] {logging_mixin.py:190} INFO - [2026-08-28T14:15:53.811+0000] {dag.py:4180} INFO - Setting next_dagrun for airbyte_to_dbt_pipeline_prod to 2026-08-28 13:00:00+00:00, run_after=2026-08-28 14:00:00+00:00
[2026-08-28T14:15:53.835+0000] {processor.py:208} INFO - Processing /opt/airflow/dags/prod/airbyte_to_dbt_prod.py took 0.147 seconds
[2026-08-28T14:16:23.998+0000] {processor.py:186} INFO - Started process (PID=2027) to work on /opt/airflow/dags/prod/airbyte_to_dbt_prod.py
[2026-08-28T14:16:23.999+0000] {processor.py:914} INFO - Processing file /opt/airflow/dags/prod/airbyte_to_dbt_prod.py for tasks to queue
[2026-08-28T14:16:24.002+0000] {logging_mixin.py:190} INFO - [2026-08-28T14:16:24.002+0000] {dagbag.py:588} INFO - Filling up the DagBag from /opt/airflow/dags/prod/airbyte_to_dbt_prod.py
[2026-08-28T14:16:24.029+0000] {processor.py:925} INFO - DAG(s) 'airbyte_to_dbt_pipeline_prod' retrieved from /opt/airflow/dags/prod/airbyte_to_dbt_prod.py
[2026-08-28T14:16:24.068+0000] {logging_mixin.py:190} INFO - [2026-08-28T14:16:24.068+0000] {dag.py:3239} INFO - Sync 1 DAGs
[2026-08-28T14:16:24.097+0000] {logging_mixin.py:190} INFO - [2026-08-28T14:16:24.097+0000] {dag.py:4180} INFO - Setting next_dagrun for airbyte_to_dbt_pipeline_prod to 2026-08-28 13:00:00+00:00, run_after=2026-08-28 14:00:00+00:00
[2026-08-28T14:16:24.121+0000] {processor.py:208} INFO - Processing /opt/airflow/dags/prod/airbyte_to_dbt_prod.py took 0.132 seconds
[2026-08-28T14:16:54.285+0000] {processor.py:186} INFO - Started process (PID=2037) to work on /opt/airflow/dags/prod/airbyte_to_dbt_prod.py
[2026-08-28T14:16:54.286+0000] {processor.py:914} INFO - Processing file /opt/airflow/dags/prod/airbyte_to_dbt_prod.py for tasks to queue
[2026-08-28T14:16:54.290+0000] {logging_mixin.py:190} INFO - [2026-08-28T14:16:54.290+0000] {dagbag.py:588} INFO - Filling up the DagBag from /opt/airflow/dags/prod/airbyte_to_dbt_prod.py
[2026-08-28T14:16:54.311+0000] {processor.py:925} INFO - DAG(s) 'airbyte_to_dbt_pipeline_prod' retrieved from /opt/airflow/dags/prod/airbyte_to_dbt_prod.py
[2026-08-28T14:16:54.362+0000] {logging_mixin.py:190} INFO - [2026-08-28T14:16:54.361+0000] {dag.py:3239} INFO - Sync 1 DAGs
[2026-08-28T14:16:54.392+0000] {logging_mixin.py:190} INFO - [2026-08-28T14:16:54.392+0000] {dag.py:4180} INFO - Setting next_dagrun for airbyte_to_dbt_pipeline_prod to 2026-08-28 13:00:00+00:00, run_after=2026-08-28 14:00:00+00:00
[2026-08-28T14:16:54.418+0000] {processor.py:208} INFO - Processing /opt/airflow/dags/prod/airbyte_to_dbt_prod.py took 0.142 seconds
[2026-08-28T14:17:24.586+0000] {processor.py:186} INFO - Started process (PID=2047) to work on /opt/airflow/dags/prod/airbyte_to_dbt_prod.py
[2026-08-28T14:17:24.587+0000] {processor.py:914} INFO - Processing file /opt/airflow/dags/prod/airbyte_to_dbt_prod.py for tasks to queue
[2026-08-28T14:17:24.591+0000] {logging_mixin.py:190} INFO - [2026-08-28T14:17:24.591+0000] {dagbag.py:588} INFO - Filling up the DagBag from /opt/airflow/dags/prod/airbyte_to_dbt_prod.py
[2026-08-28T14:17:24.622+0000] {processor.py:925} INFO - DAG(s) 'airbyte_to_dbt_pipeline_prod' retrieved from /opt/airflow/dags/prod/airbyte_to_dbt_prod.py
[2026-08-28T14:17:24.669+0000] {logging_mixin.py:190} INFO - [2026-08-28T14:17:24.669+0000] {dag.py:3239} INFO - Sync 1 DAGs
[2026-08-28T14:17:24.702+0000] {logging_mixin.py:190} INFO - [2026-08-28T14:17:24.702+0000] {dag.py:4180} INFO - Setting next_dagrun for airbyte_to_dbt_pipeline_prod to 2026-08-28 13:00:00+00:00, run_after=2026-08-28 14:00:00+00:00
[2026-08-28T14:17:24.725+0000] {processor.py:208} INFO - Processing /opt/airflow/dags/prod/airbyte_to_dbt_prod.py took 0.149 seconds
[2026-08-28T14:17:54.886+0000] {processor.py:186} INFO - Started process (PID=2057) to work on /opt/airflow/dags/prod/airbyte_to_dbt_prod.py
[2026-08-28T14:17:54.890+0000] {processor.py:914} INFO - Processing file /opt/airflow/dags/prod/airbyte_to_dbt_prod.py for tasks to queue
[2026-08-28T14:17:54.894+0000] {logging_mixin.py:190} INFO - [2026-08-28T14:17:54.894+0000] {dagbag.py:588} INFO - Filling up the DagBag from /opt/airflow/dags/prod/airbyte_to_dbt_prod.py
[2026-08-28T14:17:54.919+0000] {processor.py:925} INFO - DAG(s) 'airbyte_to_dbt_pipeline_prod' retrieved from /opt/airflow/dags/prod/airbyte_to_dbt_prod.py
[2026-08-28T14:17:54.963+0000] {logging_mixin.py:190} INFO - [2026-08-28T14:17:54.963+0000] {dag.py:3239} INFO - Sync 1 DAGs
[2026-08-28T14:17:55.001+0000] {logging_mixin.py:190} INFO - [2026-08-28T14:17:55.001+0000] {dag.py:4180} INFO - Setting next_dagrun for airbyte_to_dbt_pipeline_prod to 2026-08-28 13:00:00+00:00, run_after=2026-08-28 14:00:00+00:00
[2026-08-28T14:17:55.037+0000] {processor.py:208} INFO - Processing /opt/airflow/dags/prod/airbyte_to_dbt_prod.py took 0.159 seconds
[2026-08-28T14:18:25.219+0000] {processor.py:186} INFO - Started process (PID=2067) to work on /opt/airflow/dags/prod/airbyte_to_dbt_prod.py
[2026-08-28T14:18:25.220+0000] {processor.py:914} INFO - Processing file /opt/airflow/dags/prod/airbyte_to_dbt_prod.py for tasks to queue
[2026-08-28T14:18:25.225+0000] {logging_mixin.py:190} INFO - [2026-08-28T14:18:25.224+0000] {dagbag.py:588} INFO - Filling up the DagBag from /opt/airflow/dags/prod/airbyte_to_dbt_prod.py
[2026-08-28T14:18:25.254+0000] {processor.py:925} INFO - DAG(s) 'airbyte_to_dbt_pipeline_prod' retrieved from /opt/airflow/dags/prod/airbyte_to_dbt_prod.py
[2026-08-28T14:18:25.297+0000] {logging_mixin.py:190} INFO - [2026-08-28T14:18:25.296+0000] {dag.py:3239} INFO - Sync 1 DAGs
[2026-08-28T14:18:25.327+0000] {logging_mixin.py:190} INFO - [2026-08-28T14:18:25.327+0000] {dag.py:4180} INFO - Setting next_dagrun for airbyte_to_dbt_pipeline_prod to 2026-08-28 13:00:00+00:00, run_after=2026-08-28 14:00:00+00:00
[2026-08-28T14:18:25.351+0000] {processor.py:208} INFO - Processing /opt/airflow/dags/prod/airbyte_to_dbt_prod.py took 0.145 seconds
[2026-08-28T14:18:55.519+0000] {processor.py:186} INFO - Started process (PID=2077) to work on /opt/airflow/dags/prod/airbyte_to_dbt_prod.py
[2026-08-28T14:18:55.521+0000] {processor.py:914} INFO - Processing file /opt/airflow/dags/prod/airbyte_to_dbt_prod.py for tasks to queue
[2026-08-28T14:18:55.524+0000] {logging_mixin.py:190} INFO - [2026-08-28T14:18:55.523+0000] {dagbag.py:588} INFO - Filling up the DagBag from /opt/airflow/dags/prod/airbyte_to_dbt_prod.py
[2026-08-28T14:18:55.548+0000] {processor.py:925} INFO - DAG(s) 'airbyte_to_dbt_pipeline_prod' retrieved from /opt/airflow/dags/prod/airbyte_to_dbt_prod.py
[2026-08-28T14:18:55.589+0000] {logging_mixin.py:190} INFO - [2026-08-28T14:18:55.589+0000] {dag.py:3239} INFO - Sync 1 DAGs
[2026-08-28T14:18:55.620+0000] {logging_mixin.py:190} INFO - [2026-08-28T14:18:55.620+0000] {dag.py:4180} INFO - Setting next_dagrun for airbyte_to_dbt_pipeline_prod to 2026-08-28 13:00:00+00:00, run_after=2026-08-28 14:00:00+00:00
[2026-08-28T14:18:55.646+0000] {processor.py:208} INFO - Processing /opt/airflow/dags/prod/airbyte_to_dbt_prod.py took 0.135 seconds
[2026-08-28T14:19:25.815+0000] {processor.py:186} INFO - Started process (PID=2087) to work on /opt/airflow/dags/prod/airbyte_to_dbt_prod.py
[2026-08-28T14:19:25.816+0000] {processor.py:914} INFO - Processing file /opt/airflow/dags/prod/airbyte_to_dbt_prod.py for tasks to queue
[2026-08-28T14:19:25.819+0000] {logging_mixin.py:190} INFO - [2026-08-28T14:19:25.819+0000] {dagbag.py:588} INFO - Filling up the DagBag from /opt/airflow/dags/prod/airbyte_to_dbt_prod.py
[2026-08-28T14:19:25.841+0000] {processor.py:925} INFO - DAG(s) 'airbyte_to_dbt_pipeline_prod' retrieved from /opt/airflow/dags/prod/airbyte_to_dbt_prod.py
[2026-08-28T14:19:25.887+0000] {logging_mixin.py:190} INFO - [2026-08-28T14:19:25.886+0000] {dag.py:3239} INFO - Sync 1 DAGs
[2026-08-28T14:19:25.924+0000] {logging_mixin.py:190} INFO - [2026-08-28T14:19:25.923+0000] {dag.py:4180} INFO - Setting next_dagrun for airbyte_to_dbt_pipeline_prod to 2026-08-28 13:00:00+00:00, run_after=2026-08-28 14:00:00+00:00
[2026-08-28T14:19:25.950+0000] {processor.py:208} INFO - Processing /opt/airflow/dags/prod/airbyte_to_dbt_prod.py took 0.144 seconds
[2026-08-28T14:19:56.111+0000] {processor.py:186} INFO - Started process (PID=2097) to work on /opt/airflow/dags/prod/airbyte_to_dbt_prod.py
[2026-08-28T14:19:56.112+0000] {processor.py:914} INFO - Processing file /opt/airflow/dags/prod/airbyte_to_dbt_prod.py for tasks to queue
[2026-08-28T14:19:56.116+0000] {logging_mixin.py:190} INFO - [2026-08-28T14:19:56.115+0000] {dagbag.py:588} INFO - Filling up the DagBag from /opt/airflow/dags/prod/airbyte_to_dbt_prod.py
[2026-08-28T14:19:56.143+0000] {processor.py:925} INFO - DAG(s) 'airbyte_to_dbt_pipeline_prod' retrieved from /opt/airflow/dags/prod/airbyte_to_dbt_prod.py
[2026-08-28T14:19:56.194+0000] {logging_mixin.py:190} INFO - [2026-08-28T14:19:56.193+0000] {dag.py:3239} INFO - Sync 1 DAGs
[2026-08-28T14:19:56.232+0000] {logging_mixin.py:190} INFO - [2026-08-28T14:19:56.232+0000] {dag.py:4180} INFO - Setting next_dagrun for airbyte_to_dbt_pipeline_prod to 2026-08-28 13:00:00+00:00, run_after=2026-08-28 14:00:00+00:00
[2026-08-28T14:19:56.256+0000] {processor.py:208} INFO - Processing /opt/airflow/dags/prod/airbyte_to_dbt_prod.py took 0.154 seconds
[2026-08-28T14:20:26.410+0000] {processor.py:186} INFO - Started process (PID=2107) to work on /opt/airflow/dags/prod/airbyte_to_dbt_prod.py
[2026-08-28T14:20:26.411+0000] {processor.py:914} INFO - Processing file /opt/airflow/dags/prod/airbyte_to_dbt_prod.py for tasks to queue
[2026-08-28T14:20:26.415+0000] {logging_mixin.py:190} INFO - [2026-08-28T14:20:26.414+0000] {dagbag.py:588} INFO - Filling up the DagBag from /opt/airflow/dags/prod/airbyte_to_dbt_prod.py
[2026-08-28T14:20:26.442+0000] {processor.py:925} INFO - DAG(s) 'airbyte_to_dbt_pipeline_prod' retrieved from /opt/airflow/dags/prod/airbyte_to_dbt_prod.py
[2026-08-28T14:20:26.483+0000] {logging_mixin.py:190} INFO - [2026-08-28T14:20:26.483+0000] {dag.py:3239} INFO - Sync 1 DAGs
[2026-08-28T14:20:26.517+0000] {logging_mixin.py:190} INFO - [2026-08-28T14:20:26.516+0000] {dag.py:4180} INFO - Setting next_dagrun for airbyte_to_dbt_pipeline_prod to 2026-08-28 13:00:00+00:00, run_after=2026-08-28 14:00:00+00:00
[2026-08-28T14:20:26.542+0000] {processor.py:208} INFO - Processing /opt/airflow/dags/prod/airbyte_to_dbt_prod.py took 0.142 seconds
[2026-08-28T14:20:56.727+0000] {processor.py:186} INFO - Started process (PID=2117) to work on /opt/airflow/dags/prod/airbyte_to_dbt_prod.py
[2026-08-28T14:20:56.729+0000] {processor.py:914} INFO - Processing file /opt/airflow/dags/prod/airbyte_to_dbt_prod.py for tasks to queue
[2026-08-28T14:20:56.733+0000] {logging_mixin.py:190} INFO - [2026-08-28T14:20:56.732+0000] {dagbag.py:588} INFO - Filling up the DagBag from /opt/airflow/dags/prod/airbyte_to_dbt_prod.py
[2026-08-28T14:20:56.763+0000] {processor.py:925} INFO - DAG(s) 'airbyte_to_dbt_pipeline_prod' retrieved from /opt/airflow/dags/prod/airbyte_to_dbt_prod.py
[2026-08-28T14:20:56.809+0000] {logging_mixin.py:190} INFO - [2026-08-28T14:20:56.808+0000] {dag.py:3239} INFO - Sync 1 DAGs
[2026-08-28T14:20:56.844+0000] {logging_mixin.py:190} INFO - [2026-08-28T14:20:56.844+0000] {dag.py:4180} INFO - Setting next_dagrun for airbyte_to_dbt_pipeline_prod to 2026-08-28 13:00:00+00:00, run_after=2026-08-28 14:00:00+00:00
[2026-08-28T14:20:56.869+0000] {processor.py:208} INFO - Processing /opt/airflow/dags/prod/airbyte_to_dbt_prod.py took 0.153 seconds
[2026-08-28T14:21:27.039+0000] {processor.py:186} INFO - Started process (PID=2127) to work on /opt/airflow/dags/prod/airbyte_to_dbt_prod.py
[2026-08-28T14:21:27.041+0000] {processor.py:914} INFO - Processing file /opt/airflow/dags/prod/airbyte_to_dbt_prod.py for tasks to queue
[2026-08-28T14:21:27.045+0000] {logging_mixin.py:190} INFO - [2026-08-28T14:21:27.044+0000] {dagbag.py:588} INFO - Filling up the DagBag from /opt/airflow/dags/prod/airbyte_to_dbt_prod.py
[2026-08-28T14:21:27.074+0000] {processor.py:925} INFO - DAG(s) 'airbyte_to_dbt_pipeline_prod' retrieved from /opt/airflow/dags/prod/airbyte_to_dbt_prod.py
[2026-08-28T14:21:27.124+0000] {logging_mixin.py:190} INFO - [2026-08-28T14:21:27.124+0000] {dag.py:3239} INFO - Sync 1 DAGs
[2026-08-28T14:21:27.165+0000] {logging_mixin.py:190} INFO - [2026-08-28T14:21:27.165+0000] {dag.py:4180} INFO - Setting next_dagrun for airbyte_to_dbt_pipeline_prod to 2026-08-28 13:00:00+00:00, run_after=2026-08-28 14:00:00+00:00
[2026-08-28T14:21:27.190+0000] {processor.py:208} INFO - Processing /opt/airflow/dags/prod/airbyte_to_dbt_prod.py took 0.162 seconds
[2026-08-28T14:21:57.366+0000] {processor.py:186} INFO - Started process (PID=2137) to work on /opt/airflow/dags/prod/airbyte_to_dbt_prod.py
[2026-08-28T14:21:57.368+0000] {processor.py:914} INFO - Processing file /opt/airflow/dags/prod/airbyte_to_dbt_prod.py for tasks to queue
[2026-08-28T14:21:57.372+0000] {logging_mixin.py:190} INFO - [2026-08-28T14:21:57.371+0000] {dagbag.py:588} INFO - Filling up the DagBag from /opt/airflow/dags/prod/airbyte_to_dbt_prod.py
[2026-08-28T14:21:57.402+0000] {processor.py:925} INFO - DAG(s) 'airbyte_to_dbt_pipeline_prod' retrieved from /opt/airflow/dags/prod/airbyte_to_dbt_prod.py
[2026-08-28T14:21:57.453+0000] {logging_mixin.py:190} INFO - [2026-08-28T14:21:57.452+0000] {dag.py:3239} INFO - Sync 1 DAGs
[2026-08-28T14:21:57.489+0000] {logging_mixin.py:190} INFO - [2026-08-28T14:21:57.489+0000] {dag.py:4180} INFO - Setting next_dagrun for airbyte_to_dbt_pipeline_prod to 2026-08-28 13:00:00+00:00, run_after=2026-08-28 14:00:00+00:00
[2026-08-28T14:21:57.512+0000] {processor.py:208} INFO - Processing /opt/airflow/dags/prod/airbyte_to_dbt_prod.py took 0.157 seconds
[2026-08-28T14:22:27.684+0000] {processor.py:186} INFO - Started process (PID=2147) to work on /opt/airflow/dags/prod/airbyte_to_dbt_prod.py
[2026-08-28T14:22:27.685+0000] {processor.py:914} INFO - Processing file /opt/airflow/dags/prod/airbyte_to_dbt_prod.py for tasks to queue
[2026-08-28T14:22:27.690+0000] {logging_mixin.py:190} INFO - [2026-08-28T14:22:27.689+0000] {dagbag.py:588} INFO - Filling up the DagBag from /opt/airflow/dags/prod/airbyte_to_dbt_prod.py
[2026-08-28T14:22:27.720+0000] {processor.py:925} INFO - DAG(s) 'airbyte_to_dbt_pipeline_prod' retrieved from /opt/airflow/dags/prod/airbyte_to_dbt_prod.py
[2026-08-28T14:22:27.774+0000] {logging_mixin.py:190} INFO - [2026-08-28T14:22:27.774+0000] {dag.py:3239} INFO - Sync 1 DAGs
[2026-08-28T14:22:27.815+0000] {logging_mixin.py:190} INFO - [2026-08-28T14:22:27.815+0000] {dag.py:4180} INFO - Setting next_dagrun for airbyte_to_dbt_pipeline_prod to 2026-08-28 13:00:00+00:00, run_after=2026-08-28 14:00:00+00:00
[2026-08-28T14:22:27.838+0000] {processor.py:208} INFO - Processing /opt/airflow/dags/prod/airbyte_to_dbt_prod.py took 0.166 seconds
[2026-08-28T14:22:58.006+0000] {processor.py:186} INFO - Started process (PID=2157) to work on /opt/airflow/dags/prod/airbyte_to_dbt_prod.py
[2026-08-28T14:22:58.007+0000] {processor.py:914} INFO - Processing file /opt/airflow/dags/prod/airbyte_to_dbt_prod.py for tasks to queue
[2026-08-28T14:22:58.012+0000] {logging_mixin.py:190} INFO - [2026-08-28T14:22:58.011+0000] {dagbag.py:588} INFO - Filling up the DagBag from /opt/airflow/dags/prod/airbyte_to_dbt_prod.py
[2026-08-28T14:22:58.040+0000] {processor.py:925} INFO - DAG(s) 'airbyte_to_dbt_pipeline_prod' retrieved from /opt/airflow/dags/prod/airbyte_to_dbt_prod.py
[2026-08-28T14:22:58.079+0000] {logging_mixin.py:190} INFO - [2026-08-28T14:22:58.079+0000] {dag.py:3239} INFO - Sync 1 DAGs
[2026-08-28T14:22:58.112+0000] {logging_mixin.py:190} INFO - [2026-08-28T14:22:58.112+0000] {dag.py:4180} INFO - Setting next_dagrun for airbyte_to_dbt_pipeline_prod to 2026-08-28 13:00:00+00:00, run_after=2026-08-28 14:00:00+00:00
[2026-08-28T14:22:58.139+0000] {processor.py:208} INFO - Processing /opt/airflow/dags/prod/airbyte_to_dbt_prod.py took 0.145 seconds
[2026-08-28T14:23:28.305+0000] {processor.py:186} INFO - Started process (PID=2167) to work on /opt/airflow/dags/prod/airbyte_to_dbt_prod.py
[2026-08-28T14:23:28.306+0000] {processor.py:914} INFO - Processing file /opt/airflow/dags/prod/airbyte_to_dbt_prod.py for tasks to queue
[2026-08-28T14:23:28.309+0000] {logging_mixin.py:190} INFO - [2026-08-28T14:23:28.309+0000] {dagbag.py:588} INFO - Filling up the DagBag from /opt/airflow/dags/prod/airbyte_to_dbt_prod.py
[2026-08-28T14:23:28.334+0000] {processor.py:925} INFO - DAG(s) 'airbyte_to_dbt_pipeline_prod' retrieved from /opt/airflow/dags/prod/airbyte_to_dbt_prod.py
[2026-08-28T14:23:28.373+0000] {logging_mixin.py:190} INFO - [2026-08-28T14:23:28.373+0000] {dag.py:3239} INFO - Sync 1 DAGs
[2026-08-28T14:23:28.403+0000] {logging_mixin.py:190} INFO - [2026-08-28T14:23:28.402+0000] {dag.py:4180} INFO - Setting next_dagrun for airbyte_to_dbt_pipeline_prod to 2026-08-28 13:00:00+00:00, run_after=2026-08-28 14:00:00+00:00
[2026-08-28T14:23:28.427+0000] {processor.py:208} INFO - Processing /opt/airflow/dags/prod/airbyte_to_dbt_prod.py took 0.132 seconds
[2026-08-28T14:37:02.307+0000] {processor.py:186} INFO - Started process (PID=2177) to work on /opt/airflow/dags/prod/airbyte_to_dbt_prod.py
[2026-08-28T14:37:02.315+0000] {processor.py:914} INFO - Processing file /opt/airflow/dags/prod/airbyte_to_dbt_prod.py for tasks to queue
[2026-08-28T14:37:02.319+0000] {logging_mixin.py:190} INFO - [2026-08-28T14:37:02.318+0000] {dagbag.py:588} INFO - Filling up the DagBag from /opt/airflow/dags/prod/airbyte_to_dbt_prod.py
[2026-08-28T14:37:02.352+0000] {processor.py:925} INFO - DAG(s) 'airbyte_to_dbt_pipeline_prod' retrieved from /opt/airflow/dags/prod/airbyte_to_dbt_prod.py
[2026-08-28T14:37:02.417+0000] {logging_mixin.py:190} INFO - [2026-08-28T14:37:02.416+0000] {dag.py:3239} INFO - Sync 1 DAGs
[2026-08-28T14:37:02.492+0000] {logging_mixin.py:190} INFO - [2026-08-28T14:37:02.492+0000] {dag.py:4180} INFO - Setting next_dagrun for airbyte_to_dbt_pipeline_prod to 2026-08-28 13:00:00+00:00, run_after=2026-08-28 14:00:00+00:00
[2026-08-28T14:37:02.726+0000] {processor.py:208} INFO - Processing /opt/airflow/dags/prod/airbyte_to_dbt_prod.py took 0.431 seconds
[2026-08-28T14:37:32.809+0000] {processor.py:186} INFO - Started process (PID=2187) to work on /opt/airflow/dags/prod/airbyte_to_dbt_prod.py
[2026-08-28T14:37:32.810+0000] {processor.py:914} INFO - Processing file /opt/airflow/dags/prod/airbyte_to_dbt_prod.py for tasks to queue
[2026-08-28T14:37:32.813+0000] {logging_mixin.py:190} INFO - [2026-08-28T14:37:32.812+0000] {dagbag.py:588} INFO - Filling up the DagBag from /opt/airflow/dags/prod/airbyte_to_dbt_prod.py
[2026-08-28T14:37:32.837+0000] {processor.py:925} INFO - DAG(s) 'airbyte_to_dbt_pipeline_prod' retrieved from /opt/airflow/dags/prod/airbyte_to_dbt_prod.py
[2026-08-28T14:37:32.883+0000] {logging_mixin.py:190} INFO - [2026-08-28T14:37:32.882+0000] {dag.py:3239} INFO - Sync 1 DAGs
[2026-08-28T14:37:32.918+0000] {logging_mixin.py:190} INFO - [2026-08-28T14:37:32.918+0000] {dag.py:4180} INFO - Setting next_dagrun for airbyte_to_dbt_pipeline_prod to 2026-08-28 13:00:00+00:00, run_after=2026-08-28 14:00:00+00:00
[2026-08-28T14:37:32.941+0000] {processor.py:208} INFO - Processing /opt/airflow/dags/prod/airbyte_to_dbt_prod.py took 0.142 seconds
[2026-08-28T14:38:03.109+0000] {processor.py:186} INFO - Started process (PID=2197) to work on /opt/airflow/dags/prod/airbyte_to_dbt_prod.py
[2026-08-28T14:38:03.110+0000] {processor.py:914} INFO - Processing file /opt/airflow/dags/prod/airbyte_to_dbt_prod.py for tasks to queue
[2026-08-28T14:38:03.113+0000] {logging_mixin.py:190} INFO - [2026-08-28T14:38:03.113+0000] {dagbag.py:588} INFO - Filling up the DagBag from /opt/airflow/dags/prod/airbyte_to_dbt_prod.py
[2026-08-28T14:38:03.134+0000] {processor.py:925} INFO - DAG(s) 'airbyte_to_dbt_pipeline_prod' retrieved from /opt/airflow/dags/prod/airbyte_to_dbt_prod.py
[2026-08-28T14:38:03.175+0000] {logging_mixin.py:190} INFO - [2026-08-28T14:38:03.174+0000] {dag.py:3239} INFO - Sync 1 DAGs
[2026-08-28T14:38:03.208+0000] {logging_mixin.py:190} INFO - [2026-08-28T14:38:03.208+0000] {dag.py:4180} INFO - Setting next_dagrun for airbyte_to_dbt_pipeline_prod to 2026-08-28 13:00:00+00:00, run_after=2026-08-28 14:00:00+00:00
[2026-08-28T14:38:03.237+0000] {processor.py:208} INFO - Processing /opt/airflow/dags/prod/airbyte_to_dbt_prod.py took 0.138 seconds
[2026-08-28T14:38:33.402+0000] {processor.py:186} INFO - Started process (PID=2207) to work on /opt/airflow/dags/prod/airbyte_to_dbt_prod.py
[2026-08-28T14:38:33.403+0000] {processor.py:914} INFO - Processing file /opt/airflow/dags/prod/airbyte_to_dbt_prod.py for tasks to queue
[2026-08-28T14:38:33.406+0000] {logging_mixin.py:190} INFO - [2026-08-28T14:38:33.406+0000] {dagbag.py:588} INFO - Filling up the DagBag from /opt/airflow/dags/prod/airbyte_to_dbt_prod.py
[2026-08-28T14:38:33.428+0000] {processor.py:925} INFO - DAG(s) 'airbyte_to_dbt_pipeline_prod' retrieved from /opt/airflow/dags/prod/airbyte_to_dbt_prod.py
[2026-08-28T14:38:33.486+0000] {logging_mixin.py:190} INFO - [2026-08-28T14:38:33.486+0000] {dag.py:3239} INFO - Sync 1 DAGs
[2026-08-28T14:38:33.519+0000] {logging_mixin.py:190} INFO - [2026-08-28T14:38:33.519+0000] {dag.py:4180} INFO - Setting next_dagrun for airbyte_to_dbt_pipeline_prod to 2026-08-28 13:00:00+00:00, run_after=2026-08-28 14:00:00+00:00
[2026-08-28T14:38:33.545+0000] {processor.py:208} INFO - Processing /opt/airflow/dags/prod/airbyte_to_dbt_prod.py took 0.152 seconds
[2026-08-28T14:39:03.705+0000] {processor.py:186} INFO - Started process (PID=2217) to work on /opt/airflow/dags/prod/airbyte_to_dbt_prod.py
[2026-08-28T14:39:03.706+0000] {processor.py:914} INFO - Processing file /opt/airflow/dags/prod/airbyte_to_dbt_prod.py for tasks to queue
[2026-08-28T14:39:03.709+0000] {logging_mixin.py:190} INFO - [2026-08-28T14:39:03.709+0000] {dagbag.py:588} INFO - Filling up the DagBag from /opt/airflow/dags/prod/airbyte_to_dbt_prod.py
[2026-08-28T14:39:03.736+0000] {processor.py:925} INFO - DAG(s) 'airbyte_to_dbt_pipeline_prod' retrieved from /opt/airflow/dags/prod/airbyte_to_dbt_prod.py
[2026-08-28T14:39:03.788+0000] {logging_mixin.py:190} INFO - [2026-08-28T14:39:03.788+0000] {dag.py:3239} INFO - Sync 1 DAGs
[2026-08-28T14:39:03.823+0000] {logging_mixin.py:190} INFO - [2026-08-28T14:39:03.823+0000] {dag.py:4180} INFO - Setting next_dagrun for airbyte_to_dbt_pipeline_prod to 2026-08-28 13:00:00+00:00, run_after=2026-08-28 14:00:00+00:00
[2026-08-28T14:39:03.848+0000] {processor.py:208} INFO - Processing /opt/airflow/dags/prod/airbyte_to_dbt_prod.py took 0.152 seconds
[2026-08-28T14:39:34.011+0000] {processor.py:186} INFO - Started process (PID=2227) to work on /opt/airflow/dags/prod/airbyte_to_dbt_prod.py
[2026-08-28T14:39:34.013+0000] {processor.py:914} INFO - Processing file /opt/airflow/dags/prod/airbyte_to_dbt_prod.py for tasks to queue
[2026-08-28T14:39:34.017+0000] {logging_mixin.py:190} INFO - [2026-08-28T14:39:34.017+0000] {dagbag.py:588} INFO - Filling up the DagBag from /opt/airflow/dags/prod/airbyte_to_dbt_prod.py
[2026-08-28T14:39:34.046+0000] {processor.py:925} INFO - DAG(s) 'airbyte_to_dbt_pipeline_prod' retrieved from /opt/airflow/dags/prod/airbyte_to_dbt_prod.py
[2026-08-28T14:39:34.091+0000] {logging_mixin.py:190} INFO - [2026-08-28T14:39:34.091+0000] {dag.py:3239} INFO - Sync 1 DAGs
[2026-08-28T14:39:34.124+0000] {logging_mixin.py:190} INFO - [2026-08-28T14:39:34.124+0000] {dag.py:4180} INFO - Setting next_dagrun for airbyte_to_dbt_pipeline_prod to 2026-08-28 13:00:00+00:00, run_after=2026-08-28 14:00:00+00:00
[2026-08-28T14:39:34.148+0000] {processor.py:208} INFO - Processing /opt/airflow/dags/prod/airbyte_to_dbt_prod.py took 0.148 seconds
[2026-08-28T14:40:04.306+0000] {processor.py:186} INFO - Started process (PID=2237) to work on /opt/airflow/dags/prod/airbyte_to_dbt_prod.py
[2026-08-28T14:40:04.307+0000] {processor.py:914} INFO - Processing file /opt/airflow/dags/prod/airbyte_to_dbt_prod.py for tasks to queue
[2026-08-28T14:40:04.312+0000] {logging_mixin.py:190} INFO - [2026-08-28T14:40:04.311+0000] {dagbag.py:588} INFO - Filling up the DagBag from /opt/airflow/dags/prod/airbyte_to_dbt_prod.py
[2026-08-28T14:40:04.338+0000] {processor.py:925} INFO - DAG(s) 'airbyte_to_dbt_pipeline_prod' retrieved from /opt/airflow/dags/prod/airbyte_to_dbt_prod.py
[2026-08-28T14:40:04.387+0000] {logging_mixin.py:190} INFO - [2026-08-28T14:40:04.387+0000] {dag.py:3239} INFO - Sync 1 DAGs
[2026-08-28T14:40:04.423+0000] {logging_mixin.py:190} INFO - [2026-08-28T14:40:04.423+0000] {dag.py:4180} INFO - Setting next_dagrun for airbyte_to_dbt_pipeline_prod to 2026-08-28 13:00:00+00:00, run_after=2026-08-28 14:00:00+00:00
[2026-08-28T14:40:04.451+0000] {processor.py:208} INFO - Processing /opt/airflow/dags/prod/airbyte_to_dbt_prod.py took 0.154 seconds
[2026-08-28T14:40:34.617+0000] {processor.py:186} INFO - Started process (PID=2247) to work on /opt/airflow/dags/prod/airbyte_to_dbt_prod.py
[2026-08-28T14:40:34.618+0000] {processor.py:914} INFO - Processing file /opt/airflow/dags/prod/airbyte_to_dbt_prod.py for tasks to queue
[2026-08-28T14:40:34.621+0000] {logging_mixin.py:190} INFO - [2026-08-28T14:40:34.621+0000] {dagbag.py:588} INFO - Filling up the DagBag from /opt/airflow/dags/prod/airbyte_to_dbt_prod.py
[2026-08-28T14:40:34.643+0000] {processor.py:925} INFO - DAG(s) 'airbyte_to_dbt_pipeline_prod' retrieved from /opt/airflow/dags/prod/airbyte_to_dbt_prod.py
[2026-08-28T14:40:34.686+0000] {logging_mixin.py:190} INFO - [2026-08-28T14:40:34.686+0000] {dag.py:3239} INFO - Sync 1 DAGs
[2026-08-28T14:40:34.718+0000] {logging_mixin.py:190} INFO - [2026-08-28T14:40:34.717+0000] {dag.py:4180} INFO - Setting next_dagrun for airbyte_to_dbt_pipeline_prod to 2026-08-28 13:00:00+00:00, run_after=2026-08-28 14:00:00+00:00
[2026-08-28T14:40:34.743+0000] {processor.py:208} INFO - Processing /opt/airflow/dags/prod/airbyte_to_dbt_prod.py took 0.135 seconds
[2026-08-28T14:41:04.919+0000] {processor.py:186} INFO - Started process (PID=2257) to work on /opt/airflow/dags/prod/airbyte_to_dbt_prod.py
[2026-08-28T14:41:04.920+0000] {processor.py:914} INFO - Processing file /opt/airflow/dags/prod/airbyte_to_dbt_prod.py for tasks to queue
[2026-08-28T14:41:04.925+0000] {logging_mixin.py:190} INFO - [2026-08-28T14:41:04.924+0000] {dagbag.py:588} INFO - Filling up the DagBag from /opt/airflow/dags/prod/airbyte_to_dbt_prod.py
[2026-08-28T14:41:04.948+0000] {processor.py:925} INFO - DAG(s) 'airbyte_to_dbt_pipeline_prod' retrieved from /opt/airflow/dags/prod/airbyte_to_dbt_prod.py
[2026-08-28T14:41:04.991+0000] {logging_mixin.py:190} INFO - [2026-08-28T14:41:04.991+0000] {dag.py:3239} INFO - Sync 1 DAGs
[2026-08-28T14:41:05.028+0000] {logging_mixin.py:190} INFO - [2026-08-28T14:41:05.028+0000] {dag.py:4180} INFO - Setting next_dagrun for airbyte_to_dbt_pipeline_prod to 2026-08-28 13:00:00+00:00, run_after=2026-08-28 14:00:00+00:00
[2026-08-28T14:41:05.054+0000] {processor.py:208} INFO - Processing /opt/airflow/dags/prod/airbyte_to_dbt_prod.py took 0.148 seconds
[2026-08-28T14:41:35.230+0000] {processor.py:186} INFO - Started process (PID=2267) to work on /opt/airflow/dags/prod/airbyte_to_dbt_prod.py
[2026-08-28T14:41:35.232+0000] {processor.py:914} INFO - Processing file /opt/airflow/dags/prod/airbyte_to_dbt_prod.py for tasks to queue
[2026-08-28T14:41:35.236+0000] {logging_mixin.py:190} INFO - [2026-08-28T14:41:35.236+0000] {dagbag.py:588} INFO - Filling up the DagBag from /opt/airflow/dags/prod/airbyte_to_dbt_prod.py
[2026-08-28T14:41:35.262+0000] {processor.py:925} INFO - DAG(s) 'airbyte_to_dbt_pipeline_prod' retrieved from /opt/airflow/dags/prod/airbyte_to_dbt_prod.py
[2026-08-28T14:41:35.301+0000] {logging_mixin.py:190} INFO - [2026-08-28T14:41:35.301+0000] {dag.py:3239} INFO - Sync 1 DAGs
[2026-08-28T14:41:35.333+0000] {logging_mixin.py:190} INFO - [2026-08-28T14:41:35.333+0000] {dag.py:4180} INFO - Setting next_dagrun for airbyte_to_dbt_pipeline_prod to 2026-08-28 13:00:00+00:00, run_after=2026-08-28 14:00:00+00:00
[2026-08-28T14:41:35.357+0000] {processor.py:208} INFO - Processing /opt/airflow/dags/prod/airbyte_to_dbt_prod.py took 0.136 seconds
[2026-08-28T14:42:05.561+0000] {processor.py:186} INFO - Started process (PID=2277) to work on /opt/airflow/dags/prod/airbyte_to_dbt_prod.py
[2026-08-28T14:42:05.562+0000] {processor.py:914} INFO - Processing file /opt/airflow/dags/prod/airbyte_to_dbt_prod.py for tasks to queue
[2026-08-28T14:42:05.567+0000] {logging_mixin.py:190} INFO - [2026-08-28T14:42:05.566+0000] {dagbag.py:588} INFO - Filling up the DagBag from /opt/airflow/dags/prod/airbyte_to_dbt_prod.py
[2026-08-28T14:42:05.601+0000] {processor.py:925} INFO - DAG(s) 'airbyte_to_dbt_pipeline_prod' retrieved from /opt/airflow/dags/prod/airbyte_to_dbt_prod.py
[2026-08-28T14:42:05.663+0000] {logging_mixin.py:190} INFO - [2026-08-28T14:42:05.663+0000] {dag.py:3239} INFO - Sync 1 DAGs
[2026-08-28T14:42:05.705+0000] {logging_mixin.py:190} INFO - [2026-08-28T14:42:05.705+0000] {dag.py:4180} INFO - Setting next_dagrun for airbyte_to_dbt_pipeline_prod to 2026-08-28 13:00:00+00:00, run_after=2026-08-28 14:00:00+00:00
[2026-08-28T14:42:05.736+0000] {processor.py:208} INFO - Processing /opt/airflow/dags/prod/airbyte_to_dbt_prod.py took 0.187 seconds
[2026-08-28T14:42:35.928+0000] {processor.py:186} INFO - Started process (PID=2287) to work on /opt/airflow/dags/prod/airbyte_to_dbt_prod.py
[2026-08-28T14:42:35.929+0000] {processor.py:914} INFO - Processing file /opt/airflow/dags/prod/airbyte_to_dbt_prod.py for tasks to queue
[2026-08-28T14:42:35.932+0000] {logging_mixin.py:190} INFO - [2026-08-28T14:42:35.932+0000] {dagbag.py:588} INFO - Filling up the DagBag from /opt/airflow/dags/prod/airbyte_to_dbt_prod.py
[2026-08-28T14:42:35.958+0000] {processor.py:925} INFO - DAG(s) 'airbyte_to_dbt_pipeline_prod' retrieved from /opt/airflow/dags/prod/airbyte_to_dbt_prod.py
[2026-08-28T14:42:36.016+0000] {logging_mixin.py:190} INFO - [2026-08-28T14:42:36.015+0000] {dag.py:3239} INFO - Sync 1 DAGs
[2026-08-28T14:42:36.058+0000] {logging_mixin.py:190} INFO - [2026-08-28T14:42:36.058+0000] {dag.py:4180} INFO - Setting next_dagrun for airbyte_to_dbt_pipeline_prod to 2026-08-28 13:00:00+00:00, run_after=2026-08-28 14:00:00+00:00
[2026-08-28T14:42:36.086+0000] {processor.py:208} INFO - Processing /opt/airflow/dags/prod/airbyte_to_dbt_prod.py took 0.167 seconds
[2026-08-28T14:43:06.270+0000] {processor.py:186} INFO - Started process (PID=2297) to work on /opt/airflow/dags/prod/airbyte_to_dbt_prod.py
[2026-08-28T14:43:06.271+0000] {processor.py:914} INFO - Processing file /opt/airflow/dags/prod/airbyte_to_dbt_prod.py for tasks to queue
[2026-08-28T14:43:06.289+0000] {logging_mixin.py:190} INFO - [2026-08-28T14:43:06.288+0000] {dagbag.py:588} INFO - Filling up the DagBag from /opt/airflow/dags/prod/airbyte_to_dbt_prod.py
[2026-08-28T14:43:06.347+0000] {processor.py:925} INFO - DAG(s) 'airbyte_to_dbt_pipeline_prod' retrieved from /opt/airflow/dags/prod/airbyte_to_dbt_prod.py
[2026-08-28T14:43:06.465+0000] {logging_mixin.py:190} INFO - [2026-08-28T14:43:06.465+0000] {dag.py:3239} INFO - Sync 1 DAGs
[2026-08-28T14:43:06.603+0000] {logging_mixin.py:190} INFO - [2026-08-28T14:43:06.603+0000] {dag.py:4180} INFO - Setting next_dagrun for airbyte_to_dbt_pipeline_prod to 2026-08-28 13:00:00+00:00, run_after=2026-08-28 14:00:00+00:00
[2026-08-28T14:43:06.624+0000] {processor.py:208} INFO - Processing /opt/airflow/dags/prod/airbyte_to_dbt_prod.py took 0.382 seconds
[2026-08-28T14:43:36.795+0000] {processor.py:186} INFO - Started process (PID=2307) to work on /opt/airflow/dags/prod/airbyte_to_dbt_prod.py
[2026-08-28T14:43:36.796+0000] {processor.py:914} INFO - Processing file /opt/airflow/dags/prod/airbyte_to_dbt_prod.py for tasks to queue
[2026-08-28T14:43:36.799+0000] {logging_mixin.py:190} INFO - [2026-08-28T14:43:36.799+0000] {dagbag.py:588} INFO - Filling up the DagBag from /opt/airflow/dags/prod/airbyte_to_dbt_prod.py
[2026-08-28T14:43:36.821+0000] {processor.py:925} INFO - DAG(s) 'airbyte_to_dbt_pipeline_prod' retrieved from /opt/airflow/dags/prod/airbyte_to_dbt_prod.py
[2026-08-28T14:43:36.875+0000] {logging_mixin.py:190} INFO - [2026-08-28T14:43:36.874+0000] {dag.py:3239} INFO - Sync 1 DAGs
[2026-08-28T14:43:36.911+0000] {logging_mixin.py:190} INFO - [2026-08-28T14:43:36.911+0000] {dag.py:4180} INFO - Setting next_dagrun for airbyte_to_dbt_pipeline_prod to 2026-08-28 13:00:00+00:00, run_after=2026-08-28 14:00:00+00:00
[2026-08-28T14:43:36.938+0000] {processor.py:208} INFO - Processing /opt/airflow/dags/prod/airbyte_to_dbt_prod.py took 0.152 seconds
[2026-08-28T14:44:07.119+0000] {processor.py:186} INFO - Started process (PID=2317) to work on /opt/airflow/dags/prod/airbyte_to_dbt_prod.py
[2026-08-28T14:44:07.124+0000] {processor.py:914} INFO - Processing file /opt/airflow/dags/prod/airbyte_to_dbt_prod.py for tasks to queue
[2026-08-28T14:44:07.130+0000] {logging_mixin.py:190} INFO - [2026-08-28T14:44:07.129+0000] {dagbag.py:588} INFO - Filling up the DagBag from /opt/airflow/dags/prod/airbyte_to_dbt_prod.py
[2026-08-28T14:44:07.164+0000] {processor.py:925} INFO - DAG(s) 'airbyte_to_dbt_pipeline_prod' retrieved from /opt/airflow/dags/prod/airbyte_to_dbt_prod.py
[2026-08-28T14:44:07.224+0000] {logging_mixin.py:190} INFO - [2026-08-28T14:44:07.224+0000] {dag.py:3239} INFO - Sync 1 DAGs
[2026-08-28T14:44:07.270+0000] {logging_mixin.py:190} INFO - [2026-08-28T14:44:07.270+0000] {dag.py:4180} INFO - Setting next_dagrun for airbyte_to_dbt_pipeline_prod to 2026-08-28 13:00:00+00:00, run_after=2026-08-28 14:00:00+00:00
[2026-08-28T14:44:07.296+0000] {processor.py:208} INFO - Processing /opt/airflow/dags/prod/airbyte_to_dbt_prod.py took 0.194 seconds
[2026-08-28T14:44:37.447+0000] {processor.py:186} INFO - Started process (PID=2327) to work on /opt/airflow/dags/prod/airbyte_to_dbt_prod.py
[2026-08-28T14:44:37.449+0000] {processor.py:914} INFO - Processing file /opt/airflow/dags/prod/airbyte_to_dbt_prod.py for tasks to queue
[2026-08-28T14:44:37.452+0000] {logging_mixin.py:190} INFO - [2026-08-28T14:44:37.451+0000] {dagbag.py:588} INFO - Filling up the DagBag from /opt/airflow/dags/prod/airbyte_to_dbt_prod.py
[2026-08-28T14:44:37.476+0000] {processor.py:925} INFO - DAG(s) 'airbyte_to_dbt_pipeline_prod' retrieved from /opt/airflow/dags/prod/airbyte_to_dbt_prod.py
[2026-08-28T14:44:37.525+0000] {logging_mixin.py:190} INFO - [2026-08-28T14:44:37.524+0000] {dag.py:3239} INFO - Sync 1 DAGs
[2026-08-28T14:44:37.563+0000] {logging_mixin.py:190} INFO - [2026-08-28T14:44:37.562+0000] {dag.py:4180} INFO - Setting next_dagrun for airbyte_to_dbt_pipeline_prod to 2026-08-28 13:00:00+00:00, run_after=2026-08-28 14:00:00+00:00
[2026-08-28T14:44:37.585+0000] {processor.py:208} INFO - Processing /opt/airflow/dags/prod/airbyte_to_dbt_prod.py took 0.147 seconds
[2026-08-28T14:45:07.755+0000] {processor.py:186} INFO - Started process (PID=2337) to work on /opt/airflow/dags/prod/airbyte_to_dbt_prod.py
[2026-08-28T14:45:07.756+0000] {processor.py:914} INFO - Processing file /opt/airflow/dags/prod/airbyte_to_dbt_prod.py for tasks to queue
[2026-08-28T14:45:07.759+0000] {logging_mixin.py:190} INFO - [2026-08-28T14:45:07.759+0000] {dagbag.py:588} INFO - Filling up the DagBag from /opt/airflow/dags/prod/airbyte_to_dbt_prod.py
[2026-08-28T14:45:07.782+0000] {processor.py:925} INFO - DAG(s) 'airbyte_to_dbt_pipeline_prod' retrieved from /opt/airflow/dags/prod/airbyte_to_dbt_prod.py
[2026-08-28T14:45:07.826+0000] {logging_mixin.py:190} INFO - [2026-08-28T14:45:07.825+0000] {dag.py:3239} INFO - Sync 1 DAGs
[2026-08-28T14:45:07.859+0000] {logging_mixin.py:190} INFO - [2026-08-28T14:45:07.859+0000] {dag.py:4180} INFO - Setting next_dagrun for airbyte_to_dbt_pipeline_prod to 2026-08-28 13:00:00+00:00, run_after=2026-08-28 14:00:00+00:00
[2026-08-28T14:45:07.895+0000] {processor.py:208} INFO - Processing /opt/airflow/dags/prod/airbyte_to_dbt_prod.py took 0.152 seconds
[2026-08-28T14:45:38.112+0000] {processor.py:186} INFO - Started process (PID=2347) to work on /opt/airflow/dags/prod/airbyte_to_dbt_prod.py
[2026-08-28T14:45:38.113+0000] {processor.py:914} INFO - Processing file /opt/airflow/dags/prod/airbyte_to_dbt_prod.py for tasks to queue
[2026-08-28T14:45:38.116+0000] {logging_mixin.py:190} INFO - [2026-08-28T14:45:38.116+0000] {dagbag.py:588} INFO - Filling up the DagBag from /opt/airflow/dags/prod/airbyte_to_dbt_prod.py
[2026-08-28T14:45:38.151+0000] {processor.py:925} INFO - DAG(s) 'airbyte_to_dbt_pipeline_prod' retrieved from /opt/airflow/dags/prod/airbyte_to_dbt_prod.py
[2026-08-28T14:45:38.264+0000] {logging_mixin.py:190} INFO - [2026-08-28T14:45:38.264+0000] {dag.py:3239} INFO - Sync 1 DAGs
[2026-08-28T14:45:38.351+0000] {logging_mixin.py:190} INFO - [2026-08-28T14:45:38.351+0000] {dag.py:4180} INFO - Setting next_dagrun for airbyte_to_dbt_pipeline_prod to 2026-08-28 13:00:00+00:00, run_after=2026-08-28 14:00:00+00:00
[2026-08-28T14:45:38.392+0000] {processor.py:208} INFO - Processing /opt/airflow/dags/prod/airbyte_to_dbt_prod.py took 0.294 seconds
[2026-08-28T14:46:08.575+0000] {processor.py:186} INFO - Started process (PID=2357) to work on /opt/airflow/dags/prod/airbyte_to_dbt_prod.py
[2026-08-28T14:46:08.576+0000] {processor.py:914} INFO - Processing file /opt/airflow/dags/prod/airbyte_to_dbt_prod.py for tasks to queue
[2026-08-28T14:46:08.580+0000] {logging_mixin.py:190} INFO - [2026-08-28T14:46:08.579+0000] {dagbag.py:588} INFO - Filling up the DagBag from /opt/airflow/dags/prod/airbyte_to_dbt_prod.py
[2026-08-28T14:46:08.605+0000] {processor.py:925} INFO - DAG(s) 'airbyte_to_dbt_pipeline_prod' retrieved from /opt/airflow/dags/prod/airbyte_to_dbt_prod.py
[2026-08-28T14:46:08.646+0000] {logging_mixin.py:190} INFO - [2026-08-28T14:46:08.646+0000] {dag.py:3239} INFO - Sync 1 DAGs
[2026-08-28T14:46:08.675+0000] {logging_mixin.py:190} INFO - [2026-08-28T14:46:08.675+0000] {dag.py:4180} INFO - Setting next_dagrun for airbyte_to_dbt_pipeline_prod to 2026-08-28 13:00:00+00:00, run_after=2026-08-28 14:00:00+00:00
[2026-08-28T14:46:08.704+0000] {processor.py:208} INFO - Processing /opt/airflow/dags/prod/airbyte_to_dbt_prod.py took 0.142 seconds
[2026-08-28T14:46:38.924+0000] {processor.py:186} INFO - Started process (PID=2367) to work on /opt/airflow/dags/prod/airbyte_to_dbt_prod.py
[2026-08-28T14:46:38.925+0000] {processor.py:914} INFO - Processing file /opt/airflow/dags/prod/airbyte_to_dbt_prod.py for tasks to queue
[2026-08-28T14:46:38.931+0000] {logging_mixin.py:190} INFO - [2026-08-28T14:46:38.929+0000] {dagbag.py:588} INFO - Filling up the DagBag from /opt/airflow/dags/prod/airbyte_to_dbt_prod.py
[2026-08-28T14:46:38.973+0000] {processor.py:925} INFO - DAG(s) 'airbyte_to_dbt_pipeline_prod' retrieved from /opt/airflow/dags/prod/airbyte_to_dbt_prod.py
[2026-08-28T14:46:39.040+0000] {logging_mixin.py:190} INFO - [2026-08-28T14:46:39.040+0000] {dag.py:3239} INFO - Sync 1 DAGs
[2026-08-28T14:46:39.109+0000] {logging_mixin.py:190} INFO - [2026-08-28T14:46:39.109+0000] {dag.py:4180} INFO - Setting next_dagrun for airbyte_to_dbt_pipeline_prod to 2026-08-28 13:00:00+00:00, run_after=2026-08-28 14:00:00+00:00
[2026-08-28T14:46:39.144+0000] {processor.py:208} INFO - Processing /opt/airflow/dags/prod/airbyte_to_dbt_prod.py took 0.235 seconds
[2026-08-28T14:47:09.420+0000] {processor.py:186} INFO - Started process (PID=2375) to work on /opt/airflow/dags/prod/airbyte_to_dbt_prod.py
[2026-08-28T14:47:09.422+0000] {processor.py:914} INFO - Processing file /opt/airflow/dags/prod/airbyte_to_dbt_prod.py for tasks to queue
[2026-08-28T14:47:09.450+0000] {logging_mixin.py:190} INFO - [2026-08-28T14:47:09.444+0000] {dagbag.py:588} INFO - Filling up the DagBag from /opt/airflow/dags/prod/airbyte_to_dbt_prod.py
[2026-08-28T14:47:09.559+0000] {processor.py:925} INFO - DAG(s) 'airbyte_to_dbt_pipeline_prod' retrieved from /opt/airflow/dags/prod/airbyte_to_dbt_prod.py
[2026-08-28T14:47:09.617+0000] {logging_mixin.py:190} INFO - [2026-08-28T14:47:09.617+0000] {dag.py:3239} INFO - Sync 1 DAGs
[2026-08-28T14:47:09.653+0000] {logging_mixin.py:190} INFO - [2026-08-28T14:47:09.653+0000] {dag.py:4180} INFO - Setting next_dagrun for airbyte_to_dbt_pipeline_prod to 2026-08-28 13:00:00+00:00, run_after=2026-08-28 14:00:00+00:00
[2026-08-28T14:47:09.680+0000] {processor.py:208} INFO - Processing /opt/airflow/dags/prod/airbyte_to_dbt_prod.py took 0.312 seconds
[2026-08-28T14:47:39.891+0000] {processor.py:186} INFO - Started process (PID=2387) to work on /opt/airflow/dags/prod/airbyte_to_dbt_prod.py
[2026-08-28T14:47:39.893+0000] {processor.py:914} INFO - Processing file /opt/airflow/dags/prod/airbyte_to_dbt_prod.py for tasks to queue
[2026-08-28T14:47:39.898+0000] {logging_mixin.py:190} INFO - [2026-08-28T14:47:39.897+0000] {dagbag.py:588} INFO - Filling up the DagBag from /opt/airflow/dags/prod/airbyte_to_dbt_prod.py
[2026-08-28T14:47:39.939+0000] {processor.py:925} INFO - DAG(s) 'airbyte_to_dbt_pipeline_prod' retrieved from /opt/airflow/dags/prod/airbyte_to_dbt_prod.py
[2026-08-28T14:47:40.023+0000] {logging_mixin.py:190} INFO - [2026-08-28T14:47:40.023+0000] {dag.py:3239} INFO - Sync 1 DAGs
[2026-08-28T14:47:40.082+0000] {logging_mixin.py:190} INFO - [2026-08-28T14:47:40.082+0000] {dag.py:4180} INFO - Setting next_dagrun for airbyte_to_dbt_pipeline_prod to 2026-08-28 13:00:00+00:00, run_after=2026-08-28 14:00:00+00:00
[2026-08-28T14:47:40.122+0000] {processor.py:208} INFO - Processing /opt/airflow/dags/prod/airbyte_to_dbt_prod.py took 0.246 seconds
[2026-08-28T14:48:10.297+0000] {processor.py:186} INFO - Started process (PID=2397) to work on /opt/airflow/dags/prod/airbyte_to_dbt_prod.py
[2026-08-28T14:48:10.298+0000] {processor.py:914} INFO - Processing file /opt/airflow/dags/prod/airbyte_to_dbt_prod.py for tasks to queue
[2026-08-28T14:48:10.301+0000] {logging_mixin.py:190} INFO - [2026-08-28T14:48:10.301+0000] {dagbag.py:588} INFO - Filling up the DagBag from /opt/airflow/dags/prod/airbyte_to_dbt_prod.py
[2026-08-28T14:48:10.324+0000] {processor.py:925} INFO - DAG(s) 'airbyte_to_dbt_pipeline_prod' retrieved from /opt/airflow/dags/prod/airbyte_to_dbt_prod.py
[2026-08-28T14:48:10.376+0000] {logging_mixin.py:190} INFO - [2026-08-28T14:48:10.376+0000] {dag.py:3239} INFO - Sync 1 DAGs
[2026-08-28T14:48:10.463+0000] {logging_mixin.py:190} INFO - [2026-08-28T14:48:10.463+0000] {dag.py:4180} INFO - Setting next_dagrun for airbyte_to_dbt_pipeline_prod to 2026-08-28 13:00:00+00:00, run_after=2026-08-28 14:00:00+00:00
[2026-08-28T14:48:10.493+0000] {processor.py:208} INFO - Processing /opt/airflow/dags/prod/airbyte_to_dbt_prod.py took 0.209 seconds
[2026-08-28T14:48:40.646+0000] {processor.py:186} INFO - Started process (PID=2407) to work on /opt/airflow/dags/prod/airbyte_to_dbt_prod.py
[2026-08-28T14:48:40.647+0000] {processor.py:914} INFO - Processing file /opt/airflow/dags/prod/airbyte_to_dbt_prod.py for tasks to queue
[2026-08-28T14:48:40.652+0000] {logging_mixin.py:190} INFO - [2026-08-28T14:48:40.652+0000] {dagbag.py:588} INFO - Filling up the DagBag from /opt/airflow/dags/prod/airbyte_to_dbt_prod.py
[2026-08-28T14:48:40.732+0000] {processor.py:925} INFO - DAG(s) 'airbyte_to_dbt_pipeline_prod' retrieved from /opt/airflow/dags/prod/airbyte_to_dbt_prod.py
[2026-08-28T14:48:40.873+0000] {logging_mixin.py:190} INFO - [2026-08-28T14:48:40.873+0000] {dag.py:3239} INFO - Sync 1 DAGs
[2026-08-28T14:48:40.907+0000] {logging_mixin.py:190} INFO - [2026-08-28T14:48:40.907+0000] {dag.py:4180} INFO - Setting next_dagrun for airbyte_to_dbt_pipeline_prod to 2026-08-28 13:00:00+00:00, run_after=2026-08-28 14:00:00+00:00
[2026-08-28T14:48:40.933+0000] {processor.py:208} INFO - Processing /opt/airflow/dags/prod/airbyte_to_dbt_prod.py took 0.297 seconds
[2026-08-28T14:49:11.104+0000] {processor.py:186} INFO - Started process (PID=2417) to work on /opt/airflow/dags/prod/airbyte_to_dbt_prod.py
[2026-08-28T14:49:11.107+0000] {processor.py:914} INFO - Processing file /opt/airflow/dags/prod/airbyte_to_dbt_prod.py for tasks to queue
[2026-08-28T14:49:11.110+0000] {logging_mixin.py:190} INFO - [2026-08-28T14:49:11.109+0000] {dagbag.py:588} INFO - Filling up the DagBag from /opt/airflow/dags/prod/airbyte_to_dbt_prod.py
[2026-08-28T14:49:11.133+0000] {processor.py:925} INFO - DAG(s) 'airbyte_to_dbt_pipeline_prod' retrieved from /opt/airflow/dags/prod/airbyte_to_dbt_prod.py
[2026-08-28T14:49:11.179+0000] {logging_mixin.py:190} INFO - [2026-08-28T14:49:11.179+0000] {dag.py:3239} INFO - Sync 1 DAGs
[2026-08-28T14:49:11.220+0000] {logging_mixin.py:190} INFO - [2026-08-28T14:49:11.219+0000] {dag.py:4180} INFO - Setting next_dagrun for airbyte_to_dbt_pipeline_prod to 2026-08-28 13:00:00+00:00, run_after=2026-08-28 14:00:00+00:00
[2026-08-28T14:49:11.246+0000] {processor.py:208} INFO - Processing /opt/airflow/dags/prod/airbyte_to_dbt_prod.py took 0.152 seconds
[2026-08-28T14:49:41.402+0000] {processor.py:186} INFO - Started process (PID=2427) to work on /opt/airflow/dags/prod/airbyte_to_dbt_prod.py
[2026-08-28T14:49:41.403+0000] {processor.py:914} INFO - Processing file /opt/airflow/dags/prod/airbyte_to_dbt_prod.py for tasks to queue
[2026-08-28T14:49:41.407+0000] {logging_mixin.py:190} INFO - [2026-08-28T14:49:41.406+0000] {dagbag.py:588} INFO - Filling up the DagBag from /opt/airflow/dags/prod/airbyte_to_dbt_prod.py
[2026-08-28T14:49:41.431+0000] {processor.py:925} INFO - DAG(s) 'airbyte_to_dbt_pipeline_prod' retrieved from /opt/airflow/dags/prod/airbyte_to_dbt_prod.py
[2026-08-28T14:49:41.483+0000] {logging_mixin.py:190} INFO - [2026-08-28T14:49:41.483+0000] {dag.py:3239} INFO - Sync 1 DAGs
[2026-08-28T14:49:41.521+0000] {logging_mixin.py:190} INFO - [2026-08-28T14:49:41.521+0000] {dag.py:4180} INFO - Setting next_dagrun for airbyte_to_dbt_pipeline_prod to 2026-08-28 13:00:00+00:00, run_after=2026-08-28 14:00:00+00:00
[2026-08-28T14:49:41.547+0000] {processor.py:208} INFO - Processing /opt/airflow/dags/prod/airbyte_to_dbt_prod.py took 0.154 seconds
[2026-08-28T14:50:11.725+0000] {processor.py:186} INFO - Started process (PID=2437) to work on /opt/airflow/dags/prod/airbyte_to_dbt_prod.py
[2026-08-28T14:50:11.727+0000] {processor.py:914} INFO - Processing file /opt/airflow/dags/prod/airbyte_to_dbt_prod.py for tasks to queue
[2026-08-28T14:50:11.732+0000] {logging_mixin.py:190} INFO - [2026-08-28T14:50:11.731+0000] {dagbag.py:588} INFO - Filling up the DagBag from /opt/airflow/dags/prod/airbyte_to_dbt_prod.py
[2026-08-28T14:50:11.758+0000] {processor.py:925} INFO - DAG(s) 'airbyte_to_dbt_pipeline_prod' retrieved from /opt/airflow/dags/prod/airbyte_to_dbt_prod.py
[2026-08-28T14:50:11.804+0000] {logging_mixin.py:190} INFO - [2026-08-28T14:50:11.803+0000] {dag.py:3239} INFO - Sync 1 DAGs
[2026-08-28T14:50:11.843+0000] {logging_mixin.py:190} INFO - [2026-08-28T14:50:11.843+0000] {dag.py:4180} INFO - Setting next_dagrun for airbyte_to_dbt_pipeline_prod to 2026-08-28 13:00:00+00:00, run_after=2026-08-28 14:00:00+00:00
[2026-08-28T14:50:11.874+0000] {processor.py:208} INFO - Processing /opt/airflow/dags/prod/airbyte_to_dbt_prod.py took 0.159 seconds
[2026-08-28T14:50:42.066+0000] {processor.py:186} INFO - Started process (PID=2447) to work on /opt/airflow/dags/prod/airbyte_to_dbt_prod.py
[2026-08-28T14:50:42.067+0000] {processor.py:914} INFO - Processing file /opt/airflow/dags/prod/airbyte_to_dbt_prod.py for tasks to queue
[2026-08-28T14:50:42.073+0000] {logging_mixin.py:190} INFO - [2026-08-28T14:50:42.072+0000] {dagbag.py:588} INFO - Filling up the DagBag from /opt/airflow/dags/prod/airbyte_to_dbt_prod.py
[2026-08-28T14:50:42.117+0000] {processor.py:925} INFO - DAG(s) 'airbyte_to_dbt_pipeline_prod' retrieved from /opt/airflow/dags/prod/airbyte_to_dbt_prod.py
[2026-08-28T14:50:42.185+0000] {logging_mixin.py:190} INFO - [2026-08-28T14:50:42.185+0000] {dag.py:3239} INFO - Sync 1 DAGs
[2026-08-28T14:50:42.221+0000] {logging_mixin.py:190} INFO - [2026-08-28T14:50:42.221+0000] {dag.py:4180} INFO - Setting next_dagrun for airbyte_to_dbt_pipeline_prod to 2026-08-28 13:00:00+00:00, run_after=2026-08-28 14:00:00+00:00
[2026-08-28T14:50:42.263+0000] {processor.py:208} INFO - Processing /opt/airflow/dags/prod/airbyte_to_dbt_prod.py took 0.213 seconds
[2026-08-28T14:51:12.403+0000] {processor.py:186} INFO - Started process (PID=2457) to work on /opt/airflow/dags/prod/airbyte_to_dbt_prod.py
[2026-08-28T14:51:12.405+0000] {processor.py:914} INFO - Processing file /opt/airflow/dags/prod/airbyte_to_dbt_prod.py for tasks to queue
[2026-08-28T14:51:12.409+0000] {logging_mixin.py:190} INFO - [2026-08-28T14:51:12.409+0000] {dagbag.py:588} INFO - Filling up the DagBag from /opt/airflow/dags/prod/airbyte_to_dbt_prod.py
[2026-08-28T14:51:12.438+0000] {processor.py:925} INFO - DAG(s) 'airbyte_to_dbt_pipeline_prod' retrieved from /opt/airflow/dags/prod/airbyte_to_dbt_prod.py
[2026-08-28T14:51:12.478+0000] {logging_mixin.py:190} INFO - [2026-08-28T14:51:12.478+0000] {dag.py:3239} INFO - Sync 1 DAGs
[2026-08-28T14:51:12.515+0000] {logging_mixin.py:190} INFO - [2026-08-28T14:51:12.514+0000] {dag.py:4180} INFO - Setting next_dagrun for airbyte_to_dbt_pipeline_prod to 2026-08-28 13:00:00+00:00, run_after=2026-08-28 14:00:00+00:00
[2026-08-28T14:51:12.540+0000] {processor.py:208} INFO - Processing /opt/airflow/dags/prod/airbyte_to_dbt_prod.py took 0.148 seconds
[2026-08-28T14:51:42.714+0000] {processor.py:186} INFO - Started process (PID=2467) to work on /opt/airflow/dags/prod/airbyte_to_dbt_prod.py
[2026-08-28T14:51:42.715+0000] {processor.py:914} INFO - Processing file /opt/airflow/dags/prod/airbyte_to_dbt_prod.py for tasks to queue
[2026-08-28T14:51:42.719+0000] {logging_mixin.py:190} INFO - [2026-08-28T14:51:42.718+0000] {dagbag.py:588} INFO - Filling up the DagBag from /opt/airflow/dags/prod/airbyte_to_dbt_prod.py
[2026-08-28T14:51:42.746+0000] {processor.py:925} INFO - DAG(s) 'airbyte_to_dbt_pipeline_prod' retrieved from /opt/airflow/dags/prod/airbyte_to_dbt_prod.py
[2026-08-28T14:51:42.799+0000] {logging_mixin.py:190} INFO - [2026-08-28T14:51:42.799+0000] {dag.py:3239} INFO - Sync 1 DAGs
[2026-08-28T14:51:42.839+0000] {logging_mixin.py:190} INFO - [2026-08-28T14:51:42.838+0000] {dag.py:4180} INFO - Setting next_dagrun for airbyte_to_dbt_pipeline_prod to 2026-08-28 13:00:00+00:00, run_after=2026-08-28 14:00:00+00:00
[2026-08-28T14:51:42.867+0000] {processor.py:208} INFO - Processing /opt/airflow/dags/prod/airbyte_to_dbt_prod.py took 0.161 seconds
[2026-08-28T14:52:13.057+0000] {processor.py:186} INFO - Started process (PID=2477) to work on /opt/airflow/dags/prod/airbyte_to_dbt_prod.py
[2026-08-28T14:52:13.059+0000] {processor.py:914} INFO - Processing file /opt/airflow/dags/prod/airbyte_to_dbt_prod.py for tasks to queue
[2026-08-28T14:52:13.063+0000] {logging_mixin.py:190} INFO - [2026-08-28T14:52:13.062+0000] {dagbag.py:588} INFO - Filling up the DagBag from /opt/airflow/dags/prod/airbyte_to_dbt_prod.py
[2026-08-28T14:52:13.095+0000] {processor.py:925} INFO - DAG(s) 'airbyte_to_dbt_pipeline_prod' retrieved from /opt/airflow/dags/prod/airbyte_to_dbt_prod.py
[2026-08-28T14:52:13.154+0000] {logging_mixin.py:190} INFO - [2026-08-28T14:52:13.153+0000] {dag.py:3239} INFO - Sync 1 DAGs
[2026-08-28T14:52:13.191+0000] {logging_mixin.py:190} INFO - [2026-08-28T14:52:13.190+0000] {dag.py:4180} INFO - Setting next_dagrun for airbyte_to_dbt_pipeline_prod to 2026-08-28 13:00:00+00:00, run_after=2026-08-28 14:00:00+00:00
[2026-08-28T14:52:13.218+0000] {processor.py:208} INFO - Processing /opt/airflow/dags/prod/airbyte_to_dbt_prod.py took 0.176 seconds
[2026-08-28T14:52:43.394+0000] {processor.py:186} INFO - Started process (PID=2487) to work on /opt/airflow/dags/prod/airbyte_to_dbt_prod.py
[2026-08-28T14:52:43.396+0000] {processor.py:914} INFO - Processing file /opt/airflow/dags/prod/airbyte_to_dbt_prod.py for tasks to queue
[2026-08-28T14:52:43.400+0000] {logging_mixin.py:190} INFO - [2026-08-28T14:52:43.400+0000] {dagbag.py:588} INFO - Filling up the DagBag from /opt/airflow/dags/prod/airbyte_to_dbt_prod.py
[2026-08-28T14:52:43.434+0000] {processor.py:925} INFO - DAG(s) 'airbyte_to_dbt_pipeline_prod' retrieved from /opt/airflow/dags/prod/airbyte_to_dbt_prod.py
[2026-08-28T14:52:43.490+0000] {logging_mixin.py:190} INFO - [2026-08-28T14:52:43.489+0000] {dag.py:3239} INFO - Sync 1 DAGs
[2026-08-28T14:52:43.524+0000] {logging_mixin.py:190} INFO - [2026-08-28T14:52:43.524+0000] {dag.py:4180} INFO - Setting next_dagrun for airbyte_to_dbt_pipeline_prod to 2026-08-28 13:00:00+00:00, run_after=2026-08-28 14:00:00+00:00
[2026-08-28T14:52:43.550+0000] {processor.py:208} INFO - Processing /opt/airflow/dags/prod/airbyte_to_dbt_prod.py took 0.166 seconds
[2026-08-28T14:53:13.727+0000] {processor.py:186} INFO - Started process (PID=2497) to work on /opt/airflow/dags/prod/airbyte_to_dbt_prod.py
[2026-08-28T14:53:13.728+0000] {processor.py:914} INFO - Processing file /opt/airflow/dags/prod/airbyte_to_dbt_prod.py for tasks to queue
[2026-08-28T14:53:13.733+0000] {logging_mixin.py:190} INFO - [2026-08-28T14:53:13.732+0000] {dagbag.py:588} INFO - Filling up the DagBag from /opt/airflow/dags/prod/airbyte_to_dbt_prod.py
[2026-08-28T14:53:13.755+0000] {processor.py:925} INFO - DAG(s) 'airbyte_to_dbt_pipeline_prod' retrieved from /opt/airflow/dags/prod/airbyte_to_dbt_prod.py
[2026-08-28T14:53:13.800+0000] {logging_mixin.py:190} INFO - [2026-08-28T14:53:13.800+0000] {dag.py:3239} INFO - Sync 1 DAGs
[2026-08-28T14:53:13.841+0000] {logging_mixin.py:190} INFO - [2026-08-28T14:53:13.840+0000] {dag.py:4180} INFO - Setting next_dagrun for airbyte_to_dbt_pipeline_prod to 2026-08-28 13:00:00+00:00, run_after=2026-08-28 14:00:00+00:00
[2026-08-28T14:53:13.863+0000] {processor.py:208} INFO - Processing /opt/airflow/dags/prod/airbyte_to_dbt_prod.py took 0.148 seconds
[2026-08-28T14:53:44.022+0000] {processor.py:186} INFO - Started process (PID=2507) to work on /opt/airflow/dags/prod/airbyte_to_dbt_prod.py
[2026-08-28T14:53:44.023+0000] {processor.py:914} INFO - Processing file /opt/airflow/dags/prod/airbyte_to_dbt_prod.py for tasks to queue
[2026-08-28T14:53:44.026+0000] {logging_mixin.py:190} INFO - [2026-08-28T14:53:44.026+0000] {dagbag.py:588} INFO - Filling up the DagBag from /opt/airflow/dags/prod/airbyte_to_dbt_prod.py
[2026-08-28T14:53:44.049+0000] {processor.py:925} INFO - DAG(s) 'airbyte_to_dbt_pipeline_prod' retrieved from /opt/airflow/dags/prod/airbyte_to_dbt_prod.py
[2026-08-28T14:53:44.091+0000] {logging_mixin.py:190} INFO - [2026-08-28T14:53:44.091+0000] {dag.py:3239} INFO - Sync 1 DAGs
[2026-08-28T14:53:44.122+0000] {logging_mixin.py:190} INFO - [2026-08-28T14:53:44.122+0000] {dag.py:4180} INFO - Setting next_dagrun for airbyte_to_dbt_pipeline_prod to 2026-08-28 13:00:00+00:00, run_after=2026-08-28 14:00:00+00:00
[2026-08-28T14:53:44.150+0000] {processor.py:208} INFO - Processing /opt/airflow/dags/prod/airbyte_to_dbt_prod.py took 0.138 seconds
[2026-08-28T14:54:14.318+0000] {processor.py:186} INFO - Started process (PID=2517) to work on /opt/airflow/dags/prod/airbyte_to_dbt_prod.py
[2026-08-28T14:54:14.319+0000] {processor.py:914} INFO - Processing file /opt/airflow/dags/prod/airbyte_to_dbt_prod.py for tasks to queue
[2026-08-28T14:54:14.322+0000] {logging_mixin.py:190} INFO - [2026-08-28T14:54:14.321+0000] {dagbag.py:588} INFO - Filling up the DagBag from /opt/airflow/dags/prod/airbyte_to_dbt_prod.py
[2026-08-28T14:54:14.351+0000] {processor.py:925} INFO - DAG(s) 'airbyte_to_dbt_pipeline_prod' retrieved from /opt/airflow/dags/prod/airbyte_to_dbt_prod.py
[2026-08-28T14:54:14.394+0000] {logging_mixin.py:190} INFO - [2026-08-28T14:54:14.394+0000] {dag.py:3239} INFO - Sync 1 DAGs
[2026-08-28T14:54:14.434+0000] {logging_mixin.py:190} INFO - [2026-08-28T14:54:14.434+0000] {dag.py:4180} INFO - Setting next_dagrun for airbyte_to_dbt_pipeline_prod to 2026-08-28 13:00:00+00:00, run_after=2026-08-28 14:00:00+00:00
[2026-08-28T14:54:14.461+0000] {processor.py:208} INFO - Processing /opt/airflow/dags/prod/airbyte_to_dbt_prod.py took 0.151 seconds
[2026-08-28T14:54:44.620+0000] {processor.py:186} INFO - Started process (PID=2527) to work on /opt/airflow/dags/prod/airbyte_to_dbt_prod.py
[2026-08-28T14:54:44.621+0000] {processor.py:914} INFO - Processing file /opt/airflow/dags/prod/airbyte_to_dbt_prod.py for tasks to queue
[2026-08-28T14:54:44.624+0000] {logging_mixin.py:190} INFO - [2026-08-28T14:54:44.623+0000] {dagbag.py:588} INFO - Filling up the DagBag from /opt/airflow/dags/prod/airbyte_to_dbt_prod.py
[2026-08-28T14:54:44.646+0000] {processor.py:925} INFO - DAG(s) 'airbyte_to_dbt_pipeline_prod' retrieved from /opt/airflow/dags/prod/airbyte_to_dbt_prod.py
[2026-08-28T14:54:44.698+0000] {logging_mixin.py:190} INFO - [2026-08-28T14:54:44.698+0000] {dag.py:3239} INFO - Sync 1 DAGs
[2026-08-28T14:54:44.733+0000] {logging_mixin.py:190} INFO - [2026-08-28T14:54:44.732+0000] {dag.py:4180} INFO - Setting next_dagrun for airbyte_to_dbt_pipeline_prod to 2026-08-28 13:00:00+00:00, run_after=2026-08-28 14:00:00+00:00
[2026-08-28T14:54:44.756+0000] {processor.py:208} INFO - Processing /opt/airflow/dags/prod/airbyte_to_dbt_prod.py took 0.147 seconds
[2026-08-28T14:55:14.940+0000] {processor.py:186} INFO - Started process (PID=2537) to work on /opt/airflow/dags/prod/airbyte_to_dbt_prod.py
[2026-08-28T14:55:14.941+0000] {processor.py:914} INFO - Processing file /opt/airflow/dags/prod/airbyte_to_dbt_prod.py for tasks to queue
[2026-08-28T14:55:14.945+0000] {logging_mixin.py:190} INFO - [2026-08-28T14:55:14.945+0000] {dagbag.py:588} INFO - Filling up the DagBag from /opt/airflow/dags/prod/airbyte_to_dbt_prod.py
[2026-08-28T14:55:14.976+0000] {processor.py:925} INFO - DAG(s) 'airbyte_to_dbt_pipeline_prod' retrieved from /opt/airflow/dags/prod/airbyte_to_dbt_prod.py
[2026-08-28T14:55:15.029+0000] {logging_mixin.py:190} INFO - [2026-08-28T14:55:15.028+0000] {dag.py:3239} INFO - Sync 1 DAGs
[2026-08-28T14:55:15.068+0000] {logging_mixin.py:190} INFO - [2026-08-28T14:55:15.068+0000] {dag.py:4180} INFO - Setting next_dagrun for airbyte_to_dbt_pipeline_prod to 2026-08-28 13:00:00+00:00, run_after=2026-08-28 14:00:00+00:00
[2026-08-28T14:55:15.090+0000] {processor.py:208} INFO - Processing /opt/airflow/dags/prod/airbyte_to_dbt_prod.py took 0.163 seconds
[2026-08-28T14:55:45.258+0000] {processor.py:186} INFO - Started process (PID=2547) to work on /opt/airflow/dags/prod/airbyte_to_dbt_prod.py
[2026-08-28T14:55:45.259+0000] {processor.py:914} INFO - Processing file /opt/airflow/dags/prod/airbyte_to_dbt_prod.py for tasks to queue
[2026-08-28T14:55:45.264+0000] {logging_mixin.py:190} INFO - [2026-08-28T14:55:45.263+0000] {dagbag.py:588} INFO - Filling up the DagBag from /opt/airflow/dags/prod/airbyte_to_dbt_prod.py
[2026-08-28T14:55:45.294+0000] {processor.py:925} INFO - DAG(s) 'airbyte_to_dbt_pipeline_prod' retrieved from /opt/airflow/dags/prod/airbyte_to_dbt_prod.py
[2026-08-28T14:55:45.339+0000] {logging_mixin.py:190} INFO - [2026-08-28T14:55:45.339+0000] {dag.py:3239} INFO - Sync 1 DAGs
[2026-08-28T14:55:45.371+0000] {logging_mixin.py:190} INFO - [2026-08-28T14:55:45.371+0000] {dag.py:4180} INFO - Setting next_dagrun for airbyte_to_dbt_pipeline_prod to 2026-08-28 13:00:00+00:00, run_after=2026-08-28 14:00:00+00:00
[2026-08-28T14:55:45.396+0000] {processor.py:208} INFO - Processing /opt/airflow/dags/prod/airbyte_to_dbt_prod.py took 0.150 seconds
[2026-08-28T14:56:15.581+0000] {processor.py:186} INFO - Started process (PID=2557) to work on /opt/airflow/dags/prod/airbyte_to_dbt_prod.py
[2026-08-28T14:56:15.582+0000] {processor.py:914} INFO - Processing file /opt/airflow/dags/prod/airbyte_to_dbt_prod.py for tasks to queue
[2026-08-28T14:56:15.585+0000] {logging_mixin.py:190} INFO - [2026-08-28T14:56:15.585+0000] {dagbag.py:588} INFO - Filling up the DagBag from /opt/airflow/dags/prod/airbyte_to_dbt_prod.py
[2026-08-28T14:56:15.615+0000] {processor.py:925} INFO - DAG(s) 'airbyte_to_dbt_pipeline_prod' retrieved from /opt/airflow/dags/prod/airbyte_to_dbt_prod.py
[2026-08-28T14:56:15.672+0000] {logging_mixin.py:190} INFO - [2026-08-28T14:56:15.672+0000] {dag.py:3239} INFO - Sync 1 DAGs
[2026-08-28T14:56:15.712+0000] {logging_mixin.py:190} INFO - [2026-08-28T14:56:15.711+0000] {dag.py:4180} INFO - Setting next_dagrun for airbyte_to_dbt_pipeline_prod to 2026-08-28 13:00:00+00:00, run_after=2026-08-28 14:00:00+00:00
[2026-08-28T14:56:15.733+0000] {processor.py:208} INFO - Processing /opt/airflow/dags/prod/airbyte_to_dbt_prod.py took 0.161 seconds
[2026-08-28T14:56:45.891+0000] {processor.py:186} INFO - Started process (PID=2567) to work on /opt/airflow/dags/prod/airbyte_to_dbt_prod.py
[2026-08-28T14:56:45.892+0000] {processor.py:914} INFO - Processing file /opt/airflow/dags/prod/airbyte_to_dbt_prod.py for tasks to queue
[2026-08-28T14:56:45.895+0000] {logging_mixin.py:190} INFO - [2026-08-28T14:56:45.895+0000] {dagbag.py:588} INFO - Filling up the DagBag from /opt/airflow/dags/prod/airbyte_to_dbt_prod.py
[2026-08-28T14:56:45.923+0000] {processor.py:925} INFO - DAG(s) 'airbyte_to_dbt_pipeline_prod' retrieved from /opt/airflow/dags/prod/airbyte_to_dbt_prod.py
[2026-08-28T14:56:45.974+0000] {logging_mixin.py:190} INFO - [2026-08-28T14:56:45.974+0000] {dag.py:3239} INFO - Sync 1 DAGs
[2026-08-28T14:56:46.006+0000] {logging_mixin.py:190} INFO - [2026-08-28T14:56:46.005+0000] {dag.py:4180} INFO - Setting next_dagrun for airbyte_to_dbt_pipeline_prod to 2026-08-28 13:00:00+00:00, run_after=2026-08-28 14:00:00+00:00
[2026-08-28T14:56:46.030+0000] {processor.py:208} INFO - Processing /opt/airflow/dags/prod/airbyte_to_dbt_prod.py took 0.149 seconds
[2026-08-28T14:57:16.212+0000] {processor.py:186} INFO - Started process (PID=2577) to work on /opt/airflow/dags/prod/airbyte_to_dbt_prod.py
[2026-08-28T14:57:16.214+0000] {processor.py:914} INFO - Processing file /opt/airflow/dags/prod/airbyte_to_dbt_prod.py for tasks to queue
[2026-08-28T14:57:16.219+0000] {logging_mixin.py:190} INFO - [2026-08-28T14:57:16.218+0000] {dagbag.py:588} INFO - Filling up the DagBag from /opt/airflow/dags/prod/airbyte_to_dbt_prod.py
[2026-08-28T14:57:16.250+0000] {processor.py:925} INFO - DAG(s) 'airbyte_to_dbt_pipeline_prod' retrieved from /opt/airflow/dags/prod/airbyte_to_dbt_prod.py
[2026-08-28T14:57:16.301+0000] {logging_mixin.py:190} INFO - [2026-08-28T14:57:16.301+0000] {dag.py:3239} INFO - Sync 1 DAGs
[2026-08-28T14:57:16.339+0000] {logging_mixin.py:190} INFO - [2026-08-28T14:57:16.339+0000] {dag.py:4180} INFO - Setting next_dagrun for airbyte_to_dbt_pipeline_prod to 2026-08-28 13:00:00+00:00, run_after=2026-08-28 14:00:00+00:00
[2026-08-28T14:57:16.364+0000] {processor.py:208} INFO - Processing /opt/airflow/dags/prod/airbyte_to_dbt_prod.py took 0.164 seconds
[2026-08-28T14:57:46.549+0000] {processor.py:186} INFO - Started process (PID=2587) to work on /opt/airflow/dags/prod/airbyte_to_dbt_prod.py
[2026-08-28T14:57:46.550+0000] {processor.py:914} INFO - Processing file /opt/airflow/dags/prod/airbyte_to_dbt_prod.py for tasks to queue
[2026-08-28T14:57:46.553+0000] {logging_mixin.py:190} INFO - [2026-08-28T14:57:46.553+0000] {dagbag.py:588} INFO - Filling up the DagBag from /opt/airflow/dags/prod/airbyte_to_dbt_prod.py
[2026-08-28T14:57:46.576+0000] {processor.py:925} INFO - DAG(s) 'airbyte_to_dbt_pipeline_prod' retrieved from /opt/airflow/dags/prod/airbyte_to_dbt_prod.py
[2026-08-28T14:57:46.617+0000] {logging_mixin.py:190} INFO - [2026-08-28T14:57:46.616+0000] {dag.py:3239} INFO - Sync 1 DAGs
[2026-08-28T14:57:46.653+0000] {logging_mixin.py:190} INFO - [2026-08-28T14:57:46.652+0000] {dag.py:4180} INFO - Setting next_dagrun for airbyte_to_dbt_pipeline_prod to 2026-08-28 13:00:00+00:00, run_after=2026-08-28 14:00:00+00:00
[2026-08-28T14:57:46.675+0000] {processor.py:208} INFO - Processing /opt/airflow/dags/prod/airbyte_to_dbt_prod.py took 0.135 seconds
[2026-08-28T14:58:16.850+0000] {processor.py:186} INFO - Started process (PID=2597) to work on /opt/airflow/dags/prod/airbyte_to_dbt_prod.py
[2026-08-28T14:58:16.851+0000] {processor.py:914} INFO - Processing file /opt/airflow/dags/prod/airbyte_to_dbt_prod.py for tasks to queue
[2026-08-28T14:58:16.856+0000] {logging_mixin.py:190} INFO - [2026-08-28T14:58:16.855+0000] {dagbag.py:588} INFO - Filling up the DagBag from /opt/airflow/dags/prod/airbyte_to_dbt_prod.py
[2026-08-28T14:58:16.879+0000] {processor.py:925} INFO - DAG(s) 'airbyte_to_dbt_pipeline_prod' retrieved from /opt/airflow/dags/prod/airbyte_to_dbt_prod.py
[2026-08-28T14:58:16.934+0000] {logging_mixin.py:190} INFO - [2026-08-28T14:58:16.934+0000] {dag.py:3239} INFO - Sync 1 DAGs
[2026-08-28T14:58:16.974+0000] {logging_mixin.py:190} INFO - [2026-08-28T14:58:16.973+0000] {dag.py:4180} INFO - Setting next_dagrun for airbyte_to_dbt_pipeline_prod to 2026-08-28 13:00:00+00:00, run_after=2026-08-28 14:00:00+00:00
[2026-08-28T14:58:16.998+0000] {processor.py:208} INFO - Processing /opt/airflow/dags/prod/airbyte_to_dbt_prod.py took 0.160 seconds
[2026-08-28T14:58:47.157+0000] {processor.py:186} INFO - Started process (PID=2607) to work on /opt/airflow/dags/prod/airbyte_to_dbt_prod.py
[2026-08-28T14:58:47.158+0000] {processor.py:914} INFO - Processing file /opt/airflow/dags/prod/airbyte_to_dbt_prod.py for tasks to queue
[2026-08-28T14:58:47.161+0000] {logging_mixin.py:190} INFO - [2026-08-28T14:58:47.161+0000] {dagbag.py:588} INFO - Filling up the DagBag from /opt/airflow/dags/prod/airbyte_to_dbt_prod.py
[2026-08-28T14:58:47.184+0000] {processor.py:925} INFO - DAG(s) 'airbyte_to_dbt_pipeline_prod' retrieved from /opt/airflow/dags/prod/airbyte_to_dbt_prod.py
[2026-08-28T14:58:47.226+0000] {logging_mixin.py:190} INFO - [2026-08-28T14:58:47.225+0000] {dag.py:3239} INFO - Sync 1 DAGs
[2026-08-28T14:58:47.257+0000] {logging_mixin.py:190} INFO - [2026-08-28T14:58:47.257+0000] {dag.py:4180} INFO - Setting next_dagrun for airbyte_to_dbt_pipeline_prod to 2026-08-28 13:00:00+00:00, run_after=2026-08-28 14:00:00+00:00
[2026-08-28T14:58:47.280+0000] {processor.py:208} INFO - Processing /opt/airflow/dags/prod/airbyte_to_dbt_prod.py took 0.132 seconds
[2026-08-28T14:59:17.461+0000] {processor.py:186} INFO - Started process (PID=2617) to work on /opt/airflow/dags/prod/airbyte_to_dbt_prod.py
[2026-08-28T14:59:17.462+0000] {processor.py:914} INFO - Processing file /opt/airflow/dags/prod/airbyte_to_dbt_prod.py for tasks to queue
[2026-08-28T14:59:17.466+0000] {logging_mixin.py:190} INFO - [2026-08-28T14:59:17.466+0000] {dagbag.py:588} INFO - Filling up the DagBag from /opt/airflow/dags/prod/airbyte_to_dbt_prod.py
[2026-08-28T14:59:17.496+0000] {processor.py:925} INFO - DAG(s) 'airbyte_to_dbt_pipeline_prod' retrieved from /opt/airflow/dags/prod/airbyte_to_dbt_prod.py
[2026-08-28T14:59:17.552+0000] {logging_mixin.py:190} INFO - [2026-08-28T14:59:17.552+0000] {dag.py:3239} INFO - Sync 1 DAGs
[2026-08-28T14:59:17.593+0000] {logging_mixin.py:190} INFO - [2026-08-28T14:59:17.593+0000] {dag.py:4180} INFO - Setting next_dagrun for airbyte_to_dbt_pipeline_prod to 2026-08-28 13:00:00+00:00, run_after=2026-08-28 14:00:00+00:00
[2026-08-28T14:59:17.619+0000] {processor.py:208} INFO - Processing /opt/airflow/dags/prod/airbyte_to_dbt_prod.py took 0.170 seconds
[2026-08-28T14:59:47.784+0000] {processor.py:186} INFO - Started process (PID=2627) to work on /opt/airflow/dags/prod/airbyte_to_dbt_prod.py
[2026-08-28T14:59:47.785+0000] {processor.py:914} INFO - Processing file /opt/airflow/dags/prod/airbyte_to_dbt_prod.py for tasks to queue
[2026-08-28T14:59:47.788+0000] {logging_mixin.py:190} INFO - [2026-08-28T14:59:47.787+0000] {dagbag.py:588} INFO - Filling up the DagBag from /opt/airflow/dags/prod/airbyte_to_dbt_prod.py
[2026-08-28T14:59:47.811+0000] {processor.py:925} INFO - DAG(s) 'airbyte_to_dbt_pipeline_prod' retrieved from /opt/airflow/dags/prod/airbyte_to_dbt_prod.py
[2026-08-28T14:59:47.853+0000] {logging_mixin.py:190} INFO - [2026-08-28T14:59:47.853+0000] {dag.py:3239} INFO - Sync 1 DAGs
[2026-08-28T14:59:47.891+0000] {logging_mixin.py:190} INFO - [2026-08-28T14:59:47.891+0000] {dag.py:4180} INFO - Setting next_dagrun for airbyte_to_dbt_pipeline_prod to 2026-08-28 13:00:00+00:00, run_after=2026-08-28 14:00:00+00:00
[2026-08-28T14:59:47.921+0000] {processor.py:208} INFO - Processing /opt/airflow/dags/prod/airbyte_to_dbt_prod.py took 0.146 seconds
[2026-08-28T15:00:18.113+0000] {processor.py:186} INFO - Started process (PID=2637) to work on /opt/airflow/dags/prod/airbyte_to_dbt_prod.py
[2026-08-28T15:00:18.114+0000] {processor.py:914} INFO - Processing file /opt/airflow/dags/prod/airbyte_to_dbt_prod.py for tasks to queue
[2026-08-28T15:00:18.118+0000] {logging_mixin.py:190} INFO - [2026-08-28T15:00:18.118+0000] {dagbag.py:588} INFO - Filling up the DagBag from /opt/airflow/dags/prod/airbyte_to_dbt_prod.py
[2026-08-28T15:00:18.153+0000] {processor.py:925} INFO - DAG(s) 'airbyte_to_dbt_pipeline_prod' retrieved from /opt/airflow/dags/prod/airbyte_to_dbt_prod.py
[2026-08-28T15:00:18.201+0000] {logging_mixin.py:190} INFO - [2026-08-28T15:00:18.200+0000] {dag.py:3239} INFO - Sync 1 DAGs
[2026-08-28T15:00:18.242+0000] {logging_mixin.py:190} INFO - [2026-08-28T15:00:18.242+0000] {dag.py:4180} INFO - Setting next_dagrun for airbyte_to_dbt_pipeline_prod to 2026-08-28 14:00:00+00:00, run_after=2026-08-28 15:00:00+00:00
[2026-08-28T15:00:18.271+0000] {processor.py:208} INFO - Processing /opt/airflow/dags/prod/airbyte_to_dbt_prod.py took 0.169 seconds
[2026-08-28T15:00:48.430+0000] {processor.py:186} INFO - Started process (PID=2647) to work on /opt/airflow/dags/prod/airbyte_to_dbt_prod.py
[2026-08-28T15:00:48.431+0000] {processor.py:914} INFO - Processing file /opt/airflow/dags/prod/airbyte_to_dbt_prod.py for tasks to queue
[2026-08-28T15:00:48.436+0000] {logging_mixin.py:190} INFO - [2026-08-28T15:00:48.435+0000] {dagbag.py:588} INFO - Filling up the DagBag from /opt/airflow/dags/prod/airbyte_to_dbt_prod.py
[2026-08-28T15:00:48.467+0000] {processor.py:925} INFO - DAG(s) 'airbyte_to_dbt_pipeline_prod' retrieved from /opt/airflow/dags/prod/airbyte_to_dbt_prod.py
[2026-08-28T15:00:48.515+0000] {logging_mixin.py:190} INFO - [2026-08-28T15:00:48.515+0000] {dag.py:3239} INFO - Sync 1 DAGs
[2026-08-28T15:00:48.550+0000] {logging_mixin.py:190} INFO - [2026-08-28T15:00:48.549+0000] {dag.py:4180} INFO - Setting next_dagrun for airbyte_to_dbt_pipeline_prod to 2026-08-28 14:00:00+00:00, run_after=2026-08-28 15:00:00+00:00
[2026-08-28T15:00:48.576+0000] {processor.py:208} INFO - Processing /opt/airflow/dags/prod/airbyte_to_dbt_prod.py took 0.159 seconds
[2026-08-28T15:01:18.752+0000] {processor.py:186} INFO - Started process (PID=2657) to work on /opt/airflow/dags/prod/airbyte_to_dbt_prod.py
[2026-08-28T15:01:18.753+0000] {processor.py:914} INFO - Processing file /opt/airflow/dags/prod/airbyte_to_dbt_prod.py for tasks to queue
[2026-08-28T15:01:18.757+0000] {logging_mixin.py:190} INFO - [2026-08-28T15:01:18.757+0000] {dagbag.py:588} INFO - Filling up the DagBag from /opt/airflow/dags/prod/airbyte_to_dbt_prod.py
[2026-08-28T15:01:18.787+0000] {processor.py:925} INFO - DAG(s) 'airbyte_to_dbt_pipeline_prod' retrieved from /opt/airflow/dags/prod/airbyte_to_dbt_prod.py
[2026-08-28T15:01:18.838+0000] {logging_mixin.py:190} INFO - [2026-08-28T15:01:18.837+0000] {dag.py:3239} INFO - Sync 1 DAGs
[2026-08-28T15:01:18.877+0000] {logging_mixin.py:190} INFO - [2026-08-28T15:01:18.877+0000] {dag.py:4180} INFO - Setting next_dagrun for airbyte_to_dbt_pipeline_prod to 2026-08-28 14:00:00+00:00, run_after=2026-08-28 15:00:00+00:00
[2026-08-28T15:01:18.903+0000] {processor.py:208} INFO - Processing /opt/airflow/dags/prod/airbyte_to_dbt_prod.py took 0.162 seconds
[2026-08-28T15:01:49.055+0000] {processor.py:186} INFO - Started process (PID=2667) to work on /opt/airflow/dags/prod/airbyte_to_dbt_prod.py
[2026-08-28T15:01:49.057+0000] {processor.py:914} INFO - Processing file /opt/airflow/dags/prod/airbyte_to_dbt_prod.py for tasks to queue
[2026-08-28T15:01:49.061+0000] {logging_mixin.py:190} INFO - [2026-08-28T15:01:49.061+0000] {dagbag.py:588} INFO - Filling up the DagBag from /opt/airflow/dags/prod/airbyte_to_dbt_prod.py
[2026-08-28T15:01:49.088+0000] {processor.py:925} INFO - DAG(s) 'airbyte_to_dbt_pipeline_prod' retrieved from /opt/airflow/dags/prod/airbyte_to_dbt_prod.py
[2026-08-28T15:01:49.140+0000] {logging_mixin.py:190} INFO - [2026-08-28T15:01:49.140+0000] {dag.py:3239} INFO - Sync 1 DAGs
[2026-08-28T15:01:49.176+0000] {logging_mixin.py:190} INFO - [2026-08-28T15:01:49.176+0000] {dag.py:4180} INFO - Setting next_dagrun for airbyte_to_dbt_pipeline_prod to 2026-08-28 14:00:00+00:00, run_after=2026-08-28 15:00:00+00:00
[2026-08-28T15:01:49.199+0000] {processor.py:208} INFO - Processing /opt/airflow/dags/prod/airbyte_to_dbt_prod.py took 0.155 seconds
[2026-08-28T15:02:19.395+0000] {processor.py:186} INFO - Started process (PID=2677) to work on /opt/airflow/dags/prod/airbyte_to_dbt_prod.py
[2026-08-28T15:02:19.396+0000] {processor.py:914} INFO - Processing file /opt/airflow/dags/prod/airbyte_to_dbt_prod.py for tasks to queue
[2026-08-28T15:02:19.401+0000] {logging_mixin.py:190} INFO - [2026-08-28T15:02:19.400+0000] {dagbag.py:588} INFO - Filling up the DagBag from /opt/airflow/dags/prod/airbyte_to_dbt_prod.py
[2026-08-28T15:02:19.431+0000] {processor.py:925} INFO - DAG(s) 'airbyte_to_dbt_pipeline_prod' retrieved from /opt/airflow/dags/prod/airbyte_to_dbt_prod.py
[2026-08-28T15:02:19.470+0000] {logging_mixin.py:190} INFO - [2026-08-28T15:02:19.470+0000] {dag.py:3239} INFO - Sync 1 DAGs
[2026-08-28T15:02:19.509+0000] {logging_mixin.py:190} INFO - [2026-08-28T15:02:19.509+0000] {dag.py:4180} INFO - Setting next_dagrun for airbyte_to_dbt_pipeline_prod to 2026-08-28 14:00:00+00:00, run_after=2026-08-28 15:00:00+00:00
[2026-08-28T15:02:19.532+0000] {processor.py:208} INFO - Processing /opt/airflow/dags/prod/airbyte_to_dbt_prod.py took 0.148 seconds
[2026-08-28T15:02:49.711+0000] {processor.py:186} INFO - Started process (PID=2687) to work on /opt/airflow/dags/prod/airbyte_to_dbt_prod.py
[2026-08-28T15:02:49.713+0000] {processor.py:914} INFO - Processing file /opt/airflow/dags/prod/airbyte_to_dbt_prod.py for tasks to queue
[2026-08-28T15:02:49.717+0000] {logging_mixin.py:190} INFO - [2026-08-28T15:02:49.716+0000] {dagbag.py:588} INFO - Filling up the DagBag from /opt/airflow/dags/prod/airbyte_to_dbt_prod.py
[2026-08-28T15:02:49.746+0000] {processor.py:925} INFO - DAG(s) 'airbyte_to_dbt_pipeline_prod' retrieved from /opt/airflow/dags/prod/airbyte_to_dbt_prod.py
[2026-08-28T15:02:49.791+0000] {logging_mixin.py:190} INFO - [2026-08-28T15:02:49.790+0000] {dag.py:3239} INFO - Sync 1 DAGs
[2026-08-28T15:02:49.829+0000] {logging_mixin.py:190} INFO - [2026-08-28T15:02:49.828+0000] {dag.py:4180} INFO - Setting next_dagrun for airbyte_to_dbt_pipeline_prod to 2026-08-28 14:00:00+00:00, run_after=2026-08-28 15:00:00+00:00
[2026-08-28T15:02:49.849+0000] {processor.py:208} INFO - Processing /opt/airflow/dags/prod/airbyte_to_dbt_prod.py took 0.149 seconds
[2026-08-28T15:03:20.017+0000] {processor.py:186} INFO - Started process (PID=2697) to work on /opt/airflow/dags/prod/airbyte_to_dbt_prod.py
[2026-08-28T15:03:20.018+0000] {processor.py:914} INFO - Processing file /opt/airflow/dags/prod/airbyte_to_dbt_prod.py for tasks to queue
[2026-08-28T15:03:20.022+0000] {logging_mixin.py:190} INFO - [2026-08-28T15:03:20.021+0000] {dagbag.py:588} INFO - Filling up the DagBag from /opt/airflow/dags/prod/airbyte_to_dbt_prod.py
[2026-08-28T15:03:20.044+0000] {processor.py:925} INFO - DAG(s) 'airbyte_to_dbt_pipeline_prod' retrieved from /opt/airflow/dags/prod/airbyte_to_dbt_prod.py
[2026-08-28T15:03:20.085+0000] {logging_mixin.py:190} INFO - [2026-08-28T15:03:20.085+0000] {dag.py:3239} INFO - Sync 1 DAGs
[2026-08-28T15:03:20.118+0000] {logging_mixin.py:190} INFO - [2026-08-28T15:03:20.118+0000] {dag.py:4180} INFO - Setting next_dagrun for airbyte_to_dbt_pipeline_prod to 2026-08-28 14:00:00+00:00, run_after=2026-08-28 15:00:00+00:00
[2026-08-28T15:03:20.145+0000] {processor.py:208} INFO - Processing /opt/airflow/dags/prod/airbyte_to_dbt_prod.py took 0.139 seconds
[2026-08-28T15:03:50.320+0000] {processor.py:186} INFO - Started process (PID=2707) to work on /opt/airflow/dags/prod/airbyte_to_dbt_prod.py
[2026-08-28T15:03:50.321+0000] {processor.py:914} INFO - Processing file /opt/airflow/dags/prod/airbyte_to_dbt_prod.py for tasks to queue
[2026-08-28T15:03:50.326+0000] {logging_mixin.py:190} INFO - [2026-08-28T15:03:50.325+0000] {dagbag.py:588} INFO - Filling up the DagBag from /opt/airflow/dags/prod/airbyte_to_dbt_prod.py
[2026-08-28T15:03:50.353+0000] {processor.py:925} INFO - DAG(s) 'airbyte_to_dbt_pipeline_prod' retrieved from /opt/airflow/dags/prod/airbyte_to_dbt_prod.py
[2026-08-28T15:03:50.399+0000] {logging_mixin.py:190} INFO - [2026-08-28T15:03:50.399+0000] {dag.py:3239} INFO - Sync 1 DAGs
[2026-08-28T15:03:50.442+0000] {logging_mixin.py:190} INFO - [2026-08-28T15:03:50.442+0000] {dag.py:4180} INFO - Setting next_dagrun for airbyte_to_dbt_pipeline_prod to 2026-08-28 14:00:00+00:00, run_after=2026-08-28 15:00:00+00:00
[2026-08-28T15:03:50.466+0000] {processor.py:208} INFO - Processing /opt/airflow/dags/prod/airbyte_to_dbt_prod.py took 0.154 seconds
[2026-08-28T15:04:20.626+0000] {processor.py:186} INFO - Started process (PID=2717) to work on /opt/airflow/dags/prod/airbyte_to_dbt_prod.py
[2026-08-28T15:04:20.627+0000] {processor.py:914} INFO - Processing file /opt/airflow/dags/prod/airbyte_to_dbt_prod.py for tasks to queue
[2026-08-28T15:04:20.631+0000] {logging_mixin.py:190} INFO - [2026-08-28T15:04:20.630+0000] {dagbag.py:588} INFO - Filling up the DagBag from /opt/airflow/dags/prod/airbyte_to_dbt_prod.py
[2026-08-28T15:04:20.660+0000] {processor.py:925} INFO - DAG(s) 'airbyte_to_dbt_pipeline_prod' retrieved from /opt/airflow/dags/prod/airbyte_to_dbt_prod.py
[2026-08-28T15:04:20.705+0000] {logging_mixin.py:190} INFO - [2026-08-28T15:04:20.705+0000] {dag.py:3239} INFO - Sync 1 DAGs
[2026-08-28T15:04:20.742+0000] {logging_mixin.py:190} INFO - [2026-08-28T15:04:20.742+0000] {dag.py:4180} INFO - Setting next_dagrun for airbyte_to_dbt_pipeline_prod to 2026-08-28 14:00:00+00:00, run_after=2026-08-28 15:00:00+00:00
[2026-08-28T15:04:20.762+0000] {processor.py:208} INFO - Processing /opt/airflow/dags/prod/airbyte_to_dbt_prod.py took 0.144 seconds
[2026-08-28T15:04:50.918+0000] {processor.py:186} INFO - Started process (PID=2727) to work on /opt/airflow/dags/prod/airbyte_to_dbt_prod.py
[2026-08-28T15:04:50.919+0000] {processor.py:914} INFO - Processing file /opt/airflow/dags/prod/airbyte_to_dbt_prod.py for tasks to queue
[2026-08-28T15:04:50.924+0000] {logging_mixin.py:190} INFO - [2026-08-28T15:04:50.924+0000] {dagbag.py:588} INFO - Filling up the DagBag from /opt/airflow/dags/prod/airbyte_to_dbt_prod.py
[2026-08-28T15:04:50.955+0000] {processor.py:925} INFO - DAG(s) 'airbyte_to_dbt_pipeline_prod' retrieved from /opt/airflow/dags/prod/airbyte_to_dbt_prod.py
[2026-08-28T15:04:51.008+0000] {logging_mixin.py:190} INFO - [2026-08-28T15:04:51.008+0000] {dag.py:3239} INFO - Sync 1 DAGs
[2026-08-28T15:04:51.045+0000] {logging_mixin.py:190} INFO - [2026-08-28T15:04:51.044+0000] {dag.py:4180} INFO - Setting next_dagrun for airbyte_to_dbt_pipeline_prod to 2026-08-28 14:00:00+00:00, run_after=2026-08-28 15:00:00+00:00
[2026-08-28T15:04:51.067+0000] {processor.py:208} INFO - Processing /opt/airflow/dags/prod/airbyte_to_dbt_prod.py took 0.162 seconds
[2026-08-28T15:05:21.242+0000] {processor.py:186} INFO - Started process (PID=2737) to work on /opt/airflow/dags/prod/airbyte_to_dbt_prod.py
[2026-08-28T15:05:21.246+0000] {processor.py:914} INFO - Processing file /opt/airflow/dags/prod/airbyte_to_dbt_prod.py for tasks to queue
[2026-08-28T15:05:21.250+0000] {logging_mixin.py:190} INFO - [2026-08-28T15:05:21.250+0000] {dagbag.py:588} INFO - Filling up the DagBag from /opt/airflow/dags/prod/airbyte_to_dbt_prod.py
[2026-08-28T15:05:21.281+0000] {processor.py:925} INFO - DAG(s) 'airbyte_to_dbt_pipeline_prod' retrieved from /opt/airflow/dags/prod/airbyte_to_dbt_prod.py
[2026-08-28T15:05:21.334+0000] {logging_mixin.py:190} INFO - [2026-08-28T15:05:21.334+0000] {dag.py:3239} INFO - Sync 1 DAGs
[2026-08-28T15:05:21.369+0000] {logging_mixin.py:190} INFO - [2026-08-28T15:05:21.369+0000] {dag.py:4180} INFO - Setting next_dagrun for airbyte_to_dbt_pipeline_prod to 2026-08-28 14:00:00+00:00, run_after=2026-08-28 15:00:00+00:00
[2026-08-28T15:05:21.391+0000] {processor.py:208} INFO - Processing /opt/airflow/dags/prod/airbyte_to_dbt_prod.py took 0.160 seconds
[2026-08-28T15:05:51.564+0000] {processor.py:186} INFO - Started process (PID=2747) to work on /opt/airflow/dags/prod/airbyte_to_dbt_prod.py
[2026-08-28T15:05:51.565+0000] {processor.py:914} INFO - Processing file /opt/airflow/dags/prod/airbyte_to_dbt_prod.py for tasks to queue
[2026-08-28T15:05:51.569+0000] {logging_mixin.py:190} INFO - [2026-08-28T15:05:51.569+0000] {dagbag.py:588} INFO - Filling up the DagBag from /opt/airflow/dags/prod/airbyte_to_dbt_prod.py
[2026-08-28T15:05:51.595+0000] {processor.py:925} INFO - DAG(s) 'airbyte_to_dbt_pipeline_prod' retrieved from /opt/airflow/dags/prod/airbyte_to_dbt_prod.py
[2026-08-28T15:05:51.649+0000] {logging_mixin.py:190} INFO - [2026-08-28T15:05:51.649+0000] {dag.py:3239} INFO - Sync 1 DAGs
[2026-08-28T15:05:51.686+0000] {logging_mixin.py:190} INFO - [2026-08-28T15:05:51.686+0000] {dag.py:4180} INFO - Setting next_dagrun for airbyte_to_dbt_pipeline_prod to 2026-08-28 14:00:00+00:00, run_after=2026-08-28 15:00:00+00:00
[2026-08-28T15:05:51.712+0000] {processor.py:208} INFO - Processing /opt/airflow/dags/prod/airbyte_to_dbt_prod.py took 0.159 seconds
[2026-08-28T15:06:21.871+0000] {processor.py:186} INFO - Started process (PID=2757) to work on /opt/airflow/dags/prod/airbyte_to_dbt_prod.py
[2026-08-28T15:06:21.872+0000] {processor.py:914} INFO - Processing file /opt/airflow/dags/prod/airbyte_to_dbt_prod.py for tasks to queue
[2026-08-28T15:06:21.875+0000] {logging_mixin.py:190} INFO - [2026-08-28T15:06:21.875+0000] {dagbag.py:588} INFO - Filling up the DagBag from /opt/airflow/dags/prod/airbyte_to_dbt_prod.py
[2026-08-28T15:06:21.903+0000] {processor.py:925} INFO - DAG(s) 'airbyte_to_dbt_pipeline_prod' retrieved from /opt/airflow/dags/prod/airbyte_to_dbt_prod.py
[2026-08-28T15:06:21.963+0000] {logging_mixin.py:190} INFO - [2026-08-28T15:06:21.963+0000] {dag.py:3239} INFO - Sync 1 DAGs
[2026-08-28T15:06:22.001+0000] {logging_mixin.py:190} INFO - [2026-08-28T15:06:22.001+0000] {dag.py:4180} INFO - Setting next_dagrun for airbyte_to_dbt_pipeline_prod to 2026-08-28 14:00:00+00:00, run_after=2026-08-28 15:00:00+00:00
[2026-08-28T15:06:22.027+0000] {processor.py:208} INFO - Processing /opt/airflow/dags/prod/airbyte_to_dbt_prod.py took 0.165 seconds
[2026-08-28T15:06:52.185+0000] {processor.py:186} INFO - Started process (PID=2767) to work on /opt/airflow/dags/prod/airbyte_to_dbt_prod.py
[2026-08-28T15:06:52.186+0000] {processor.py:914} INFO - Processing file /opt/airflow/dags/prod/airbyte_to_dbt_prod.py for tasks to queue
[2026-08-28T15:06:52.191+0000] {logging_mixin.py:190} INFO - [2026-08-28T15:06:52.190+0000] {dagbag.py:588} INFO - Filling up the DagBag from /opt/airflow/dags/prod/airbyte_to_dbt_prod.py
[2026-08-28T15:06:52.220+0000] {processor.py:925} INFO - DAG(s) 'airbyte_to_dbt_pipeline_prod' retrieved from /opt/airflow/dags/prod/airbyte_to_dbt_prod.py
[2026-08-28T15:06:52.271+0000] {logging_mixin.py:190} INFO - [2026-08-28T15:06:52.271+0000] {dag.py:3239} INFO - Sync 1 DAGs
[2026-08-28T15:06:52.310+0000] {logging_mixin.py:190} INFO - [2026-08-28T15:06:52.309+0000] {dag.py:4180} INFO - Setting next_dagrun for airbyte_to_dbt_pipeline_prod to 2026-08-28 14:00:00+00:00, run_after=2026-08-28 15:00:00+00:00
[2026-08-28T15:06:52.332+0000] {processor.py:208} INFO - Processing /opt/airflow/dags/prod/airbyte_to_dbt_prod.py took 0.158 seconds
[2026-08-28T15:07:22.511+0000] {processor.py:186} INFO - Started process (PID=2777) to work on /opt/airflow/dags/prod/airbyte_to_dbt_prod.py
[2026-08-28T15:07:22.512+0000] {processor.py:914} INFO - Processing file /opt/airflow/dags/prod/airbyte_to_dbt_prod.py for tasks to queue
[2026-08-28T15:07:22.515+0000] {logging_mixin.py:190} INFO - [2026-08-28T15:07:22.515+0000] {dagbag.py:588} INFO - Filling up the DagBag from /opt/airflow/dags/prod/airbyte_to_dbt_prod.py
[2026-08-28T15:07:22.544+0000] {processor.py:925} INFO - DAG(s) 'airbyte_to_dbt_pipeline_prod' retrieved from /opt/airflow/dags/prod/airbyte_to_dbt_prod.py
[2026-08-28T15:07:22.590+0000] {logging_mixin.py:190} INFO - [2026-08-28T15:07:22.590+0000] {dag.py:3239} INFO - Sync 1 DAGs
[2026-08-28T15:07:22.636+0000] {logging_mixin.py:190} INFO - [2026-08-28T15:07:22.636+0000] {dag.py:4180} INFO - Setting next_dagrun for airbyte_to_dbt_pipeline_prod to 2026-08-28 14:00:00+00:00, run_after=2026-08-28 15:00:00+00:00
[2026-08-28T15:07:22.658+0000] {processor.py:208} INFO - Processing /opt/airflow/dags/prod/airbyte_to_dbt_prod.py took 0.158 seconds
[2026-08-28T15:07:52.802+0000] {processor.py:186} INFO - Started process (PID=2787) to work on /opt/airflow/dags/prod/airbyte_to_dbt_prod.py
[2026-08-28T15:07:52.803+0000] {processor.py:914} INFO - Processing file /opt/airflow/dags/prod/airbyte_to_dbt_prod.py for tasks to queue
[2026-08-28T15:07:52.808+0000] {logging_mixin.py:190} INFO - [2026-08-28T15:07:52.807+0000] {dagbag.py:588} INFO - Filling up the DagBag from /opt/airflow/dags/prod/airbyte_to_dbt_prod.py
[2026-08-28T15:07:52.836+0000] {processor.py:925} INFO - DAG(s) 'airbyte_to_dbt_pipeline_prod' retrieved from /opt/airflow/dags/prod/airbyte_to_dbt_prod.py
[2026-08-28T15:07:52.879+0000] {logging_mixin.py:190} INFO - [2026-08-28T15:07:52.878+0000] {dag.py:3239} INFO - Sync 1 DAGs
[2026-08-28T15:07:52.920+0000] {logging_mixin.py:190} INFO - [2026-08-28T15:07:52.920+0000] {dag.py:4180} INFO - Setting next_dagrun for airbyte_to_dbt_pipeline_prod to 2026-08-28 14:00:00+00:00, run_after=2026-08-28 15:00:00+00:00
[2026-08-28T15:07:52.944+0000] {processor.py:208} INFO - Processing /opt/airflow/dags/prod/airbyte_to_dbt_prod.py took 0.151 seconds
[2026-08-28T15:08:23.113+0000] {processor.py:186} INFO - Started process (PID=2797) to work on /opt/airflow/dags/prod/airbyte_to_dbt_prod.py
[2026-08-28T15:08:23.114+0000] {processor.py:914} INFO - Processing file /opt/airflow/dags/prod/airbyte_to_dbt_prod.py for tasks to queue
[2026-08-28T15:08:23.118+0000] {logging_mixin.py:190} INFO - [2026-08-28T15:08:23.118+0000] {dagbag.py:588} INFO - Filling up the DagBag from /opt/airflow/dags/prod/airbyte_to_dbt_prod.py
[2026-08-28T15:08:23.147+0000] {processor.py:925} INFO - DAG(s) 'airbyte_to_dbt_pipeline_prod' retrieved from /opt/airflow/dags/prod/airbyte_to_dbt_prod.py
[2026-08-28T15:08:23.191+0000] {logging_mixin.py:190} INFO - [2026-08-28T15:08:23.191+0000] {dag.py:3239} INFO - Sync 1 DAGs
[2026-08-28T15:08:23.229+0000] {logging_mixin.py:190} INFO - [2026-08-28T15:08:23.228+0000] {dag.py:4180} INFO - Setting next_dagrun for airbyte_to_dbt_pipeline_prod to 2026-08-28 14:00:00+00:00, run_after=2026-08-28 15:00:00+00:00
[2026-08-28T15:08:23.256+0000] {processor.py:208} INFO - Processing /opt/airflow/dags/prod/airbyte_to_dbt_prod.py took 0.155 seconds
[2026-08-28T15:08:53.427+0000] {processor.py:186} INFO - Started process (PID=2807) to work on /opt/airflow/dags/prod/airbyte_to_dbt_prod.py
[2026-08-28T15:08:53.428+0000] {processor.py:914} INFO - Processing file /opt/airflow/dags/prod/airbyte_to_dbt_prod.py for tasks to queue
[2026-08-28T15:08:53.431+0000] {logging_mixin.py:190} INFO - [2026-08-28T15:08:53.430+0000] {dagbag.py:588} INFO - Filling up the DagBag from /opt/airflow/dags/prod/airbyte_to_dbt_prod.py
[2026-08-28T15:08:53.453+0000] {processor.py:925} INFO - DAG(s) 'airbyte_to_dbt_pipeline_prod' retrieved from /opt/airflow/dags/prod/airbyte_to_dbt_prod.py
[2026-08-28T15:08:53.497+0000] {logging_mixin.py:190} INFO - [2026-08-28T15:08:53.497+0000] {dag.py:3239} INFO - Sync 1 DAGs
[2026-08-28T15:08:53.528+0000] {logging_mixin.py:190} INFO - [2026-08-28T15:08:53.528+0000] {dag.py:4180} INFO - Setting next_dagrun for airbyte_to_dbt_pipeline_prod to 2026-08-28 14:00:00+00:00, run_after=2026-08-28 15:00:00+00:00
[2026-08-28T15:08:53.553+0000] {processor.py:208} INFO - Processing /opt/airflow/dags/prod/airbyte_to_dbt_prod.py took 0.134 seconds
[2026-08-28T15:09:23.718+0000] {processor.py:186} INFO - Started process (PID=2817) to work on /opt/airflow/dags/prod/airbyte_to_dbt_prod.py
[2026-08-28T15:09:23.720+0000] {processor.py:914} INFO - Processing file /opt/airflow/dags/prod/airbyte_to_dbt_prod.py for tasks to queue
[2026-08-28T15:09:23.726+0000] {logging_mixin.py:190} INFO - [2026-08-28T15:09:23.725+0000] {dagbag.py:588} INFO - Filling up the DagBag from /opt/airflow/dags/prod/airbyte_to_dbt_prod.py
[2026-08-28T15:09:23.756+0000] {processor.py:925} INFO - DAG(s) 'airbyte_to_dbt_pipeline_prod' retrieved from /opt/airflow/dags/prod/airbyte_to_dbt_prod.py
[2026-08-28T15:09:23.810+0000] {logging_mixin.py:190} INFO - [2026-08-28T15:09:23.809+0000] {dag.py:3239} INFO - Sync 1 DAGs
[2026-08-28T15:09:23.844+0000] {logging_mixin.py:190} INFO - [2026-08-28T15:09:23.844+0000] {dag.py:4180} INFO - Setting next_dagrun for airbyte_to_dbt_pipeline_prod to 2026-08-28 14:00:00+00:00, run_after=2026-08-28 15:00:00+00:00
[2026-08-28T15:09:23.872+0000] {processor.py:208} INFO - Processing /opt/airflow/dags/prod/airbyte_to_dbt_prod.py took 0.165 seconds
[2026-08-28T15:09:53.928+0000] {processor.py:186} INFO - Started process (PID=2827) to work on /opt/airflow/dags/prod/airbyte_to_dbt_prod.py
[2026-08-28T15:09:53.929+0000] {processor.py:914} INFO - Processing file /opt/airflow/dags/prod/airbyte_to_dbt_prod.py for tasks to queue
[2026-08-28T15:09:53.933+0000] {logging_mixin.py:190} INFO - [2026-08-28T15:09:53.933+0000] {dagbag.py:588} INFO - Filling up the DagBag from /opt/airflow/dags/prod/airbyte_to_dbt_prod.py
[2026-08-28T15:09:53.964+0000] {processor.py:925} INFO - DAG(s) 'airbyte_to_dbt_pipeline_prod' retrieved from /opt/airflow/dags/prod/airbyte_to_dbt_prod.py
[2026-08-28T15:09:54.020+0000] {logging_mixin.py:190} INFO - [2026-08-28T15:09:54.020+0000] {dag.py:3239} INFO - Sync 1 DAGs
[2026-08-28T15:09:54.060+0000] {logging_mixin.py:190} INFO - [2026-08-28T15:09:54.060+0000] {dag.py:4180} INFO - Setting next_dagrun for airbyte_to_dbt_pipeline_prod to 2026-08-28 14:00:00+00:00, run_after=2026-08-28 15:00:00+00:00
[2026-08-28T15:09:54.084+0000] {processor.py:208} INFO - Processing /opt/airflow/dags/prod/airbyte_to_dbt_prod.py took 0.168 seconds
[2026-08-28T15:10:24.254+0000] {processor.py:186} INFO - Started process (PID=2837) to work on /opt/airflow/dags/prod/airbyte_to_dbt_prod.py
[2026-08-28T15:10:24.256+0000] {processor.py:914} INFO - Processing file /opt/airflow/dags/prod/airbyte_to_dbt_prod.py for tasks to queue
[2026-08-28T15:10:24.260+0000] {logging_mixin.py:190} INFO - [2026-08-28T15:10:24.259+0000] {dagbag.py:588} INFO - Filling up the DagBag from /opt/airflow/dags/prod/airbyte_to_dbt_prod.py
[2026-08-28T15:10:24.291+0000] {processor.py:925} INFO - DAG(s) 'airbyte_to_dbt_pipeline_prod' retrieved from /opt/airflow/dags/prod/airbyte_to_dbt_prod.py
[2026-08-28T15:10:24.334+0000] {logging_mixin.py:190} INFO - [2026-08-28T15:10:24.334+0000] {dag.py:3239} INFO - Sync 1 DAGs
[2026-08-28T15:10:24.366+0000] {logging_mixin.py:190} INFO - [2026-08-28T15:10:24.366+0000] {dag.py:4180} INFO - Setting next_dagrun for airbyte_to_dbt_pipeline_prod to 2026-08-28 14:00:00+00:00, run_after=2026-08-28 15:00:00+00:00
[2026-08-28T15:10:24.392+0000] {processor.py:208} INFO - Processing /opt/airflow/dags/prod/airbyte_to_dbt_prod.py took 0.148 seconds
[2026-08-28T15:10:54.593+0000] {processor.py:186} INFO - Started process (PID=2847) to work on /opt/airflow/dags/prod/airbyte_to_dbt_prod.py
[2026-08-28T15:10:54.594+0000] {processor.py:914} INFO - Processing file /opt/airflow/dags/prod/airbyte_to_dbt_prod.py for tasks to queue
[2026-08-28T15:10:54.597+0000] {logging_mixin.py:190} INFO - [2026-08-28T15:10:54.596+0000] {dagbag.py:588} INFO - Filling up the DagBag from /opt/airflow/dags/prod/airbyte_to_dbt_prod.py
[2026-08-28T15:10:54.622+0000] {processor.py:925} INFO - DAG(s) 'airbyte_to_dbt_pipeline_prod' retrieved from /opt/airflow/dags/prod/airbyte_to_dbt_prod.py
[2026-08-28T15:10:54.664+0000] {logging_mixin.py:190} INFO - [2026-08-28T15:10:54.663+0000] {dag.py:3239} INFO - Sync 1 DAGs
[2026-08-28T15:10:54.695+0000] {logging_mixin.py:190} INFO - [2026-08-28T15:10:54.694+0000] {dag.py:4180} INFO - Setting next_dagrun for airbyte_to_dbt_pipeline_prod to 2026-08-28 14:00:00+00:00, run_after=2026-08-28 15:00:00+00:00
[2026-08-28T15:10:54.720+0000] {processor.py:208} INFO - Processing /opt/airflow/dags/prod/airbyte_to_dbt_prod.py took 0.135 seconds
[2026-08-28T15:11:24.913+0000] {processor.py:186} INFO - Started process (PID=2857) to work on /opt/airflow/dags/prod/airbyte_to_dbt_prod.py
[2026-08-28T15:11:24.915+0000] {processor.py:914} INFO - Processing file /opt/airflow/dags/prod/airbyte_to_dbt_prod.py for tasks to queue
[2026-08-28T15:11:24.919+0000] {logging_mixin.py:190} INFO - [2026-08-28T15:11:24.918+0000] {dagbag.py:588} INFO - Filling up the DagBag from /opt/airflow/dags/prod/airbyte_to_dbt_prod.py
[2026-08-28T15:11:24.948+0000] {processor.py:925} INFO - DAG(s) 'airbyte_to_dbt_pipeline_prod' retrieved from /opt/airflow/dags/prod/airbyte_to_dbt_prod.py
[2026-08-28T15:11:25.001+0000] {logging_mixin.py:190} INFO - [2026-08-28T15:11:25.001+0000] {dag.py:3239} INFO - Sync 1 DAGs
[2026-08-28T15:11:25.037+0000] {logging_mixin.py:190} INFO - [2026-08-28T15:11:25.036+0000] {dag.py:4180} INFO - Setting next_dagrun for airbyte_to_dbt_pipeline_prod to 2026-08-28 14:00:00+00:00, run_after=2026-08-28 15:00:00+00:00
[2026-08-28T15:11:25.062+0000] {processor.py:208} INFO - Processing /opt/airflow/dags/prod/airbyte_to_dbt_prod.py took 0.161 seconds
[2026-08-28T15:11:55.234+0000] {processor.py:186} INFO - Started process (PID=2867) to work on /opt/airflow/dags/prod/airbyte_to_dbt_prod.py
[2026-08-28T15:11:55.235+0000] {processor.py:914} INFO - Processing file /opt/airflow/dags/prod/airbyte_to_dbt_prod.py for tasks to queue
[2026-08-28T15:11:55.239+0000] {logging_mixin.py:190} INFO - [2026-08-28T15:11:55.238+0000] {dagbag.py:588} INFO - Filling up the DagBag from /opt/airflow/dags/prod/airbyte_to_dbt_prod.py
[2026-08-28T15:11:55.262+0000] {processor.py:925} INFO - DAG(s) 'airbyte_to_dbt_pipeline_prod' retrieved from /opt/airflow/dags/prod/airbyte_to_dbt_prod.py
[2026-08-28T15:11:55.302+0000] {logging_mixin.py:190} INFO - [2026-08-28T15:11:55.302+0000] {dag.py:3239} INFO - Sync 1 DAGs
[2026-08-28T15:11:55.336+0000] {logging_mixin.py:190} INFO - [2026-08-28T15:11:55.336+0000] {dag.py:4180} INFO - Setting next_dagrun for airbyte_to_dbt_pipeline_prod to 2026-08-28 14:00:00+00:00, run_after=2026-08-28 15:00:00+00:00
[2026-08-28T15:11:55.363+0000] {processor.py:208} INFO - Processing /opt/airflow/dags/prod/airbyte_to_dbt_prod.py took 0.138 seconds
[2026-08-28T15:12:25.570+0000] {processor.py:186} INFO - Started process (PID=2877) to work on /opt/airflow/dags/prod/airbyte_to_dbt_prod.py
[2026-08-28T15:12:25.572+0000] {processor.py:914} INFO - Processing file /opt/airflow/dags/prod/airbyte_to_dbt_prod.py for tasks to queue
[2026-08-28T15:12:25.576+0000] {logging_mixin.py:190} INFO - [2026-08-28T15:12:25.575+0000] {dagbag.py:588} INFO - Filling up the DagBag from /opt/airflow/dags/prod/airbyte_to_dbt_prod.py
[2026-08-28T15:12:25.608+0000] {processor.py:925} INFO - DAG(s) 'airbyte_to_dbt_pipeline_prod' retrieved from /opt/airflow/dags/prod/airbyte_to_dbt_prod.py
[2026-08-28T15:12:25.659+0000] {logging_mixin.py:190} INFO - [2026-08-28T15:12:25.659+0000] {dag.py:3239} INFO - Sync 1 DAGs
[2026-08-28T15:12:25.698+0000] {logging_mixin.py:190} INFO - [2026-08-28T15:12:25.698+0000] {dag.py:4180} INFO - Setting next_dagrun for airbyte_to_dbt_pipeline_prod to 2026-08-28 14:00:00+00:00, run_after=2026-08-28 15:00:00+00:00
[2026-08-28T15:12:25.722+0000] {processor.py:208} INFO - Processing /opt/airflow/dags/prod/airbyte_to_dbt_prod.py took 0.166 seconds
[2026-08-28T15:12:55.888+0000] {processor.py:186} INFO - Started process (PID=2887) to work on /opt/airflow/dags/prod/airbyte_to_dbt_prod.py
[2026-08-28T15:12:55.889+0000] {processor.py:914} INFO - Processing file /opt/airflow/dags/prod/airbyte_to_dbt_prod.py for tasks to queue
[2026-08-28T15:12:55.893+0000] {logging_mixin.py:190} INFO - [2026-08-28T15:12:55.892+0000] {dagbag.py:588} INFO - Filling up the DagBag from /opt/airflow/dags/prod/airbyte_to_dbt_prod.py
[2026-08-28T15:12:55.923+0000] {processor.py:925} INFO - DAG(s) 'airbyte_to_dbt_pipeline_prod' retrieved from /opt/airflow/dags/prod/airbyte_to_dbt_prod.py
[2026-08-28T15:12:55.985+0000] {logging_mixin.py:190} INFO - [2026-08-28T15:12:55.985+0000] {dag.py:3239} INFO - Sync 1 DAGs
[2026-08-28T15:12:56.025+0000] {logging_mixin.py:190} INFO - [2026-08-28T15:12:56.025+0000] {dag.py:4180} INFO - Setting next_dagrun for airbyte_to_dbt_pipeline_prod to 2026-08-28 14:00:00+00:00, run_after=2026-08-28 15:00:00+00:00
[2026-08-28T15:12:56.048+0000] {processor.py:208} INFO - Processing /opt/airflow/dags/prod/airbyte_to_dbt_prod.py took 0.171 seconds
[2026-08-28T15:13:26.207+0000] {processor.py:186} INFO - Started process (PID=2897) to work on /opt/airflow/dags/prod/airbyte_to_dbt_prod.py
[2026-08-28T15:13:26.208+0000] {processor.py:914} INFO - Processing file /opt/airflow/dags/prod/airbyte_to_dbt_prod.py for tasks to queue
[2026-08-28T15:13:26.212+0000] {logging_mixin.py:190} INFO - [2026-08-28T15:13:26.211+0000] {dagbag.py:588} INFO - Filling up the DagBag from /opt/airflow/dags/prod/airbyte_to_dbt_prod.py
[2026-08-28T15:13:26.240+0000] {processor.py:925} INFO - DAG(s) 'airbyte_to_dbt_pipeline_prod' retrieved from /opt/airflow/dags/prod/airbyte_to_dbt_prod.py
[2026-08-28T15:13:26.292+0000] {logging_mixin.py:190} INFO - [2026-08-28T15:13:26.292+0000] {dag.py:3239} INFO - Sync 1 DAGs
[2026-08-28T15:13:26.327+0000] {logging_mixin.py:190} INFO - [2026-08-28T15:13:26.326+0000] {dag.py:4180} INFO - Setting next_dagrun for airbyte_to_dbt_pipeline_prod to 2026-08-28 14:00:00+00:00, run_after=2026-08-28 15:00:00+00:00
[2026-08-28T15:13:26.353+0000] {processor.py:208} INFO - Processing /opt/airflow/dags/prod/airbyte_to_dbt_prod.py took 0.158 seconds
[2026-08-28T15:13:56.520+0000] {processor.py:186} INFO - Started process (PID=2907) to work on /opt/airflow/dags/prod/airbyte_to_dbt_prod.py
[2026-08-28T15:13:56.521+0000] {processor.py:914} INFO - Processing file /opt/airflow/dags/prod/airbyte_to_dbt_prod.py for tasks to queue
[2026-08-28T15:13:56.524+0000] {logging_mixin.py:190} INFO - [2026-08-28T15:13:56.524+0000] {dagbag.py:588} INFO - Filling up the DagBag from /opt/airflow/dags/prod/airbyte_to_dbt_prod.py
[2026-08-28T15:13:56.547+0000] {processor.py:925} INFO - DAG(s) 'airbyte_to_dbt_pipeline_prod' retrieved from /opt/airflow/dags/prod/airbyte_to_dbt_prod.py
[2026-08-28T15:13:56.595+0000] {logging_mixin.py:190} INFO - [2026-08-28T15:13:56.595+0000] {dag.py:3239} INFO - Sync 1 DAGs
[2026-08-28T15:13:56.635+0000] {logging_mixin.py:190} INFO - [2026-08-28T15:13:56.635+0000] {dag.py:4180} INFO - Setting next_dagrun for airbyte_to_dbt_pipeline_prod to 2026-08-28 14:00:00+00:00, run_after=2026-08-28 15:00:00+00:00
[2026-08-28T15:13:56.658+0000] {processor.py:208} INFO - Processing /opt/airflow/dags/prod/airbyte_to_dbt_prod.py took 0.147 seconds
[2026-08-28T15:14:26.828+0000] {processor.py:186} INFO - Started process (PID=2917) to work on /opt/airflow/dags/prod/airbyte_to_dbt_prod.py
[2026-08-28T15:14:26.829+0000] {processor.py:914} INFO - Processing file /opt/airflow/dags/prod/airbyte_to_dbt_prod.py for tasks to queue
[2026-08-28T15:14:26.832+0000] {logging_mixin.py:190} INFO - [2026-08-28T15:14:26.832+0000] {dagbag.py:588} INFO - Filling up the DagBag from /opt/airflow/dags/prod/airbyte_to_dbt_prod.py
[2026-08-28T15:14:26.863+0000] {processor.py:925} INFO - DAG(s) 'airbyte_to_dbt_pipeline_prod' retrieved from /opt/airflow/dags/prod/airbyte_to_dbt_prod.py
[2026-08-28T15:14:26.910+0000] {logging_mixin.py:190} INFO - [2026-08-28T15:14:26.910+0000] {dag.py:3239} INFO - Sync 1 DAGs
[2026-08-28T15:14:26.946+0000] {logging_mixin.py:190} INFO - [2026-08-28T15:14:26.946+0000] {dag.py:4180} INFO - Setting next_dagrun for airbyte_to_dbt_pipeline_prod to 2026-08-28 14:00:00+00:00, run_after=2026-08-28 15:00:00+00:00
[2026-08-28T15:14:26.972+0000] {processor.py:208} INFO - Processing /opt/airflow/dags/prod/airbyte_to_dbt_prod.py took 0.154 seconds
[2026-08-28T15:14:57.131+0000] {processor.py:186} INFO - Started process (PID=2927) to work on /opt/airflow/dags/prod/airbyte_to_dbt_prod.py
[2026-08-28T15:14:57.132+0000] {processor.py:914} INFO - Processing file /opt/airflow/dags/prod/airbyte_to_dbt_prod.py for tasks to queue
[2026-08-28T15:14:57.136+0000] {logging_mixin.py:190} INFO - [2026-08-28T15:14:57.135+0000] {dagbag.py:588} INFO - Filling up the DagBag from /opt/airflow/dags/prod/airbyte_to_dbt_prod.py
[2026-08-28T15:14:57.158+0000] {processor.py:925} INFO - DAG(s) 'airbyte_to_dbt_pipeline_prod' retrieved from /opt/airflow/dags/prod/airbyte_to_dbt_prod.py
[2026-08-28T15:14:57.202+0000] {logging_mixin.py:190} INFO - [2026-08-28T15:14:57.202+0000] {dag.py:3239} INFO - Sync 1 DAGs
[2026-08-28T15:14:57.245+0000] {logging_mixin.py:190} INFO - [2026-08-28T15:14:57.244+0000] {dag.py:4180} INFO - Setting next_dagrun for airbyte_to_dbt_pipeline_prod to 2026-08-28 14:00:00+00:00, run_after=2026-08-28 15:00:00+00:00
[2026-08-28T15:14:57.272+0000] {processor.py:208} INFO - Processing /opt/airflow/dags/prod/airbyte_to_dbt_prod.py took 0.151 seconds
[2026-08-28T15:15:27.438+0000] {processor.py:186} INFO - Started process (PID=2937) to work on /opt/airflow/dags/prod/airbyte_to_dbt_prod.py
[2026-08-28T15:15:27.439+0000] {processor.py:914} INFO - Processing file /opt/airflow/dags/prod/airbyte_to_dbt_prod.py for tasks to queue
[2026-08-28T15:15:27.442+0000] {logging_mixin.py:190} INFO - [2026-08-28T15:15:27.442+0000] {dagbag.py:588} INFO - Filling up the DagBag from /opt/airflow/dags/prod/airbyte_to_dbt_prod.py
[2026-08-28T15:15:27.467+0000] {processor.py:925} INFO - DAG(s) 'airbyte_to_dbt_pipeline_prod' retrieved from /opt/airflow/dags/prod/airbyte_to_dbt_prod.py
[2026-08-28T15:15:27.513+0000] {logging_mixin.py:190} INFO - [2026-08-28T15:15:27.513+0000] {dag.py:3239} INFO - Sync 1 DAGs
[2026-08-28T15:15:27.547+0000] {logging_mixin.py:190} INFO - [2026-08-28T15:15:27.547+0000] {dag.py:4180} INFO - Setting next_dagrun for airbyte_to_dbt_pipeline_prod to 2026-08-28 14:00:00+00:00, run_after=2026-08-28 15:00:00+00:00
[2026-08-28T15:15:27.574+0000] {processor.py:208} INFO - Processing /opt/airflow/dags/prod/airbyte_to_dbt_prod.py took 0.146 seconds
[2026-08-28T15:15:57.748+0000] {processor.py:186} INFO - Started process (PID=2947) to work on /opt/airflow/dags/prod/airbyte_to_dbt_prod.py
[2026-08-28T15:15:57.748+0000] {processor.py:914} INFO - Processing file /opt/airflow/dags/prod/airbyte_to_dbt_prod.py for tasks to queue
[2026-08-28T15:15:57.751+0000] {logging_mixin.py:190} INFO - [2026-08-28T15:15:57.751+0000] {dagbag.py:588} INFO - Filling up the DagBag from /opt/airflow/dags/prod/airbyte_to_dbt_prod.py
[2026-08-28T15:15:57.773+0000] {processor.py:925} INFO - DAG(s) 'airbyte_to_dbt_pipeline_prod' retrieved from /opt/airflow/dags/prod/airbyte_to_dbt_prod.py
[2026-08-28T15:15:57.826+0000] {logging_mixin.py:190} INFO - [2026-08-28T15:15:57.826+0000] {dag.py:3239} INFO - Sync 1 DAGs
[2026-08-28T15:15:57.866+0000] {logging_mixin.py:190} INFO - [2026-08-28T15:15:57.866+0000] {dag.py:4180} INFO - Setting next_dagrun for airbyte_to_dbt_pipeline_prod to 2026-08-28 14:00:00+00:00, run_after=2026-08-28 15:00:00+00:00
[2026-08-28T15:15:57.893+0000] {processor.py:208} INFO - Processing /opt/airflow/dags/prod/airbyte_to_dbt_prod.py took 0.155 seconds
[2026-08-28T15:16:28.078+0000] {processor.py:186} INFO - Started process (PID=2957) to work on /opt/airflow/dags/prod/airbyte_to_dbt_prod.py
[2026-08-28T15:16:28.079+0000] {processor.py:914} INFO - Processing file /opt/airflow/dags/prod/airbyte_to_dbt_prod.py for tasks to queue
[2026-08-28T15:16:28.083+0000] {logging_mixin.py:190} INFO - [2026-08-28T15:16:28.082+0000] {dagbag.py:588} INFO - Filling up the DagBag from /opt/airflow/dags/prod/airbyte_to_dbt_prod.py
[2026-08-28T15:16:28.118+0000] {processor.py:925} INFO - DAG(s) 'airbyte_to_dbt_pipeline_prod' retrieved from /opt/airflow/dags/prod/airbyte_to_dbt_prod.py
[2026-08-28T15:16:28.166+0000] {logging_mixin.py:190} INFO - [2026-08-28T15:16:28.165+0000] {dag.py:3239} INFO - Sync 1 DAGs
[2026-08-28T15:16:28.196+0000] {logging_mixin.py:190} INFO - [2026-08-28T15:16:28.196+0000] {dag.py:4180} INFO - Setting next_dagrun for airbyte_to_dbt_pipeline_prod to 2026-08-28 14:00:00+00:00, run_after=2026-08-28 15:00:00+00:00
[2026-08-28T15:16:28.220+0000] {processor.py:208} INFO - Processing /opt/airflow/dags/prod/airbyte_to_dbt_prod.py took 0.151 seconds
[2026-08-28T15:16:58.385+0000] {processor.py:186} INFO - Started process (PID=2967) to work on /opt/airflow/dags/prod/airbyte_to_dbt_prod.py
[2026-08-28T15:16:58.386+0000] {processor.py:914} INFO - Processing file /opt/airflow/dags/prod/airbyte_to_dbt_prod.py for tasks to queue
[2026-08-28T15:16:58.389+0000] {logging_mixin.py:190} INFO - [2026-08-28T15:16:58.389+0000] {dagbag.py:588} INFO - Filling up the DagBag from /opt/airflow/dags/prod/airbyte_to_dbt_prod.py
[2026-08-28T15:16:58.413+0000] {processor.py:925} INFO - DAG(s) 'airbyte_to_dbt_pipeline_prod' retrieved from /opt/airflow/dags/prod/airbyte_to_dbt_prod.py
[2026-08-28T15:16:58.457+0000] {logging_mixin.py:190} INFO - [2026-08-28T15:16:58.457+0000] {dag.py:3239} INFO - Sync 1 DAGs
[2026-08-28T15:16:58.499+0000] {logging_mixin.py:190} INFO - [2026-08-28T15:16:58.498+0000] {dag.py:4180} INFO - Setting next_dagrun for airbyte_to_dbt_pipeline_prod to 2026-08-28 14:00:00+00:00, run_after=2026-08-28 15:00:00+00:00
[2026-08-28T15:16:58.523+0000] {processor.py:208} INFO - Processing /opt/airflow/dags/prod/airbyte_to_dbt_prod.py took 0.149 seconds
[2026-08-28T15:17:28.710+0000] {processor.py:186} INFO - Started process (PID=2977) to work on /opt/airflow/dags/prod/airbyte_to_dbt_prod.py
[2026-08-28T15:17:28.710+0000] {processor.py:914} INFO - Processing file /opt/airflow/dags/prod/airbyte_to_dbt_prod.py for tasks to queue
[2026-08-28T15:17:28.713+0000] {logging_mixin.py:190} INFO - [2026-08-28T15:17:28.713+0000] {dagbag.py:588} INFO - Filling up the DagBag from /opt/airflow/dags/prod/airbyte_to_dbt_prod.py
[2026-08-28T15:17:28.744+0000] {processor.py:925} INFO - DAG(s) 'airbyte_to_dbt_pipeline_prod' retrieved from /opt/airflow/dags/prod/airbyte_to_dbt_prod.py
[2026-08-28T15:17:28.790+0000] {logging_mixin.py:190} INFO - [2026-08-28T15:17:28.790+0000] {dag.py:3239} INFO - Sync 1 DAGs
[2026-08-28T15:17:28.831+0000] {logging_mixin.py:190} INFO - [2026-08-28T15:17:28.831+0000] {dag.py:4180} INFO - Setting next_dagrun for airbyte_to_dbt_pipeline_prod to 2026-08-28 14:00:00+00:00, run_after=2026-08-28 15:00:00+00:00
[2026-08-28T15:17:28.854+0000] {processor.py:208} INFO - Processing /opt/airflow/dags/prod/airbyte_to_dbt_prod.py took 0.153 seconds
[2026-08-28T15:17:59.024+0000] {processor.py:186} INFO - Started process (PID=2987) to work on /opt/airflow/dags/prod/airbyte_to_dbt_prod.py
[2026-08-28T15:17:59.025+0000] {processor.py:914} INFO - Processing file /opt/airflow/dags/prod/airbyte_to_dbt_prod.py for tasks to queue
[2026-08-28T15:17:59.028+0000] {logging_mixin.py:190} INFO - [2026-08-28T15:17:59.028+0000] {dagbag.py:588} INFO - Filling up the DagBag from /opt/airflow/dags/prod/airbyte_to_dbt_prod.py
[2026-08-28T15:17:59.050+0000] {processor.py:925} INFO - DAG(s) 'airbyte_to_dbt_pipeline_prod' retrieved from /opt/airflow/dags/prod/airbyte_to_dbt_prod.py
[2026-08-28T15:17:59.099+0000] {logging_mixin.py:190} INFO - [2026-08-28T15:17:59.099+0000] {dag.py:3239} INFO - Sync 1 DAGs
[2026-08-28T15:17:59.136+0000] {logging_mixin.py:190} INFO - [2026-08-28T15:17:59.136+0000] {dag.py:4180} INFO - Setting next_dagrun for airbyte_to_dbt_pipeline_prod to 2026-08-28 14:00:00+00:00, run_after=2026-08-28 15:00:00+00:00
[2026-08-28T15:17:59.160+0000] {processor.py:208} INFO - Processing /opt/airflow/dags/prod/airbyte_to_dbt_prod.py took 0.148 seconds
[2026-08-28T15:18:29.324+0000] {processor.py:186} INFO - Started process (PID=2997) to work on /opt/airflow/dags/prod/airbyte_to_dbt_prod.py
[2026-08-28T15:18:29.325+0000] {processor.py:914} INFO - Processing file /opt/airflow/dags/prod/airbyte_to_dbt_prod.py for tasks to queue
[2026-08-28T15:18:29.329+0000] {logging_mixin.py:190} INFO - [2026-08-28T15:18:29.328+0000] {dagbag.py:588} INFO - Filling up the DagBag from /opt/airflow/dags/prod/airbyte_to_dbt_prod.py
[2026-08-28T15:18:29.352+0000] {processor.py:925} INFO - DAG(s) 'airbyte_to_dbt_pipeline_prod' retrieved from /opt/airflow/dags/prod/airbyte_to_dbt_prod.py
[2026-08-28T15:18:29.402+0000] {logging_mixin.py:190} INFO - [2026-08-28T15:18:29.402+0000] {dag.py:3239} INFO - Sync 1 DAGs
[2026-08-28T15:18:29.439+0000] {logging_mixin.py:190} INFO - [2026-08-28T15:18:29.439+0000] {dag.py:4180} INFO - Setting next_dagrun for airbyte_to_dbt_pipeline_prod to 2026-08-28 14:00:00+00:00, run_after=2026-08-28 15:00:00+00:00
[2026-08-28T15:18:29.465+0000] {processor.py:208} INFO - Processing /opt/airflow/dags/prod/airbyte_to_dbt_prod.py took 0.151 seconds
[2026-08-28T15:18:59.636+0000] {processor.py:186} INFO - Started process (PID=3007) to work on /opt/airflow/dags/prod/airbyte_to_dbt_prod.py
[2026-08-28T15:18:59.638+0000] {processor.py:914} INFO - Processing file /opt/airflow/dags/prod/airbyte_to_dbt_prod.py for tasks to queue
[2026-08-28T15:18:59.641+0000] {logging_mixin.py:190} INFO - [2026-08-28T15:18:59.641+0000] {dagbag.py:588} INFO - Filling up the DagBag from /opt/airflow/dags/prod/airbyte_to_dbt_prod.py
[2026-08-28T15:18:59.673+0000] {processor.py:925} INFO - DAG(s) 'airbyte_to_dbt_pipeline_prod' retrieved from /opt/airflow/dags/prod/airbyte_to_dbt_prod.py
[2026-08-28T15:18:59.732+0000] {logging_mixin.py:190} INFO - [2026-08-28T15:18:59.731+0000] {dag.py:3239} INFO - Sync 1 DAGs
[2026-08-28T15:18:59.771+0000] {logging_mixin.py:190} INFO - [2026-08-28T15:18:59.771+0000] {dag.py:4180} INFO - Setting next_dagrun for airbyte_to_dbt_pipeline_prod to 2026-08-28 14:00:00+00:00, run_after=2026-08-28 15:00:00+00:00
[2026-08-28T15:18:59.796+0000] {processor.py:208} INFO - Processing /opt/airflow/dags/prod/airbyte_to_dbt_prod.py took 0.169 seconds
[2026-08-28T15:19:29.961+0000] {processor.py:186} INFO - Started process (PID=3017) to work on /opt/airflow/dags/prod/airbyte_to_dbt_prod.py
[2026-08-28T15:19:29.962+0000] {processor.py:914} INFO - Processing file /opt/airflow/dags/prod/airbyte_to_dbt_prod.py for tasks to queue
[2026-08-28T15:19:29.965+0000] {logging_mixin.py:190} INFO - [2026-08-28T15:19:29.965+0000] {dagbag.py:588} INFO - Filling up the DagBag from /opt/airflow/dags/prod/airbyte_to_dbt_prod.py
[2026-08-28T15:19:29.990+0000] {processor.py:925} INFO - DAG(s) 'airbyte_to_dbt_pipeline_prod' retrieved from /opt/airflow/dags/prod/airbyte_to_dbt_prod.py
[2026-08-28T15:19:30.046+0000] {logging_mixin.py:190} INFO - [2026-08-28T15:19:30.046+0000] {dag.py:3239} INFO - Sync 1 DAGs
[2026-08-28T15:19:30.082+0000] {logging_mixin.py:190} INFO - [2026-08-28T15:19:30.082+0000] {dag.py:4180} INFO - Setting next_dagrun for airbyte_to_dbt_pipeline_prod to 2026-08-28 14:00:00+00:00, run_after=2026-08-28 15:00:00+00:00
[2026-08-28T15:19:30.109+0000] {processor.py:208} INFO - Processing /opt/airflow/dags/prod/airbyte_to_dbt_prod.py took 0.157 seconds
[2026-08-28T15:20:00.274+0000] {processor.py:186} INFO - Started process (PID=3027) to work on /opt/airflow/dags/prod/airbyte_to_dbt_prod.py
[2026-08-28T15:20:00.276+0000] {processor.py:914} INFO - Processing file /opt/airflow/dags/prod/airbyte_to_dbt_prod.py for tasks to queue
[2026-08-28T15:20:00.279+0000] {logging_mixin.py:190} INFO - [2026-08-28T15:20:00.278+0000] {dagbag.py:588} INFO - Filling up the DagBag from /opt/airflow/dags/prod/airbyte_to_dbt_prod.py
[2026-08-28T15:20:00.309+0000] {processor.py:925} INFO - DAG(s) 'airbyte_to_dbt_pipeline_prod' retrieved from /opt/airflow/dags/prod/airbyte_to_dbt_prod.py
[2026-08-28T15:20:00.355+0000] {logging_mixin.py:190} INFO - [2026-08-28T15:20:00.355+0000] {dag.py:3239} INFO - Sync 1 DAGs
[2026-08-28T15:20:00.393+0000] {logging_mixin.py:190} INFO - [2026-08-28T15:20:00.393+0000] {dag.py:4180} INFO - Setting next_dagrun for airbyte_to_dbt_pipeline_prod to 2026-08-28 14:00:00+00:00, run_after=2026-08-28 15:00:00+00:00
[2026-08-28T15:20:00.421+0000] {processor.py:208} INFO - Processing /opt/airflow/dags/prod/airbyte_to_dbt_prod.py took 0.156 seconds
[2026-08-28T15:20:30.579+0000] {processor.py:186} INFO - Started process (PID=3037) to work on /opt/airflow/dags/prod/airbyte_to_dbt_prod.py
[2026-08-28T15:20:30.581+0000] {processor.py:914} INFO - Processing file /opt/airflow/dags/prod/airbyte_to_dbt_prod.py for tasks to queue
[2026-08-28T15:20:30.585+0000] {logging_mixin.py:190} INFO - [2026-08-28T15:20:30.584+0000] {dagbag.py:588} INFO - Filling up the DagBag from /opt/airflow/dags/prod/airbyte_to_dbt_prod.py
[2026-08-28T15:20:30.613+0000] {processor.py:925} INFO - DAG(s) 'airbyte_to_dbt_pipeline_prod' retrieved from /opt/airflow/dags/prod/airbyte_to_dbt_prod.py
[2026-08-28T15:20:30.665+0000] {logging_mixin.py:190} INFO - [2026-08-28T15:20:30.665+0000] {dag.py:3239} INFO - Sync 1 DAGs
[2026-08-28T15:20:30.705+0000] {logging_mixin.py:190} INFO - [2026-08-28T15:20:30.704+0000] {dag.py:4180} INFO - Setting next_dagrun for airbyte_to_dbt_pipeline_prod to 2026-08-28 14:00:00+00:00, run_after=2026-08-28 15:00:00+00:00
[2026-08-28T15:20:30.731+0000] {processor.py:208} INFO - Processing /opt/airflow/dags/prod/airbyte_to_dbt_prod.py took 0.163 seconds
[2026-08-28T15:21:00.902+0000] {processor.py:186} INFO - Started process (PID=3047) to work on /opt/airflow/dags/prod/airbyte_to_dbt_prod.py
[2026-08-28T15:21:00.903+0000] {processor.py:914} INFO - Processing file /opt/airflow/dags/prod/airbyte_to_dbt_prod.py for tasks to queue
[2026-08-28T15:21:00.907+0000] {logging_mixin.py:190} INFO - [2026-08-28T15:21:00.907+0000] {dagbag.py:588} INFO - Filling up the DagBag from /opt/airflow/dags/prod/airbyte_to_dbt_prod.py
[2026-08-28T15:21:00.930+0000] {processor.py:925} INFO - DAG(s) 'airbyte_to_dbt_pipeline_prod' retrieved from /opt/airflow/dags/prod/airbyte_to_dbt_prod.py
[2026-08-28T15:21:00.976+0000] {logging_mixin.py:190} INFO - [2026-08-28T15:21:00.976+0000] {dag.py:3239} INFO - Sync 1 DAGs
[2026-08-28T15:21:01.014+0000] {logging_mixin.py:190} INFO - [2026-08-28T15:21:01.014+0000] {dag.py:4180} INFO - Setting next_dagrun for airbyte_to_dbt_pipeline_prod to 2026-08-28 14:00:00+00:00, run_after=2026-08-28 15:00:00+00:00
[2026-08-28T15:21:01.039+0000] {processor.py:208} INFO - Processing /opt/airflow/dags/prod/airbyte_to_dbt_prod.py took 0.148 seconds
[2026-08-28T15:21:31.211+0000] {processor.py:186} INFO - Started process (PID=3057) to work on /opt/airflow/dags/prod/airbyte_to_dbt_prod.py
[2026-08-28T15:21:31.212+0000] {processor.py:914} INFO - Processing file /opt/airflow/dags/prod/airbyte_to_dbt_prod.py for tasks to queue
[2026-08-28T15:21:31.215+0000] {logging_mixin.py:190} INFO - [2026-08-28T15:21:31.214+0000] {dagbag.py:588} INFO - Filling up the DagBag from /opt/airflow/dags/prod/airbyte_to_dbt_prod.py
[2026-08-28T15:21:31.244+0000] {processor.py:925} INFO - DAG(s) 'airbyte_to_dbt_pipeline_prod' retrieved from /opt/airflow/dags/prod/airbyte_to_dbt_prod.py
[2026-08-28T15:21:31.290+0000] {logging_mixin.py:190} INFO - [2026-08-28T15:21:31.289+0000] {dag.py:3239} INFO - Sync 1 DAGs
[2026-08-28T15:21:31.320+0000] {logging_mixin.py:190} INFO - [2026-08-28T15:21:31.320+0000] {dag.py:4180} INFO - Setting next_dagrun for airbyte_to_dbt_pipeline_prod to 2026-08-28 14:00:00+00:00, run_after=2026-08-28 15:00:00+00:00
[2026-08-28T15:21:31.346+0000] {processor.py:208} INFO - Processing /opt/airflow/dags/prod/airbyte_to_dbt_prod.py took 0.145 seconds
[2026-08-28T15:22:01.532+0000] {processor.py:186} INFO - Started process (PID=3067) to work on /opt/airflow/dags/prod/airbyte_to_dbt_prod.py
[2026-08-28T15:22:01.539+0000] {processor.py:914} INFO - Processing file /opt/airflow/dags/prod/airbyte_to_dbt_prod.py for tasks to queue
[2026-08-28T15:22:01.543+0000] {logging_mixin.py:190} INFO - [2026-08-28T15:22:01.542+0000] {dagbag.py:588} INFO - Filling up the DagBag from /opt/airflow/dags/prod/airbyte_to_dbt_prod.py
[2026-08-28T15:22:01.569+0000] {processor.py:925} INFO - DAG(s) 'airbyte_to_dbt_pipeline_prod' retrieved from /opt/airflow/dags/prod/airbyte_to_dbt_prod.py
[2026-08-28T15:22:01.622+0000] {logging_mixin.py:190} INFO - [2026-08-28T15:22:01.622+0000] {dag.py:3239} INFO - Sync 1 DAGs
[2026-08-28T15:22:01.656+0000] {logging_mixin.py:190} INFO - [2026-08-28T15:22:01.656+0000] {dag.py:4180} INFO - Setting next_dagrun for airbyte_to_dbt_pipeline_prod to 2026-08-28 14:00:00+00:00, run_after=2026-08-28 15:00:00+00:00
[2026-08-28T15:22:01.676+0000] {processor.py:208} INFO - Processing /opt/airflow/dags/prod/airbyte_to_dbt_prod.py took 0.157 seconds
[2026-08-28T15:22:31.847+0000] {processor.py:186} INFO - Started process (PID=3077) to work on /opt/airflow/dags/prod/airbyte_to_dbt_prod.py
[2026-08-28T15:22:31.849+0000] {processor.py:914} INFO - Processing file /opt/airflow/dags/prod/airbyte_to_dbt_prod.py for tasks to queue
[2026-08-28T15:22:31.853+0000] {logging_mixin.py:190} INFO - [2026-08-28T15:22:31.852+0000] {dagbag.py:588} INFO - Filling up the DagBag from /opt/airflow/dags/prod/airbyte_to_dbt_prod.py
[2026-08-28T15:22:31.881+0000] {processor.py:925} INFO - DAG(s) 'airbyte_to_dbt_pipeline_prod' retrieved from /opt/airflow/dags/prod/airbyte_to_dbt_prod.py
[2026-08-28T15:22:31.929+0000] {logging_mixin.py:190} INFO - [2026-08-28T15:22:31.928+0000] {dag.py:3239} INFO - Sync 1 DAGs
[2026-08-28T15:22:31.971+0000] {logging_mixin.py:190} INFO - [2026-08-28T15:22:31.971+0000] {dag.py:4180} INFO - Setting next_dagrun for airbyte_to_dbt_pipeline_prod to 2026-08-28 14:00:00+00:00, run_after=2026-08-28 15:00:00+00:00
[2026-08-28T15:22:31.994+0000] {processor.py:208} INFO - Processing /opt/airflow/dags/prod/airbyte_to_dbt_prod.py took 0.157 seconds
[2026-08-28T15:23:02.165+0000] {processor.py:186} INFO - Started process (PID=3087) to work on /opt/airflow/dags/prod/airbyte_to_dbt_prod.py
[2026-08-28T15:23:02.166+0000] {processor.py:914} INFO - Processing file /opt/airflow/dags/prod/airbyte_to_dbt_prod.py for tasks to queue
[2026-08-28T15:23:02.169+0000] {logging_mixin.py:190} INFO - [2026-08-28T15:23:02.168+0000] {dagbag.py:588} INFO - Filling up the DagBag from /opt/airflow/dags/prod/airbyte_to_dbt_prod.py
[2026-08-28T15:23:02.196+0000] {processor.py:925} INFO - DAG(s) 'airbyte_to_dbt_pipeline_prod' retrieved from /opt/airflow/dags/prod/airbyte_to_dbt_prod.py
[2026-08-28T15:23:02.246+0000] {logging_mixin.py:190} INFO - [2026-08-28T15:23:02.245+0000] {dag.py:3239} INFO - Sync 1 DAGs
[2026-08-28T15:23:02.280+0000] {logging_mixin.py:190} INFO - [2026-08-28T15:23:02.280+0000] {dag.py:4180} INFO - Setting next_dagrun for airbyte_to_dbt_pipeline_prod to 2026-08-28 14:00:00+00:00, run_after=2026-08-28 15:00:00+00:00
[2026-08-28T15:23:02.305+0000] {processor.py:208} INFO - Processing /opt/airflow/dags/prod/airbyte_to_dbt_prod.py took 0.150 seconds
[2026-08-28T15:23:32.478+0000] {processor.py:186} INFO - Started process (PID=3097) to work on /opt/airflow/dags/prod/airbyte_to_dbt_prod.py
[2026-08-28T15:23:32.479+0000] {processor.py:914} INFO - Processing file /opt/airflow/dags/prod/airbyte_to_dbt_prod.py for tasks to queue
[2026-08-28T15:23:32.482+0000] {logging_mixin.py:190} INFO - [2026-08-28T15:23:32.482+0000] {dagbag.py:588} INFO - Filling up the DagBag from /opt/airflow/dags/prod/airbyte_to_dbt_prod.py
[2026-08-28T15:23:32.507+0000] {processor.py:925} INFO - DAG(s) 'airbyte_to_dbt_pipeline_prod' retrieved from /opt/airflow/dags/prod/airbyte_to_dbt_prod.py
[2026-08-28T15:23:32.562+0000] {logging_mixin.py:190} INFO - [2026-08-28T15:23:32.562+0000] {dag.py:3239} INFO - Sync 1 DAGs
[2026-08-28T15:23:32.601+0000] {logging_mixin.py:190} INFO - [2026-08-28T15:23:32.601+0000] {dag.py:4180} INFO - Setting next_dagrun for airbyte_to_dbt_pipeline_prod to 2026-08-28 14:00:00+00:00, run_after=2026-08-28 15:00:00+00:00
[2026-08-28T15:23:32.633+0000] {processor.py:208} INFO - Processing /opt/airflow/dags/prod/airbyte_to_dbt_prod.py took 0.164 seconds
[2026-08-28T15:24:02.818+0000] {processor.py:186} INFO - Started process (PID=3107) to work on /opt/airflow/dags/prod/airbyte_to_dbt_prod.py
[2026-08-28T15:24:02.820+0000] {processor.py:914} INFO - Processing file /opt/airflow/dags/prod/airbyte_to_dbt_prod.py for tasks to queue
[2026-08-28T15:24:02.826+0000] {logging_mixin.py:190} INFO - [2026-08-28T15:24:02.825+0000] {dagbag.py:588} INFO - Filling up the DagBag from /opt/airflow/dags/prod/airbyte_to_dbt_prod.py
[2026-08-28T15:24:02.856+0000] {processor.py:925} INFO - DAG(s) 'airbyte_to_dbt_pipeline_prod' retrieved from /opt/airflow/dags/prod/airbyte_to_dbt_prod.py
[2026-08-28T15:24:02.909+0000] {logging_mixin.py:190} INFO - [2026-08-28T15:24:02.909+0000] {dag.py:3239} INFO - Sync 1 DAGs
[2026-08-28T15:24:02.951+0000] {logging_mixin.py:190} INFO - [2026-08-28T15:24:02.951+0000] {dag.py:4180} INFO - Setting next_dagrun for airbyte_to_dbt_pipeline_prod to 2026-08-28 14:00:00+00:00, run_after=2026-08-28 15:00:00+00:00
[2026-08-28T15:24:02.977+0000] {processor.py:208} INFO - Processing /opt/airflow/dags/prod/airbyte_to_dbt_prod.py took 0.171 seconds
[2026-08-28T15:24:33.148+0000] {processor.py:186} INFO - Started process (PID=3117) to work on /opt/airflow/dags/prod/airbyte_to_dbt_prod.py
[2026-08-28T15:24:33.149+0000] {processor.py:914} INFO - Processing file /opt/airflow/dags/prod/airbyte_to_dbt_prod.py for tasks to queue
[2026-08-28T15:24:33.153+0000] {logging_mixin.py:190} INFO - [2026-08-28T15:24:33.153+0000] {dagbag.py:588} INFO - Filling up the DagBag from /opt/airflow/dags/prod/airbyte_to_dbt_prod.py
[2026-08-28T15:24:33.183+0000] {processor.py:925} INFO - DAG(s) 'airbyte_to_dbt_pipeline_prod' retrieved from /opt/airflow/dags/prod/airbyte_to_dbt_prod.py
[2026-08-28T15:24:33.236+0000] {logging_mixin.py:190} INFO - [2026-08-28T15:24:33.236+0000] {dag.py:3239} INFO - Sync 1 DAGs
[2026-08-28T15:24:33.268+0000] {logging_mixin.py:190} INFO - [2026-08-28T15:24:33.268+0000] {dag.py:4180} INFO - Setting next_dagrun for airbyte_to_dbt_pipeline_prod to 2026-08-28 14:00:00+00:00, run_after=2026-08-28 15:00:00+00:00
[2026-08-28T15:24:33.297+0000] {processor.py:208} INFO - Processing /opt/airflow/dags/prod/airbyte_to_dbt_prod.py took 0.160 seconds
[2026-08-28T15:25:03.467+0000] {processor.py:186} INFO - Started process (PID=3127) to work on /opt/airflow/dags/prod/airbyte_to_dbt_prod.py
[2026-08-28T15:25:03.468+0000] {processor.py:914} INFO - Processing file /opt/airflow/dags/prod/airbyte_to_dbt_prod.py for tasks to queue
[2026-08-28T15:25:03.471+0000] {logging_mixin.py:190} INFO - [2026-08-28T15:25:03.471+0000] {dagbag.py:588} INFO - Filling up the DagBag from /opt/airflow/dags/prod/airbyte_to_dbt_prod.py
[2026-08-28T15:25:03.501+0000] {processor.py:925} INFO - DAG(s) 'airbyte_to_dbt_pipeline_prod' retrieved from /opt/airflow/dags/prod/airbyte_to_dbt_prod.py
[2026-08-28T15:25:03.552+0000] {logging_mixin.py:190} INFO - [2026-08-28T15:25:03.552+0000] {dag.py:3239} INFO - Sync 1 DAGs
[2026-08-28T15:25:03.589+0000] {logging_mixin.py:190} INFO - [2026-08-28T15:25:03.589+0000] {dag.py:4180} INFO - Setting next_dagrun for airbyte_to_dbt_pipeline_prod to 2026-08-28 14:00:00+00:00, run_after=2026-08-28 15:00:00+00:00
[2026-08-28T15:25:03.616+0000] {processor.py:208} INFO - Processing /opt/airflow/dags/prod/airbyte_to_dbt_prod.py took 0.159 seconds
[2026-08-28T15:25:33.771+0000] {processor.py:186} INFO - Started process (PID=3137) to work on /opt/airflow/dags/prod/airbyte_to_dbt_prod.py
[2026-08-28T15:25:33.772+0000] {processor.py:914} INFO - Processing file /opt/airflow/dags/prod/airbyte_to_dbt_prod.py for tasks to queue
[2026-08-28T15:25:33.776+0000] {logging_mixin.py:190} INFO - [2026-08-28T15:25:33.775+0000] {dagbag.py:588} INFO - Filling up the DagBag from /opt/airflow/dags/prod/airbyte_to_dbt_prod.py
[2026-08-28T15:25:33.805+0000] {processor.py:925} INFO - DAG(s) 'airbyte_to_dbt_pipeline_prod' retrieved from /opt/airflow/dags/prod/airbyte_to_dbt_prod.py
[2026-08-28T15:25:33.856+0000] {logging_mixin.py:190} INFO - [2026-08-28T15:25:33.856+0000] {dag.py:3239} INFO - Sync 1 DAGs
[2026-08-28T15:25:33.892+0000] {logging_mixin.py:190} INFO - [2026-08-28T15:25:33.892+0000] {dag.py:4180} INFO - Setting next_dagrun for airbyte_to_dbt_pipeline_prod to 2026-08-28 14:00:00+00:00, run_after=2026-08-28 15:00:00+00:00
[2026-08-28T15:25:33.917+0000] {processor.py:208} INFO - Processing /opt/airflow/dags/prod/airbyte_to_dbt_prod.py took 0.155 seconds
[2026-08-28T15:26:04.090+0000] {processor.py:186} INFO - Started process (PID=3147) to work on /opt/airflow/dags/prod/airbyte_to_dbt_prod.py
[2026-08-28T15:26:04.091+0000] {processor.py:914} INFO - Processing file /opt/airflow/dags/prod/airbyte_to_dbt_prod.py for tasks to queue
[2026-08-28T15:26:04.096+0000] {logging_mixin.py:190} INFO - [2026-08-28T15:26:04.095+0000] {dagbag.py:588} INFO - Filling up the DagBag from /opt/airflow/dags/prod/airbyte_to_dbt_prod.py
[2026-08-28T15:26:04.124+0000] {processor.py:925} INFO - DAG(s) 'airbyte_to_dbt_pipeline_prod' retrieved from /opt/airflow/dags/prod/airbyte_to_dbt_prod.py
[2026-08-28T15:26:04.176+0000] {logging_mixin.py:190} INFO - [2026-08-28T15:26:04.176+0000] {dag.py:3239} INFO - Sync 1 DAGs
[2026-08-28T15:26:04.214+0000] {logging_mixin.py:190} INFO - [2026-08-28T15:26:04.214+0000] {dag.py:4180} INFO - Setting next_dagrun for airbyte_to_dbt_pipeline_prod to 2026-08-28 14:00:00+00:00, run_after=2026-08-28 15:00:00+00:00
[2026-08-28T15:26:04.238+0000] {processor.py:208} INFO - Processing /opt/airflow/dags/prod/airbyte_to_dbt_prod.py took 0.159 seconds
[2026-08-28T15:26:34.394+0000] {processor.py:186} INFO - Started process (PID=3157) to work on /opt/airflow/dags/prod/airbyte_to_dbt_prod.py
[2026-08-28T15:26:34.395+0000] {processor.py:914} INFO - Processing file /opt/airflow/dags/prod/airbyte_to_dbt_prod.py for tasks to queue
[2026-08-28T15:26:34.398+0000] {logging_mixin.py:190} INFO - [2026-08-28T15:26:34.398+0000] {dagbag.py:588} INFO - Filling up the DagBag from /opt/airflow/dags/prod/airbyte_to_dbt_prod.py
[2026-08-28T15:26:34.428+0000] {processor.py:925} INFO - DAG(s) 'airbyte_to_dbt_pipeline_prod' retrieved from /opt/airflow/dags/prod/airbyte_to_dbt_prod.py
[2026-08-28T15:26:34.481+0000] {logging_mixin.py:190} INFO - [2026-08-28T15:26:34.481+0000] {dag.py:3239} INFO - Sync 1 DAGs
[2026-08-28T15:26:34.521+0000] {logging_mixin.py:190} INFO - [2026-08-28T15:26:34.520+0000] {dag.py:4180} INFO - Setting next_dagrun for airbyte_to_dbt_pipeline_prod to 2026-08-28 14:00:00+00:00, run_after=2026-08-28 15:00:00+00:00
[2026-08-28T15:26:34.544+0000] {processor.py:208} INFO - Processing /opt/airflow/dags/prod/airbyte_to_dbt_prod.py took 0.160 seconds
[2026-08-28T15:27:04.715+0000] {processor.py:186} INFO - Started process (PID=3167) to work on /opt/airflow/dags/prod/airbyte_to_dbt_prod.py
[2026-08-28T15:27:04.716+0000] {processor.py:914} INFO - Processing file /opt/airflow/dags/prod/airbyte_to_dbt_prod.py for tasks to queue
[2026-08-28T15:27:04.719+0000] {logging_mixin.py:190} INFO - [2026-08-28T15:27:04.719+0000] {dagbag.py:588} INFO - Filling up the DagBag from /opt/airflow/dags/prod/airbyte_to_dbt_prod.py
[2026-08-28T15:27:04.742+0000] {processor.py:925} INFO - DAG(s) 'airbyte_to_dbt_pipeline_prod' retrieved from /opt/airflow/dags/prod/airbyte_to_dbt_prod.py
[2026-08-28T15:27:04.795+0000] {logging_mixin.py:190} INFO - [2026-08-28T15:27:04.795+0000] {dag.py:3239} INFO - Sync 1 DAGs
[2026-08-28T15:27:04.832+0000] {logging_mixin.py:190} INFO - [2026-08-28T15:27:04.831+0000] {dag.py:4180} INFO - Setting next_dagrun for airbyte_to_dbt_pipeline_prod to 2026-08-28 14:00:00+00:00, run_after=2026-08-28 15:00:00+00:00
[2026-08-28T15:27:04.858+0000] {processor.py:208} INFO - Processing /opt/airflow/dags/prod/airbyte_to_dbt_prod.py took 0.152 seconds
[2026-08-28T15:27:35.047+0000] {processor.py:186} INFO - Started process (PID=3177) to work on /opt/airflow/dags/prod/airbyte_to_dbt_prod.py
[2026-08-28T15:27:35.049+0000] {processor.py:914} INFO - Processing file /opt/airflow/dags/prod/airbyte_to_dbt_prod.py for tasks to queue
[2026-08-28T15:27:35.053+0000] {logging_mixin.py:190} INFO - [2026-08-28T15:27:35.052+0000] {dagbag.py:588} INFO - Filling up the DagBag from /opt/airflow/dags/prod/airbyte_to_dbt_prod.py
[2026-08-28T15:27:35.075+0000] {processor.py:925} INFO - DAG(s) 'airbyte_to_dbt_pipeline_prod' retrieved from /opt/airflow/dags/prod/airbyte_to_dbt_prod.py
[2026-08-28T15:27:35.126+0000] {logging_mixin.py:190} INFO - [2026-08-28T15:27:35.125+0000] {dag.py:3239} INFO - Sync 1 DAGs
[2026-08-28T15:27:35.165+0000] {logging_mixin.py:190} INFO - [2026-08-28T15:27:35.165+0000] {dag.py:4180} INFO - Setting next_dagrun for airbyte_to_dbt_pipeline_prod to 2026-08-28 14:00:00+00:00, run_after=2026-08-28 15:00:00+00:00
[2026-08-28T15:27:35.190+0000] {processor.py:208} INFO - Processing /opt/airflow/dags/prod/airbyte_to_dbt_prod.py took 0.154 seconds
[2026-08-28T15:28:05.350+0000] {processor.py:186} INFO - Started process (PID=3187) to work on /opt/airflow/dags/prod/airbyte_to_dbt_prod.py
[2026-08-28T15:28:05.351+0000] {processor.py:914} INFO - Processing file /opt/airflow/dags/prod/airbyte_to_dbt_prod.py for tasks to queue
[2026-08-28T15:28:05.355+0000] {logging_mixin.py:190} INFO - [2026-08-28T15:28:05.354+0000] {dagbag.py:588} INFO - Filling up the DagBag from /opt/airflow/dags/prod/airbyte_to_dbt_prod.py
[2026-08-28T15:28:05.382+0000] {processor.py:925} INFO - DAG(s) 'airbyte_to_dbt_pipeline_prod' retrieved from /opt/airflow/dags/prod/airbyte_to_dbt_prod.py
[2026-08-28T15:28:05.431+0000] {logging_mixin.py:190} INFO - [2026-08-28T15:28:05.431+0000] {dag.py:3239} INFO - Sync 1 DAGs
[2026-08-28T15:28:05.472+0000] {logging_mixin.py:190} INFO - [2026-08-28T15:28:05.472+0000] {dag.py:4180} INFO - Setting next_dagrun for airbyte_to_dbt_pipeline_prod to 2026-08-28 14:00:00+00:00, run_after=2026-08-28 15:00:00+00:00
[2026-08-28T15:28:05.502+0000] {processor.py:208} INFO - Processing /opt/airflow/dags/prod/airbyte_to_dbt_prod.py took 0.162 seconds
[2026-08-28T15:28:35.675+0000] {processor.py:186} INFO - Started process (PID=3197) to work on /opt/airflow/dags/prod/airbyte_to_dbt_prod.py
[2026-08-28T15:28:35.676+0000] {processor.py:914} INFO - Processing file /opt/airflow/dags/prod/airbyte_to_dbt_prod.py for tasks to queue
[2026-08-28T15:28:35.679+0000] {logging_mixin.py:190} INFO - [2026-08-28T15:28:35.679+0000] {dagbag.py:588} INFO - Filling up the DagBag from /opt/airflow/dags/prod/airbyte_to_dbt_prod.py
[2026-08-28T15:28:35.705+0000] {processor.py:925} INFO - DAG(s) 'airbyte_to_dbt_pipeline_prod' retrieved from /opt/airflow/dags/prod/airbyte_to_dbt_prod.py
[2026-08-28T15:28:35.753+0000] {logging_mixin.py:190} INFO - [2026-08-28T15:28:35.753+0000] {dag.py:3239} INFO - Sync 1 DAGs
[2026-08-28T15:28:35.791+0000] {logging_mixin.py:190} INFO - [2026-08-28T15:28:35.791+0000] {dag.py:4180} INFO - Setting next_dagrun for airbyte_to_dbt_pipeline_prod to 2026-08-28 14:00:00+00:00, run_after=2026-08-28 15:00:00+00:00
[2026-08-28T15:28:35.817+0000] {processor.py:208} INFO - Processing /opt/airflow/dags/prod/airbyte_to_dbt_prod.py took 0.150 seconds
[2026-08-28T15:29:05.996+0000] {processor.py:186} INFO - Started process (PID=3207) to work on /opt/airflow/dags/prod/airbyte_to_dbt_prod.py
[2026-08-28T15:29:05.997+0000] {processor.py:914} INFO - Processing file /opt/airflow/dags/prod/airbyte_to_dbt_prod.py for tasks to queue
[2026-08-28T15:29:06.002+0000] {logging_mixin.py:190} INFO - [2026-08-28T15:29:06.001+0000] {dagbag.py:588} INFO - Filling up the DagBag from /opt/airflow/dags/prod/airbyte_to_dbt_prod.py
[2026-08-28T15:29:06.024+0000] {processor.py:925} INFO - DAG(s) 'airbyte_to_dbt_pipeline_prod' retrieved from /opt/airflow/dags/prod/airbyte_to_dbt_prod.py
[2026-08-28T15:29:06.066+0000] {logging_mixin.py:190} INFO - [2026-08-28T15:29:06.065+0000] {dag.py:3239} INFO - Sync 1 DAGs
[2026-08-28T15:29:06.096+0000] {logging_mixin.py:190} INFO - [2026-08-28T15:29:06.095+0000] {dag.py:4180} INFO - Setting next_dagrun for airbyte_to_dbt_pipeline_prod to 2026-08-28 14:00:00+00:00, run_after=2026-08-28 15:00:00+00:00
[2026-08-28T15:29:06.120+0000] {processor.py:208} INFO - Processing /opt/airflow/dags/prod/airbyte_to_dbt_prod.py took 0.135 seconds
[2026-08-28T15:29:36.213+0000] {processor.py:186} INFO - Started process (PID=3215) to work on /opt/airflow/dags/prod/airbyte_to_dbt_prod.py
[2026-08-28T15:29:36.214+0000] {processor.py:914} INFO - Processing file /opt/airflow/dags/prod/airbyte_to_dbt_prod.py for tasks to queue
[2026-08-28T15:29:36.239+0000] {logging_mixin.py:190} INFO - [2026-08-28T15:29:36.238+0000] {dagbag.py:588} INFO - Filling up the DagBag from /opt/airflow/dags/prod/airbyte_to_dbt_prod.py
[2026-08-28T15:29:36.370+0000] {processor.py:925} INFO - DAG(s) 'airbyte_to_dbt_pipeline_prod' retrieved from /opt/airflow/dags/prod/airbyte_to_dbt_prod.py
[2026-08-28T15:29:36.474+0000] {logging_mixin.py:190} INFO - [2026-08-28T15:29:36.474+0000] {dag.py:3239} INFO - Sync 1 DAGs
[2026-08-28T15:29:36.525+0000] {logging_mixin.py:190} INFO - [2026-08-28T15:29:36.524+0000] {dag.py:4180} INFO - Setting next_dagrun for airbyte_to_dbt_pipeline_prod to 2026-08-28 14:00:00+00:00, run_after=2026-08-28 15:00:00+00:00
[2026-08-28T15:29:36.554+0000] {processor.py:208} INFO - Processing /opt/airflow/dags/prod/airbyte_to_dbt_prod.py took 0.362 seconds
[2026-08-28T15:30:06.727+0000] {processor.py:186} INFO - Started process (PID=3227) to work on /opt/airflow/dags/prod/airbyte_to_dbt_prod.py
[2026-08-28T15:30:06.729+0000] {processor.py:914} INFO - Processing file /opt/airflow/dags/prod/airbyte_to_dbt_prod.py for tasks to queue
[2026-08-28T15:30:06.733+0000] {logging_mixin.py:190} INFO - [2026-08-28T15:30:06.733+0000] {dagbag.py:588} INFO - Filling up the DagBag from /opt/airflow/dags/prod/airbyte_to_dbt_prod.py
[2026-08-28T15:30:06.759+0000] {processor.py:925} INFO - DAG(s) 'airbyte_to_dbt_pipeline_prod' retrieved from /opt/airflow/dags/prod/airbyte_to_dbt_prod.py
[2026-08-28T15:30:06.808+0000] {logging_mixin.py:190} INFO - [2026-08-28T15:30:06.808+0000] {dag.py:3239} INFO - Sync 1 DAGs
[2026-08-28T15:30:06.840+0000] {logging_mixin.py:190} INFO - [2026-08-28T15:30:06.839+0000] {dag.py:4180} INFO - Setting next_dagrun for airbyte_to_dbt_pipeline_prod to 2026-08-28 14:00:00+00:00, run_after=2026-08-28 15:00:00+00:00
[2026-08-28T15:30:06.868+0000] {processor.py:208} INFO - Processing /opt/airflow/dags/prod/airbyte_to_dbt_prod.py took 0.152 seconds
[2026-08-28T15:30:37.047+0000] {processor.py:186} INFO - Started process (PID=3237) to work on /opt/airflow/dags/prod/airbyte_to_dbt_prod.py
[2026-08-28T15:30:37.048+0000] {processor.py:914} INFO - Processing file /opt/airflow/dags/prod/airbyte_to_dbt_prod.py for tasks to queue
[2026-08-28T15:30:37.051+0000] {logging_mixin.py:190} INFO - [2026-08-28T15:30:37.051+0000] {dagbag.py:588} INFO - Filling up the DagBag from /opt/airflow/dags/prod/airbyte_to_dbt_prod.py
[2026-08-28T15:30:37.072+0000] {processor.py:925} INFO - DAG(s) 'airbyte_to_dbt_pipeline_prod' retrieved from /opt/airflow/dags/prod/airbyte_to_dbt_prod.py
[2026-08-28T15:30:37.116+0000] {logging_mixin.py:190} INFO - [2026-08-28T15:30:37.115+0000] {dag.py:3239} INFO - Sync 1 DAGs
[2026-08-28T15:30:37.147+0000] {logging_mixin.py:190} INFO - [2026-08-28T15:30:37.147+0000] {dag.py:4180} INFO - Setting next_dagrun for airbyte_to_dbt_pipeline_prod to 2026-08-28 14:00:00+00:00, run_after=2026-08-28 15:00:00+00:00
[2026-08-28T15:30:37.173+0000] {processor.py:208} INFO - Processing /opt/airflow/dags/prod/airbyte_to_dbt_prod.py took 0.135 seconds
[2026-08-28T15:31:07.347+0000] {processor.py:186} INFO - Started process (PID=3249) to work on /opt/airflow/dags/prod/airbyte_to_dbt_prod.py
[2026-08-28T15:31:07.349+0000] {processor.py:914} INFO - Processing file /opt/airflow/dags/prod/airbyte_to_dbt_prod.py for tasks to queue
[2026-08-28T15:31:07.354+0000] {logging_mixin.py:190} INFO - [2026-08-28T15:31:07.353+0000] {dagbag.py:588} INFO - Filling up the DagBag from /opt/airflow/dags/prod/airbyte_to_dbt_prod.py
[2026-08-28T15:31:07.382+0000] {processor.py:925} INFO - DAG(s) 'airbyte_to_dbt_pipeline_prod' retrieved from /opt/airflow/dags/prod/airbyte_to_dbt_prod.py
[2026-08-28T15:31:07.431+0000] {logging_mixin.py:190} INFO - [2026-08-28T15:31:07.431+0000] {dag.py:3239} INFO - Sync 1 DAGs
[2026-08-28T15:31:07.459+0000] {logging_mixin.py:190} INFO - [2026-08-28T15:31:07.459+0000] {dag.py:4180} INFO - Setting next_dagrun for airbyte_to_dbt_pipeline_prod to 2026-08-28 14:00:00+00:00, run_after=2026-08-28 15:00:00+00:00
[2026-08-28T15:31:07.479+0000] {processor.py:208} INFO - Processing /opt/airflow/dags/prod/airbyte_to_dbt_prod.py took 0.144 seconds
[2026-08-28T15:31:37.638+0000] {processor.py:186} INFO - Started process (PID=3259) to work on /opt/airflow/dags/prod/airbyte_to_dbt_prod.py
[2026-08-28T15:31:37.639+0000] {processor.py:914} INFO - Processing file /opt/airflow/dags/prod/airbyte_to_dbt_prod.py for tasks to queue
[2026-08-28T15:31:37.642+0000] {logging_mixin.py:190} INFO - [2026-08-28T15:31:37.642+0000] {dagbag.py:588} INFO - Filling up the DagBag from /opt/airflow/dags/prod/airbyte_to_dbt_prod.py
[2026-08-28T15:31:37.664+0000] {processor.py:925} INFO - DAG(s) 'airbyte_to_dbt_pipeline_prod' retrieved from /opt/airflow/dags/prod/airbyte_to_dbt_prod.py
[2026-08-28T15:31:37.703+0000] {logging_mixin.py:190} INFO - [2026-08-28T15:31:37.702+0000] {dag.py:3239} INFO - Sync 1 DAGs
[2026-08-28T15:31:37.735+0000] {logging_mixin.py:190} INFO - [2026-08-28T15:31:37.734+0000] {dag.py:4180} INFO - Setting next_dagrun for airbyte_to_dbt_pipeline_prod to 2026-08-28 14:00:00+00:00, run_after=2026-08-28 15:00:00+00:00
[2026-08-28T15:31:37.761+0000] {processor.py:208} INFO - Processing /opt/airflow/dags/prod/airbyte_to_dbt_prod.py took 0.132 seconds
[2026-08-28T15:32:07.824+0000] {processor.py:186} INFO - Started process (PID=3267) to work on /opt/airflow/dags/prod/airbyte_to_dbt_prod.py
[2026-08-28T15:32:07.826+0000] {processor.py:914} INFO - Processing file /opt/airflow/dags/prod/airbyte_to_dbt_prod.py for tasks to queue
[2026-08-28T15:32:07.830+0000] {logging_mixin.py:190} INFO - [2026-08-28T15:32:07.830+0000] {dagbag.py:588} INFO - Filling up the DagBag from /opt/airflow/dags/prod/airbyte_to_dbt_prod.py
[2026-08-28T15:32:07.858+0000] {processor.py:925} INFO - DAG(s) 'airbyte_to_dbt_pipeline_prod' retrieved from /opt/airflow/dags/prod/airbyte_to_dbt_prod.py
[2026-08-28T15:32:07.908+0000] {logging_mixin.py:190} INFO - [2026-08-28T15:32:07.908+0000] {dag.py:3239} INFO - Sync 1 DAGs
[2026-08-28T15:32:07.946+0000] {logging_mixin.py:190} INFO - [2026-08-28T15:32:07.946+0000] {dag.py:4180} INFO - Setting next_dagrun for airbyte_to_dbt_pipeline_prod to 2026-08-28 14:00:00+00:00, run_after=2026-08-28 15:00:00+00:00
[2026-08-28T15:32:07.968+0000] {processor.py:208} INFO - Processing /opt/airflow/dags/prod/airbyte_to_dbt_prod.py took 0.158 seconds
[2026-08-28T15:32:38.138+0000] {processor.py:186} INFO - Started process (PID=3277) to work on /opt/airflow/dags/prod/airbyte_to_dbt_prod.py
[2026-08-28T15:32:38.139+0000] {processor.py:914} INFO - Processing file /opt/airflow/dags/prod/airbyte_to_dbt_prod.py for tasks to queue
[2026-08-28T15:32:38.142+0000] {logging_mixin.py:190} INFO - [2026-08-28T15:32:38.141+0000] {dagbag.py:588} INFO - Filling up the DagBag from /opt/airflow/dags/prod/airbyte_to_dbt_prod.py
[2026-08-28T15:32:38.168+0000] {processor.py:925} INFO - DAG(s) 'airbyte_to_dbt_pipeline_prod' retrieved from /opt/airflow/dags/prod/airbyte_to_dbt_prod.py
[2026-08-28T15:32:38.225+0000] {logging_mixin.py:190} INFO - [2026-08-28T15:32:38.225+0000] {dag.py:3239} INFO - Sync 1 DAGs
[2026-08-28T15:32:38.261+0000] {logging_mixin.py:190} INFO - [2026-08-28T15:32:38.261+0000] {dag.py:4180} INFO - Setting next_dagrun for airbyte_to_dbt_pipeline_prod to 2026-08-28 14:00:00+00:00, run_after=2026-08-28 15:00:00+00:00
[2026-08-28T15:32:38.282+0000] {processor.py:208} INFO - Processing /opt/airflow/dags/prod/airbyte_to_dbt_prod.py took 0.153 seconds
[2026-08-28T15:33:08.447+0000] {processor.py:186} INFO - Started process (PID=3287) to work on /opt/airflow/dags/prod/airbyte_to_dbt_prod.py
[2026-08-28T15:33:08.448+0000] {processor.py:914} INFO - Processing file /opt/airflow/dags/prod/airbyte_to_dbt_prod.py for tasks to queue
[2026-08-28T15:33:08.452+0000] {logging_mixin.py:190} INFO - [2026-08-28T15:33:08.451+0000] {dagbag.py:588} INFO - Filling up the DagBag from /opt/airflow/dags/prod/airbyte_to_dbt_prod.py
[2026-08-28T15:33:08.474+0000] {processor.py:925} INFO - DAG(s) 'airbyte_to_dbt_pipeline_prod' retrieved from /opt/airflow/dags/prod/airbyte_to_dbt_prod.py
[2026-08-28T15:33:08.520+0000] {logging_mixin.py:190} INFO - [2026-08-28T15:33:08.520+0000] {dag.py:3239} INFO - Sync 1 DAGs
[2026-08-28T15:33:08.552+0000] {logging_mixin.py:190} INFO - [2026-08-28T15:33:08.552+0000] {dag.py:4180} INFO - Setting next_dagrun for airbyte_to_dbt_pipeline_prod to 2026-08-28 14:00:00+00:00, run_after=2026-08-28 15:00:00+00:00
[2026-08-28T15:33:08.575+0000] {processor.py:208} INFO - Processing /opt/airflow/dags/prod/airbyte_to_dbt_prod.py took 0.137 seconds
[2026-08-28T15:33:38.769+0000] {processor.py:186} INFO - Started process (PID=3297) to work on /opt/airflow/dags/prod/airbyte_to_dbt_prod.py
[2026-08-28T15:33:38.770+0000] {processor.py:914} INFO - Processing file /opt/airflow/dags/prod/airbyte_to_dbt_prod.py for tasks to queue
[2026-08-28T15:33:38.775+0000] {logging_mixin.py:190} INFO - [2026-08-28T15:33:38.774+0000] {dagbag.py:588} INFO - Filling up the DagBag from /opt/airflow/dags/prod/airbyte_to_dbt_prod.py
[2026-08-28T15:33:38.803+0000] {processor.py:925} INFO - DAG(s) 'airbyte_to_dbt_pipeline_prod' retrieved from /opt/airflow/dags/prod/airbyte_to_dbt_prod.py
[2026-08-28T15:33:38.859+0000] {logging_mixin.py:190} INFO - [2026-08-28T15:33:38.859+0000] {dag.py:3239} INFO - Sync 1 DAGs
[2026-08-28T15:33:38.898+0000] {logging_mixin.py:190} INFO - [2026-08-28T15:33:38.898+0000] {dag.py:4180} INFO - Setting next_dagrun for airbyte_to_dbt_pipeline_prod to 2026-08-28 14:00:00+00:00, run_after=2026-08-28 15:00:00+00:00
[2026-08-28T15:33:38.922+0000] {processor.py:208} INFO - Processing /opt/airflow/dags/prod/airbyte_to_dbt_prod.py took 0.164 seconds
[2026-08-28T15:34:09.067+0000] {processor.py:186} INFO - Started process (PID=3307) to work on /opt/airflow/dags/prod/airbyte_to_dbt_prod.py
[2026-08-28T15:34:09.068+0000] {processor.py:914} INFO - Processing file /opt/airflow/dags/prod/airbyte_to_dbt_prod.py for tasks to queue
[2026-08-28T15:34:09.071+0000] {logging_mixin.py:190} INFO - [2026-08-28T15:34:09.071+0000] {dagbag.py:588} INFO - Filling up the DagBag from /opt/airflow/dags/prod/airbyte_to_dbt_prod.py
[2026-08-28T15:34:09.093+0000] {processor.py:925} INFO - DAG(s) 'airbyte_to_dbt_pipeline_prod' retrieved from /opt/airflow/dags/prod/airbyte_to_dbt_prod.py
[2026-08-28T15:34:09.150+0000] {logging_mixin.py:190} INFO - [2026-08-28T15:34:09.149+0000] {dag.py:3239} INFO - Sync 1 DAGs
[2026-08-28T15:34:09.188+0000] {logging_mixin.py:190} INFO - [2026-08-28T15:34:09.188+0000] {dag.py:4180} INFO - Setting next_dagrun for airbyte_to_dbt_pipeline_prod to 2026-08-28 14:00:00+00:00, run_after=2026-08-28 15:00:00+00:00
[2026-08-28T15:34:09.211+0000] {processor.py:208} INFO - Processing /opt/airflow/dags/prod/airbyte_to_dbt_prod.py took 0.155 seconds
[2026-08-28T15:34:39.392+0000] {processor.py:186} INFO - Started process (PID=3317) to work on /opt/airflow/dags/prod/airbyte_to_dbt_prod.py
[2026-08-28T15:34:39.393+0000] {processor.py:914} INFO - Processing file /opt/airflow/dags/prod/airbyte_to_dbt_prod.py for tasks to queue
[2026-08-28T15:34:39.397+0000] {logging_mixin.py:190} INFO - [2026-08-28T15:34:39.397+0000] {dagbag.py:588} INFO - Filling up the DagBag from /opt/airflow/dags/prod/airbyte_to_dbt_prod.py
[2026-08-28T15:34:39.435+0000] {processor.py:925} INFO - DAG(s) 'airbyte_to_dbt_pipeline_prod' retrieved from /opt/airflow/dags/prod/airbyte_to_dbt_prod.py
[2026-08-28T15:34:39.479+0000] {logging_mixin.py:190} INFO - [2026-08-28T15:34:39.479+0000] {dag.py:3239} INFO - Sync 1 DAGs
[2026-08-28T15:34:39.516+0000] {logging_mixin.py:190} INFO - [2026-08-28T15:34:39.515+0000] {dag.py:4180} INFO - Setting next_dagrun for airbyte_to_dbt_pipeline_prod to 2026-08-28 14:00:00+00:00, run_after=2026-08-28 15:00:00+00:00
[2026-08-28T15:34:39.538+0000] {processor.py:208} INFO - Processing /opt/airflow/dags/prod/airbyte_to_dbt_prod.py took 0.154 seconds
[2026-08-28T15:35:09.705+0000] {processor.py:186} INFO - Started process (PID=3327) to work on /opt/airflow/dags/prod/airbyte_to_dbt_prod.py
[2026-08-28T15:35:09.706+0000] {processor.py:914} INFO - Processing file /opt/airflow/dags/prod/airbyte_to_dbt_prod.py for tasks to queue
[2026-08-28T15:35:09.710+0000] {logging_mixin.py:190} INFO - [2026-08-28T15:35:09.709+0000] {dagbag.py:588} INFO - Filling up the DagBag from /opt/airflow/dags/prod/airbyte_to_dbt_prod.py
[2026-08-28T15:35:09.737+0000] {processor.py:925} INFO - DAG(s) 'airbyte_to_dbt_pipeline_prod' retrieved from /opt/airflow/dags/prod/airbyte_to_dbt_prod.py
[2026-08-28T15:35:09.782+0000] {logging_mixin.py:190} INFO - [2026-08-28T15:35:09.782+0000] {dag.py:3239} INFO - Sync 1 DAGs
[2026-08-28T15:35:09.814+0000] {logging_mixin.py:190} INFO - [2026-08-28T15:35:09.814+0000] {dag.py:4180} INFO - Setting next_dagrun for airbyte_to_dbt_pipeline_prod to 2026-08-28 14:00:00+00:00, run_after=2026-08-28 15:00:00+00:00
[2026-08-28T15:35:09.843+0000] {processor.py:208} INFO - Processing /opt/airflow/dags/prod/airbyte_to_dbt_prod.py took 0.151 seconds
[2026-08-28T15:35:40.020+0000] {processor.py:186} INFO - Started process (PID=3337) to work on /opt/airflow/dags/prod/airbyte_to_dbt_prod.py
[2026-08-28T15:35:40.021+0000] {processor.py:914} INFO - Processing file /opt/airflow/dags/prod/airbyte_to_dbt_prod.py for tasks to queue
[2026-08-28T15:35:40.024+0000] {logging_mixin.py:190} INFO - [2026-08-28T15:35:40.023+0000] {dagbag.py:588} INFO - Filling up the DagBag from /opt/airflow/dags/prod/airbyte_to_dbt_prod.py
[2026-08-28T15:35:40.046+0000] {processor.py:925} INFO - DAG(s) 'airbyte_to_dbt_pipeline_prod' retrieved from /opt/airflow/dags/prod/airbyte_to_dbt_prod.py
[2026-08-28T15:35:40.100+0000] {logging_mixin.py:190} INFO - [2026-08-28T15:35:40.099+0000] {dag.py:3239} INFO - Sync 1 DAGs
[2026-08-28T15:35:40.142+0000] {logging_mixin.py:190} INFO - [2026-08-28T15:35:40.141+0000] {dag.py:4180} INFO - Setting next_dagrun for airbyte_to_dbt_pipeline_prod to 2026-08-28 14:00:00+00:00, run_after=2026-08-28 15:00:00+00:00
[2026-08-28T15:35:40.165+0000] {processor.py:208} INFO - Processing /opt/airflow/dags/prod/airbyte_to_dbt_prod.py took 0.154 seconds
[2026-08-28T15:36:10.330+0000] {processor.py:186} INFO - Started process (PID=3347) to work on /opt/airflow/dags/prod/airbyte_to_dbt_prod.py
[2026-08-28T15:36:10.331+0000] {processor.py:914} INFO - Processing file /opt/airflow/dags/prod/airbyte_to_dbt_prod.py for tasks to queue
[2026-08-28T15:36:10.334+0000] {logging_mixin.py:190} INFO - [2026-08-28T15:36:10.334+0000] {dagbag.py:588} INFO - Filling up the DagBag from /opt/airflow/dags/prod/airbyte_to_dbt_prod.py
[2026-08-28T15:36:10.358+0000] {processor.py:925} INFO - DAG(s) 'airbyte_to_dbt_pipeline_prod' retrieved from /opt/airflow/dags/prod/airbyte_to_dbt_prod.py
[2026-08-28T15:36:10.409+0000] {logging_mixin.py:190} INFO - [2026-08-28T15:36:10.408+0000] {dag.py:3239} INFO - Sync 1 DAGs
[2026-08-28T15:36:10.447+0000] {logging_mixin.py:190} INFO - [2026-08-28T15:36:10.447+0000] {dag.py:4180} INFO - Setting next_dagrun for airbyte_to_dbt_pipeline_prod to 2026-08-28 14:00:00+00:00, run_after=2026-08-28 15:00:00+00:00
[2026-08-28T15:36:10.478+0000] {processor.py:208} INFO - Processing /opt/airflow/dags/prod/airbyte_to_dbt_prod.py took 0.158 seconds
[2026-08-28T15:36:40.657+0000] {processor.py:186} INFO - Started process (PID=3357) to work on /opt/airflow/dags/prod/airbyte_to_dbt_prod.py
[2026-08-28T15:36:40.660+0000] {processor.py:914} INFO - Processing file /opt/airflow/dags/prod/airbyte_to_dbt_prod.py for tasks to queue
[2026-08-28T15:36:40.664+0000] {logging_mixin.py:190} INFO - [2026-08-28T15:36:40.663+0000] {dagbag.py:588} INFO - Filling up the DagBag from /opt/airflow/dags/prod/airbyte_to_dbt_prod.py
[2026-08-28T15:36:40.693+0000] {processor.py:925} INFO - DAG(s) 'airbyte_to_dbt_pipeline_prod' retrieved from /opt/airflow/dags/prod/airbyte_to_dbt_prod.py
[2026-08-28T15:36:40.747+0000] {logging_mixin.py:190} INFO - [2026-08-28T15:36:40.746+0000] {dag.py:3239} INFO - Sync 1 DAGs
[2026-08-28T15:36:40.783+0000] {logging_mixin.py:190} INFO - [2026-08-28T15:36:40.783+0000] {dag.py:4180} INFO - Setting next_dagrun for airbyte_to_dbt_pipeline_prod to 2026-08-28 14:00:00+00:00, run_after=2026-08-28 15:00:00+00:00
[2026-08-28T15:36:40.809+0000] {processor.py:208} INFO - Processing /opt/airflow/dags/prod/airbyte_to_dbt_prod.py took 0.163 seconds
[2026-08-28T15:37:10.999+0000] {processor.py:186} INFO - Started process (PID=3367) to work on /opt/airflow/dags/prod/airbyte_to_dbt_prod.py
[2026-08-28T15:37:11.000+0000] {processor.py:914} INFO - Processing file /opt/airflow/dags/prod/airbyte_to_dbt_prod.py for tasks to queue
[2026-08-28T15:37:11.005+0000] {logging_mixin.py:190} INFO - [2026-08-28T15:37:11.004+0000] {dagbag.py:588} INFO - Filling up the DagBag from /opt/airflow/dags/prod/airbyte_to_dbt_prod.py
[2026-08-28T15:37:11.035+0000] {processor.py:925} INFO - DAG(s) 'airbyte_to_dbt_pipeline_prod' retrieved from /opt/airflow/dags/prod/airbyte_to_dbt_prod.py
[2026-08-28T15:37:11.096+0000] {logging_mixin.py:190} INFO - [2026-08-28T15:37:11.096+0000] {dag.py:3239} INFO - Sync 1 DAGs
[2026-08-28T15:37:11.149+0000] {logging_mixin.py:190} INFO - [2026-08-28T15:37:11.148+0000] {dag.py:4180} INFO - Setting next_dagrun for airbyte_to_dbt_pipeline_prod to 2026-08-28 14:00:00+00:00, run_after=2026-08-28 15:00:00+00:00
[2026-08-28T15:37:11.170+0000] {processor.py:208} INFO - Processing /opt/airflow/dags/prod/airbyte_to_dbt_prod.py took 0.179 seconds
[2026-08-28T15:37:41.326+0000] {processor.py:186} INFO - Started process (PID=3377) to work on /opt/airflow/dags/prod/airbyte_to_dbt_prod.py
[2026-08-28T15:37:41.327+0000] {processor.py:914} INFO - Processing file /opt/airflow/dags/prod/airbyte_to_dbt_prod.py for tasks to queue
[2026-08-28T15:37:41.330+0000] {logging_mixin.py:190} INFO - [2026-08-28T15:37:41.330+0000] {dagbag.py:588} INFO - Filling up the DagBag from /opt/airflow/dags/prod/airbyte_to_dbt_prod.py
[2026-08-28T15:37:41.352+0000] {processor.py:925} INFO - DAG(s) 'airbyte_to_dbt_pipeline_prod' retrieved from /opt/airflow/dags/prod/airbyte_to_dbt_prod.py
[2026-08-28T15:37:41.392+0000] {logging_mixin.py:190} INFO - [2026-08-28T15:37:41.392+0000] {dag.py:3239} INFO - Sync 1 DAGs
[2026-08-28T15:37:41.422+0000] {logging_mixin.py:190} INFO - [2026-08-28T15:37:41.421+0000] {dag.py:4180} INFO - Setting next_dagrun for airbyte_to_dbt_pipeline_prod to 2026-08-28 14:00:00+00:00, run_after=2026-08-28 15:00:00+00:00
[2026-08-28T15:37:41.445+0000] {processor.py:208} INFO - Processing /opt/airflow/dags/prod/airbyte_to_dbt_prod.py took 0.129 seconds
[2026-08-28T15:38:11.639+0000] {processor.py:186} INFO - Started process (PID=3387) to work on /opt/airflow/dags/prod/airbyte_to_dbt_prod.py
[2026-08-28T15:38:11.640+0000] {processor.py:914} INFO - Processing file /opt/airflow/dags/prod/airbyte_to_dbt_prod.py for tasks to queue
[2026-08-28T15:38:11.645+0000] {logging_mixin.py:190} INFO - [2026-08-28T15:38:11.644+0000] {dagbag.py:588} INFO - Filling up the DagBag from /opt/airflow/dags/prod/airbyte_to_dbt_prod.py
[2026-08-28T15:38:11.676+0000] {processor.py:925} INFO - DAG(s) 'airbyte_to_dbt_pipeline_prod' retrieved from /opt/airflow/dags/prod/airbyte_to_dbt_prod.py
[2026-08-28T15:38:11.718+0000] {logging_mixin.py:190} INFO - [2026-08-28T15:38:11.717+0000] {dag.py:3239} INFO - Sync 1 DAGs
[2026-08-28T15:38:11.756+0000] {logging_mixin.py:190} INFO - [2026-08-28T15:38:11.755+0000] {dag.py:4180} INFO - Setting next_dagrun for airbyte_to_dbt_pipeline_prod to 2026-08-28 14:00:00+00:00, run_after=2026-08-28 15:00:00+00:00
[2026-08-28T15:38:11.783+0000] {processor.py:208} INFO - Processing /opt/airflow/dags/prod/airbyte_to_dbt_prod.py took 0.152 seconds
[2026-08-28T15:38:41.958+0000] {processor.py:186} INFO - Started process (PID=3397) to work on /opt/airflow/dags/prod/airbyte_to_dbt_prod.py
[2026-08-28T15:38:41.967+0000] {processor.py:914} INFO - Processing file /opt/airflow/dags/prod/airbyte_to_dbt_prod.py for tasks to queue
[2026-08-28T15:38:41.970+0000] {logging_mixin.py:190} INFO - [2026-08-28T15:38:41.969+0000] {dagbag.py:588} INFO - Filling up the DagBag from /opt/airflow/dags/prod/airbyte_to_dbt_prod.py
[2026-08-28T15:38:41.994+0000] {processor.py:925} INFO - DAG(s) 'airbyte_to_dbt_pipeline_prod' retrieved from /opt/airflow/dags/prod/airbyte_to_dbt_prod.py
[2026-08-28T15:38:42.051+0000] {logging_mixin.py:190} INFO - [2026-08-28T15:38:42.050+0000] {dag.py:3239} INFO - Sync 1 DAGs
[2026-08-28T15:38:42.092+0000] {logging_mixin.py:190} INFO - [2026-08-28T15:38:42.092+0000] {dag.py:4180} INFO - Setting next_dagrun for airbyte_to_dbt_pipeline_prod to 2026-08-28 14:00:00+00:00, run_after=2026-08-28 15:00:00+00:00
[2026-08-28T15:38:42.119+0000] {processor.py:208} INFO - Processing /opt/airflow/dags/prod/airbyte_to_dbt_prod.py took 0.170 seconds
[2026-08-28T15:39:12.285+0000] {processor.py:186} INFO - Started process (PID=3407) to work on /opt/airflow/dags/prod/airbyte_to_dbt_prod.py
[2026-08-28T15:39:12.286+0000] {processor.py:914} INFO - Processing file /opt/airflow/dags/prod/airbyte_to_dbt_prod.py for tasks to queue
[2026-08-28T15:39:12.289+0000] {logging_mixin.py:190} INFO - [2026-08-28T15:39:12.289+0000] {dagbag.py:588} INFO - Filling up the DagBag from /opt/airflow/dags/prod/airbyte_to_dbt_prod.py
[2026-08-28T15:39:12.312+0000] {processor.py:925} INFO - DAG(s) 'airbyte_to_dbt_pipeline_prod' retrieved from /opt/airflow/dags/prod/airbyte_to_dbt_prod.py
[2026-08-28T15:39:12.354+0000] {logging_mixin.py:190} INFO - [2026-08-28T15:39:12.353+0000] {dag.py:3239} INFO - Sync 1 DAGs
[2026-08-28T15:39:12.386+0000] {logging_mixin.py:190} INFO - [2026-08-28T15:39:12.386+0000] {dag.py:4180} INFO - Setting next_dagrun for airbyte_to_dbt_pipeline_prod to 2026-08-28 14:00:00+00:00, run_after=2026-08-28 15:00:00+00:00
[2026-08-28T15:39:12.413+0000] {processor.py:208} INFO - Processing /opt/airflow/dags/prod/airbyte_to_dbt_prod.py took 0.139 seconds
[2026-08-28T15:39:42.594+0000] {processor.py:186} INFO - Started process (PID=3417) to work on /opt/airflow/dags/prod/airbyte_to_dbt_prod.py
[2026-08-28T15:39:42.595+0000] {processor.py:914} INFO - Processing file /opt/airflow/dags/prod/airbyte_to_dbt_prod.py for tasks to queue
[2026-08-28T15:39:42.599+0000] {logging_mixin.py:190} INFO - [2026-08-28T15:39:42.599+0000] {dagbag.py:588} INFO - Filling up the DagBag from /opt/airflow/dags/prod/airbyte_to_dbt_prod.py
[2026-08-28T15:39:42.631+0000] {processor.py:925} INFO - DAG(s) 'airbyte_to_dbt_pipeline_prod' retrieved from /opt/airflow/dags/prod/airbyte_to_dbt_prod.py
[2026-08-28T15:39:42.681+0000] {logging_mixin.py:190} INFO - [2026-08-28T15:39:42.680+0000] {dag.py:3239} INFO - Sync 1 DAGs
[2026-08-28T15:39:42.714+0000] {logging_mixin.py:190} INFO - [2026-08-28T15:39:42.714+0000] {dag.py:4180} INFO - Setting next_dagrun for airbyte_to_dbt_pipeline_prod to 2026-08-28 14:00:00+00:00, run_after=2026-08-28 15:00:00+00:00
[2026-08-28T15:39:42.739+0000] {processor.py:208} INFO - Processing /opt/airflow/dags/prod/airbyte_to_dbt_prod.py took 0.154 seconds
[2026-08-28T15:40:12.919+0000] {processor.py:186} INFO - Started process (PID=3427) to work on /opt/airflow/dags/prod/airbyte_to_dbt_prod.py
[2026-08-28T15:40:12.920+0000] {processor.py:914} INFO - Processing file /opt/airflow/dags/prod/airbyte_to_dbt_prod.py for tasks to queue
[2026-08-28T15:40:12.924+0000] {logging_mixin.py:190} INFO - [2026-08-28T15:40:12.923+0000] {dagbag.py:588} INFO - Filling up the DagBag from /opt/airflow/dags/prod/airbyte_to_dbt_prod.py
[2026-08-28T15:40:12.955+0000] {processor.py:925} INFO - DAG(s) 'airbyte_to_dbt_pipeline_prod' retrieved from /opt/airflow/dags/prod/airbyte_to_dbt_prod.py
[2026-08-28T15:40:13.003+0000] {logging_mixin.py:190} INFO - [2026-08-28T15:40:13.002+0000] {dag.py:3239} INFO - Sync 1 DAGs
[2026-08-28T15:40:13.043+0000] {logging_mixin.py:190} INFO - [2026-08-28T15:40:13.043+0000] {dag.py:4180} INFO - Setting next_dagrun for airbyte_to_dbt_pipeline_prod to 2026-08-28 14:00:00+00:00, run_after=2026-08-28 15:00:00+00:00
[2026-08-28T15:40:13.064+0000] {processor.py:208} INFO - Processing /opt/airflow/dags/prod/airbyte_to_dbt_prod.py took 0.154 seconds
[2026-08-28T15:40:43.240+0000] {processor.py:186} INFO - Started process (PID=3437) to work on /opt/airflow/dags/prod/airbyte_to_dbt_prod.py
[2026-08-28T15:40:43.242+0000] {processor.py:914} INFO - Processing file /opt/airflow/dags/prod/airbyte_to_dbt_prod.py for tasks to queue
[2026-08-28T15:40:43.246+0000] {logging_mixin.py:190} INFO - [2026-08-28T15:40:43.246+0000] {dagbag.py:588} INFO - Filling up the DagBag from /opt/airflow/dags/prod/airbyte_to_dbt_prod.py
[2026-08-28T15:40:43.276+0000] {processor.py:925} INFO - DAG(s) 'airbyte_to_dbt_pipeline_prod' retrieved from /opt/airflow/dags/prod/airbyte_to_dbt_prod.py
[2026-08-28T15:40:43.332+0000] {logging_mixin.py:190} INFO - [2026-08-28T15:40:43.332+0000] {dag.py:3239} INFO - Sync 1 DAGs
[2026-08-28T15:40:43.371+0000] {logging_mixin.py:190} INFO - [2026-08-28T15:40:43.370+0000] {dag.py:4180} INFO - Setting next_dagrun for airbyte_to_dbt_pipeline_prod to 2026-08-28 14:00:00+00:00, run_after=2026-08-28 15:00:00+00:00
[2026-08-28T15:40:43.395+0000] {processor.py:208} INFO - Processing /opt/airflow/dags/prod/airbyte_to_dbt_prod.py took 0.166 seconds
[2026-08-28T15:41:13.570+0000] {processor.py:186} INFO - Started process (PID=3447) to work on /opt/airflow/dags/prod/airbyte_to_dbt_prod.py
[2026-08-28T15:41:13.571+0000] {processor.py:914} INFO - Processing file /opt/airflow/dags/prod/airbyte_to_dbt_prod.py for tasks to queue
[2026-08-28T15:41:13.576+0000] {logging_mixin.py:190} INFO - [2026-08-28T15:41:13.575+0000] {dagbag.py:588} INFO - Filling up the DagBag from /opt/airflow/dags/prod/airbyte_to_dbt_prod.py
[2026-08-28T15:41:13.603+0000] {processor.py:925} INFO - DAG(s) 'airbyte_to_dbt_pipeline_prod' retrieved from /opt/airflow/dags/prod/airbyte_to_dbt_prod.py
[2026-08-28T15:41:13.655+0000] {logging_mixin.py:190} INFO - [2026-08-28T15:41:13.655+0000] {dag.py:3239} INFO - Sync 1 DAGs
[2026-08-28T15:41:13.696+0000] {logging_mixin.py:190} INFO - [2026-08-28T15:41:13.696+0000] {dag.py:4180} INFO - Setting next_dagrun for airbyte_to_dbt_pipeline_prod to 2026-08-28 14:00:00+00:00, run_after=2026-08-28 15:00:00+00:00
[2026-08-28T15:41:13.727+0000] {processor.py:208} INFO - Processing /opt/airflow/dags/prod/airbyte_to_dbt_prod.py took 0.170 seconds
[2026-08-28T15:41:43.879+0000] {processor.py:186} INFO - Started process (PID=3457) to work on /opt/airflow/dags/prod/airbyte_to_dbt_prod.py
[2026-08-28T15:41:43.880+0000] {processor.py:914} INFO - Processing file /opt/airflow/dags/prod/airbyte_to_dbt_prod.py for tasks to queue
[2026-08-28T15:41:43.884+0000] {logging_mixin.py:190} INFO - [2026-08-28T15:41:43.884+0000] {dagbag.py:588} INFO - Filling up the DagBag from /opt/airflow/dags/prod/airbyte_to_dbt_prod.py
[2026-08-28T15:41:43.915+0000] {processor.py:925} INFO - DAG(s) 'airbyte_to_dbt_pipeline_prod' retrieved from /opt/airflow/dags/prod/airbyte_to_dbt_prod.py
[2026-08-28T15:41:43.959+0000] {logging_mixin.py:190} INFO - [2026-08-28T15:41:43.959+0000] {dag.py:3239} INFO - Sync 1 DAGs
[2026-08-28T15:41:43.993+0000] {logging_mixin.py:190} INFO - [2026-08-28T15:41:43.993+0000] {dag.py:4180} INFO - Setting next_dagrun for airbyte_to_dbt_pipeline_prod to 2026-08-28 14:00:00+00:00, run_after=2026-08-28 15:00:00+00:00
[2026-08-28T15:41:44.018+0000] {processor.py:208} INFO - Processing /opt/airflow/dags/prod/airbyte_to_dbt_prod.py took 0.147 seconds
[2026-08-28T15:42:14.196+0000] {processor.py:186} INFO - Started process (PID=3467) to work on /opt/airflow/dags/prod/airbyte_to_dbt_prod.py
[2026-08-28T15:42:14.197+0000] {processor.py:914} INFO - Processing file /opt/airflow/dags/prod/airbyte_to_dbt_prod.py for tasks to queue
[2026-08-28T15:42:14.201+0000] {logging_mixin.py:190} INFO - [2026-08-28T15:42:14.200+0000] {dagbag.py:588} INFO - Filling up the DagBag from /opt/airflow/dags/prod/airbyte_to_dbt_prod.py
[2026-08-28T15:42:14.234+0000] {processor.py:925} INFO - DAG(s) 'airbyte_to_dbt_pipeline_prod' retrieved from /opt/airflow/dags/prod/airbyte_to_dbt_prod.py
[2026-08-28T15:42:14.277+0000] {logging_mixin.py:190} INFO - [2026-08-28T15:42:14.277+0000] {dag.py:3239} INFO - Sync 1 DAGs
[2026-08-28T15:42:14.311+0000] {logging_mixin.py:190} INFO - [2026-08-28T15:42:14.311+0000] {dag.py:4180} INFO - Setting next_dagrun for airbyte_to_dbt_pipeline_prod to 2026-08-28 14:00:00+00:00, run_after=2026-08-28 15:00:00+00:00
[2026-08-28T15:42:14.338+0000] {processor.py:208} INFO - Processing /opt/airflow/dags/prod/airbyte_to_dbt_prod.py took 0.149 seconds
[2026-08-28T15:42:44.521+0000] {processor.py:186} INFO - Started process (PID=3477) to work on /opt/airflow/dags/prod/airbyte_to_dbt_prod.py
[2026-08-28T15:42:44.523+0000] {processor.py:914} INFO - Processing file /opt/airflow/dags/prod/airbyte_to_dbt_prod.py for tasks to queue
[2026-08-28T15:42:44.528+0000] {logging_mixin.py:190} INFO - [2026-08-28T15:42:44.527+0000] {dagbag.py:588} INFO - Filling up the DagBag from /opt/airflow/dags/prod/airbyte_to_dbt_prod.py
[2026-08-28T15:42:44.559+0000] {processor.py:925} INFO - DAG(s) 'airbyte_to_dbt_pipeline_prod' retrieved from /opt/airflow/dags/prod/airbyte_to_dbt_prod.py
[2026-08-28T15:42:44.618+0000] {logging_mixin.py:190} INFO - [2026-08-28T15:42:44.617+0000] {dag.py:3239} INFO - Sync 1 DAGs
[2026-08-28T15:42:44.653+0000] {logging_mixin.py:190} INFO - [2026-08-28T15:42:44.653+0000] {dag.py:4180} INFO - Setting next_dagrun for airbyte_to_dbt_pipeline_prod to 2026-08-28 14:00:00+00:00, run_after=2026-08-28 15:00:00+00:00
[2026-08-28T15:42:44.676+0000] {processor.py:208} INFO - Processing /opt/airflow/dags/prod/airbyte_to_dbt_prod.py took 0.164 seconds
[2026-08-28T15:43:14.826+0000] {processor.py:186} INFO - Started process (PID=3487) to work on /opt/airflow/dags/prod/airbyte_to_dbt_prod.py
[2026-08-28T15:43:14.827+0000] {processor.py:914} INFO - Processing file /opt/airflow/dags/prod/airbyte_to_dbt_prod.py for tasks to queue
[2026-08-28T15:43:14.831+0000] {logging_mixin.py:190} INFO - [2026-08-28T15:43:14.831+0000] {dagbag.py:588} INFO - Filling up the DagBag from /opt/airflow/dags/prod/airbyte_to_dbt_prod.py
[2026-08-28T15:43:14.859+0000] {processor.py:925} INFO - DAG(s) 'airbyte_to_dbt_pipeline_prod' retrieved from /opt/airflow/dags/prod/airbyte_to_dbt_prod.py
[2026-08-28T15:43:14.916+0000] {logging_mixin.py:190} INFO - [2026-08-28T15:43:14.916+0000] {dag.py:3239} INFO - Sync 1 DAGs
[2026-08-28T15:43:14.957+0000] {logging_mixin.py:190} INFO - [2026-08-28T15:43:14.957+0000] {dag.py:4180} INFO - Setting next_dagrun for airbyte_to_dbt_pipeline_prod to 2026-08-28 14:00:00+00:00, run_after=2026-08-28 15:00:00+00:00
[2026-08-28T15:43:14.985+0000] {processor.py:208} INFO - Processing /opt/airflow/dags/prod/airbyte_to_dbt_prod.py took 0.174 seconds
[2026-08-28T16:22:35.368+0000] {processor.py:186} INFO - Started process (PID=3496) to work on /opt/airflow/dags/prod/airbyte_to_dbt_prod.py
[2026-08-28T16:22:35.374+0000] {processor.py:914} INFO - Processing file /opt/airflow/dags/prod/airbyte_to_dbt_prod.py for tasks to queue
[2026-08-28T16:22:35.382+0000] {logging_mixin.py:190} INFO - [2026-08-28T16:22:35.381+0000] {dagbag.py:588} INFO - Filling up the DagBag from /opt/airflow/dags/prod/airbyte_to_dbt_prod.py
[2026-08-28T16:22:35.422+0000] {processor.py:925} INFO - DAG(s) 'airbyte_to_dbt_pipeline_prod' retrieved from /opt/airflow/dags/prod/airbyte_to_dbt_prod.py
[2026-08-28T16:22:35.565+0000] {logging_mixin.py:190} INFO - [2026-08-28T16:22:35.564+0000] {dag.py:3239} INFO - Sync 1 DAGs
[2026-08-28T16:22:35.659+0000] {logging_mixin.py:190} INFO - [2026-08-28T16:22:35.659+0000] {dag.py:4180} INFO - Setting next_dagrun for airbyte_to_dbt_pipeline_prod to 2026-08-28 15:00:00+00:00, run_after=2026-08-28 16:00:00+00:00
[2026-08-28T16:22:35.749+0000] {processor.py:208} INFO - Processing /opt/airflow/dags/prod/airbyte_to_dbt_prod.py took 0.416 seconds
[2026-08-28T16:23:05.905+0000] {processor.py:186} INFO - Started process (PID=3507) to work on /opt/airflow/dags/prod/airbyte_to_dbt_prod.py
[2026-08-28T16:23:05.907+0000] {processor.py:914} INFO - Processing file /opt/airflow/dags/prod/airbyte_to_dbt_prod.py for tasks to queue
[2026-08-28T16:23:05.913+0000] {logging_mixin.py:190} INFO - [2026-08-28T16:23:05.912+0000] {dagbag.py:588} INFO - Filling up the DagBag from /opt/airflow/dags/prod/airbyte_to_dbt_prod.py
[2026-08-28T16:23:05.958+0000] {processor.py:925} INFO - DAG(s) 'airbyte_to_dbt_pipeline_prod' retrieved from /opt/airflow/dags/prod/airbyte_to_dbt_prod.py
[2026-08-28T16:23:06.014+0000] {logging_mixin.py:190} INFO - [2026-08-28T16:23:06.014+0000] {dag.py:3239} INFO - Sync 1 DAGs
[2026-08-28T16:23:06.055+0000] {logging_mixin.py:190} INFO - [2026-08-28T16:23:06.055+0000] {dag.py:4180} INFO - Setting next_dagrun for airbyte_to_dbt_pipeline_prod to 2026-08-28 15:00:00+00:00, run_after=2026-08-28 16:00:00+00:00
[2026-08-28T16:23:06.086+0000] {processor.py:208} INFO - Processing /opt/airflow/dags/prod/airbyte_to_dbt_prod.py took 0.196 seconds
[2026-08-28T16:23:36.248+0000] {processor.py:186} INFO - Started process (PID=3517) to work on /opt/airflow/dags/prod/airbyte_to_dbt_prod.py
[2026-08-28T16:23:36.250+0000] {processor.py:914} INFO - Processing file /opt/airflow/dags/prod/airbyte_to_dbt_prod.py for tasks to queue
[2026-08-28T16:23:36.253+0000] {logging_mixin.py:190} INFO - [2026-08-28T16:23:36.252+0000] {dagbag.py:588} INFO - Filling up the DagBag from /opt/airflow/dags/prod/airbyte_to_dbt_prod.py
[2026-08-28T16:23:36.279+0000] {processor.py:925} INFO - DAG(s) 'airbyte_to_dbt_pipeline_prod' retrieved from /opt/airflow/dags/prod/airbyte_to_dbt_prod.py
[2026-08-28T16:23:36.333+0000] {logging_mixin.py:190} INFO - [2026-08-28T16:23:36.333+0000] {dag.py:3239} INFO - Sync 1 DAGs
[2026-08-28T16:23:36.376+0000] {logging_mixin.py:190} INFO - [2026-08-28T16:23:36.375+0000] {dag.py:4180} INFO - Setting next_dagrun for airbyte_to_dbt_pipeline_prod to 2026-08-28 15:00:00+00:00, run_after=2026-08-28 16:00:00+00:00
[2026-08-28T16:23:36.403+0000] {processor.py:208} INFO - Processing /opt/airflow/dags/prod/airbyte_to_dbt_prod.py took 0.164 seconds
[2026-08-28T16:24:06.573+0000] {processor.py:186} INFO - Started process (PID=3527) to work on /opt/airflow/dags/prod/airbyte_to_dbt_prod.py
[2026-08-28T16:24:06.575+0000] {processor.py:914} INFO - Processing file /opt/airflow/dags/prod/airbyte_to_dbt_prod.py for tasks to queue
[2026-08-28T16:24:06.580+0000] {logging_mixin.py:190} INFO - [2026-08-28T16:24:06.580+0000] {dagbag.py:588} INFO - Filling up the DagBag from /opt/airflow/dags/prod/airbyte_to_dbt_prod.py
[2026-08-28T16:24:06.603+0000] {processor.py:925} INFO - DAG(s) 'airbyte_to_dbt_pipeline_prod' retrieved from /opt/airflow/dags/prod/airbyte_to_dbt_prod.py
[2026-08-28T16:24:06.649+0000] {logging_mixin.py:190} INFO - [2026-08-28T16:24:06.649+0000] {dag.py:3239} INFO - Sync 1 DAGs
[2026-08-28T16:24:06.685+0000] {logging_mixin.py:190} INFO - [2026-08-28T16:24:06.685+0000] {dag.py:4180} INFO - Setting next_dagrun for airbyte_to_dbt_pipeline_prod to 2026-08-28 15:00:00+00:00, run_after=2026-08-28 16:00:00+00:00
[2026-08-28T16:24:06.708+0000] {processor.py:208} INFO - Processing /opt/airflow/dags/prod/airbyte_to_dbt_prod.py took 0.149 seconds
[2026-08-28T16:24:36.901+0000] {processor.py:186} INFO - Started process (PID=3537) to work on /opt/airflow/dags/prod/airbyte_to_dbt_prod.py
[2026-08-28T16:24:36.903+0000] {processor.py:914} INFO - Processing file /opt/airflow/dags/prod/airbyte_to_dbt_prod.py for tasks to queue
[2026-08-28T16:24:36.906+0000] {logging_mixin.py:190} INFO - [2026-08-28T16:24:36.906+0000] {dagbag.py:588} INFO - Filling up the DagBag from /opt/airflow/dags/prod/airbyte_to_dbt_prod.py
[2026-08-28T16:24:36.931+0000] {processor.py:925} INFO - DAG(s) 'airbyte_to_dbt_pipeline_prod' retrieved from /opt/airflow/dags/prod/airbyte_to_dbt_prod.py
[2026-08-28T16:24:36.978+0000] {logging_mixin.py:190} INFO - [2026-08-28T16:24:36.977+0000] {dag.py:3239} INFO - Sync 1 DAGs
[2026-08-28T16:24:37.010+0000] {logging_mixin.py:190} INFO - [2026-08-28T16:24:37.010+0000] {dag.py:4180} INFO - Setting next_dagrun for airbyte_to_dbt_pipeline_prod to 2026-08-28 15:00:00+00:00, run_after=2026-08-28 16:00:00+00:00
[2026-08-28T16:24:37.037+0000] {processor.py:208} INFO - Processing /opt/airflow/dags/prod/airbyte_to_dbt_prod.py took 0.149 seconds
[2026-08-28T16:25:07.585+0000] {processor.py:186} INFO - Started process (PID=3545) to work on /opt/airflow/dags/prod/airbyte_to_dbt_prod.py
[2026-08-28T16:25:07.586+0000] {processor.py:914} INFO - Processing file /opt/airflow/dags/prod/airbyte_to_dbt_prod.py for tasks to queue
[2026-08-28T16:25:07.692+0000] {logging_mixin.py:190} INFO - [2026-08-28T16:25:07.682+0000] {dagbag.py:588} INFO - Filling up the DagBag from /opt/airflow/dags/prod/airbyte_to_dbt_prod.py
[2026-08-28T16:25:08.000+0000] {processor.py:925} INFO - DAG(s) 'airbyte_to_dbt_pipeline_prod' retrieved from /opt/airflow/dags/prod/airbyte_to_dbt_prod.py
[2026-08-28T16:25:08.251+0000] {logging_mixin.py:190} INFO - [2026-08-28T16:25:08.251+0000] {dag.py:3239} INFO - Sync 1 DAGs
[2026-08-28T16:25:08.503+0000] {logging_mixin.py:190} INFO - [2026-08-28T16:25:08.503+0000] {dag.py:4180} INFO - Setting next_dagrun for airbyte_to_dbt_pipeline_prod to 2026-08-28 15:00:00+00:00, run_after=2026-08-28 16:00:00+00:00
[2026-08-28T16:25:08.537+0000] {processor.py:208} INFO - Processing /opt/airflow/dags/prod/airbyte_to_dbt_prod.py took 1.145 seconds
[2026-08-28T16:25:38.740+0000] {processor.py:186} INFO - Started process (PID=3557) to work on /opt/airflow/dags/prod/airbyte_to_dbt_prod.py
[2026-08-28T16:25:38.741+0000] {processor.py:914} INFO - Processing file /opt/airflow/dags/prod/airbyte_to_dbt_prod.py for tasks to queue
[2026-08-28T16:25:38.748+0000] {logging_mixin.py:190} INFO - [2026-08-28T16:25:38.748+0000] {dagbag.py:588} INFO - Filling up the DagBag from /opt/airflow/dags/prod/airbyte_to_dbt_prod.py
[2026-08-28T16:25:38.783+0000] {processor.py:925} INFO - DAG(s) 'airbyte_to_dbt_pipeline_prod' retrieved from /opt/airflow/dags/prod/airbyte_to_dbt_prod.py
[2026-08-28T16:25:38.866+0000] {logging_mixin.py:190} INFO - [2026-08-28T16:25:38.866+0000] {dag.py:3239} INFO - Sync 1 DAGs
[2026-08-28T16:25:38.919+0000] {logging_mixin.py:190} INFO - [2026-08-28T16:25:38.919+0000] {dag.py:4180} INFO - Setting next_dagrun for airbyte_to_dbt_pipeline_prod to 2026-08-28 15:00:00+00:00, run_after=2026-08-28 16:00:00+00:00
[2026-08-28T16:25:38.967+0000] {processor.py:208} INFO - Processing /opt/airflow/dags/prod/airbyte_to_dbt_prod.py took 0.241 seconds
[2026-08-28T16:26:09.156+0000] {processor.py:186} INFO - Started process (PID=3567) to work on /opt/airflow/dags/prod/airbyte_to_dbt_prod.py
[2026-08-28T16:26:09.158+0000] {processor.py:914} INFO - Processing file /opt/airflow/dags/prod/airbyte_to_dbt_prod.py for tasks to queue
[2026-08-28T16:26:09.164+0000] {logging_mixin.py:190} INFO - [2026-08-28T16:26:09.163+0000] {dagbag.py:588} INFO - Filling up the DagBag from /opt/airflow/dags/prod/airbyte_to_dbt_prod.py
[2026-08-28T16:26:09.200+0000] {processor.py:925} INFO - DAG(s) 'airbyte_to_dbt_pipeline_prod' retrieved from /opt/airflow/dags/prod/airbyte_to_dbt_prod.py
[2026-08-28T16:26:09.257+0000] {logging_mixin.py:190} INFO - [2026-08-28T16:26:09.257+0000] {dag.py:3239} INFO - Sync 1 DAGs
[2026-08-28T16:26:09.301+0000] {logging_mixin.py:190} INFO - [2026-08-28T16:26:09.301+0000] {dag.py:4180} INFO - Setting next_dagrun for airbyte_to_dbt_pipeline_prod to 2026-08-28 15:00:00+00:00, run_after=2026-08-28 16:00:00+00:00
[2026-08-28T16:26:09.324+0000] {processor.py:208} INFO - Processing /opt/airflow/dags/prod/airbyte_to_dbt_prod.py took 0.180 seconds
[2026-08-28T16:26:39.475+0000] {processor.py:186} INFO - Started process (PID=3577) to work on /opt/airflow/dags/prod/airbyte_to_dbt_prod.py
[2026-08-28T16:26:39.476+0000] {processor.py:914} INFO - Processing file /opt/airflow/dags/prod/airbyte_to_dbt_prod.py for tasks to queue
[2026-08-28T16:26:39.481+0000] {logging_mixin.py:190} INFO - [2026-08-28T16:26:39.480+0000] {dagbag.py:588} INFO - Filling up the DagBag from /opt/airflow/dags/prod/airbyte_to_dbt_prod.py
[2026-08-28T16:26:39.515+0000] {processor.py:925} INFO - DAG(s) 'airbyte_to_dbt_pipeline_prod' retrieved from /opt/airflow/dags/prod/airbyte_to_dbt_prod.py
[2026-08-28T16:26:39.571+0000] {logging_mixin.py:190} INFO - [2026-08-28T16:26:39.571+0000] {dag.py:3239} INFO - Sync 1 DAGs
[2026-08-28T16:26:39.613+0000] {logging_mixin.py:190} INFO - [2026-08-28T16:26:39.613+0000] {dag.py:4180} INFO - Setting next_dagrun for airbyte_to_dbt_pipeline_prod to 2026-08-28 15:00:00+00:00, run_after=2026-08-28 16:00:00+00:00
[2026-08-28T16:26:39.635+0000] {processor.py:208} INFO - Processing /opt/airflow/dags/prod/airbyte_to_dbt_prod.py took 0.173 seconds
[2026-08-28T16:27:09.809+0000] {processor.py:186} INFO - Started process (PID=3587) to work on /opt/airflow/dags/prod/airbyte_to_dbt_prod.py
[2026-08-28T16:27:09.811+0000] {processor.py:914} INFO - Processing file /opt/airflow/dags/prod/airbyte_to_dbt_prod.py for tasks to queue
[2026-08-28T16:27:09.816+0000] {logging_mixin.py:190} INFO - [2026-08-28T16:27:09.815+0000] {dagbag.py:588} INFO - Filling up the DagBag from /opt/airflow/dags/prod/airbyte_to_dbt_prod.py
[2026-08-28T16:27:09.855+0000] {processor.py:925} INFO - DAG(s) 'airbyte_to_dbt_pipeline_prod' retrieved from /opt/airflow/dags/prod/airbyte_to_dbt_prod.py
[2026-08-28T16:27:09.903+0000] {logging_mixin.py:190} INFO - [2026-08-28T16:27:09.903+0000] {dag.py:3239} INFO - Sync 1 DAGs
[2026-08-28T16:27:09.937+0000] {logging_mixin.py:190} INFO - [2026-08-28T16:27:09.936+0000] {dag.py:4180} INFO - Setting next_dagrun for airbyte_to_dbt_pipeline_prod to 2026-08-28 15:00:00+00:00, run_after=2026-08-28 16:00:00+00:00
[2026-08-28T16:27:09.970+0000] {processor.py:208} INFO - Processing /opt/airflow/dags/prod/airbyte_to_dbt_prod.py took 0.178 seconds
[2026-08-28T16:27:40.201+0000] {processor.py:186} INFO - Started process (PID=3597) to work on /opt/airflow/dags/prod/airbyte_to_dbt_prod.py
[2026-08-28T16:27:40.202+0000] {processor.py:914} INFO - Processing file /opt/airflow/dags/prod/airbyte_to_dbt_prod.py for tasks to queue
[2026-08-28T16:27:40.206+0000] {logging_mixin.py:190} INFO - [2026-08-28T16:27:40.205+0000] {dagbag.py:588} INFO - Filling up the DagBag from /opt/airflow/dags/prod/airbyte_to_dbt_prod.py
[2026-08-28T16:27:40.231+0000] {processor.py:925} INFO - DAG(s) 'airbyte_to_dbt_pipeline_prod' retrieved from /opt/airflow/dags/prod/airbyte_to_dbt_prod.py
[2026-08-28T16:27:40.273+0000] {logging_mixin.py:190} INFO - [2026-08-28T16:27:40.273+0000] {dag.py:3239} INFO - Sync 1 DAGs
[2026-08-28T16:27:40.319+0000] {logging_mixin.py:190} INFO - [2026-08-28T16:27:40.319+0000] {dag.py:4180} INFO - Setting next_dagrun for airbyte_to_dbt_pipeline_prod to 2026-08-28 15:00:00+00:00, run_after=2026-08-28 16:00:00+00:00
[2026-08-28T16:27:40.353+0000] {processor.py:208} INFO - Processing /opt/airflow/dags/prod/airbyte_to_dbt_prod.py took 0.165 seconds
[2026-08-28T16:28:10.547+0000] {processor.py:186} INFO - Started process (PID=3607) to work on /opt/airflow/dags/prod/airbyte_to_dbt_prod.py
[2026-08-28T16:28:10.548+0000] {processor.py:914} INFO - Processing file /opt/airflow/dags/prod/airbyte_to_dbt_prod.py for tasks to queue
[2026-08-28T16:28:10.554+0000] {logging_mixin.py:190} INFO - [2026-08-28T16:28:10.553+0000] {dagbag.py:588} INFO - Filling up the DagBag from /opt/airflow/dags/prod/airbyte_to_dbt_prod.py
[2026-08-28T16:28:10.592+0000] {processor.py:925} INFO - DAG(s) 'airbyte_to_dbt_pipeline_prod' retrieved from /opt/airflow/dags/prod/airbyte_to_dbt_prod.py
[2026-08-28T16:28:10.663+0000] {logging_mixin.py:190} INFO - [2026-08-28T16:28:10.663+0000] {dag.py:3239} INFO - Sync 1 DAGs
[2026-08-28T16:28:10.707+0000] {logging_mixin.py:190} INFO - [2026-08-28T16:28:10.706+0000] {dag.py:4180} INFO - Setting next_dagrun for airbyte_to_dbt_pipeline_prod to 2026-08-28 15:00:00+00:00, run_after=2026-08-28 16:00:00+00:00
[2026-08-28T16:28:10.734+0000] {processor.py:208} INFO - Processing /opt/airflow/dags/prod/airbyte_to_dbt_prod.py took 0.196 seconds
[2026-08-28T16:28:40.912+0000] {processor.py:186} INFO - Started process (PID=3617) to work on /opt/airflow/dags/prod/airbyte_to_dbt_prod.py
[2026-08-28T16:28:40.915+0000] {processor.py:914} INFO - Processing file /opt/airflow/dags/prod/airbyte_to_dbt_prod.py for tasks to queue
[2026-08-28T16:28:40.923+0000] {logging_mixin.py:190} INFO - [2026-08-28T16:28:40.922+0000] {dagbag.py:588} INFO - Filling up the DagBag from /opt/airflow/dags/prod/airbyte_to_dbt_prod.py
[2026-08-28T16:28:40.969+0000] {processor.py:925} INFO - DAG(s) 'airbyte_to_dbt_pipeline_prod' retrieved from /opt/airflow/dags/prod/airbyte_to_dbt_prod.py
[2026-08-28T16:28:41.032+0000] {logging_mixin.py:190} INFO - [2026-08-28T16:28:41.031+0000] {dag.py:3239} INFO - Sync 1 DAGs
[2026-08-28T16:28:41.072+0000] {logging_mixin.py:190} INFO - [2026-08-28T16:28:41.072+0000] {dag.py:4180} INFO - Setting next_dagrun for airbyte_to_dbt_pipeline_prod to 2026-08-28 15:00:00+00:00, run_after=2026-08-28 16:00:00+00:00
[2026-08-28T16:28:41.093+0000] {processor.py:208} INFO - Processing /opt/airflow/dags/prod/airbyte_to_dbt_prod.py took 0.197 seconds
[2026-08-28T16:29:11.332+0000] {processor.py:186} INFO - Started process (PID=3627) to work on /opt/airflow/dags/prod/airbyte_to_dbt_prod.py
[2026-08-28T16:29:11.336+0000] {processor.py:914} INFO - Processing file /opt/airflow/dags/prod/airbyte_to_dbt_prod.py for tasks to queue
[2026-08-28T16:29:11.345+0000] {logging_mixin.py:190} INFO - [2026-08-28T16:29:11.344+0000] {dagbag.py:588} INFO - Filling up the DagBag from /opt/airflow/dags/prod/airbyte_to_dbt_prod.py
[2026-08-28T16:29:11.391+0000] {processor.py:925} INFO - DAG(s) 'airbyte_to_dbt_pipeline_prod' retrieved from /opt/airflow/dags/prod/airbyte_to_dbt_prod.py
[2026-08-28T16:29:11.469+0000] {logging_mixin.py:190} INFO - [2026-08-28T16:29:11.469+0000] {dag.py:3239} INFO - Sync 1 DAGs
[2026-08-28T16:29:11.538+0000] {logging_mixin.py:190} INFO - [2026-08-28T16:29:11.538+0000] {dag.py:4180} INFO - Setting next_dagrun for airbyte_to_dbt_pipeline_prod to 2026-08-28 15:00:00+00:00, run_after=2026-08-28 16:00:00+00:00
[2026-08-28T16:29:11.590+0000] {processor.py:208} INFO - Processing /opt/airflow/dags/prod/airbyte_to_dbt_prod.py took 0.286 seconds
[2026-08-28T16:29:41.817+0000] {processor.py:186} INFO - Started process (PID=3637) to work on /opt/airflow/dags/prod/airbyte_to_dbt_prod.py
[2026-08-28T16:29:41.818+0000] {processor.py:914} INFO - Processing file /opt/airflow/dags/prod/airbyte_to_dbt_prod.py for tasks to queue
[2026-08-28T16:29:41.821+0000] {logging_mixin.py:190} INFO - [2026-08-28T16:29:41.821+0000] {dagbag.py:588} INFO - Filling up the DagBag from /opt/airflow/dags/prod/airbyte_to_dbt_prod.py
[2026-08-28T16:29:41.852+0000] {processor.py:925} INFO - DAG(s) 'airbyte_to_dbt_pipeline_prod' retrieved from /opt/airflow/dags/prod/airbyte_to_dbt_prod.py
[2026-08-28T16:29:41.915+0000] {logging_mixin.py:190} INFO - [2026-08-28T16:29:41.915+0000] {dag.py:3239} INFO - Sync 1 DAGs
[2026-08-28T16:29:41.957+0000] {logging_mixin.py:190} INFO - [2026-08-28T16:29:41.957+0000] {dag.py:4180} INFO - Setting next_dagrun for airbyte_to_dbt_pipeline_prod to 2026-08-28 15:00:00+00:00, run_after=2026-08-28 16:00:00+00:00
[2026-08-28T16:29:41.988+0000] {processor.py:208} INFO - Processing /opt/airflow/dags/prod/airbyte_to_dbt_prod.py took 0.183 seconds
[2026-08-28T16:30:12.146+0000] {processor.py:186} INFO - Started process (PID=3646) to work on /opt/airflow/dags/prod/airbyte_to_dbt_prod.py
[2026-08-28T16:30:12.148+0000] {processor.py:914} INFO - Processing file /opt/airflow/dags/prod/airbyte_to_dbt_prod.py for tasks to queue
[2026-08-28T16:30:12.153+0000] {logging_mixin.py:190} INFO - [2026-08-28T16:30:12.152+0000] {dagbag.py:588} INFO - Filling up the DagBag from /opt/airflow/dags/prod/airbyte_to_dbt_prod.py
[2026-08-28T16:30:12.188+0000] {processor.py:925} INFO - DAG(s) 'airbyte_to_dbt_pipeline_prod' retrieved from /opt/airflow/dags/prod/airbyte_to_dbt_prod.py
[2026-08-28T16:30:12.234+0000] {logging_mixin.py:190} INFO - [2026-08-28T16:30:12.234+0000] {dag.py:3239} INFO - Sync 1 DAGs
[2026-08-28T16:30:12.275+0000] {logging_mixin.py:190} INFO - [2026-08-28T16:30:12.275+0000] {dag.py:4180} INFO - Setting next_dagrun for airbyte_to_dbt_pipeline_prod to 2026-08-28 15:00:00+00:00, run_after=2026-08-28 16:00:00+00:00
[2026-08-28T16:30:12.310+0000] {processor.py:208} INFO - Processing /opt/airflow/dags/prod/airbyte_to_dbt_prod.py took 0.176 seconds
[2026-08-28T16:30:42.542+0000] {processor.py:186} INFO - Started process (PID=3657) to work on /opt/airflow/dags/prod/airbyte_to_dbt_prod.py
[2026-08-28T16:30:42.543+0000] {processor.py:914} INFO - Processing file /opt/airflow/dags/prod/airbyte_to_dbt_prod.py for tasks to queue
[2026-08-28T16:30:42.546+0000] {logging_mixin.py:190} INFO - [2026-08-28T16:30:42.546+0000] {dagbag.py:588} INFO - Filling up the DagBag from /opt/airflow/dags/prod/airbyte_to_dbt_prod.py
[2026-08-28T16:30:42.579+0000] {processor.py:925} INFO - DAG(s) 'airbyte_to_dbt_pipeline_prod' retrieved from /opt/airflow/dags/prod/airbyte_to_dbt_prod.py
[2026-08-28T16:30:42.620+0000] {logging_mixin.py:190} INFO - [2026-08-28T16:30:42.620+0000] {dag.py:3239} INFO - Sync 1 DAGs
[2026-08-28T16:30:42.656+0000] {logging_mixin.py:190} INFO - [2026-08-28T16:30:42.656+0000] {dag.py:4180} INFO - Setting next_dagrun for airbyte_to_dbt_pipeline_prod to 2026-08-28 15:00:00+00:00, run_after=2026-08-28 16:00:00+00:00
[2026-08-28T16:30:42.697+0000] {processor.py:208} INFO - Processing /opt/airflow/dags/prod/airbyte_to_dbt_prod.py took 0.164 seconds
[2026-08-28T16:31:12.929+0000] {processor.py:186} INFO - Started process (PID=3667) to work on /opt/airflow/dags/prod/airbyte_to_dbt_prod.py
[2026-08-28T16:31:12.932+0000] {processor.py:914} INFO - Processing file /opt/airflow/dags/prod/airbyte_to_dbt_prod.py for tasks to queue
[2026-08-28T16:31:12.941+0000] {logging_mixin.py:190} INFO - [2026-08-28T16:31:12.941+0000] {dagbag.py:588} INFO - Filling up the DagBag from /opt/airflow/dags/prod/airbyte_to_dbt_prod.py
[2026-08-28T16:31:12.984+0000] {processor.py:925} INFO - DAG(s) 'airbyte_to_dbt_pipeline_prod' retrieved from /opt/airflow/dags/prod/airbyte_to_dbt_prod.py
[2026-08-28T16:31:13.053+0000] {logging_mixin.py:190} INFO - [2026-08-28T16:31:13.053+0000] {dag.py:3239} INFO - Sync 1 DAGs
[2026-08-28T16:31:13.122+0000] {logging_mixin.py:190} INFO - [2026-08-28T16:31:13.118+0000] {dag.py:4180} INFO - Setting next_dagrun for airbyte_to_dbt_pipeline_prod to 2026-08-28 15:00:00+00:00, run_after=2026-08-28 16:00:00+00:00
[2026-08-28T16:31:13.157+0000] {processor.py:208} INFO - Processing /opt/airflow/dags/prod/airbyte_to_dbt_prod.py took 0.247 seconds
[2026-08-28T16:31:43.341+0000] {processor.py:186} INFO - Started process (PID=3677) to work on /opt/airflow/dags/prod/airbyte_to_dbt_prod.py
[2026-08-28T16:31:43.342+0000] {processor.py:914} INFO - Processing file /opt/airflow/dags/prod/airbyte_to_dbt_prod.py for tasks to queue
[2026-08-28T16:31:43.346+0000] {logging_mixin.py:190} INFO - [2026-08-28T16:31:43.346+0000] {dagbag.py:588} INFO - Filling up the DagBag from /opt/airflow/dags/prod/airbyte_to_dbt_prod.py
[2026-08-28T16:31:43.382+0000] {processor.py:925} INFO - DAG(s) 'airbyte_to_dbt_pipeline_prod' retrieved from /opt/airflow/dags/prod/airbyte_to_dbt_prod.py
[2026-08-28T16:31:43.461+0000] {logging_mixin.py:190} INFO - [2026-08-28T16:31:43.461+0000] {dag.py:3239} INFO - Sync 1 DAGs
[2026-08-28T16:31:43.516+0000] {logging_mixin.py:190} INFO - [2026-08-28T16:31:43.516+0000] {dag.py:4180} INFO - Setting next_dagrun for airbyte_to_dbt_pipeline_prod to 2026-08-28 15:00:00+00:00, run_after=2026-08-28 16:00:00+00:00
[2026-08-28T16:31:43.556+0000] {processor.py:208} INFO - Processing /opt/airflow/dags/prod/airbyte_to_dbt_prod.py took 0.228 seconds
[2026-08-28T16:32:13.754+0000] {processor.py:186} INFO - Started process (PID=3687) to work on /opt/airflow/dags/prod/airbyte_to_dbt_prod.py
[2026-08-28T16:32:13.755+0000] {processor.py:914} INFO - Processing file /opt/airflow/dags/prod/airbyte_to_dbt_prod.py for tasks to queue
[2026-08-28T16:32:13.760+0000] {logging_mixin.py:190} INFO - [2026-08-28T16:32:13.760+0000] {dagbag.py:588} INFO - Filling up the DagBag from /opt/airflow/dags/prod/airbyte_to_dbt_prod.py
[2026-08-28T16:32:13.792+0000] {processor.py:925} INFO - DAG(s) 'airbyte_to_dbt_pipeline_prod' retrieved from /opt/airflow/dags/prod/airbyte_to_dbt_prod.py
[2026-08-28T16:32:13.847+0000] {logging_mixin.py:190} INFO - [2026-08-28T16:32:13.847+0000] {dag.py:3239} INFO - Sync 1 DAGs
[2026-08-28T16:32:13.904+0000] {logging_mixin.py:190} INFO - [2026-08-28T16:32:13.904+0000] {dag.py:4180} INFO - Setting next_dagrun for airbyte_to_dbt_pipeline_prod to 2026-08-28 15:00:00+00:00, run_after=2026-08-28 16:00:00+00:00
[2026-08-28T16:32:13.937+0000] {processor.py:208} INFO - Processing /opt/airflow/dags/prod/airbyte_to_dbt_prod.py took 0.196 seconds
[2026-08-28T16:32:44.170+0000] {processor.py:186} INFO - Started process (PID=3697) to work on /opt/airflow/dags/prod/airbyte_to_dbt_prod.py
[2026-08-28T16:32:44.171+0000] {processor.py:914} INFO - Processing file /opt/airflow/dags/prod/airbyte_to_dbt_prod.py for tasks to queue
[2026-08-28T16:32:44.174+0000] {logging_mixin.py:190} INFO - [2026-08-28T16:32:44.174+0000] {dagbag.py:588} INFO - Filling up the DagBag from /opt/airflow/dags/prod/airbyte_to_dbt_prod.py
[2026-08-28T16:32:44.199+0000] {processor.py:925} INFO - DAG(s) 'airbyte_to_dbt_pipeline_prod' retrieved from /opt/airflow/dags/prod/airbyte_to_dbt_prod.py
[2026-08-28T16:32:44.251+0000] {logging_mixin.py:190} INFO - [2026-08-28T16:32:44.251+0000] {dag.py:3239} INFO - Sync 1 DAGs
[2026-08-28T16:32:44.295+0000] {logging_mixin.py:190} INFO - [2026-08-28T16:32:44.295+0000] {dag.py:4180} INFO - Setting next_dagrun for airbyte_to_dbt_pipeline_prod to 2026-08-28 15:00:00+00:00, run_after=2026-08-28 16:00:00+00:00
[2026-08-28T16:32:44.321+0000] {processor.py:208} INFO - Processing /opt/airflow/dags/prod/airbyte_to_dbt_prod.py took 0.163 seconds
[2026-08-28T16:33:14.513+0000] {processor.py:186} INFO - Started process (PID=3707) to work on /opt/airflow/dags/prod/airbyte_to_dbt_prod.py
[2026-08-28T16:33:14.516+0000] {processor.py:914} INFO - Processing file /opt/airflow/dags/prod/airbyte_to_dbt_prod.py for tasks to queue
[2026-08-28T16:33:14.521+0000] {logging_mixin.py:190} INFO - [2026-08-28T16:33:14.521+0000] {dagbag.py:588} INFO - Filling up the DagBag from /opt/airflow/dags/prod/airbyte_to_dbt_prod.py
[2026-08-28T16:33:14.557+0000] {processor.py:925} INFO - DAG(s) 'airbyte_to_dbt_pipeline_prod' retrieved from /opt/airflow/dags/prod/airbyte_to_dbt_prod.py
[2026-08-28T16:33:14.607+0000] {logging_mixin.py:190} INFO - [2026-08-28T16:33:14.604+0000] {dag.py:3239} INFO - Sync 1 DAGs
[2026-08-28T16:33:14.644+0000] {logging_mixin.py:190} INFO - [2026-08-28T16:33:14.644+0000] {dag.py:4180} INFO - Setting next_dagrun for airbyte_to_dbt_pipeline_prod to 2026-08-28 15:00:00+00:00, run_after=2026-08-28 16:00:00+00:00
[2026-08-28T16:33:14.678+0000] {processor.py:208} INFO - Processing /opt/airflow/dags/prod/airbyte_to_dbt_prod.py took 0.176 seconds
[2026-08-28T16:33:44.886+0000] {processor.py:186} INFO - Started process (PID=3717) to work on /opt/airflow/dags/prod/airbyte_to_dbt_prod.py
[2026-08-28T16:33:44.888+0000] {processor.py:914} INFO - Processing file /opt/airflow/dags/prod/airbyte_to_dbt_prod.py for tasks to queue
[2026-08-28T16:33:44.893+0000] {logging_mixin.py:190} INFO - [2026-08-28T16:33:44.892+0000] {dagbag.py:588} INFO - Filling up the DagBag from /opt/airflow/dags/prod/airbyte_to_dbt_prod.py
[2026-08-28T16:33:44.931+0000] {processor.py:925} INFO - DAG(s) 'airbyte_to_dbt_pipeline_prod' retrieved from /opt/airflow/dags/prod/airbyte_to_dbt_prod.py
[2026-08-28T16:33:44.990+0000] {logging_mixin.py:190} INFO - [2026-08-28T16:33:44.989+0000] {dag.py:3239} INFO - Sync 1 DAGs
[2026-08-28T16:33:45.039+0000] {logging_mixin.py:190} INFO - [2026-08-28T16:33:45.038+0000] {dag.py:4180} INFO - Setting next_dagrun for airbyte_to_dbt_pipeline_prod to 2026-08-28 15:00:00+00:00, run_after=2026-08-28 16:00:00+00:00
[2026-08-28T16:33:45.073+0000] {processor.py:208} INFO - Processing /opt/airflow/dags/prod/airbyte_to_dbt_prod.py took 0.201 seconds
[2026-08-28T16:34:15.229+0000] {processor.py:186} INFO - Started process (PID=3727) to work on /opt/airflow/dags/prod/airbyte_to_dbt_prod.py
[2026-08-28T16:34:15.232+0000] {processor.py:914} INFO - Processing file /opt/airflow/dags/prod/airbyte_to_dbt_prod.py for tasks to queue
[2026-08-28T16:34:15.238+0000] {logging_mixin.py:190} INFO - [2026-08-28T16:34:15.237+0000] {dagbag.py:588} INFO - Filling up the DagBag from /opt/airflow/dags/prod/airbyte_to_dbt_prod.py
[2026-08-28T16:34:15.278+0000] {processor.py:925} INFO - DAG(s) 'airbyte_to_dbt_pipeline_prod' retrieved from /opt/airflow/dags/prod/airbyte_to_dbt_prod.py
[2026-08-28T16:34:15.358+0000] {logging_mixin.py:190} INFO - [2026-08-28T16:34:15.357+0000] {dag.py:3239} INFO - Sync 1 DAGs
[2026-08-28T16:34:15.401+0000] {logging_mixin.py:190} INFO - [2026-08-28T16:34:15.400+0000] {dag.py:4180} INFO - Setting next_dagrun for airbyte_to_dbt_pipeline_prod to 2026-08-28 15:00:00+00:00, run_after=2026-08-28 16:00:00+00:00
[2026-08-28T16:34:15.426+0000] {processor.py:208} INFO - Processing /opt/airflow/dags/prod/airbyte_to_dbt_prod.py took 0.210 seconds
[2026-08-28T16:34:45.643+0000] {processor.py:186} INFO - Started process (PID=3737) to work on /opt/airflow/dags/prod/airbyte_to_dbt_prod.py
[2026-08-28T16:34:45.645+0000] {processor.py:914} INFO - Processing file /opt/airflow/dags/prod/airbyte_to_dbt_prod.py for tasks to queue
[2026-08-28T16:34:45.653+0000] {logging_mixin.py:190} INFO - [2026-08-28T16:34:45.652+0000] {dagbag.py:588} INFO - Filling up the DagBag from /opt/airflow/dags/prod/airbyte_to_dbt_prod.py
[2026-08-28T16:34:45.710+0000] {processor.py:925} INFO - DAG(s) 'airbyte_to_dbt_pipeline_prod' retrieved from /opt/airflow/dags/prod/airbyte_to_dbt_prod.py
[2026-08-28T16:34:45.772+0000] {logging_mixin.py:190} INFO - [2026-08-28T16:34:45.771+0000] {dag.py:3239} INFO - Sync 1 DAGs
[2026-08-28T16:34:45.811+0000] {logging_mixin.py:190} INFO - [2026-08-28T16:34:45.811+0000] {dag.py:4180} INFO - Setting next_dagrun for airbyte_to_dbt_pipeline_prod to 2026-08-28 15:00:00+00:00, run_after=2026-08-28 16:00:00+00:00
[2026-08-28T16:34:45.834+0000] {processor.py:208} INFO - Processing /opt/airflow/dags/prod/airbyte_to_dbt_prod.py took 0.204 seconds
[2026-08-28T16:35:15.981+0000] {processor.py:186} INFO - Started process (PID=3747) to work on /opt/airflow/dags/prod/airbyte_to_dbt_prod.py
[2026-08-28T16:35:15.982+0000] {processor.py:914} INFO - Processing file /opt/airflow/dags/prod/airbyte_to_dbt_prod.py for tasks to queue
[2026-08-28T16:35:15.987+0000] {logging_mixin.py:190} INFO - [2026-08-28T16:35:15.986+0000] {dagbag.py:588} INFO - Filling up the DagBag from /opt/airflow/dags/prod/airbyte_to_dbt_prod.py
[2026-08-28T16:35:16.019+0000] {processor.py:925} INFO - DAG(s) 'airbyte_to_dbt_pipeline_prod' retrieved from /opt/airflow/dags/prod/airbyte_to_dbt_prod.py
[2026-08-28T16:35:16.072+0000] {logging_mixin.py:190} INFO - [2026-08-28T16:35:16.072+0000] {dag.py:3239} INFO - Sync 1 DAGs
[2026-08-28T16:35:16.114+0000] {logging_mixin.py:190} INFO - [2026-08-28T16:35:16.114+0000] {dag.py:4180} INFO - Setting next_dagrun for airbyte_to_dbt_pipeline_prod to 2026-08-28 15:00:00+00:00, run_after=2026-08-28 16:00:00+00:00
[2026-08-28T16:35:16.146+0000] {processor.py:208} INFO - Processing /opt/airflow/dags/prod/airbyte_to_dbt_prod.py took 0.176 seconds
[2026-08-28T16:35:46.359+0000] {processor.py:186} INFO - Started process (PID=3757) to work on /opt/airflow/dags/prod/airbyte_to_dbt_prod.py
[2026-08-28T16:35:46.362+0000] {processor.py:914} INFO - Processing file /opt/airflow/dags/prod/airbyte_to_dbt_prod.py for tasks to queue
[2026-08-28T16:35:46.369+0000] {logging_mixin.py:190} INFO - [2026-08-28T16:35:46.368+0000] {dagbag.py:588} INFO - Filling up the DagBag from /opt/airflow/dags/prod/airbyte_to_dbt_prod.py
[2026-08-28T16:35:46.401+0000] {processor.py:925} INFO - DAG(s) 'airbyte_to_dbt_pipeline_prod' retrieved from /opt/airflow/dags/prod/airbyte_to_dbt_prod.py
[2026-08-28T16:35:46.452+0000] {logging_mixin.py:190} INFO - [2026-08-28T16:35:46.452+0000] {dag.py:3239} INFO - Sync 1 DAGs
[2026-08-28T16:35:46.492+0000] {logging_mixin.py:190} INFO - [2026-08-28T16:35:46.492+0000] {dag.py:4180} INFO - Setting next_dagrun for airbyte_to_dbt_pipeline_prod to 2026-08-28 15:00:00+00:00, run_after=2026-08-28 16:00:00+00:00
[2026-08-28T16:35:46.524+0000] {processor.py:208} INFO - Processing /opt/airflow/dags/prod/airbyte_to_dbt_prod.py took 0.178 seconds
[2026-08-28T16:36:16.757+0000] {processor.py:186} INFO - Started process (PID=3765) to work on /opt/airflow/dags/prod/airbyte_to_dbt_prod.py
[2026-08-28T16:36:16.759+0000] {processor.py:914} INFO - Processing file /opt/airflow/dags/prod/airbyte_to_dbt_prod.py for tasks to queue
[2026-08-28T16:36:16.763+0000] {logging_mixin.py:190} INFO - [2026-08-28T16:36:16.763+0000] {dagbag.py:588} INFO - Filling up the DagBag from /opt/airflow/dags/prod/airbyte_to_dbt_prod.py
[2026-08-28T16:36:16.823+0000] {processor.py:925} INFO - DAG(s) 'airbyte_to_dbt_pipeline_prod' retrieved from /opt/airflow/dags/prod/airbyte_to_dbt_prod.py
[2026-08-28T16:36:16.868+0000] {logging_mixin.py:190} INFO - [2026-08-28T16:36:16.868+0000] {dag.py:3239} INFO - Sync 1 DAGs
[2026-08-28T16:36:16.947+0000] {logging_mixin.py:190} INFO - [2026-08-28T16:36:16.946+0000] {dag.py:4180} INFO - Setting next_dagrun for airbyte_to_dbt_pipeline_prod to 2026-08-28 15:00:00+00:00, run_after=2026-08-28 16:00:00+00:00
[2026-08-28T16:36:16.976+0000] {processor.py:208} INFO - Processing /opt/airflow/dags/prod/airbyte_to_dbt_prod.py took 0.231 seconds
[2026-08-28T16:36:47.194+0000] {processor.py:186} INFO - Started process (PID=3777) to work on /opt/airflow/dags/prod/airbyte_to_dbt_prod.py
[2026-08-28T16:36:47.196+0000] {processor.py:914} INFO - Processing file /opt/airflow/dags/prod/airbyte_to_dbt_prod.py for tasks to queue
[2026-08-28T16:36:47.201+0000] {logging_mixin.py:190} INFO - [2026-08-28T16:36:47.200+0000] {dagbag.py:588} INFO - Filling up the DagBag from /opt/airflow/dags/prod/airbyte_to_dbt_prod.py
[2026-08-28T16:36:47.236+0000] {processor.py:925} INFO - DAG(s) 'airbyte_to_dbt_pipeline_prod' retrieved from /opt/airflow/dags/prod/airbyte_to_dbt_prod.py
[2026-08-28T16:36:47.305+0000] {logging_mixin.py:190} INFO - [2026-08-28T16:36:47.305+0000] {dag.py:3239} INFO - Sync 1 DAGs
[2026-08-28T16:36:47.366+0000] {logging_mixin.py:190} INFO - [2026-08-28T16:36:47.365+0000] {dag.py:4180} INFO - Setting next_dagrun for airbyte_to_dbt_pipeline_prod to 2026-08-28 15:00:00+00:00, run_after=2026-08-28 16:00:00+00:00
[2026-08-28T16:36:47.389+0000] {processor.py:208} INFO - Processing /opt/airflow/dags/prod/airbyte_to_dbt_prod.py took 0.207 seconds
[2026-08-28T16:37:17.576+0000] {processor.py:186} INFO - Started process (PID=3787) to work on /opt/airflow/dags/prod/airbyte_to_dbt_prod.py
[2026-08-28T16:37:17.578+0000] {processor.py:914} INFO - Processing file /opt/airflow/dags/prod/airbyte_to_dbt_prod.py for tasks to queue
[2026-08-28T16:37:17.582+0000] {logging_mixin.py:190} INFO - [2026-08-28T16:37:17.581+0000] {dagbag.py:588} INFO - Filling up the DagBag from /opt/airflow/dags/prod/airbyte_to_dbt_prod.py
[2026-08-28T16:37:17.622+0000] {processor.py:925} INFO - DAG(s) 'airbyte_to_dbt_pipeline_prod' retrieved from /opt/airflow/dags/prod/airbyte_to_dbt_prod.py
[2026-08-28T16:37:17.666+0000] {logging_mixin.py:190} INFO - [2026-08-28T16:37:17.666+0000] {dag.py:3239} INFO - Sync 1 DAGs
[2026-08-28T16:37:17.703+0000] {logging_mixin.py:190} INFO - [2026-08-28T16:37:17.702+0000] {dag.py:4180} INFO - Setting next_dagrun for airbyte_to_dbt_pipeline_prod to 2026-08-28 15:00:00+00:00, run_after=2026-08-28 16:00:00+00:00
[2026-08-28T16:37:17.736+0000] {processor.py:208} INFO - Processing /opt/airflow/dags/prod/airbyte_to_dbt_prod.py took 0.171 seconds
[2026-08-28T16:37:47.968+0000] {processor.py:186} INFO - Started process (PID=3797) to work on /opt/airflow/dags/prod/airbyte_to_dbt_prod.py
[2026-08-28T16:37:47.969+0000] {processor.py:914} INFO - Processing file /opt/airflow/dags/prod/airbyte_to_dbt_prod.py for tasks to queue
[2026-08-28T16:37:47.973+0000] {logging_mixin.py:190} INFO - [2026-08-28T16:37:47.972+0000] {dagbag.py:588} INFO - Filling up the DagBag from /opt/airflow/dags/prod/airbyte_to_dbt_prod.py
[2026-08-28T16:37:47.998+0000] {processor.py:925} INFO - DAG(s) 'airbyte_to_dbt_pipeline_prod' retrieved from /opt/airflow/dags/prod/airbyte_to_dbt_prod.py
[2026-08-28T16:37:48.050+0000] {logging_mixin.py:190} INFO - [2026-08-28T16:37:48.050+0000] {dag.py:3239} INFO - Sync 1 DAGs
[2026-08-28T16:37:48.099+0000] {logging_mixin.py:190} INFO - [2026-08-28T16:37:48.098+0000] {dag.py:4180} INFO - Setting next_dagrun for airbyte_to_dbt_pipeline_prod to 2026-08-28 15:00:00+00:00, run_after=2026-08-28 16:00:00+00:00
[2026-08-28T16:37:48.133+0000] {processor.py:208} INFO - Processing /opt/airflow/dags/prod/airbyte_to_dbt_prod.py took 0.174 seconds
[2026-08-28T16:38:18.343+0000] {processor.py:186} INFO - Started process (PID=3807) to work on /opt/airflow/dags/prod/airbyte_to_dbt_prod.py
[2026-08-28T16:38:18.345+0000] {processor.py:914} INFO - Processing file /opt/airflow/dags/prod/airbyte_to_dbt_prod.py for tasks to queue
[2026-08-28T16:38:18.350+0000] {logging_mixin.py:190} INFO - [2026-08-28T16:38:18.349+0000] {dagbag.py:588} INFO - Filling up the DagBag from /opt/airflow/dags/prod/airbyte_to_dbt_prod.py
[2026-08-28T16:38:18.385+0000] {processor.py:925} INFO - DAG(s) 'airbyte_to_dbt_pipeline_prod' retrieved from /opt/airflow/dags/prod/airbyte_to_dbt_prod.py
[2026-08-28T16:38:18.453+0000] {logging_mixin.py:190} INFO - [2026-08-28T16:38:18.453+0000] {dag.py:3239} INFO - Sync 1 DAGs
[2026-08-28T16:38:18.502+0000] {logging_mixin.py:190} INFO - [2026-08-28T16:38:18.502+0000] {dag.py:4180} INFO - Setting next_dagrun for airbyte_to_dbt_pipeline_prod to 2026-08-28 15:00:00+00:00, run_after=2026-08-28 16:00:00+00:00
[2026-08-28T16:38:18.533+0000] {processor.py:208} INFO - Processing /opt/airflow/dags/prod/airbyte_to_dbt_prod.py took 0.205 seconds
[2026-08-28T16:38:48.842+0000] {processor.py:186} INFO - Started process (PID=3815) to work on /opt/airflow/dags/prod/airbyte_to_dbt_prod.py
[2026-08-28T16:38:48.846+0000] {processor.py:914} INFO - Processing file /opt/airflow/dags/prod/airbyte_to_dbt_prod.py for tasks to queue
[2026-08-28T16:38:48.880+0000] {logging_mixin.py:190} INFO - [2026-08-28T16:38:48.880+0000] {dagbag.py:588} INFO - Filling up the DagBag from /opt/airflow/dags/prod/airbyte_to_dbt_prod.py
[2026-08-28T16:38:49.039+0000] {processor.py:925} INFO - DAG(s) 'airbyte_to_dbt_pipeline_prod' retrieved from /opt/airflow/dags/prod/airbyte_to_dbt_prod.py
[2026-08-28T16:38:49.194+0000] {logging_mixin.py:190} INFO - [2026-08-28T16:38:49.194+0000] {dag.py:3239} INFO - Sync 1 DAGs
[2026-08-28T16:38:49.284+0000] {logging_mixin.py:190} INFO - [2026-08-28T16:38:49.281+0000] {dag.py:4180} INFO - Setting next_dagrun for airbyte_to_dbt_pipeline_prod to 2026-08-28 15:00:00+00:00, run_after=2026-08-28 16:00:00+00:00
[2026-08-28T16:38:49.321+0000] {processor.py:208} INFO - Processing /opt/airflow/dags/prod/airbyte_to_dbt_prod.py took 0.515 seconds
[2026-08-28T16:39:19.745+0000] {processor.py:186} INFO - Started process (PID=3825) to work on /opt/airflow/dags/prod/airbyte_to_dbt_prod.py
[2026-08-28T16:39:19.747+0000] {processor.py:914} INFO - Processing file /opt/airflow/dags/prod/airbyte_to_dbt_prod.py for tasks to queue
[2026-08-28T16:39:19.827+0000] {logging_mixin.py:190} INFO - [2026-08-28T16:39:19.819+0000] {dagbag.py:588} INFO - Filling up the DagBag from /opt/airflow/dags/prod/airbyte_to_dbt_prod.py
[2026-08-28T16:39:19.994+0000] {processor.py:925} INFO - DAG(s) 'airbyte_to_dbt_pipeline_prod' retrieved from /opt/airflow/dags/prod/airbyte_to_dbt_prod.py
[2026-08-28T16:39:20.127+0000] {logging_mixin.py:190} INFO - [2026-08-28T16:39:20.127+0000] {dag.py:3239} INFO - Sync 1 DAGs
[2026-08-28T16:39:20.214+0000] {logging_mixin.py:190} INFO - [2026-08-28T16:39:20.214+0000] {dag.py:4180} INFO - Setting next_dagrun for airbyte_to_dbt_pipeline_prod to 2026-08-28 15:00:00+00:00, run_after=2026-08-28 16:00:00+00:00
[2026-08-28T16:39:20.242+0000] {processor.py:208} INFO - Processing /opt/airflow/dags/prod/airbyte_to_dbt_prod.py took 0.602 seconds
[2026-08-28T16:39:50.513+0000] {processor.py:186} INFO - Started process (PID=3837) to work on /opt/airflow/dags/prod/airbyte_to_dbt_prod.py
[2026-08-28T16:39:50.518+0000] {processor.py:914} INFO - Processing file /opt/airflow/dags/prod/airbyte_to_dbt_prod.py for tasks to queue
[2026-08-28T16:39:50.525+0000] {logging_mixin.py:190} INFO - [2026-08-28T16:39:50.525+0000] {dagbag.py:588} INFO - Filling up the DagBag from /opt/airflow/dags/prod/airbyte_to_dbt_prod.py
[2026-08-28T16:39:50.569+0000] {processor.py:925} INFO - DAG(s) 'airbyte_to_dbt_pipeline_prod' retrieved from /opt/airflow/dags/prod/airbyte_to_dbt_prod.py
[2026-08-28T16:39:50.661+0000] {logging_mixin.py:190} INFO - [2026-08-28T16:39:50.661+0000] {dag.py:3239} INFO - Sync 1 DAGs
[2026-08-28T16:39:50.730+0000] {logging_mixin.py:190} INFO - [2026-08-28T16:39:50.730+0000] {dag.py:4180} INFO - Setting next_dagrun for airbyte_to_dbt_pipeline_prod to 2026-08-28 15:00:00+00:00, run_after=2026-08-28 16:00:00+00:00
[2026-08-28T16:39:50.767+0000] {processor.py:208} INFO - Processing /opt/airflow/dags/prod/airbyte_to_dbt_prod.py took 0.279 seconds
[2026-08-28T16:40:20.917+0000] {processor.py:186} INFO - Started process (PID=3847) to work on /opt/airflow/dags/prod/airbyte_to_dbt_prod.py
[2026-08-28T16:40:20.919+0000] {processor.py:914} INFO - Processing file /opt/airflow/dags/prod/airbyte_to_dbt_prod.py for tasks to queue
[2026-08-28T16:40:20.923+0000] {logging_mixin.py:190} INFO - [2026-08-28T16:40:20.923+0000] {dagbag.py:588} INFO - Filling up the DagBag from /opt/airflow/dags/prod/airbyte_to_dbt_prod.py
[2026-08-28T16:40:20.954+0000] {processor.py:925} INFO - DAG(s) 'airbyte_to_dbt_pipeline_prod' retrieved from /opt/airflow/dags/prod/airbyte_to_dbt_prod.py
[2026-08-28T16:40:21.007+0000] {logging_mixin.py:190} INFO - [2026-08-28T16:40:21.007+0000] {dag.py:3239} INFO - Sync 1 DAGs
[2026-08-28T16:40:21.055+0000] {logging_mixin.py:190} INFO - [2026-08-28T16:40:21.055+0000] {dag.py:4180} INFO - Setting next_dagrun for airbyte_to_dbt_pipeline_prod to 2026-08-28 15:00:00+00:00, run_after=2026-08-28 16:00:00+00:00
[2026-08-28T16:40:21.086+0000] {processor.py:208} INFO - Processing /opt/airflow/dags/prod/airbyte_to_dbt_prod.py took 0.180 seconds
[2026-08-28T16:40:51.293+0000] {processor.py:186} INFO - Started process (PID=3857) to work on /opt/airflow/dags/prod/airbyte_to_dbt_prod.py
[2026-08-28T16:40:51.295+0000] {processor.py:914} INFO - Processing file /opt/airflow/dags/prod/airbyte_to_dbt_prod.py for tasks to queue
[2026-08-28T16:40:51.301+0000] {logging_mixin.py:190} INFO - [2026-08-28T16:40:51.301+0000] {dagbag.py:588} INFO - Filling up the DagBag from /opt/airflow/dags/prod/airbyte_to_dbt_prod.py
[2026-08-28T16:40:51.346+0000] {processor.py:925} INFO - DAG(s) 'airbyte_to_dbt_pipeline_prod' retrieved from /opt/airflow/dags/prod/airbyte_to_dbt_prod.py
[2026-08-28T16:40:51.428+0000] {logging_mixin.py:190} INFO - [2026-08-28T16:40:51.427+0000] {dag.py:3239} INFO - Sync 1 DAGs
[2026-08-28T16:40:51.494+0000] {logging_mixin.py:190} INFO - [2026-08-28T16:40:51.493+0000] {dag.py:4180} INFO - Setting next_dagrun for airbyte_to_dbt_pipeline_prod to 2026-08-28 15:00:00+00:00, run_after=2026-08-28 16:00:00+00:00
[2026-08-28T16:40:51.533+0000] {processor.py:208} INFO - Processing /opt/airflow/dags/prod/airbyte_to_dbt_prod.py took 0.259 seconds
[2026-08-28T16:41:21.729+0000] {processor.py:186} INFO - Started process (PID=3867) to work on /opt/airflow/dags/prod/airbyte_to_dbt_prod.py
[2026-08-28T16:41:21.736+0000] {processor.py:914} INFO - Processing file /opt/airflow/dags/prod/airbyte_to_dbt_prod.py for tasks to queue
[2026-08-28T16:41:21.742+0000] {logging_mixin.py:190} INFO - [2026-08-28T16:41:21.741+0000] {dagbag.py:588} INFO - Filling up the DagBag from /opt/airflow/dags/prod/airbyte_to_dbt_prod.py
[2026-08-28T16:41:21.781+0000] {processor.py:925} INFO - DAG(s) 'airbyte_to_dbt_pipeline_prod' retrieved from /opt/airflow/dags/prod/airbyte_to_dbt_prod.py
[2026-08-28T16:41:21.835+0000] {logging_mixin.py:190} INFO - [2026-08-28T16:41:21.835+0000] {dag.py:3239} INFO - Sync 1 DAGs
[2026-08-28T16:41:21.871+0000] {logging_mixin.py:190} INFO - [2026-08-28T16:41:21.870+0000] {dag.py:4180} INFO - Setting next_dagrun for airbyte_to_dbt_pipeline_prod to 2026-08-28 15:00:00+00:00, run_after=2026-08-28 16:00:00+00:00
[2026-08-28T16:41:21.904+0000] {processor.py:208} INFO - Processing /opt/airflow/dags/prod/airbyte_to_dbt_prod.py took 0.191 seconds
[2026-08-28T16:41:52.139+0000] {processor.py:186} INFO - Started process (PID=3877) to work on /opt/airflow/dags/prod/airbyte_to_dbt_prod.py
[2026-08-28T16:41:52.140+0000] {processor.py:914} INFO - Processing file /opt/airflow/dags/prod/airbyte_to_dbt_prod.py for tasks to queue
[2026-08-28T16:41:52.143+0000] {logging_mixin.py:190} INFO - [2026-08-28T16:41:52.143+0000] {dagbag.py:588} INFO - Filling up the DagBag from /opt/airflow/dags/prod/airbyte_to_dbt_prod.py
[2026-08-28T16:41:52.178+0000] {processor.py:925} INFO - DAG(s) 'airbyte_to_dbt_pipeline_prod' retrieved from /opt/airflow/dags/prod/airbyte_to_dbt_prod.py
[2026-08-28T16:41:52.241+0000] {logging_mixin.py:190} INFO - [2026-08-28T16:41:52.241+0000] {dag.py:3239} INFO - Sync 1 DAGs
[2026-08-28T16:41:52.283+0000] {logging_mixin.py:190} INFO - [2026-08-28T16:41:52.283+0000] {dag.py:4180} INFO - Setting next_dagrun for airbyte_to_dbt_pipeline_prod to 2026-08-28 15:00:00+00:00, run_after=2026-08-28 16:00:00+00:00
[2026-08-28T16:41:52.305+0000] {processor.py:208} INFO - Processing /opt/airflow/dags/prod/airbyte_to_dbt_prod.py took 0.177 seconds
[2026-08-28T16:42:22.439+0000] {processor.py:186} INFO - Started process (PID=3887) to work on /opt/airflow/dags/prod/airbyte_to_dbt_prod.py
[2026-08-28T16:42:22.440+0000] {processor.py:914} INFO - Processing file /opt/airflow/dags/prod/airbyte_to_dbt_prod.py for tasks to queue
[2026-08-28T16:42:22.444+0000] {logging_mixin.py:190} INFO - [2026-08-28T16:42:22.444+0000] {dagbag.py:588} INFO - Filling up the DagBag from /opt/airflow/dags/prod/airbyte_to_dbt_prod.py
[2026-08-28T16:42:22.469+0000] {processor.py:925} INFO - DAG(s) 'airbyte_to_dbt_pipeline_prod' retrieved from /opt/airflow/dags/prod/airbyte_to_dbt_prod.py
[2026-08-28T16:42:22.527+0000] {logging_mixin.py:190} INFO - [2026-08-28T16:42:22.527+0000] {dag.py:3239} INFO - Sync 1 DAGs
[2026-08-28T16:42:22.573+0000] {logging_mixin.py:190} INFO - [2026-08-28T16:42:22.573+0000] {dag.py:4180} INFO - Setting next_dagrun for airbyte_to_dbt_pipeline_prod to 2026-08-28 15:00:00+00:00, run_after=2026-08-28 16:00:00+00:00
[2026-08-28T16:42:22.599+0000] {processor.py:208} INFO - Processing /opt/airflow/dags/prod/airbyte_to_dbt_prod.py took 0.170 seconds
[2026-08-28T16:42:52.975+0000] {processor.py:186} INFO - Started process (PID=3895) to work on /opt/airflow/dags/prod/airbyte_to_dbt_prod.py
[2026-08-28T16:42:52.977+0000] {processor.py:914} INFO - Processing file /opt/airflow/dags/prod/airbyte_to_dbt_prod.py for tasks to queue
[2026-08-28T16:42:53.071+0000] {logging_mixin.py:190} INFO - [2026-08-28T16:42:53.069+0000] {dagbag.py:588} INFO - Filling up the DagBag from /opt/airflow/dags/prod/airbyte_to_dbt_prod.py
[2026-08-28T16:42:53.141+0000] {processor.py:925} INFO - DAG(s) 'airbyte_to_dbt_pipeline_prod' retrieved from /opt/airflow/dags/prod/airbyte_to_dbt_prod.py
[2026-08-28T16:42:53.283+0000] {logging_mixin.py:190} INFO - [2026-08-28T16:42:53.283+0000] {dag.py:3239} INFO - Sync 1 DAGs
[2026-08-28T16:42:53.454+0000] {logging_mixin.py:190} INFO - [2026-08-28T16:42:53.453+0000] {dag.py:4180} INFO - Setting next_dagrun for airbyte_to_dbt_pipeline_prod to 2026-08-28 15:00:00+00:00, run_after=2026-08-28 16:00:00+00:00
[2026-08-28T16:42:53.483+0000] {processor.py:208} INFO - Processing /opt/airflow/dags/prod/airbyte_to_dbt_prod.py took 0.693 seconds
[2026-08-28T16:43:23.653+0000] {processor.py:186} INFO - Started process (PID=3907) to work on /opt/airflow/dags/prod/airbyte_to_dbt_prod.py
[2026-08-28T16:43:23.655+0000] {processor.py:914} INFO - Processing file /opt/airflow/dags/prod/airbyte_to_dbt_prod.py for tasks to queue
[2026-08-28T16:43:23.660+0000] {logging_mixin.py:190} INFO - [2026-08-28T16:43:23.659+0000] {dagbag.py:588} INFO - Filling up the DagBag from /opt/airflow/dags/prod/airbyte_to_dbt_prod.py
[2026-08-28T16:43:23.696+0000] {processor.py:925} INFO - DAG(s) 'airbyte_to_dbt_pipeline_prod' retrieved from /opt/airflow/dags/prod/airbyte_to_dbt_prod.py
[2026-08-28T16:43:23.742+0000] {logging_mixin.py:190} INFO - [2026-08-28T16:43:23.742+0000] {dag.py:3239} INFO - Sync 1 DAGs
[2026-08-28T16:43:23.779+0000] {logging_mixin.py:190} INFO - [2026-08-28T16:43:23.778+0000] {dag.py:4180} INFO - Setting next_dagrun for airbyte_to_dbt_pipeline_prod to 2026-08-28 15:00:00+00:00, run_after=2026-08-28 16:00:00+00:00
[2026-08-28T16:43:23.803+0000] {processor.py:208} INFO - Processing /opt/airflow/dags/prod/airbyte_to_dbt_prod.py took 0.163 seconds
[2026-08-28T16:43:53.984+0000] {processor.py:186} INFO - Started process (PID=3917) to work on /opt/airflow/dags/prod/airbyte_to_dbt_prod.py
[2026-08-28T16:43:53.985+0000] {processor.py:914} INFO - Processing file /opt/airflow/dags/prod/airbyte_to_dbt_prod.py for tasks to queue
[2026-08-28T16:43:53.989+0000] {logging_mixin.py:190} INFO - [2026-08-28T16:43:53.988+0000] {dagbag.py:588} INFO - Filling up the DagBag from /opt/airflow/dags/prod/airbyte_to_dbt_prod.py
[2026-08-28T16:43:54.012+0000] {processor.py:925} INFO - DAG(s) 'airbyte_to_dbt_pipeline_prod' retrieved from /opt/airflow/dags/prod/airbyte_to_dbt_prod.py
[2026-08-28T16:43:54.072+0000] {logging_mixin.py:190} INFO - [2026-08-28T16:43:54.072+0000] {dag.py:3239} INFO - Sync 1 DAGs
[2026-08-28T16:43:54.110+0000] {logging_mixin.py:190} INFO - [2026-08-28T16:43:54.109+0000] {dag.py:4180} INFO - Setting next_dagrun for airbyte_to_dbt_pipeline_prod to 2026-08-28 15:00:00+00:00, run_after=2026-08-28 16:00:00+00:00
[2026-08-28T16:43:54.138+0000] {processor.py:208} INFO - Processing /opt/airflow/dags/prod/airbyte_to_dbt_prod.py took 0.163 seconds
[2026-08-28T16:44:24.309+0000] {processor.py:186} INFO - Started process (PID=3927) to work on /opt/airflow/dags/prod/airbyte_to_dbt_prod.py
[2026-08-28T16:44:24.310+0000] {processor.py:914} INFO - Processing file /opt/airflow/dags/prod/airbyte_to_dbt_prod.py for tasks to queue
[2026-08-28T16:44:24.313+0000] {logging_mixin.py:190} INFO - [2026-08-28T16:44:24.313+0000] {dagbag.py:588} INFO - Filling up the DagBag from /opt/airflow/dags/prod/airbyte_to_dbt_prod.py
[2026-08-28T16:44:24.338+0000] {processor.py:925} INFO - DAG(s) 'airbyte_to_dbt_pipeline_prod' retrieved from /opt/airflow/dags/prod/airbyte_to_dbt_prod.py
[2026-08-28T16:44:24.383+0000] {logging_mixin.py:190} INFO - [2026-08-28T16:44:24.383+0000] {dag.py:3239} INFO - Sync 1 DAGs
[2026-08-28T16:44:24.417+0000] {logging_mixin.py:190} INFO - [2026-08-28T16:44:24.417+0000] {dag.py:4180} INFO - Setting next_dagrun for airbyte_to_dbt_pipeline_prod to 2026-08-28 15:00:00+00:00, run_after=2026-08-28 16:00:00+00:00
[2026-08-28T16:44:24.440+0000] {processor.py:208} INFO - Processing /opt/airflow/dags/prod/airbyte_to_dbt_prod.py took 0.141 seconds
[2026-08-28T16:44:54.642+0000] {processor.py:186} INFO - Started process (PID=3937) to work on /opt/airflow/dags/prod/airbyte_to_dbt_prod.py
[2026-08-28T16:44:54.643+0000] {processor.py:914} INFO - Processing file /opt/airflow/dags/prod/airbyte_to_dbt_prod.py for tasks to queue
[2026-08-28T16:44:54.646+0000] {logging_mixin.py:190} INFO - [2026-08-28T16:44:54.646+0000] {dagbag.py:588} INFO - Filling up the DagBag from /opt/airflow/dags/prod/airbyte_to_dbt_prod.py
[2026-08-28T16:44:54.669+0000] {processor.py:925} INFO - DAG(s) 'airbyte_to_dbt_pipeline_prod' retrieved from /opt/airflow/dags/prod/airbyte_to_dbt_prod.py
[2026-08-28T16:44:54.723+0000] {logging_mixin.py:190} INFO - [2026-08-28T16:44:54.723+0000] {dag.py:3239} INFO - Sync 1 DAGs
[2026-08-28T16:44:54.773+0000] {logging_mixin.py:190} INFO - [2026-08-28T16:44:54.772+0000] {dag.py:4180} INFO - Setting next_dagrun for airbyte_to_dbt_pipeline_prod to 2026-08-28 15:00:00+00:00, run_after=2026-08-28 16:00:00+00:00
[2026-08-28T16:44:54.803+0000] {processor.py:208} INFO - Processing /opt/airflow/dags/prod/airbyte_to_dbt_prod.py took 0.171 seconds
[2026-08-28T16:45:24.952+0000] {processor.py:186} INFO - Started process (PID=3947) to work on /opt/airflow/dags/prod/airbyte_to_dbt_prod.py
[2026-08-28T16:45:24.953+0000] {processor.py:914} INFO - Processing file /opt/airflow/dags/prod/airbyte_to_dbt_prod.py for tasks to queue
[2026-08-28T16:45:24.958+0000] {logging_mixin.py:190} INFO - [2026-08-28T16:45:24.958+0000] {dagbag.py:588} INFO - Filling up the DagBag from /opt/airflow/dags/prod/airbyte_to_dbt_prod.py
[2026-08-28T16:45:24.992+0000] {processor.py:925} INFO - DAG(s) 'airbyte_to_dbt_pipeline_prod' retrieved from /opt/airflow/dags/prod/airbyte_to_dbt_prod.py
[2026-08-28T16:45:25.046+0000] {logging_mixin.py:190} INFO - [2026-08-28T16:45:25.046+0000] {dag.py:3239} INFO - Sync 1 DAGs
[2026-08-28T16:45:25.093+0000] {logging_mixin.py:190} INFO - [2026-08-28T16:45:25.093+0000] {dag.py:4180} INFO - Setting next_dagrun for airbyte_to_dbt_pipeline_prod to 2026-08-28 15:00:00+00:00, run_after=2026-08-28 16:00:00+00:00
[2026-08-28T16:45:25.115+0000] {processor.py:208} INFO - Processing /opt/airflow/dags/prod/airbyte_to_dbt_prod.py took 0.174 seconds
[2026-08-28T16:45:55.263+0000] {processor.py:186} INFO - Started process (PID=3957) to work on /opt/airflow/dags/prod/airbyte_to_dbt_prod.py
[2026-08-28T16:45:55.264+0000] {processor.py:914} INFO - Processing file /opt/airflow/dags/prod/airbyte_to_dbt_prod.py for tasks to queue
[2026-08-28T16:45:55.268+0000] {logging_mixin.py:190} INFO - [2026-08-28T16:45:55.267+0000] {dagbag.py:588} INFO - Filling up the DagBag from /opt/airflow/dags/prod/airbyte_to_dbt_prod.py
[2026-08-28T16:45:55.304+0000] {processor.py:925} INFO - DAG(s) 'airbyte_to_dbt_pipeline_prod' retrieved from /opt/airflow/dags/prod/airbyte_to_dbt_prod.py
[2026-08-28T16:45:55.360+0000] {logging_mixin.py:190} INFO - [2026-08-28T16:45:55.360+0000] {dag.py:3239} INFO - Sync 1 DAGs
[2026-08-28T16:45:55.401+0000] {logging_mixin.py:190} INFO - [2026-08-28T16:45:55.400+0000] {dag.py:4180} INFO - Setting next_dagrun for airbyte_to_dbt_pipeline_prod to 2026-08-28 15:00:00+00:00, run_after=2026-08-28 16:00:00+00:00
[2026-08-28T16:45:55.429+0000] {processor.py:208} INFO - Processing /opt/airflow/dags/prod/airbyte_to_dbt_prod.py took 0.176 seconds
[2026-08-28T16:46:25.580+0000] {processor.py:186} INFO - Started process (PID=3967) to work on /opt/airflow/dags/prod/airbyte_to_dbt_prod.py
[2026-08-28T16:46:25.581+0000] {processor.py:914} INFO - Processing file /opt/airflow/dags/prod/airbyte_to_dbt_prod.py for tasks to queue
[2026-08-28T16:46:25.586+0000] {logging_mixin.py:190} INFO - [2026-08-28T16:46:25.585+0000] {dagbag.py:588} INFO - Filling up the DagBag from /opt/airflow/dags/prod/airbyte_to_dbt_prod.py
[2026-08-28T16:46:25.617+0000] {processor.py:925} INFO - DAG(s) 'airbyte_to_dbt_pipeline_prod' retrieved from /opt/airflow/dags/prod/airbyte_to_dbt_prod.py
[2026-08-28T16:46:25.685+0000] {logging_mixin.py:190} INFO - [2026-08-28T16:46:25.685+0000] {dag.py:3239} INFO - Sync 1 DAGs
[2026-08-28T16:46:25.735+0000] {logging_mixin.py:190} INFO - [2026-08-28T16:46:25.735+0000] {dag.py:4180} INFO - Setting next_dagrun for airbyte_to_dbt_pipeline_prod to 2026-08-28 15:00:00+00:00, run_after=2026-08-28 16:00:00+00:00
[2026-08-28T16:46:25.763+0000] {processor.py:208} INFO - Processing /opt/airflow/dags/prod/airbyte_to_dbt_prod.py took 0.194 seconds
[2026-08-28T16:46:55.958+0000] {processor.py:186} INFO - Started process (PID=3977) to work on /opt/airflow/dags/prod/airbyte_to_dbt_prod.py
[2026-08-28T16:46:55.960+0000] {processor.py:914} INFO - Processing file /opt/airflow/dags/prod/airbyte_to_dbt_prod.py for tasks to queue
[2026-08-28T16:46:55.965+0000] {logging_mixin.py:190} INFO - [2026-08-28T16:46:55.964+0000] {dagbag.py:588} INFO - Filling up the DagBag from /opt/airflow/dags/prod/airbyte_to_dbt_prod.py
[2026-08-28T16:46:55.998+0000] {processor.py:925} INFO - DAG(s) 'airbyte_to_dbt_pipeline_prod' retrieved from /opt/airflow/dags/prod/airbyte_to_dbt_prod.py
[2026-08-28T16:46:56.066+0000] {logging_mixin.py:190} INFO - [2026-08-28T16:46:56.065+0000] {dag.py:3239} INFO - Sync 1 DAGs
[2026-08-28T16:46:56.109+0000] {logging_mixin.py:190} INFO - [2026-08-28T16:46:56.109+0000] {dag.py:4180} INFO - Setting next_dagrun for airbyte_to_dbt_pipeline_prod to 2026-08-28 15:00:00+00:00, run_after=2026-08-28 16:00:00+00:00
[2026-08-28T16:46:56.137+0000] {processor.py:208} INFO - Processing /opt/airflow/dags/prod/airbyte_to_dbt_prod.py took 0.192 seconds
[2026-08-28T16:47:26.292+0000] {processor.py:186} INFO - Started process (PID=3987) to work on /opt/airflow/dags/prod/airbyte_to_dbt_prod.py
[2026-08-28T16:47:26.293+0000] {processor.py:914} INFO - Processing file /opt/airflow/dags/prod/airbyte_to_dbt_prod.py for tasks to queue
[2026-08-28T16:47:26.297+0000] {logging_mixin.py:190} INFO - [2026-08-28T16:47:26.296+0000] {dagbag.py:588} INFO - Filling up the DagBag from /opt/airflow/dags/prod/airbyte_to_dbt_prod.py
[2026-08-28T16:47:26.328+0000] {processor.py:925} INFO - DAG(s) 'airbyte_to_dbt_pipeline_prod' retrieved from /opt/airflow/dags/prod/airbyte_to_dbt_prod.py
[2026-08-28T16:47:26.381+0000] {logging_mixin.py:190} INFO - [2026-08-28T16:47:26.380+0000] {dag.py:3239} INFO - Sync 1 DAGs
[2026-08-28T16:47:26.418+0000] {logging_mixin.py:190} INFO - [2026-08-28T16:47:26.417+0000] {dag.py:4180} INFO - Setting next_dagrun for airbyte_to_dbt_pipeline_prod to 2026-08-28 15:00:00+00:00, run_after=2026-08-28 16:00:00+00:00
[2026-08-28T16:47:26.454+0000] {processor.py:208} INFO - Processing /opt/airflow/dags/prod/airbyte_to_dbt_prod.py took 0.174 seconds
[2026-08-28T16:47:56.655+0000] {processor.py:186} INFO - Started process (PID=3997) to work on /opt/airflow/dags/prod/airbyte_to_dbt_prod.py
[2026-08-28T16:47:56.656+0000] {processor.py:914} INFO - Processing file /opt/airflow/dags/prod/airbyte_to_dbt_prod.py for tasks to queue
[2026-08-28T16:47:56.661+0000] {logging_mixin.py:190} INFO - [2026-08-28T16:47:56.660+0000] {dagbag.py:588} INFO - Filling up the DagBag from /opt/airflow/dags/prod/airbyte_to_dbt_prod.py
[2026-08-28T16:47:56.690+0000] {processor.py:925} INFO - DAG(s) 'airbyte_to_dbt_pipeline_prod' retrieved from /opt/airflow/dags/prod/airbyte_to_dbt_prod.py
[2026-08-28T16:47:56.742+0000] {logging_mixin.py:190} INFO - [2026-08-28T16:47:56.742+0000] {dag.py:3239} INFO - Sync 1 DAGs
[2026-08-28T16:47:56.787+0000] {logging_mixin.py:190} INFO - [2026-08-28T16:47:56.787+0000] {dag.py:4180} INFO - Setting next_dagrun for airbyte_to_dbt_pipeline_prod to 2026-08-28 15:00:00+00:00, run_after=2026-08-28 16:00:00+00:00
[2026-08-28T16:47:56.817+0000] {processor.py:208} INFO - Processing /opt/airflow/dags/prod/airbyte_to_dbt_prod.py took 0.173 seconds
[2026-08-28T16:48:26.985+0000] {processor.py:186} INFO - Started process (PID=4007) to work on /opt/airflow/dags/prod/airbyte_to_dbt_prod.py
[2026-08-28T16:48:26.986+0000] {processor.py:914} INFO - Processing file /opt/airflow/dags/prod/airbyte_to_dbt_prod.py for tasks to queue
[2026-08-28T16:48:26.990+0000] {logging_mixin.py:190} INFO - [2026-08-28T16:48:26.989+0000] {dagbag.py:588} INFO - Filling up the DagBag from /opt/airflow/dags/prod/airbyte_to_dbt_prod.py
[2026-08-28T16:48:27.024+0000] {processor.py:925} INFO - DAG(s) 'airbyte_to_dbt_pipeline_prod' retrieved from /opt/airflow/dags/prod/airbyte_to_dbt_prod.py
[2026-08-28T16:48:27.066+0000] {logging_mixin.py:190} INFO - [2026-08-28T16:48:27.065+0000] {dag.py:3239} INFO - Sync 1 DAGs
[2026-08-28T16:48:27.098+0000] {logging_mixin.py:190} INFO - [2026-08-28T16:48:27.097+0000] {dag.py:4180} INFO - Setting next_dagrun for airbyte_to_dbt_pipeline_prod to 2026-08-28 15:00:00+00:00, run_after=2026-08-28 16:00:00+00:00
[2026-08-28T16:48:27.127+0000] {processor.py:208} INFO - Processing /opt/airflow/dags/prod/airbyte_to_dbt_prod.py took 0.150 seconds
[2026-08-28T16:48:57.313+0000] {processor.py:186} INFO - Started process (PID=4017) to work on /opt/airflow/dags/prod/airbyte_to_dbt_prod.py
[2026-08-28T16:48:57.314+0000] {processor.py:914} INFO - Processing file /opt/airflow/dags/prod/airbyte_to_dbt_prod.py for tasks to queue
[2026-08-28T16:48:57.317+0000] {logging_mixin.py:190} INFO - [2026-08-28T16:48:57.317+0000] {dagbag.py:588} INFO - Filling up the DagBag from /opt/airflow/dags/prod/airbyte_to_dbt_prod.py
[2026-08-28T16:48:57.338+0000] {processor.py:925} INFO - DAG(s) 'airbyte_to_dbt_pipeline_prod' retrieved from /opt/airflow/dags/prod/airbyte_to_dbt_prod.py
[2026-08-28T16:48:57.392+0000] {logging_mixin.py:190} INFO - [2026-08-28T16:48:57.391+0000] {dag.py:3239} INFO - Sync 1 DAGs
[2026-08-28T16:48:57.423+0000] {logging_mixin.py:190} INFO - [2026-08-28T16:48:57.423+0000] {dag.py:4180} INFO - Setting next_dagrun for airbyte_to_dbt_pipeline_prod to 2026-08-28 15:00:00+00:00, run_after=2026-08-28 16:00:00+00:00
[2026-08-28T16:48:57.450+0000] {processor.py:208} INFO - Processing /opt/airflow/dags/prod/airbyte_to_dbt_prod.py took 0.147 seconds
[2026-08-28T16:49:27.653+0000] {processor.py:186} INFO - Started process (PID=4027) to work on /opt/airflow/dags/prod/airbyte_to_dbt_prod.py
[2026-08-28T16:49:27.654+0000] {processor.py:914} INFO - Processing file /opt/airflow/dags/prod/airbyte_to_dbt_prod.py for tasks to queue
[2026-08-28T16:49:27.659+0000] {logging_mixin.py:190} INFO - [2026-08-28T16:49:27.659+0000] {dagbag.py:588} INFO - Filling up the DagBag from /opt/airflow/dags/prod/airbyte_to_dbt_prod.py
[2026-08-28T16:49:27.703+0000] {processor.py:925} INFO - DAG(s) 'airbyte_to_dbt_pipeline_prod' retrieved from /opt/airflow/dags/prod/airbyte_to_dbt_prod.py
[2026-08-28T16:49:27.778+0000] {logging_mixin.py:190} INFO - [2026-08-28T16:49:27.777+0000] {dag.py:3239} INFO - Sync 1 DAGs
[2026-08-28T16:49:27.825+0000] {logging_mixin.py:190} INFO - [2026-08-28T16:49:27.825+0000] {dag.py:4180} INFO - Setting next_dagrun for airbyte_to_dbt_pipeline_prod to 2026-08-28 15:00:00+00:00, run_after=2026-08-28 16:00:00+00:00
[2026-08-28T16:49:27.849+0000] {processor.py:208} INFO - Processing /opt/airflow/dags/prod/airbyte_to_dbt_prod.py took 0.212 seconds
[2026-08-28T16:49:57.987+0000] {processor.py:186} INFO - Started process (PID=4037) to work on /opt/airflow/dags/prod/airbyte_to_dbt_prod.py
[2026-08-28T16:49:57.989+0000] {processor.py:914} INFO - Processing file /opt/airflow/dags/prod/airbyte_to_dbt_prod.py for tasks to queue
[2026-08-28T16:49:57.994+0000] {logging_mixin.py:190} INFO - [2026-08-28T16:49:57.994+0000] {dagbag.py:588} INFO - Filling up the DagBag from /opt/airflow/dags/prod/airbyte_to_dbt_prod.py
[2026-08-28T16:49:58.027+0000] {processor.py:925} INFO - DAG(s) 'airbyte_to_dbt_pipeline_prod' retrieved from /opt/airflow/dags/prod/airbyte_to_dbt_prod.py
[2026-08-28T16:49:58.082+0000] {logging_mixin.py:190} INFO - [2026-08-28T16:49:58.082+0000] {dag.py:3239} INFO - Sync 1 DAGs
[2026-08-28T16:49:58.121+0000] {logging_mixin.py:190} INFO - [2026-08-28T16:49:58.120+0000] {dag.py:4180} INFO - Setting next_dagrun for airbyte_to_dbt_pipeline_prod to 2026-08-28 15:00:00+00:00, run_after=2026-08-28 16:00:00+00:00
[2026-08-28T16:49:58.147+0000] {processor.py:208} INFO - Processing /opt/airflow/dags/prod/airbyte_to_dbt_prod.py took 0.170 seconds
[2026-08-28T16:50:28.305+0000] {processor.py:186} INFO - Started process (PID=4047) to work on /opt/airflow/dags/prod/airbyte_to_dbt_prod.py
[2026-08-28T16:50:28.306+0000] {processor.py:914} INFO - Processing file /opt/airflow/dags/prod/airbyte_to_dbt_prod.py for tasks to queue
[2026-08-28T16:50:28.309+0000] {logging_mixin.py:190} INFO - [2026-08-28T16:50:28.309+0000] {dagbag.py:588} INFO - Filling up the DagBag from /opt/airflow/dags/prod/airbyte_to_dbt_prod.py
[2026-08-28T16:50:28.332+0000] {processor.py:925} INFO - DAG(s) 'airbyte_to_dbt_pipeline_prod' retrieved from /opt/airflow/dags/prod/airbyte_to_dbt_prod.py
[2026-08-28T16:50:28.380+0000] {logging_mixin.py:190} INFO - [2026-08-28T16:50:28.380+0000] {dag.py:3239} INFO - Sync 1 DAGs
[2026-08-28T16:50:28.417+0000] {logging_mixin.py:190} INFO - [2026-08-28T16:50:28.417+0000] {dag.py:4180} INFO - Setting next_dagrun for airbyte_to_dbt_pipeline_prod to 2026-08-28 15:00:00+00:00, run_after=2026-08-28 16:00:00+00:00
[2026-08-28T16:50:28.446+0000] {processor.py:208} INFO - Processing /opt/airflow/dags/prod/airbyte_to_dbt_prod.py took 0.151 seconds
[2026-08-28T16:50:58.623+0000] {processor.py:186} INFO - Started process (PID=4057) to work on /opt/airflow/dags/prod/airbyte_to_dbt_prod.py
[2026-08-28T16:50:58.624+0000] {processor.py:914} INFO - Processing file /opt/airflow/dags/prod/airbyte_to_dbt_prod.py for tasks to queue
[2026-08-28T16:50:58.628+0000] {logging_mixin.py:190} INFO - [2026-08-28T16:50:58.627+0000] {dagbag.py:588} INFO - Filling up the DagBag from /opt/airflow/dags/prod/airbyte_to_dbt_prod.py
[2026-08-28T16:50:58.652+0000] {processor.py:925} INFO - DAG(s) 'airbyte_to_dbt_pipeline_prod' retrieved from /opt/airflow/dags/prod/airbyte_to_dbt_prod.py
[2026-08-28T16:50:58.698+0000] {logging_mixin.py:190} INFO - [2026-08-28T16:50:58.698+0000] {dag.py:3239} INFO - Sync 1 DAGs
[2026-08-28T16:50:58.731+0000] {logging_mixin.py:190} INFO - [2026-08-28T16:50:58.730+0000] {dag.py:4180} INFO - Setting next_dagrun for airbyte_to_dbt_pipeline_prod to 2026-08-28 15:00:00+00:00, run_after=2026-08-28 16:00:00+00:00
[2026-08-28T16:50:58.761+0000] {processor.py:208} INFO - Processing /opt/airflow/dags/prod/airbyte_to_dbt_prod.py took 0.148 seconds
[2026-08-28T16:51:28.937+0000] {processor.py:186} INFO - Started process (PID=4067) to work on /opt/airflow/dags/prod/airbyte_to_dbt_prod.py
[2026-08-28T16:51:28.938+0000] {processor.py:914} INFO - Processing file /opt/airflow/dags/prod/airbyte_to_dbt_prod.py for tasks to queue
[2026-08-28T16:51:28.941+0000] {logging_mixin.py:190} INFO - [2026-08-28T16:51:28.941+0000] {dagbag.py:588} INFO - Filling up the DagBag from /opt/airflow/dags/prod/airbyte_to_dbt_prod.py
[2026-08-28T16:51:28.964+0000] {processor.py:925} INFO - DAG(s) 'airbyte_to_dbt_pipeline_prod' retrieved from /opt/airflow/dags/prod/airbyte_to_dbt_prod.py
[2026-08-28T16:51:29.021+0000] {logging_mixin.py:190} INFO - [2026-08-28T16:51:29.021+0000] {dag.py:3239} INFO - Sync 1 DAGs
[2026-08-28T16:51:29.066+0000] {logging_mixin.py:190} INFO - [2026-08-28T16:51:29.066+0000] {dag.py:4180} INFO - Setting next_dagrun for airbyte_to_dbt_pipeline_prod to 2026-08-28 15:00:00+00:00, run_after=2026-08-28 16:00:00+00:00
[2026-08-28T16:51:29.097+0000] {processor.py:208} INFO - Processing /opt/airflow/dags/prod/airbyte_to_dbt_prod.py took 0.169 seconds
[2026-08-28T16:51:59.271+0000] {processor.py:186} INFO - Started process (PID=4077) to work on /opt/airflow/dags/prod/airbyte_to_dbt_prod.py
[2026-08-28T16:51:59.272+0000] {processor.py:914} INFO - Processing file /opt/airflow/dags/prod/airbyte_to_dbt_prod.py for tasks to queue
[2026-08-28T16:51:59.276+0000] {logging_mixin.py:190} INFO - [2026-08-28T16:51:59.276+0000] {dagbag.py:588} INFO - Filling up the DagBag from /opt/airflow/dags/prod/airbyte_to_dbt_prod.py
[2026-08-28T16:51:59.306+0000] {processor.py:925} INFO - DAG(s) 'airbyte_to_dbt_pipeline_prod' retrieved from /opt/airflow/dags/prod/airbyte_to_dbt_prod.py
[2026-08-28T16:51:59.360+0000] {logging_mixin.py:190} INFO - [2026-08-28T16:51:59.359+0000] {dag.py:3239} INFO - Sync 1 DAGs
[2026-08-28T16:51:59.397+0000] {logging_mixin.py:190} INFO - [2026-08-28T16:51:59.397+0000] {dag.py:4180} INFO - Setting next_dagrun for airbyte_to_dbt_pipeline_prod to 2026-08-28 15:00:00+00:00, run_after=2026-08-28 16:00:00+00:00
[2026-08-28T16:51:59.424+0000] {processor.py:208} INFO - Processing /opt/airflow/dags/prod/airbyte_to_dbt_prod.py took 0.165 seconds
[2026-08-28T16:52:29.611+0000] {processor.py:186} INFO - Started process (PID=4087) to work on /opt/airflow/dags/prod/airbyte_to_dbt_prod.py
[2026-08-28T16:52:29.612+0000] {processor.py:914} INFO - Processing file /opt/airflow/dags/prod/airbyte_to_dbt_prod.py for tasks to queue
[2026-08-28T16:52:29.617+0000] {logging_mixin.py:190} INFO - [2026-08-28T16:52:29.616+0000] {dagbag.py:588} INFO - Filling up the DagBag from /opt/airflow/dags/prod/airbyte_to_dbt_prod.py
[2026-08-28T16:52:29.643+0000] {processor.py:925} INFO - DAG(s) 'airbyte_to_dbt_pipeline_prod' retrieved from /opt/airflow/dags/prod/airbyte_to_dbt_prod.py
[2026-08-28T16:52:29.693+0000] {logging_mixin.py:190} INFO - [2026-08-28T16:52:29.693+0000] {dag.py:3239} INFO - Sync 1 DAGs
[2026-08-28T16:52:29.744+0000] {logging_mixin.py:190} INFO - [2026-08-28T16:52:29.744+0000] {dag.py:4180} INFO - Setting next_dagrun for airbyte_to_dbt_pipeline_prod to 2026-08-28 15:00:00+00:00, run_after=2026-08-28 16:00:00+00:00
[2026-08-28T16:52:29.782+0000] {processor.py:208} INFO - Processing /opt/airflow/dags/prod/airbyte_to_dbt_prod.py took 0.184 seconds
[2026-08-28T16:53:00.024+0000] {processor.py:186} INFO - Started process (PID=4097) to work on /opt/airflow/dags/prod/airbyte_to_dbt_prod.py
[2026-08-28T16:53:00.025+0000] {processor.py:914} INFO - Processing file /opt/airflow/dags/prod/airbyte_to_dbt_prod.py for tasks to queue
[2026-08-28T16:53:00.029+0000] {logging_mixin.py:190} INFO - [2026-08-28T16:53:00.028+0000] {dagbag.py:588} INFO - Filling up the DagBag from /opt/airflow/dags/prod/airbyte_to_dbt_prod.py
[2026-08-28T16:53:00.050+0000] {processor.py:925} INFO - DAG(s) 'airbyte_to_dbt_pipeline_prod' retrieved from /opt/airflow/dags/prod/airbyte_to_dbt_prod.py
[2026-08-28T16:53:00.094+0000] {logging_mixin.py:190} INFO - [2026-08-28T16:53:00.094+0000] {dag.py:3239} INFO - Sync 1 DAGs
[2026-08-28T16:53:00.125+0000] {logging_mixin.py:190} INFO - [2026-08-28T16:53:00.125+0000] {dag.py:4180} INFO - Setting next_dagrun for airbyte_to_dbt_pipeline_prod to 2026-08-28 15:00:00+00:00, run_after=2026-08-28 16:00:00+00:00
[2026-08-28T16:53:00.152+0000] {processor.py:208} INFO - Processing /opt/airflow/dags/prod/airbyte_to_dbt_prod.py took 0.138 seconds
[2026-08-28T16:53:30.350+0000] {processor.py:186} INFO - Started process (PID=4107) to work on /opt/airflow/dags/prod/airbyte_to_dbt_prod.py
[2026-08-28T16:53:30.352+0000] {processor.py:914} INFO - Processing file /opt/airflow/dags/prod/airbyte_to_dbt_prod.py for tasks to queue
[2026-08-28T16:53:30.357+0000] {logging_mixin.py:190} INFO - [2026-08-28T16:53:30.356+0000] {dagbag.py:588} INFO - Filling up the DagBag from /opt/airflow/dags/prod/airbyte_to_dbt_prod.py
[2026-08-28T16:53:30.391+0000] {processor.py:925} INFO - DAG(s) 'airbyte_to_dbt_pipeline_prod' retrieved from /opt/airflow/dags/prod/airbyte_to_dbt_prod.py
[2026-08-28T16:53:30.466+0000] {logging_mixin.py:190} INFO - [2026-08-28T16:53:30.466+0000] {dag.py:3239} INFO - Sync 1 DAGs
[2026-08-28T16:53:30.520+0000] {logging_mixin.py:190} INFO - [2026-08-28T16:53:30.520+0000] {dag.py:4180} INFO - Setting next_dagrun for airbyte_to_dbt_pipeline_prod to 2026-08-28 15:00:00+00:00, run_after=2026-08-28 16:00:00+00:00
[2026-08-28T16:53:30.539+0000] {processor.py:208} INFO - Processing /opt/airflow/dags/prod/airbyte_to_dbt_prod.py took 0.198 seconds
[2026-08-28T16:54:00.681+0000] {processor.py:186} INFO - Started process (PID=4117) to work on /opt/airflow/dags/prod/airbyte_to_dbt_prod.py
[2026-08-28T16:54:00.683+0000] {processor.py:914} INFO - Processing file /opt/airflow/dags/prod/airbyte_to_dbt_prod.py for tasks to queue
[2026-08-28T16:54:00.687+0000] {logging_mixin.py:190} INFO - [2026-08-28T16:54:00.687+0000] {dagbag.py:588} INFO - Filling up the DagBag from /opt/airflow/dags/prod/airbyte_to_dbt_prod.py
[2026-08-28T16:54:00.722+0000] {processor.py:925} INFO - DAG(s) 'airbyte_to_dbt_pipeline_prod' retrieved from /opt/airflow/dags/prod/airbyte_to_dbt_prod.py
[2026-08-28T16:54:00.780+0000] {logging_mixin.py:190} INFO - [2026-08-28T16:54:00.779+0000] {dag.py:3239} INFO - Sync 1 DAGs
[2026-08-28T16:54:00.826+0000] {logging_mixin.py:190} INFO - [2026-08-28T16:54:00.826+0000] {dag.py:4180} INFO - Setting next_dagrun for airbyte_to_dbt_pipeline_prod to 2026-08-28 15:00:00+00:00, run_after=2026-08-28 16:00:00+00:00
[2026-08-28T16:54:00.849+0000] {processor.py:208} INFO - Processing /opt/airflow/dags/prod/airbyte_to_dbt_prod.py took 0.179 seconds
[2026-08-28T16:54:31.010+0000] {processor.py:186} INFO - Started process (PID=4127) to work on /opt/airflow/dags/prod/airbyte_to_dbt_prod.py
[2026-08-28T16:54:31.012+0000] {processor.py:914} INFO - Processing file /opt/airflow/dags/prod/airbyte_to_dbt_prod.py for tasks to queue
[2026-08-28T16:54:31.016+0000] {logging_mixin.py:190} INFO - [2026-08-28T16:54:31.015+0000] {dagbag.py:588} INFO - Filling up the DagBag from /opt/airflow/dags/prod/airbyte_to_dbt_prod.py
[2026-08-28T16:54:31.046+0000] {processor.py:925} INFO - DAG(s) 'airbyte_to_dbt_pipeline_prod' retrieved from /opt/airflow/dags/prod/airbyte_to_dbt_prod.py
[2026-08-28T16:54:31.087+0000] {logging_mixin.py:190} INFO - [2026-08-28T16:54:31.087+0000] {dag.py:3239} INFO - Sync 1 DAGs
[2026-08-28T16:54:31.117+0000] {logging_mixin.py:190} INFO - [2026-08-28T16:54:31.117+0000] {dag.py:4180} INFO - Setting next_dagrun for airbyte_to_dbt_pipeline_prod to 2026-08-28 15:00:00+00:00, run_after=2026-08-28 16:00:00+00:00
[2026-08-28T16:54:31.140+0000] {processor.py:208} INFO - Processing /opt/airflow/dags/prod/airbyte_to_dbt_prod.py took 0.141 seconds
[2026-08-28T16:55:01.341+0000] {processor.py:186} INFO - Started process (PID=4137) to work on /opt/airflow/dags/prod/airbyte_to_dbt_prod.py
[2026-08-28T16:55:01.342+0000] {processor.py:914} INFO - Processing file /opt/airflow/dags/prod/airbyte_to_dbt_prod.py for tasks to queue
[2026-08-28T16:55:01.346+0000] {logging_mixin.py:190} INFO - [2026-08-28T16:55:01.345+0000] {dagbag.py:588} INFO - Filling up the DagBag from /opt/airflow/dags/prod/airbyte_to_dbt_prod.py
[2026-08-28T16:55:01.370+0000] {processor.py:925} INFO - DAG(s) 'airbyte_to_dbt_pipeline_prod' retrieved from /opt/airflow/dags/prod/airbyte_to_dbt_prod.py
[2026-08-28T16:55:01.431+0000] {logging_mixin.py:190} INFO - [2026-08-28T16:55:01.430+0000] {dag.py:3239} INFO - Sync 1 DAGs
[2026-08-28T16:55:01.479+0000] {logging_mixin.py:190} INFO - [2026-08-28T16:55:01.478+0000] {dag.py:4180} INFO - Setting next_dagrun for airbyte_to_dbt_pipeline_prod to 2026-08-28 15:00:00+00:00, run_after=2026-08-28 16:00:00+00:00
[2026-08-28T16:55:01.510+0000] {processor.py:208} INFO - Processing /opt/airflow/dags/prod/airbyte_to_dbt_prod.py took 0.179 seconds
[2026-08-28T16:55:31.676+0000] {processor.py:186} INFO - Started process (PID=4147) to work on /opt/airflow/dags/prod/airbyte_to_dbt_prod.py
[2026-08-28T16:55:31.678+0000] {processor.py:914} INFO - Processing file /opt/airflow/dags/prod/airbyte_to_dbt_prod.py for tasks to queue
[2026-08-28T16:55:31.683+0000] {logging_mixin.py:190} INFO - [2026-08-28T16:55:31.682+0000] {dagbag.py:588} INFO - Filling up the DagBag from /opt/airflow/dags/prod/airbyte_to_dbt_prod.py
[2026-08-28T16:55:31.716+0000] {processor.py:925} INFO - DAG(s) 'airbyte_to_dbt_pipeline_prod' retrieved from /opt/airflow/dags/prod/airbyte_to_dbt_prod.py
[2026-08-28T16:55:31.774+0000] {logging_mixin.py:190} INFO - [2026-08-28T16:55:31.773+0000] {dag.py:3239} INFO - Sync 1 DAGs
[2026-08-28T16:55:31.812+0000] {logging_mixin.py:190} INFO - [2026-08-28T16:55:31.811+0000] {dag.py:4180} INFO - Setting next_dagrun for airbyte_to_dbt_pipeline_prod to 2026-08-28 15:00:00+00:00, run_after=2026-08-28 16:00:00+00:00
[2026-08-28T16:55:31.835+0000] {processor.py:208} INFO - Processing /opt/airflow/dags/prod/airbyte_to_dbt_prod.py took 0.170 seconds
[2026-08-28T16:56:01.979+0000] {processor.py:186} INFO - Started process (PID=4157) to work on /opt/airflow/dags/prod/airbyte_to_dbt_prod.py
[2026-08-28T16:56:01.981+0000] {processor.py:914} INFO - Processing file /opt/airflow/dags/prod/airbyte_to_dbt_prod.py for tasks to queue
[2026-08-28T16:56:01.985+0000] {logging_mixin.py:190} INFO - [2026-08-28T16:56:01.984+0000] {dagbag.py:588} INFO - Filling up the DagBag from /opt/airflow/dags/prod/airbyte_to_dbt_prod.py
[2026-08-28T16:56:02.014+0000] {processor.py:925} INFO - DAG(s) 'airbyte_to_dbt_pipeline_prod' retrieved from /opt/airflow/dags/prod/airbyte_to_dbt_prod.py
[2026-08-28T16:56:02.070+0000] {logging_mixin.py:190} INFO - [2026-08-28T16:56:02.069+0000] {dag.py:3239} INFO - Sync 1 DAGs
[2026-08-28T16:56:02.121+0000] {logging_mixin.py:190} INFO - [2026-08-28T16:56:02.121+0000] {dag.py:4180} INFO - Setting next_dagrun for airbyte_to_dbt_pipeline_prod to 2026-08-28 15:00:00+00:00, run_after=2026-08-28 16:00:00+00:00
[2026-08-28T16:56:02.150+0000] {processor.py:208} INFO - Processing /opt/airflow/dags/prod/airbyte_to_dbt_prod.py took 0.182 seconds
[2026-08-28T16:56:32.300+0000] {processor.py:186} INFO - Started process (PID=4167) to work on /opt/airflow/dags/prod/airbyte_to_dbt_prod.py
[2026-08-28T16:56:32.301+0000] {processor.py:914} INFO - Processing file /opt/airflow/dags/prod/airbyte_to_dbt_prod.py for tasks to queue
[2026-08-28T16:56:32.305+0000] {logging_mixin.py:190} INFO - [2026-08-28T16:56:32.305+0000] {dagbag.py:588} INFO - Filling up the DagBag from /opt/airflow/dags/prod/airbyte_to_dbt_prod.py
[2026-08-28T16:56:32.339+0000] {processor.py:925} INFO - DAG(s) 'airbyte_to_dbt_pipeline_prod' retrieved from /opt/airflow/dags/prod/airbyte_to_dbt_prod.py
[2026-08-28T16:56:32.398+0000] {logging_mixin.py:190} INFO - [2026-08-28T16:56:32.397+0000] {dag.py:3239} INFO - Sync 1 DAGs
[2026-08-28T16:56:32.441+0000] {logging_mixin.py:190} INFO - [2026-08-28T16:56:32.441+0000] {dag.py:4180} INFO - Setting next_dagrun for airbyte_to_dbt_pipeline_prod to 2026-08-28 15:00:00+00:00, run_after=2026-08-28 16:00:00+00:00
[2026-08-28T16:56:32.463+0000] {processor.py:208} INFO - Processing /opt/airflow/dags/prod/airbyte_to_dbt_prod.py took 0.176 seconds
[2026-08-28T16:57:02.621+0000] {processor.py:186} INFO - Started process (PID=4177) to work on /opt/airflow/dags/prod/airbyte_to_dbt_prod.py
[2026-08-28T16:57:02.622+0000] {processor.py:914} INFO - Processing file /opt/airflow/dags/prod/airbyte_to_dbt_prod.py for tasks to queue
[2026-08-28T16:57:02.626+0000] {logging_mixin.py:190} INFO - [2026-08-28T16:57:02.625+0000] {dagbag.py:588} INFO - Filling up the DagBag from /opt/airflow/dags/prod/airbyte_to_dbt_prod.py
[2026-08-28T16:57:02.647+0000] {processor.py:925} INFO - DAG(s) 'airbyte_to_dbt_pipeline_prod' retrieved from /opt/airflow/dags/prod/airbyte_to_dbt_prod.py
[2026-08-28T16:57:02.698+0000] {logging_mixin.py:190} INFO - [2026-08-28T16:57:02.697+0000] {dag.py:3239} INFO - Sync 1 DAGs
[2026-08-28T16:57:02.741+0000] {logging_mixin.py:190} INFO - [2026-08-28T16:57:02.741+0000] {dag.py:4180} INFO - Setting next_dagrun for airbyte_to_dbt_pipeline_prod to 2026-08-28 15:00:00+00:00, run_after=2026-08-28 16:00:00+00:00
[2026-08-28T16:57:02.765+0000] {processor.py:208} INFO - Processing /opt/airflow/dags/prod/airbyte_to_dbt_prod.py took 0.154 seconds
[2026-08-28T16:57:32.956+0000] {processor.py:186} INFO - Started process (PID=4187) to work on /opt/airflow/dags/prod/airbyte_to_dbt_prod.py
[2026-08-28T16:57:32.957+0000] {processor.py:914} INFO - Processing file /opt/airflow/dags/prod/airbyte_to_dbt_prod.py for tasks to queue
[2026-08-28T16:57:32.962+0000] {logging_mixin.py:190} INFO - [2026-08-28T16:57:32.961+0000] {dagbag.py:588} INFO - Filling up the DagBag from /opt/airflow/dags/prod/airbyte_to_dbt_prod.py
[2026-08-28T16:57:32.998+0000] {processor.py:925} INFO - DAG(s) 'airbyte_to_dbt_pipeline_prod' retrieved from /opt/airflow/dags/prod/airbyte_to_dbt_prod.py
[2026-08-28T16:57:33.058+0000] {logging_mixin.py:190} INFO - [2026-08-28T16:57:33.058+0000] {dag.py:3239} INFO - Sync 1 DAGs
[2026-08-28T16:57:33.100+0000] {logging_mixin.py:190} INFO - [2026-08-28T16:57:33.100+0000] {dag.py:4180} INFO - Setting next_dagrun for airbyte_to_dbt_pipeline_prod to 2026-08-28 15:00:00+00:00, run_after=2026-08-28 16:00:00+00:00
[2026-08-28T16:57:33.145+0000] {processor.py:208} INFO - Processing /opt/airflow/dags/prod/airbyte_to_dbt_prod.py took 0.202 seconds
[2026-08-28T16:58:03.304+0000] {processor.py:186} INFO - Started process (PID=4197) to work on /opt/airflow/dags/prod/airbyte_to_dbt_prod.py
[2026-08-28T16:58:03.305+0000] {processor.py:914} INFO - Processing file /opt/airflow/dags/prod/airbyte_to_dbt_prod.py for tasks to queue
[2026-08-28T16:58:03.309+0000] {logging_mixin.py:190} INFO - [2026-08-28T16:58:03.308+0000] {dagbag.py:588} INFO - Filling up the DagBag from /opt/airflow/dags/prod/airbyte_to_dbt_prod.py
[2026-08-28T16:58:03.346+0000] {processor.py:925} INFO - DAG(s) 'airbyte_to_dbt_pipeline_prod' retrieved from /opt/airflow/dags/prod/airbyte_to_dbt_prod.py
[2026-08-28T16:58:03.404+0000] {logging_mixin.py:190} INFO - [2026-08-28T16:58:03.404+0000] {dag.py:3239} INFO - Sync 1 DAGs
[2026-08-28T16:58:03.443+0000] {logging_mixin.py:190} INFO - [2026-08-28T16:58:03.442+0000] {dag.py:4180} INFO - Setting next_dagrun for airbyte_to_dbt_pipeline_prod to 2026-08-28 15:00:00+00:00, run_after=2026-08-28 16:00:00+00:00
[2026-08-28T16:58:03.466+0000] {processor.py:208} INFO - Processing /opt/airflow/dags/prod/airbyte_to_dbt_prod.py took 0.173 seconds
[2026-08-28T16:58:33.645+0000] {processor.py:186} INFO - Started process (PID=4207) to work on /opt/airflow/dags/prod/airbyte_to_dbt_prod.py
[2026-08-28T16:58:33.646+0000] {processor.py:914} INFO - Processing file /opt/airflow/dags/prod/airbyte_to_dbt_prod.py for tasks to queue
[2026-08-28T16:58:33.650+0000] {logging_mixin.py:190} INFO - [2026-08-28T16:58:33.650+0000] {dagbag.py:588} INFO - Filling up the DagBag from /opt/airflow/dags/prod/airbyte_to_dbt_prod.py
[2026-08-28T16:58:33.680+0000] {processor.py:925} INFO - DAG(s) 'airbyte_to_dbt_pipeline_prod' retrieved from /opt/airflow/dags/prod/airbyte_to_dbt_prod.py
[2026-08-28T16:58:33.746+0000] {logging_mixin.py:190} INFO - [2026-08-28T16:58:33.746+0000] {dag.py:3239} INFO - Sync 1 DAGs
[2026-08-28T16:58:33.786+0000] {logging_mixin.py:190} INFO - [2026-08-28T16:58:33.785+0000] {dag.py:4180} INFO - Setting next_dagrun for airbyte_to_dbt_pipeline_prod to 2026-08-28 15:00:00+00:00, run_after=2026-08-28 16:00:00+00:00
[2026-08-28T16:58:33.808+0000] {processor.py:208} INFO - Processing /opt/airflow/dags/prod/airbyte_to_dbt_prod.py took 0.177 seconds
[2026-08-28T16:59:03.963+0000] {processor.py:186} INFO - Started process (PID=4217) to work on /opt/airflow/dags/prod/airbyte_to_dbt_prod.py
[2026-08-28T16:59:03.964+0000] {processor.py:914} INFO - Processing file /opt/airflow/dags/prod/airbyte_to_dbt_prod.py for tasks to queue
[2026-08-28T16:59:03.968+0000] {logging_mixin.py:190} INFO - [2026-08-28T16:59:03.968+0000] {dagbag.py:588} INFO - Filling up the DagBag from /opt/airflow/dags/prod/airbyte_to_dbt_prod.py
[2026-08-28T16:59:03.999+0000] {processor.py:925} INFO - DAG(s) 'airbyte_to_dbt_pipeline_prod' retrieved from /opt/airflow/dags/prod/airbyte_to_dbt_prod.py
[2026-08-28T16:59:04.040+0000] {logging_mixin.py:190} INFO - [2026-08-28T16:59:04.039+0000] {dag.py:3239} INFO - Sync 1 DAGs
[2026-08-28T16:59:04.069+0000] {logging_mixin.py:190} INFO - [2026-08-28T16:59:04.069+0000] {dag.py:4180} INFO - Setting next_dagrun for airbyte_to_dbt_pipeline_prod to 2026-08-28 15:00:00+00:00, run_after=2026-08-28 16:00:00+00:00
[2026-08-28T16:59:04.091+0000] {processor.py:208} INFO - Processing /opt/airflow/dags/prod/airbyte_to_dbt_prod.py took 0.140 seconds
[2026-08-28T16:59:34.283+0000] {processor.py:186} INFO - Started process (PID=4227) to work on /opt/airflow/dags/prod/airbyte_to_dbt_prod.py
[2026-08-28T16:59:34.285+0000] {processor.py:914} INFO - Processing file /opt/airflow/dags/prod/airbyte_to_dbt_prod.py for tasks to queue
[2026-08-28T16:59:34.290+0000] {logging_mixin.py:190} INFO - [2026-08-28T16:59:34.289+0000] {dagbag.py:588} INFO - Filling up the DagBag from /opt/airflow/dags/prod/airbyte_to_dbt_prod.py
[2026-08-28T16:59:34.326+0000] {processor.py:925} INFO - DAG(s) 'airbyte_to_dbt_pipeline_prod' retrieved from /opt/airflow/dags/prod/airbyte_to_dbt_prod.py
[2026-08-28T16:59:34.380+0000] {logging_mixin.py:190} INFO - [2026-08-28T16:59:34.380+0000] {dag.py:3239} INFO - Sync 1 DAGs
[2026-08-28T16:59:34.425+0000] {logging_mixin.py:190} INFO - [2026-08-28T16:59:34.424+0000] {dag.py:4180} INFO - Setting next_dagrun for airbyte_to_dbt_pipeline_prod to 2026-08-28 15:00:00+00:00, run_after=2026-08-28 16:00:00+00:00
[2026-08-28T16:59:34.460+0000] {processor.py:208} INFO - Processing /opt/airflow/dags/prod/airbyte_to_dbt_prod.py took 0.190 seconds
[2026-08-28T17:00:04.807+0000] {processor.py:186} INFO - Started process (PID=4235) to work on /opt/airflow/dags/prod/airbyte_to_dbt_prod.py
[2026-08-28T17:00:04.809+0000] {processor.py:914} INFO - Processing file /opt/airflow/dags/prod/airbyte_to_dbt_prod.py for tasks to queue
[2026-08-28T17:00:04.859+0000] {logging_mixin.py:190} INFO - [2026-08-28T17:00:04.855+0000] {dagbag.py:588} INFO - Filling up the DagBag from /opt/airflow/dags/prod/airbyte_to_dbt_prod.py
[2026-08-28T17:00:05.063+0000] {processor.py:925} INFO - DAG(s) 'airbyte_to_dbt_pipeline_prod' retrieved from /opt/airflow/dags/prod/airbyte_to_dbt_prod.py
[2026-08-28T17:00:05.271+0000] {logging_mixin.py:190} INFO - [2026-08-28T17:00:05.271+0000] {dag.py:3239} INFO - Sync 1 DAGs
[2026-08-28T17:00:05.438+0000] {logging_mixin.py:190} INFO - [2026-08-28T17:00:05.437+0000] {dag.py:4180} INFO - Setting next_dagrun for airbyte_to_dbt_pipeline_prod to 2026-08-28 16:00:00+00:00, run_after=2026-08-28 17:00:00+00:00
[2026-08-28T17:00:05.466+0000] {processor.py:208} INFO - Processing /opt/airflow/dags/prod/airbyte_to_dbt_prod.py took 0.768 seconds
[2026-08-28T17:00:35.649+0000] {processor.py:186} INFO - Started process (PID=4247) to work on /opt/airflow/dags/prod/airbyte_to_dbt_prod.py
[2026-08-28T17:00:35.651+0000] {processor.py:914} INFO - Processing file /opt/airflow/dags/prod/airbyte_to_dbt_prod.py for tasks to queue
[2026-08-28T17:00:35.656+0000] {logging_mixin.py:190} INFO - [2026-08-28T17:00:35.655+0000] {dagbag.py:588} INFO - Filling up the DagBag from /opt/airflow/dags/prod/airbyte_to_dbt_prod.py
[2026-08-28T17:00:35.685+0000] {processor.py:925} INFO - DAG(s) 'airbyte_to_dbt_pipeline_prod' retrieved from /opt/airflow/dags/prod/airbyte_to_dbt_prod.py
[2026-08-28T17:00:35.746+0000] {logging_mixin.py:190} INFO - [2026-08-28T17:00:35.746+0000] {dag.py:3239} INFO - Sync 1 DAGs
[2026-08-28T17:00:35.794+0000] {logging_mixin.py:190} INFO - [2026-08-28T17:00:35.794+0000] {dag.py:4180} INFO - Setting next_dagrun for airbyte_to_dbt_pipeline_prod to 2026-08-28 16:00:00+00:00, run_after=2026-08-28 17:00:00+00:00
[2026-08-28T17:00:35.825+0000] {processor.py:208} INFO - Processing /opt/airflow/dags/prod/airbyte_to_dbt_prod.py took 0.188 seconds
[2026-08-28T17:01:05.965+0000] {processor.py:186} INFO - Started process (PID=4257) to work on /opt/airflow/dags/prod/airbyte_to_dbt_prod.py
[2026-08-28T17:01:05.966+0000] {processor.py:914} INFO - Processing file /opt/airflow/dags/prod/airbyte_to_dbt_prod.py for tasks to queue
[2026-08-28T17:01:05.971+0000] {logging_mixin.py:190} INFO - [2026-08-28T17:01:05.970+0000] {dagbag.py:588} INFO - Filling up the DagBag from /opt/airflow/dags/prod/airbyte_to_dbt_prod.py
[2026-08-28T17:01:06.006+0000] {processor.py:925} INFO - DAG(s) 'airbyte_to_dbt_pipeline_prod' retrieved from /opt/airflow/dags/prod/airbyte_to_dbt_prod.py
[2026-08-28T17:01:06.058+0000] {logging_mixin.py:190} INFO - [2026-08-28T17:01:06.057+0000] {dag.py:3239} INFO - Sync 1 DAGs
[2026-08-28T17:01:06.104+0000] {logging_mixin.py:190} INFO - [2026-08-28T17:01:06.104+0000] {dag.py:4180} INFO - Setting next_dagrun for airbyte_to_dbt_pipeline_prod to 2026-08-28 16:00:00+00:00, run_after=2026-08-28 17:00:00+00:00
[2026-08-28T17:01:06.127+0000] {processor.py:208} INFO - Processing /opt/airflow/dags/prod/airbyte_to_dbt_prod.py took 0.176 seconds
[2026-08-28T17:01:36.278+0000] {processor.py:186} INFO - Started process (PID=4267) to work on /opt/airflow/dags/prod/airbyte_to_dbt_prod.py
[2026-08-28T17:01:36.279+0000] {processor.py:914} INFO - Processing file /opt/airflow/dags/prod/airbyte_to_dbt_prod.py for tasks to queue
[2026-08-28T17:01:36.284+0000] {logging_mixin.py:190} INFO - [2026-08-28T17:01:36.283+0000] {dagbag.py:588} INFO - Filling up the DagBag from /opt/airflow/dags/prod/airbyte_to_dbt_prod.py
[2026-08-28T17:01:36.314+0000] {processor.py:925} INFO - DAG(s) 'airbyte_to_dbt_pipeline_prod' retrieved from /opt/airflow/dags/prod/airbyte_to_dbt_prod.py
[2026-08-28T17:01:36.373+0000] {logging_mixin.py:190} INFO - [2026-08-28T17:01:36.373+0000] {dag.py:3239} INFO - Sync 1 DAGs
[2026-08-28T17:01:36.417+0000] {logging_mixin.py:190} INFO - [2026-08-28T17:01:36.416+0000] {dag.py:4180} INFO - Setting next_dagrun for airbyte_to_dbt_pipeline_prod to 2026-08-28 16:00:00+00:00, run_after=2026-08-28 17:00:00+00:00
[2026-08-28T17:01:36.446+0000] {processor.py:208} INFO - Processing /opt/airflow/dags/prod/airbyte_to_dbt_prod.py took 0.181 seconds
[2026-08-28T17:02:06.637+0000] {processor.py:186} INFO - Started process (PID=4277) to work on /opt/airflow/dags/prod/airbyte_to_dbt_prod.py
[2026-08-28T17:02:06.638+0000] {processor.py:914} INFO - Processing file /opt/airflow/dags/prod/airbyte_to_dbt_prod.py for tasks to queue
[2026-08-28T17:02:06.643+0000] {logging_mixin.py:190} INFO - [2026-08-28T17:02:06.642+0000] {dagbag.py:588} INFO - Filling up the DagBag from /opt/airflow/dags/prod/airbyte_to_dbt_prod.py
[2026-08-28T17:02:06.682+0000] {processor.py:925} INFO - DAG(s) 'airbyte_to_dbt_pipeline_prod' retrieved from /opt/airflow/dags/prod/airbyte_to_dbt_prod.py
[2026-08-28T17:02:06.772+0000] {logging_mixin.py:190} INFO - [2026-08-28T17:02:06.772+0000] {dag.py:3239} INFO - Sync 1 DAGs
[2026-08-28T17:02:06.820+0000] {logging_mixin.py:190} INFO - [2026-08-28T17:02:06.820+0000] {dag.py:4180} INFO - Setting next_dagrun for airbyte_to_dbt_pipeline_prod to 2026-08-28 16:00:00+00:00, run_after=2026-08-28 17:00:00+00:00
[2026-08-28T17:02:06.851+0000] {processor.py:208} INFO - Processing /opt/airflow/dags/prod/airbyte_to_dbt_prod.py took 0.228 seconds
[2026-08-28T17:02:37.005+0000] {processor.py:186} INFO - Started process (PID=4287) to work on /opt/airflow/dags/prod/airbyte_to_dbt_prod.py
[2026-08-28T17:02:37.008+0000] {processor.py:914} INFO - Processing file /opt/airflow/dags/prod/airbyte_to_dbt_prod.py for tasks to queue
[2026-08-28T17:02:37.013+0000] {logging_mixin.py:190} INFO - [2026-08-28T17:02:37.012+0000] {dagbag.py:588} INFO - Filling up the DagBag from /opt/airflow/dags/prod/airbyte_to_dbt_prod.py
[2026-08-28T17:02:37.051+0000] {processor.py:925} INFO - DAG(s) 'airbyte_to_dbt_pipeline_prod' retrieved from /opt/airflow/dags/prod/airbyte_to_dbt_prod.py
[2026-08-28T17:02:37.117+0000] {logging_mixin.py:190} INFO - [2026-08-28T17:02:37.117+0000] {dag.py:3239} INFO - Sync 1 DAGs
[2026-08-28T17:02:37.160+0000] {logging_mixin.py:190} INFO - [2026-08-28T17:02:37.160+0000] {dag.py:4180} INFO - Setting next_dagrun for airbyte_to_dbt_pipeline_prod to 2026-08-28 16:00:00+00:00, run_after=2026-08-28 17:00:00+00:00
[2026-08-28T17:02:37.193+0000] {processor.py:208} INFO - Processing /opt/airflow/dags/prod/airbyte_to_dbt_prod.py took 0.203 seconds
[2026-08-28T17:03:07.335+0000] {processor.py:186} INFO - Started process (PID=4297) to work on /opt/airflow/dags/prod/airbyte_to_dbt_prod.py
[2026-08-28T17:03:07.336+0000] {processor.py:914} INFO - Processing file /opt/airflow/dags/prod/airbyte_to_dbt_prod.py for tasks to queue
[2026-08-28T17:03:07.341+0000] {logging_mixin.py:190} INFO - [2026-08-28T17:03:07.340+0000] {dagbag.py:588} INFO - Filling up the DagBag from /opt/airflow/dags/prod/airbyte_to_dbt_prod.py
[2026-08-28T17:03:07.381+0000] {processor.py:925} INFO - DAG(s) 'airbyte_to_dbt_pipeline_prod' retrieved from /opt/airflow/dags/prod/airbyte_to_dbt_prod.py
[2026-08-28T17:03:07.436+0000] {logging_mixin.py:190} INFO - [2026-08-28T17:03:07.436+0000] {dag.py:3239} INFO - Sync 1 DAGs
[2026-08-28T17:03:07.468+0000] {logging_mixin.py:190} INFO - [2026-08-28T17:03:07.468+0000] {dag.py:4180} INFO - Setting next_dagrun for airbyte_to_dbt_pipeline_prod to 2026-08-28 16:00:00+00:00, run_after=2026-08-28 17:00:00+00:00
[2026-08-28T17:03:07.492+0000] {processor.py:208} INFO - Processing /opt/airflow/dags/prod/airbyte_to_dbt_prod.py took 0.168 seconds
[2026-08-28T17:03:37.683+0000] {processor.py:186} INFO - Started process (PID=4307) to work on /opt/airflow/dags/prod/airbyte_to_dbt_prod.py
[2026-08-28T17:03:37.685+0000] {processor.py:914} INFO - Processing file /opt/airflow/dags/prod/airbyte_to_dbt_prod.py for tasks to queue
[2026-08-28T17:03:37.693+0000] {logging_mixin.py:190} INFO - [2026-08-28T17:03:37.690+0000] {dagbag.py:588} INFO - Filling up the DagBag from /opt/airflow/dags/prod/airbyte_to_dbt_prod.py
[2026-08-28T17:03:37.731+0000] {processor.py:925} INFO - DAG(s) 'airbyte_to_dbt_pipeline_prod' retrieved from /opt/airflow/dags/prod/airbyte_to_dbt_prod.py
[2026-08-28T17:03:37.787+0000] {logging_mixin.py:190} INFO - [2026-08-28T17:03:37.787+0000] {dag.py:3239} INFO - Sync 1 DAGs
[2026-08-28T17:03:37.823+0000] {logging_mixin.py:190} INFO - [2026-08-28T17:03:37.823+0000] {dag.py:4180} INFO - Setting next_dagrun for airbyte_to_dbt_pipeline_prod to 2026-08-28 16:00:00+00:00, run_after=2026-08-28 17:00:00+00:00
[2026-08-28T17:03:37.848+0000] {processor.py:208} INFO - Processing /opt/airflow/dags/prod/airbyte_to_dbt_prod.py took 0.179 seconds
[2026-08-28T17:04:07.990+0000] {processor.py:186} INFO - Started process (PID=4317) to work on /opt/airflow/dags/prod/airbyte_to_dbt_prod.py
[2026-08-28T17:04:07.991+0000] {processor.py:914} INFO - Processing file /opt/airflow/dags/prod/airbyte_to_dbt_prod.py for tasks to queue
[2026-08-28T17:04:07.996+0000] {logging_mixin.py:190} INFO - [2026-08-28T17:04:07.995+0000] {dagbag.py:588} INFO - Filling up the DagBag from /opt/airflow/dags/prod/airbyte_to_dbt_prod.py
[2026-08-28T17:04:08.022+0000] {processor.py:925} INFO - DAG(s) 'airbyte_to_dbt_pipeline_prod' retrieved from /opt/airflow/dags/prod/airbyte_to_dbt_prod.py
[2026-08-28T17:04:08.064+0000] {logging_mixin.py:190} INFO - [2026-08-28T17:04:08.063+0000] {dag.py:3239} INFO - Sync 1 DAGs
[2026-08-28T17:04:08.108+0000] {logging_mixin.py:190} INFO - [2026-08-28T17:04:08.107+0000] {dag.py:4180} INFO - Setting next_dagrun for airbyte_to_dbt_pipeline_prod to 2026-08-28 16:00:00+00:00, run_after=2026-08-28 17:00:00+00:00
[2026-08-28T17:04:08.133+0000] {processor.py:208} INFO - Processing /opt/airflow/dags/prod/airbyte_to_dbt_prod.py took 0.155 seconds
[2026-08-28T17:04:38.331+0000] {processor.py:186} INFO - Started process (PID=4327) to work on /opt/airflow/dags/prod/airbyte_to_dbt_prod.py
[2026-08-28T17:04:38.334+0000] {processor.py:914} INFO - Processing file /opt/airflow/dags/prod/airbyte_to_dbt_prod.py for tasks to queue
[2026-08-28T17:04:38.342+0000] {logging_mixin.py:190} INFO - [2026-08-28T17:04:38.342+0000] {dagbag.py:588} INFO - Filling up the DagBag from /opt/airflow/dags/prod/airbyte_to_dbt_prod.py
[2026-08-28T17:04:38.396+0000] {processor.py:925} INFO - DAG(s) 'airbyte_to_dbt_pipeline_prod' retrieved from /opt/airflow/dags/prod/airbyte_to_dbt_prod.py
[2026-08-28T17:04:38.472+0000] {logging_mixin.py:190} INFO - [2026-08-28T17:04:38.471+0000] {dag.py:3239} INFO - Sync 1 DAGs
[2026-08-28T17:04:38.512+0000] {logging_mixin.py:190} INFO - [2026-08-28T17:04:38.512+0000] {dag.py:4180} INFO - Setting next_dagrun for airbyte_to_dbt_pipeline_prod to 2026-08-28 16:00:00+00:00, run_after=2026-08-28 17:00:00+00:00
[2026-08-28T17:04:38.540+0000] {processor.py:208} INFO - Processing /opt/airflow/dags/prod/airbyte_to_dbt_prod.py took 0.220 seconds
[2026-08-28T17:05:08.708+0000] {processor.py:186} INFO - Started process (PID=4337) to work on /opt/airflow/dags/prod/airbyte_to_dbt_prod.py
[2026-08-28T17:05:08.710+0000] {processor.py:914} INFO - Processing file /opt/airflow/dags/prod/airbyte_to_dbt_prod.py for tasks to queue
[2026-08-28T17:05:08.716+0000] {logging_mixin.py:190} INFO - [2026-08-28T17:05:08.715+0000] {dagbag.py:588} INFO - Filling up the DagBag from /opt/airflow/dags/prod/airbyte_to_dbt_prod.py
[2026-08-28T17:05:08.752+0000] {processor.py:925} INFO - DAG(s) 'airbyte_to_dbt_pipeline_prod' retrieved from /opt/airflow/dags/prod/airbyte_to_dbt_prod.py
[2026-08-28T17:05:08.821+0000] {logging_mixin.py:190} INFO - [2026-08-28T17:05:08.820+0000] {dag.py:3239} INFO - Sync 1 DAGs
[2026-08-28T17:05:08.860+0000] {logging_mixin.py:190} INFO - [2026-08-28T17:05:08.860+0000] {dag.py:4180} INFO - Setting next_dagrun for airbyte_to_dbt_pipeline_prod to 2026-08-28 16:00:00+00:00, run_after=2026-08-28 17:00:00+00:00
[2026-08-28T17:05:08.886+0000] {processor.py:208} INFO - Processing /opt/airflow/dags/prod/airbyte_to_dbt_prod.py took 0.188 seconds
[2026-08-28T17:05:39.026+0000] {processor.py:186} INFO - Started process (PID=4347) to work on /opt/airflow/dags/prod/airbyte_to_dbt_prod.py
[2026-08-28T17:05:39.028+0000] {processor.py:914} INFO - Processing file /opt/airflow/dags/prod/airbyte_to_dbt_prod.py for tasks to queue
[2026-08-28T17:05:39.033+0000] {logging_mixin.py:190} INFO - [2026-08-28T17:05:39.032+0000] {dagbag.py:588} INFO - Filling up the DagBag from /opt/airflow/dags/prod/airbyte_to_dbt_prod.py
[2026-08-28T17:05:39.055+0000] {processor.py:925} INFO - DAG(s) 'airbyte_to_dbt_pipeline_prod' retrieved from /opt/airflow/dags/prod/airbyte_to_dbt_prod.py
[2026-08-28T17:05:39.114+0000] {logging_mixin.py:190} INFO - [2026-08-28T17:05:39.114+0000] {dag.py:3239} INFO - Sync 1 DAGs
[2026-08-28T17:05:39.164+0000] {logging_mixin.py:190} INFO - [2026-08-28T17:05:39.163+0000] {dag.py:4180} INFO - Setting next_dagrun for airbyte_to_dbt_pipeline_prod to 2026-08-28 16:00:00+00:00, run_after=2026-08-28 17:00:00+00:00
[2026-08-28T17:05:39.187+0000] {processor.py:208} INFO - Processing /opt/airflow/dags/prod/airbyte_to_dbt_prod.py took 0.169 seconds
[2026-08-28T17:06:09.349+0000] {processor.py:186} INFO - Started process (PID=4357) to work on /opt/airflow/dags/prod/airbyte_to_dbt_prod.py
[2026-08-28T17:06:09.351+0000] {processor.py:914} INFO - Processing file /opt/airflow/dags/prod/airbyte_to_dbt_prod.py for tasks to queue
[2026-08-28T17:06:09.356+0000] {logging_mixin.py:190} INFO - [2026-08-28T17:06:09.355+0000] {dagbag.py:588} INFO - Filling up the DagBag from /opt/airflow/dags/prod/airbyte_to_dbt_prod.py
[2026-08-28T17:06:09.385+0000] {processor.py:925} INFO - DAG(s) 'airbyte_to_dbt_pipeline_prod' retrieved from /opt/airflow/dags/prod/airbyte_to_dbt_prod.py
[2026-08-28T17:06:09.440+0000] {logging_mixin.py:190} INFO - [2026-08-28T17:06:09.439+0000] {dag.py:3239} INFO - Sync 1 DAGs
[2026-08-28T17:06:09.477+0000] {logging_mixin.py:190} INFO - [2026-08-28T17:06:09.477+0000] {dag.py:4180} INFO - Setting next_dagrun for airbyte_to_dbt_pipeline_prod to 2026-08-28 16:00:00+00:00, run_after=2026-08-28 17:00:00+00:00
[2026-08-28T17:06:09.503+0000] {processor.py:208} INFO - Processing /opt/airflow/dags/prod/airbyte_to_dbt_prod.py took 0.166 seconds
[2026-08-28T17:06:39.677+0000] {processor.py:186} INFO - Started process (PID=4367) to work on /opt/airflow/dags/prod/airbyte_to_dbt_prod.py
[2026-08-28T17:06:39.678+0000] {processor.py:914} INFO - Processing file /opt/airflow/dags/prod/airbyte_to_dbt_prod.py for tasks to queue
[2026-08-28T17:06:39.681+0000] {logging_mixin.py:190} INFO - [2026-08-28T17:06:39.680+0000] {dagbag.py:588} INFO - Filling up the DagBag from /opt/airflow/dags/prod/airbyte_to_dbt_prod.py
[2026-08-28T17:06:39.704+0000] {processor.py:925} INFO - DAG(s) 'airbyte_to_dbt_pipeline_prod' retrieved from /opt/airflow/dags/prod/airbyte_to_dbt_prod.py
[2026-08-28T17:06:39.747+0000] {logging_mixin.py:190} INFO - [2026-08-28T17:06:39.746+0000] {dag.py:3239} INFO - Sync 1 DAGs
[2026-08-28T17:06:39.793+0000] {logging_mixin.py:190} INFO - [2026-08-28T17:06:39.793+0000] {dag.py:4180} INFO - Setting next_dagrun for airbyte_to_dbt_pipeline_prod to 2026-08-28 16:00:00+00:00, run_after=2026-08-28 17:00:00+00:00
[2026-08-28T17:06:39.823+0000] {processor.py:208} INFO - Processing /opt/airflow/dags/prod/airbyte_to_dbt_prod.py took 0.156 seconds
[2026-08-28T17:07:10.026+0000] {processor.py:186} INFO - Started process (PID=4377) to work on /opt/airflow/dags/prod/airbyte_to_dbt_prod.py
[2026-08-28T17:07:10.029+0000] {processor.py:914} INFO - Processing file /opt/airflow/dags/prod/airbyte_to_dbt_prod.py for tasks to queue
[2026-08-28T17:07:10.034+0000] {logging_mixin.py:190} INFO - [2026-08-28T17:07:10.033+0000] {dagbag.py:588} INFO - Filling up the DagBag from /opt/airflow/dags/prod/airbyte_to_dbt_prod.py
[2026-08-28T17:07:10.069+0000] {processor.py:925} INFO - DAG(s) 'airbyte_to_dbt_pipeline_prod' retrieved from /opt/airflow/dags/prod/airbyte_to_dbt_prod.py
[2026-08-28T17:07:10.134+0000] {logging_mixin.py:190} INFO - [2026-08-28T17:07:10.133+0000] {dag.py:3239} INFO - Sync 1 DAGs
[2026-08-28T17:07:10.178+0000] {logging_mixin.py:190} INFO - [2026-08-28T17:07:10.178+0000] {dag.py:4180} INFO - Setting next_dagrun for airbyte_to_dbt_pipeline_prod to 2026-08-28 16:00:00+00:00, run_after=2026-08-28 17:00:00+00:00
[2026-08-28T17:07:10.204+0000] {processor.py:208} INFO - Processing /opt/airflow/dags/prod/airbyte_to_dbt_prod.py took 0.192 seconds
[2026-08-28T17:07:40.335+0000] {processor.py:186} INFO - Started process (PID=4387) to work on /opt/airflow/dags/prod/airbyte_to_dbt_prod.py
[2026-08-28T17:07:40.336+0000] {processor.py:914} INFO - Processing file /opt/airflow/dags/prod/airbyte_to_dbt_prod.py for tasks to queue
[2026-08-28T17:07:40.340+0000] {logging_mixin.py:190} INFO - [2026-08-28T17:07:40.339+0000] {dagbag.py:588} INFO - Filling up the DagBag from /opt/airflow/dags/prod/airbyte_to_dbt_prod.py
[2026-08-28T17:07:40.375+0000] {processor.py:925} INFO - DAG(s) 'airbyte_to_dbt_pipeline_prod' retrieved from /opt/airflow/dags/prod/airbyte_to_dbt_prod.py
[2026-08-28T17:07:40.418+0000] {logging_mixin.py:190} INFO - [2026-08-28T17:07:40.418+0000] {dag.py:3239} INFO - Sync 1 DAGs
[2026-08-28T17:07:40.457+0000] {logging_mixin.py:190} INFO - [2026-08-28T17:07:40.457+0000] {dag.py:4180} INFO - Setting next_dagrun for airbyte_to_dbt_pipeline_prod to 2026-08-28 16:00:00+00:00, run_after=2026-08-28 17:00:00+00:00
[2026-08-28T17:07:40.483+0000] {processor.py:208} INFO - Processing /opt/airflow/dags/prod/airbyte_to_dbt_prod.py took 0.156 seconds
[2026-08-28T17:08:10.687+0000] {processor.py:186} INFO - Started process (PID=4397) to work on /opt/airflow/dags/prod/airbyte_to_dbt_prod.py
[2026-08-28T17:08:10.688+0000] {processor.py:914} INFO - Processing file /opt/airflow/dags/prod/airbyte_to_dbt_prod.py for tasks to queue
[2026-08-28T17:08:10.691+0000] {logging_mixin.py:190} INFO - [2026-08-28T17:08:10.691+0000] {dagbag.py:588} INFO - Filling up the DagBag from /opt/airflow/dags/prod/airbyte_to_dbt_prod.py
[2026-08-28T17:08:10.713+0000] {processor.py:925} INFO - DAG(s) 'airbyte_to_dbt_pipeline_prod' retrieved from /opt/airflow/dags/prod/airbyte_to_dbt_prod.py
[2026-08-28T17:08:10.767+0000] {logging_mixin.py:190} INFO - [2026-08-28T17:08:10.766+0000] {dag.py:3239} INFO - Sync 1 DAGs
[2026-08-28T17:08:10.815+0000] {logging_mixin.py:190} INFO - [2026-08-28T17:08:10.815+0000] {dag.py:4180} INFO - Setting next_dagrun for airbyte_to_dbt_pipeline_prod to 2026-08-28 16:00:00+00:00, run_after=2026-08-28 17:00:00+00:00
[2026-08-28T17:08:10.845+0000] {processor.py:208} INFO - Processing /opt/airflow/dags/prod/airbyte_to_dbt_prod.py took 0.169 seconds
[2026-08-28T17:08:41.052+0000] {processor.py:186} INFO - Started process (PID=4407) to work on /opt/airflow/dags/prod/airbyte_to_dbt_prod.py
[2026-08-28T17:08:41.053+0000] {processor.py:914} INFO - Processing file /opt/airflow/dags/prod/airbyte_to_dbt_prod.py for tasks to queue
[2026-08-28T17:08:41.058+0000] {logging_mixin.py:190} INFO - [2026-08-28T17:08:41.057+0000] {dagbag.py:588} INFO - Filling up the DagBag from /opt/airflow/dags/prod/airbyte_to_dbt_prod.py
[2026-08-28T17:08:41.094+0000] {processor.py:925} INFO - DAG(s) 'airbyte_to_dbt_pipeline_prod' retrieved from /opt/airflow/dags/prod/airbyte_to_dbt_prod.py
[2026-08-28T17:08:41.159+0000] {logging_mixin.py:190} INFO - [2026-08-28T17:08:41.159+0000] {dag.py:3239} INFO - Sync 1 DAGs
[2026-08-28T17:08:41.204+0000] {logging_mixin.py:190} INFO - [2026-08-28T17:08:41.204+0000] {dag.py:4180} INFO - Setting next_dagrun for airbyte_to_dbt_pipeline_prod to 2026-08-28 16:00:00+00:00, run_after=2026-08-28 17:00:00+00:00
[2026-08-28T17:08:41.233+0000] {processor.py:208} INFO - Processing /opt/airflow/dags/prod/airbyte_to_dbt_prod.py took 0.196 seconds
[2026-08-28T17:09:11.340+0000] {processor.py:186} INFO - Started process (PID=4417) to work on /opt/airflow/dags/prod/airbyte_to_dbt_prod.py
[2026-08-28T17:09:11.341+0000] {processor.py:914} INFO - Processing file /opt/airflow/dags/prod/airbyte_to_dbt_prod.py for tasks to queue
[2026-08-28T17:09:11.344+0000] {logging_mixin.py:190} INFO - [2026-08-28T17:09:11.344+0000] {dagbag.py:588} INFO - Filling up the DagBag from /opt/airflow/dags/prod/airbyte_to_dbt_prod.py
[2026-08-28T17:09:11.380+0000] {processor.py:925} INFO - DAG(s) 'airbyte_to_dbt_pipeline_prod' retrieved from /opt/airflow/dags/prod/airbyte_to_dbt_prod.py
[2026-08-28T17:09:11.446+0000] {logging_mixin.py:190} INFO - [2026-08-28T17:09:11.445+0000] {dag.py:3239} INFO - Sync 1 DAGs
[2026-08-28T17:09:11.483+0000] {logging_mixin.py:190} INFO - [2026-08-28T17:09:11.483+0000] {dag.py:4180} INFO - Setting next_dagrun for airbyte_to_dbt_pipeline_prod to 2026-08-28 16:00:00+00:00, run_after=2026-08-28 17:00:00+00:00
[2026-08-28T17:09:11.509+0000] {processor.py:208} INFO - Processing /opt/airflow/dags/prod/airbyte_to_dbt_prod.py took 0.176 seconds
[2026-08-28T17:09:41.661+0000] {processor.py:186} INFO - Started process (PID=4427) to work on /opt/airflow/dags/prod/airbyte_to_dbt_prod.py
[2026-08-28T17:09:41.663+0000] {processor.py:914} INFO - Processing file /opt/airflow/dags/prod/airbyte_to_dbt_prod.py for tasks to queue
[2026-08-28T17:09:41.666+0000] {logging_mixin.py:190} INFO - [2026-08-28T17:09:41.665+0000] {dagbag.py:588} INFO - Filling up the DagBag from /opt/airflow/dags/prod/airbyte_to_dbt_prod.py
[2026-08-28T17:09:41.686+0000] {processor.py:925} INFO - DAG(s) 'airbyte_to_dbt_pipeline_prod' retrieved from /opt/airflow/dags/prod/airbyte_to_dbt_prod.py
[2026-08-28T17:09:41.734+0000] {logging_mixin.py:190} INFO - [2026-08-28T17:09:41.734+0000] {dag.py:3239} INFO - Sync 1 DAGs
[2026-08-28T17:09:41.776+0000] {logging_mixin.py:190} INFO - [2026-08-28T17:09:41.775+0000] {dag.py:4180} INFO - Setting next_dagrun for airbyte_to_dbt_pipeline_prod to 2026-08-28 16:00:00+00:00, run_after=2026-08-28 17:00:00+00:00
[2026-08-28T17:09:41.804+0000] {processor.py:208} INFO - Processing /opt/airflow/dags/prod/airbyte_to_dbt_prod.py took 0.151 seconds
[2026-08-28T17:10:11.994+0000] {processor.py:186} INFO - Started process (PID=4437) to work on /opt/airflow/dags/prod/airbyte_to_dbt_prod.py
[2026-08-28T17:10:11.995+0000] {processor.py:914} INFO - Processing file /opt/airflow/dags/prod/airbyte_to_dbt_prod.py for tasks to queue
[2026-08-28T17:10:11.998+0000] {logging_mixin.py:190} INFO - [2026-08-28T17:10:11.998+0000] {dagbag.py:588} INFO - Filling up the DagBag from /opt/airflow/dags/prod/airbyte_to_dbt_prod.py
[2026-08-28T17:10:12.020+0000] {processor.py:925} INFO - DAG(s) 'airbyte_to_dbt_pipeline_prod' retrieved from /opt/airflow/dags/prod/airbyte_to_dbt_prod.py
[2026-08-28T17:10:12.072+0000] {logging_mixin.py:190} INFO - [2026-08-28T17:10:12.071+0000] {dag.py:3239} INFO - Sync 1 DAGs
[2026-08-28T17:10:12.120+0000] {logging_mixin.py:190} INFO - [2026-08-28T17:10:12.120+0000] {dag.py:4180} INFO - Setting next_dagrun for airbyte_to_dbt_pipeline_prod to 2026-08-28 16:00:00+00:00, run_after=2026-08-28 17:00:00+00:00
[2026-08-28T17:10:12.151+0000] {processor.py:208} INFO - Processing /opt/airflow/dags/prod/airbyte_to_dbt_prod.py took 0.167 seconds
[2026-08-28T17:10:42.319+0000] {processor.py:186} INFO - Started process (PID=4447) to work on /opt/airflow/dags/prod/airbyte_to_dbt_prod.py
[2026-08-28T17:10:42.320+0000] {processor.py:914} INFO - Processing file /opt/airflow/dags/prod/airbyte_to_dbt_prod.py for tasks to queue
[2026-08-28T17:10:42.324+0000] {logging_mixin.py:190} INFO - [2026-08-28T17:10:42.323+0000] {dagbag.py:588} INFO - Filling up the DagBag from /opt/airflow/dags/prod/airbyte_to_dbt_prod.py
[2026-08-28T17:10:42.353+0000] {processor.py:925} INFO - DAG(s) 'airbyte_to_dbt_pipeline_prod' retrieved from /opt/airflow/dags/prod/airbyte_to_dbt_prod.py
[2026-08-28T17:10:42.401+0000] {logging_mixin.py:190} INFO - [2026-08-28T17:10:42.400+0000] {dag.py:3239} INFO - Sync 1 DAGs
[2026-08-28T17:10:42.438+0000] {logging_mixin.py:190} INFO - [2026-08-28T17:10:42.438+0000] {dag.py:4180} INFO - Setting next_dagrun for airbyte_to_dbt_pipeline_prod to 2026-08-28 16:00:00+00:00, run_after=2026-08-28 17:00:00+00:00
[2026-08-28T17:10:42.479+0000] {processor.py:208} INFO - Processing /opt/airflow/dags/prod/airbyte_to_dbt_prod.py took 0.172 seconds
[2026-08-28T17:11:12.666+0000] {processor.py:186} INFO - Started process (PID=4457) to work on /opt/airflow/dags/prod/airbyte_to_dbt_prod.py
[2026-08-28T17:11:12.668+0000] {processor.py:914} INFO - Processing file /opt/airflow/dags/prod/airbyte_to_dbt_prod.py for tasks to queue
[2026-08-28T17:11:12.673+0000] {logging_mixin.py:190} INFO - [2026-08-28T17:11:12.672+0000] {dagbag.py:588} INFO - Filling up the DagBag from /opt/airflow/dags/prod/airbyte_to_dbt_prod.py
[2026-08-28T17:11:12.731+0000] {processor.py:925} INFO - DAG(s) 'airbyte_to_dbt_pipeline_prod' retrieved from /opt/airflow/dags/prod/airbyte_to_dbt_prod.py
[2026-08-28T17:11:12.801+0000] {logging_mixin.py:190} INFO - [2026-08-28T17:11:12.801+0000] {dag.py:3239} INFO - Sync 1 DAGs
[2026-08-28T17:11:12.854+0000] {logging_mixin.py:190} INFO - [2026-08-28T17:11:12.854+0000] {dag.py:4180} INFO - Setting next_dagrun for airbyte_to_dbt_pipeline_prod to 2026-08-28 16:00:00+00:00, run_after=2026-08-28 17:00:00+00:00
[2026-08-28T17:11:12.886+0000] {processor.py:208} INFO - Processing /opt/airflow/dags/prod/airbyte_to_dbt_prod.py took 0.234 seconds
[2026-08-28T17:11:43.090+0000] {processor.py:186} INFO - Started process (PID=4467) to work on /opt/airflow/dags/prod/airbyte_to_dbt_prod.py
[2026-08-28T17:11:43.091+0000] {processor.py:914} INFO - Processing file /opt/airflow/dags/prod/airbyte_to_dbt_prod.py for tasks to queue
[2026-08-28T17:11:43.096+0000] {logging_mixin.py:190} INFO - [2026-08-28T17:11:43.096+0000] {dagbag.py:588} INFO - Filling up the DagBag from /opt/airflow/dags/prod/airbyte_to_dbt_prod.py
[2026-08-28T17:11:43.135+0000] {processor.py:925} INFO - DAG(s) 'airbyte_to_dbt_pipeline_prod' retrieved from /opt/airflow/dags/prod/airbyte_to_dbt_prod.py
[2026-08-28T17:11:43.209+0000] {logging_mixin.py:190} INFO - [2026-08-28T17:11:43.208+0000] {dag.py:3239} INFO - Sync 1 DAGs
[2026-08-28T17:11:43.251+0000] {logging_mixin.py:190} INFO - [2026-08-28T17:11:43.251+0000] {dag.py:4180} INFO - Setting next_dagrun for airbyte_to_dbt_pipeline_prod to 2026-08-28 16:00:00+00:00, run_after=2026-08-28 17:00:00+00:00
[2026-08-28T17:11:43.276+0000] {processor.py:208} INFO - Processing /opt/airflow/dags/prod/airbyte_to_dbt_prod.py took 0.200 seconds
[2026-08-28T17:12:13.403+0000] {processor.py:186} INFO - Started process (PID=4477) to work on /opt/airflow/dags/prod/airbyte_to_dbt_prod.py
[2026-08-28T17:12:13.404+0000] {processor.py:914} INFO - Processing file /opt/airflow/dags/prod/airbyte_to_dbt_prod.py for tasks to queue
[2026-08-28T17:12:13.409+0000] {logging_mixin.py:190} INFO - [2026-08-28T17:12:13.408+0000] {dagbag.py:588} INFO - Filling up the DagBag from /opt/airflow/dags/prod/airbyte_to_dbt_prod.py
[2026-08-28T17:12:13.441+0000] {processor.py:925} INFO - DAG(s) 'airbyte_to_dbt_pipeline_prod' retrieved from /opt/airflow/dags/prod/airbyte_to_dbt_prod.py
[2026-08-28T17:12:13.487+0000] {logging_mixin.py:190} INFO - [2026-08-28T17:12:13.487+0000] {dag.py:3239} INFO - Sync 1 DAGs
[2026-08-28T17:12:13.519+0000] {logging_mixin.py:190} INFO - [2026-08-28T17:12:13.519+0000] {dag.py:4180} INFO - Setting next_dagrun for airbyte_to_dbt_pipeline_prod to 2026-08-28 16:00:00+00:00, run_after=2026-08-28 17:00:00+00:00
[2026-08-28T17:12:13.545+0000] {processor.py:208} INFO - Processing /opt/airflow/dags/prod/airbyte_to_dbt_prod.py took 0.155 seconds
[2026-08-28T17:12:43.762+0000] {processor.py:186} INFO - Started process (PID=4487) to work on /opt/airflow/dags/prod/airbyte_to_dbt_prod.py
[2026-08-28T17:12:43.763+0000] {processor.py:914} INFO - Processing file /opt/airflow/dags/prod/airbyte_to_dbt_prod.py for tasks to queue
[2026-08-28T17:12:43.769+0000] {logging_mixin.py:190} INFO - [2026-08-28T17:12:43.768+0000] {dagbag.py:588} INFO - Filling up the DagBag from /opt/airflow/dags/prod/airbyte_to_dbt_prod.py
[2026-08-28T17:12:43.799+0000] {processor.py:925} INFO - DAG(s) 'airbyte_to_dbt_pipeline_prod' retrieved from /opt/airflow/dags/prod/airbyte_to_dbt_prod.py
[2026-08-28T17:12:43.853+0000] {logging_mixin.py:190} INFO - [2026-08-28T17:12:43.853+0000] {dag.py:3239} INFO - Sync 1 DAGs
[2026-08-28T17:12:43.893+0000] {logging_mixin.py:190} INFO - [2026-08-28T17:12:43.892+0000] {dag.py:4180} INFO - Setting next_dagrun for airbyte_to_dbt_pipeline_prod to 2026-08-28 16:00:00+00:00, run_after=2026-08-28 17:00:00+00:00
[2026-08-28T17:12:43.921+0000] {processor.py:208} INFO - Processing /opt/airflow/dags/prod/airbyte_to_dbt_prod.py took 0.170 seconds
[2026-08-28T17:13:14.136+0000] {processor.py:186} INFO - Started process (PID=4497) to work on /opt/airflow/dags/prod/airbyte_to_dbt_prod.py
[2026-08-28T17:13:14.138+0000] {processor.py:914} INFO - Processing file /opt/airflow/dags/prod/airbyte_to_dbt_prod.py for tasks to queue
[2026-08-28T17:13:14.144+0000] {logging_mixin.py:190} INFO - [2026-08-28T17:13:14.143+0000] {dagbag.py:588} INFO - Filling up the DagBag from /opt/airflow/dags/prod/airbyte_to_dbt_prod.py
[2026-08-28T17:13:14.181+0000] {processor.py:925} INFO - DAG(s) 'airbyte_to_dbt_pipeline_prod' retrieved from /opt/airflow/dags/prod/airbyte_to_dbt_prod.py
[2026-08-28T17:13:14.236+0000] {logging_mixin.py:190} INFO - [2026-08-28T17:13:14.235+0000] {dag.py:3239} INFO - Sync 1 DAGs
[2026-08-28T17:13:14.269+0000] {logging_mixin.py:190} INFO - [2026-08-28T17:13:14.269+0000] {dag.py:4180} INFO - Setting next_dagrun for airbyte_to_dbt_pipeline_prod to 2026-08-28 16:00:00+00:00, run_after=2026-08-28 17:00:00+00:00
[2026-08-28T17:13:14.290+0000] {processor.py:208} INFO - Processing /opt/airflow/dags/prod/airbyte_to_dbt_prod.py took 0.168 seconds
[2026-08-28T17:13:44.468+0000] {processor.py:186} INFO - Started process (PID=4507) to work on /opt/airflow/dags/prod/airbyte_to_dbt_prod.py
[2026-08-28T17:13:44.470+0000] {processor.py:914} INFO - Processing file /opt/airflow/dags/prod/airbyte_to_dbt_prod.py for tasks to queue
[2026-08-28T17:13:44.474+0000] {logging_mixin.py:190} INFO - [2026-08-28T17:13:44.474+0000] {dagbag.py:588} INFO - Filling up the DagBag from /opt/airflow/dags/prod/airbyte_to_dbt_prod.py
[2026-08-28T17:13:44.503+0000] {processor.py:925} INFO - DAG(s) 'airbyte_to_dbt_pipeline_prod' retrieved from /opt/airflow/dags/prod/airbyte_to_dbt_prod.py
[2026-08-28T17:13:44.568+0000] {logging_mixin.py:190} INFO - [2026-08-28T17:13:44.568+0000] {dag.py:3239} INFO - Sync 1 DAGs
[2026-08-28T17:13:44.601+0000] {logging_mixin.py:190} INFO - [2026-08-28T17:13:44.600+0000] {dag.py:4180} INFO - Setting next_dagrun for airbyte_to_dbt_pipeline_prod to 2026-08-28 16:00:00+00:00, run_after=2026-08-28 17:00:00+00:00
[2026-08-28T17:13:44.625+0000] {processor.py:208} INFO - Processing /opt/airflow/dags/prod/airbyte_to_dbt_prod.py took 0.168 seconds
[2026-08-28T17:14:14.833+0000] {processor.py:186} INFO - Started process (PID=4517) to work on /opt/airflow/dags/prod/airbyte_to_dbt_prod.py
[2026-08-28T17:14:14.834+0000] {processor.py:914} INFO - Processing file /opt/airflow/dags/prod/airbyte_to_dbt_prod.py for tasks to queue
[2026-08-28T17:14:14.838+0000] {logging_mixin.py:190} INFO - [2026-08-28T17:14:14.838+0000] {dagbag.py:588} INFO - Filling up the DagBag from /opt/airflow/dags/prod/airbyte_to_dbt_prod.py
[2026-08-28T17:14:14.868+0000] {processor.py:925} INFO - DAG(s) 'airbyte_to_dbt_pipeline_prod' retrieved from /opt/airflow/dags/prod/airbyte_to_dbt_prod.py
[2026-08-28T17:14:14.909+0000] {logging_mixin.py:190} INFO - [2026-08-28T17:14:14.909+0000] {dag.py:3239} INFO - Sync 1 DAGs
[2026-08-28T17:14:14.938+0000] {logging_mixin.py:190} INFO - [2026-08-28T17:14:14.938+0000] {dag.py:4180} INFO - Setting next_dagrun for airbyte_to_dbt_pipeline_prod to 2026-08-28 16:00:00+00:00, run_after=2026-08-28 17:00:00+00:00
[2026-08-28T17:14:14.963+0000] {processor.py:208} INFO - Processing /opt/airflow/dags/prod/airbyte_to_dbt_prod.py took 0.141 seconds
[2026-08-28T17:14:45.165+0000] {processor.py:186} INFO - Started process (PID=4527) to work on /opt/airflow/dags/prod/airbyte_to_dbt_prod.py
[2026-08-28T17:14:45.166+0000] {processor.py:914} INFO - Processing file /opt/airflow/dags/prod/airbyte_to_dbt_prod.py for tasks to queue
[2026-08-28T17:14:45.172+0000] {logging_mixin.py:190} INFO - [2026-08-28T17:14:45.171+0000] {dagbag.py:588} INFO - Filling up the DagBag from /opt/airflow/dags/prod/airbyte_to_dbt_prod.py
[2026-08-28T17:14:45.210+0000] {processor.py:925} INFO - DAG(s) 'airbyte_to_dbt_pipeline_prod' retrieved from /opt/airflow/dags/prod/airbyte_to_dbt_prod.py
[2026-08-28T17:14:45.278+0000] {logging_mixin.py:190} INFO - [2026-08-28T17:14:45.278+0000] {dag.py:3239} INFO - Sync 1 DAGs
[2026-08-28T17:14:45.320+0000] {logging_mixin.py:190} INFO - [2026-08-28T17:14:45.320+0000] {dag.py:4180} INFO - Setting next_dagrun for airbyte_to_dbt_pipeline_prod to 2026-08-28 16:00:00+00:00, run_after=2026-08-28 17:00:00+00:00
[2026-08-28T17:14:45.343+0000] {processor.py:208} INFO - Processing /opt/airflow/dags/prod/airbyte_to_dbt_prod.py took 0.191 seconds
[2026-08-28T17:15:15.482+0000] {processor.py:186} INFO - Started process (PID=4537) to work on /opt/airflow/dags/prod/airbyte_to_dbt_prod.py
[2026-08-28T17:15:15.483+0000] {processor.py:914} INFO - Processing file /opt/airflow/dags/prod/airbyte_to_dbt_prod.py for tasks to queue
[2026-08-28T17:15:15.489+0000] {logging_mixin.py:190} INFO - [2026-08-28T17:15:15.488+0000] {dagbag.py:588} INFO - Filling up the DagBag from /opt/airflow/dags/prod/airbyte_to_dbt_prod.py
[2026-08-28T17:15:15.518+0000] {processor.py:925} INFO - DAG(s) 'airbyte_to_dbt_pipeline_prod' retrieved from /opt/airflow/dags/prod/airbyte_to_dbt_prod.py
[2026-08-28T17:15:15.580+0000] {logging_mixin.py:190} INFO - [2026-08-28T17:15:15.579+0000] {dag.py:3239} INFO - Sync 1 DAGs
[2026-08-28T17:15:15.629+0000] {logging_mixin.py:190} INFO - [2026-08-28T17:15:15.629+0000] {dag.py:4180} INFO - Setting next_dagrun for airbyte_to_dbt_pipeline_prod to 2026-08-28 16:00:00+00:00, run_after=2026-08-28 17:00:00+00:00
[2026-08-28T17:15:15.653+0000] {processor.py:208} INFO - Processing /opt/airflow/dags/prod/airbyte_to_dbt_prod.py took 0.185 seconds
[2026-08-28T17:15:45.800+0000] {processor.py:186} INFO - Started process (PID=4547) to work on /opt/airflow/dags/prod/airbyte_to_dbt_prod.py
[2026-08-28T17:15:45.801+0000] {processor.py:914} INFO - Processing file /opt/airflow/dags/prod/airbyte_to_dbt_prod.py for tasks to queue
[2026-08-28T17:15:45.805+0000] {logging_mixin.py:190} INFO - [2026-08-28T17:15:45.804+0000] {dagbag.py:588} INFO - Filling up the DagBag from /opt/airflow/dags/prod/airbyte_to_dbt_prod.py
[2026-08-28T17:15:45.834+0000] {processor.py:925} INFO - DAG(s) 'airbyte_to_dbt_pipeline_prod' retrieved from /opt/airflow/dags/prod/airbyte_to_dbt_prod.py
[2026-08-28T17:15:45.900+0000] {logging_mixin.py:190} INFO - [2026-08-28T17:15:45.899+0000] {dag.py:3239} INFO - Sync 1 DAGs
[2026-08-28T17:15:45.939+0000] {logging_mixin.py:190} INFO - [2026-08-28T17:15:45.939+0000] {dag.py:4180} INFO - Setting next_dagrun for airbyte_to_dbt_pipeline_prod to 2026-08-28 16:00:00+00:00, run_after=2026-08-28 17:00:00+00:00
[2026-08-28T17:15:45.964+0000] {processor.py:208} INFO - Processing /opt/airflow/dags/prod/airbyte_to_dbt_prod.py took 0.176 seconds
[2026-08-28T17:16:16.139+0000] {processor.py:186} INFO - Started process (PID=4557) to work on /opt/airflow/dags/prod/airbyte_to_dbt_prod.py
[2026-08-28T17:16:16.141+0000] {processor.py:914} INFO - Processing file /opt/airflow/dags/prod/airbyte_to_dbt_prod.py for tasks to queue
[2026-08-28T17:16:16.145+0000] {logging_mixin.py:190} INFO - [2026-08-28T17:16:16.145+0000] {dagbag.py:588} INFO - Filling up the DagBag from /opt/airflow/dags/prod/airbyte_to_dbt_prod.py
[2026-08-28T17:16:16.175+0000] {processor.py:925} INFO - DAG(s) 'airbyte_to_dbt_pipeline_prod' retrieved from /opt/airflow/dags/prod/airbyte_to_dbt_prod.py
[2026-08-28T17:16:16.221+0000] {logging_mixin.py:190} INFO - [2026-08-28T17:16:16.221+0000] {dag.py:3239} INFO - Sync 1 DAGs
[2026-08-28T17:16:16.250+0000] {logging_mixin.py:190} INFO - [2026-08-28T17:16:16.250+0000] {dag.py:4180} INFO - Setting next_dagrun for airbyte_to_dbt_pipeline_prod to 2026-08-28 16:00:00+00:00, run_after=2026-08-28 17:00:00+00:00
[2026-08-28T17:16:16.282+0000] {processor.py:208} INFO - Processing /opt/airflow/dags/prod/airbyte_to_dbt_prod.py took 0.154 seconds
[2026-08-28T17:16:46.464+0000] {processor.py:186} INFO - Started process (PID=4567) to work on /opt/airflow/dags/prod/airbyte_to_dbt_prod.py
[2026-08-28T17:16:46.465+0000] {processor.py:914} INFO - Processing file /opt/airflow/dags/prod/airbyte_to_dbt_prod.py for tasks to queue
[2026-08-28T17:16:46.471+0000] {logging_mixin.py:190} INFO - [2026-08-28T17:16:46.470+0000] {dagbag.py:588} INFO - Filling up the DagBag from /opt/airflow/dags/prod/airbyte_to_dbt_prod.py
[2026-08-28T17:16:46.518+0000] {processor.py:925} INFO - DAG(s) 'airbyte_to_dbt_pipeline_prod' retrieved from /opt/airflow/dags/prod/airbyte_to_dbt_prod.py
[2026-08-28T17:16:46.589+0000] {logging_mixin.py:190} INFO - [2026-08-28T17:16:46.588+0000] {dag.py:3239} INFO - Sync 1 DAGs
[2026-08-28T17:16:46.628+0000] {logging_mixin.py:190} INFO - [2026-08-28T17:16:46.627+0000] {dag.py:4180} INFO - Setting next_dagrun for airbyte_to_dbt_pipeline_prod to 2026-08-28 16:00:00+00:00, run_after=2026-08-28 17:00:00+00:00
[2026-08-28T17:16:46.651+0000] {processor.py:208} INFO - Processing /opt/airflow/dags/prod/airbyte_to_dbt_prod.py took 0.201 seconds
[2026-08-28T17:17:16.814+0000] {processor.py:186} INFO - Started process (PID=4577) to work on /opt/airflow/dags/prod/airbyte_to_dbt_prod.py
[2026-08-28T17:17:16.815+0000] {processor.py:914} INFO - Processing file /opt/airflow/dags/prod/airbyte_to_dbt_prod.py for tasks to queue
[2026-08-28T17:17:16.821+0000] {logging_mixin.py:190} INFO - [2026-08-28T17:17:16.820+0000] {dagbag.py:588} INFO - Filling up the DagBag from /opt/airflow/dags/prod/airbyte_to_dbt_prod.py
[2026-08-28T17:17:16.857+0000] {processor.py:925} INFO - DAG(s) 'airbyte_to_dbt_pipeline_prod' retrieved from /opt/airflow/dags/prod/airbyte_to_dbt_prod.py
[2026-08-28T17:17:16.923+0000] {logging_mixin.py:190} INFO - [2026-08-28T17:17:16.922+0000] {dag.py:3239} INFO - Sync 1 DAGs
[2026-08-28T17:17:16.970+0000] {logging_mixin.py:190} INFO - [2026-08-28T17:17:16.970+0000] {dag.py:4180} INFO - Setting next_dagrun for airbyte_to_dbt_pipeline_prod to 2026-08-28 16:00:00+00:00, run_after=2026-08-28 17:00:00+00:00
[2026-08-28T17:17:16.998+0000] {processor.py:208} INFO - Processing /opt/airflow/dags/prod/airbyte_to_dbt_prod.py took 0.197 seconds
