[2026-08-26T07:56:58.572+0000] {processor.py:186} INFO - Started process (PID=165) to work on /opt/airflow/dags/prod/airbyte_to_dbt_prod.py
[2026-08-26T07:56:58.573+0000] {processor.py:914} INFO - Processing file /opt/airflow/dags/prod/airbyte_to_dbt_prod.py for tasks to queue
[2026-08-26T07:56:58.576+0000] {logging_mixin.py:190} INFO - [2026-08-26T07:56:58.575+0000] {dagbag.py:588} INFO - Filling up the DagBag from /opt/airflow/dags/prod/airbyte_to_dbt_prod.py
[2026-08-26T07:56:58.683+0000] {processor.py:925} INFO - DAG(s) 'airbyte_to_dbt_pipeline_prod' retrieved from /opt/airflow/dags/prod/airbyte_to_dbt_prod.py
[2026-08-26T07:56:58.804+0000] {logging_mixin.py:190} INFO - [2026-08-26T07:56:58.804+0000] {dag.py:3239} INFO - Sync 1 DAGs
[2026-08-26T07:56:58.921+0000] {logging_mixin.py:190} INFO - [2026-08-26T07:56:58.920+0000] {dag.py:4180} INFO - Setting next_dagrun for airbyte_to_dbt_pipeline_prod to 2026-08-26 06:00:00+00:00, run_after=2026-08-26 07:00:00+00:00
[2026-08-26T07:56:58.953+0000] {processor.py:208} INFO - Processing /opt/airflow/dags/prod/airbyte_to_dbt_prod.py took 0.392 seconds
[2026-08-26T07:57:29.218+0000] {processor.py:186} INFO - Started process (PID=176) to work on /opt/airflow/dags/prod/airbyte_to_dbt_prod.py
[2026-08-26T07:57:29.220+0000] {processor.py:914} INFO - Processing file /opt/airflow/dags/prod/airbyte_to_dbt_prod.py for tasks to queue
[2026-08-26T07:57:29.223+0000] {logging_mixin.py:190} INFO - [2026-08-26T07:57:29.222+0000] {dagbag.py:588} INFO - Filling up the DagBag from /opt/airflow/dags/prod/airbyte_to_dbt_prod.py
[2026-08-26T07:57:29.256+0000] {processor.py:925} INFO - DAG(s) 'airbyte_to_dbt_pipeline_prod' retrieved from /opt/airflow/dags/prod/airbyte_to_dbt_prod.py
[2026-08-26T07:57:29.326+0000] {logging_mixin.py:190} INFO - [2026-08-26T07:57:29.325+0000] {dag.py:3239} INFO - Sync 1 DAGs
[2026-08-26T07:57:29.380+0000] {logging_mixin.py:190} INFO - [2026-08-26T07:57:29.380+0000] {dag.py:4180} INFO - Setting next_dagrun for airbyte_to_dbt_pipeline_prod to 2026-08-26 06:00:00+00:00, run_after=2026-08-26 07:00:00+00:00
[2026-08-26T07:57:29.422+0000] {processor.py:208} INFO - Processing /opt/airflow/dags/prod/airbyte_to_dbt_prod.py took 0.219 seconds
[2026-08-26T07:57:59.732+0000] {processor.py:186} INFO - Started process (PID=186) to work on /opt/airflow/dags/prod/airbyte_to_dbt_prod.py
[2026-08-26T07:57:59.740+0000] {processor.py:914} INFO - Processing file /opt/airflow/dags/prod/airbyte_to_dbt_prod.py for tasks to queue
[2026-08-26T07:57:59.757+0000] {logging_mixin.py:190} INFO - [2026-08-26T07:57:59.751+0000] {dagbag.py:588} INFO - Filling up the DagBag from /opt/airflow/dags/prod/airbyte_to_dbt_prod.py
[2026-08-26T07:57:59.804+0000] {processor.py:925} INFO - DAG(s) 'airbyte_to_dbt_pipeline_prod' retrieved from /opt/airflow/dags/prod/airbyte_to_dbt_prod.py
[2026-08-26T07:57:59.925+0000] {logging_mixin.py:190} INFO - [2026-08-26T07:57:59.924+0000] {dag.py:3239} INFO - Sync 1 DAGs
[2026-08-26T07:57:59.968+0000] {logging_mixin.py:190} INFO - [2026-08-26T07:57:59.967+0000] {dag.py:4180} INFO - Setting next_dagrun for airbyte_to_dbt_pipeline_prod to 2026-08-26 06:00:00+00:00, run_after=2026-08-26 07:00:00+00:00
[2026-08-26T07:58:00.009+0000] {processor.py:208} INFO - Processing /opt/airflow/dags/prod/airbyte_to_dbt_prod.py took 0.310 seconds
[2026-08-26T07:58:30.307+0000] {processor.py:186} INFO - Started process (PID=196) to work on /opt/airflow/dags/prod/airbyte_to_dbt_prod.py
[2026-08-26T07:58:30.308+0000] {processor.py:914} INFO - Processing file /opt/airflow/dags/prod/airbyte_to_dbt_prod.py for tasks to queue
[2026-08-26T07:58:30.312+0000] {logging_mixin.py:190} INFO - [2026-08-26T07:58:30.311+0000] {dagbag.py:588} INFO - Filling up the DagBag from /opt/airflow/dags/prod/airbyte_to_dbt_prod.py
[2026-08-26T07:58:30.342+0000] {processor.py:925} INFO - DAG(s) 'airbyte_to_dbt_pipeline_prod' retrieved from /opt/airflow/dags/prod/airbyte_to_dbt_prod.py
[2026-08-26T07:58:30.398+0000] {logging_mixin.py:190} INFO - [2026-08-26T07:58:30.398+0000] {dag.py:3239} INFO - Sync 1 DAGs
[2026-08-26T07:58:30.441+0000] {logging_mixin.py:190} INFO - [2026-08-26T07:58:30.441+0000] {dag.py:4180} INFO - Setting next_dagrun for airbyte_to_dbt_pipeline_prod to 2026-08-26 06:00:00+00:00, run_after=2026-08-26 07:00:00+00:00
[2026-08-26T07:58:30.473+0000] {processor.py:208} INFO - Processing /opt/airflow/dags/prod/airbyte_to_dbt_prod.py took 0.175 seconds
[2026-08-26T07:59:00.630+0000] {processor.py:186} INFO - Started process (PID=206) to work on /opt/airflow/dags/prod/airbyte_to_dbt_prod.py
[2026-08-26T07:59:00.631+0000] {processor.py:914} INFO - Processing file /opt/airflow/dags/prod/airbyte_to_dbt_prod.py for tasks to queue
[2026-08-26T07:59:00.633+0000] {logging_mixin.py:190} INFO - [2026-08-26T07:59:00.633+0000] {dagbag.py:588} INFO - Filling up the DagBag from /opt/airflow/dags/prod/airbyte_to_dbt_prod.py
[2026-08-26T07:59:00.653+0000] {processor.py:925} INFO - DAG(s) 'airbyte_to_dbt_pipeline_prod' retrieved from /opt/airflow/dags/prod/airbyte_to_dbt_prod.py
[2026-08-26T07:59:00.691+0000] {logging_mixin.py:190} INFO - [2026-08-26T07:59:00.691+0000] {dag.py:3239} INFO - Sync 1 DAGs
[2026-08-26T07:59:00.718+0000] {logging_mixin.py:190} INFO - [2026-08-26T07:59:00.718+0000] {dag.py:4180} INFO - Setting next_dagrun for airbyte_to_dbt_pipeline_prod to 2026-08-26 06:00:00+00:00, run_after=2026-08-26 07:00:00+00:00
[2026-08-26T07:59:00.742+0000] {processor.py:208} INFO - Processing /opt/airflow/dags/prod/airbyte_to_dbt_prod.py took 0.120 seconds
[2026-08-26T07:59:30.911+0000] {processor.py:186} INFO - Started process (PID=216) to work on /opt/airflow/dags/prod/airbyte_to_dbt_prod.py
[2026-08-26T07:59:30.912+0000] {processor.py:914} INFO - Processing file /opt/airflow/dags/prod/airbyte_to_dbt_prod.py for tasks to queue
[2026-08-26T07:59:30.914+0000] {logging_mixin.py:190} INFO - [2026-08-26T07:59:30.914+0000] {dagbag.py:588} INFO - Filling up the DagBag from /opt/airflow/dags/prod/airbyte_to_dbt_prod.py
[2026-08-26T07:59:30.933+0000] {processor.py:925} INFO - DAG(s) 'airbyte_to_dbt_pipeline_prod' retrieved from /opt/airflow/dags/prod/airbyte_to_dbt_prod.py
[2026-08-26T07:59:30.978+0000] {logging_mixin.py:190} INFO - [2026-08-26T07:59:30.977+0000] {dag.py:3239} INFO - Sync 1 DAGs
[2026-08-26T07:59:31.014+0000] {logging_mixin.py:190} INFO - [2026-08-26T07:59:31.014+0000] {dag.py:4180} INFO - Setting next_dagrun for airbyte_to_dbt_pipeline_prod to 2026-08-26 06:00:00+00:00, run_after=2026-08-26 07:00:00+00:00
[2026-08-26T07:59:31.037+0000] {processor.py:208} INFO - Processing /opt/airflow/dags/prod/airbyte_to_dbt_prod.py took 0.134 seconds
[2026-08-26T08:00:01.200+0000] {processor.py:186} INFO - Started process (PID=226) to work on /opt/airflow/dags/prod/airbyte_to_dbt_prod.py
[2026-08-26T08:00:01.201+0000] {processor.py:914} INFO - Processing file /opt/airflow/dags/prod/airbyte_to_dbt_prod.py for tasks to queue
[2026-08-26T08:00:01.203+0000] {logging_mixin.py:190} INFO - [2026-08-26T08:00:01.203+0000] {dagbag.py:588} INFO - Filling up the DagBag from /opt/airflow/dags/prod/airbyte_to_dbt_prod.py
[2026-08-26T08:00:01.222+0000] {processor.py:925} INFO - DAG(s) 'airbyte_to_dbt_pipeline_prod' retrieved from /opt/airflow/dags/prod/airbyte_to_dbt_prod.py
[2026-08-26T08:00:01.273+0000] {logging_mixin.py:190} INFO - [2026-08-26T08:00:01.272+0000] {dag.py:3239} INFO - Sync 1 DAGs
[2026-08-26T08:00:01.305+0000] {logging_mixin.py:190} INFO - [2026-08-26T08:00:01.305+0000] {dag.py:4180} INFO - Setting next_dagrun for airbyte_to_dbt_pipeline_prod to 2026-08-26 07:00:00+00:00, run_after=2026-08-26 08:00:00+00:00
[2026-08-26T08:00:01.330+0000] {processor.py:208} INFO - Processing /opt/airflow/dags/prod/airbyte_to_dbt_prod.py took 0.137 seconds
[2026-08-26T08:00:31.490+0000] {processor.py:186} INFO - Started process (PID=236) to work on /opt/airflow/dags/prod/airbyte_to_dbt_prod.py
[2026-08-26T08:00:31.490+0000] {processor.py:914} INFO - Processing file /opt/airflow/dags/prod/airbyte_to_dbt_prod.py for tasks to queue
[2026-08-26T08:00:31.492+0000] {logging_mixin.py:190} INFO - [2026-08-26T08:00:31.492+0000] {dagbag.py:588} INFO - Filling up the DagBag from /opt/airflow/dags/prod/airbyte_to_dbt_prod.py
[2026-08-26T08:00:31.511+0000] {processor.py:925} INFO - DAG(s) 'airbyte_to_dbt_pipeline_prod' retrieved from /opt/airflow/dags/prod/airbyte_to_dbt_prod.py
[2026-08-26T08:00:31.561+0000] {logging_mixin.py:190} INFO - [2026-08-26T08:00:31.561+0000] {dag.py:3239} INFO - Sync 1 DAGs
[2026-08-26T08:00:31.592+0000] {logging_mixin.py:190} INFO - [2026-08-26T08:00:31.591+0000] {dag.py:4180} INFO - Setting next_dagrun for airbyte_to_dbt_pipeline_prod to 2026-08-26 07:00:00+00:00, run_after=2026-08-26 08:00:00+00:00
[2026-08-26T08:00:31.614+0000] {processor.py:208} INFO - Processing /opt/airflow/dags/prod/airbyte_to_dbt_prod.py took 0.133 seconds
[2026-08-26T08:01:01.784+0000] {processor.py:186} INFO - Started process (PID=246) to work on /opt/airflow/dags/prod/airbyte_to_dbt_prod.py
[2026-08-26T08:01:01.785+0000] {processor.py:914} INFO - Processing file /opt/airflow/dags/prod/airbyte_to_dbt_prod.py for tasks to queue
[2026-08-26T08:01:01.787+0000] {logging_mixin.py:190} INFO - [2026-08-26T08:01:01.787+0000] {dagbag.py:588} INFO - Filling up the DagBag from /opt/airflow/dags/prod/airbyte_to_dbt_prod.py
[2026-08-26T08:01:01.809+0000] {processor.py:925} INFO - DAG(s) 'airbyte_to_dbt_pipeline_prod' retrieved from /opt/airflow/dags/prod/airbyte_to_dbt_prod.py
[2026-08-26T08:01:01.858+0000] {logging_mixin.py:190} INFO - [2026-08-26T08:01:01.858+0000] {dag.py:3239} INFO - Sync 1 DAGs
[2026-08-26T08:01:01.894+0000] {logging_mixin.py:190} INFO - [2026-08-26T08:01:01.894+0000] {dag.py:4180} INFO - Setting next_dagrun for airbyte_to_dbt_pipeline_prod to 2026-08-26 07:00:00+00:00, run_after=2026-08-26 08:00:00+00:00
[2026-08-26T08:01:01.917+0000] {processor.py:208} INFO - Processing /opt/airflow/dags/prod/airbyte_to_dbt_prod.py took 0.141 seconds
[2026-08-26T08:01:32.069+0000] {processor.py:186} INFO - Started process (PID=256) to work on /opt/airflow/dags/prod/airbyte_to_dbt_prod.py
[2026-08-26T08:01:32.070+0000] {processor.py:914} INFO - Processing file /opt/airflow/dags/prod/airbyte_to_dbt_prod.py for tasks to queue
[2026-08-26T08:01:32.072+0000] {logging_mixin.py:190} INFO - [2026-08-26T08:01:32.072+0000] {dagbag.py:588} INFO - Filling up the DagBag from /opt/airflow/dags/prod/airbyte_to_dbt_prod.py
[2026-08-26T08:01:32.091+0000] {processor.py:925} INFO - DAG(s) 'airbyte_to_dbt_pipeline_prod' retrieved from /opt/airflow/dags/prod/airbyte_to_dbt_prod.py
[2026-08-26T08:01:32.137+0000] {logging_mixin.py:190} INFO - [2026-08-26T08:01:32.137+0000] {dag.py:3239} INFO - Sync 1 DAGs
[2026-08-26T08:01:32.171+0000] {logging_mixin.py:190} INFO - [2026-08-26T08:01:32.171+0000] {dag.py:4180} INFO - Setting next_dagrun for airbyte_to_dbt_pipeline_prod to 2026-08-26 07:00:00+00:00, run_after=2026-08-26 08:00:00+00:00
[2026-08-26T08:01:32.195+0000] {processor.py:208} INFO - Processing /opt/airflow/dags/prod/airbyte_to_dbt_prod.py took 0.134 seconds
[2026-08-26T08:02:02.368+0000] {processor.py:186} INFO - Started process (PID=266) to work on /opt/airflow/dags/prod/airbyte_to_dbt_prod.py
[2026-08-26T08:02:02.369+0000] {processor.py:914} INFO - Processing file /opt/airflow/dags/prod/airbyte_to_dbt_prod.py for tasks to queue
[2026-08-26T08:02:02.372+0000] {logging_mixin.py:190} INFO - [2026-08-26T08:02:02.372+0000] {dagbag.py:588} INFO - Filling up the DagBag from /opt/airflow/dags/prod/airbyte_to_dbt_prod.py
[2026-08-26T08:02:02.395+0000] {processor.py:925} INFO - DAG(s) 'airbyte_to_dbt_pipeline_prod' retrieved from /opt/airflow/dags/prod/airbyte_to_dbt_prod.py
[2026-08-26T08:02:02.436+0000] {logging_mixin.py:190} INFO - [2026-08-26T08:02:02.436+0000] {dag.py:3239} INFO - Sync 1 DAGs
[2026-08-26T08:02:02.465+0000] {logging_mixin.py:190} INFO - [2026-08-26T08:02:02.464+0000] {dag.py:4180} INFO - Setting next_dagrun for airbyte_to_dbt_pipeline_prod to 2026-08-26 07:00:00+00:00, run_after=2026-08-26 08:00:00+00:00
[2026-08-26T08:02:02.487+0000] {processor.py:208} INFO - Processing /opt/airflow/dags/prod/airbyte_to_dbt_prod.py took 0.127 seconds
[2026-08-26T08:02:32.640+0000] {processor.py:186} INFO - Started process (PID=276) to work on /opt/airflow/dags/prod/airbyte_to_dbt_prod.py
[2026-08-26T08:02:32.641+0000] {processor.py:914} INFO - Processing file /opt/airflow/dags/prod/airbyte_to_dbt_prod.py for tasks to queue
[2026-08-26T08:02:32.644+0000] {logging_mixin.py:190} INFO - [2026-08-26T08:02:32.643+0000] {dagbag.py:588} INFO - Filling up the DagBag from /opt/airflow/dags/prod/airbyte_to_dbt_prod.py
[2026-08-26T08:02:32.663+0000] {processor.py:925} INFO - DAG(s) 'airbyte_to_dbt_pipeline_prod' retrieved from /opt/airflow/dags/prod/airbyte_to_dbt_prod.py
[2026-08-26T08:02:32.700+0000] {logging_mixin.py:190} INFO - [2026-08-26T08:02:32.700+0000] {dag.py:3239} INFO - Sync 1 DAGs
[2026-08-26T08:02:32.725+0000] {logging_mixin.py:190} INFO - [2026-08-26T08:02:32.725+0000] {dag.py:4180} INFO - Setting next_dagrun for airbyte_to_dbt_pipeline_prod to 2026-08-26 07:00:00+00:00, run_after=2026-08-26 08:00:00+00:00
[2026-08-26T08:02:32.749+0000] {processor.py:208} INFO - Processing /opt/airflow/dags/prod/airbyte_to_dbt_prod.py took 0.115 seconds
[2026-08-26T08:03:02.902+0000] {processor.py:186} INFO - Started process (PID=286) to work on /opt/airflow/dags/prod/airbyte_to_dbt_prod.py
[2026-08-26T08:03:02.903+0000] {processor.py:914} INFO - Processing file /opt/airflow/dags/prod/airbyte_to_dbt_prod.py for tasks to queue
[2026-08-26T08:03:02.905+0000] {logging_mixin.py:190} INFO - [2026-08-26T08:03:02.905+0000] {dagbag.py:588} INFO - Filling up the DagBag from /opt/airflow/dags/prod/airbyte_to_dbt_prod.py
[2026-08-26T08:03:02.922+0000] {processor.py:925} INFO - DAG(s) 'airbyte_to_dbt_pipeline_prod' retrieved from /opt/airflow/dags/prod/airbyte_to_dbt_prod.py
[2026-08-26T08:03:02.963+0000] {logging_mixin.py:190} INFO - [2026-08-26T08:03:02.963+0000] {dag.py:3239} INFO - Sync 1 DAGs
[2026-08-26T08:03:02.997+0000] {logging_mixin.py:190} INFO - [2026-08-26T08:03:02.996+0000] {dag.py:4180} INFO - Setting next_dagrun for airbyte_to_dbt_pipeline_prod to 2026-08-26 07:00:00+00:00, run_after=2026-08-26 08:00:00+00:00
[2026-08-26T08:03:03.021+0000] {processor.py:208} INFO - Processing /opt/airflow/dags/prod/airbyte_to_dbt_prod.py took 0.128 seconds
[2026-08-26T08:03:33.171+0000] {processor.py:186} INFO - Started process (PID=296) to work on /opt/airflow/dags/prod/airbyte_to_dbt_prod.py
[2026-08-26T08:03:33.171+0000] {processor.py:914} INFO - Processing file /opt/airflow/dags/prod/airbyte_to_dbt_prod.py for tasks to queue
[2026-08-26T08:03:33.175+0000] {logging_mixin.py:190} INFO - [2026-08-26T08:03:33.174+0000] {dagbag.py:588} INFO - Filling up the DagBag from /opt/airflow/dags/prod/airbyte_to_dbt_prod.py
[2026-08-26T08:03:33.193+0000] {processor.py:925} INFO - DAG(s) 'airbyte_to_dbt_pipeline_prod' retrieved from /opt/airflow/dags/prod/airbyte_to_dbt_prod.py
[2026-08-26T08:03:33.254+0000] {logging_mixin.py:190} INFO - [2026-08-26T08:03:33.254+0000] {dag.py:3239} INFO - Sync 1 DAGs
[2026-08-26T08:03:33.300+0000] {logging_mixin.py:190} INFO - [2026-08-26T08:03:33.299+0000] {dag.py:4180} INFO - Setting next_dagrun for airbyte_to_dbt_pipeline_prod to 2026-08-26 07:00:00+00:00, run_after=2026-08-26 08:00:00+00:00
[2026-08-26T08:03:33.327+0000] {processor.py:208} INFO - Processing /opt/airflow/dags/prod/airbyte_to_dbt_prod.py took 0.165 seconds
[2026-08-26T08:04:05.099+0000] {processor.py:186} INFO - Started process (PID=304) to work on /opt/airflow/dags/prod/airbyte_to_dbt_prod.py
[2026-08-26T08:04:05.145+0000] {processor.py:914} INFO - Processing file /opt/airflow/dags/prod/airbyte_to_dbt_prod.py for tasks to queue
[2026-08-26T08:04:05.897+0000] {logging_mixin.py:190} INFO - [2026-08-26T08:04:05.815+0000] {dagbag.py:588} INFO - Filling up the DagBag from /opt/airflow/dags/prod/airbyte_to_dbt_prod.py
[2026-08-26T08:04:07.826+0000] {processor.py:925} INFO - DAG(s) 'airbyte_to_dbt_pipeline_prod' retrieved from /opt/airflow/dags/prod/airbyte_to_dbt_prod.py
[2026-08-26T08:04:09.306+0000] {logging_mixin.py:190} INFO - [2026-08-26T08:04:09.306+0000] {dag.py:3239} INFO - Sync 1 DAGs
[2026-08-26T08:04:09.893+0000] {logging_mixin.py:190} INFO - [2026-08-26T08:04:09.888+0000] {dag.py:4180} INFO - Setting next_dagrun for airbyte_to_dbt_pipeline_prod to 2026-08-26 07:00:00+00:00, run_after=2026-08-26 08:00:00+00:00
[2026-08-26T08:04:09.951+0000] {processor.py:208} INFO - Processing /opt/airflow/dags/prod/airbyte_to_dbt_prod.py took 6.058 seconds
[2026-08-26T08:04:40.261+0000] {processor.py:186} INFO - Started process (PID=314) to work on /opt/airflow/dags/prod/airbyte_to_dbt_prod.py
[2026-08-26T08:04:40.263+0000] {processor.py:914} INFO - Processing file /opt/airflow/dags/prod/airbyte_to_dbt_prod.py for tasks to queue
[2026-08-26T08:04:40.300+0000] {logging_mixin.py:190} INFO - [2026-08-26T08:04:40.290+0000] {dagbag.py:588} INFO - Filling up the DagBag from /opt/airflow/dags/prod/airbyte_to_dbt_prod.py
[2026-08-26T08:04:40.346+0000] {processor.py:925} INFO - DAG(s) 'airbyte_to_dbt_pipeline_prod' retrieved from /opt/airflow/dags/prod/airbyte_to_dbt_prod.py
[2026-08-26T08:04:40.429+0000] {logging_mixin.py:190} INFO - [2026-08-26T08:04:40.429+0000] {dag.py:3239} INFO - Sync 1 DAGs
[2026-08-26T08:04:40.488+0000] {logging_mixin.py:190} INFO - [2026-08-26T08:04:40.488+0000] {dag.py:4180} INFO - Setting next_dagrun for airbyte_to_dbt_pipeline_prod to 2026-08-26 07:00:00+00:00, run_after=2026-08-26 08:00:00+00:00
[2026-08-26T08:04:40.526+0000] {processor.py:208} INFO - Processing /opt/airflow/dags/prod/airbyte_to_dbt_prod.py took 0.300 seconds
[2026-08-26T08:05:10.709+0000] {processor.py:186} INFO - Started process (PID=326) to work on /opt/airflow/dags/prod/airbyte_to_dbt_prod.py
[2026-08-26T08:05:10.710+0000] {processor.py:914} INFO - Processing file /opt/airflow/dags/prod/airbyte_to_dbt_prod.py for tasks to queue
[2026-08-26T08:05:10.714+0000] {logging_mixin.py:190} INFO - [2026-08-26T08:05:10.713+0000] {dagbag.py:588} INFO - Filling up the DagBag from /opt/airflow/dags/prod/airbyte_to_dbt_prod.py
[2026-08-26T08:05:10.746+0000] {processor.py:925} INFO - DAG(s) 'airbyte_to_dbt_pipeline_prod' retrieved from /opt/airflow/dags/prod/airbyte_to_dbt_prod.py
[2026-08-26T08:05:10.803+0000] {logging_mixin.py:190} INFO - [2026-08-26T08:05:10.803+0000] {dag.py:3239} INFO - Sync 1 DAGs
[2026-08-26T08:05:10.844+0000] {logging_mixin.py:190} INFO - [2026-08-26T08:05:10.843+0000] {dag.py:4180} INFO - Setting next_dagrun for airbyte_to_dbt_pipeline_prod to 2026-08-26 07:00:00+00:00, run_after=2026-08-26 08:00:00+00:00
[2026-08-26T08:05:10.873+0000] {processor.py:208} INFO - Processing /opt/airflow/dags/prod/airbyte_to_dbt_prod.py took 0.175 seconds
[2026-08-26T08:05:41.035+0000] {processor.py:186} INFO - Started process (PID=336) to work on /opt/airflow/dags/prod/airbyte_to_dbt_prod.py
[2026-08-26T08:05:41.035+0000] {processor.py:914} INFO - Processing file /opt/airflow/dags/prod/airbyte_to_dbt_prod.py for tasks to queue
[2026-08-26T08:05:41.038+0000] {logging_mixin.py:190} INFO - [2026-08-26T08:05:41.038+0000] {dagbag.py:588} INFO - Filling up the DagBag from /opt/airflow/dags/prod/airbyte_to_dbt_prod.py
[2026-08-26T08:05:41.065+0000] {processor.py:925} INFO - DAG(s) 'airbyte_to_dbt_pipeline_prod' retrieved from /opt/airflow/dags/prod/airbyte_to_dbt_prod.py
[2026-08-26T08:05:41.103+0000] {logging_mixin.py:190} INFO - [2026-08-26T08:05:41.103+0000] {dag.py:3239} INFO - Sync 1 DAGs
[2026-08-26T08:05:41.134+0000] {logging_mixin.py:190} INFO - [2026-08-26T08:05:41.134+0000] {dag.py:4180} INFO - Setting next_dagrun for airbyte_to_dbt_pipeline_prod to 2026-08-26 07:00:00+00:00, run_after=2026-08-26 08:00:00+00:00
[2026-08-26T08:05:41.158+0000] {processor.py:208} INFO - Processing /opt/airflow/dags/prod/airbyte_to_dbt_prod.py took 0.132 seconds
[2026-08-26T08:06:11.321+0000] {processor.py:186} INFO - Started process (PID=346) to work on /opt/airflow/dags/prod/airbyte_to_dbt_prod.py
[2026-08-26T08:06:11.322+0000] {processor.py:914} INFO - Processing file /opt/airflow/dags/prod/airbyte_to_dbt_prod.py for tasks to queue
[2026-08-26T08:06:11.325+0000] {logging_mixin.py:190} INFO - [2026-08-26T08:06:11.324+0000] {dagbag.py:588} INFO - Filling up the DagBag from /opt/airflow/dags/prod/airbyte_to_dbt_prod.py
[2026-08-26T08:06:11.347+0000] {processor.py:925} INFO - DAG(s) 'airbyte_to_dbt_pipeline_prod' retrieved from /opt/airflow/dags/prod/airbyte_to_dbt_prod.py
[2026-08-26T08:06:11.386+0000] {logging_mixin.py:190} INFO - [2026-08-26T08:06:11.386+0000] {dag.py:3239} INFO - Sync 1 DAGs
[2026-08-26T08:06:11.417+0000] {logging_mixin.py:190} INFO - [2026-08-26T08:06:11.417+0000] {dag.py:4180} INFO - Setting next_dagrun for airbyte_to_dbt_pipeline_prod to 2026-08-26 07:00:00+00:00, run_after=2026-08-26 08:00:00+00:00
[2026-08-26T08:06:11.441+0000] {processor.py:208} INFO - Processing /opt/airflow/dags/prod/airbyte_to_dbt_prod.py took 0.129 seconds
[2026-08-26T08:06:41.612+0000] {processor.py:186} INFO - Started process (PID=356) to work on /opt/airflow/dags/prod/airbyte_to_dbt_prod.py
[2026-08-26T08:06:41.613+0000] {processor.py:914} INFO - Processing file /opt/airflow/dags/prod/airbyte_to_dbt_prod.py for tasks to queue
[2026-08-26T08:06:41.616+0000] {logging_mixin.py:190} INFO - [2026-08-26T08:06:41.616+0000] {dagbag.py:588} INFO - Filling up the DagBag from /opt/airflow/dags/prod/airbyte_to_dbt_prod.py
[2026-08-26T08:06:41.638+0000] {processor.py:925} INFO - DAG(s) 'airbyte_to_dbt_pipeline_prod' retrieved from /opt/airflow/dags/prod/airbyte_to_dbt_prod.py
[2026-08-26T08:06:41.680+0000] {logging_mixin.py:190} INFO - [2026-08-26T08:06:41.680+0000] {dag.py:3239} INFO - Sync 1 DAGs
[2026-08-26T08:06:41.715+0000] {logging_mixin.py:190} INFO - [2026-08-26T08:06:41.715+0000] {dag.py:4180} INFO - Setting next_dagrun for airbyte_to_dbt_pipeline_prod to 2026-08-26 07:00:00+00:00, run_after=2026-08-26 08:00:00+00:00
[2026-08-26T08:06:41.740+0000] {processor.py:208} INFO - Processing /opt/airflow/dags/prod/airbyte_to_dbt_prod.py took 0.136 seconds
[2026-08-26T08:07:11.938+0000] {processor.py:186} INFO - Started process (PID=366) to work on /opt/airflow/dags/prod/airbyte_to_dbt_prod.py
[2026-08-26T08:07:11.939+0000] {processor.py:914} INFO - Processing file /opt/airflow/dags/prod/airbyte_to_dbt_prod.py for tasks to queue
[2026-08-26T08:07:11.943+0000] {logging_mixin.py:190} INFO - [2026-08-26T08:07:11.942+0000] {dagbag.py:588} INFO - Filling up the DagBag from /opt/airflow/dags/prod/airbyte_to_dbt_prod.py
[2026-08-26T08:07:11.964+0000] {processor.py:925} INFO - DAG(s) 'airbyte_to_dbt_pipeline_prod' retrieved from /opt/airflow/dags/prod/airbyte_to_dbt_prod.py
[2026-08-26T08:07:12.013+0000] {logging_mixin.py:190} INFO - [2026-08-26T08:07:12.013+0000] {dag.py:3239} INFO - Sync 1 DAGs
[2026-08-26T08:07:12.051+0000] {logging_mixin.py:190} INFO - [2026-08-26T08:07:12.051+0000] {dag.py:4180} INFO - Setting next_dagrun for airbyte_to_dbt_pipeline_prod to 2026-08-26 07:00:00+00:00, run_after=2026-08-26 08:00:00+00:00
[2026-08-26T08:07:12.076+0000] {processor.py:208} INFO - Processing /opt/airflow/dags/prod/airbyte_to_dbt_prod.py took 0.145 seconds
[2026-08-26T08:07:42.243+0000] {processor.py:186} INFO - Started process (PID=376) to work on /opt/airflow/dags/prod/airbyte_to_dbt_prod.py
[2026-08-26T08:07:42.245+0000] {processor.py:914} INFO - Processing file /opt/airflow/dags/prod/airbyte_to_dbt_prod.py for tasks to queue
[2026-08-26T08:07:42.248+0000] {logging_mixin.py:190} INFO - [2026-08-26T08:07:42.248+0000] {dagbag.py:588} INFO - Filling up the DagBag from /opt/airflow/dags/prod/airbyte_to_dbt_prod.py
[2026-08-26T08:07:42.272+0000] {processor.py:925} INFO - DAG(s) 'airbyte_to_dbt_pipeline_prod' retrieved from /opt/airflow/dags/prod/airbyte_to_dbt_prod.py
[2026-08-26T08:07:42.325+0000] {logging_mixin.py:190} INFO - [2026-08-26T08:07:42.325+0000] {dag.py:3239} INFO - Sync 1 DAGs
[2026-08-26T08:07:42.354+0000] {logging_mixin.py:190} INFO - [2026-08-26T08:07:42.354+0000] {dag.py:4180} INFO - Setting next_dagrun for airbyte_to_dbt_pipeline_prod to 2026-08-26 07:00:00+00:00, run_after=2026-08-26 08:00:00+00:00
[2026-08-26T08:07:42.378+0000] {processor.py:208} INFO - Processing /opt/airflow/dags/prod/airbyte_to_dbt_prod.py took 0.146 seconds
[2026-08-26T08:08:12.535+0000] {processor.py:186} INFO - Started process (PID=386) to work on /opt/airflow/dags/prod/airbyte_to_dbt_prod.py
[2026-08-26T08:08:12.538+0000] {processor.py:914} INFO - Processing file /opt/airflow/dags/prod/airbyte_to_dbt_prod.py for tasks to queue
[2026-08-26T08:08:12.541+0000] {logging_mixin.py:190} INFO - [2026-08-26T08:08:12.540+0000] {dagbag.py:588} INFO - Filling up the DagBag from /opt/airflow/dags/prod/airbyte_to_dbt_prod.py
[2026-08-26T08:08:12.563+0000] {processor.py:925} INFO - DAG(s) 'airbyte_to_dbt_pipeline_prod' retrieved from /opt/airflow/dags/prod/airbyte_to_dbt_prod.py
[2026-08-26T08:08:12.609+0000] {logging_mixin.py:190} INFO - [2026-08-26T08:08:12.609+0000] {dag.py:3239} INFO - Sync 1 DAGs
[2026-08-26T08:08:12.640+0000] {logging_mixin.py:190} INFO - [2026-08-26T08:08:12.640+0000] {dag.py:4180} INFO - Setting next_dagrun for airbyte_to_dbt_pipeline_prod to 2026-08-26 07:00:00+00:00, run_after=2026-08-26 08:00:00+00:00
[2026-08-26T08:08:12.663+0000] {processor.py:208} INFO - Processing /opt/airflow/dags/prod/airbyte_to_dbt_prod.py took 0.137 seconds
[2026-08-26T08:08:42.816+0000] {processor.py:186} INFO - Started process (PID=396) to work on /opt/airflow/dags/prod/airbyte_to_dbt_prod.py
[2026-08-26T08:08:42.817+0000] {processor.py:914} INFO - Processing file /opt/airflow/dags/prod/airbyte_to_dbt_prod.py for tasks to queue
[2026-08-26T08:08:42.820+0000] {logging_mixin.py:190} INFO - [2026-08-26T08:08:42.820+0000] {dagbag.py:588} INFO - Filling up the DagBag from /opt/airflow/dags/prod/airbyte_to_dbt_prod.py
[2026-08-26T08:08:42.842+0000] {processor.py:925} INFO - DAG(s) 'airbyte_to_dbt_pipeline_prod' retrieved from /opt/airflow/dags/prod/airbyte_to_dbt_prod.py
[2026-08-26T08:08:43.775+0000] {logging_mixin.py:190} INFO - [2026-08-26T08:08:43.774+0000] {dag.py:3239} INFO - Sync 1 DAGs
[2026-08-26T08:08:43.803+0000] {logging_mixin.py:190} INFO - [2026-08-26T08:08:43.803+0000] {dag.py:4180} INFO - Setting next_dagrun for airbyte_to_dbt_pipeline_prod to 2026-08-26 07:00:00+00:00, run_after=2026-08-26 08:00:00+00:00
[2026-08-26T08:08:43.828+0000] {processor.py:208} INFO - Processing /opt/airflow/dags/prod/airbyte_to_dbt_prod.py took 1.019 seconds
[2026-08-26T08:09:13.998+0000] {processor.py:186} INFO - Started process (PID=406) to work on /opt/airflow/dags/prod/airbyte_to_dbt_prod.py
[2026-08-26T08:09:13.999+0000] {processor.py:914} INFO - Processing file /opt/airflow/dags/prod/airbyte_to_dbt_prod.py for tasks to queue
[2026-08-26T08:09:14.002+0000] {logging_mixin.py:190} INFO - [2026-08-26T08:09:14.002+0000] {dagbag.py:588} INFO - Filling up the DagBag from /opt/airflow/dags/prod/airbyte_to_dbt_prod.py
[2026-08-26T08:09:14.024+0000] {processor.py:925} INFO - DAG(s) 'airbyte_to_dbt_pipeline_prod' retrieved from /opt/airflow/dags/prod/airbyte_to_dbt_prod.py
[2026-08-26T08:09:14.082+0000] {logging_mixin.py:190} INFO - [2026-08-26T08:09:14.082+0000] {dag.py:3239} INFO - Sync 1 DAGs
[2026-08-26T08:09:14.119+0000] {logging_mixin.py:190} INFO - [2026-08-26T08:09:14.119+0000] {dag.py:4180} INFO - Setting next_dagrun for airbyte_to_dbt_pipeline_prod to 2026-08-26 07:00:00+00:00, run_after=2026-08-26 08:00:00+00:00
[2026-08-26T08:09:14.145+0000] {processor.py:208} INFO - Processing /opt/airflow/dags/prod/airbyte_to_dbt_prod.py took 0.158 seconds
[2026-08-26T08:09:44.306+0000] {processor.py:186} INFO - Started process (PID=416) to work on /opt/airflow/dags/prod/airbyte_to_dbt_prod.py
[2026-08-26T08:09:44.308+0000] {processor.py:914} INFO - Processing file /opt/airflow/dags/prod/airbyte_to_dbt_prod.py for tasks to queue
[2026-08-26T08:09:44.312+0000] {logging_mixin.py:190} INFO - [2026-08-26T08:09:44.311+0000] {dagbag.py:588} INFO - Filling up the DagBag from /opt/airflow/dags/prod/airbyte_to_dbt_prod.py
[2026-08-26T08:09:44.356+0000] {processor.py:925} INFO - DAG(s) 'airbyte_to_dbt_pipeline_prod' retrieved from /opt/airflow/dags/prod/airbyte_to_dbt_prod.py
[2026-08-26T08:09:44.392+0000] {logging_mixin.py:190} INFO - [2026-08-26T08:09:44.392+0000] {dag.py:3239} INFO - Sync 1 DAGs
[2026-08-26T08:09:44.424+0000] {logging_mixin.py:190} INFO - [2026-08-26T08:09:44.424+0000] {dag.py:4180} INFO - Setting next_dagrun for airbyte_to_dbt_pipeline_prod to 2026-08-26 07:00:00+00:00, run_after=2026-08-26 08:00:00+00:00
[2026-08-26T08:09:44.455+0000] {processor.py:208} INFO - Processing /opt/airflow/dags/prod/airbyte_to_dbt_prod.py took 0.163 seconds
[2026-08-26T08:10:14.632+0000] {processor.py:186} INFO - Started process (PID=426) to work on /opt/airflow/dags/prod/airbyte_to_dbt_prod.py
[2026-08-26T08:10:14.633+0000] {processor.py:914} INFO - Processing file /opt/airflow/dags/prod/airbyte_to_dbt_prod.py for tasks to queue
[2026-08-26T08:10:14.636+0000] {logging_mixin.py:190} INFO - [2026-08-26T08:10:14.636+0000] {dagbag.py:588} INFO - Filling up the DagBag from /opt/airflow/dags/prod/airbyte_to_dbt_prod.py
[2026-08-26T08:10:14.673+0000] {processor.py:925} INFO - DAG(s) 'airbyte_to_dbt_pipeline_prod' retrieved from /opt/airflow/dags/prod/airbyte_to_dbt_prod.py
[2026-08-26T08:10:14.712+0000] {logging_mixin.py:190} INFO - [2026-08-26T08:10:14.711+0000] {dag.py:3239} INFO - Sync 1 DAGs
[2026-08-26T08:10:14.740+0000] {logging_mixin.py:190} INFO - [2026-08-26T08:10:14.739+0000] {dag.py:4180} INFO - Setting next_dagrun for airbyte_to_dbt_pipeline_prod to 2026-08-26 07:00:00+00:00, run_after=2026-08-26 08:00:00+00:00
[2026-08-26T08:10:14.763+0000] {processor.py:208} INFO - Processing /opt/airflow/dags/prod/airbyte_to_dbt_prod.py took 0.138 seconds
[2026-08-26T08:10:44.949+0000] {processor.py:186} INFO - Started process (PID=436) to work on /opt/airflow/dags/prod/airbyte_to_dbt_prod.py
[2026-08-26T08:10:44.950+0000] {processor.py:914} INFO - Processing file /opt/airflow/dags/prod/airbyte_to_dbt_prod.py for tasks to queue
[2026-08-26T08:10:44.953+0000] {logging_mixin.py:190} INFO - [2026-08-26T08:10:44.953+0000] {dagbag.py:588} INFO - Filling up the DagBag from /opt/airflow/dags/prod/airbyte_to_dbt_prod.py
[2026-08-26T08:10:44.976+0000] {processor.py:925} INFO - DAG(s) 'airbyte_to_dbt_pipeline_prod' retrieved from /opt/airflow/dags/prod/airbyte_to_dbt_prod.py
[2026-08-26T08:10:45.020+0000] {logging_mixin.py:190} INFO - [2026-08-26T08:10:45.019+0000] {dag.py:3239} INFO - Sync 1 DAGs
[2026-08-26T08:10:45.052+0000] {logging_mixin.py:190} INFO - [2026-08-26T08:10:45.052+0000] {dag.py:4180} INFO - Setting next_dagrun for airbyte_to_dbt_pipeline_prod to 2026-08-26 07:00:00+00:00, run_after=2026-08-26 08:00:00+00:00
[2026-08-26T08:10:45.074+0000] {processor.py:208} INFO - Processing /opt/airflow/dags/prod/airbyte_to_dbt_prod.py took 0.134 seconds
[2026-08-26T08:11:15.222+0000] {processor.py:186} INFO - Started process (PID=446) to work on /opt/airflow/dags/prod/airbyte_to_dbt_prod.py
[2026-08-26T08:11:15.222+0000] {processor.py:914} INFO - Processing file /opt/airflow/dags/prod/airbyte_to_dbt_prod.py for tasks to queue
[2026-08-26T08:11:15.225+0000] {logging_mixin.py:190} INFO - [2026-08-26T08:11:15.225+0000] {dagbag.py:588} INFO - Filling up the DagBag from /opt/airflow/dags/prod/airbyte_to_dbt_prod.py
[2026-08-26T08:11:15.250+0000] {processor.py:925} INFO - DAG(s) 'airbyte_to_dbt_pipeline_prod' retrieved from /opt/airflow/dags/prod/airbyte_to_dbt_prod.py
[2026-08-26T08:11:15.292+0000] {logging_mixin.py:190} INFO - [2026-08-26T08:11:15.292+0000] {dag.py:3239} INFO - Sync 1 DAGs
[2026-08-26T08:11:15.325+0000] {logging_mixin.py:190} INFO - [2026-08-26T08:11:15.324+0000] {dag.py:4180} INFO - Setting next_dagrun for airbyte_to_dbt_pipeline_prod to 2026-08-26 07:00:00+00:00, run_after=2026-08-26 08:00:00+00:00
[2026-08-26T08:11:15.350+0000] {processor.py:208} INFO - Processing /opt/airflow/dags/prod/airbyte_to_dbt_prod.py took 0.136 seconds
[2026-08-26T08:11:45.510+0000] {processor.py:186} INFO - Started process (PID=456) to work on /opt/airflow/dags/prod/airbyte_to_dbt_prod.py
[2026-08-26T08:11:45.512+0000] {processor.py:914} INFO - Processing file /opt/airflow/dags/prod/airbyte_to_dbt_prod.py for tasks to queue
[2026-08-26T08:11:45.515+0000] {logging_mixin.py:190} INFO - [2026-08-26T08:11:45.515+0000] {dagbag.py:588} INFO - Filling up the DagBag from /opt/airflow/dags/prod/airbyte_to_dbt_prod.py
[2026-08-26T08:11:45.541+0000] {processor.py:925} INFO - DAG(s) 'airbyte_to_dbt_pipeline_prod' retrieved from /opt/airflow/dags/prod/airbyte_to_dbt_prod.py
[2026-08-26T08:11:45.584+0000] {logging_mixin.py:190} INFO - [2026-08-26T08:11:45.584+0000] {dag.py:3239} INFO - Sync 1 DAGs
[2026-08-26T08:11:45.615+0000] {logging_mixin.py:190} INFO - [2026-08-26T08:11:45.615+0000] {dag.py:4180} INFO - Setting next_dagrun for airbyte_to_dbt_pipeline_prod to 2026-08-26 07:00:00+00:00, run_after=2026-08-26 08:00:00+00:00
[2026-08-26T08:11:45.636+0000] {processor.py:208} INFO - Processing /opt/airflow/dags/prod/airbyte_to_dbt_prod.py took 0.136 seconds
[2026-08-26T08:12:15.797+0000] {processor.py:186} INFO - Started process (PID=466) to work on /opt/airflow/dags/prod/airbyte_to_dbt_prod.py
[2026-08-26T08:12:15.798+0000] {processor.py:914} INFO - Processing file /opt/airflow/dags/prod/airbyte_to_dbt_prod.py for tasks to queue
[2026-08-26T08:12:15.801+0000] {logging_mixin.py:190} INFO - [2026-08-26T08:12:15.800+0000] {dagbag.py:588} INFO - Filling up the DagBag from /opt/airflow/dags/prod/airbyte_to_dbt_prod.py
[2026-08-26T08:12:15.820+0000] {processor.py:925} INFO - DAG(s) 'airbyte_to_dbt_pipeline_prod' retrieved from /opt/airflow/dags/prod/airbyte_to_dbt_prod.py
[2026-08-26T08:12:15.867+0000] {logging_mixin.py:190} INFO - [2026-08-26T08:12:15.867+0000] {dag.py:3239} INFO - Sync 1 DAGs
[2026-08-26T08:12:15.901+0000] {logging_mixin.py:190} INFO - [2026-08-26T08:12:15.901+0000] {dag.py:4180} INFO - Setting next_dagrun for airbyte_to_dbt_pipeline_prod to 2026-08-26 07:00:00+00:00, run_after=2026-08-26 08:00:00+00:00
[2026-08-26T08:12:15.925+0000] {processor.py:208} INFO - Processing /opt/airflow/dags/prod/airbyte_to_dbt_prod.py took 0.136 seconds
[2026-08-26T08:12:46.083+0000] {processor.py:186} INFO - Started process (PID=476) to work on /opt/airflow/dags/prod/airbyte_to_dbt_prod.py
[2026-08-26T08:12:46.084+0000] {processor.py:914} INFO - Processing file /opt/airflow/dags/prod/airbyte_to_dbt_prod.py for tasks to queue
[2026-08-26T08:12:46.088+0000] {logging_mixin.py:190} INFO - [2026-08-26T08:12:46.087+0000] {dagbag.py:588} INFO - Filling up the DagBag from /opt/airflow/dags/prod/airbyte_to_dbt_prod.py
[2026-08-26T08:12:46.112+0000] {processor.py:925} INFO - DAG(s) 'airbyte_to_dbt_pipeline_prod' retrieved from /opt/airflow/dags/prod/airbyte_to_dbt_prod.py
[2026-08-26T08:12:46.150+0000] {logging_mixin.py:190} INFO - [2026-08-26T08:12:46.150+0000] {dag.py:3239} INFO - Sync 1 DAGs
[2026-08-26T08:12:46.178+0000] {logging_mixin.py:190} INFO - [2026-08-26T08:12:46.177+0000] {dag.py:4180} INFO - Setting next_dagrun for airbyte_to_dbt_pipeline_prod to 2026-08-26 07:00:00+00:00, run_after=2026-08-26 08:00:00+00:00
[2026-08-26T08:12:46.202+0000] {processor.py:208} INFO - Processing /opt/airflow/dags/prod/airbyte_to_dbt_prod.py took 0.127 seconds
[2026-08-26T08:13:16.376+0000] {processor.py:186} INFO - Started process (PID=486) to work on /opt/airflow/dags/prod/airbyte_to_dbt_prod.py
[2026-08-26T08:13:16.377+0000] {processor.py:914} INFO - Processing file /opt/airflow/dags/prod/airbyte_to_dbt_prod.py for tasks to queue
[2026-08-26T08:13:16.380+0000] {logging_mixin.py:190} INFO - [2026-08-26T08:13:16.380+0000] {dagbag.py:588} INFO - Filling up the DagBag from /opt/airflow/dags/prod/airbyte_to_dbt_prod.py
[2026-08-26T08:13:16.402+0000] {processor.py:925} INFO - DAG(s) 'airbyte_to_dbt_pipeline_prod' retrieved from /opt/airflow/dags/prod/airbyte_to_dbt_prod.py
[2026-08-26T08:13:16.451+0000] {logging_mixin.py:190} INFO - [2026-08-26T08:13:16.451+0000] {dag.py:3239} INFO - Sync 1 DAGs
[2026-08-26T08:13:16.488+0000] {logging_mixin.py:190} INFO - [2026-08-26T08:13:16.488+0000] {dag.py:4180} INFO - Setting next_dagrun for airbyte_to_dbt_pipeline_prod to 2026-08-26 07:00:00+00:00, run_after=2026-08-26 08:00:00+00:00
[2026-08-26T08:13:16.513+0000] {processor.py:208} INFO - Processing /opt/airflow/dags/prod/airbyte_to_dbt_prod.py took 0.145 seconds
[2026-08-26T08:13:46.675+0000] {processor.py:186} INFO - Started process (PID=496) to work on /opt/airflow/dags/prod/airbyte_to_dbt_prod.py
[2026-08-26T08:13:46.676+0000] {processor.py:914} INFO - Processing file /opt/airflow/dags/prod/airbyte_to_dbt_prod.py for tasks to queue
[2026-08-26T08:13:46.679+0000] {logging_mixin.py:190} INFO - [2026-08-26T08:13:46.678+0000] {dagbag.py:588} INFO - Filling up the DagBag from /opt/airflow/dags/prod/airbyte_to_dbt_prod.py
[2026-08-26T08:13:46.698+0000] {processor.py:925} INFO - DAG(s) 'airbyte_to_dbt_pipeline_prod' retrieved from /opt/airflow/dags/prod/airbyte_to_dbt_prod.py
[2026-08-26T08:13:46.736+0000] {logging_mixin.py:190} INFO - [2026-08-26T08:13:46.736+0000] {dag.py:3239} INFO - Sync 1 DAGs
[2026-08-26T08:13:46.765+0000] {logging_mixin.py:190} INFO - [2026-08-26T08:13:46.765+0000] {dag.py:4180} INFO - Setting next_dagrun for airbyte_to_dbt_pipeline_prod to 2026-08-26 07:00:00+00:00, run_after=2026-08-26 08:00:00+00:00
[2026-08-26T08:13:46.787+0000] {processor.py:208} INFO - Processing /opt/airflow/dags/prod/airbyte_to_dbt_prod.py took 0.120 seconds
[2026-08-26T08:14:16.956+0000] {processor.py:186} INFO - Started process (PID=506) to work on /opt/airflow/dags/prod/airbyte_to_dbt_prod.py
[2026-08-26T08:14:16.957+0000] {processor.py:914} INFO - Processing file /opt/airflow/dags/prod/airbyte_to_dbt_prod.py for tasks to queue
[2026-08-26T08:14:16.960+0000] {logging_mixin.py:190} INFO - [2026-08-26T08:14:16.960+0000] {dagbag.py:588} INFO - Filling up the DagBag from /opt/airflow/dags/prod/airbyte_to_dbt_prod.py
[2026-08-26T08:14:16.980+0000] {processor.py:925} INFO - DAG(s) 'airbyte_to_dbt_pipeline_prod' retrieved from /opt/airflow/dags/prod/airbyte_to_dbt_prod.py
[2026-08-26T08:14:17.026+0000] {logging_mixin.py:190} INFO - [2026-08-26T08:14:17.025+0000] {dag.py:3239} INFO - Sync 1 DAGs
[2026-08-26T08:14:17.063+0000] {logging_mixin.py:190} INFO - [2026-08-26T08:14:17.063+0000] {dag.py:4180} INFO - Setting next_dagrun for airbyte_to_dbt_pipeline_prod to 2026-08-26 07:00:00+00:00, run_after=2026-08-26 08:00:00+00:00
[2026-08-26T08:14:17.083+0000] {processor.py:208} INFO - Processing /opt/airflow/dags/prod/airbyte_to_dbt_prod.py took 0.135 seconds
[2026-08-26T08:14:47.236+0000] {processor.py:186} INFO - Started process (PID=516) to work on /opt/airflow/dags/prod/airbyte_to_dbt_prod.py
[2026-08-26T08:14:47.237+0000] {processor.py:914} INFO - Processing file /opt/airflow/dags/prod/airbyte_to_dbt_prod.py for tasks to queue
[2026-08-26T08:14:47.240+0000] {logging_mixin.py:190} INFO - [2026-08-26T08:14:47.240+0000] {dagbag.py:588} INFO - Filling up the DagBag from /opt/airflow/dags/prod/airbyte_to_dbt_prod.py
[2026-08-26T08:14:47.264+0000] {processor.py:925} INFO - DAG(s) 'airbyte_to_dbt_pipeline_prod' retrieved from /opt/airflow/dags/prod/airbyte_to_dbt_prod.py
[2026-08-26T08:14:47.306+0000] {logging_mixin.py:190} INFO - [2026-08-26T08:14:47.306+0000] {dag.py:3239} INFO - Sync 1 DAGs
[2026-08-26T08:14:47.334+0000] {logging_mixin.py:190} INFO - [2026-08-26T08:14:47.334+0000] {dag.py:4180} INFO - Setting next_dagrun for airbyte_to_dbt_pipeline_prod to 2026-08-26 07:00:00+00:00, run_after=2026-08-26 08:00:00+00:00
[2026-08-26T08:14:47.357+0000] {processor.py:208} INFO - Processing /opt/airflow/dags/prod/airbyte_to_dbt_prod.py took 0.131 seconds
[2026-08-26T08:15:17.523+0000] {processor.py:186} INFO - Started process (PID=526) to work on /opt/airflow/dags/prod/airbyte_to_dbt_prod.py
[2026-08-26T08:15:17.524+0000] {processor.py:914} INFO - Processing file /opt/airflow/dags/prod/airbyte_to_dbt_prod.py for tasks to queue
[2026-08-26T08:15:17.527+0000] {logging_mixin.py:190} INFO - [2026-08-26T08:15:17.526+0000] {dagbag.py:588} INFO - Filling up the DagBag from /opt/airflow/dags/prod/airbyte_to_dbt_prod.py
[2026-08-26T08:15:17.548+0000] {processor.py:925} INFO - DAG(s) 'airbyte_to_dbt_pipeline_prod' retrieved from /opt/airflow/dags/prod/airbyte_to_dbt_prod.py
[2026-08-26T08:15:17.586+0000] {logging_mixin.py:190} INFO - [2026-08-26T08:15:17.586+0000] {dag.py:3239} INFO - Sync 1 DAGs
[2026-08-26T08:15:17.618+0000] {logging_mixin.py:190} INFO - [2026-08-26T08:15:17.618+0000] {dag.py:4180} INFO - Setting next_dagrun for airbyte_to_dbt_pipeline_prod to 2026-08-26 07:00:00+00:00, run_after=2026-08-26 08:00:00+00:00
[2026-08-26T08:15:17.643+0000] {processor.py:208} INFO - Processing /opt/airflow/dags/prod/airbyte_to_dbt_prod.py took 0.128 seconds
[2026-08-26T08:15:47.806+0000] {processor.py:186} INFO - Started process (PID=536) to work on /opt/airflow/dags/prod/airbyte_to_dbt_prod.py
[2026-08-26T08:15:47.807+0000] {processor.py:914} INFO - Processing file /opt/airflow/dags/prod/airbyte_to_dbt_prod.py for tasks to queue
[2026-08-26T08:15:47.810+0000] {logging_mixin.py:190} INFO - [2026-08-26T08:15:47.810+0000] {dagbag.py:588} INFO - Filling up the DagBag from /opt/airflow/dags/prod/airbyte_to_dbt_prod.py
[2026-08-26T08:15:47.830+0000] {processor.py:925} INFO - DAG(s) 'airbyte_to_dbt_pipeline_prod' retrieved from /opt/airflow/dags/prod/airbyte_to_dbt_prod.py
[2026-08-26T08:15:47.873+0000] {logging_mixin.py:190} INFO - [2026-08-26T08:15:47.873+0000] {dag.py:3239} INFO - Sync 1 DAGs
[2026-08-26T08:15:47.907+0000] {logging_mixin.py:190} INFO - [2026-08-26T08:15:47.906+0000] {dag.py:4180} INFO - Setting next_dagrun for airbyte_to_dbt_pipeline_prod to 2026-08-26 07:00:00+00:00, run_after=2026-08-26 08:00:00+00:00
[2026-08-26T08:15:47.929+0000] {processor.py:208} INFO - Processing /opt/airflow/dags/prod/airbyte_to_dbt_prod.py took 0.133 seconds
[2026-08-26T08:16:18.088+0000] {processor.py:186} INFO - Started process (PID=546) to work on /opt/airflow/dags/prod/airbyte_to_dbt_prod.py
[2026-08-26T08:16:18.089+0000] {processor.py:914} INFO - Processing file /opt/airflow/dags/prod/airbyte_to_dbt_prod.py for tasks to queue
[2026-08-26T08:16:18.091+0000] {logging_mixin.py:190} INFO - [2026-08-26T08:16:18.091+0000] {dagbag.py:588} INFO - Filling up the DagBag from /opt/airflow/dags/prod/airbyte_to_dbt_prod.py
[2026-08-26T08:16:18.112+0000] {processor.py:925} INFO - DAG(s) 'airbyte_to_dbt_pipeline_prod' retrieved from /opt/airflow/dags/prod/airbyte_to_dbt_prod.py
[2026-08-26T08:16:18.155+0000] {logging_mixin.py:190} INFO - [2026-08-26T08:16:18.155+0000] {dag.py:3239} INFO - Sync 1 DAGs
[2026-08-26T08:16:18.185+0000] {logging_mixin.py:190} INFO - [2026-08-26T08:16:18.185+0000] {dag.py:4180} INFO - Setting next_dagrun for airbyte_to_dbt_pipeline_prod to 2026-08-26 07:00:00+00:00, run_after=2026-08-26 08:00:00+00:00
[2026-08-26T08:16:18.208+0000] {processor.py:208} INFO - Processing /opt/airflow/dags/prod/airbyte_to_dbt_prod.py took 0.128 seconds
[2026-08-26T08:16:48.360+0000] {processor.py:186} INFO - Started process (PID=556) to work on /opt/airflow/dags/prod/airbyte_to_dbt_prod.py
[2026-08-26T08:16:48.361+0000] {processor.py:914} INFO - Processing file /opt/airflow/dags/prod/airbyte_to_dbt_prod.py for tasks to queue
[2026-08-26T08:16:48.364+0000] {logging_mixin.py:190} INFO - [2026-08-26T08:16:48.363+0000] {dagbag.py:588} INFO - Filling up the DagBag from /opt/airflow/dags/prod/airbyte_to_dbt_prod.py
[2026-08-26T08:16:48.385+0000] {processor.py:925} INFO - DAG(s) 'airbyte_to_dbt_pipeline_prod' retrieved from /opt/airflow/dags/prod/airbyte_to_dbt_prod.py
[2026-08-26T08:16:48.426+0000] {logging_mixin.py:190} INFO - [2026-08-26T08:16:48.425+0000] {dag.py:3239} INFO - Sync 1 DAGs
[2026-08-26T08:16:48.453+0000] {logging_mixin.py:190} INFO - [2026-08-26T08:16:48.453+0000] {dag.py:4180} INFO - Setting next_dagrun for airbyte_to_dbt_pipeline_prod to 2026-08-26 07:00:00+00:00, run_after=2026-08-26 08:00:00+00:00
[2026-08-26T08:16:48.475+0000] {processor.py:208} INFO - Processing /opt/airflow/dags/prod/airbyte_to_dbt_prod.py took 0.123 seconds
[2026-08-26T08:17:18.648+0000] {processor.py:186} INFO - Started process (PID=566) to work on /opt/airflow/dags/prod/airbyte_to_dbt_prod.py
[2026-08-26T08:17:18.650+0000] {processor.py:914} INFO - Processing file /opt/airflow/dags/prod/airbyte_to_dbt_prod.py for tasks to queue
[2026-08-26T08:17:18.652+0000] {logging_mixin.py:190} INFO - [2026-08-26T08:17:18.652+0000] {dagbag.py:588} INFO - Filling up the DagBag from /opt/airflow/dags/prod/airbyte_to_dbt_prod.py
[2026-08-26T08:17:18.674+0000] {processor.py:925} INFO - DAG(s) 'airbyte_to_dbt_pipeline_prod' retrieved from /opt/airflow/dags/prod/airbyte_to_dbt_prod.py
[2026-08-26T08:17:18.715+0000] {logging_mixin.py:190} INFO - [2026-08-26T08:17:18.714+0000] {dag.py:3239} INFO - Sync 1 DAGs
[2026-08-26T08:17:18.744+0000] {logging_mixin.py:190} INFO - [2026-08-26T08:17:18.744+0000] {dag.py:4180} INFO - Setting next_dagrun for airbyte_to_dbt_pipeline_prod to 2026-08-26 07:00:00+00:00, run_after=2026-08-26 08:00:00+00:00
[2026-08-26T08:17:18.768+0000] {processor.py:208} INFO - Processing /opt/airflow/dags/prod/airbyte_to_dbt_prod.py took 0.128 seconds
[2026-08-26T08:17:48.927+0000] {processor.py:186} INFO - Started process (PID=576) to work on /opt/airflow/dags/prod/airbyte_to_dbt_prod.py
[2026-08-26T08:17:48.927+0000] {processor.py:914} INFO - Processing file /opt/airflow/dags/prod/airbyte_to_dbt_prod.py for tasks to queue
[2026-08-26T08:17:48.930+0000] {logging_mixin.py:190} INFO - [2026-08-26T08:17:48.930+0000] {dagbag.py:588} INFO - Filling up the DagBag from /opt/airflow/dags/prod/airbyte_to_dbt_prod.py
[2026-08-26T08:17:48.951+0000] {processor.py:925} INFO - DAG(s) 'airbyte_to_dbt_pipeline_prod' retrieved from /opt/airflow/dags/prod/airbyte_to_dbt_prod.py
[2026-08-26T08:17:48.991+0000] {logging_mixin.py:190} INFO - [2026-08-26T08:17:48.991+0000] {dag.py:3239} INFO - Sync 1 DAGs
[2026-08-26T08:17:49.024+0000] {logging_mixin.py:190} INFO - [2026-08-26T08:17:49.024+0000] {dag.py:4180} INFO - Setting next_dagrun for airbyte_to_dbt_pipeline_prod to 2026-08-26 07:00:00+00:00, run_after=2026-08-26 08:00:00+00:00
[2026-08-26T08:17:49.048+0000] {processor.py:208} INFO - Processing /opt/airflow/dags/prod/airbyte_to_dbt_prod.py took 0.130 seconds
[2026-08-26T08:18:19.205+0000] {processor.py:186} INFO - Started process (PID=586) to work on /opt/airflow/dags/prod/airbyte_to_dbt_prod.py
[2026-08-26T08:18:19.206+0000] {processor.py:914} INFO - Processing file /opt/airflow/dags/prod/airbyte_to_dbt_prod.py for tasks to queue
[2026-08-26T08:18:19.209+0000] {logging_mixin.py:190} INFO - [2026-08-26T08:18:19.209+0000] {dagbag.py:588} INFO - Filling up the DagBag from /opt/airflow/dags/prod/airbyte_to_dbt_prod.py
[2026-08-26T08:18:19.229+0000] {processor.py:925} INFO - DAG(s) 'airbyte_to_dbt_pipeline_prod' retrieved from /opt/airflow/dags/prod/airbyte_to_dbt_prod.py
[2026-08-26T08:18:19.278+0000] {logging_mixin.py:190} INFO - [2026-08-26T08:18:19.278+0000] {dag.py:3239} INFO - Sync 1 DAGs
[2026-08-26T08:18:19.313+0000] {logging_mixin.py:190} INFO - [2026-08-26T08:18:19.312+0000] {dag.py:4180} INFO - Setting next_dagrun for airbyte_to_dbt_pipeline_prod to 2026-08-26 07:00:00+00:00, run_after=2026-08-26 08:00:00+00:00
[2026-08-26T08:18:19.336+0000] {processor.py:208} INFO - Processing /opt/airflow/dags/prod/airbyte_to_dbt_prod.py took 0.138 seconds
[2026-08-26T08:18:49.484+0000] {processor.py:186} INFO - Started process (PID=596) to work on /opt/airflow/dags/prod/airbyte_to_dbt_prod.py
[2026-08-26T08:18:49.485+0000] {processor.py:914} INFO - Processing file /opt/airflow/dags/prod/airbyte_to_dbt_prod.py for tasks to queue
[2026-08-26T08:18:49.487+0000] {logging_mixin.py:190} INFO - [2026-08-26T08:18:49.487+0000] {dagbag.py:588} INFO - Filling up the DagBag from /opt/airflow/dags/prod/airbyte_to_dbt_prod.py
[2026-08-26T08:18:49.508+0000] {processor.py:925} INFO - DAG(s) 'airbyte_to_dbt_pipeline_prod' retrieved from /opt/airflow/dags/prod/airbyte_to_dbt_prod.py
[2026-08-26T08:18:49.548+0000] {logging_mixin.py:190} INFO - [2026-08-26T08:18:49.548+0000] {dag.py:3239} INFO - Sync 1 DAGs
[2026-08-26T08:18:49.583+0000] {logging_mixin.py:190} INFO - [2026-08-26T08:18:49.583+0000] {dag.py:4180} INFO - Setting next_dagrun for airbyte_to_dbt_pipeline_prod to 2026-08-26 07:00:00+00:00, run_after=2026-08-26 08:00:00+00:00
[2026-08-26T08:18:49.605+0000] {processor.py:208} INFO - Processing /opt/airflow/dags/prod/airbyte_to_dbt_prod.py took 0.129 seconds
[2026-08-26T08:19:19.778+0000] {processor.py:186} INFO - Started process (PID=606) to work on /opt/airflow/dags/prod/airbyte_to_dbt_prod.py
[2026-08-26T08:19:19.781+0000] {processor.py:914} INFO - Processing file /opt/airflow/dags/prod/airbyte_to_dbt_prod.py for tasks to queue
[2026-08-26T08:19:19.784+0000] {logging_mixin.py:190} INFO - [2026-08-26T08:19:19.784+0000] {dagbag.py:588} INFO - Filling up the DagBag from /opt/airflow/dags/prod/airbyte_to_dbt_prod.py
[2026-08-26T08:19:19.805+0000] {processor.py:925} INFO - DAG(s) 'airbyte_to_dbt_pipeline_prod' retrieved from /opt/airflow/dags/prod/airbyte_to_dbt_prod.py
[2026-08-26T08:19:19.856+0000] {logging_mixin.py:190} INFO - [2026-08-26T08:19:19.856+0000] {dag.py:3239} INFO - Sync 1 DAGs
[2026-08-26T08:19:19.890+0000] {logging_mixin.py:190} INFO - [2026-08-26T08:19:19.889+0000] {dag.py:4180} INFO - Setting next_dagrun for airbyte_to_dbt_pipeline_prod to 2026-08-26 07:00:00+00:00, run_after=2026-08-26 08:00:00+00:00
[2026-08-26T08:19:19.913+0000] {processor.py:208} INFO - Processing /opt/airflow/dags/prod/airbyte_to_dbt_prod.py took 0.146 seconds
[2026-08-26T08:19:50.072+0000] {processor.py:186} INFO - Started process (PID=616) to work on /opt/airflow/dags/prod/airbyte_to_dbt_prod.py
[2026-08-26T08:19:50.072+0000] {processor.py:914} INFO - Processing file /opt/airflow/dags/prod/airbyte_to_dbt_prod.py for tasks to queue
[2026-08-26T08:19:50.076+0000] {logging_mixin.py:190} INFO - [2026-08-26T08:19:50.075+0000] {dagbag.py:588} INFO - Filling up the DagBag from /opt/airflow/dags/prod/airbyte_to_dbt_prod.py
[2026-08-26T08:19:50.098+0000] {processor.py:925} INFO - DAG(s) 'airbyte_to_dbt_pipeline_prod' retrieved from /opt/airflow/dags/prod/airbyte_to_dbt_prod.py
[2026-08-26T08:19:50.146+0000] {logging_mixin.py:190} INFO - [2026-08-26T08:19:50.146+0000] {dag.py:3239} INFO - Sync 1 DAGs
[2026-08-26T08:19:50.176+0000] {logging_mixin.py:190} INFO - [2026-08-26T08:19:50.176+0000] {dag.py:4180} INFO - Setting next_dagrun for airbyte_to_dbt_pipeline_prod to 2026-08-26 07:00:00+00:00, run_after=2026-08-26 08:00:00+00:00
[2026-08-26T08:19:50.200+0000] {processor.py:208} INFO - Processing /opt/airflow/dags/prod/airbyte_to_dbt_prod.py took 0.137 seconds
[2026-08-26T08:20:20.358+0000] {processor.py:186} INFO - Started process (PID=626) to work on /opt/airflow/dags/prod/airbyte_to_dbt_prod.py
[2026-08-26T08:20:20.359+0000] {processor.py:914} INFO - Processing file /opt/airflow/dags/prod/airbyte_to_dbt_prod.py for tasks to queue
[2026-08-26T08:20:20.362+0000] {logging_mixin.py:190} INFO - [2026-08-26T08:20:20.361+0000] {dagbag.py:588} INFO - Filling up the DagBag from /opt/airflow/dags/prod/airbyte_to_dbt_prod.py
[2026-08-26T08:20:20.382+0000] {processor.py:925} INFO - DAG(s) 'airbyte_to_dbt_pipeline_prod' retrieved from /opt/airflow/dags/prod/airbyte_to_dbt_prod.py
[2026-08-26T08:20:20.423+0000] {logging_mixin.py:190} INFO - [2026-08-26T08:20:20.422+0000] {dag.py:3239} INFO - Sync 1 DAGs
[2026-08-26T08:20:20.452+0000] {logging_mixin.py:190} INFO - [2026-08-26T08:20:20.452+0000] {dag.py:4180} INFO - Setting next_dagrun for airbyte_to_dbt_pipeline_prod to 2026-08-26 07:00:00+00:00, run_after=2026-08-26 08:00:00+00:00
[2026-08-26T08:20:20.476+0000] {processor.py:208} INFO - Processing /opt/airflow/dags/prod/airbyte_to_dbt_prod.py took 0.125 seconds
[2026-08-26T08:20:50.642+0000] {processor.py:186} INFO - Started process (PID=636) to work on /opt/airflow/dags/prod/airbyte_to_dbt_prod.py
[2026-08-26T08:20:50.643+0000] {processor.py:914} INFO - Processing file /opt/airflow/dags/prod/airbyte_to_dbt_prod.py for tasks to queue
[2026-08-26T08:20:50.647+0000] {logging_mixin.py:190} INFO - [2026-08-26T08:20:50.646+0000] {dagbag.py:588} INFO - Filling up the DagBag from /opt/airflow/dags/prod/airbyte_to_dbt_prod.py
[2026-08-26T08:20:50.674+0000] {processor.py:925} INFO - DAG(s) 'airbyte_to_dbt_pipeline_prod' retrieved from /opt/airflow/dags/prod/airbyte_to_dbt_prod.py
[2026-08-26T08:20:50.723+0000] {logging_mixin.py:190} INFO - [2026-08-26T08:20:50.722+0000] {dag.py:3239} INFO - Sync 1 DAGs
[2026-08-26T08:20:50.758+0000] {logging_mixin.py:190} INFO - [2026-08-26T08:20:50.758+0000] {dag.py:4180} INFO - Setting next_dagrun for airbyte_to_dbt_pipeline_prod to 2026-08-26 07:00:00+00:00, run_after=2026-08-26 08:00:00+00:00
[2026-08-26T08:20:50.781+0000] {processor.py:208} INFO - Processing /opt/airflow/dags/prod/airbyte_to_dbt_prod.py took 0.149 seconds
[2026-08-26T08:21:20.943+0000] {processor.py:186} INFO - Started process (PID=646) to work on /opt/airflow/dags/prod/airbyte_to_dbt_prod.py
[2026-08-26T08:21:20.944+0000] {processor.py:914} INFO - Processing file /opt/airflow/dags/prod/airbyte_to_dbt_prod.py for tasks to queue
[2026-08-26T08:21:20.948+0000] {logging_mixin.py:190} INFO - [2026-08-26T08:21:20.947+0000] {dagbag.py:588} INFO - Filling up the DagBag from /opt/airflow/dags/prod/airbyte_to_dbt_prod.py
[2026-08-26T08:21:20.976+0000] {processor.py:925} INFO - DAG(s) 'airbyte_to_dbt_pipeline_prod' retrieved from /opt/airflow/dags/prod/airbyte_to_dbt_prod.py
[2026-08-26T08:21:21.020+0000] {logging_mixin.py:190} INFO - [2026-08-26T08:21:21.020+0000] {dag.py:3239} INFO - Sync 1 DAGs
[2026-08-26T08:21:21.053+0000] {logging_mixin.py:190} INFO - [2026-08-26T08:21:21.052+0000] {dag.py:4180} INFO - Setting next_dagrun for airbyte_to_dbt_pipeline_prod to 2026-08-26 07:00:00+00:00, run_after=2026-08-26 08:00:00+00:00
[2026-08-26T08:21:21.074+0000] {processor.py:208} INFO - Processing /opt/airflow/dags/prod/airbyte_to_dbt_prod.py took 0.145 seconds
[2026-08-26T08:21:51.245+0000] {processor.py:186} INFO - Started process (PID=656) to work on /opt/airflow/dags/prod/airbyte_to_dbt_prod.py
[2026-08-26T08:21:51.246+0000] {processor.py:914} INFO - Processing file /opt/airflow/dags/prod/airbyte_to_dbt_prod.py for tasks to queue
[2026-08-26T08:21:51.250+0000] {logging_mixin.py:190} INFO - [2026-08-26T08:21:51.249+0000] {dagbag.py:588} INFO - Filling up the DagBag from /opt/airflow/dags/prod/airbyte_to_dbt_prod.py
[2026-08-26T08:21:51.277+0000] {processor.py:925} INFO - DAG(s) 'airbyte_to_dbt_pipeline_prod' retrieved from /opt/airflow/dags/prod/airbyte_to_dbt_prod.py
[2026-08-26T08:21:51.315+0000] {logging_mixin.py:190} INFO - [2026-08-26T08:21:51.314+0000] {dag.py:3239} INFO - Sync 1 DAGs
[2026-08-26T08:21:51.342+0000] {logging_mixin.py:190} INFO - [2026-08-26T08:21:51.341+0000] {dag.py:4180} INFO - Setting next_dagrun for airbyte_to_dbt_pipeline_prod to 2026-08-26 07:00:00+00:00, run_after=2026-08-26 08:00:00+00:00
[2026-08-26T08:21:51.367+0000] {processor.py:208} INFO - Processing /opt/airflow/dags/prod/airbyte_to_dbt_prod.py took 0.134 seconds
[2026-08-26T08:22:21.543+0000] {processor.py:186} INFO - Started process (PID=666) to work on /opt/airflow/dags/prod/airbyte_to_dbt_prod.py
[2026-08-26T08:22:21.545+0000] {processor.py:914} INFO - Processing file /opt/airflow/dags/prod/airbyte_to_dbt_prod.py for tasks to queue
[2026-08-26T08:22:21.547+0000] {logging_mixin.py:190} INFO - [2026-08-26T08:22:21.547+0000] {dagbag.py:588} INFO - Filling up the DagBag from /opt/airflow/dags/prod/airbyte_to_dbt_prod.py
[2026-08-26T08:22:21.567+0000] {processor.py:925} INFO - DAG(s) 'airbyte_to_dbt_pipeline_prod' retrieved from /opt/airflow/dags/prod/airbyte_to_dbt_prod.py
[2026-08-26T08:22:21.622+0000] {logging_mixin.py:190} INFO - [2026-08-26T08:22:21.622+0000] {dag.py:3239} INFO - Sync 1 DAGs
[2026-08-26T08:22:21.655+0000] {logging_mixin.py:190} INFO - [2026-08-26T08:22:21.655+0000] {dag.py:4180} INFO - Setting next_dagrun for airbyte_to_dbt_pipeline_prod to 2026-08-26 07:00:00+00:00, run_after=2026-08-26 08:00:00+00:00
[2026-08-26T08:22:21.678+0000] {processor.py:208} INFO - Processing /opt/airflow/dags/prod/airbyte_to_dbt_prod.py took 0.142 seconds
[2026-08-26T08:22:51.820+0000] {processor.py:186} INFO - Started process (PID=676) to work on /opt/airflow/dags/prod/airbyte_to_dbt_prod.py
[2026-08-26T08:22:51.821+0000] {processor.py:914} INFO - Processing file /opt/airflow/dags/prod/airbyte_to_dbt_prod.py for tasks to queue
[2026-08-26T08:22:51.825+0000] {logging_mixin.py:190} INFO - [2026-08-26T08:22:51.824+0000] {dagbag.py:588} INFO - Filling up the DagBag from /opt/airflow/dags/prod/airbyte_to_dbt_prod.py
[2026-08-26T08:22:51.853+0000] {processor.py:925} INFO - DAG(s) 'airbyte_to_dbt_pipeline_prod' retrieved from /opt/airflow/dags/prod/airbyte_to_dbt_prod.py
[2026-08-26T08:22:51.904+0000] {logging_mixin.py:190} INFO - [2026-08-26T08:22:51.904+0000] {dag.py:3239} INFO - Sync 1 DAGs
[2026-08-26T08:22:51.939+0000] {logging_mixin.py:190} INFO - [2026-08-26T08:22:51.939+0000] {dag.py:4180} INFO - Setting next_dagrun for airbyte_to_dbt_pipeline_prod to 2026-08-26 07:00:00+00:00, run_after=2026-08-26 08:00:00+00:00
[2026-08-26T08:22:51.963+0000] {processor.py:208} INFO - Processing /opt/airflow/dags/prod/airbyte_to_dbt_prod.py took 0.153 seconds
[2026-08-26T08:23:22.128+0000] {processor.py:186} INFO - Started process (PID=686) to work on /opt/airflow/dags/prod/airbyte_to_dbt_prod.py
[2026-08-26T08:23:22.129+0000] {processor.py:914} INFO - Processing file /opt/airflow/dags/prod/airbyte_to_dbt_prod.py for tasks to queue
[2026-08-26T08:23:22.132+0000] {logging_mixin.py:190} INFO - [2026-08-26T08:23:22.131+0000] {dagbag.py:588} INFO - Filling up the DagBag from /opt/airflow/dags/prod/airbyte_to_dbt_prod.py
[2026-08-26T08:23:22.153+0000] {processor.py:925} INFO - DAG(s) 'airbyte_to_dbt_pipeline_prod' retrieved from /opt/airflow/dags/prod/airbyte_to_dbt_prod.py
[2026-08-26T08:23:22.201+0000] {logging_mixin.py:190} INFO - [2026-08-26T08:23:22.201+0000] {dag.py:3239} INFO - Sync 1 DAGs
[2026-08-26T08:23:22.233+0000] {logging_mixin.py:190} INFO - [2026-08-26T08:23:22.233+0000] {dag.py:4180} INFO - Setting next_dagrun for airbyte_to_dbt_pipeline_prod to 2026-08-26 07:00:00+00:00, run_after=2026-08-26 08:00:00+00:00
[2026-08-26T08:23:22.260+0000] {processor.py:208} INFO - Processing /opt/airflow/dags/prod/airbyte_to_dbt_prod.py took 0.139 seconds
[2026-08-26T08:23:52.430+0000] {processor.py:186} INFO - Started process (PID=695) to work on /opt/airflow/dags/prod/airbyte_to_dbt_prod.py
[2026-08-26T08:23:52.431+0000] {processor.py:914} INFO - Processing file /opt/airflow/dags/prod/airbyte_to_dbt_prod.py for tasks to queue
[2026-08-26T08:23:52.435+0000] {logging_mixin.py:190} INFO - [2026-08-26T08:23:52.434+0000] {dagbag.py:588} INFO - Filling up the DagBag from /opt/airflow/dags/prod/airbyte_to_dbt_prod.py
[2026-08-26T08:23:52.462+0000] {processor.py:925} INFO - DAG(s) 'airbyte_to_dbt_pipeline_prod' retrieved from /opt/airflow/dags/prod/airbyte_to_dbt_prod.py
[2026-08-26T08:23:52.509+0000] {logging_mixin.py:190} INFO - [2026-08-26T08:23:52.509+0000] {dag.py:3239} INFO - Sync 1 DAGs
[2026-08-26T08:23:52.538+0000] {logging_mixin.py:190} INFO - [2026-08-26T08:23:52.538+0000] {dag.py:4180} INFO - Setting next_dagrun for airbyte_to_dbt_pipeline_prod to 2026-08-26 07:00:00+00:00, run_after=2026-08-26 08:00:00+00:00
[2026-08-26T08:23:52.562+0000] {processor.py:208} INFO - Processing /opt/airflow/dags/prod/airbyte_to_dbt_prod.py took 0.142 seconds
[2026-08-26T08:24:22.720+0000] {processor.py:186} INFO - Started process (PID=706) to work on /opt/airflow/dags/prod/airbyte_to_dbt_prod.py
[2026-08-26T08:24:22.721+0000] {processor.py:914} INFO - Processing file /opt/airflow/dags/prod/airbyte_to_dbt_prod.py for tasks to queue
[2026-08-26T08:24:22.724+0000] {logging_mixin.py:190} INFO - [2026-08-26T08:24:22.724+0000] {dagbag.py:588} INFO - Filling up the DagBag from /opt/airflow/dags/prod/airbyte_to_dbt_prod.py
[2026-08-26T08:24:22.747+0000] {processor.py:925} INFO - DAG(s) 'airbyte_to_dbt_pipeline_prod' retrieved from /opt/airflow/dags/prod/airbyte_to_dbt_prod.py
[2026-08-26T08:24:22.789+0000] {logging_mixin.py:190} INFO - [2026-08-26T08:24:22.789+0000] {dag.py:3239} INFO - Sync 1 DAGs
[2026-08-26T08:24:22.819+0000] {logging_mixin.py:190} INFO - [2026-08-26T08:24:22.819+0000] {dag.py:4180} INFO - Setting next_dagrun for airbyte_to_dbt_pipeline_prod to 2026-08-26 07:00:00+00:00, run_after=2026-08-26 08:00:00+00:00
[2026-08-26T08:24:22.842+0000] {processor.py:208} INFO - Processing /opt/airflow/dags/prod/airbyte_to_dbt_prod.py took 0.131 seconds
[2026-08-26T08:24:53.009+0000] {processor.py:186} INFO - Started process (PID=716) to work on /opt/airflow/dags/prod/airbyte_to_dbt_prod.py
[2026-08-26T08:24:53.010+0000] {processor.py:914} INFO - Processing file /opt/airflow/dags/prod/airbyte_to_dbt_prod.py for tasks to queue
[2026-08-26T08:24:53.013+0000] {logging_mixin.py:190} INFO - [2026-08-26T08:24:53.012+0000] {dagbag.py:588} INFO - Filling up the DagBag from /opt/airflow/dags/prod/airbyte_to_dbt_prod.py
[2026-08-26T08:24:53.038+0000] {processor.py:925} INFO - DAG(s) 'airbyte_to_dbt_pipeline_prod' retrieved from /opt/airflow/dags/prod/airbyte_to_dbt_prod.py
[2026-08-26T08:24:53.097+0000] {logging_mixin.py:190} INFO - [2026-08-26T08:24:53.096+0000] {dag.py:3239} INFO - Sync 1 DAGs
[2026-08-26T08:24:53.146+0000] {logging_mixin.py:190} INFO - [2026-08-26T08:24:53.146+0000] {dag.py:4180} INFO - Setting next_dagrun for airbyte_to_dbt_pipeline_prod to 2026-08-26 07:00:00+00:00, run_after=2026-08-26 08:00:00+00:00
[2026-08-26T08:24:53.252+0000] {processor.py:208} INFO - Processing /opt/airflow/dags/prod/airbyte_to_dbt_prod.py took 0.251 seconds
[2026-08-26T09:01:01.529+0000] {processor.py:186} INFO - Started process (PID=726) to work on /opt/airflow/dags/prod/airbyte_to_dbt_prod.py
[2026-08-26T09:01:01.536+0000] {processor.py:914} INFO - Processing file /opt/airflow/dags/prod/airbyte_to_dbt_prod.py for tasks to queue
[2026-08-26T09:01:01.542+0000] {logging_mixin.py:190} INFO - [2026-08-26T09:01:01.541+0000] {dagbag.py:588} INFO - Filling up the DagBag from /opt/airflow/dags/prod/airbyte_to_dbt_prod.py
[2026-08-26T09:01:01.612+0000] {processor.py:925} INFO - DAG(s) 'airbyte_to_dbt_pipeline_prod' retrieved from /opt/airflow/dags/prod/airbyte_to_dbt_prod.py
[2026-08-26T09:01:02.141+0000] {logging_mixin.py:190} INFO - [2026-08-26T09:01:02.140+0000] {dag.py:3239} INFO - Sync 1 DAGs
[2026-08-26T09:01:02.262+0000] {logging_mixin.py:190} INFO - [2026-08-26T09:01:02.262+0000] {dag.py:4180} INFO - Setting next_dagrun for airbyte_to_dbt_pipeline_prod to 2026-08-26 08:00:00+00:00, run_after=2026-08-26 09:00:00+00:00
[2026-08-26T09:01:02.353+0000] {processor.py:208} INFO - Processing /opt/airflow/dags/prod/airbyte_to_dbt_prod.py took 0.837 seconds
[2026-08-26T09:01:32.578+0000] {processor.py:186} INFO - Started process (PID=736) to work on /opt/airflow/dags/prod/airbyte_to_dbt_prod.py
[2026-08-26T09:01:32.579+0000] {processor.py:914} INFO - Processing file /opt/airflow/dags/prod/airbyte_to_dbt_prod.py for tasks to queue
[2026-08-26T09:01:32.583+0000] {logging_mixin.py:190} INFO - [2026-08-26T09:01:32.583+0000] {dagbag.py:588} INFO - Filling up the DagBag from /opt/airflow/dags/prod/airbyte_to_dbt_prod.py
[2026-08-26T09:01:32.613+0000] {processor.py:925} INFO - DAG(s) 'airbyte_to_dbt_pipeline_prod' retrieved from /opt/airflow/dags/prod/airbyte_to_dbt_prod.py
[2026-08-26T09:01:32.659+0000] {logging_mixin.py:190} INFO - [2026-08-26T09:01:32.658+0000] {dag.py:3239} INFO - Sync 1 DAGs
[2026-08-26T09:01:32.693+0000] {logging_mixin.py:190} INFO - [2026-08-26T09:01:32.693+0000] {dag.py:4180} INFO - Setting next_dagrun for airbyte_to_dbt_pipeline_prod to 2026-08-26 08:00:00+00:00, run_after=2026-08-26 09:00:00+00:00
[2026-08-26T09:01:32.717+0000] {processor.py:208} INFO - Processing /opt/airflow/dags/prod/airbyte_to_dbt_prod.py took 0.151 seconds
[2026-08-26T09:02:02.887+0000] {processor.py:186} INFO - Started process (PID=746) to work on /opt/airflow/dags/prod/airbyte_to_dbt_prod.py
[2026-08-26T09:02:02.888+0000] {processor.py:914} INFO - Processing file /opt/airflow/dags/prod/airbyte_to_dbt_prod.py for tasks to queue
[2026-08-26T09:02:02.892+0000] {logging_mixin.py:190} INFO - [2026-08-26T09:02:02.891+0000] {dagbag.py:588} INFO - Filling up the DagBag from /opt/airflow/dags/prod/airbyte_to_dbt_prod.py
[2026-08-26T09:02:02.913+0000] {processor.py:925} INFO - DAG(s) 'airbyte_to_dbt_pipeline_prod' retrieved from /opt/airflow/dags/prod/airbyte_to_dbt_prod.py
[2026-08-26T09:02:02.950+0000] {logging_mixin.py:190} INFO - [2026-08-26T09:02:02.949+0000] {dag.py:3239} INFO - Sync 1 DAGs
[2026-08-26T09:02:02.980+0000] {logging_mixin.py:190} INFO - [2026-08-26T09:02:02.980+0000] {dag.py:4180} INFO - Setting next_dagrun for airbyte_to_dbt_pipeline_prod to 2026-08-26 08:00:00+00:00, run_after=2026-08-26 09:00:00+00:00
[2026-08-26T09:02:03.003+0000] {processor.py:208} INFO - Processing /opt/airflow/dags/prod/airbyte_to_dbt_prod.py took 0.125 seconds
[2026-08-26T09:02:33.164+0000] {processor.py:186} INFO - Started process (PID=756) to work on /opt/airflow/dags/prod/airbyte_to_dbt_prod.py
[2026-08-26T09:02:33.167+0000] {processor.py:914} INFO - Processing file /opt/airflow/dags/prod/airbyte_to_dbt_prod.py for tasks to queue
[2026-08-26T09:02:33.171+0000] {logging_mixin.py:190} INFO - [2026-08-26T09:02:33.171+0000] {dagbag.py:588} INFO - Filling up the DagBag from /opt/airflow/dags/prod/airbyte_to_dbt_prod.py
[2026-08-26T09:02:33.198+0000] {processor.py:925} INFO - DAG(s) 'airbyte_to_dbt_pipeline_prod' retrieved from /opt/airflow/dags/prod/airbyte_to_dbt_prod.py
[2026-08-26T09:02:33.237+0000] {logging_mixin.py:190} INFO - [2026-08-26T09:02:33.237+0000] {dag.py:3239} INFO - Sync 1 DAGs
[2026-08-26T09:02:33.269+0000] {logging_mixin.py:190} INFO - [2026-08-26T09:02:33.269+0000] {dag.py:4180} INFO - Setting next_dagrun for airbyte_to_dbt_pipeline_prod to 2026-08-26 08:00:00+00:00, run_after=2026-08-26 09:00:00+00:00
[2026-08-26T09:02:33.289+0000] {processor.py:208} INFO - Processing /opt/airflow/dags/prod/airbyte_to_dbt_prod.py took 0.135 seconds
[2026-08-26T09:03:03.451+0000] {processor.py:186} INFO - Started process (PID=766) to work on /opt/airflow/dags/prod/airbyte_to_dbt_prod.py
[2026-08-26T09:03:03.453+0000] {processor.py:914} INFO - Processing file /opt/airflow/dags/prod/airbyte_to_dbt_prod.py for tasks to queue
[2026-08-26T09:03:03.455+0000] {logging_mixin.py:190} INFO - [2026-08-26T09:03:03.455+0000] {dagbag.py:588} INFO - Filling up the DagBag from /opt/airflow/dags/prod/airbyte_to_dbt_prod.py
[2026-08-26T09:03:03.478+0000] {processor.py:925} INFO - DAG(s) 'airbyte_to_dbt_pipeline_prod' retrieved from /opt/airflow/dags/prod/airbyte_to_dbt_prod.py
[2026-08-26T09:03:03.516+0000] {logging_mixin.py:190} INFO - [2026-08-26T09:03:03.515+0000] {dag.py:3239} INFO - Sync 1 DAGs
[2026-08-26T09:03:03.551+0000] {logging_mixin.py:190} INFO - [2026-08-26T09:03:03.551+0000] {dag.py:4180} INFO - Setting next_dagrun for airbyte_to_dbt_pipeline_prod to 2026-08-26 08:00:00+00:00, run_after=2026-08-26 09:00:00+00:00
[2026-08-26T09:03:03.573+0000] {processor.py:208} INFO - Processing /opt/airflow/dags/prod/airbyte_to_dbt_prod.py took 0.130 seconds
[2026-08-26T09:03:33.735+0000] {processor.py:186} INFO - Started process (PID=776) to work on /opt/airflow/dags/prod/airbyte_to_dbt_prod.py
[2026-08-26T09:03:33.736+0000] {processor.py:914} INFO - Processing file /opt/airflow/dags/prod/airbyte_to_dbt_prod.py for tasks to queue
[2026-08-26T09:03:33.740+0000] {logging_mixin.py:190} INFO - [2026-08-26T09:03:33.740+0000] {dagbag.py:588} INFO - Filling up the DagBag from /opt/airflow/dags/prod/airbyte_to_dbt_prod.py
[2026-08-26T09:03:33.766+0000] {processor.py:925} INFO - DAG(s) 'airbyte_to_dbt_pipeline_prod' retrieved from /opt/airflow/dags/prod/airbyte_to_dbt_prod.py
[2026-08-26T09:03:33.804+0000] {logging_mixin.py:190} INFO - [2026-08-26T09:03:33.804+0000] {dag.py:3239} INFO - Sync 1 DAGs
[2026-08-26T09:03:33.836+0000] {logging_mixin.py:190} INFO - [2026-08-26T09:03:33.835+0000] {dag.py:4180} INFO - Setting next_dagrun for airbyte_to_dbt_pipeline_prod to 2026-08-26 08:00:00+00:00, run_after=2026-08-26 09:00:00+00:00
[2026-08-26T09:03:33.858+0000] {processor.py:208} INFO - Processing /opt/airflow/dags/prod/airbyte_to_dbt_prod.py took 0.133 seconds
[2026-08-26T09:04:04.019+0000] {processor.py:186} INFO - Started process (PID=786) to work on /opt/airflow/dags/prod/airbyte_to_dbt_prod.py
[2026-08-26T09:04:04.020+0000] {processor.py:914} INFO - Processing file /opt/airflow/dags/prod/airbyte_to_dbt_prod.py for tasks to queue
[2026-08-26T09:04:04.023+0000] {logging_mixin.py:190} INFO - [2026-08-26T09:04:04.023+0000] {dagbag.py:588} INFO - Filling up the DagBag from /opt/airflow/dags/prod/airbyte_to_dbt_prod.py
[2026-08-26T09:04:04.045+0000] {processor.py:925} INFO - DAG(s) 'airbyte_to_dbt_pipeline_prod' retrieved from /opt/airflow/dags/prod/airbyte_to_dbt_prod.py
[2026-08-26T09:04:04.096+0000] {logging_mixin.py:190} INFO - [2026-08-26T09:04:04.096+0000] {dag.py:3239} INFO - Sync 1 DAGs
[2026-08-26T09:04:04.131+0000] {logging_mixin.py:190} INFO - [2026-08-26T09:04:04.131+0000] {dag.py:4180} INFO - Setting next_dagrun for airbyte_to_dbt_pipeline_prod to 2026-08-26 08:00:00+00:00, run_after=2026-08-26 09:00:00+00:00
[2026-08-26T09:04:04.154+0000] {processor.py:208} INFO - Processing /opt/airflow/dags/prod/airbyte_to_dbt_prod.py took 0.143 seconds
[2026-08-26T09:04:34.315+0000] {processor.py:186} INFO - Started process (PID=796) to work on /opt/airflow/dags/prod/airbyte_to_dbt_prod.py
[2026-08-26T09:04:34.316+0000] {processor.py:914} INFO - Processing file /opt/airflow/dags/prod/airbyte_to_dbt_prod.py for tasks to queue
[2026-08-26T09:04:34.319+0000] {logging_mixin.py:190} INFO - [2026-08-26T09:04:34.318+0000] {dagbag.py:588} INFO - Filling up the DagBag from /opt/airflow/dags/prod/airbyte_to_dbt_prod.py
[2026-08-26T09:04:34.339+0000] {processor.py:925} INFO - DAG(s) 'airbyte_to_dbt_pipeline_prod' retrieved from /opt/airflow/dags/prod/airbyte_to_dbt_prod.py
[2026-08-26T09:04:34.378+0000] {logging_mixin.py:190} INFO - [2026-08-26T09:04:34.378+0000] {dag.py:3239} INFO - Sync 1 DAGs
[2026-08-26T09:04:34.411+0000] {logging_mixin.py:190} INFO - [2026-08-26T09:04:34.410+0000] {dag.py:4180} INFO - Setting next_dagrun for airbyte_to_dbt_pipeline_prod to 2026-08-26 08:00:00+00:00, run_after=2026-08-26 09:00:00+00:00
[2026-08-26T09:04:34.436+0000] {processor.py:208} INFO - Processing /opt/airflow/dags/prod/airbyte_to_dbt_prod.py took 0.128 seconds
[2026-08-26T09:05:04.601+0000] {processor.py:186} INFO - Started process (PID=806) to work on /opt/airflow/dags/prod/airbyte_to_dbt_prod.py
[2026-08-26T09:05:04.602+0000] {processor.py:914} INFO - Processing file /opt/airflow/dags/prod/airbyte_to_dbt_prod.py for tasks to queue
[2026-08-26T09:05:04.605+0000] {logging_mixin.py:190} INFO - [2026-08-26T09:05:04.605+0000] {dagbag.py:588} INFO - Filling up the DagBag from /opt/airflow/dags/prod/airbyte_to_dbt_prod.py
[2026-08-26T09:05:04.625+0000] {processor.py:925} INFO - DAG(s) 'airbyte_to_dbt_pipeline_prod' retrieved from /opt/airflow/dags/prod/airbyte_to_dbt_prod.py
[2026-08-26T09:05:04.663+0000] {logging_mixin.py:190} INFO - [2026-08-26T09:05:04.663+0000] {dag.py:3239} INFO - Sync 1 DAGs
[2026-08-26T09:05:04.699+0000] {logging_mixin.py:190} INFO - [2026-08-26T09:05:04.699+0000] {dag.py:4180} INFO - Setting next_dagrun for airbyte_to_dbt_pipeline_prod to 2026-08-26 08:00:00+00:00, run_after=2026-08-26 09:00:00+00:00
[2026-08-26T09:05:04.722+0000] {processor.py:208} INFO - Processing /opt/airflow/dags/prod/airbyte_to_dbt_prod.py took 0.128 seconds
[2026-08-26T09:05:34.887+0000] {processor.py:186} INFO - Started process (PID=816) to work on /opt/airflow/dags/prod/airbyte_to_dbt_prod.py
[2026-08-26T09:05:34.888+0000] {processor.py:914} INFO - Processing file /opt/airflow/dags/prod/airbyte_to_dbt_prod.py for tasks to queue
[2026-08-26T09:05:34.891+0000] {logging_mixin.py:190} INFO - [2026-08-26T09:05:34.891+0000] {dagbag.py:588} INFO - Filling up the DagBag from /opt/airflow/dags/prod/airbyte_to_dbt_prod.py
[2026-08-26T09:05:34.913+0000] {processor.py:925} INFO - DAG(s) 'airbyte_to_dbt_pipeline_prod' retrieved from /opt/airflow/dags/prod/airbyte_to_dbt_prod.py
[2026-08-26T09:05:34.962+0000] {logging_mixin.py:190} INFO - [2026-08-26T09:05:34.961+0000] {dag.py:3239} INFO - Sync 1 DAGs
[2026-08-26T09:05:34.995+0000] {logging_mixin.py:190} INFO - [2026-08-26T09:05:34.995+0000] {dag.py:4180} INFO - Setting next_dagrun for airbyte_to_dbt_pipeline_prod to 2026-08-26 08:00:00+00:00, run_after=2026-08-26 09:00:00+00:00
[2026-08-26T09:05:35.019+0000] {processor.py:208} INFO - Processing /opt/airflow/dags/prod/airbyte_to_dbt_prod.py took 0.139 seconds
[2026-08-26T09:06:05.207+0000] {processor.py:186} INFO - Started process (PID=826) to work on /opt/airflow/dags/prod/airbyte_to_dbt_prod.py
[2026-08-26T09:06:05.208+0000] {processor.py:914} INFO - Processing file /opt/airflow/dags/prod/airbyte_to_dbt_prod.py for tasks to queue
[2026-08-26T09:06:05.211+0000] {logging_mixin.py:190} INFO - [2026-08-26T09:06:05.211+0000] {dagbag.py:588} INFO - Filling up the DagBag from /opt/airflow/dags/prod/airbyte_to_dbt_prod.py
[2026-08-26T09:06:05.234+0000] {processor.py:925} INFO - DAG(s) 'airbyte_to_dbt_pipeline_prod' retrieved from /opt/airflow/dags/prod/airbyte_to_dbt_prod.py
[2026-08-26T09:06:05.280+0000] {logging_mixin.py:190} INFO - [2026-08-26T09:06:05.280+0000] {dag.py:3239} INFO - Sync 1 DAGs
[2026-08-26T09:06:05.311+0000] {logging_mixin.py:190} INFO - [2026-08-26T09:06:05.311+0000] {dag.py:4180} INFO - Setting next_dagrun for airbyte_to_dbt_pipeline_prod to 2026-08-26 08:00:00+00:00, run_after=2026-08-26 09:00:00+00:00
[2026-08-26T09:06:05.333+0000] {processor.py:208} INFO - Processing /opt/airflow/dags/prod/airbyte_to_dbt_prod.py took 0.134 seconds
[2026-08-26T09:06:35.488+0000] {processor.py:186} INFO - Started process (PID=836) to work on /opt/airflow/dags/prod/airbyte_to_dbt_prod.py
[2026-08-26T09:06:35.489+0000] {processor.py:914} INFO - Processing file /opt/airflow/dags/prod/airbyte_to_dbt_prod.py for tasks to queue
[2026-08-26T09:06:35.492+0000] {logging_mixin.py:190} INFO - [2026-08-26T09:06:35.492+0000] {dagbag.py:588} INFO - Filling up the DagBag from /opt/airflow/dags/prod/airbyte_to_dbt_prod.py
[2026-08-26T09:06:35.520+0000] {processor.py:925} INFO - DAG(s) 'airbyte_to_dbt_pipeline_prod' retrieved from /opt/airflow/dags/prod/airbyte_to_dbt_prod.py
[2026-08-26T09:06:35.562+0000] {logging_mixin.py:190} INFO - [2026-08-26T09:06:35.562+0000] {dag.py:3239} INFO - Sync 1 DAGs
[2026-08-26T09:06:35.594+0000] {logging_mixin.py:190} INFO - [2026-08-26T09:06:35.594+0000] {dag.py:4180} INFO - Setting next_dagrun for airbyte_to_dbt_pipeline_prod to 2026-08-26 08:00:00+00:00, run_after=2026-08-26 09:00:00+00:00
[2026-08-26T09:06:35.618+0000] {processor.py:208} INFO - Processing /opt/airflow/dags/prod/airbyte_to_dbt_prod.py took 0.141 seconds
[2026-08-26T09:07:05.786+0000] {processor.py:186} INFO - Started process (PID=846) to work on /opt/airflow/dags/prod/airbyte_to_dbt_prod.py
[2026-08-26T09:07:05.787+0000] {processor.py:914} INFO - Processing file /opt/airflow/dags/prod/airbyte_to_dbt_prod.py for tasks to queue
[2026-08-26T09:07:05.790+0000] {logging_mixin.py:190} INFO - [2026-08-26T09:07:05.789+0000] {dagbag.py:588} INFO - Filling up the DagBag from /opt/airflow/dags/prod/airbyte_to_dbt_prod.py
[2026-08-26T09:07:05.809+0000] {processor.py:925} INFO - DAG(s) 'airbyte_to_dbt_pipeline_prod' retrieved from /opt/airflow/dags/prod/airbyte_to_dbt_prod.py
[2026-08-26T09:07:05.859+0000] {logging_mixin.py:190} INFO - [2026-08-26T09:07:05.858+0000] {dag.py:3239} INFO - Sync 1 DAGs
[2026-08-26T09:07:05.890+0000] {logging_mixin.py:190} INFO - [2026-08-26T09:07:05.890+0000] {dag.py:4180} INFO - Setting next_dagrun for airbyte_to_dbt_pipeline_prod to 2026-08-26 08:00:00+00:00, run_after=2026-08-26 09:00:00+00:00
[2026-08-26T09:07:05.917+0000] {processor.py:208} INFO - Processing /opt/airflow/dags/prod/airbyte_to_dbt_prod.py took 0.139 seconds
[2026-08-26T09:07:36.078+0000] {processor.py:186} INFO - Started process (PID=856) to work on /opt/airflow/dags/prod/airbyte_to_dbt_prod.py
[2026-08-26T09:07:36.079+0000] {processor.py:914} INFO - Processing file /opt/airflow/dags/prod/airbyte_to_dbt_prod.py for tasks to queue
[2026-08-26T09:07:36.082+0000] {logging_mixin.py:190} INFO - [2026-08-26T09:07:36.081+0000] {dagbag.py:588} INFO - Filling up the DagBag from /opt/airflow/dags/prod/airbyte_to_dbt_prod.py
[2026-08-26T09:07:36.104+0000] {processor.py:925} INFO - DAG(s) 'airbyte_to_dbt_pipeline_prod' retrieved from /opt/airflow/dags/prod/airbyte_to_dbt_prod.py
[2026-08-26T09:07:36.147+0000] {logging_mixin.py:190} INFO - [2026-08-26T09:07:36.146+0000] {dag.py:3239} INFO - Sync 1 DAGs
[2026-08-26T09:07:36.181+0000] {logging_mixin.py:190} INFO - [2026-08-26T09:07:36.181+0000] {dag.py:4180} INFO - Setting next_dagrun for airbyte_to_dbt_pipeline_prod to 2026-08-26 08:00:00+00:00, run_after=2026-08-26 09:00:00+00:00
[2026-08-26T09:07:36.204+0000] {processor.py:208} INFO - Processing /opt/airflow/dags/prod/airbyte_to_dbt_prod.py took 0.133 seconds
[2026-08-26T09:08:06.368+0000] {processor.py:186} INFO - Started process (PID=866) to work on /opt/airflow/dags/prod/airbyte_to_dbt_prod.py
[2026-08-26T09:08:06.370+0000] {processor.py:914} INFO - Processing file /opt/airflow/dags/prod/airbyte_to_dbt_prod.py for tasks to queue
[2026-08-26T09:08:06.373+0000] {logging_mixin.py:190} INFO - [2026-08-26T09:08:06.373+0000] {dagbag.py:588} INFO - Filling up the DagBag from /opt/airflow/dags/prod/airbyte_to_dbt_prod.py
[2026-08-26T09:08:06.401+0000] {processor.py:925} INFO - DAG(s) 'airbyte_to_dbt_pipeline_prod' retrieved from /opt/airflow/dags/prod/airbyte_to_dbt_prod.py
[2026-08-26T09:08:06.456+0000] {logging_mixin.py:190} INFO - [2026-08-26T09:08:06.456+0000] {dag.py:3239} INFO - Sync 1 DAGs
[2026-08-26T09:08:06.496+0000] {logging_mixin.py:190} INFO - [2026-08-26T09:08:06.496+0000] {dag.py:4180} INFO - Setting next_dagrun for airbyte_to_dbt_pipeline_prod to 2026-08-26 08:00:00+00:00, run_after=2026-08-26 09:00:00+00:00
[2026-08-26T09:08:06.522+0000] {processor.py:208} INFO - Processing /opt/airflow/dags/prod/airbyte_to_dbt_prod.py took 0.163 seconds
[2026-08-26T09:08:36.680+0000] {processor.py:186} INFO - Started process (PID=876) to work on /opt/airflow/dags/prod/airbyte_to_dbt_prod.py
[2026-08-26T09:08:36.681+0000] {processor.py:914} INFO - Processing file /opt/airflow/dags/prod/airbyte_to_dbt_prod.py for tasks to queue
[2026-08-26T09:08:36.683+0000] {logging_mixin.py:190} INFO - [2026-08-26T09:08:36.683+0000] {dagbag.py:588} INFO - Filling up the DagBag from /opt/airflow/dags/prod/airbyte_to_dbt_prod.py
[2026-08-26T09:08:36.705+0000] {processor.py:925} INFO - DAG(s) 'airbyte_to_dbt_pipeline_prod' retrieved from /opt/airflow/dags/prod/airbyte_to_dbt_prod.py
[2026-08-26T09:08:36.749+0000] {logging_mixin.py:190} INFO - [2026-08-26T09:08:36.749+0000] {dag.py:3239} INFO - Sync 1 DAGs
[2026-08-26T09:08:36.778+0000] {logging_mixin.py:190} INFO - [2026-08-26T09:08:36.778+0000] {dag.py:4180} INFO - Setting next_dagrun for airbyte_to_dbt_pipeline_prod to 2026-08-26 08:00:00+00:00, run_after=2026-08-26 09:00:00+00:00
[2026-08-26T09:08:36.801+0000] {processor.py:208} INFO - Processing /opt/airflow/dags/prod/airbyte_to_dbt_prod.py took 0.130 seconds
[2026-08-26T09:09:06.954+0000] {processor.py:186} INFO - Started process (PID=886) to work on /opt/airflow/dags/prod/airbyte_to_dbt_prod.py
[2026-08-26T09:09:06.955+0000] {processor.py:914} INFO - Processing file /opt/airflow/dags/prod/airbyte_to_dbt_prod.py for tasks to queue
[2026-08-26T09:09:06.958+0000] {logging_mixin.py:190} INFO - [2026-08-26T09:09:06.958+0000] {dagbag.py:588} INFO - Filling up the DagBag from /opt/airflow/dags/prod/airbyte_to_dbt_prod.py
[2026-08-26T09:09:06.979+0000] {processor.py:925} INFO - DAG(s) 'airbyte_to_dbt_pipeline_prod' retrieved from /opt/airflow/dags/prod/airbyte_to_dbt_prod.py
[2026-08-26T09:09:07.027+0000] {logging_mixin.py:190} INFO - [2026-08-26T09:09:07.027+0000] {dag.py:3239} INFO - Sync 1 DAGs
[2026-08-26T09:09:07.059+0000] {logging_mixin.py:190} INFO - [2026-08-26T09:09:07.058+0000] {dag.py:4180} INFO - Setting next_dagrun for airbyte_to_dbt_pipeline_prod to 2026-08-26 08:00:00+00:00, run_after=2026-08-26 09:00:00+00:00
[2026-08-26T09:09:07.082+0000] {processor.py:208} INFO - Processing /opt/airflow/dags/prod/airbyte_to_dbt_prod.py took 0.136 seconds
[2026-08-26T09:09:37.243+0000] {processor.py:186} INFO - Started process (PID=896) to work on /opt/airflow/dags/prod/airbyte_to_dbt_prod.py
[2026-08-26T09:09:37.244+0000] {processor.py:914} INFO - Processing file /opt/airflow/dags/prod/airbyte_to_dbt_prod.py for tasks to queue
[2026-08-26T09:09:37.247+0000] {logging_mixin.py:190} INFO - [2026-08-26T09:09:37.246+0000] {dagbag.py:588} INFO - Filling up the DagBag from /opt/airflow/dags/prod/airbyte_to_dbt_prod.py
[2026-08-26T09:09:37.267+0000] {processor.py:925} INFO - DAG(s) 'airbyte_to_dbt_pipeline_prod' retrieved from /opt/airflow/dags/prod/airbyte_to_dbt_prod.py
[2026-08-26T09:09:37.314+0000] {logging_mixin.py:190} INFO - [2026-08-26T09:09:37.314+0000] {dag.py:3239} INFO - Sync 1 DAGs
[2026-08-26T09:09:37.350+0000] {logging_mixin.py:190} INFO - [2026-08-26T09:09:37.349+0000] {dag.py:4180} INFO - Setting next_dagrun for airbyte_to_dbt_pipeline_prod to 2026-08-26 08:00:00+00:00, run_after=2026-08-26 09:00:00+00:00
[2026-08-26T09:09:37.374+0000] {processor.py:208} INFO - Processing /opt/airflow/dags/prod/airbyte_to_dbt_prod.py took 0.139 seconds
[2026-08-26T09:10:07.533+0000] {processor.py:186} INFO - Started process (PID=906) to work on /opt/airflow/dags/prod/airbyte_to_dbt_prod.py
[2026-08-26T09:10:07.535+0000] {processor.py:914} INFO - Processing file /opt/airflow/dags/prod/airbyte_to_dbt_prod.py for tasks to queue
[2026-08-26T09:10:07.537+0000] {logging_mixin.py:190} INFO - [2026-08-26T09:10:07.537+0000] {dagbag.py:588} INFO - Filling up the DagBag from /opt/airflow/dags/prod/airbyte_to_dbt_prod.py
[2026-08-26T09:10:07.557+0000] {processor.py:925} INFO - DAG(s) 'airbyte_to_dbt_pipeline_prod' retrieved from /opt/airflow/dags/prod/airbyte_to_dbt_prod.py
[2026-08-26T09:10:07.607+0000] {logging_mixin.py:190} INFO - [2026-08-26T09:10:07.606+0000] {dag.py:3239} INFO - Sync 1 DAGs
[2026-08-26T09:10:07.642+0000] {logging_mixin.py:190} INFO - [2026-08-26T09:10:07.642+0000] {dag.py:4180} INFO - Setting next_dagrun for airbyte_to_dbt_pipeline_prod to 2026-08-26 08:00:00+00:00, run_after=2026-08-26 09:00:00+00:00
[2026-08-26T09:10:07.665+0000] {processor.py:208} INFO - Processing /opt/airflow/dags/prod/airbyte_to_dbt_prod.py took 0.141 seconds
[2026-08-26T09:10:37.838+0000] {processor.py:186} INFO - Started process (PID=916) to work on /opt/airflow/dags/prod/airbyte_to_dbt_prod.py
[2026-08-26T09:10:37.839+0000] {processor.py:914} INFO - Processing file /opt/airflow/dags/prod/airbyte_to_dbt_prod.py for tasks to queue
[2026-08-26T09:10:37.842+0000] {logging_mixin.py:190} INFO - [2026-08-26T09:10:37.841+0000] {dagbag.py:588} INFO - Filling up the DagBag from /opt/airflow/dags/prod/airbyte_to_dbt_prod.py
[2026-08-26T09:10:37.864+0000] {processor.py:925} INFO - DAG(s) 'airbyte_to_dbt_pipeline_prod' retrieved from /opt/airflow/dags/prod/airbyte_to_dbt_prod.py
[2026-08-26T09:10:37.903+0000] {logging_mixin.py:190} INFO - [2026-08-26T09:10:37.903+0000] {dag.py:3239} INFO - Sync 1 DAGs
[2026-08-26T09:10:37.938+0000] {logging_mixin.py:190} INFO - [2026-08-26T09:10:37.938+0000] {dag.py:4180} INFO - Setting next_dagrun for airbyte_to_dbt_pipeline_prod to 2026-08-26 08:00:00+00:00, run_after=2026-08-26 09:00:00+00:00
[2026-08-26T09:10:37.961+0000] {processor.py:208} INFO - Processing /opt/airflow/dags/prod/airbyte_to_dbt_prod.py took 0.132 seconds
[2026-08-26T09:11:08.130+0000] {processor.py:186} INFO - Started process (PID=926) to work on /opt/airflow/dags/prod/airbyte_to_dbt_prod.py
[2026-08-26T09:11:08.132+0000] {processor.py:914} INFO - Processing file /opt/airflow/dags/prod/airbyte_to_dbt_prod.py for tasks to queue
[2026-08-26T09:11:08.134+0000] {logging_mixin.py:190} INFO - [2026-08-26T09:11:08.134+0000] {dagbag.py:588} INFO - Filling up the DagBag from /opt/airflow/dags/prod/airbyte_to_dbt_prod.py
[2026-08-26T09:11:08.155+0000] {processor.py:925} INFO - DAG(s) 'airbyte_to_dbt_pipeline_prod' retrieved from /opt/airflow/dags/prod/airbyte_to_dbt_prod.py
[2026-08-26T09:11:08.208+0000] {logging_mixin.py:190} INFO - [2026-08-26T09:11:08.208+0000] {dag.py:3239} INFO - Sync 1 DAGs
[2026-08-26T09:11:08.242+0000] {logging_mixin.py:190} INFO - [2026-08-26T09:11:08.241+0000] {dag.py:4180} INFO - Setting next_dagrun for airbyte_to_dbt_pipeline_prod to 2026-08-26 08:00:00+00:00, run_after=2026-08-26 09:00:00+00:00
[2026-08-26T09:11:08.264+0000] {processor.py:208} INFO - Processing /opt/airflow/dags/prod/airbyte_to_dbt_prod.py took 0.141 seconds
[2026-08-26T09:11:38.425+0000] {processor.py:186} INFO - Started process (PID=936) to work on /opt/airflow/dags/prod/airbyte_to_dbt_prod.py
[2026-08-26T09:11:38.426+0000] {processor.py:914} INFO - Processing file /opt/airflow/dags/prod/airbyte_to_dbt_prod.py for tasks to queue
[2026-08-26T09:11:38.429+0000] {logging_mixin.py:190} INFO - [2026-08-26T09:11:38.428+0000] {dagbag.py:588} INFO - Filling up the DagBag from /opt/airflow/dags/prod/airbyte_to_dbt_prod.py
[2026-08-26T09:11:38.449+0000] {processor.py:925} INFO - DAG(s) 'airbyte_to_dbt_pipeline_prod' retrieved from /opt/airflow/dags/prod/airbyte_to_dbt_prod.py
[2026-08-26T09:11:38.487+0000] {logging_mixin.py:190} INFO - [2026-08-26T09:11:38.487+0000] {dag.py:3239} INFO - Sync 1 DAGs
[2026-08-26T09:11:38.515+0000] {logging_mixin.py:190} INFO - [2026-08-26T09:11:38.515+0000] {dag.py:4180} INFO - Setting next_dagrun for airbyte_to_dbt_pipeline_prod to 2026-08-26 08:00:00+00:00, run_after=2026-08-26 09:00:00+00:00
[2026-08-26T09:11:38.538+0000] {processor.py:208} INFO - Processing /opt/airflow/dags/prod/airbyte_to_dbt_prod.py took 0.121 seconds
[2026-08-26T09:12:08.696+0000] {processor.py:186} INFO - Started process (PID=946) to work on /opt/airflow/dags/prod/airbyte_to_dbt_prod.py
[2026-08-26T09:12:08.697+0000] {processor.py:914} INFO - Processing file /opt/airflow/dags/prod/airbyte_to_dbt_prod.py for tasks to queue
[2026-08-26T09:12:08.700+0000] {logging_mixin.py:190} INFO - [2026-08-26T09:12:08.700+0000] {dagbag.py:588} INFO - Filling up the DagBag from /opt/airflow/dags/prod/airbyte_to_dbt_prod.py
[2026-08-26T09:12:08.720+0000] {processor.py:925} INFO - DAG(s) 'airbyte_to_dbt_pipeline_prod' retrieved from /opt/airflow/dags/prod/airbyte_to_dbt_prod.py
[2026-08-26T09:12:08.769+0000] {logging_mixin.py:190} INFO - [2026-08-26T09:12:08.769+0000] {dag.py:3239} INFO - Sync 1 DAGs
[2026-08-26T09:12:08.804+0000] {logging_mixin.py:190} INFO - [2026-08-26T09:12:08.803+0000] {dag.py:4180} INFO - Setting next_dagrun for airbyte_to_dbt_pipeline_prod to 2026-08-26 08:00:00+00:00, run_after=2026-08-26 09:00:00+00:00
[2026-08-26T09:12:08.827+0000] {processor.py:208} INFO - Processing /opt/airflow/dags/prod/airbyte_to_dbt_prod.py took 0.140 seconds
[2026-08-26T09:12:38.986+0000] {processor.py:186} INFO - Started process (PID=956) to work on /opt/airflow/dags/prod/airbyte_to_dbt_prod.py
[2026-08-26T09:12:38.987+0000] {processor.py:914} INFO - Processing file /opt/airflow/dags/prod/airbyte_to_dbt_prod.py for tasks to queue
[2026-08-26T09:12:38.991+0000] {logging_mixin.py:190} INFO - [2026-08-26T09:12:38.990+0000] {dagbag.py:588} INFO - Filling up the DagBag from /opt/airflow/dags/prod/airbyte_to_dbt_prod.py
[2026-08-26T09:12:39.017+0000] {processor.py:925} INFO - DAG(s) 'airbyte_to_dbt_pipeline_prod' retrieved from /opt/airflow/dags/prod/airbyte_to_dbt_prod.py
[2026-08-26T09:12:39.067+0000] {logging_mixin.py:190} INFO - [2026-08-26T09:12:39.066+0000] {dag.py:3239} INFO - Sync 1 DAGs
[2026-08-26T09:12:39.104+0000] {logging_mixin.py:190} INFO - [2026-08-26T09:12:39.104+0000] {dag.py:4180} INFO - Setting next_dagrun for airbyte_to_dbt_pipeline_prod to 2026-08-26 08:00:00+00:00, run_after=2026-08-26 09:00:00+00:00
[2026-08-26T09:12:39.130+0000] {processor.py:208} INFO - Processing /opt/airflow/dags/prod/airbyte_to_dbt_prod.py took 0.155 seconds
[2026-08-26T09:13:09.283+0000] {processor.py:186} INFO - Started process (PID=966) to work on /opt/airflow/dags/prod/airbyte_to_dbt_prod.py
[2026-08-26T09:13:09.284+0000] {processor.py:914} INFO - Processing file /opt/airflow/dags/prod/airbyte_to_dbt_prod.py for tasks to queue
[2026-08-26T09:13:09.287+0000] {logging_mixin.py:190} INFO - [2026-08-26T09:13:09.286+0000] {dagbag.py:588} INFO - Filling up the DagBag from /opt/airflow/dags/prod/airbyte_to_dbt_prod.py
[2026-08-26T09:13:09.308+0000] {processor.py:925} INFO - DAG(s) 'airbyte_to_dbt_pipeline_prod' retrieved from /opt/airflow/dags/prod/airbyte_to_dbt_prod.py
[2026-08-26T09:13:09.357+0000] {logging_mixin.py:190} INFO - [2026-08-26T09:13:09.356+0000] {dag.py:3239} INFO - Sync 1 DAGs
[2026-08-26T09:13:09.393+0000] {logging_mixin.py:190} INFO - [2026-08-26T09:13:09.393+0000] {dag.py:4180} INFO - Setting next_dagrun for airbyte_to_dbt_pipeline_prod to 2026-08-26 08:00:00+00:00, run_after=2026-08-26 09:00:00+00:00
[2026-08-26T09:13:09.418+0000] {processor.py:208} INFO - Processing /opt/airflow/dags/prod/airbyte_to_dbt_prod.py took 0.143 seconds
[2026-08-26T09:13:39.584+0000] {processor.py:186} INFO - Started process (PID=976) to work on /opt/airflow/dags/prod/airbyte_to_dbt_prod.py
[2026-08-26T09:13:39.585+0000] {processor.py:914} INFO - Processing file /opt/airflow/dags/prod/airbyte_to_dbt_prod.py for tasks to queue
[2026-08-26T09:13:39.587+0000] {logging_mixin.py:190} INFO - [2026-08-26T09:13:39.587+0000] {dagbag.py:588} INFO - Filling up the DagBag from /opt/airflow/dags/prod/airbyte_to_dbt_prod.py
[2026-08-26T09:13:39.609+0000] {processor.py:925} INFO - DAG(s) 'airbyte_to_dbt_pipeline_prod' retrieved from /opt/airflow/dags/prod/airbyte_to_dbt_prod.py
[2026-08-26T09:13:39.645+0000] {logging_mixin.py:190} INFO - [2026-08-26T09:13:39.645+0000] {dag.py:3239} INFO - Sync 1 DAGs
[2026-08-26T09:13:39.671+0000] {logging_mixin.py:190} INFO - [2026-08-26T09:13:39.671+0000] {dag.py:4180} INFO - Setting next_dagrun for airbyte_to_dbt_pipeline_prod to 2026-08-26 08:00:00+00:00, run_after=2026-08-26 09:00:00+00:00
[2026-08-26T09:13:39.694+0000] {processor.py:208} INFO - Processing /opt/airflow/dags/prod/airbyte_to_dbt_prod.py took 0.118 seconds
[2026-08-26T09:14:09.860+0000] {processor.py:186} INFO - Started process (PID=986) to work on /opt/airflow/dags/prod/airbyte_to_dbt_prod.py
[2026-08-26T09:14:09.861+0000] {processor.py:914} INFO - Processing file /opt/airflow/dags/prod/airbyte_to_dbt_prod.py for tasks to queue
[2026-08-26T09:14:09.863+0000] {logging_mixin.py:190} INFO - [2026-08-26T09:14:09.863+0000] {dagbag.py:588} INFO - Filling up the DagBag from /opt/airflow/dags/prod/airbyte_to_dbt_prod.py
[2026-08-26T09:14:09.883+0000] {processor.py:925} INFO - DAG(s) 'airbyte_to_dbt_pipeline_prod' retrieved from /opt/airflow/dags/prod/airbyte_to_dbt_prod.py
[2026-08-26T09:14:09.932+0000] {logging_mixin.py:190} INFO - [2026-08-26T09:14:09.932+0000] {dag.py:3239} INFO - Sync 1 DAGs
[2026-08-26T09:14:09.962+0000] {logging_mixin.py:190} INFO - [2026-08-26T09:14:09.961+0000] {dag.py:4180} INFO - Setting next_dagrun for airbyte_to_dbt_pipeline_prod to 2026-08-26 08:00:00+00:00, run_after=2026-08-26 09:00:00+00:00
[2026-08-26T09:14:09.987+0000] {processor.py:208} INFO - Processing /opt/airflow/dags/prod/airbyte_to_dbt_prod.py took 0.135 seconds
[2026-08-26T09:14:40.155+0000] {processor.py:186} INFO - Started process (PID=996) to work on /opt/airflow/dags/prod/airbyte_to_dbt_prod.py
[2026-08-26T09:14:40.156+0000] {processor.py:914} INFO - Processing file /opt/airflow/dags/prod/airbyte_to_dbt_prod.py for tasks to queue
[2026-08-26T09:14:40.158+0000] {logging_mixin.py:190} INFO - [2026-08-26T09:14:40.158+0000] {dagbag.py:588} INFO - Filling up the DagBag from /opt/airflow/dags/prod/airbyte_to_dbt_prod.py
[2026-08-26T09:14:40.184+0000] {processor.py:925} INFO - DAG(s) 'airbyte_to_dbt_pipeline_prod' retrieved from /opt/airflow/dags/prod/airbyte_to_dbt_prod.py
[2026-08-26T09:14:40.224+0000] {logging_mixin.py:190} INFO - [2026-08-26T09:14:40.223+0000] {dag.py:3239} INFO - Sync 1 DAGs
[2026-08-26T09:14:40.254+0000] {logging_mixin.py:190} INFO - [2026-08-26T09:14:40.253+0000] {dag.py:4180} INFO - Setting next_dagrun for airbyte_to_dbt_pipeline_prod to 2026-08-26 08:00:00+00:00, run_after=2026-08-26 09:00:00+00:00
[2026-08-26T09:14:40.276+0000] {processor.py:208} INFO - Processing /opt/airflow/dags/prod/airbyte_to_dbt_prod.py took 0.128 seconds
[2026-08-26T09:15:10.440+0000] {processor.py:186} INFO - Started process (PID=1006) to work on /opt/airflow/dags/prod/airbyte_to_dbt_prod.py
[2026-08-26T09:15:10.441+0000] {processor.py:914} INFO - Processing file /opt/airflow/dags/prod/airbyte_to_dbt_prod.py for tasks to queue
[2026-08-26T09:15:10.444+0000] {logging_mixin.py:190} INFO - [2026-08-26T09:15:10.443+0000] {dagbag.py:588} INFO - Filling up the DagBag from /opt/airflow/dags/prod/airbyte_to_dbt_prod.py
[2026-08-26T09:15:10.464+0000] {processor.py:925} INFO - DAG(s) 'airbyte_to_dbt_pipeline_prod' retrieved from /opt/airflow/dags/prod/airbyte_to_dbt_prod.py
[2026-08-26T09:15:10.513+0000] {logging_mixin.py:190} INFO - [2026-08-26T09:15:10.512+0000] {dag.py:3239} INFO - Sync 1 DAGs
[2026-08-26T09:15:10.546+0000] {logging_mixin.py:190} INFO - [2026-08-26T09:15:10.546+0000] {dag.py:4180} INFO - Setting next_dagrun for airbyte_to_dbt_pipeline_prod to 2026-08-26 08:00:00+00:00, run_after=2026-08-26 09:00:00+00:00
[2026-08-26T09:15:10.566+0000] {processor.py:208} INFO - Processing /opt/airflow/dags/prod/airbyte_to_dbt_prod.py took 0.134 seconds
[2026-08-26T09:15:40.727+0000] {processor.py:186} INFO - Started process (PID=1016) to work on /opt/airflow/dags/prod/airbyte_to_dbt_prod.py
[2026-08-26T09:15:40.728+0000] {processor.py:914} INFO - Processing file /opt/airflow/dags/prod/airbyte_to_dbt_prod.py for tasks to queue
[2026-08-26T09:15:40.732+0000] {logging_mixin.py:190} INFO - [2026-08-26T09:15:40.731+0000] {dagbag.py:588} INFO - Filling up the DagBag from /opt/airflow/dags/prod/airbyte_to_dbt_prod.py
[2026-08-26T09:15:40.759+0000] {processor.py:925} INFO - DAG(s) 'airbyte_to_dbt_pipeline_prod' retrieved from /opt/airflow/dags/prod/airbyte_to_dbt_prod.py
[2026-08-26T09:15:40.808+0000] {logging_mixin.py:190} INFO - [2026-08-26T09:15:40.808+0000] {dag.py:3239} INFO - Sync 1 DAGs
[2026-08-26T09:15:40.841+0000] {logging_mixin.py:190} INFO - [2026-08-26T09:15:40.841+0000] {dag.py:4180} INFO - Setting next_dagrun for airbyte_to_dbt_pipeline_prod to 2026-08-26 08:00:00+00:00, run_after=2026-08-26 09:00:00+00:00
[2026-08-26T09:15:40.862+0000] {processor.py:208} INFO - Processing /opt/airflow/dags/prod/airbyte_to_dbt_prod.py took 0.146 seconds
[2026-08-26T09:16:11.037+0000] {processor.py:186} INFO - Started process (PID=1026) to work on /opt/airflow/dags/prod/airbyte_to_dbt_prod.py
[2026-08-26T09:16:11.038+0000] {processor.py:914} INFO - Processing file /opt/airflow/dags/prod/airbyte_to_dbt_prod.py for tasks to queue
[2026-08-26T09:16:11.042+0000] {logging_mixin.py:190} INFO - [2026-08-26T09:16:11.041+0000] {dagbag.py:588} INFO - Filling up the DagBag from /opt/airflow/dags/prod/airbyte_to_dbt_prod.py
[2026-08-26T09:16:11.070+0000] {processor.py:925} INFO - DAG(s) 'airbyte_to_dbt_pipeline_prod' retrieved from /opt/airflow/dags/prod/airbyte_to_dbt_prod.py
[2026-08-26T09:16:11.120+0000] {logging_mixin.py:190} INFO - [2026-08-26T09:16:11.120+0000] {dag.py:3239} INFO - Sync 1 DAGs
[2026-08-26T09:16:11.155+0000] {logging_mixin.py:190} INFO - [2026-08-26T09:16:11.155+0000] {dag.py:4180} INFO - Setting next_dagrun for airbyte_to_dbt_pipeline_prod to 2026-08-26 08:00:00+00:00, run_after=2026-08-26 09:00:00+00:00
[2026-08-26T09:16:11.182+0000] {processor.py:208} INFO - Processing /opt/airflow/dags/prod/airbyte_to_dbt_prod.py took 0.156 seconds
[2026-08-26T09:16:41.349+0000] {processor.py:186} INFO - Started process (PID=1036) to work on /opt/airflow/dags/prod/airbyte_to_dbt_prod.py
[2026-08-26T09:16:41.350+0000] {processor.py:914} INFO - Processing file /opt/airflow/dags/prod/airbyte_to_dbt_prod.py for tasks to queue
[2026-08-26T09:16:41.353+0000] {logging_mixin.py:190} INFO - [2026-08-26T09:16:41.353+0000] {dagbag.py:588} INFO - Filling up the DagBag from /opt/airflow/dags/prod/airbyte_to_dbt_prod.py
[2026-08-26T09:16:41.374+0000] {processor.py:925} INFO - DAG(s) 'airbyte_to_dbt_pipeline_prod' retrieved from /opt/airflow/dags/prod/airbyte_to_dbt_prod.py
[2026-08-26T09:16:41.413+0000] {logging_mixin.py:190} INFO - [2026-08-26T09:16:41.412+0000] {dag.py:3239} INFO - Sync 1 DAGs
[2026-08-26T09:16:41.446+0000] {logging_mixin.py:190} INFO - [2026-08-26T09:16:41.446+0000] {dag.py:4180} INFO - Setting next_dagrun for airbyte_to_dbt_pipeline_prod to 2026-08-26 08:00:00+00:00, run_after=2026-08-26 09:00:00+00:00
[2026-08-26T09:16:41.470+0000] {processor.py:208} INFO - Processing /opt/airflow/dags/prod/airbyte_to_dbt_prod.py took 0.128 seconds
[2026-08-26T09:29:45.335+0000] {processor.py:186} INFO - Started process (PID=1044) to work on /opt/airflow/dags/prod/airbyte_to_dbt_prod.py
[2026-08-26T09:29:45.356+0000] {processor.py:914} INFO - Processing file /opt/airflow/dags/prod/airbyte_to_dbt_prod.py for tasks to queue
[2026-08-26T09:29:45.365+0000] {logging_mixin.py:190} INFO - [2026-08-26T09:29:45.364+0000] {dagbag.py:588} INFO - Filling up the DagBag from /opt/airflow/dags/prod/airbyte_to_dbt_prod.py
[2026-08-26T09:29:45.411+0000] {processor.py:925} INFO - DAG(s) 'airbyte_to_dbt_pipeline_prod' retrieved from /opt/airflow/dags/prod/airbyte_to_dbt_prod.py
[2026-08-26T09:29:45.478+0000] {logging_mixin.py:190} INFO - [2026-08-26T09:29:45.477+0000] {dag.py:3239} INFO - Sync 1 DAGs
[2026-08-26T09:29:45.519+0000] {logging_mixin.py:190} INFO - [2026-08-26T09:29:45.519+0000] {dag.py:4180} INFO - Setting next_dagrun for airbyte_to_dbt_pipeline_prod to 2026-08-26 08:00:00+00:00, run_after=2026-08-26 09:00:00+00:00
[2026-08-26T09:29:45.579+0000] {processor.py:208} INFO - Processing /opt/airflow/dags/prod/airbyte_to_dbt_prod.py took 0.269 seconds
[2026-08-26T09:30:16.037+0000] {processor.py:186} INFO - Started process (PID=1054) to work on /opt/airflow/dags/prod/airbyte_to_dbt_prod.py
[2026-08-26T09:30:16.042+0000] {processor.py:914} INFO - Processing file /opt/airflow/dags/prod/airbyte_to_dbt_prod.py for tasks to queue
[2026-08-26T09:30:16.088+0000] {logging_mixin.py:190} INFO - [2026-08-26T09:30:16.087+0000] {dagbag.py:588} INFO - Filling up the DagBag from /opt/airflow/dags/prod/airbyte_to_dbt_prod.py
[2026-08-26T09:30:16.382+0000] {processor.py:925} INFO - DAG(s) 'airbyte_to_dbt_pipeline_prod' retrieved from /opt/airflow/dags/prod/airbyte_to_dbt_prod.py
[2026-08-26T09:30:16.605+0000] {logging_mixin.py:190} INFO - [2026-08-26T09:30:16.605+0000] {dag.py:3239} INFO - Sync 1 DAGs
[2026-08-26T09:30:16.735+0000] {logging_mixin.py:190} INFO - [2026-08-26T09:30:16.735+0000] {dag.py:4180} INFO - Setting next_dagrun for airbyte_to_dbt_pipeline_prod to 2026-08-26 08:00:00+00:00, run_after=2026-08-26 09:00:00+00:00
[2026-08-26T09:30:16.759+0000] {processor.py:208} INFO - Processing /opt/airflow/dags/prod/airbyte_to_dbt_prod.py took 0.892 seconds
[2026-08-26T09:30:46.911+0000] {processor.py:186} INFO - Started process (PID=1066) to work on /opt/airflow/dags/prod/airbyte_to_dbt_prod.py
[2026-08-26T09:30:46.912+0000] {processor.py:914} INFO - Processing file /opt/airflow/dags/prod/airbyte_to_dbt_prod.py for tasks to queue
[2026-08-26T09:30:46.915+0000] {logging_mixin.py:190} INFO - [2026-08-26T09:30:46.914+0000] {dagbag.py:588} INFO - Filling up the DagBag from /opt/airflow/dags/prod/airbyte_to_dbt_prod.py
[2026-08-26T09:30:46.939+0000] {processor.py:925} INFO - DAG(s) 'airbyte_to_dbt_pipeline_prod' retrieved from /opt/airflow/dags/prod/airbyte_to_dbt_prod.py
[2026-08-26T09:30:46.977+0000] {logging_mixin.py:190} INFO - [2026-08-26T09:30:46.976+0000] {dag.py:3239} INFO - Sync 1 DAGs
[2026-08-26T09:30:47.004+0000] {logging_mixin.py:190} INFO - [2026-08-26T09:30:47.004+0000] {dag.py:4180} INFO - Setting next_dagrun for airbyte_to_dbt_pipeline_prod to 2026-08-26 08:00:00+00:00, run_after=2026-08-26 09:00:00+00:00
[2026-08-26T09:30:47.026+0000] {processor.py:208} INFO - Processing /opt/airflow/dags/prod/airbyte_to_dbt_prod.py took 0.125 seconds
[2026-08-26T09:31:17.204+0000] {processor.py:186} INFO - Started process (PID=1076) to work on /opt/airflow/dags/prod/airbyte_to_dbt_prod.py
[2026-08-26T09:31:17.205+0000] {processor.py:914} INFO - Processing file /opt/airflow/dags/prod/airbyte_to_dbt_prod.py for tasks to queue
[2026-08-26T09:31:17.208+0000] {logging_mixin.py:190} INFO - [2026-08-26T09:31:17.208+0000] {dagbag.py:588} INFO - Filling up the DagBag from /opt/airflow/dags/prod/airbyte_to_dbt_prod.py
[2026-08-26T09:31:17.233+0000] {processor.py:925} INFO - DAG(s) 'airbyte_to_dbt_pipeline_prod' retrieved from /opt/airflow/dags/prod/airbyte_to_dbt_prod.py
[2026-08-26T09:31:17.285+0000] {logging_mixin.py:190} INFO - [2026-08-26T09:31:17.284+0000] {dag.py:3239} INFO - Sync 1 DAGs
[2026-08-26T09:31:17.324+0000] {logging_mixin.py:190} INFO - [2026-08-26T09:31:17.323+0000] {dag.py:4180} INFO - Setting next_dagrun for airbyte_to_dbt_pipeline_prod to 2026-08-26 08:00:00+00:00, run_after=2026-08-26 09:00:00+00:00
[2026-08-26T09:31:17.350+0000] {processor.py:208} INFO - Processing /opt/airflow/dags/prod/airbyte_to_dbt_prod.py took 0.156 seconds
[2026-08-26T09:31:47.511+0000] {processor.py:186} INFO - Started process (PID=1086) to work on /opt/airflow/dags/prod/airbyte_to_dbt_prod.py
[2026-08-26T09:31:47.512+0000] {processor.py:914} INFO - Processing file /opt/airflow/dags/prod/airbyte_to_dbt_prod.py for tasks to queue
[2026-08-26T09:31:47.515+0000] {logging_mixin.py:190} INFO - [2026-08-26T09:31:47.514+0000] {dagbag.py:588} INFO - Filling up the DagBag from /opt/airflow/dags/prod/airbyte_to_dbt_prod.py
[2026-08-26T09:31:47.534+0000] {processor.py:925} INFO - DAG(s) 'airbyte_to_dbt_pipeline_prod' retrieved from /opt/airflow/dags/prod/airbyte_to_dbt_prod.py
[2026-08-26T09:31:47.572+0000] {logging_mixin.py:190} INFO - [2026-08-26T09:31:47.572+0000] {dag.py:3239} INFO - Sync 1 DAGs
[2026-08-26T09:31:47.601+0000] {logging_mixin.py:190} INFO - [2026-08-26T09:31:47.601+0000] {dag.py:4180} INFO - Setting next_dagrun for airbyte_to_dbt_pipeline_prod to 2026-08-26 08:00:00+00:00, run_after=2026-08-26 09:00:00+00:00
[2026-08-26T09:31:47.627+0000] {processor.py:208} INFO - Processing /opt/airflow/dags/prod/airbyte_to_dbt_prod.py took 0.123 seconds
[2026-08-26T09:32:17.797+0000] {processor.py:186} INFO - Started process (PID=1096) to work on /opt/airflow/dags/prod/airbyte_to_dbt_prod.py
[2026-08-26T09:32:17.798+0000] {processor.py:914} INFO - Processing file /opt/airflow/dags/prod/airbyte_to_dbt_prod.py for tasks to queue
[2026-08-26T09:32:17.801+0000] {logging_mixin.py:190} INFO - [2026-08-26T09:32:17.801+0000] {dagbag.py:588} INFO - Filling up the DagBag from /opt/airflow/dags/prod/airbyte_to_dbt_prod.py
[2026-08-26T09:32:17.822+0000] {processor.py:925} INFO - DAG(s) 'airbyte_to_dbt_pipeline_prod' retrieved from /opt/airflow/dags/prod/airbyte_to_dbt_prod.py
[2026-08-26T09:32:17.873+0000] {logging_mixin.py:190} INFO - [2026-08-26T09:32:17.873+0000] {dag.py:3239} INFO - Sync 1 DAGs
[2026-08-26T09:32:17.911+0000] {logging_mixin.py:190} INFO - [2026-08-26T09:32:17.911+0000] {dag.py:4180} INFO - Setting next_dagrun for airbyte_to_dbt_pipeline_prod to 2026-08-26 08:00:00+00:00, run_after=2026-08-26 09:00:00+00:00
[2026-08-26T09:32:17.935+0000] {processor.py:208} INFO - Processing /opt/airflow/dags/prod/airbyte_to_dbt_prod.py took 0.147 seconds
[2026-08-26T09:32:48.090+0000] {processor.py:186} INFO - Started process (PID=1106) to work on /opt/airflow/dags/prod/airbyte_to_dbt_prod.py
[2026-08-26T09:32:48.091+0000] {processor.py:914} INFO - Processing file /opt/airflow/dags/prod/airbyte_to_dbt_prod.py for tasks to queue
[2026-08-26T09:32:48.094+0000] {logging_mixin.py:190} INFO - [2026-08-26T09:32:48.093+0000] {dagbag.py:588} INFO - Filling up the DagBag from /opt/airflow/dags/prod/airbyte_to_dbt_prod.py
[2026-08-26T09:32:48.115+0000] {processor.py:925} INFO - DAG(s) 'airbyte_to_dbt_pipeline_prod' retrieved from /opt/airflow/dags/prod/airbyte_to_dbt_prod.py
[2026-08-26T09:32:48.153+0000] {logging_mixin.py:190} INFO - [2026-08-26T09:32:48.153+0000] {dag.py:3239} INFO - Sync 1 DAGs
[2026-08-26T09:32:48.187+0000] {logging_mixin.py:190} INFO - [2026-08-26T09:32:48.187+0000] {dag.py:4180} INFO - Setting next_dagrun for airbyte_to_dbt_pipeline_prod to 2026-08-26 08:00:00+00:00, run_after=2026-08-26 09:00:00+00:00
[2026-08-26T09:32:48.210+0000] {processor.py:208} INFO - Processing /opt/airflow/dags/prod/airbyte_to_dbt_prod.py took 0.130 seconds
[2026-08-26T09:33:18.370+0000] {processor.py:186} INFO - Started process (PID=1116) to work on /opt/airflow/dags/prod/airbyte_to_dbt_prod.py
[2026-08-26T09:33:18.371+0000] {processor.py:914} INFO - Processing file /opt/airflow/dags/prod/airbyte_to_dbt_prod.py for tasks to queue
[2026-08-26T09:33:18.374+0000] {logging_mixin.py:190} INFO - [2026-08-26T09:33:18.374+0000] {dagbag.py:588} INFO - Filling up the DagBag from /opt/airflow/dags/prod/airbyte_to_dbt_prod.py
[2026-08-26T09:33:18.396+0000] {processor.py:925} INFO - DAG(s) 'airbyte_to_dbt_pipeline_prod' retrieved from /opt/airflow/dags/prod/airbyte_to_dbt_prod.py
[2026-08-26T09:33:18.434+0000] {logging_mixin.py:190} INFO - [2026-08-26T09:33:18.433+0000] {dag.py:3239} INFO - Sync 1 DAGs
[2026-08-26T09:33:18.466+0000] {logging_mixin.py:190} INFO - [2026-08-26T09:33:18.466+0000] {dag.py:4180} INFO - Setting next_dagrun for airbyte_to_dbt_pipeline_prod to 2026-08-26 08:00:00+00:00, run_after=2026-08-26 09:00:00+00:00
[2026-08-26T09:33:18.489+0000] {processor.py:208} INFO - Processing /opt/airflow/dags/prod/airbyte_to_dbt_prod.py took 0.128 seconds
[2026-08-26T09:33:48.652+0000] {processor.py:186} INFO - Started process (PID=1126) to work on /opt/airflow/dags/prod/airbyte_to_dbt_prod.py
[2026-08-26T09:33:48.653+0000] {processor.py:914} INFO - Processing file /opt/airflow/dags/prod/airbyte_to_dbt_prod.py for tasks to queue
[2026-08-26T09:33:48.656+0000] {logging_mixin.py:190} INFO - [2026-08-26T09:33:48.656+0000] {dagbag.py:588} INFO - Filling up the DagBag from /opt/airflow/dags/prod/airbyte_to_dbt_prod.py
[2026-08-26T09:33:48.684+0000] {processor.py:925} INFO - DAG(s) 'airbyte_to_dbt_pipeline_prod' retrieved from /opt/airflow/dags/prod/airbyte_to_dbt_prod.py
[2026-08-26T09:33:48.726+0000] {logging_mixin.py:190} INFO - [2026-08-26T09:33:48.726+0000] {dag.py:3239} INFO - Sync 1 DAGs
[2026-08-26T09:33:48.757+0000] {logging_mixin.py:190} INFO - [2026-08-26T09:33:48.757+0000] {dag.py:4180} INFO - Setting next_dagrun for airbyte_to_dbt_pipeline_prod to 2026-08-26 08:00:00+00:00, run_after=2026-08-26 09:00:00+00:00
[2026-08-26T09:33:48.781+0000] {processor.py:208} INFO - Processing /opt/airflow/dags/prod/airbyte_to_dbt_prod.py took 0.139 seconds
[2026-08-26T09:34:18.943+0000] {processor.py:186} INFO - Started process (PID=1136) to work on /opt/airflow/dags/prod/airbyte_to_dbt_prod.py
[2026-08-26T09:34:18.945+0000] {processor.py:914} INFO - Processing file /opt/airflow/dags/prod/airbyte_to_dbt_prod.py for tasks to queue
[2026-08-26T09:34:18.949+0000] {logging_mixin.py:190} INFO - [2026-08-26T09:34:18.948+0000] {dagbag.py:588} INFO - Filling up the DagBag from /opt/airflow/dags/prod/airbyte_to_dbt_prod.py
[2026-08-26T09:34:18.974+0000] {processor.py:925} INFO - DAG(s) 'airbyte_to_dbt_pipeline_prod' retrieved from /opt/airflow/dags/prod/airbyte_to_dbt_prod.py
[2026-08-26T09:34:19.024+0000] {logging_mixin.py:190} INFO - [2026-08-26T09:34:19.024+0000] {dag.py:3239} INFO - Sync 1 DAGs
[2026-08-26T09:34:19.059+0000] {logging_mixin.py:190} INFO - [2026-08-26T09:34:19.059+0000] {dag.py:4180} INFO - Setting next_dagrun for airbyte_to_dbt_pipeline_prod to 2026-08-26 08:00:00+00:00, run_after=2026-08-26 09:00:00+00:00
[2026-08-26T09:34:19.080+0000] {processor.py:208} INFO - Processing /opt/airflow/dags/prod/airbyte_to_dbt_prod.py took 0.147 seconds
[2026-08-26T09:34:49.263+0000] {processor.py:186} INFO - Started process (PID=1146) to work on /opt/airflow/dags/prod/airbyte_to_dbt_prod.py
[2026-08-26T09:34:49.264+0000] {processor.py:914} INFO - Processing file /opt/airflow/dags/prod/airbyte_to_dbt_prod.py for tasks to queue
[2026-08-26T09:34:49.267+0000] {logging_mixin.py:190} INFO - [2026-08-26T09:34:49.266+0000] {dagbag.py:588} INFO - Filling up the DagBag from /opt/airflow/dags/prod/airbyte_to_dbt_prod.py
[2026-08-26T09:34:49.290+0000] {processor.py:925} INFO - DAG(s) 'airbyte_to_dbt_pipeline_prod' retrieved from /opt/airflow/dags/prod/airbyte_to_dbt_prod.py
[2026-08-26T09:34:49.341+0000] {logging_mixin.py:190} INFO - [2026-08-26T09:34:49.340+0000] {dag.py:3239} INFO - Sync 1 DAGs
[2026-08-26T09:34:49.378+0000] {logging_mixin.py:190} INFO - [2026-08-26T09:34:49.378+0000] {dag.py:4180} INFO - Setting next_dagrun for airbyte_to_dbt_pipeline_prod to 2026-08-26 08:00:00+00:00, run_after=2026-08-26 09:00:00+00:00
[2026-08-26T09:34:49.403+0000] {processor.py:208} INFO - Processing /opt/airflow/dags/prod/airbyte_to_dbt_prod.py took 0.150 seconds
[2026-08-26T09:35:19.552+0000] {processor.py:186} INFO - Started process (PID=1156) to work on /opt/airflow/dags/prod/airbyte_to_dbt_prod.py
[2026-08-26T09:35:19.553+0000] {processor.py:914} INFO - Processing file /opt/airflow/dags/prod/airbyte_to_dbt_prod.py for tasks to queue
[2026-08-26T09:35:19.556+0000] {logging_mixin.py:190} INFO - [2026-08-26T09:35:19.556+0000] {dagbag.py:588} INFO - Filling up the DagBag from /opt/airflow/dags/prod/airbyte_to_dbt_prod.py
[2026-08-26T09:35:19.577+0000] {processor.py:925} INFO - DAG(s) 'airbyte_to_dbt_pipeline_prod' retrieved from /opt/airflow/dags/prod/airbyte_to_dbt_prod.py
[2026-08-26T09:35:19.618+0000] {logging_mixin.py:190} INFO - [2026-08-26T09:35:19.618+0000] {dag.py:3239} INFO - Sync 1 DAGs
[2026-08-26T09:35:19.650+0000] {logging_mixin.py:190} INFO - [2026-08-26T09:35:19.649+0000] {dag.py:4180} INFO - Setting next_dagrun for airbyte_to_dbt_pipeline_prod to 2026-08-26 08:00:00+00:00, run_after=2026-08-26 09:00:00+00:00
[2026-08-26T09:35:19.672+0000] {processor.py:208} INFO - Processing /opt/airflow/dags/prod/airbyte_to_dbt_prod.py took 0.129 seconds
[2026-08-26T09:35:49.840+0000] {processor.py:186} INFO - Started process (PID=1166) to work on /opt/airflow/dags/prod/airbyte_to_dbt_prod.py
[2026-08-26T09:35:49.840+0000] {processor.py:914} INFO - Processing file /opt/airflow/dags/prod/airbyte_to_dbt_prod.py for tasks to queue
[2026-08-26T09:35:49.843+0000] {logging_mixin.py:190} INFO - [2026-08-26T09:35:49.843+0000] {dagbag.py:588} INFO - Filling up the DagBag from /opt/airflow/dags/prod/airbyte_to_dbt_prod.py
[2026-08-26T09:35:49.864+0000] {processor.py:925} INFO - DAG(s) 'airbyte_to_dbt_pipeline_prod' retrieved from /opt/airflow/dags/prod/airbyte_to_dbt_prod.py
[2026-08-26T09:35:49.916+0000] {logging_mixin.py:190} INFO - [2026-08-26T09:35:49.916+0000] {dag.py:3239} INFO - Sync 1 DAGs
[2026-08-26T09:35:49.957+0000] {logging_mixin.py:190} INFO - [2026-08-26T09:35:49.956+0000] {dag.py:4180} INFO - Setting next_dagrun for airbyte_to_dbt_pipeline_prod to 2026-08-26 08:00:00+00:00, run_after=2026-08-26 09:00:00+00:00
[2026-08-26T09:35:49.984+0000] {processor.py:208} INFO - Processing /opt/airflow/dags/prod/airbyte_to_dbt_prod.py took 0.152 seconds
[2026-08-26T09:36:20.152+0000] {processor.py:186} INFO - Started process (PID=1176) to work on /opt/airflow/dags/prod/airbyte_to_dbt_prod.py
[2026-08-26T09:36:20.153+0000] {processor.py:914} INFO - Processing file /opt/airflow/dags/prod/airbyte_to_dbt_prod.py for tasks to queue
[2026-08-26T09:36:20.156+0000] {logging_mixin.py:190} INFO - [2026-08-26T09:36:20.155+0000] {dagbag.py:588} INFO - Filling up the DagBag from /opt/airflow/dags/prod/airbyte_to_dbt_prod.py
[2026-08-26T09:36:20.175+0000] {processor.py:925} INFO - DAG(s) 'airbyte_to_dbt_pipeline_prod' retrieved from /opt/airflow/dags/prod/airbyte_to_dbt_prod.py
[2026-08-26T09:36:20.225+0000] {logging_mixin.py:190} INFO - [2026-08-26T09:36:20.225+0000] {dag.py:3239} INFO - Sync 1 DAGs
[2026-08-26T09:36:20.263+0000] {logging_mixin.py:190} INFO - [2026-08-26T09:36:20.263+0000] {dag.py:4180} INFO - Setting next_dagrun for airbyte_to_dbt_pipeline_prod to 2026-08-26 08:00:00+00:00, run_after=2026-08-26 09:00:00+00:00
[2026-08-26T09:36:20.286+0000] {processor.py:208} INFO - Processing /opt/airflow/dags/prod/airbyte_to_dbt_prod.py took 0.144 seconds
[2026-08-26T09:36:50.444+0000] {processor.py:186} INFO - Started process (PID=1186) to work on /opt/airflow/dags/prod/airbyte_to_dbt_prod.py
[2026-08-26T09:36:50.445+0000] {processor.py:914} INFO - Processing file /opt/airflow/dags/prod/airbyte_to_dbt_prod.py for tasks to queue
[2026-08-26T09:36:50.447+0000] {logging_mixin.py:190} INFO - [2026-08-26T09:36:50.447+0000] {dagbag.py:588} INFO - Filling up the DagBag from /opt/airflow/dags/prod/airbyte_to_dbt_prod.py
[2026-08-26T09:36:50.468+0000] {processor.py:925} INFO - DAG(s) 'airbyte_to_dbt_pipeline_prod' retrieved from /opt/airflow/dags/prod/airbyte_to_dbt_prod.py
[2026-08-26T09:36:50.512+0000] {logging_mixin.py:190} INFO - [2026-08-26T09:36:50.512+0000] {dag.py:3239} INFO - Sync 1 DAGs
[2026-08-26T09:36:50.544+0000] {logging_mixin.py:190} INFO - [2026-08-26T09:36:50.544+0000] {dag.py:4180} INFO - Setting next_dagrun for airbyte_to_dbt_pipeline_prod to 2026-08-26 08:00:00+00:00, run_after=2026-08-26 09:00:00+00:00
[2026-08-26T09:36:50.568+0000] {processor.py:208} INFO - Processing /opt/airflow/dags/prod/airbyte_to_dbt_prod.py took 0.134 seconds
[2026-08-26T09:37:20.724+0000] {processor.py:186} INFO - Started process (PID=1196) to work on /opt/airflow/dags/prod/airbyte_to_dbt_prod.py
[2026-08-26T09:37:20.725+0000] {processor.py:914} INFO - Processing file /opt/airflow/dags/prod/airbyte_to_dbt_prod.py for tasks to queue
[2026-08-26T09:37:20.728+0000] {logging_mixin.py:190} INFO - [2026-08-26T09:37:20.727+0000] {dagbag.py:588} INFO - Filling up the DagBag from /opt/airflow/dags/prod/airbyte_to_dbt_prod.py
[2026-08-26T09:37:20.754+0000] {processor.py:925} INFO - DAG(s) 'airbyte_to_dbt_pipeline_prod' retrieved from /opt/airflow/dags/prod/airbyte_to_dbt_prod.py
[2026-08-26T09:37:20.803+0000] {logging_mixin.py:190} INFO - [2026-08-26T09:37:20.803+0000] {dag.py:3239} INFO - Sync 1 DAGs
[2026-08-26T09:37:20.840+0000] {logging_mixin.py:190} INFO - [2026-08-26T09:37:20.839+0000] {dag.py:4180} INFO - Setting next_dagrun for airbyte_to_dbt_pipeline_prod to 2026-08-26 08:00:00+00:00, run_after=2026-08-26 09:00:00+00:00
[2026-08-26T09:37:20.864+0000] {processor.py:208} INFO - Processing /opt/airflow/dags/prod/airbyte_to_dbt_prod.py took 0.147 seconds
[2026-08-26T09:37:51.023+0000] {processor.py:186} INFO - Started process (PID=1206) to work on /opt/airflow/dags/prod/airbyte_to_dbt_prod.py
[2026-08-26T09:37:51.024+0000] {processor.py:914} INFO - Processing file /opt/airflow/dags/prod/airbyte_to_dbt_prod.py for tasks to queue
[2026-08-26T09:37:51.027+0000] {logging_mixin.py:190} INFO - [2026-08-26T09:37:51.026+0000] {dagbag.py:588} INFO - Filling up the DagBag from /opt/airflow/dags/prod/airbyte_to_dbt_prod.py
[2026-08-26T09:37:51.046+0000] {processor.py:925} INFO - DAG(s) 'airbyte_to_dbt_pipeline_prod' retrieved from /opt/airflow/dags/prod/airbyte_to_dbt_prod.py
[2026-08-26T09:37:51.095+0000] {logging_mixin.py:190} INFO - [2026-08-26T09:37:51.094+0000] {dag.py:3239} INFO - Sync 1 DAGs
[2026-08-26T09:37:51.129+0000] {logging_mixin.py:190} INFO - [2026-08-26T09:37:51.129+0000] {dag.py:4180} INFO - Setting next_dagrun for airbyte_to_dbt_pipeline_prod to 2026-08-26 08:00:00+00:00, run_after=2026-08-26 09:00:00+00:00
[2026-08-26T09:37:51.155+0000] {processor.py:208} INFO - Processing /opt/airflow/dags/prod/airbyte_to_dbt_prod.py took 0.140 seconds
[2026-08-26T09:38:21.325+0000] {processor.py:186} INFO - Started process (PID=1216) to work on /opt/airflow/dags/prod/airbyte_to_dbt_prod.py
[2026-08-26T09:38:21.326+0000] {processor.py:914} INFO - Processing file /opt/airflow/dags/prod/airbyte_to_dbt_prod.py for tasks to queue
[2026-08-26T09:38:21.328+0000] {logging_mixin.py:190} INFO - [2026-08-26T09:38:21.328+0000] {dagbag.py:588} INFO - Filling up the DagBag from /opt/airflow/dags/prod/airbyte_to_dbt_prod.py
[2026-08-26T09:38:21.351+0000] {processor.py:925} INFO - DAG(s) 'airbyte_to_dbt_pipeline_prod' retrieved from /opt/airflow/dags/prod/airbyte_to_dbt_prod.py
[2026-08-26T09:38:21.399+0000] {logging_mixin.py:190} INFO - [2026-08-26T09:38:21.399+0000] {dag.py:3239} INFO - Sync 1 DAGs
[2026-08-26T09:38:21.434+0000] {logging_mixin.py:190} INFO - [2026-08-26T09:38:21.434+0000] {dag.py:4180} INFO - Setting next_dagrun for airbyte_to_dbt_pipeline_prod to 2026-08-26 08:00:00+00:00, run_after=2026-08-26 09:00:00+00:00
[2026-08-26T09:38:21.458+0000] {processor.py:208} INFO - Processing /opt/airflow/dags/prod/airbyte_to_dbt_prod.py took 0.144 seconds
[2026-08-26T09:38:51.629+0000] {processor.py:186} INFO - Started process (PID=1226) to work on /opt/airflow/dags/prod/airbyte_to_dbt_prod.py
[2026-08-26T09:38:51.630+0000] {processor.py:914} INFO - Processing file /opt/airflow/dags/prod/airbyte_to_dbt_prod.py for tasks to queue
[2026-08-26T09:38:51.634+0000] {logging_mixin.py:190} INFO - [2026-08-26T09:38:51.633+0000] {dagbag.py:588} INFO - Filling up the DagBag from /opt/airflow/dags/prod/airbyte_to_dbt_prod.py
[2026-08-26T09:38:51.661+0000] {processor.py:925} INFO - DAG(s) 'airbyte_to_dbt_pipeline_prod' retrieved from /opt/airflow/dags/prod/airbyte_to_dbt_prod.py
[2026-08-26T09:38:51.706+0000] {logging_mixin.py:190} INFO - [2026-08-26T09:38:51.706+0000] {dag.py:3239} INFO - Sync 1 DAGs
[2026-08-26T09:38:51.734+0000] {logging_mixin.py:190} INFO - [2026-08-26T09:38:51.734+0000] {dag.py:4180} INFO - Setting next_dagrun for airbyte_to_dbt_pipeline_prod to 2026-08-26 08:00:00+00:00, run_after=2026-08-26 09:00:00+00:00
[2026-08-26T09:38:51.758+0000] {processor.py:208} INFO - Processing /opt/airflow/dags/prod/airbyte_to_dbt_prod.py took 0.140 seconds
[2026-08-26T09:39:21.932+0000] {processor.py:186} INFO - Started process (PID=1236) to work on /opt/airflow/dags/prod/airbyte_to_dbt_prod.py
[2026-08-26T09:39:21.934+0000] {processor.py:914} INFO - Processing file /opt/airflow/dags/prod/airbyte_to_dbt_prod.py for tasks to queue
[2026-08-26T09:39:21.937+0000] {logging_mixin.py:190} INFO - [2026-08-26T09:39:21.937+0000] {dagbag.py:588} INFO - Filling up the DagBag from /opt/airflow/dags/prod/airbyte_to_dbt_prod.py
[2026-08-26T09:39:21.966+0000] {processor.py:925} INFO - DAG(s) 'airbyte_to_dbt_pipeline_prod' retrieved from /opt/airflow/dags/prod/airbyte_to_dbt_prod.py
[2026-08-26T09:39:22.019+0000] {logging_mixin.py:190} INFO - [2026-08-26T09:39:22.018+0000] {dag.py:3239} INFO - Sync 1 DAGs
[2026-08-26T09:39:22.055+0000] {logging_mixin.py:190} INFO - [2026-08-26T09:39:22.055+0000] {dag.py:4180} INFO - Setting next_dagrun for airbyte_to_dbt_pipeline_prod to 2026-08-26 08:00:00+00:00, run_after=2026-08-26 09:00:00+00:00
[2026-08-26T09:39:22.081+0000] {processor.py:208} INFO - Processing /opt/airflow/dags/prod/airbyte_to_dbt_prod.py took 0.159 seconds
[2026-08-26T09:39:52.284+0000] {processor.py:186} INFO - Started process (PID=1246) to work on /opt/airflow/dags/prod/airbyte_to_dbt_prod.py
[2026-08-26T09:39:52.285+0000] {processor.py:914} INFO - Processing file /opt/airflow/dags/prod/airbyte_to_dbt_prod.py for tasks to queue
[2026-08-26T09:39:52.291+0000] {logging_mixin.py:190} INFO - [2026-08-26T09:39:52.291+0000] {dagbag.py:588} INFO - Filling up the DagBag from /opt/airflow/dags/prod/airbyte_to_dbt_prod.py
[2026-08-26T09:39:52.326+0000] {processor.py:925} INFO - DAG(s) 'airbyte_to_dbt_pipeline_prod' retrieved from /opt/airflow/dags/prod/airbyte_to_dbt_prod.py
[2026-08-26T09:39:52.396+0000] {logging_mixin.py:190} INFO - [2026-08-26T09:39:52.396+0000] {dag.py:3239} INFO - Sync 1 DAGs
[2026-08-26T09:39:52.452+0000] {logging_mixin.py:190} INFO - [2026-08-26T09:39:52.452+0000] {dag.py:4180} INFO - Setting next_dagrun for airbyte_to_dbt_pipeline_prod to 2026-08-26 08:00:00+00:00, run_after=2026-08-26 09:00:00+00:00
[2026-08-26T09:39:52.485+0000] {processor.py:208} INFO - Processing /opt/airflow/dags/prod/airbyte_to_dbt_prod.py took 0.215 seconds
[2026-08-26T09:40:22.725+0000] {processor.py:186} INFO - Started process (PID=1254) to work on /opt/airflow/dags/prod/airbyte_to_dbt_prod.py
[2026-08-26T09:40:22.726+0000] {processor.py:914} INFO - Processing file /opt/airflow/dags/prod/airbyte_to_dbt_prod.py for tasks to queue
[2026-08-26T09:40:22.738+0000] {logging_mixin.py:190} INFO - [2026-08-26T09:40:22.737+0000] {dagbag.py:588} INFO - Filling up the DagBag from /opt/airflow/dags/prod/airbyte_to_dbt_prod.py
[2026-08-26T09:40:22.775+0000] {processor.py:925} INFO - DAG(s) 'airbyte_to_dbt_pipeline_prod' retrieved from /opt/airflow/dags/prod/airbyte_to_dbt_prod.py
[2026-08-26T09:40:22.867+0000] {logging_mixin.py:190} INFO - [2026-08-26T09:40:22.866+0000] {dag.py:3239} INFO - Sync 1 DAGs
[2026-08-26T09:40:22.910+0000] {logging_mixin.py:190} INFO - [2026-08-26T09:40:22.910+0000] {dag.py:4180} INFO - Setting next_dagrun for airbyte_to_dbt_pipeline_prod to 2026-08-26 08:00:00+00:00, run_after=2026-08-26 09:00:00+00:00
[2026-08-26T09:40:22.937+0000] {processor.py:208} INFO - Processing /opt/airflow/dags/prod/airbyte_to_dbt_prod.py took 0.244 seconds
[2026-08-26T09:40:53.096+0000] {processor.py:186} INFO - Started process (PID=1266) to work on /opt/airflow/dags/prod/airbyte_to_dbt_prod.py
[2026-08-26T09:40:53.097+0000] {processor.py:914} INFO - Processing file /opt/airflow/dags/prod/airbyte_to_dbt_prod.py for tasks to queue
[2026-08-26T09:40:53.100+0000] {logging_mixin.py:190} INFO - [2026-08-26T09:40:53.099+0000] {dagbag.py:588} INFO - Filling up the DagBag from /opt/airflow/dags/prod/airbyte_to_dbt_prod.py
[2026-08-26T09:40:53.129+0000] {processor.py:925} INFO - DAG(s) 'airbyte_to_dbt_pipeline_prod' retrieved from /opt/airflow/dags/prod/airbyte_to_dbt_prod.py
[2026-08-26T09:40:53.182+0000] {logging_mixin.py:190} INFO - [2026-08-26T09:40:53.182+0000] {dag.py:3239} INFO - Sync 1 DAGs
[2026-08-26T09:40:53.219+0000] {logging_mixin.py:190} INFO - [2026-08-26T09:40:53.219+0000] {dag.py:4180} INFO - Setting next_dagrun for airbyte_to_dbt_pipeline_prod to 2026-08-26 08:00:00+00:00, run_after=2026-08-26 09:00:00+00:00
[2026-08-26T09:40:53.240+0000] {processor.py:208} INFO - Processing /opt/airflow/dags/prod/airbyte_to_dbt_prod.py took 0.152 seconds
[2026-08-26T09:41:23.439+0000] {processor.py:186} INFO - Started process (PID=1276) to work on /opt/airflow/dags/prod/airbyte_to_dbt_prod.py
[2026-08-26T09:41:23.441+0000] {processor.py:914} INFO - Processing file /opt/airflow/dags/prod/airbyte_to_dbt_prod.py for tasks to queue
[2026-08-26T09:41:23.445+0000] {logging_mixin.py:190} INFO - [2026-08-26T09:41:23.444+0000] {dagbag.py:588} INFO - Filling up the DagBag from /opt/airflow/dags/prod/airbyte_to_dbt_prod.py
[2026-08-26T09:41:23.476+0000] {processor.py:925} INFO - DAG(s) 'airbyte_to_dbt_pipeline_prod' retrieved from /opt/airflow/dags/prod/airbyte_to_dbt_prod.py
[2026-08-26T09:41:23.566+0000] {logging_mixin.py:190} INFO - [2026-08-26T09:41:23.566+0000] {dag.py:3239} INFO - Sync 1 DAGs
[2026-08-26T09:41:23.633+0000] {logging_mixin.py:190} INFO - [2026-08-26T09:41:23.633+0000] {dag.py:4180} INFO - Setting next_dagrun for airbyte_to_dbt_pipeline_prod to 2026-08-26 08:00:00+00:00, run_after=2026-08-26 09:00:00+00:00
[2026-08-26T09:41:23.663+0000] {processor.py:208} INFO - Processing /opt/airflow/dags/prod/airbyte_to_dbt_prod.py took 0.243 seconds
[2026-08-26T09:41:53.803+0000] {processor.py:186} INFO - Started process (PID=1286) to work on /opt/airflow/dags/prod/airbyte_to_dbt_prod.py
[2026-08-26T09:41:53.805+0000] {processor.py:914} INFO - Processing file /opt/airflow/dags/prod/airbyte_to_dbt_prod.py for tasks to queue
[2026-08-26T09:41:53.809+0000] {logging_mixin.py:190} INFO - [2026-08-26T09:41:53.808+0000] {dagbag.py:588} INFO - Filling up the DagBag from /opt/airflow/dags/prod/airbyte_to_dbt_prod.py
[2026-08-26T09:41:53.837+0000] {processor.py:925} INFO - DAG(s) 'airbyte_to_dbt_pipeline_prod' retrieved from /opt/airflow/dags/prod/airbyte_to_dbt_prod.py
[2026-08-26T09:41:53.888+0000] {logging_mixin.py:190} INFO - [2026-08-26T09:41:53.888+0000] {dag.py:3239} INFO - Sync 1 DAGs
[2026-08-26T09:41:53.922+0000] {logging_mixin.py:190} INFO - [2026-08-26T09:41:53.922+0000] {dag.py:4180} INFO - Setting next_dagrun for airbyte_to_dbt_pipeline_prod to 2026-08-26 08:00:00+00:00, run_after=2026-08-26 09:00:00+00:00
[2026-08-26T09:41:53.948+0000] {processor.py:208} INFO - Processing /opt/airflow/dags/prod/airbyte_to_dbt_prod.py took 0.155 seconds
[2026-08-26T09:42:24.237+0000] {processor.py:186} INFO - Started process (PID=1294) to work on /opt/airflow/dags/prod/airbyte_to_dbt_prod.py
[2026-08-26T09:42:24.241+0000] {processor.py:914} INFO - Processing file /opt/airflow/dags/prod/airbyte_to_dbt_prod.py for tasks to queue
[2026-08-26T09:42:24.244+0000] {logging_mixin.py:190} INFO - [2026-08-26T09:42:24.244+0000] {dagbag.py:588} INFO - Filling up the DagBag from /opt/airflow/dags/prod/airbyte_to_dbt_prod.py
[2026-08-26T09:42:24.353+0000] {processor.py:925} INFO - DAG(s) 'airbyte_to_dbt_pipeline_prod' retrieved from /opt/airflow/dags/prod/airbyte_to_dbt_prod.py
[2026-08-26T09:42:24.474+0000] {logging_mixin.py:190} INFO - [2026-08-26T09:42:24.474+0000] {dag.py:3239} INFO - Sync 1 DAGs
[2026-08-26T09:42:24.606+0000] {logging_mixin.py:190} INFO - [2026-08-26T09:42:24.606+0000] {dag.py:4180} INFO - Setting next_dagrun for airbyte_to_dbt_pipeline_prod to 2026-08-26 08:00:00+00:00, run_after=2026-08-26 09:00:00+00:00
[2026-08-26T09:42:24.633+0000] {processor.py:208} INFO - Processing /opt/airflow/dags/prod/airbyte_to_dbt_prod.py took 0.413 seconds
[2026-08-26T09:42:54.804+0000] {processor.py:186} INFO - Started process (PID=1306) to work on /opt/airflow/dags/prod/airbyte_to_dbt_prod.py
[2026-08-26T09:42:54.805+0000] {processor.py:914} INFO - Processing file /opt/airflow/dags/prod/airbyte_to_dbt_prod.py for tasks to queue
[2026-08-26T09:42:54.808+0000] {logging_mixin.py:190} INFO - [2026-08-26T09:42:54.807+0000] {dagbag.py:588} INFO - Filling up the DagBag from /opt/airflow/dags/prod/airbyte_to_dbt_prod.py
[2026-08-26T09:42:54.833+0000] {processor.py:925} INFO - DAG(s) 'airbyte_to_dbt_pipeline_prod' retrieved from /opt/airflow/dags/prod/airbyte_to_dbt_prod.py
[2026-08-26T09:42:54.872+0000] {logging_mixin.py:190} INFO - [2026-08-26T09:42:54.872+0000] {dag.py:3239} INFO - Sync 1 DAGs
[2026-08-26T09:42:54.904+0000] {logging_mixin.py:190} INFO - [2026-08-26T09:42:54.903+0000] {dag.py:4180} INFO - Setting next_dagrun for airbyte_to_dbt_pipeline_prod to 2026-08-26 08:00:00+00:00, run_after=2026-08-26 09:00:00+00:00
[2026-08-26T09:42:54.931+0000] {processor.py:208} INFO - Processing /opt/airflow/dags/prod/airbyte_to_dbt_prod.py took 0.135 seconds
[2026-08-26T09:43:25.084+0000] {processor.py:186} INFO - Started process (PID=1316) to work on /opt/airflow/dags/prod/airbyte_to_dbt_prod.py
[2026-08-26T09:43:25.085+0000] {processor.py:914} INFO - Processing file /opt/airflow/dags/prod/airbyte_to_dbt_prod.py for tasks to queue
[2026-08-26T09:43:25.088+0000] {logging_mixin.py:190} INFO - [2026-08-26T09:43:25.087+0000] {dagbag.py:588} INFO - Filling up the DagBag from /opt/airflow/dags/prod/airbyte_to_dbt_prod.py
[2026-08-26T09:43:25.108+0000] {processor.py:925} INFO - DAG(s) 'airbyte_to_dbt_pipeline_prod' retrieved from /opt/airflow/dags/prod/airbyte_to_dbt_prod.py
[2026-08-26T09:43:25.161+0000] {logging_mixin.py:190} INFO - [2026-08-26T09:43:25.161+0000] {dag.py:3239} INFO - Sync 1 DAGs
[2026-08-26T09:43:25.196+0000] {logging_mixin.py:190} INFO - [2026-08-26T09:43:25.196+0000] {dag.py:4180} INFO - Setting next_dagrun for airbyte_to_dbt_pipeline_prod to 2026-08-26 08:00:00+00:00, run_after=2026-08-26 09:00:00+00:00
[2026-08-26T09:43:25.219+0000] {processor.py:208} INFO - Processing /opt/airflow/dags/prod/airbyte_to_dbt_prod.py took 0.143 seconds
[2026-08-26T09:43:55.392+0000] {processor.py:186} INFO - Started process (PID=1326) to work on /opt/airflow/dags/prod/airbyte_to_dbt_prod.py
[2026-08-26T09:43:55.393+0000] {processor.py:914} INFO - Processing file /opt/airflow/dags/prod/airbyte_to_dbt_prod.py for tasks to queue
[2026-08-26T09:43:55.396+0000] {logging_mixin.py:190} INFO - [2026-08-26T09:43:55.396+0000] {dagbag.py:588} INFO - Filling up the DagBag from /opt/airflow/dags/prod/airbyte_to_dbt_prod.py
[2026-08-26T09:43:55.418+0000] {processor.py:925} INFO - DAG(s) 'airbyte_to_dbt_pipeline_prod' retrieved from /opt/airflow/dags/prod/airbyte_to_dbt_prod.py
[2026-08-26T09:43:55.458+0000] {logging_mixin.py:190} INFO - [2026-08-26T09:43:55.457+0000] {dag.py:3239} INFO - Sync 1 DAGs
[2026-08-26T09:43:55.486+0000] {logging_mixin.py:190} INFO - [2026-08-26T09:43:55.486+0000] {dag.py:4180} INFO - Setting next_dagrun for airbyte_to_dbt_pipeline_prod to 2026-08-26 08:00:00+00:00, run_after=2026-08-26 09:00:00+00:00
[2026-08-26T09:43:55.509+0000] {processor.py:208} INFO - Processing /opt/airflow/dags/prod/airbyte_to_dbt_prod.py took 0.127 seconds
[2026-08-26T09:44:25.719+0000] {processor.py:186} INFO - Started process (PID=1336) to work on /opt/airflow/dags/prod/airbyte_to_dbt_prod.py
[2026-08-26T09:44:25.723+0000] {processor.py:914} INFO - Processing file /opt/airflow/dags/prod/airbyte_to_dbt_prod.py for tasks to queue
[2026-08-26T09:44:25.732+0000] {logging_mixin.py:190} INFO - [2026-08-26T09:44:25.727+0000] {dagbag.py:588} INFO - Filling up the DagBag from /opt/airflow/dags/prod/airbyte_to_dbt_prod.py
[2026-08-26T09:44:25.770+0000] {processor.py:925} INFO - DAG(s) 'airbyte_to_dbt_pipeline_prod' retrieved from /opt/airflow/dags/prod/airbyte_to_dbt_prod.py
[2026-08-26T09:44:25.833+0000] {logging_mixin.py:190} INFO - [2026-08-26T09:44:25.833+0000] {dag.py:3239} INFO - Sync 1 DAGs
[2026-08-26T09:44:25.906+0000] {logging_mixin.py:190} INFO - [2026-08-26T09:44:25.906+0000] {dag.py:4180} INFO - Setting next_dagrun for airbyte_to_dbt_pipeline_prod to 2026-08-26 08:00:00+00:00, run_after=2026-08-26 09:00:00+00:00
[2026-08-26T09:44:25.943+0000] {processor.py:208} INFO - Processing /opt/airflow/dags/prod/airbyte_to_dbt_prod.py took 0.237 seconds
[2026-08-26T09:44:56.109+0000] {processor.py:186} INFO - Started process (PID=1346) to work on /opt/airflow/dags/prod/airbyte_to_dbt_prod.py
[2026-08-26T09:44:56.110+0000] {processor.py:914} INFO - Processing file /opt/airflow/dags/prod/airbyte_to_dbt_prod.py for tasks to queue
[2026-08-26T09:44:56.113+0000] {logging_mixin.py:190} INFO - [2026-08-26T09:44:56.112+0000] {dagbag.py:588} INFO - Filling up the DagBag from /opt/airflow/dags/prod/airbyte_to_dbt_prod.py
[2026-08-26T09:44:56.135+0000] {processor.py:925} INFO - DAG(s) 'airbyte_to_dbt_pipeline_prod' retrieved from /opt/airflow/dags/prod/airbyte_to_dbt_prod.py
[2026-08-26T09:44:56.179+0000] {logging_mixin.py:190} INFO - [2026-08-26T09:44:56.179+0000] {dag.py:3239} INFO - Sync 1 DAGs
[2026-08-26T09:44:56.211+0000] {logging_mixin.py:190} INFO - [2026-08-26T09:44:56.211+0000] {dag.py:4180} INFO - Setting next_dagrun for airbyte_to_dbt_pipeline_prod to 2026-08-26 08:00:00+00:00, run_after=2026-08-26 09:00:00+00:00
[2026-08-26T09:44:56.239+0000] {processor.py:208} INFO - Processing /opt/airflow/dags/prod/airbyte_to_dbt_prod.py took 0.138 seconds
[2026-08-26T09:45:26.412+0000] {processor.py:186} INFO - Started process (PID=1356) to work on /opt/airflow/dags/prod/airbyte_to_dbt_prod.py
[2026-08-26T09:45:26.413+0000] {processor.py:914} INFO - Processing file /opt/airflow/dags/prod/airbyte_to_dbt_prod.py for tasks to queue
[2026-08-26T09:45:26.416+0000] {logging_mixin.py:190} INFO - [2026-08-26T09:45:26.416+0000] {dagbag.py:588} INFO - Filling up the DagBag from /opt/airflow/dags/prod/airbyte_to_dbt_prod.py
[2026-08-26T09:45:26.438+0000] {processor.py:925} INFO - DAG(s) 'airbyte_to_dbt_pipeline_prod' retrieved from /opt/airflow/dags/prod/airbyte_to_dbt_prod.py
[2026-08-26T09:45:26.480+0000] {logging_mixin.py:190} INFO - [2026-08-26T09:45:26.480+0000] {dag.py:3239} INFO - Sync 1 DAGs
[2026-08-26T09:45:26.513+0000] {logging_mixin.py:190} INFO - [2026-08-26T09:45:26.513+0000] {dag.py:4180} INFO - Setting next_dagrun for airbyte_to_dbt_pipeline_prod to 2026-08-26 08:00:00+00:00, run_after=2026-08-26 09:00:00+00:00
[2026-08-26T09:45:26.540+0000] {processor.py:208} INFO - Processing /opt/airflow/dags/prod/airbyte_to_dbt_prod.py took 0.137 seconds
[2026-08-26T09:45:56.707+0000] {processor.py:186} INFO - Started process (PID=1366) to work on /opt/airflow/dags/prod/airbyte_to_dbt_prod.py
[2026-08-26T09:45:56.707+0000] {processor.py:914} INFO - Processing file /opt/airflow/dags/prod/airbyte_to_dbt_prod.py for tasks to queue
[2026-08-26T09:45:56.710+0000] {logging_mixin.py:190} INFO - [2026-08-26T09:45:56.710+0000] {dagbag.py:588} INFO - Filling up the DagBag from /opt/airflow/dags/prod/airbyte_to_dbt_prod.py
[2026-08-26T09:45:56.735+0000] {processor.py:925} INFO - DAG(s) 'airbyte_to_dbt_pipeline_prod' retrieved from /opt/airflow/dags/prod/airbyte_to_dbt_prod.py
[2026-08-26T09:45:56.775+0000] {logging_mixin.py:190} INFO - [2026-08-26T09:45:56.774+0000] {dag.py:3239} INFO - Sync 1 DAGs
[2026-08-26T09:45:56.808+0000] {logging_mixin.py:190} INFO - [2026-08-26T09:45:56.808+0000] {dag.py:4180} INFO - Setting next_dagrun for airbyte_to_dbt_pipeline_prod to 2026-08-26 08:00:00+00:00, run_after=2026-08-26 09:00:00+00:00
[2026-08-26T09:45:56.838+0000] {processor.py:208} INFO - Processing /opt/airflow/dags/prod/airbyte_to_dbt_prod.py took 0.140 seconds
[2026-08-26T09:46:26.992+0000] {processor.py:186} INFO - Started process (PID=1376) to work on /opt/airflow/dags/prod/airbyte_to_dbt_prod.py
[2026-08-26T09:46:26.994+0000] {processor.py:914} INFO - Processing file /opt/airflow/dags/prod/airbyte_to_dbt_prod.py for tasks to queue
[2026-08-26T09:46:26.997+0000] {logging_mixin.py:190} INFO - [2026-08-26T09:46:26.997+0000] {dagbag.py:588} INFO - Filling up the DagBag from /opt/airflow/dags/prod/airbyte_to_dbt_prod.py
[2026-08-26T09:46:27.024+0000] {processor.py:925} INFO - DAG(s) 'airbyte_to_dbt_pipeline_prod' retrieved from /opt/airflow/dags/prod/airbyte_to_dbt_prod.py
[2026-08-26T09:46:27.063+0000] {logging_mixin.py:190} INFO - [2026-08-26T09:46:27.063+0000] {dag.py:3239} INFO - Sync 1 DAGs
[2026-08-26T09:46:27.095+0000] {logging_mixin.py:190} INFO - [2026-08-26T09:46:27.094+0000] {dag.py:4180} INFO - Setting next_dagrun for airbyte_to_dbt_pipeline_prod to 2026-08-26 08:00:00+00:00, run_after=2026-08-26 09:00:00+00:00
[2026-08-26T09:46:27.119+0000] {processor.py:208} INFO - Processing /opt/airflow/dags/prod/airbyte_to_dbt_prod.py took 0.137 seconds
[2026-08-26T09:46:57.301+0000] {processor.py:186} INFO - Started process (PID=1386) to work on /opt/airflow/dags/prod/airbyte_to_dbt_prod.py
[2026-08-26T09:46:57.302+0000] {processor.py:914} INFO - Processing file /opt/airflow/dags/prod/airbyte_to_dbt_prod.py for tasks to queue
[2026-08-26T09:46:57.307+0000] {logging_mixin.py:190} INFO - [2026-08-26T09:46:57.306+0000] {dagbag.py:588} INFO - Filling up the DagBag from /opt/airflow/dags/prod/airbyte_to_dbt_prod.py
[2026-08-26T09:46:57.335+0000] {processor.py:925} INFO - DAG(s) 'airbyte_to_dbt_pipeline_prod' retrieved from /opt/airflow/dags/prod/airbyte_to_dbt_prod.py
[2026-08-26T09:46:57.381+0000] {logging_mixin.py:190} INFO - [2026-08-26T09:46:57.381+0000] {dag.py:3239} INFO - Sync 1 DAGs
[2026-08-26T09:46:57.415+0000] {logging_mixin.py:190} INFO - [2026-08-26T09:46:57.415+0000] {dag.py:4180} INFO - Setting next_dagrun for airbyte_to_dbt_pipeline_prod to 2026-08-26 08:00:00+00:00, run_after=2026-08-26 09:00:00+00:00
[2026-08-26T09:46:57.441+0000] {processor.py:208} INFO - Processing /opt/airflow/dags/prod/airbyte_to_dbt_prod.py took 0.149 seconds
[2026-08-26T09:47:27.613+0000] {processor.py:186} INFO - Started process (PID=1396) to work on /opt/airflow/dags/prod/airbyte_to_dbt_prod.py
[2026-08-26T09:47:27.614+0000] {processor.py:914} INFO - Processing file /opt/airflow/dags/prod/airbyte_to_dbt_prod.py for tasks to queue
[2026-08-26T09:47:27.619+0000] {logging_mixin.py:190} INFO - [2026-08-26T09:47:27.618+0000] {dagbag.py:588} INFO - Filling up the DagBag from /opt/airflow/dags/prod/airbyte_to_dbt_prod.py
[2026-08-26T09:47:27.648+0000] {processor.py:925} INFO - DAG(s) 'airbyte_to_dbt_pipeline_prod' retrieved from /opt/airflow/dags/prod/airbyte_to_dbt_prod.py
[2026-08-26T09:47:27.703+0000] {logging_mixin.py:190} INFO - [2026-08-26T09:47:27.703+0000] {dag.py:3239} INFO - Sync 1 DAGs
[2026-08-26T09:47:27.747+0000] {logging_mixin.py:190} INFO - [2026-08-26T09:47:27.747+0000] {dag.py:4180} INFO - Setting next_dagrun for airbyte_to_dbt_pipeline_prod to 2026-08-26 08:00:00+00:00, run_after=2026-08-26 09:00:00+00:00
[2026-08-26T09:47:27.777+0000] {processor.py:208} INFO - Processing /opt/airflow/dags/prod/airbyte_to_dbt_prod.py took 0.174 seconds
[2026-08-26T09:47:57.958+0000] {processor.py:186} INFO - Started process (PID=1406) to work on /opt/airflow/dags/prod/airbyte_to_dbt_prod.py
[2026-08-26T09:47:57.959+0000] {processor.py:914} INFO - Processing file /opt/airflow/dags/prod/airbyte_to_dbt_prod.py for tasks to queue
[2026-08-26T09:47:57.963+0000] {logging_mixin.py:190} INFO - [2026-08-26T09:47:57.962+0000] {dagbag.py:588} INFO - Filling up the DagBag from /opt/airflow/dags/prod/airbyte_to_dbt_prod.py
[2026-08-26T09:47:57.995+0000] {processor.py:925} INFO - DAG(s) 'airbyte_to_dbt_pipeline_prod' retrieved from /opt/airflow/dags/prod/airbyte_to_dbt_prod.py
[2026-08-26T09:47:58.038+0000] {logging_mixin.py:190} INFO - [2026-08-26T09:47:58.038+0000] {dag.py:3239} INFO - Sync 1 DAGs
[2026-08-26T09:47:58.069+0000] {logging_mixin.py:190} INFO - [2026-08-26T09:47:58.069+0000] {dag.py:4180} INFO - Setting next_dagrun for airbyte_to_dbt_pipeline_prod to 2026-08-26 08:00:00+00:00, run_after=2026-08-26 09:00:00+00:00
[2026-08-26T09:47:58.094+0000] {processor.py:208} INFO - Processing /opt/airflow/dags/prod/airbyte_to_dbt_prod.py took 0.149 seconds
[2026-08-26T09:48:28.272+0000] {processor.py:186} INFO - Started process (PID=1416) to work on /opt/airflow/dags/prod/airbyte_to_dbt_prod.py
[2026-08-26T09:48:28.273+0000] {processor.py:914} INFO - Processing file /opt/airflow/dags/prod/airbyte_to_dbt_prod.py for tasks to queue
[2026-08-26T09:48:28.276+0000] {logging_mixin.py:190} INFO - [2026-08-26T09:48:28.276+0000] {dagbag.py:588} INFO - Filling up the DagBag from /opt/airflow/dags/prod/airbyte_to_dbt_prod.py
[2026-08-26T09:48:28.300+0000] {processor.py:925} INFO - DAG(s) 'airbyte_to_dbt_pipeline_prod' retrieved from /opt/airflow/dags/prod/airbyte_to_dbt_prod.py
[2026-08-26T09:48:28.353+0000] {logging_mixin.py:190} INFO - [2026-08-26T09:48:28.352+0000] {dag.py:3239} INFO - Sync 1 DAGs
[2026-08-26T09:48:28.393+0000] {logging_mixin.py:190} INFO - [2026-08-26T09:48:28.393+0000] {dag.py:4180} INFO - Setting next_dagrun for airbyte_to_dbt_pipeline_prod to 2026-08-26 08:00:00+00:00, run_after=2026-08-26 09:00:00+00:00
[2026-08-26T09:48:28.423+0000] {processor.py:208} INFO - Processing /opt/airflow/dags/prod/airbyte_to_dbt_prod.py took 0.160 seconds
[2026-08-26T09:48:58.600+0000] {processor.py:186} INFO - Started process (PID=1426) to work on /opt/airflow/dags/prod/airbyte_to_dbt_prod.py
[2026-08-26T09:48:58.601+0000] {processor.py:914} INFO - Processing file /opt/airflow/dags/prod/airbyte_to_dbt_prod.py for tasks to queue
[2026-08-26T09:48:58.605+0000] {logging_mixin.py:190} INFO - [2026-08-26T09:48:58.604+0000] {dagbag.py:588} INFO - Filling up the DagBag from /opt/airflow/dags/prod/airbyte_to_dbt_prod.py
[2026-08-26T09:48:58.632+0000] {processor.py:925} INFO - DAG(s) 'airbyte_to_dbt_pipeline_prod' retrieved from /opt/airflow/dags/prod/airbyte_to_dbt_prod.py
[2026-08-26T09:48:58.691+0000] {logging_mixin.py:190} INFO - [2026-08-26T09:48:58.691+0000] {dag.py:3239} INFO - Sync 1 DAGs
[2026-08-26T09:48:58.734+0000] {logging_mixin.py:190} INFO - [2026-08-26T09:48:58.734+0000] {dag.py:4180} INFO - Setting next_dagrun for airbyte_to_dbt_pipeline_prod to 2026-08-26 08:00:00+00:00, run_after=2026-08-26 09:00:00+00:00
[2026-08-26T09:48:58.755+0000] {processor.py:208} INFO - Processing /opt/airflow/dags/prod/airbyte_to_dbt_prod.py took 0.169 seconds
[2026-08-26T09:49:28.921+0000] {processor.py:186} INFO - Started process (PID=1436) to work on /opt/airflow/dags/prod/airbyte_to_dbt_prod.py
[2026-08-26T09:49:28.922+0000] {processor.py:914} INFO - Processing file /opt/airflow/dags/prod/airbyte_to_dbt_prod.py for tasks to queue
[2026-08-26T09:49:28.927+0000] {logging_mixin.py:190} INFO - [2026-08-26T09:49:28.926+0000] {dagbag.py:588} INFO - Filling up the DagBag from /opt/airflow/dags/prod/airbyte_to_dbt_prod.py
[2026-08-26T09:49:28.956+0000] {processor.py:925} INFO - DAG(s) 'airbyte_to_dbt_pipeline_prod' retrieved from /opt/airflow/dags/prod/airbyte_to_dbt_prod.py
[2026-08-26T09:49:29.002+0000] {logging_mixin.py:190} INFO - [2026-08-26T09:49:29.002+0000] {dag.py:3239} INFO - Sync 1 DAGs
[2026-08-26T09:49:29.036+0000] {logging_mixin.py:190} INFO - [2026-08-26T09:49:29.036+0000] {dag.py:4180} INFO - Setting next_dagrun for airbyte_to_dbt_pipeline_prod to 2026-08-26 08:00:00+00:00, run_after=2026-08-26 09:00:00+00:00
[2026-08-26T09:49:29.059+0000] {processor.py:208} INFO - Processing /opt/airflow/dags/prod/airbyte_to_dbt_prod.py took 0.149 seconds
[2026-08-26T09:49:59.245+0000] {processor.py:186} INFO - Started process (PID=1446) to work on /opt/airflow/dags/prod/airbyte_to_dbt_prod.py
[2026-08-26T09:49:59.246+0000] {processor.py:914} INFO - Processing file /opt/airflow/dags/prod/airbyte_to_dbt_prod.py for tasks to queue
[2026-08-26T09:49:59.249+0000] {logging_mixin.py:190} INFO - [2026-08-26T09:49:59.249+0000] {dagbag.py:588} INFO - Filling up the DagBag from /opt/airflow/dags/prod/airbyte_to_dbt_prod.py
[2026-08-26T09:49:59.273+0000] {processor.py:925} INFO - DAG(s) 'airbyte_to_dbt_pipeline_prod' retrieved from /opt/airflow/dags/prod/airbyte_to_dbt_prod.py
[2026-08-26T09:49:59.335+0000] {logging_mixin.py:190} INFO - [2026-08-26T09:49:59.334+0000] {dag.py:3239} INFO - Sync 1 DAGs
[2026-08-26T09:49:59.385+0000] {logging_mixin.py:190} INFO - [2026-08-26T09:49:59.385+0000] {dag.py:4180} INFO - Setting next_dagrun for airbyte_to_dbt_pipeline_prod to 2026-08-26 08:00:00+00:00, run_after=2026-08-26 09:00:00+00:00
[2026-08-26T09:49:59.418+0000] {processor.py:208} INFO - Processing /opt/airflow/dags/prod/airbyte_to_dbt_prod.py took 0.184 seconds
[2026-08-26T09:50:29.653+0000] {processor.py:186} INFO - Started process (PID=1454) to work on /opt/airflow/dags/prod/airbyte_to_dbt_prod.py
[2026-08-26T09:50:29.655+0000] {processor.py:914} INFO - Processing file /opt/airflow/dags/prod/airbyte_to_dbt_prod.py for tasks to queue
[2026-08-26T09:50:29.704+0000] {logging_mixin.py:190} INFO - [2026-08-26T09:50:29.697+0000] {dagbag.py:588} INFO - Filling up the DagBag from /opt/airflow/dags/prod/airbyte_to_dbt_prod.py
[2026-08-26T09:50:29.900+0000] {processor.py:925} INFO - DAG(s) 'airbyte_to_dbt_pipeline_prod' retrieved from /opt/airflow/dags/prod/airbyte_to_dbt_prod.py
[2026-08-26T09:50:30.044+0000] {logging_mixin.py:190} INFO - [2026-08-26T09:50:30.043+0000] {dag.py:3239} INFO - Sync 1 DAGs
[2026-08-26T09:50:30.111+0000] {logging_mixin.py:190} INFO - [2026-08-26T09:50:30.110+0000] {dag.py:4180} INFO - Setting next_dagrun for airbyte_to_dbt_pipeline_prod to 2026-08-26 08:00:00+00:00, run_after=2026-08-26 09:00:00+00:00
[2026-08-26T09:50:30.136+0000] {processor.py:208} INFO - Processing /opt/airflow/dags/prod/airbyte_to_dbt_prod.py took 0.544 seconds
[2026-08-26T09:51:00.327+0000] {processor.py:186} INFO - Started process (PID=1466) to work on /opt/airflow/dags/prod/airbyte_to_dbt_prod.py
[2026-08-26T09:51:00.328+0000] {processor.py:914} INFO - Processing file /opt/airflow/dags/prod/airbyte_to_dbt_prod.py for tasks to queue
[2026-08-26T09:51:00.331+0000] {logging_mixin.py:190} INFO - [2026-08-26T09:51:00.331+0000] {dagbag.py:588} INFO - Filling up the DagBag from /opt/airflow/dags/prod/airbyte_to_dbt_prod.py
[2026-08-26T09:51:00.356+0000] {processor.py:925} INFO - DAG(s) 'airbyte_to_dbt_pipeline_prod' retrieved from /opt/airflow/dags/prod/airbyte_to_dbt_prod.py
[2026-08-26T09:51:00.409+0000] {logging_mixin.py:190} INFO - [2026-08-26T09:51:00.409+0000] {dag.py:3239} INFO - Sync 1 DAGs
[2026-08-26T09:51:00.447+0000] {logging_mixin.py:190} INFO - [2026-08-26T09:51:00.447+0000] {dag.py:4180} INFO - Setting next_dagrun for airbyte_to_dbt_pipeline_prod to 2026-08-26 08:00:00+00:00, run_after=2026-08-26 09:00:00+00:00
[2026-08-26T09:51:00.469+0000] {processor.py:208} INFO - Processing /opt/airflow/dags/prod/airbyte_to_dbt_prod.py took 0.151 seconds
[2026-08-26T09:51:30.633+0000] {processor.py:186} INFO - Started process (PID=1476) to work on /opt/airflow/dags/prod/airbyte_to_dbt_prod.py
[2026-08-26T09:51:30.635+0000] {processor.py:914} INFO - Processing file /opt/airflow/dags/prod/airbyte_to_dbt_prod.py for tasks to queue
[2026-08-26T09:51:30.638+0000] {logging_mixin.py:190} INFO - [2026-08-26T09:51:30.638+0000] {dagbag.py:588} INFO - Filling up the DagBag from /opt/airflow/dags/prod/airbyte_to_dbt_prod.py
[2026-08-26T09:51:30.660+0000] {processor.py:925} INFO - DAG(s) 'airbyte_to_dbt_pipeline_prod' retrieved from /opt/airflow/dags/prod/airbyte_to_dbt_prod.py
[2026-08-26T09:51:30.699+0000] {logging_mixin.py:190} INFO - [2026-08-26T09:51:30.699+0000] {dag.py:3239} INFO - Sync 1 DAGs
[2026-08-26T09:51:30.728+0000] {logging_mixin.py:190} INFO - [2026-08-26T09:51:30.728+0000] {dag.py:4180} INFO - Setting next_dagrun for airbyte_to_dbt_pipeline_prod to 2026-08-26 08:00:00+00:00, run_after=2026-08-26 09:00:00+00:00
[2026-08-26T09:51:30.751+0000] {processor.py:208} INFO - Processing /opt/airflow/dags/prod/airbyte_to_dbt_prod.py took 0.127 seconds
[2026-08-26T09:52:00.927+0000] {processor.py:186} INFO - Started process (PID=1486) to work on /opt/airflow/dags/prod/airbyte_to_dbt_prod.py
[2026-08-26T09:52:00.928+0000] {processor.py:914} INFO - Processing file /opt/airflow/dags/prod/airbyte_to_dbt_prod.py for tasks to queue
[2026-08-26T09:52:00.931+0000] {logging_mixin.py:190} INFO - [2026-08-26T09:52:00.930+0000] {dagbag.py:588} INFO - Filling up the DagBag from /opt/airflow/dags/prod/airbyte_to_dbt_prod.py
[2026-08-26T09:52:00.955+0000] {processor.py:925} INFO - DAG(s) 'airbyte_to_dbt_pipeline_prod' retrieved from /opt/airflow/dags/prod/airbyte_to_dbt_prod.py
[2026-08-26T09:52:01.002+0000] {logging_mixin.py:190} INFO - [2026-08-26T09:52:01.001+0000] {dag.py:3239} INFO - Sync 1 DAGs
[2026-08-26T09:52:01.037+0000] {logging_mixin.py:190} INFO - [2026-08-26T09:52:01.037+0000] {dag.py:4180} INFO - Setting next_dagrun for airbyte_to_dbt_pipeline_prod to 2026-08-26 08:00:00+00:00, run_after=2026-08-26 09:00:00+00:00
[2026-08-26T09:52:01.058+0000] {processor.py:208} INFO - Processing /opt/airflow/dags/prod/airbyte_to_dbt_prod.py took 0.139 seconds
[2026-08-26T09:52:31.220+0000] {processor.py:186} INFO - Started process (PID=1496) to work on /opt/airflow/dags/prod/airbyte_to_dbt_prod.py
[2026-08-26T09:52:31.221+0000] {processor.py:914} INFO - Processing file /opt/airflow/dags/prod/airbyte_to_dbt_prod.py for tasks to queue
[2026-08-26T09:52:31.224+0000] {logging_mixin.py:190} INFO - [2026-08-26T09:52:31.223+0000] {dagbag.py:588} INFO - Filling up the DagBag from /opt/airflow/dags/prod/airbyte_to_dbt_prod.py
[2026-08-26T09:52:31.244+0000] {processor.py:925} INFO - DAG(s) 'airbyte_to_dbt_pipeline_prod' retrieved from /opt/airflow/dags/prod/airbyte_to_dbt_prod.py
[2026-08-26T09:52:31.285+0000] {logging_mixin.py:190} INFO - [2026-08-26T09:52:31.284+0000] {dag.py:3239} INFO - Sync 1 DAGs
[2026-08-26T09:52:31.319+0000] {logging_mixin.py:190} INFO - [2026-08-26T09:52:31.319+0000] {dag.py:4180} INFO - Setting next_dagrun for airbyte_to_dbt_pipeline_prod to 2026-08-26 08:00:00+00:00, run_after=2026-08-26 09:00:00+00:00
[2026-08-26T09:52:31.343+0000] {processor.py:208} INFO - Processing /opt/airflow/dags/prod/airbyte_to_dbt_prod.py took 0.132 seconds
[2026-08-26T09:53:01.497+0000] {processor.py:186} INFO - Started process (PID=1506) to work on /opt/airflow/dags/prod/airbyte_to_dbt_prod.py
[2026-08-26T09:53:01.498+0000] {processor.py:914} INFO - Processing file /opt/airflow/dags/prod/airbyte_to_dbt_prod.py for tasks to queue
[2026-08-26T09:53:01.501+0000] {logging_mixin.py:190} INFO - [2026-08-26T09:53:01.501+0000] {dagbag.py:588} INFO - Filling up the DagBag from /opt/airflow/dags/prod/airbyte_to_dbt_prod.py
[2026-08-26T09:53:01.522+0000] {processor.py:925} INFO - DAG(s) 'airbyte_to_dbt_pipeline_prod' retrieved from /opt/airflow/dags/prod/airbyte_to_dbt_prod.py
[2026-08-26T09:53:01.561+0000] {logging_mixin.py:190} INFO - [2026-08-26T09:53:01.560+0000] {dag.py:3239} INFO - Sync 1 DAGs
[2026-08-26T09:53:01.588+0000] {logging_mixin.py:190} INFO - [2026-08-26T09:53:01.587+0000] {dag.py:4180} INFO - Setting next_dagrun for airbyte_to_dbt_pipeline_prod to 2026-08-26 08:00:00+00:00, run_after=2026-08-26 09:00:00+00:00
[2026-08-26T09:53:01.611+0000] {processor.py:208} INFO - Processing /opt/airflow/dags/prod/airbyte_to_dbt_prod.py took 0.122 seconds
[2026-08-26T09:53:31.779+0000] {processor.py:186} INFO - Started process (PID=1516) to work on /opt/airflow/dags/prod/airbyte_to_dbt_prod.py
[2026-08-26T09:53:31.781+0000] {processor.py:914} INFO - Processing file /opt/airflow/dags/prod/airbyte_to_dbt_prod.py for tasks to queue
[2026-08-26T09:53:31.786+0000] {logging_mixin.py:190} INFO - [2026-08-26T09:53:31.785+0000] {dagbag.py:588} INFO - Filling up the DagBag from /opt/airflow/dags/prod/airbyte_to_dbt_prod.py
[2026-08-26T09:53:31.824+0000] {processor.py:925} INFO - DAG(s) 'airbyte_to_dbt_pipeline_prod' retrieved from /opt/airflow/dags/prod/airbyte_to_dbt_prod.py
[2026-08-26T09:53:31.887+0000] {logging_mixin.py:190} INFO - [2026-08-26T09:53:31.887+0000] {dag.py:3239} INFO - Sync 1 DAGs
[2026-08-26T09:53:31.928+0000] {logging_mixin.py:190} INFO - [2026-08-26T09:53:31.928+0000] {dag.py:4180} INFO - Setting next_dagrun for airbyte_to_dbt_pipeline_prod to 2026-08-26 08:00:00+00:00, run_after=2026-08-26 09:00:00+00:00
[2026-08-26T09:53:31.951+0000] {processor.py:208} INFO - Processing /opt/airflow/dags/prod/airbyte_to_dbt_prod.py took 0.184 seconds
[2026-08-26T09:54:02.101+0000] {processor.py:186} INFO - Started process (PID=1526) to work on /opt/airflow/dags/prod/airbyte_to_dbt_prod.py
[2026-08-26T09:54:02.102+0000] {processor.py:914} INFO - Processing file /opt/airflow/dags/prod/airbyte_to_dbt_prod.py for tasks to queue
[2026-08-26T09:54:02.105+0000] {logging_mixin.py:190} INFO - [2026-08-26T09:54:02.104+0000] {dagbag.py:588} INFO - Filling up the DagBag from /opt/airflow/dags/prod/airbyte_to_dbt_prod.py
[2026-08-26T09:54:02.125+0000] {processor.py:925} INFO - DAG(s) 'airbyte_to_dbt_pipeline_prod' retrieved from /opt/airflow/dags/prod/airbyte_to_dbt_prod.py
[2026-08-26T09:54:02.172+0000] {logging_mixin.py:190} INFO - [2026-08-26T09:54:02.172+0000] {dag.py:3239} INFO - Sync 1 DAGs
[2026-08-26T09:54:02.204+0000] {logging_mixin.py:190} INFO - [2026-08-26T09:54:02.204+0000] {dag.py:4180} INFO - Setting next_dagrun for airbyte_to_dbt_pipeline_prod to 2026-08-26 08:00:00+00:00, run_after=2026-08-26 09:00:00+00:00
[2026-08-26T09:54:02.226+0000] {processor.py:208} INFO - Processing /opt/airflow/dags/prod/airbyte_to_dbt_prod.py took 0.132 seconds
[2026-08-26T09:54:32.388+0000] {processor.py:186} INFO - Started process (PID=1536) to work on /opt/airflow/dags/prod/airbyte_to_dbt_prod.py
[2026-08-26T09:54:32.389+0000] {processor.py:914} INFO - Processing file /opt/airflow/dags/prod/airbyte_to_dbt_prod.py for tasks to queue
[2026-08-26T09:54:32.392+0000] {logging_mixin.py:190} INFO - [2026-08-26T09:54:32.391+0000] {dagbag.py:588} INFO - Filling up the DagBag from /opt/airflow/dags/prod/airbyte_to_dbt_prod.py
[2026-08-26T09:54:32.413+0000] {processor.py:925} INFO - DAG(s) 'airbyte_to_dbt_pipeline_prod' retrieved from /opt/airflow/dags/prod/airbyte_to_dbt_prod.py
[2026-08-26T09:54:32.454+0000] {logging_mixin.py:190} INFO - [2026-08-26T09:54:32.453+0000] {dag.py:3239} INFO - Sync 1 DAGs
[2026-08-26T09:54:32.485+0000] {logging_mixin.py:190} INFO - [2026-08-26T09:54:32.484+0000] {dag.py:4180} INFO - Setting next_dagrun for airbyte_to_dbt_pipeline_prod to 2026-08-26 08:00:00+00:00, run_after=2026-08-26 09:00:00+00:00
[2026-08-26T09:54:32.508+0000] {processor.py:208} INFO - Processing /opt/airflow/dags/prod/airbyte_to_dbt_prod.py took 0.129 seconds
[2026-08-26T09:55:02.692+0000] {processor.py:186} INFO - Started process (PID=1546) to work on /opt/airflow/dags/prod/airbyte_to_dbt_prod.py
[2026-08-26T09:55:02.693+0000] {processor.py:914} INFO - Processing file /opt/airflow/dags/prod/airbyte_to_dbt_prod.py for tasks to queue
[2026-08-26T09:55:02.696+0000] {logging_mixin.py:190} INFO - [2026-08-26T09:55:02.696+0000] {dagbag.py:588} INFO - Filling up the DagBag from /opt/airflow/dags/prod/airbyte_to_dbt_prod.py
[2026-08-26T09:55:02.717+0000] {processor.py:925} INFO - DAG(s) 'airbyte_to_dbt_pipeline_prod' retrieved from /opt/airflow/dags/prod/airbyte_to_dbt_prod.py
[2026-08-26T09:55:02.757+0000] {logging_mixin.py:190} INFO - [2026-08-26T09:55:02.756+0000] {dag.py:3239} INFO - Sync 1 DAGs
[2026-08-26T09:55:02.794+0000] {logging_mixin.py:190} INFO - [2026-08-26T09:55:02.793+0000] {dag.py:4180} INFO - Setting next_dagrun for airbyte_to_dbt_pipeline_prod to 2026-08-26 08:00:00+00:00, run_after=2026-08-26 09:00:00+00:00
[2026-08-26T09:55:02.825+0000] {processor.py:208} INFO - Processing /opt/airflow/dags/prod/airbyte_to_dbt_prod.py took 0.140 seconds
[2026-08-26T09:55:32.995+0000] {processor.py:186} INFO - Started process (PID=1556) to work on /opt/airflow/dags/prod/airbyte_to_dbt_prod.py
[2026-08-26T09:55:32.997+0000] {processor.py:914} INFO - Processing file /opt/airflow/dags/prod/airbyte_to_dbt_prod.py for tasks to queue
[2026-08-26T09:55:33.002+0000] {logging_mixin.py:190} INFO - [2026-08-26T09:55:33.001+0000] {dagbag.py:588} INFO - Filling up the DagBag from /opt/airflow/dags/prod/airbyte_to_dbt_prod.py
[2026-08-26T09:55:33.030+0000] {processor.py:925} INFO - DAG(s) 'airbyte_to_dbt_pipeline_prod' retrieved from /opt/airflow/dags/prod/airbyte_to_dbt_prod.py
[2026-08-26T09:55:33.079+0000] {logging_mixin.py:190} INFO - [2026-08-26T09:55:33.079+0000] {dag.py:3239} INFO - Sync 1 DAGs
[2026-08-26T09:55:33.127+0000] {logging_mixin.py:190} INFO - [2026-08-26T09:55:33.126+0000] {dag.py:4180} INFO - Setting next_dagrun for airbyte_to_dbt_pipeline_prod to 2026-08-26 08:00:00+00:00, run_after=2026-08-26 09:00:00+00:00
[2026-08-26T09:55:33.154+0000] {processor.py:208} INFO - Processing /opt/airflow/dags/prod/airbyte_to_dbt_prod.py took 0.170 seconds
[2026-08-26T09:56:03.324+0000] {processor.py:186} INFO - Started process (PID=1566) to work on /opt/airflow/dags/prod/airbyte_to_dbt_prod.py
[2026-08-26T09:56:03.324+0000] {processor.py:914} INFO - Processing file /opt/airflow/dags/prod/airbyte_to_dbt_prod.py for tasks to queue
[2026-08-26T09:56:03.327+0000] {logging_mixin.py:190} INFO - [2026-08-26T09:56:03.327+0000] {dagbag.py:588} INFO - Filling up the DagBag from /opt/airflow/dags/prod/airbyte_to_dbt_prod.py
[2026-08-26T09:56:03.351+0000] {processor.py:925} INFO - DAG(s) 'airbyte_to_dbt_pipeline_prod' retrieved from /opt/airflow/dags/prod/airbyte_to_dbt_prod.py
[2026-08-26T09:56:03.397+0000] {logging_mixin.py:190} INFO - [2026-08-26T09:56:03.397+0000] {dag.py:3239} INFO - Sync 1 DAGs
[2026-08-26T09:56:03.432+0000] {logging_mixin.py:190} INFO - [2026-08-26T09:56:03.432+0000] {dag.py:4180} INFO - Setting next_dagrun for airbyte_to_dbt_pipeline_prod to 2026-08-26 08:00:00+00:00, run_after=2026-08-26 09:00:00+00:00
[2026-08-26T09:56:03.457+0000] {processor.py:208} INFO - Processing /opt/airflow/dags/prod/airbyte_to_dbt_prod.py took 0.144 seconds
[2026-08-26T09:56:33.627+0000] {processor.py:186} INFO - Started process (PID=1576) to work on /opt/airflow/dags/prod/airbyte_to_dbt_prod.py
[2026-08-26T09:56:33.629+0000] {processor.py:914} INFO - Processing file /opt/airflow/dags/prod/airbyte_to_dbt_prod.py for tasks to queue
[2026-08-26T09:56:33.632+0000] {logging_mixin.py:190} INFO - [2026-08-26T09:56:33.632+0000] {dagbag.py:588} INFO - Filling up the DagBag from /opt/airflow/dags/prod/airbyte_to_dbt_prod.py
[2026-08-26T09:56:33.655+0000] {processor.py:925} INFO - DAG(s) 'airbyte_to_dbt_pipeline_prod' retrieved from /opt/airflow/dags/prod/airbyte_to_dbt_prod.py
[2026-08-26T09:56:33.701+0000] {logging_mixin.py:190} INFO - [2026-08-26T09:56:33.701+0000] {dag.py:3239} INFO - Sync 1 DAGs
[2026-08-26T09:56:33.736+0000] {logging_mixin.py:190} INFO - [2026-08-26T09:56:33.735+0000] {dag.py:4180} INFO - Setting next_dagrun for airbyte_to_dbt_pipeline_prod to 2026-08-26 08:00:00+00:00, run_after=2026-08-26 09:00:00+00:00
[2026-08-26T09:56:33.759+0000] {processor.py:208} INFO - Processing /opt/airflow/dags/prod/airbyte_to_dbt_prod.py took 0.142 seconds
[2026-08-26T09:57:05.280+0000] {processor.py:186} INFO - Started process (PID=1584) to work on /opt/airflow/dags/prod/airbyte_to_dbt_prod.py
[2026-08-26T09:57:05.292+0000] {processor.py:914} INFO - Processing file /opt/airflow/dags/prod/airbyte_to_dbt_prod.py for tasks to queue
[2026-08-26T09:57:05.475+0000] {logging_mixin.py:190} INFO - [2026-08-26T09:57:05.472+0000] {dagbag.py:588} INFO - Filling up the DagBag from /opt/airflow/dags/prod/airbyte_to_dbt_prod.py
[2026-08-26T09:57:06.040+0000] {processor.py:925} INFO - DAG(s) 'airbyte_to_dbt_pipeline_prod' retrieved from /opt/airflow/dags/prod/airbyte_to_dbt_prod.py
[2026-08-26T09:57:06.604+0000] {logging_mixin.py:190} INFO - [2026-08-26T09:57:06.603+0000] {dag.py:3239} INFO - Sync 1 DAGs
[2026-08-26T09:57:07.266+0000] {logging_mixin.py:190} INFO - [2026-08-26T09:57:07.265+0000] {dag.py:4180} INFO - Setting next_dagrun for airbyte_to_dbt_pipeline_prod to 2026-08-26 08:00:00+00:00, run_after=2026-08-26 09:00:00+00:00
[2026-08-26T09:57:07.301+0000] {processor.py:208} INFO - Processing /opt/airflow/dags/prod/airbyte_to_dbt_prod.py took 2.843 seconds
[2026-08-26T09:57:37.604+0000] {processor.py:186} INFO - Started process (PID=1594) to work on /opt/airflow/dags/prod/airbyte_to_dbt_prod.py
[2026-08-26T09:57:37.612+0000] {processor.py:914} INFO - Processing file /opt/airflow/dags/prod/airbyte_to_dbt_prod.py for tasks to queue
[2026-08-26T09:57:37.665+0000] {logging_mixin.py:190} INFO - [2026-08-26T09:57:37.658+0000] {dagbag.py:588} INFO - Filling up the DagBag from /opt/airflow/dags/prod/airbyte_to_dbt_prod.py
[2026-08-26T09:57:37.933+0000] {processor.py:925} INFO - DAG(s) 'airbyte_to_dbt_pipeline_prod' retrieved from /opt/airflow/dags/prod/airbyte_to_dbt_prod.py
[2026-08-26T09:57:38.188+0000] {logging_mixin.py:190} INFO - [2026-08-26T09:57:38.188+0000] {dag.py:3239} INFO - Sync 1 DAGs
[2026-08-26T09:57:38.389+0000] {logging_mixin.py:190} INFO - [2026-08-26T09:57:38.388+0000] {dag.py:4180} INFO - Setting next_dagrun for airbyte_to_dbt_pipeline_prod to 2026-08-26 08:00:00+00:00, run_after=2026-08-26 09:00:00+00:00
[2026-08-26T09:57:38.439+0000] {processor.py:208} INFO - Processing /opt/airflow/dags/prod/airbyte_to_dbt_prod.py took 0.905 seconds
[2026-08-26T09:58:08.691+0000] {processor.py:186} INFO - Started process (PID=1606) to work on /opt/airflow/dags/prod/airbyte_to_dbt_prod.py
[2026-08-26T09:58:08.691+0000] {processor.py:914} INFO - Processing file /opt/airflow/dags/prod/airbyte_to_dbt_prod.py for tasks to queue
[2026-08-26T09:58:08.695+0000] {logging_mixin.py:190} INFO - [2026-08-26T09:58:08.694+0000] {dagbag.py:588} INFO - Filling up the DagBag from /opt/airflow/dags/prod/airbyte_to_dbt_prod.py
[2026-08-26T09:58:08.722+0000] {processor.py:925} INFO - DAG(s) 'airbyte_to_dbt_pipeline_prod' retrieved from /opt/airflow/dags/prod/airbyte_to_dbt_prod.py
[2026-08-26T09:58:08.799+0000] {logging_mixin.py:190} INFO - [2026-08-26T09:58:08.799+0000] {dag.py:3239} INFO - Sync 1 DAGs
[2026-08-26T09:58:08.860+0000] {logging_mixin.py:190} INFO - [2026-08-26T09:58:08.860+0000] {dag.py:4180} INFO - Setting next_dagrun for airbyte_to_dbt_pipeline_prod to 2026-08-26 08:00:00+00:00, run_after=2026-08-26 09:00:00+00:00
[2026-08-26T09:58:08.894+0000] {processor.py:208} INFO - Processing /opt/airflow/dags/prod/airbyte_to_dbt_prod.py took 0.212 seconds
[2026-08-26T09:58:39.081+0000] {processor.py:186} INFO - Started process (PID=1616) to work on /opt/airflow/dags/prod/airbyte_to_dbt_prod.py
[2026-08-26T09:58:39.083+0000] {processor.py:914} INFO - Processing file /opt/airflow/dags/prod/airbyte_to_dbt_prod.py for tasks to queue
[2026-08-26T09:58:39.087+0000] {logging_mixin.py:190} INFO - [2026-08-26T09:58:39.086+0000] {dagbag.py:588} INFO - Filling up the DagBag from /opt/airflow/dags/prod/airbyte_to_dbt_prod.py
[2026-08-26T09:58:39.123+0000] {processor.py:925} INFO - DAG(s) 'airbyte_to_dbt_pipeline_prod' retrieved from /opt/airflow/dags/prod/airbyte_to_dbt_prod.py
[2026-08-26T09:58:39.178+0000] {logging_mixin.py:190} INFO - [2026-08-26T09:58:39.178+0000] {dag.py:3239} INFO - Sync 1 DAGs
[2026-08-26T09:58:39.211+0000] {logging_mixin.py:190} INFO - [2026-08-26T09:58:39.211+0000] {dag.py:4180} INFO - Setting next_dagrun for airbyte_to_dbt_pipeline_prod to 2026-08-26 08:00:00+00:00, run_after=2026-08-26 09:00:00+00:00
[2026-08-26T09:58:39.245+0000] {processor.py:208} INFO - Processing /opt/airflow/dags/prod/airbyte_to_dbt_prod.py took 0.176 seconds
[2026-08-26T09:59:09.414+0000] {processor.py:186} INFO - Started process (PID=1626) to work on /opt/airflow/dags/prod/airbyte_to_dbt_prod.py
[2026-08-26T09:59:09.415+0000] {processor.py:914} INFO - Processing file /opt/airflow/dags/prod/airbyte_to_dbt_prod.py for tasks to queue
[2026-08-26T09:59:09.418+0000] {logging_mixin.py:190} INFO - [2026-08-26T09:59:09.417+0000] {dagbag.py:588} INFO - Filling up the DagBag from /opt/airflow/dags/prod/airbyte_to_dbt_prod.py
[2026-08-26T09:59:09.444+0000] {processor.py:925} INFO - DAG(s) 'airbyte_to_dbt_pipeline_prod' retrieved from /opt/airflow/dags/prod/airbyte_to_dbt_prod.py
[2026-08-26T09:59:09.496+0000] {logging_mixin.py:190} INFO - [2026-08-26T09:59:09.496+0000] {dag.py:3239} INFO - Sync 1 DAGs
[2026-08-26T09:59:09.527+0000] {logging_mixin.py:190} INFO - [2026-08-26T09:59:09.526+0000] {dag.py:4180} INFO - Setting next_dagrun for airbyte_to_dbt_pipeline_prod to 2026-08-26 08:00:00+00:00, run_after=2026-08-26 09:00:00+00:00
[2026-08-26T09:59:09.554+0000] {processor.py:208} INFO - Processing /opt/airflow/dags/prod/airbyte_to_dbt_prod.py took 0.148 seconds
[2026-08-26T09:59:39.731+0000] {processor.py:186} INFO - Started process (PID=1636) to work on /opt/airflow/dags/prod/airbyte_to_dbt_prod.py
[2026-08-26T09:59:39.735+0000] {processor.py:914} INFO - Processing file /opt/airflow/dags/prod/airbyte_to_dbt_prod.py for tasks to queue
[2026-08-26T09:59:39.738+0000] {logging_mixin.py:190} INFO - [2026-08-26T09:59:39.738+0000] {dagbag.py:588} INFO - Filling up the DagBag from /opt/airflow/dags/prod/airbyte_to_dbt_prod.py
[2026-08-26T09:59:39.761+0000] {processor.py:925} INFO - DAG(s) 'airbyte_to_dbt_pipeline_prod' retrieved from /opt/airflow/dags/prod/airbyte_to_dbt_prod.py
[2026-08-26T09:59:39.806+0000] {logging_mixin.py:190} INFO - [2026-08-26T09:59:39.806+0000] {dag.py:3239} INFO - Sync 1 DAGs
[2026-08-26T09:59:39.842+0000] {logging_mixin.py:190} INFO - [2026-08-26T09:59:39.842+0000] {dag.py:4180} INFO - Setting next_dagrun for airbyte_to_dbt_pipeline_prod to 2026-08-26 08:00:00+00:00, run_after=2026-08-26 09:00:00+00:00
[2026-08-26T09:59:39.870+0000] {processor.py:208} INFO - Processing /opt/airflow/dags/prod/airbyte_to_dbt_prod.py took 0.146 seconds
[2026-08-26T10:00:10.565+0000] {processor.py:186} INFO - Started process (PID=1644) to work on /opt/airflow/dags/prod/airbyte_to_dbt_prod.py
[2026-08-26T10:00:10.568+0000] {processor.py:914} INFO - Processing file /opt/airflow/dags/prod/airbyte_to_dbt_prod.py for tasks to queue
[2026-08-26T10:00:10.682+0000] {logging_mixin.py:190} INFO - [2026-08-26T10:00:10.670+0000] {dagbag.py:588} INFO - Filling up the DagBag from /opt/airflow/dags/prod/airbyte_to_dbt_prod.py
[2026-08-26T10:00:11.130+0000] {processor.py:925} INFO - DAG(s) 'airbyte_to_dbt_pipeline_prod' retrieved from /opt/airflow/dags/prod/airbyte_to_dbt_prod.py
[2026-08-26T10:00:11.378+0000] {logging_mixin.py:190} INFO - [2026-08-26T10:00:11.377+0000] {dag.py:3239} INFO - Sync 1 DAGs
[2026-08-26T10:00:11.501+0000] {logging_mixin.py:190} INFO - [2026-08-26T10:00:11.501+0000] {dag.py:4180} INFO - Setting next_dagrun for airbyte_to_dbt_pipeline_prod to 2026-08-26 09:00:00+00:00, run_after=2026-08-26 10:00:00+00:00
[2026-08-26T10:00:11.531+0000] {processor.py:208} INFO - Processing /opt/airflow/dags/prod/airbyte_to_dbt_prod.py took 1.183 seconds
[2026-08-26T10:00:41.716+0000] {processor.py:186} INFO - Started process (PID=1656) to work on /opt/airflow/dags/prod/airbyte_to_dbt_prod.py
[2026-08-26T10:00:41.718+0000] {processor.py:914} INFO - Processing file /opt/airflow/dags/prod/airbyte_to_dbt_prod.py for tasks to queue
[2026-08-26T10:00:41.721+0000] {logging_mixin.py:190} INFO - [2026-08-26T10:00:41.720+0000] {dagbag.py:588} INFO - Filling up the DagBag from /opt/airflow/dags/prod/airbyte_to_dbt_prod.py
[2026-08-26T10:00:41.746+0000] {processor.py:925} INFO - DAG(s) 'airbyte_to_dbt_pipeline_prod' retrieved from /opt/airflow/dags/prod/airbyte_to_dbt_prod.py
[2026-08-26T10:00:41.792+0000] {logging_mixin.py:190} INFO - [2026-08-26T10:00:41.792+0000] {dag.py:3239} INFO - Sync 1 DAGs
[2026-08-26T10:00:41.825+0000] {logging_mixin.py:190} INFO - [2026-08-26T10:00:41.825+0000] {dag.py:4180} INFO - Setting next_dagrun for airbyte_to_dbt_pipeline_prod to 2026-08-26 09:00:00+00:00, run_after=2026-08-26 10:00:00+00:00
[2026-08-26T10:00:41.849+0000] {processor.py:208} INFO - Processing /opt/airflow/dags/prod/airbyte_to_dbt_prod.py took 0.141 seconds
[2026-08-26T10:01:12.091+0000] {processor.py:186} INFO - Started process (PID=1666) to work on /opt/airflow/dags/prod/airbyte_to_dbt_prod.py
[2026-08-26T10:01:12.093+0000] {processor.py:914} INFO - Processing file /opt/airflow/dags/prod/airbyte_to_dbt_prod.py for tasks to queue
[2026-08-26T10:01:12.098+0000] {logging_mixin.py:190} INFO - [2026-08-26T10:01:12.097+0000] {dagbag.py:588} INFO - Filling up the DagBag from /opt/airflow/dags/prod/airbyte_to_dbt_prod.py
[2026-08-26T10:01:12.135+0000] {processor.py:925} INFO - DAG(s) 'airbyte_to_dbt_pipeline_prod' retrieved from /opt/airflow/dags/prod/airbyte_to_dbt_prod.py
[2026-08-26T10:01:12.220+0000] {logging_mixin.py:190} INFO - [2026-08-26T10:01:12.220+0000] {dag.py:3239} INFO - Sync 1 DAGs
[2026-08-26T10:01:12.281+0000] {logging_mixin.py:190} INFO - [2026-08-26T10:01:12.281+0000] {dag.py:4180} INFO - Setting next_dagrun for airbyte_to_dbt_pipeline_prod to 2026-08-26 09:00:00+00:00, run_after=2026-08-26 10:00:00+00:00
[2026-08-26T10:01:12.318+0000] {processor.py:208} INFO - Processing /opt/airflow/dags/prod/airbyte_to_dbt_prod.py took 0.242 seconds
[2026-08-26T10:01:42.503+0000] {processor.py:186} INFO - Started process (PID=1676) to work on /opt/airflow/dags/prod/airbyte_to_dbt_prod.py
[2026-08-26T10:01:42.504+0000] {processor.py:914} INFO - Processing file /opt/airflow/dags/prod/airbyte_to_dbt_prod.py for tasks to queue
[2026-08-26T10:01:42.507+0000] {logging_mixin.py:190} INFO - [2026-08-26T10:01:42.506+0000] {dagbag.py:588} INFO - Filling up the DagBag from /opt/airflow/dags/prod/airbyte_to_dbt_prod.py
[2026-08-26T10:01:42.530+0000] {processor.py:925} INFO - DAG(s) 'airbyte_to_dbt_pipeline_prod' retrieved from /opt/airflow/dags/prod/airbyte_to_dbt_prod.py
[2026-08-26T10:01:42.582+0000] {logging_mixin.py:190} INFO - [2026-08-26T10:01:42.582+0000] {dag.py:3239} INFO - Sync 1 DAGs
[2026-08-26T10:01:42.616+0000] {logging_mixin.py:190} INFO - [2026-08-26T10:01:42.615+0000] {dag.py:4180} INFO - Setting next_dagrun for airbyte_to_dbt_pipeline_prod to 2026-08-26 09:00:00+00:00, run_after=2026-08-26 10:00:00+00:00
[2026-08-26T10:01:42.646+0000] {processor.py:208} INFO - Processing /opt/airflow/dags/prod/airbyte_to_dbt_prod.py took 0.152 seconds
[2026-08-26T10:02:12.811+0000] {processor.py:186} INFO - Started process (PID=1686) to work on /opt/airflow/dags/prod/airbyte_to_dbt_prod.py
[2026-08-26T10:02:12.812+0000] {processor.py:914} INFO - Processing file /opt/airflow/dags/prod/airbyte_to_dbt_prod.py for tasks to queue
[2026-08-26T10:02:12.817+0000] {logging_mixin.py:190} INFO - [2026-08-26T10:02:12.816+0000] {dagbag.py:588} INFO - Filling up the DagBag from /opt/airflow/dags/prod/airbyte_to_dbt_prod.py
[2026-08-26T10:02:12.847+0000] {processor.py:925} INFO - DAG(s) 'airbyte_to_dbt_pipeline_prod' retrieved from /opt/airflow/dags/prod/airbyte_to_dbt_prod.py
[2026-08-26T10:02:12.887+0000] {logging_mixin.py:190} INFO - [2026-08-26T10:02:12.887+0000] {dag.py:3239} INFO - Sync 1 DAGs
[2026-08-26T10:02:12.980+0000] {logging_mixin.py:190} INFO - [2026-08-26T10:02:12.979+0000] {dag.py:4180} INFO - Setting next_dagrun for airbyte_to_dbt_pipeline_prod to 2026-08-26 09:00:00+00:00, run_after=2026-08-26 10:00:00+00:00
[2026-08-26T10:02:13.003+0000] {processor.py:208} INFO - Processing /opt/airflow/dags/prod/airbyte_to_dbt_prod.py took 0.203 seconds
[2026-08-26T10:02:43.169+0000] {processor.py:186} INFO - Started process (PID=1696) to work on /opt/airflow/dags/prod/airbyte_to_dbt_prod.py
[2026-08-26T10:02:43.170+0000] {processor.py:914} INFO - Processing file /opt/airflow/dags/prod/airbyte_to_dbt_prod.py for tasks to queue
[2026-08-26T10:02:43.174+0000] {logging_mixin.py:190} INFO - [2026-08-26T10:02:43.173+0000] {dagbag.py:588} INFO - Filling up the DagBag from /opt/airflow/dags/prod/airbyte_to_dbt_prod.py
[2026-08-26T10:02:43.196+0000] {processor.py:925} INFO - DAG(s) 'airbyte_to_dbt_pipeline_prod' retrieved from /opt/airflow/dags/prod/airbyte_to_dbt_prod.py
[2026-08-26T10:02:43.247+0000] {logging_mixin.py:190} INFO - [2026-08-26T10:02:43.247+0000] {dag.py:3239} INFO - Sync 1 DAGs
[2026-08-26T10:02:43.283+0000] {logging_mixin.py:190} INFO - [2026-08-26T10:02:43.283+0000] {dag.py:4180} INFO - Setting next_dagrun for airbyte_to_dbt_pipeline_prod to 2026-08-26 09:00:00+00:00, run_after=2026-08-26 10:00:00+00:00
[2026-08-26T10:02:43.312+0000] {processor.py:208} INFO - Processing /opt/airflow/dags/prod/airbyte_to_dbt_prod.py took 0.152 seconds
[2026-08-26T10:03:13.758+0000] {processor.py:186} INFO - Started process (PID=1704) to work on /opt/airflow/dags/prod/airbyte_to_dbt_prod.py
[2026-08-26T10:03:13.768+0000] {processor.py:914} INFO - Processing file /opt/airflow/dags/prod/airbyte_to_dbt_prod.py for tasks to queue
[2026-08-26T10:03:13.960+0000] {logging_mixin.py:190} INFO - [2026-08-26T10:03:13.942+0000] {dagbag.py:588} INFO - Filling up the DagBag from /opt/airflow/dags/prod/airbyte_to_dbt_prod.py
[2026-08-26T10:03:14.327+0000] {processor.py:925} INFO - DAG(s) 'airbyte_to_dbt_pipeline_prod' retrieved from /opt/airflow/dags/prod/airbyte_to_dbt_prod.py
[2026-08-26T10:03:15.093+0000] {logging_mixin.py:190} INFO - [2026-08-26T10:03:15.092+0000] {dag.py:3239} INFO - Sync 1 DAGs
[2026-08-26T10:03:15.574+0000] {logging_mixin.py:190} INFO - [2026-08-26T10:03:15.574+0000] {dag.py:4180} INFO - Setting next_dagrun for airbyte_to_dbt_pipeline_prod to 2026-08-26 09:00:00+00:00, run_after=2026-08-26 10:00:00+00:00
[2026-08-26T10:03:15.603+0000] {processor.py:208} INFO - Processing /opt/airflow/dags/prod/airbyte_to_dbt_prod.py took 1.987 seconds
[2026-08-26T10:03:45.925+0000] {processor.py:186} INFO - Started process (PID=1714) to work on /opt/airflow/dags/prod/airbyte_to_dbt_prod.py
[2026-08-26T10:03:45.926+0000] {processor.py:914} INFO - Processing file /opt/airflow/dags/prod/airbyte_to_dbt_prod.py for tasks to queue
[2026-08-26T10:03:45.931+0000] {logging_mixin.py:190} INFO - [2026-08-26T10:03:45.929+0000] {dagbag.py:588} INFO - Filling up the DagBag from /opt/airflow/dags/prod/airbyte_to_dbt_prod.py
[2026-08-26T10:03:45.982+0000] {processor.py:925} INFO - DAG(s) 'airbyte_to_dbt_pipeline_prod' retrieved from /opt/airflow/dags/prod/airbyte_to_dbt_prod.py
[2026-08-26T10:03:46.151+0000] {logging_mixin.py:190} INFO - [2026-08-26T10:03:46.150+0000] {dag.py:3239} INFO - Sync 1 DAGs
[2026-08-26T10:03:46.206+0000] {logging_mixin.py:190} INFO - [2026-08-26T10:03:46.206+0000] {dag.py:4180} INFO - Setting next_dagrun for airbyte_to_dbt_pipeline_prod to 2026-08-26 09:00:00+00:00, run_after=2026-08-26 10:00:00+00:00
[2026-08-26T10:03:46.229+0000] {processor.py:208} INFO - Processing /opt/airflow/dags/prod/airbyte_to_dbt_prod.py took 0.329 seconds
[2026-08-26T10:04:16.585+0000] {processor.py:186} INFO - Started process (PID=1726) to work on /opt/airflow/dags/prod/airbyte_to_dbt_prod.py
[2026-08-26T10:04:16.586+0000] {processor.py:914} INFO - Processing file /opt/airflow/dags/prod/airbyte_to_dbt_prod.py for tasks to queue
[2026-08-26T10:04:16.590+0000] {logging_mixin.py:190} INFO - [2026-08-26T10:04:16.590+0000] {dagbag.py:588} INFO - Filling up the DagBag from /opt/airflow/dags/prod/airbyte_to_dbt_prod.py
[2026-08-26T10:04:16.614+0000] {processor.py:925} INFO - DAG(s) 'airbyte_to_dbt_pipeline_prod' retrieved from /opt/airflow/dags/prod/airbyte_to_dbt_prod.py
[2026-08-26T10:04:16.704+0000] {logging_mixin.py:190} INFO - [2026-08-26T10:04:16.703+0000] {dag.py:3239} INFO - Sync 1 DAGs
[2026-08-26T10:04:16.744+0000] {logging_mixin.py:190} INFO - [2026-08-26T10:04:16.744+0000] {dag.py:4180} INFO - Setting next_dagrun for airbyte_to_dbt_pipeline_prod to 2026-08-26 09:00:00+00:00, run_after=2026-08-26 10:00:00+00:00
[2026-08-26T10:04:16.771+0000] {processor.py:208} INFO - Processing /opt/airflow/dags/prod/airbyte_to_dbt_prod.py took 0.198 seconds
[2026-08-26T10:04:46.930+0000] {processor.py:186} INFO - Started process (PID=1736) to work on /opt/airflow/dags/prod/airbyte_to_dbt_prod.py
[2026-08-26T10:04:46.931+0000] {processor.py:914} INFO - Processing file /opt/airflow/dags/prod/airbyte_to_dbt_prod.py for tasks to queue
[2026-08-26T10:04:46.934+0000] {logging_mixin.py:190} INFO - [2026-08-26T10:04:46.933+0000] {dagbag.py:588} INFO - Filling up the DagBag from /opt/airflow/dags/prod/airbyte_to_dbt_prod.py
[2026-08-26T10:04:46.955+0000] {processor.py:925} INFO - DAG(s) 'airbyte_to_dbt_pipeline_prod' retrieved from /opt/airflow/dags/prod/airbyte_to_dbt_prod.py
[2026-08-26T10:04:47.008+0000] {logging_mixin.py:190} INFO - [2026-08-26T10:04:47.007+0000] {dag.py:3239} INFO - Sync 1 DAGs
[2026-08-26T10:04:47.047+0000] {logging_mixin.py:190} INFO - [2026-08-26T10:04:47.047+0000] {dag.py:4180} INFO - Setting next_dagrun for airbyte_to_dbt_pipeline_prod to 2026-08-26 09:00:00+00:00, run_after=2026-08-26 10:00:00+00:00
[2026-08-26T10:04:47.110+0000] {processor.py:208} INFO - Processing /opt/airflow/dags/prod/airbyte_to_dbt_prod.py took 0.188 seconds
[2026-08-26T10:05:17.319+0000] {processor.py:186} INFO - Started process (PID=1746) to work on /opt/airflow/dags/prod/airbyte_to_dbt_prod.py
[2026-08-26T10:05:17.320+0000] {processor.py:914} INFO - Processing file /opt/airflow/dags/prod/airbyte_to_dbt_prod.py for tasks to queue
[2026-08-26T10:05:17.328+0000] {logging_mixin.py:190} INFO - [2026-08-26T10:05:17.327+0000] {dagbag.py:588} INFO - Filling up the DagBag from /opt/airflow/dags/prod/airbyte_to_dbt_prod.py
[2026-08-26T10:05:17.372+0000] {processor.py:925} INFO - DAG(s) 'airbyte_to_dbt_pipeline_prod' retrieved from /opt/airflow/dags/prod/airbyte_to_dbt_prod.py
[2026-08-26T10:05:17.479+0000] {logging_mixin.py:190} INFO - [2026-08-26T10:05:17.479+0000] {dag.py:3239} INFO - Sync 1 DAGs
[2026-08-26T10:05:17.572+0000] {logging_mixin.py:190} INFO - [2026-08-26T10:05:17.572+0000] {dag.py:4180} INFO - Setting next_dagrun for airbyte_to_dbt_pipeline_prod to 2026-08-26 09:00:00+00:00, run_after=2026-08-26 10:00:00+00:00
[2026-08-26T10:05:17.623+0000] {processor.py:208} INFO - Processing /opt/airflow/dags/prod/airbyte_to_dbt_prod.py took 0.316 seconds
[2026-08-26T10:05:47.788+0000] {processor.py:186} INFO - Started process (PID=1756) to work on /opt/airflow/dags/prod/airbyte_to_dbt_prod.py
[2026-08-26T10:05:47.789+0000] {processor.py:914} INFO - Processing file /opt/airflow/dags/prod/airbyte_to_dbt_prod.py for tasks to queue
[2026-08-26T10:05:47.794+0000] {logging_mixin.py:190} INFO - [2026-08-26T10:05:47.793+0000] {dagbag.py:588} INFO - Filling up the DagBag from /opt/airflow/dags/prod/airbyte_to_dbt_prod.py
[2026-08-26T10:05:47.822+0000] {processor.py:925} INFO - DAG(s) 'airbyte_to_dbt_pipeline_prod' retrieved from /opt/airflow/dags/prod/airbyte_to_dbt_prod.py
[2026-08-26T10:05:47.874+0000] {logging_mixin.py:190} INFO - [2026-08-26T10:05:47.874+0000] {dag.py:3239} INFO - Sync 1 DAGs
[2026-08-26T10:05:47.912+0000] {logging_mixin.py:190} INFO - [2026-08-26T10:05:47.912+0000] {dag.py:4180} INFO - Setting next_dagrun for airbyte_to_dbt_pipeline_prod to 2026-08-26 09:00:00+00:00, run_after=2026-08-26 10:00:00+00:00
[2026-08-26T10:05:47.936+0000] {processor.py:208} INFO - Processing /opt/airflow/dags/prod/airbyte_to_dbt_prod.py took 0.160 seconds
[2026-08-26T10:06:18.097+0000] {processor.py:186} INFO - Started process (PID=1766) to work on /opt/airflow/dags/prod/airbyte_to_dbt_prod.py
[2026-08-26T10:06:18.098+0000] {processor.py:914} INFO - Processing file /opt/airflow/dags/prod/airbyte_to_dbt_prod.py for tasks to queue
[2026-08-26T10:06:18.101+0000] {logging_mixin.py:190} INFO - [2026-08-26T10:06:18.101+0000] {dagbag.py:588} INFO - Filling up the DagBag from /opt/airflow/dags/prod/airbyte_to_dbt_prod.py
[2026-08-26T10:06:18.126+0000] {processor.py:925} INFO - DAG(s) 'airbyte_to_dbt_pipeline_prod' retrieved from /opt/airflow/dags/prod/airbyte_to_dbt_prod.py
[2026-08-26T10:06:18.169+0000] {logging_mixin.py:190} INFO - [2026-08-26T10:06:18.169+0000] {dag.py:3239} INFO - Sync 1 DAGs
[2026-08-26T10:06:18.201+0000] {logging_mixin.py:190} INFO - [2026-08-26T10:06:18.201+0000] {dag.py:4180} INFO - Setting next_dagrun for airbyte_to_dbt_pipeline_prod to 2026-08-26 09:00:00+00:00, run_after=2026-08-26 10:00:00+00:00
[2026-08-26T10:06:18.226+0000] {processor.py:208} INFO - Processing /opt/airflow/dags/prod/airbyte_to_dbt_prod.py took 0.138 seconds
[2026-08-26T10:06:48.400+0000] {processor.py:186} INFO - Started process (PID=1776) to work on /opt/airflow/dags/prod/airbyte_to_dbt_prod.py
[2026-08-26T10:06:48.401+0000] {processor.py:914} INFO - Processing file /opt/airflow/dags/prod/airbyte_to_dbt_prod.py for tasks to queue
[2026-08-26T10:06:48.405+0000] {logging_mixin.py:190} INFO - [2026-08-26T10:06:48.404+0000] {dagbag.py:588} INFO - Filling up the DagBag from /opt/airflow/dags/prod/airbyte_to_dbt_prod.py
[2026-08-26T10:06:48.435+0000] {processor.py:925} INFO - DAG(s) 'airbyte_to_dbt_pipeline_prod' retrieved from /opt/airflow/dags/prod/airbyte_to_dbt_prod.py
[2026-08-26T10:06:48.487+0000] {logging_mixin.py:190} INFO - [2026-08-26T10:06:48.487+0000] {dag.py:3239} INFO - Sync 1 DAGs
[2026-08-26T10:06:48.525+0000] {logging_mixin.py:190} INFO - [2026-08-26T10:06:48.525+0000] {dag.py:4180} INFO - Setting next_dagrun for airbyte_to_dbt_pipeline_prod to 2026-08-26 09:00:00+00:00, run_after=2026-08-26 10:00:00+00:00
[2026-08-26T10:06:48.549+0000] {processor.py:208} INFO - Processing /opt/airflow/dags/prod/airbyte_to_dbt_prod.py took 0.161 seconds
[2026-08-26T10:07:18.717+0000] {processor.py:186} INFO - Started process (PID=1786) to work on /opt/airflow/dags/prod/airbyte_to_dbt_prod.py
[2026-08-26T10:07:18.718+0000] {processor.py:914} INFO - Processing file /opt/airflow/dags/prod/airbyte_to_dbt_prod.py for tasks to queue
[2026-08-26T10:07:18.721+0000] {logging_mixin.py:190} INFO - [2026-08-26T10:07:18.721+0000] {dagbag.py:588} INFO - Filling up the DagBag from /opt/airflow/dags/prod/airbyte_to_dbt_prod.py
[2026-08-26T10:07:18.744+0000] {processor.py:925} INFO - DAG(s) 'airbyte_to_dbt_pipeline_prod' retrieved from /opt/airflow/dags/prod/airbyte_to_dbt_prod.py
[2026-08-26T10:07:18.796+0000] {logging_mixin.py:190} INFO - [2026-08-26T10:07:18.796+0000] {dag.py:3239} INFO - Sync 1 DAGs
[2026-08-26T10:07:18.833+0000] {logging_mixin.py:190} INFO - [2026-08-26T10:07:18.832+0000] {dag.py:4180} INFO - Setting next_dagrun for airbyte_to_dbt_pipeline_prod to 2026-08-26 09:00:00+00:00, run_after=2026-08-26 10:00:00+00:00
[2026-08-26T10:07:18.859+0000] {processor.py:208} INFO - Processing /opt/airflow/dags/prod/airbyte_to_dbt_prod.py took 0.151 seconds
[2026-08-26T10:07:49.051+0000] {processor.py:186} INFO - Started process (PID=1796) to work on /opt/airflow/dags/prod/airbyte_to_dbt_prod.py
[2026-08-26T10:07:49.053+0000] {processor.py:914} INFO - Processing file /opt/airflow/dags/prod/airbyte_to_dbt_prod.py for tasks to queue
[2026-08-26T10:07:49.058+0000] {logging_mixin.py:190} INFO - [2026-08-26T10:07:49.057+0000] {dagbag.py:588} INFO - Filling up the DagBag from /opt/airflow/dags/prod/airbyte_to_dbt_prod.py
[2026-08-26T10:07:49.090+0000] {processor.py:925} INFO - DAG(s) 'airbyte_to_dbt_pipeline_prod' retrieved from /opt/airflow/dags/prod/airbyte_to_dbt_prod.py
[2026-08-26T10:07:49.142+0000] {logging_mixin.py:190} INFO - [2026-08-26T10:07:49.141+0000] {dag.py:3239} INFO - Sync 1 DAGs
[2026-08-26T10:07:49.187+0000] {logging_mixin.py:190} INFO - [2026-08-26T10:07:49.186+0000] {dag.py:4180} INFO - Setting next_dagrun for airbyte_to_dbt_pipeline_prod to 2026-08-26 09:00:00+00:00, run_after=2026-08-26 10:00:00+00:00
[2026-08-26T10:07:49.225+0000] {processor.py:208} INFO - Processing /opt/airflow/dags/prod/airbyte_to_dbt_prod.py took 0.186 seconds
[2026-08-26T10:08:19.411+0000] {processor.py:186} INFO - Started process (PID=1806) to work on /opt/airflow/dags/prod/airbyte_to_dbt_prod.py
[2026-08-26T10:08:19.412+0000] {processor.py:914} INFO - Processing file /opt/airflow/dags/prod/airbyte_to_dbt_prod.py for tasks to queue
[2026-08-26T10:08:19.415+0000] {logging_mixin.py:190} INFO - [2026-08-26T10:08:19.415+0000] {dagbag.py:588} INFO - Filling up the DagBag from /opt/airflow/dags/prod/airbyte_to_dbt_prod.py
[2026-08-26T10:08:19.439+0000] {processor.py:925} INFO - DAG(s) 'airbyte_to_dbt_pipeline_prod' retrieved from /opt/airflow/dags/prod/airbyte_to_dbt_prod.py
[2026-08-26T10:08:19.513+0000] {logging_mixin.py:190} INFO - [2026-08-26T10:08:19.512+0000] {dag.py:3239} INFO - Sync 1 DAGs
[2026-08-26T10:08:19.562+0000] {logging_mixin.py:190} INFO - [2026-08-26T10:08:19.562+0000] {dag.py:4180} INFO - Setting next_dagrun for airbyte_to_dbt_pipeline_prod to 2026-08-26 09:00:00+00:00, run_after=2026-08-26 10:00:00+00:00
[2026-08-26T10:08:19.594+0000] {processor.py:208} INFO - Processing /opt/airflow/dags/prod/airbyte_to_dbt_prod.py took 0.195 seconds
[2026-08-26T10:08:49.738+0000] {processor.py:186} INFO - Started process (PID=1816) to work on /opt/airflow/dags/prod/airbyte_to_dbt_prod.py
[2026-08-26T10:08:49.739+0000] {processor.py:914} INFO - Processing file /opt/airflow/dags/prod/airbyte_to_dbt_prod.py for tasks to queue
[2026-08-26T10:08:49.743+0000] {logging_mixin.py:190} INFO - [2026-08-26T10:08:49.743+0000] {dagbag.py:588} INFO - Filling up the DagBag from /opt/airflow/dags/prod/airbyte_to_dbt_prod.py
[2026-08-26T10:08:49.769+0000] {processor.py:925} INFO - DAG(s) 'airbyte_to_dbt_pipeline_prod' retrieved from /opt/airflow/dags/prod/airbyte_to_dbt_prod.py
[2026-08-26T10:08:49.818+0000] {logging_mixin.py:190} INFO - [2026-08-26T10:08:49.818+0000] {dag.py:3239} INFO - Sync 1 DAGs
[2026-08-26T10:08:49.854+0000] {logging_mixin.py:190} INFO - [2026-08-26T10:08:49.854+0000] {dag.py:4180} INFO - Setting next_dagrun for airbyte_to_dbt_pipeline_prod to 2026-08-26 09:00:00+00:00, run_after=2026-08-26 10:00:00+00:00
[2026-08-26T10:08:49.878+0000] {processor.py:208} INFO - Processing /opt/airflow/dags/prod/airbyte_to_dbt_prod.py took 0.149 seconds
[2026-08-26T10:09:20.037+0000] {processor.py:186} INFO - Started process (PID=1826) to work on /opt/airflow/dags/prod/airbyte_to_dbt_prod.py
[2026-08-26T10:09:20.039+0000] {processor.py:914} INFO - Processing file /opt/airflow/dags/prod/airbyte_to_dbt_prod.py for tasks to queue
[2026-08-26T10:09:20.043+0000] {logging_mixin.py:190} INFO - [2026-08-26T10:09:20.043+0000] {dagbag.py:588} INFO - Filling up the DagBag from /opt/airflow/dags/prod/airbyte_to_dbt_prod.py
[2026-08-26T10:09:20.074+0000] {processor.py:925} INFO - DAG(s) 'airbyte_to_dbt_pipeline_prod' retrieved from /opt/airflow/dags/prod/airbyte_to_dbt_prod.py
[2026-08-26T10:09:20.127+0000] {logging_mixin.py:190} INFO - [2026-08-26T10:09:20.127+0000] {dag.py:3239} INFO - Sync 1 DAGs
[2026-08-26T10:09:20.169+0000] {logging_mixin.py:190} INFO - [2026-08-26T10:09:20.169+0000] {dag.py:4180} INFO - Setting next_dagrun for airbyte_to_dbt_pipeline_prod to 2026-08-26 09:00:00+00:00, run_after=2026-08-26 10:00:00+00:00
[2026-08-26T10:09:20.199+0000] {processor.py:208} INFO - Processing /opt/airflow/dags/prod/airbyte_to_dbt_prod.py took 0.173 seconds
[2026-08-26T10:09:50.380+0000] {processor.py:186} INFO - Started process (PID=1836) to work on /opt/airflow/dags/prod/airbyte_to_dbt_prod.py
[2026-08-26T10:09:50.381+0000] {processor.py:914} INFO - Processing file /opt/airflow/dags/prod/airbyte_to_dbt_prod.py for tasks to queue
[2026-08-26T10:09:50.384+0000] {logging_mixin.py:190} INFO - [2026-08-26T10:09:50.383+0000] {dagbag.py:588} INFO - Filling up the DagBag from /opt/airflow/dags/prod/airbyte_to_dbt_prod.py
[2026-08-26T10:09:50.405+0000] {processor.py:925} INFO - DAG(s) 'airbyte_to_dbt_pipeline_prod' retrieved from /opt/airflow/dags/prod/airbyte_to_dbt_prod.py
[2026-08-26T10:09:50.443+0000] {logging_mixin.py:190} INFO - [2026-08-26T10:09:50.443+0000] {dag.py:3239} INFO - Sync 1 DAGs
[2026-08-26T10:09:50.473+0000] {logging_mixin.py:190} INFO - [2026-08-26T10:09:50.472+0000] {dag.py:4180} INFO - Setting next_dagrun for airbyte_to_dbt_pipeline_prod to 2026-08-26 09:00:00+00:00, run_after=2026-08-26 10:00:00+00:00
[2026-08-26T10:09:50.494+0000] {processor.py:208} INFO - Processing /opt/airflow/dags/prod/airbyte_to_dbt_prod.py took 0.123 seconds
[2026-08-26T10:10:20.666+0000] {processor.py:186} INFO - Started process (PID=1846) to work on /opt/airflow/dags/prod/airbyte_to_dbt_prod.py
[2026-08-26T10:10:20.668+0000] {processor.py:914} INFO - Processing file /opt/airflow/dags/prod/airbyte_to_dbt_prod.py for tasks to queue
[2026-08-26T10:10:20.671+0000] {logging_mixin.py:190} INFO - [2026-08-26T10:10:20.670+0000] {dagbag.py:588} INFO - Filling up the DagBag from /opt/airflow/dags/prod/airbyte_to_dbt_prod.py
[2026-08-26T10:10:20.694+0000] {processor.py:925} INFO - DAG(s) 'airbyte_to_dbt_pipeline_prod' retrieved from /opt/airflow/dags/prod/airbyte_to_dbt_prod.py
[2026-08-26T10:10:20.746+0000] {logging_mixin.py:190} INFO - [2026-08-26T10:10:20.746+0000] {dag.py:3239} INFO - Sync 1 DAGs
[2026-08-26T10:10:20.780+0000] {logging_mixin.py:190} INFO - [2026-08-26T10:10:20.780+0000] {dag.py:4180} INFO - Setting next_dagrun for airbyte_to_dbt_pipeline_prod to 2026-08-26 09:00:00+00:00, run_after=2026-08-26 10:00:00+00:00
[2026-08-26T10:10:20.803+0000] {processor.py:208} INFO - Processing /opt/airflow/dags/prod/airbyte_to_dbt_prod.py took 0.145 seconds
[2026-08-26T10:10:50.979+0000] {processor.py:186} INFO - Started process (PID=1856) to work on /opt/airflow/dags/prod/airbyte_to_dbt_prod.py
[2026-08-26T10:10:50.980+0000] {processor.py:914} INFO - Processing file /opt/airflow/dags/prod/airbyte_to_dbt_prod.py for tasks to queue
[2026-08-26T10:10:50.983+0000] {logging_mixin.py:190} INFO - [2026-08-26T10:10:50.982+0000] {dagbag.py:588} INFO - Filling up the DagBag from /opt/airflow/dags/prod/airbyte_to_dbt_prod.py
[2026-08-26T10:10:51.006+0000] {processor.py:925} INFO - DAG(s) 'airbyte_to_dbt_pipeline_prod' retrieved from /opt/airflow/dags/prod/airbyte_to_dbt_prod.py
[2026-08-26T10:10:51.057+0000] {logging_mixin.py:190} INFO - [2026-08-26T10:10:51.057+0000] {dag.py:3239} INFO - Sync 1 DAGs
[2026-08-26T10:10:51.098+0000] {logging_mixin.py:190} INFO - [2026-08-26T10:10:51.098+0000] {dag.py:4180} INFO - Setting next_dagrun for airbyte_to_dbt_pipeline_prod to 2026-08-26 09:00:00+00:00, run_after=2026-08-26 10:00:00+00:00
[2026-08-26T10:10:51.129+0000] {processor.py:208} INFO - Processing /opt/airflow/dags/prod/airbyte_to_dbt_prod.py took 0.160 seconds
[2026-08-26T10:11:21.311+0000] {processor.py:186} INFO - Started process (PID=1866) to work on /opt/airflow/dags/prod/airbyte_to_dbt_prod.py
[2026-08-26T10:11:21.312+0000] {processor.py:914} INFO - Processing file /opt/airflow/dags/prod/airbyte_to_dbt_prod.py for tasks to queue
[2026-08-26T10:11:21.317+0000] {logging_mixin.py:190} INFO - [2026-08-26T10:11:21.316+0000] {dagbag.py:588} INFO - Filling up the DagBag from /opt/airflow/dags/prod/airbyte_to_dbt_prod.py
[2026-08-26T10:11:21.346+0000] {processor.py:925} INFO - DAG(s) 'airbyte_to_dbt_pipeline_prod' retrieved from /opt/airflow/dags/prod/airbyte_to_dbt_prod.py
[2026-08-26T10:11:21.398+0000] {logging_mixin.py:190} INFO - [2026-08-26T10:11:21.398+0000] {dag.py:3239} INFO - Sync 1 DAGs
[2026-08-26T10:11:21.435+0000] {logging_mixin.py:190} INFO - [2026-08-26T10:11:21.435+0000] {dag.py:4180} INFO - Setting next_dagrun for airbyte_to_dbt_pipeline_prod to 2026-08-26 09:00:00+00:00, run_after=2026-08-26 10:00:00+00:00
[2026-08-26T10:11:21.464+0000] {processor.py:208} INFO - Processing /opt/airflow/dags/prod/airbyte_to_dbt_prod.py took 0.164 seconds
[2026-08-26T10:11:51.658+0000] {processor.py:186} INFO - Started process (PID=1876) to work on /opt/airflow/dags/prod/airbyte_to_dbt_prod.py
[2026-08-26T10:11:51.660+0000] {processor.py:914} INFO - Processing file /opt/airflow/dags/prod/airbyte_to_dbt_prod.py for tasks to queue
[2026-08-26T10:11:51.694+0000] {logging_mixin.py:190} INFO - [2026-08-26T10:11:51.685+0000] {dagbag.py:588} INFO - Filling up the DagBag from /opt/airflow/dags/prod/airbyte_to_dbt_prod.py
[2026-08-26T10:11:51.775+0000] {processor.py:925} INFO - DAG(s) 'airbyte_to_dbt_pipeline_prod' retrieved from /opt/airflow/dags/prod/airbyte_to_dbt_prod.py
[2026-08-26T10:11:51.910+0000] {logging_mixin.py:190} INFO - [2026-08-26T10:11:51.909+0000] {dag.py:3239} INFO - Sync 1 DAGs
[2026-08-26T10:11:51.983+0000] {logging_mixin.py:190} INFO - [2026-08-26T10:11:51.982+0000] {dag.py:4180} INFO - Setting next_dagrun for airbyte_to_dbt_pipeline_prod to 2026-08-26 09:00:00+00:00, run_after=2026-08-26 10:00:00+00:00
[2026-08-26T10:11:52.008+0000] {processor.py:208} INFO - Processing /opt/airflow/dags/prod/airbyte_to_dbt_prod.py took 0.375 seconds
[2026-08-26T10:12:22.167+0000] {processor.py:186} INFO - Started process (PID=1886) to work on /opt/airflow/dags/prod/airbyte_to_dbt_prod.py
[2026-08-26T10:12:22.168+0000] {processor.py:914} INFO - Processing file /opt/airflow/dags/prod/airbyte_to_dbt_prod.py for tasks to queue
[2026-08-26T10:12:22.172+0000] {logging_mixin.py:190} INFO - [2026-08-26T10:12:22.171+0000] {dagbag.py:588} INFO - Filling up the DagBag from /opt/airflow/dags/prod/airbyte_to_dbt_prod.py
[2026-08-26T10:12:22.200+0000] {processor.py:925} INFO - DAG(s) 'airbyte_to_dbt_pipeline_prod' retrieved from /opt/airflow/dags/prod/airbyte_to_dbt_prod.py
[2026-08-26T10:12:22.249+0000] {logging_mixin.py:190} INFO - [2026-08-26T10:12:22.249+0000] {dag.py:3239} INFO - Sync 1 DAGs
[2026-08-26T10:12:22.319+0000] {logging_mixin.py:190} INFO - [2026-08-26T10:12:22.319+0000] {dag.py:4180} INFO - Setting next_dagrun for airbyte_to_dbt_pipeline_prod to 2026-08-26 09:00:00+00:00, run_after=2026-08-26 10:00:00+00:00
[2026-08-26T10:12:22.345+0000] {processor.py:208} INFO - Processing /opt/airflow/dags/prod/airbyte_to_dbt_prod.py took 0.188 seconds
[2026-08-26T10:12:52.522+0000] {processor.py:186} INFO - Started process (PID=1896) to work on /opt/airflow/dags/prod/airbyte_to_dbt_prod.py
[2026-08-26T10:12:52.523+0000] {processor.py:914} INFO - Processing file /opt/airflow/dags/prod/airbyte_to_dbt_prod.py for tasks to queue
[2026-08-26T10:12:52.526+0000] {logging_mixin.py:190} INFO - [2026-08-26T10:12:52.526+0000] {dagbag.py:588} INFO - Filling up the DagBag from /opt/airflow/dags/prod/airbyte_to_dbt_prod.py
[2026-08-26T10:12:52.553+0000] {processor.py:925} INFO - DAG(s) 'airbyte_to_dbt_pipeline_prod' retrieved from /opt/airflow/dags/prod/airbyte_to_dbt_prod.py
[2026-08-26T10:12:52.610+0000] {logging_mixin.py:190} INFO - [2026-08-26T10:12:52.610+0000] {dag.py:3239} INFO - Sync 1 DAGs
[2026-08-26T10:12:52.650+0000] {logging_mixin.py:190} INFO - [2026-08-26T10:12:52.650+0000] {dag.py:4180} INFO - Setting next_dagrun for airbyte_to_dbt_pipeline_prod to 2026-08-26 09:00:00+00:00, run_after=2026-08-26 10:00:00+00:00
[2026-08-26T10:12:52.677+0000] {processor.py:208} INFO - Processing /opt/airflow/dags/prod/airbyte_to_dbt_prod.py took 0.166 seconds
[2026-08-26T10:13:22.863+0000] {processor.py:186} INFO - Started process (PID=1906) to work on /opt/airflow/dags/prod/airbyte_to_dbt_prod.py
[2026-08-26T10:13:22.863+0000] {processor.py:914} INFO - Processing file /opt/airflow/dags/prod/airbyte_to_dbt_prod.py for tasks to queue
[2026-08-26T10:13:22.866+0000] {logging_mixin.py:190} INFO - [2026-08-26T10:13:22.866+0000] {dagbag.py:588} INFO - Filling up the DagBag from /opt/airflow/dags/prod/airbyte_to_dbt_prod.py
[2026-08-26T10:13:22.891+0000] {processor.py:925} INFO - DAG(s) 'airbyte_to_dbt_pipeline_prod' retrieved from /opt/airflow/dags/prod/airbyte_to_dbt_prod.py
[2026-08-26T10:13:22.955+0000] {logging_mixin.py:190} INFO - [2026-08-26T10:13:22.954+0000] {dag.py:3239} INFO - Sync 1 DAGs
[2026-08-26T10:13:23.058+0000] {logging_mixin.py:190} INFO - [2026-08-26T10:13:23.057+0000] {dag.py:4180} INFO - Setting next_dagrun for airbyte_to_dbt_pipeline_prod to 2026-08-26 09:00:00+00:00, run_after=2026-08-26 10:00:00+00:00
[2026-08-26T10:13:23.080+0000] {processor.py:208} INFO - Processing /opt/airflow/dags/prod/airbyte_to_dbt_prod.py took 0.272 seconds
[2026-08-26T10:13:53.218+0000] {processor.py:186} INFO - Started process (PID=1916) to work on /opt/airflow/dags/prod/airbyte_to_dbt_prod.py
[2026-08-26T10:13:53.220+0000] {processor.py:914} INFO - Processing file /opt/airflow/dags/prod/airbyte_to_dbt_prod.py for tasks to queue
[2026-08-26T10:13:53.223+0000] {logging_mixin.py:190} INFO - [2026-08-26T10:13:53.222+0000] {dagbag.py:588} INFO - Filling up the DagBag from /opt/airflow/dags/prod/airbyte_to_dbt_prod.py
[2026-08-26T10:13:53.245+0000] {processor.py:925} INFO - DAG(s) 'airbyte_to_dbt_pipeline_prod' retrieved from /opt/airflow/dags/prod/airbyte_to_dbt_prod.py
[2026-08-26T10:13:53.289+0000] {logging_mixin.py:190} INFO - [2026-08-26T10:13:53.289+0000] {dag.py:3239} INFO - Sync 1 DAGs
[2026-08-26T10:13:53.332+0000] {logging_mixin.py:190} INFO - [2026-08-26T10:13:53.331+0000] {dag.py:4180} INFO - Setting next_dagrun for airbyte_to_dbt_pipeline_prod to 2026-08-26 09:00:00+00:00, run_after=2026-08-26 10:00:00+00:00
[2026-08-26T10:13:53.357+0000] {processor.py:208} INFO - Processing /opt/airflow/dags/prod/airbyte_to_dbt_prod.py took 0.149 seconds
[2026-08-26T10:14:23.526+0000] {processor.py:186} INFO - Started process (PID=1926) to work on /opt/airflow/dags/prod/airbyte_to_dbt_prod.py
[2026-08-26T10:14:23.527+0000] {processor.py:914} INFO - Processing file /opt/airflow/dags/prod/airbyte_to_dbt_prod.py for tasks to queue
[2026-08-26T10:14:23.530+0000] {logging_mixin.py:190} INFO - [2026-08-26T10:14:23.530+0000] {dagbag.py:588} INFO - Filling up the DagBag from /opt/airflow/dags/prod/airbyte_to_dbt_prod.py
[2026-08-26T10:14:23.553+0000] {processor.py:925} INFO - DAG(s) 'airbyte_to_dbt_pipeline_prod' retrieved from /opt/airflow/dags/prod/airbyte_to_dbt_prod.py
[2026-08-26T10:14:23.595+0000] {logging_mixin.py:190} INFO - [2026-08-26T10:14:23.595+0000] {dag.py:3239} INFO - Sync 1 DAGs
[2026-08-26T10:14:23.627+0000] {logging_mixin.py:190} INFO - [2026-08-26T10:14:23.627+0000] {dag.py:4180} INFO - Setting next_dagrun for airbyte_to_dbt_pipeline_prod to 2026-08-26 09:00:00+00:00, run_after=2026-08-26 10:00:00+00:00
[2026-08-26T10:14:23.654+0000] {processor.py:208} INFO - Processing /opt/airflow/dags/prod/airbyte_to_dbt_prod.py took 0.138 seconds
[2026-08-26T10:14:53.843+0000] {processor.py:186} INFO - Started process (PID=1936) to work on /opt/airflow/dags/prod/airbyte_to_dbt_prod.py
[2026-08-26T10:14:53.845+0000] {processor.py:914} INFO - Processing file /opt/airflow/dags/prod/airbyte_to_dbt_prod.py for tasks to queue
[2026-08-26T10:14:53.848+0000] {logging_mixin.py:190} INFO - [2026-08-26T10:14:53.848+0000] {dagbag.py:588} INFO - Filling up the DagBag from /opt/airflow/dags/prod/airbyte_to_dbt_prod.py
[2026-08-26T10:14:53.872+0000] {processor.py:925} INFO - DAG(s) 'airbyte_to_dbt_pipeline_prod' retrieved from /opt/airflow/dags/prod/airbyte_to_dbt_prod.py
[2026-08-26T10:14:53.918+0000] {logging_mixin.py:190} INFO - [2026-08-26T10:14:53.917+0000] {dag.py:3239} INFO - Sync 1 DAGs
[2026-08-26T10:14:53.964+0000] {logging_mixin.py:190} INFO - [2026-08-26T10:14:53.964+0000] {dag.py:4180} INFO - Setting next_dagrun for airbyte_to_dbt_pipeline_prod to 2026-08-26 09:00:00+00:00, run_after=2026-08-26 10:00:00+00:00
[2026-08-26T10:14:53.984+0000] {processor.py:208} INFO - Processing /opt/airflow/dags/prod/airbyte_to_dbt_prod.py took 0.151 seconds
[2026-08-26T10:15:24.148+0000] {processor.py:186} INFO - Started process (PID=1946) to work on /opt/airflow/dags/prod/airbyte_to_dbt_prod.py
[2026-08-26T10:15:24.150+0000] {processor.py:914} INFO - Processing file /opt/airflow/dags/prod/airbyte_to_dbt_prod.py for tasks to queue
[2026-08-26T10:15:24.154+0000] {logging_mixin.py:190} INFO - [2026-08-26T10:15:24.153+0000] {dagbag.py:588} INFO - Filling up the DagBag from /opt/airflow/dags/prod/airbyte_to_dbt_prod.py
[2026-08-26T10:15:24.180+0000] {processor.py:925} INFO - DAG(s) 'airbyte_to_dbt_pipeline_prod' retrieved from /opt/airflow/dags/prod/airbyte_to_dbt_prod.py
[2026-08-26T10:15:24.228+0000] {logging_mixin.py:190} INFO - [2026-08-26T10:15:24.228+0000] {dag.py:3239} INFO - Sync 1 DAGs
[2026-08-26T10:15:24.260+0000] {logging_mixin.py:190} INFO - [2026-08-26T10:15:24.259+0000] {dag.py:4180} INFO - Setting next_dagrun for airbyte_to_dbt_pipeline_prod to 2026-08-26 09:00:00+00:00, run_after=2026-08-26 10:00:00+00:00
[2026-08-26T10:15:24.285+0000] {processor.py:208} INFO - Processing /opt/airflow/dags/prod/airbyte_to_dbt_prod.py took 0.147 seconds
[2026-08-26T10:15:54.455+0000] {processor.py:186} INFO - Started process (PID=1956) to work on /opt/airflow/dags/prod/airbyte_to_dbt_prod.py
[2026-08-26T10:15:54.458+0000] {processor.py:914} INFO - Processing file /opt/airflow/dags/prod/airbyte_to_dbt_prod.py for tasks to queue
[2026-08-26T10:15:54.462+0000] {logging_mixin.py:190} INFO - [2026-08-26T10:15:54.462+0000] {dagbag.py:588} INFO - Filling up the DagBag from /opt/airflow/dags/prod/airbyte_to_dbt_prod.py
[2026-08-26T10:15:54.493+0000] {processor.py:925} INFO - DAG(s) 'airbyte_to_dbt_pipeline_prod' retrieved from /opt/airflow/dags/prod/airbyte_to_dbt_prod.py
[2026-08-26T10:15:54.550+0000] {logging_mixin.py:190} INFO - [2026-08-26T10:15:54.550+0000] {dag.py:3239} INFO - Sync 1 DAGs
[2026-08-26T10:15:54.591+0000] {logging_mixin.py:190} INFO - [2026-08-26T10:15:54.591+0000] {dag.py:4180} INFO - Setting next_dagrun for airbyte_to_dbt_pipeline_prod to 2026-08-26 09:00:00+00:00, run_after=2026-08-26 10:00:00+00:00
[2026-08-26T10:15:54.625+0000] {processor.py:208} INFO - Processing /opt/airflow/dags/prod/airbyte_to_dbt_prod.py took 0.181 seconds
[2026-08-26T10:16:24.962+0000] {processor.py:186} INFO - Started process (PID=1964) to work on /opt/airflow/dags/prod/airbyte_to_dbt_prod.py
[2026-08-26T10:16:24.963+0000] {processor.py:914} INFO - Processing file /opt/airflow/dags/prod/airbyte_to_dbt_prod.py for tasks to queue
[2026-08-26T10:16:24.995+0000] {logging_mixin.py:190} INFO - [2026-08-26T10:16:24.993+0000] {dagbag.py:588} INFO - Filling up the DagBag from /opt/airflow/dags/prod/airbyte_to_dbt_prod.py
[2026-08-26T10:16:25.091+0000] {processor.py:925} INFO - DAG(s) 'airbyte_to_dbt_pipeline_prod' retrieved from /opt/airflow/dags/prod/airbyte_to_dbt_prod.py
[2026-08-26T10:16:25.202+0000] {logging_mixin.py:190} INFO - [2026-08-26T10:16:25.201+0000] {dag.py:3239} INFO - Sync 1 DAGs
[2026-08-26T10:16:25.278+0000] {logging_mixin.py:190} INFO - [2026-08-26T10:16:25.278+0000] {dag.py:4180} INFO - Setting next_dagrun for airbyte_to_dbt_pipeline_prod to 2026-08-26 09:00:00+00:00, run_after=2026-08-26 10:00:00+00:00
[2026-08-26T10:16:25.306+0000] {processor.py:208} INFO - Processing /opt/airflow/dags/prod/airbyte_to_dbt_prod.py took 0.444 seconds
[2026-08-26T10:16:55.541+0000] {processor.py:186} INFO - Started process (PID=1974) to work on /opt/airflow/dags/prod/airbyte_to_dbt_prod.py
[2026-08-26T10:16:55.542+0000] {processor.py:914} INFO - Processing file /opt/airflow/dags/prod/airbyte_to_dbt_prod.py for tasks to queue
[2026-08-26T10:16:55.567+0000] {logging_mixin.py:190} INFO - [2026-08-26T10:16:55.562+0000] {dagbag.py:588} INFO - Filling up the DagBag from /opt/airflow/dags/prod/airbyte_to_dbt_prod.py
[2026-08-26T10:16:55.613+0000] {processor.py:925} INFO - DAG(s) 'airbyte_to_dbt_pipeline_prod' retrieved from /opt/airflow/dags/prod/airbyte_to_dbt_prod.py
[2026-08-26T10:16:55.670+0000] {logging_mixin.py:190} INFO - [2026-08-26T10:16:55.669+0000] {dag.py:3239} INFO - Sync 1 DAGs
[2026-08-26T10:16:55.712+0000] {logging_mixin.py:190} INFO - [2026-08-26T10:16:55.712+0000] {dag.py:4180} INFO - Setting next_dagrun for airbyte_to_dbt_pipeline_prod to 2026-08-26 09:00:00+00:00, run_after=2026-08-26 10:00:00+00:00
[2026-08-26T10:16:55.740+0000] {processor.py:208} INFO - Processing /opt/airflow/dags/prod/airbyte_to_dbt_prod.py took 0.228 seconds
[2026-08-26T10:17:25.910+0000] {processor.py:186} INFO - Started process (PID=1986) to work on /opt/airflow/dags/prod/airbyte_to_dbt_prod.py
[2026-08-26T10:17:25.912+0000] {processor.py:914} INFO - Processing file /opt/airflow/dags/prod/airbyte_to_dbt_prod.py for tasks to queue
[2026-08-26T10:17:25.915+0000] {logging_mixin.py:190} INFO - [2026-08-26T10:17:25.914+0000] {dagbag.py:588} INFO - Filling up the DagBag from /opt/airflow/dags/prod/airbyte_to_dbt_prod.py
[2026-08-26T10:17:25.937+0000] {processor.py:925} INFO - DAG(s) 'airbyte_to_dbt_pipeline_prod' retrieved from /opt/airflow/dags/prod/airbyte_to_dbt_prod.py
[2026-08-26T10:17:25.974+0000] {logging_mixin.py:190} INFO - [2026-08-26T10:17:25.973+0000] {dag.py:3239} INFO - Sync 1 DAGs
[2026-08-26T10:17:26.006+0000] {logging_mixin.py:190} INFO - [2026-08-26T10:17:26.006+0000] {dag.py:4180} INFO - Setting next_dagrun for airbyte_to_dbt_pipeline_prod to 2026-08-26 09:00:00+00:00, run_after=2026-08-26 10:00:00+00:00
[2026-08-26T10:17:26.029+0000] {processor.py:208} INFO - Processing /opt/airflow/dags/prod/airbyte_to_dbt_prod.py took 0.126 seconds
[2026-08-26T10:17:56.197+0000] {processor.py:186} INFO - Started process (PID=1996) to work on /opt/airflow/dags/prod/airbyte_to_dbt_prod.py
[2026-08-26T10:17:56.198+0000] {processor.py:914} INFO - Processing file /opt/airflow/dags/prod/airbyte_to_dbt_prod.py for tasks to queue
[2026-08-26T10:17:56.204+0000] {logging_mixin.py:190} INFO - [2026-08-26T10:17:56.203+0000] {dagbag.py:588} INFO - Filling up the DagBag from /opt/airflow/dags/prod/airbyte_to_dbt_prod.py
[2026-08-26T10:17:56.234+0000] {processor.py:925} INFO - DAG(s) 'airbyte_to_dbt_pipeline_prod' retrieved from /opt/airflow/dags/prod/airbyte_to_dbt_prod.py
[2026-08-26T10:17:56.289+0000] {logging_mixin.py:190} INFO - [2026-08-26T10:17:56.289+0000] {dag.py:3239} INFO - Sync 1 DAGs
[2026-08-26T10:17:56.324+0000] {logging_mixin.py:190} INFO - [2026-08-26T10:17:56.324+0000] {dag.py:4180} INFO - Setting next_dagrun for airbyte_to_dbt_pipeline_prod to 2026-08-26 09:00:00+00:00, run_after=2026-08-26 10:00:00+00:00
[2026-08-26T10:17:56.350+0000] {processor.py:208} INFO - Processing /opt/airflow/dags/prod/airbyte_to_dbt_prod.py took 0.168 seconds
[2026-08-26T10:18:26.524+0000] {processor.py:186} INFO - Started process (PID=2006) to work on /opt/airflow/dags/prod/airbyte_to_dbt_prod.py
[2026-08-26T10:18:26.525+0000] {processor.py:914} INFO - Processing file /opt/airflow/dags/prod/airbyte_to_dbt_prod.py for tasks to queue
[2026-08-26T10:18:26.528+0000] {logging_mixin.py:190} INFO - [2026-08-26T10:18:26.528+0000] {dagbag.py:588} INFO - Filling up the DagBag from /opt/airflow/dags/prod/airbyte_to_dbt_prod.py
[2026-08-26T10:18:26.550+0000] {processor.py:925} INFO - DAG(s) 'airbyte_to_dbt_pipeline_prod' retrieved from /opt/airflow/dags/prod/airbyte_to_dbt_prod.py
[2026-08-26T10:18:26.601+0000] {logging_mixin.py:190} INFO - [2026-08-26T10:18:26.600+0000] {dag.py:3239} INFO - Sync 1 DAGs
[2026-08-26T10:18:26.639+0000] {logging_mixin.py:190} INFO - [2026-08-26T10:18:26.639+0000] {dag.py:4180} INFO - Setting next_dagrun for airbyte_to_dbt_pipeline_prod to 2026-08-26 09:00:00+00:00, run_after=2026-08-26 10:00:00+00:00
[2026-08-26T10:18:26.663+0000] {processor.py:208} INFO - Processing /opt/airflow/dags/prod/airbyte_to_dbt_prod.py took 0.149 seconds
[2026-08-26T10:18:56.831+0000] {processor.py:186} INFO - Started process (PID=2016) to work on /opt/airflow/dags/prod/airbyte_to_dbt_prod.py
[2026-08-26T10:18:56.831+0000] {processor.py:914} INFO - Processing file /opt/airflow/dags/prod/airbyte_to_dbt_prod.py for tasks to queue
[2026-08-26T10:18:56.834+0000] {logging_mixin.py:190} INFO - [2026-08-26T10:18:56.834+0000] {dagbag.py:588} INFO - Filling up the DagBag from /opt/airflow/dags/prod/airbyte_to_dbt_prod.py
[2026-08-26T10:18:56.859+0000] {processor.py:925} INFO - DAG(s) 'airbyte_to_dbt_pipeline_prod' retrieved from /opt/airflow/dags/prod/airbyte_to_dbt_prod.py
[2026-08-26T10:18:56.905+0000] {logging_mixin.py:190} INFO - [2026-08-26T10:18:56.905+0000] {dag.py:3239} INFO - Sync 1 DAGs
[2026-08-26T10:18:56.932+0000] {logging_mixin.py:190} INFO - [2026-08-26T10:18:56.932+0000] {dag.py:4180} INFO - Setting next_dagrun for airbyte_to_dbt_pipeline_prod to 2026-08-26 09:00:00+00:00, run_after=2026-08-26 10:00:00+00:00
[2026-08-26T10:18:56.959+0000] {processor.py:208} INFO - Processing /opt/airflow/dags/prod/airbyte_to_dbt_prod.py took 0.136 seconds
[2026-08-26T10:19:27.123+0000] {processor.py:186} INFO - Started process (PID=2026) to work on /opt/airflow/dags/prod/airbyte_to_dbt_prod.py
[2026-08-26T10:19:27.124+0000] {processor.py:914} INFO - Processing file /opt/airflow/dags/prod/airbyte_to_dbt_prod.py for tasks to queue
[2026-08-26T10:19:27.127+0000] {logging_mixin.py:190} INFO - [2026-08-26T10:19:27.127+0000] {dagbag.py:588} INFO - Filling up the DagBag from /opt/airflow/dags/prod/airbyte_to_dbt_prod.py
[2026-08-26T10:19:27.180+0000] {processor.py:925} INFO - DAG(s) 'airbyte_to_dbt_pipeline_prod' retrieved from /opt/airflow/dags/prod/airbyte_to_dbt_prod.py
[2026-08-26T10:19:27.232+0000] {logging_mixin.py:190} INFO - [2026-08-26T10:19:27.231+0000] {dag.py:3239} INFO - Sync 1 DAGs
[2026-08-26T10:19:27.271+0000] {logging_mixin.py:190} INFO - [2026-08-26T10:19:27.271+0000] {dag.py:4180} INFO - Setting next_dagrun for airbyte_to_dbt_pipeline_prod to 2026-08-26 09:00:00+00:00, run_after=2026-08-26 10:00:00+00:00
[2026-08-26T10:19:27.295+0000] {processor.py:208} INFO - Processing /opt/airflow/dags/prod/airbyte_to_dbt_prod.py took 0.180 seconds
[2026-08-26T10:19:57.486+0000] {processor.py:186} INFO - Started process (PID=2036) to work on /opt/airflow/dags/prod/airbyte_to_dbt_prod.py
[2026-08-26T10:19:57.487+0000] {processor.py:914} INFO - Processing file /opt/airflow/dags/prod/airbyte_to_dbt_prod.py for tasks to queue
[2026-08-26T10:19:57.491+0000] {logging_mixin.py:190} INFO - [2026-08-26T10:19:57.490+0000] {dagbag.py:588} INFO - Filling up the DagBag from /opt/airflow/dags/prod/airbyte_to_dbt_prod.py
[2026-08-26T10:19:57.515+0000] {processor.py:925} INFO - DAG(s) 'airbyte_to_dbt_pipeline_prod' retrieved from /opt/airflow/dags/prod/airbyte_to_dbt_prod.py
[2026-08-26T10:19:57.563+0000] {logging_mixin.py:190} INFO - [2026-08-26T10:19:57.562+0000] {dag.py:3239} INFO - Sync 1 DAGs
[2026-08-26T10:19:57.594+0000] {logging_mixin.py:190} INFO - [2026-08-26T10:19:57.594+0000] {dag.py:4180} INFO - Setting next_dagrun for airbyte_to_dbt_pipeline_prod to 2026-08-26 09:00:00+00:00, run_after=2026-08-26 10:00:00+00:00
[2026-08-26T10:19:57.617+0000] {processor.py:208} INFO - Processing /opt/airflow/dags/prod/airbyte_to_dbt_prod.py took 0.143 seconds
[2026-08-26T10:20:27.779+0000] {processor.py:186} INFO - Started process (PID=2046) to work on /opt/airflow/dags/prod/airbyte_to_dbt_prod.py
[2026-08-26T10:20:27.781+0000] {processor.py:914} INFO - Processing file /opt/airflow/dags/prod/airbyte_to_dbt_prod.py for tasks to queue
[2026-08-26T10:20:27.784+0000] {logging_mixin.py:190} INFO - [2026-08-26T10:20:27.783+0000] {dagbag.py:588} INFO - Filling up the DagBag from /opt/airflow/dags/prod/airbyte_to_dbt_prod.py
[2026-08-26T10:20:27.834+0000] {processor.py:925} INFO - DAG(s) 'airbyte_to_dbt_pipeline_prod' retrieved from /opt/airflow/dags/prod/airbyte_to_dbt_prod.py
[2026-08-26T10:20:27.882+0000] {logging_mixin.py:190} INFO - [2026-08-26T10:20:27.882+0000] {dag.py:3239} INFO - Sync 1 DAGs
[2026-08-26T10:20:27.913+0000] {logging_mixin.py:190} INFO - [2026-08-26T10:20:27.912+0000] {dag.py:4180} INFO - Setting next_dagrun for airbyte_to_dbt_pipeline_prod to 2026-08-26 09:00:00+00:00, run_after=2026-08-26 10:00:00+00:00
[2026-08-26T10:20:27.936+0000] {processor.py:208} INFO - Processing /opt/airflow/dags/prod/airbyte_to_dbt_prod.py took 0.166 seconds
[2026-08-26T10:20:58.107+0000] {processor.py:186} INFO - Started process (PID=2056) to work on /opt/airflow/dags/prod/airbyte_to_dbt_prod.py
[2026-08-26T10:20:58.108+0000] {processor.py:914} INFO - Processing file /opt/airflow/dags/prod/airbyte_to_dbt_prod.py for tasks to queue
[2026-08-26T10:20:58.112+0000] {logging_mixin.py:190} INFO - [2026-08-26T10:20:58.111+0000] {dagbag.py:588} INFO - Filling up the DagBag from /opt/airflow/dags/prod/airbyte_to_dbt_prod.py
[2026-08-26T10:20:58.136+0000] {processor.py:925} INFO - DAG(s) 'airbyte_to_dbt_pipeline_prod' retrieved from /opt/airflow/dags/prod/airbyte_to_dbt_prod.py
[2026-08-26T10:20:58.179+0000] {logging_mixin.py:190} INFO - [2026-08-26T10:20:58.179+0000] {dag.py:3239} INFO - Sync 1 DAGs
[2026-08-26T10:20:58.215+0000] {logging_mixin.py:190} INFO - [2026-08-26T10:20:58.215+0000] {dag.py:4180} INFO - Setting next_dagrun for airbyte_to_dbt_pipeline_prod to 2026-08-26 09:00:00+00:00, run_after=2026-08-26 10:00:00+00:00
[2026-08-26T10:20:58.240+0000] {processor.py:208} INFO - Processing /opt/airflow/dags/prod/airbyte_to_dbt_prod.py took 0.142 seconds
[2026-08-26T10:21:28.414+0000] {processor.py:186} INFO - Started process (PID=2066) to work on /opt/airflow/dags/prod/airbyte_to_dbt_prod.py
[2026-08-26T10:21:28.416+0000] {processor.py:914} INFO - Processing file /opt/airflow/dags/prod/airbyte_to_dbt_prod.py for tasks to queue
[2026-08-26T10:21:28.419+0000] {logging_mixin.py:190} INFO - [2026-08-26T10:21:28.419+0000] {dagbag.py:588} INFO - Filling up the DagBag from /opt/airflow/dags/prod/airbyte_to_dbt_prod.py
[2026-08-26T10:21:28.441+0000] {processor.py:925} INFO - DAG(s) 'airbyte_to_dbt_pipeline_prod' retrieved from /opt/airflow/dags/prod/airbyte_to_dbt_prod.py
[2026-08-26T10:21:28.492+0000] {logging_mixin.py:190} INFO - [2026-08-26T10:21:28.491+0000] {dag.py:3239} INFO - Sync 1 DAGs
[2026-08-26T10:21:28.528+0000] {logging_mixin.py:190} INFO - [2026-08-26T10:21:28.528+0000] {dag.py:4180} INFO - Setting next_dagrun for airbyte_to_dbt_pipeline_prod to 2026-08-26 09:00:00+00:00, run_after=2026-08-26 10:00:00+00:00
[2026-08-26T10:21:28.556+0000] {processor.py:208} INFO - Processing /opt/airflow/dags/prod/airbyte_to_dbt_prod.py took 0.151 seconds
[2026-08-26T10:21:58.725+0000] {processor.py:186} INFO - Started process (PID=2076) to work on /opt/airflow/dags/prod/airbyte_to_dbt_prod.py
[2026-08-26T10:21:58.726+0000] {processor.py:914} INFO - Processing file /opt/airflow/dags/prod/airbyte_to_dbt_prod.py for tasks to queue
[2026-08-26T10:21:58.729+0000] {logging_mixin.py:190} INFO - [2026-08-26T10:21:58.729+0000] {dagbag.py:588} INFO - Filling up the DagBag from /opt/airflow/dags/prod/airbyte_to_dbt_prod.py
[2026-08-26T10:21:58.756+0000] {processor.py:925} INFO - DAG(s) 'airbyte_to_dbt_pipeline_prod' retrieved from /opt/airflow/dags/prod/airbyte_to_dbt_prod.py
[2026-08-26T10:21:58.810+0000] {logging_mixin.py:190} INFO - [2026-08-26T10:21:58.809+0000] {dag.py:3239} INFO - Sync 1 DAGs
[2026-08-26T10:21:58.845+0000] {logging_mixin.py:190} INFO - [2026-08-26T10:21:58.845+0000] {dag.py:4180} INFO - Setting next_dagrun for airbyte_to_dbt_pipeline_prod to 2026-08-26 09:00:00+00:00, run_after=2026-08-26 10:00:00+00:00
[2026-08-26T10:21:58.873+0000] {processor.py:208} INFO - Processing /opt/airflow/dags/prod/airbyte_to_dbt_prod.py took 0.157 seconds
[2026-08-26T10:22:29.039+0000] {processor.py:186} INFO - Started process (PID=2086) to work on /opt/airflow/dags/prod/airbyte_to_dbt_prod.py
[2026-08-26T10:22:29.040+0000] {processor.py:914} INFO - Processing file /opt/airflow/dags/prod/airbyte_to_dbt_prod.py for tasks to queue
[2026-08-26T10:22:29.043+0000] {logging_mixin.py:190} INFO - [2026-08-26T10:22:29.043+0000] {dagbag.py:588} INFO - Filling up the DagBag from /opt/airflow/dags/prod/airbyte_to_dbt_prod.py
[2026-08-26T10:22:29.065+0000] {processor.py:925} INFO - DAG(s) 'airbyte_to_dbt_pipeline_prod' retrieved from /opt/airflow/dags/prod/airbyte_to_dbt_prod.py
[2026-08-26T10:22:29.114+0000] {logging_mixin.py:190} INFO - [2026-08-26T10:22:29.114+0000] {dag.py:3239} INFO - Sync 1 DAGs
[2026-08-26T10:22:29.151+0000] {logging_mixin.py:190} INFO - [2026-08-26T10:22:29.151+0000] {dag.py:4180} INFO - Setting next_dagrun for airbyte_to_dbt_pipeline_prod to 2026-08-26 09:00:00+00:00, run_after=2026-08-26 10:00:00+00:00
[2026-08-26T10:22:29.175+0000] {processor.py:208} INFO - Processing /opt/airflow/dags/prod/airbyte_to_dbt_prod.py took 0.144 seconds
[2026-08-26T10:22:59.343+0000] {processor.py:186} INFO - Started process (PID=2096) to work on /opt/airflow/dags/prod/airbyte_to_dbt_prod.py
[2026-08-26T10:22:59.344+0000] {processor.py:914} INFO - Processing file /opt/airflow/dags/prod/airbyte_to_dbt_prod.py for tasks to queue
[2026-08-26T10:22:59.347+0000] {logging_mixin.py:190} INFO - [2026-08-26T10:22:59.346+0000] {dagbag.py:588} INFO - Filling up the DagBag from /opt/airflow/dags/prod/airbyte_to_dbt_prod.py
[2026-08-26T10:22:59.371+0000] {processor.py:925} INFO - DAG(s) 'airbyte_to_dbt_pipeline_prod' retrieved from /opt/airflow/dags/prod/airbyte_to_dbt_prod.py
[2026-08-26T10:22:59.422+0000] {logging_mixin.py:190} INFO - [2026-08-26T10:22:59.422+0000] {dag.py:3239} INFO - Sync 1 DAGs
[2026-08-26T10:22:59.458+0000] {logging_mixin.py:190} INFO - [2026-08-26T10:22:59.458+0000] {dag.py:4180} INFO - Setting next_dagrun for airbyte_to_dbt_pipeline_prod to 2026-08-26 09:00:00+00:00, run_after=2026-08-26 10:00:00+00:00
[2026-08-26T10:22:59.481+0000] {processor.py:208} INFO - Processing /opt/airflow/dags/prod/airbyte_to_dbt_prod.py took 0.147 seconds
[2026-08-26T10:23:29.655+0000] {processor.py:186} INFO - Started process (PID=2106) to work on /opt/airflow/dags/prod/airbyte_to_dbt_prod.py
[2026-08-26T10:23:29.657+0000] {processor.py:914} INFO - Processing file /opt/airflow/dags/prod/airbyte_to_dbt_prod.py for tasks to queue
[2026-08-26T10:23:29.661+0000] {logging_mixin.py:190} INFO - [2026-08-26T10:23:29.660+0000] {dagbag.py:588} INFO - Filling up the DagBag from /opt/airflow/dags/prod/airbyte_to_dbt_prod.py
[2026-08-26T10:23:29.690+0000] {processor.py:925} INFO - DAG(s) 'airbyte_to_dbt_pipeline_prod' retrieved from /opt/airflow/dags/prod/airbyte_to_dbt_prod.py
[2026-08-26T10:23:29.738+0000] {logging_mixin.py:190} INFO - [2026-08-26T10:23:29.738+0000] {dag.py:3239} INFO - Sync 1 DAGs
[2026-08-26T10:23:29.769+0000] {logging_mixin.py:190} INFO - [2026-08-26T10:23:29.769+0000] {dag.py:4180} INFO - Setting next_dagrun for airbyte_to_dbt_pipeline_prod to 2026-08-26 09:00:00+00:00, run_after=2026-08-26 10:00:00+00:00
[2026-08-26T10:23:29.793+0000] {processor.py:208} INFO - Processing /opt/airflow/dags/prod/airbyte_to_dbt_prod.py took 0.150 seconds
[2026-08-26T10:23:59.950+0000] {processor.py:186} INFO - Started process (PID=2116) to work on /opt/airflow/dags/prod/airbyte_to_dbt_prod.py
[2026-08-26T10:23:59.951+0000] {processor.py:914} INFO - Processing file /opt/airflow/dags/prod/airbyte_to_dbt_prod.py for tasks to queue
[2026-08-26T10:23:59.954+0000] {logging_mixin.py:190} INFO - [2026-08-26T10:23:59.954+0000] {dagbag.py:588} INFO - Filling up the DagBag from /opt/airflow/dags/prod/airbyte_to_dbt_prod.py
[2026-08-26T10:23:59.976+0000] {processor.py:925} INFO - DAG(s) 'airbyte_to_dbt_pipeline_prod' retrieved from /opt/airflow/dags/prod/airbyte_to_dbt_prod.py
[2026-08-26T10:24:00.029+0000] {logging_mixin.py:190} INFO - [2026-08-26T10:24:00.029+0000] {dag.py:3239} INFO - Sync 1 DAGs
[2026-08-26T10:24:00.065+0000] {logging_mixin.py:190} INFO - [2026-08-26T10:24:00.065+0000] {dag.py:4180} INFO - Setting next_dagrun for airbyte_to_dbt_pipeline_prod to 2026-08-26 09:00:00+00:00, run_after=2026-08-26 10:00:00+00:00
[2026-08-26T10:24:00.088+0000] {processor.py:208} INFO - Processing /opt/airflow/dags/prod/airbyte_to_dbt_prod.py took 0.146 seconds
[2026-08-26T10:24:30.245+0000] {processor.py:186} INFO - Started process (PID=2126) to work on /opt/airflow/dags/prod/airbyte_to_dbt_prod.py
[2026-08-26T10:24:30.247+0000] {processor.py:914} INFO - Processing file /opt/airflow/dags/prod/airbyte_to_dbt_prod.py for tasks to queue
[2026-08-26T10:24:30.251+0000] {logging_mixin.py:190} INFO - [2026-08-26T10:24:30.250+0000] {dagbag.py:588} INFO - Filling up the DagBag from /opt/airflow/dags/prod/airbyte_to_dbt_prod.py
[2026-08-26T10:24:30.274+0000] {processor.py:925} INFO - DAG(s) 'airbyte_to_dbt_pipeline_prod' retrieved from /opt/airflow/dags/prod/airbyte_to_dbt_prod.py
[2026-08-26T10:24:30.312+0000] {logging_mixin.py:190} INFO - [2026-08-26T10:24:30.312+0000] {dag.py:3239} INFO - Sync 1 DAGs
[2026-08-26T10:24:30.350+0000] {logging_mixin.py:190} INFO - [2026-08-26T10:24:30.350+0000] {dag.py:4180} INFO - Setting next_dagrun for airbyte_to_dbt_pipeline_prod to 2026-08-26 09:00:00+00:00, run_after=2026-08-26 10:00:00+00:00
[2026-08-26T10:24:30.374+0000] {processor.py:208} INFO - Processing /opt/airflow/dags/prod/airbyte_to_dbt_prod.py took 0.138 seconds
[2026-08-26T10:25:00.534+0000] {processor.py:186} INFO - Started process (PID=2136) to work on /opt/airflow/dags/prod/airbyte_to_dbt_prod.py
[2026-08-26T10:25:00.535+0000] {processor.py:914} INFO - Processing file /opt/airflow/dags/prod/airbyte_to_dbt_prod.py for tasks to queue
[2026-08-26T10:25:00.539+0000] {logging_mixin.py:190} INFO - [2026-08-26T10:25:00.538+0000] {dagbag.py:588} INFO - Filling up the DagBag from /opt/airflow/dags/prod/airbyte_to_dbt_prod.py
[2026-08-26T10:25:00.562+0000] {processor.py:925} INFO - DAG(s) 'airbyte_to_dbt_pipeline_prod' retrieved from /opt/airflow/dags/prod/airbyte_to_dbt_prod.py
[2026-08-26T10:25:00.613+0000] {logging_mixin.py:190} INFO - [2026-08-26T10:25:00.613+0000] {dag.py:3239} INFO - Sync 1 DAGs
[2026-08-26T10:25:00.649+0000] {logging_mixin.py:190} INFO - [2026-08-26T10:25:00.649+0000] {dag.py:4180} INFO - Setting next_dagrun for airbyte_to_dbt_pipeline_prod to 2026-08-26 09:00:00+00:00, run_after=2026-08-26 10:00:00+00:00
[2026-08-26T10:25:00.673+0000] {processor.py:208} INFO - Processing /opt/airflow/dags/prod/airbyte_to_dbt_prod.py took 0.147 seconds
[2026-08-26T10:25:30.832+0000] {processor.py:186} INFO - Started process (PID=2146) to work on /opt/airflow/dags/prod/airbyte_to_dbt_prod.py
[2026-08-26T10:25:30.833+0000] {processor.py:914} INFO - Processing file /opt/airflow/dags/prod/airbyte_to_dbt_prod.py for tasks to queue
[2026-08-26T10:25:30.838+0000] {logging_mixin.py:190} INFO - [2026-08-26T10:25:30.837+0000] {dagbag.py:588} INFO - Filling up the DagBag from /opt/airflow/dags/prod/airbyte_to_dbt_prod.py
[2026-08-26T10:25:30.867+0000] {processor.py:925} INFO - DAG(s) 'airbyte_to_dbt_pipeline_prod' retrieved from /opt/airflow/dags/prod/airbyte_to_dbt_prod.py
[2026-08-26T10:25:30.911+0000] {logging_mixin.py:190} INFO - [2026-08-26T10:25:30.910+0000] {dag.py:3239} INFO - Sync 1 DAGs
[2026-08-26T10:25:30.945+0000] {logging_mixin.py:190} INFO - [2026-08-26T10:25:30.945+0000] {dag.py:4180} INFO - Setting next_dagrun for airbyte_to_dbt_pipeline_prod to 2026-08-26 09:00:00+00:00, run_after=2026-08-26 10:00:00+00:00
[2026-08-26T10:25:30.968+0000] {processor.py:208} INFO - Processing /opt/airflow/dags/prod/airbyte_to_dbt_prod.py took 0.147 seconds
[2026-08-26T10:26:01.135+0000] {processor.py:186} INFO - Started process (PID=2156) to work on /opt/airflow/dags/prod/airbyte_to_dbt_prod.py
[2026-08-26T10:26:01.135+0000] {processor.py:914} INFO - Processing file /opt/airflow/dags/prod/airbyte_to_dbt_prod.py for tasks to queue
[2026-08-26T10:26:01.139+0000] {logging_mixin.py:190} INFO - [2026-08-26T10:26:01.138+0000] {dagbag.py:588} INFO - Filling up the DagBag from /opt/airflow/dags/prod/airbyte_to_dbt_prod.py
[2026-08-26T10:26:01.162+0000] {processor.py:925} INFO - DAG(s) 'airbyte_to_dbt_pipeline_prod' retrieved from /opt/airflow/dags/prod/airbyte_to_dbt_prod.py
[2026-08-26T10:26:01.214+0000] {logging_mixin.py:190} INFO - [2026-08-26T10:26:01.213+0000] {dag.py:3239} INFO - Sync 1 DAGs
[2026-08-26T10:26:01.251+0000] {logging_mixin.py:190} INFO - [2026-08-26T10:26:01.250+0000] {dag.py:4180} INFO - Setting next_dagrun for airbyte_to_dbt_pipeline_prod to 2026-08-26 09:00:00+00:00, run_after=2026-08-26 10:00:00+00:00
[2026-08-26T10:26:01.274+0000] {processor.py:208} INFO - Processing /opt/airflow/dags/prod/airbyte_to_dbt_prod.py took 0.148 seconds
[2026-08-26T10:26:31.446+0000] {processor.py:186} INFO - Started process (PID=2166) to work on /opt/airflow/dags/prod/airbyte_to_dbt_prod.py
[2026-08-26T10:26:31.447+0000] {processor.py:914} INFO - Processing file /opt/airflow/dags/prod/airbyte_to_dbt_prod.py for tasks to queue
[2026-08-26T10:26:31.452+0000] {logging_mixin.py:190} INFO - [2026-08-26T10:26:31.451+0000] {dagbag.py:588} INFO - Filling up the DagBag from /opt/airflow/dags/prod/airbyte_to_dbt_prod.py
[2026-08-26T10:26:31.478+0000] {processor.py:925} INFO - DAG(s) 'airbyte_to_dbt_pipeline_prod' retrieved from /opt/airflow/dags/prod/airbyte_to_dbt_prod.py
[2026-08-26T10:26:31.524+0000] {logging_mixin.py:190} INFO - [2026-08-26T10:26:31.524+0000] {dag.py:3239} INFO - Sync 1 DAGs
[2026-08-26T10:26:31.561+0000] {logging_mixin.py:190} INFO - [2026-08-26T10:26:31.561+0000] {dag.py:4180} INFO - Setting next_dagrun for airbyte_to_dbt_pipeline_prod to 2026-08-26 09:00:00+00:00, run_after=2026-08-26 10:00:00+00:00
[2026-08-26T10:26:31.586+0000] {processor.py:208} INFO - Processing /opt/airflow/dags/prod/airbyte_to_dbt_prod.py took 0.151 seconds
[2026-08-26T10:27:01.738+0000] {processor.py:186} INFO - Started process (PID=2176) to work on /opt/airflow/dags/prod/airbyte_to_dbt_prod.py
[2026-08-26T10:27:01.739+0000] {processor.py:914} INFO - Processing file /opt/airflow/dags/prod/airbyte_to_dbt_prod.py for tasks to queue
[2026-08-26T10:27:01.743+0000] {logging_mixin.py:190} INFO - [2026-08-26T10:27:01.742+0000] {dagbag.py:588} INFO - Filling up the DagBag from /opt/airflow/dags/prod/airbyte_to_dbt_prod.py
[2026-08-26T10:27:01.766+0000] {processor.py:925} INFO - DAG(s) 'airbyte_to_dbt_pipeline_prod' retrieved from /opt/airflow/dags/prod/airbyte_to_dbt_prod.py
[2026-08-26T10:27:01.813+0000] {logging_mixin.py:190} INFO - [2026-08-26T10:27:01.812+0000] {dag.py:3239} INFO - Sync 1 DAGs
[2026-08-26T10:27:01.858+0000] {logging_mixin.py:190} INFO - [2026-08-26T10:27:01.858+0000] {dag.py:4180} INFO - Setting next_dagrun for airbyte_to_dbt_pipeline_prod to 2026-08-26 09:00:00+00:00, run_after=2026-08-26 10:00:00+00:00
[2026-08-26T10:27:01.881+0000] {processor.py:208} INFO - Processing /opt/airflow/dags/prod/airbyte_to_dbt_prod.py took 0.152 seconds
[2026-08-26T10:27:32.042+0000] {processor.py:186} INFO - Started process (PID=2186) to work on /opt/airflow/dags/prod/airbyte_to_dbt_prod.py
[2026-08-26T10:27:32.044+0000] {processor.py:914} INFO - Processing file /opt/airflow/dags/prod/airbyte_to_dbt_prod.py for tasks to queue
[2026-08-26T10:27:32.047+0000] {logging_mixin.py:190} INFO - [2026-08-26T10:27:32.046+0000] {dagbag.py:588} INFO - Filling up the DagBag from /opt/airflow/dags/prod/airbyte_to_dbt_prod.py
[2026-08-26T10:27:32.068+0000] {processor.py:925} INFO - DAG(s) 'airbyte_to_dbt_pipeline_prod' retrieved from /opt/airflow/dags/prod/airbyte_to_dbt_prod.py
[2026-08-26T10:27:32.112+0000] {logging_mixin.py:190} INFO - [2026-08-26T10:27:32.111+0000] {dag.py:3239} INFO - Sync 1 DAGs
[2026-08-26T10:27:32.148+0000] {logging_mixin.py:190} INFO - [2026-08-26T10:27:32.148+0000] {dag.py:4180} INFO - Setting next_dagrun for airbyte_to_dbt_pipeline_prod to 2026-08-26 09:00:00+00:00, run_after=2026-08-26 10:00:00+00:00
[2026-08-26T10:27:32.173+0000] {processor.py:208} INFO - Processing /opt/airflow/dags/prod/airbyte_to_dbt_prod.py took 0.140 seconds
[2026-08-26T10:28:02.340+0000] {processor.py:186} INFO - Started process (PID=2196) to work on /opt/airflow/dags/prod/airbyte_to_dbt_prod.py
[2026-08-26T10:28:02.341+0000] {processor.py:914} INFO - Processing file /opt/airflow/dags/prod/airbyte_to_dbt_prod.py for tasks to queue
[2026-08-26T10:28:02.344+0000] {logging_mixin.py:190} INFO - [2026-08-26T10:28:02.344+0000] {dagbag.py:588} INFO - Filling up the DagBag from /opt/airflow/dags/prod/airbyte_to_dbt_prod.py
[2026-08-26T10:28:02.368+0000] {processor.py:925} INFO - DAG(s) 'airbyte_to_dbt_pipeline_prod' retrieved from /opt/airflow/dags/prod/airbyte_to_dbt_prod.py
[2026-08-26T10:28:02.410+0000] {logging_mixin.py:190} INFO - [2026-08-26T10:28:02.410+0000] {dag.py:3239} INFO - Sync 1 DAGs
[2026-08-26T10:28:02.445+0000] {logging_mixin.py:190} INFO - [2026-08-26T10:28:02.444+0000] {dag.py:4180} INFO - Setting next_dagrun for airbyte_to_dbt_pipeline_prod to 2026-08-26 09:00:00+00:00, run_after=2026-08-26 10:00:00+00:00
[2026-08-26T10:28:02.470+0000] {processor.py:208} INFO - Processing /opt/airflow/dags/prod/airbyte_to_dbt_prod.py took 0.138 seconds
[2026-08-26T10:28:32.649+0000] {processor.py:186} INFO - Started process (PID=2206) to work on /opt/airflow/dags/prod/airbyte_to_dbt_prod.py
[2026-08-26T10:28:32.650+0000] {processor.py:914} INFO - Processing file /opt/airflow/dags/prod/airbyte_to_dbt_prod.py for tasks to queue
[2026-08-26T10:28:32.653+0000] {logging_mixin.py:190} INFO - [2026-08-26T10:28:32.653+0000] {dagbag.py:588} INFO - Filling up the DagBag from /opt/airflow/dags/prod/airbyte_to_dbt_prod.py
[2026-08-26T10:28:32.676+0000] {processor.py:925} INFO - DAG(s) 'airbyte_to_dbt_pipeline_prod' retrieved from /opt/airflow/dags/prod/airbyte_to_dbt_prod.py
[2026-08-26T10:28:32.741+0000] {logging_mixin.py:190} INFO - [2026-08-26T10:28:32.741+0000] {dag.py:3239} INFO - Sync 1 DAGs
[2026-08-26T10:28:32.778+0000] {logging_mixin.py:190} INFO - [2026-08-26T10:28:32.777+0000] {dag.py:4180} INFO - Setting next_dagrun for airbyte_to_dbt_pipeline_prod to 2026-08-26 09:00:00+00:00, run_after=2026-08-26 10:00:00+00:00
[2026-08-26T10:28:32.800+0000] {processor.py:208} INFO - Processing /opt/airflow/dags/prod/airbyte_to_dbt_prod.py took 0.160 seconds
[2026-08-26T10:29:02.975+0000] {processor.py:186} INFO - Started process (PID=2216) to work on /opt/airflow/dags/prod/airbyte_to_dbt_prod.py
[2026-08-26T10:29:02.976+0000] {processor.py:914} INFO - Processing file /opt/airflow/dags/prod/airbyte_to_dbt_prod.py for tasks to queue
[2026-08-26T10:29:02.980+0000] {logging_mixin.py:190} INFO - [2026-08-26T10:29:02.980+0000] {dagbag.py:588} INFO - Filling up the DagBag from /opt/airflow/dags/prod/airbyte_to_dbt_prod.py
[2026-08-26T10:29:03.012+0000] {processor.py:925} INFO - DAG(s) 'airbyte_to_dbt_pipeline_prod' retrieved from /opt/airflow/dags/prod/airbyte_to_dbt_prod.py
[2026-08-26T10:29:03.064+0000] {logging_mixin.py:190} INFO - [2026-08-26T10:29:03.064+0000] {dag.py:3239} INFO - Sync 1 DAGs
[2026-08-26T10:29:03.104+0000] {logging_mixin.py:190} INFO - [2026-08-26T10:29:03.104+0000] {dag.py:4180} INFO - Setting next_dagrun for airbyte_to_dbt_pipeline_prod to 2026-08-26 09:00:00+00:00, run_after=2026-08-26 10:00:00+00:00
[2026-08-26T10:29:03.129+0000] {processor.py:208} INFO - Processing /opt/airflow/dags/prod/airbyte_to_dbt_prod.py took 0.165 seconds
[2026-08-26T10:29:33.295+0000] {processor.py:186} INFO - Started process (PID=2226) to work on /opt/airflow/dags/prod/airbyte_to_dbt_prod.py
[2026-08-26T10:29:33.296+0000] {processor.py:914} INFO - Processing file /opt/airflow/dags/prod/airbyte_to_dbt_prod.py for tasks to queue
[2026-08-26T10:29:33.301+0000] {logging_mixin.py:190} INFO - [2026-08-26T10:29:33.300+0000] {dagbag.py:588} INFO - Filling up the DagBag from /opt/airflow/dags/prod/airbyte_to_dbt_prod.py
[2026-08-26T10:29:33.332+0000] {processor.py:925} INFO - DAG(s) 'airbyte_to_dbt_pipeline_prod' retrieved from /opt/airflow/dags/prod/airbyte_to_dbt_prod.py
[2026-08-26T10:29:33.379+0000] {logging_mixin.py:190} INFO - [2026-08-26T10:29:33.379+0000] {dag.py:3239} INFO - Sync 1 DAGs
[2026-08-26T10:29:33.420+0000] {logging_mixin.py:190} INFO - [2026-08-26T10:29:33.420+0000] {dag.py:4180} INFO - Setting next_dagrun for airbyte_to_dbt_pipeline_prod to 2026-08-26 09:00:00+00:00, run_after=2026-08-26 10:00:00+00:00
[2026-08-26T10:29:33.444+0000] {processor.py:208} INFO - Processing /opt/airflow/dags/prod/airbyte_to_dbt_prod.py took 0.161 seconds
[2026-08-26T10:30:03.664+0000] {processor.py:186} INFO - Started process (PID=2236) to work on /opt/airflow/dags/prod/airbyte_to_dbt_prod.py
[2026-08-26T10:30:03.665+0000] {processor.py:914} INFO - Processing file /opt/airflow/dags/prod/airbyte_to_dbt_prod.py for tasks to queue
[2026-08-26T10:30:03.673+0000] {logging_mixin.py:190} INFO - [2026-08-26T10:30:03.671+0000] {dagbag.py:588} INFO - Filling up the DagBag from /opt/airflow/dags/prod/airbyte_to_dbt_prod.py
[2026-08-26T10:30:03.751+0000] {processor.py:925} INFO - DAG(s) 'airbyte_to_dbt_pipeline_prod' retrieved from /opt/airflow/dags/prod/airbyte_to_dbt_prod.py
[2026-08-26T10:30:03.966+0000] {logging_mixin.py:190} INFO - [2026-08-26T10:30:03.966+0000] {dag.py:3239} INFO - Sync 1 DAGs
[2026-08-26T10:30:04.181+0000] {logging_mixin.py:190} INFO - [2026-08-26T10:30:04.181+0000] {dag.py:4180} INFO - Setting next_dagrun for airbyte_to_dbt_pipeline_prod to 2026-08-26 09:00:00+00:00, run_after=2026-08-26 10:00:00+00:00
[2026-08-26T10:30:04.213+0000] {processor.py:208} INFO - Processing /opt/airflow/dags/prod/airbyte_to_dbt_prod.py took 0.566 seconds
[2026-08-26T10:30:34.406+0000] {processor.py:186} INFO - Started process (PID=2246) to work on /opt/airflow/dags/prod/airbyte_to_dbt_prod.py
[2026-08-26T10:30:34.408+0000] {processor.py:914} INFO - Processing file /opt/airflow/dags/prod/airbyte_to_dbt_prod.py for tasks to queue
[2026-08-26T10:30:34.432+0000] {logging_mixin.py:190} INFO - [2026-08-26T10:30:34.432+0000] {dagbag.py:588} INFO - Filling up the DagBag from /opt/airflow/dags/prod/airbyte_to_dbt_prod.py
[2026-08-26T10:30:34.465+0000] {processor.py:925} INFO - DAG(s) 'airbyte_to_dbt_pipeline_prod' retrieved from /opt/airflow/dags/prod/airbyte_to_dbt_prod.py
[2026-08-26T10:30:34.632+0000] {logging_mixin.py:190} INFO - [2026-08-26T10:30:34.632+0000] {dag.py:3239} INFO - Sync 1 DAGs
[2026-08-26T10:30:34.719+0000] {logging_mixin.py:190} INFO - [2026-08-26T10:30:34.719+0000] {dag.py:4180} INFO - Setting next_dagrun for airbyte_to_dbt_pipeline_prod to 2026-08-26 09:00:00+00:00, run_after=2026-08-26 10:00:00+00:00
[2026-08-26T10:30:34.745+0000] {processor.py:208} INFO - Processing /opt/airflow/dags/prod/airbyte_to_dbt_prod.py took 0.363 seconds
[2026-08-26T10:31:04.938+0000] {processor.py:186} INFO - Started process (PID=2256) to work on /opt/airflow/dags/prod/airbyte_to_dbt_prod.py
[2026-08-26T10:31:04.938+0000] {processor.py:914} INFO - Processing file /opt/airflow/dags/prod/airbyte_to_dbt_prod.py for tasks to queue
[2026-08-26T10:31:04.941+0000] {logging_mixin.py:190} INFO - [2026-08-26T10:31:04.941+0000] {dagbag.py:588} INFO - Filling up the DagBag from /opt/airflow/dags/prod/airbyte_to_dbt_prod.py
[2026-08-26T10:31:04.965+0000] {processor.py:925} INFO - DAG(s) 'airbyte_to_dbt_pipeline_prod' retrieved from /opt/airflow/dags/prod/airbyte_to_dbt_prod.py
[2026-08-26T10:31:05.007+0000] {logging_mixin.py:190} INFO - [2026-08-26T10:31:05.007+0000] {dag.py:3239} INFO - Sync 1 DAGs
[2026-08-26T10:31:05.039+0000] {logging_mixin.py:190} INFO - [2026-08-26T10:31:05.039+0000] {dag.py:4180} INFO - Setting next_dagrun for airbyte_to_dbt_pipeline_prod to 2026-08-26 09:00:00+00:00, run_after=2026-08-26 10:00:00+00:00
[2026-08-26T10:31:05.063+0000] {processor.py:208} INFO - Processing /opt/airflow/dags/prod/airbyte_to_dbt_prod.py took 0.134 seconds
[2026-08-26T10:31:35.233+0000] {processor.py:186} INFO - Started process (PID=2266) to work on /opt/airflow/dags/prod/airbyte_to_dbt_prod.py
[2026-08-26T10:31:35.234+0000] {processor.py:914} INFO - Processing file /opt/airflow/dags/prod/airbyte_to_dbt_prod.py for tasks to queue
[2026-08-26T10:31:35.238+0000] {logging_mixin.py:190} INFO - [2026-08-26T10:31:35.237+0000] {dagbag.py:588} INFO - Filling up the DagBag from /opt/airflow/dags/prod/airbyte_to_dbt_prod.py
[2026-08-26T10:31:35.262+0000] {processor.py:925} INFO - DAG(s) 'airbyte_to_dbt_pipeline_prod' retrieved from /opt/airflow/dags/prod/airbyte_to_dbt_prod.py
[2026-08-26T10:31:35.314+0000] {logging_mixin.py:190} INFO - [2026-08-26T10:31:35.314+0000] {dag.py:3239} INFO - Sync 1 DAGs
[2026-08-26T10:31:35.356+0000] {logging_mixin.py:190} INFO - [2026-08-26T10:31:35.355+0000] {dag.py:4180} INFO - Setting next_dagrun for airbyte_to_dbt_pipeline_prod to 2026-08-26 09:00:00+00:00, run_after=2026-08-26 10:00:00+00:00
[2026-08-26T10:31:35.379+0000] {processor.py:208} INFO - Processing /opt/airflow/dags/prod/airbyte_to_dbt_prod.py took 0.155 seconds
[2026-08-26T10:32:05.532+0000] {processor.py:186} INFO - Started process (PID=2276) to work on /opt/airflow/dags/prod/airbyte_to_dbt_prod.py
[2026-08-26T10:32:05.533+0000] {processor.py:914} INFO - Processing file /opt/airflow/dags/prod/airbyte_to_dbt_prod.py for tasks to queue
[2026-08-26T10:32:05.536+0000] {logging_mixin.py:190} INFO - [2026-08-26T10:32:05.535+0000] {dagbag.py:588} INFO - Filling up the DagBag from /opt/airflow/dags/prod/airbyte_to_dbt_prod.py
[2026-08-26T10:32:05.557+0000] {processor.py:925} INFO - DAG(s) 'airbyte_to_dbt_pipeline_prod' retrieved from /opt/airflow/dags/prod/airbyte_to_dbt_prod.py
[2026-08-26T10:32:05.607+0000] {logging_mixin.py:190} INFO - [2026-08-26T10:32:05.607+0000] {dag.py:3239} INFO - Sync 1 DAGs
[2026-08-26T10:32:05.643+0000] {logging_mixin.py:190} INFO - [2026-08-26T10:32:05.643+0000] {dag.py:4180} INFO - Setting next_dagrun for airbyte_to_dbt_pipeline_prod to 2026-08-26 09:00:00+00:00, run_after=2026-08-26 10:00:00+00:00
[2026-08-26T10:32:05.668+0000] {processor.py:208} INFO - Processing /opt/airflow/dags/prod/airbyte_to_dbt_prod.py took 0.144 seconds
[2026-08-26T10:32:35.826+0000] {processor.py:186} INFO - Started process (PID=2286) to work on /opt/airflow/dags/prod/airbyte_to_dbt_prod.py
[2026-08-26T10:32:35.827+0000] {processor.py:914} INFO - Processing file /opt/airflow/dags/prod/airbyte_to_dbt_prod.py for tasks to queue
[2026-08-26T10:32:35.830+0000] {logging_mixin.py:190} INFO - [2026-08-26T10:32:35.830+0000] {dagbag.py:588} INFO - Filling up the DagBag from /opt/airflow/dags/prod/airbyte_to_dbt_prod.py
[2026-08-26T10:32:35.860+0000] {processor.py:925} INFO - DAG(s) 'airbyte_to_dbt_pipeline_prod' retrieved from /opt/airflow/dags/prod/airbyte_to_dbt_prod.py
[2026-08-26T10:32:35.900+0000] {logging_mixin.py:190} INFO - [2026-08-26T10:32:35.900+0000] {dag.py:3239} INFO - Sync 1 DAGs
[2026-08-26T10:32:35.932+0000] {logging_mixin.py:190} INFO - [2026-08-26T10:32:35.932+0000] {dag.py:4180} INFO - Setting next_dagrun for airbyte_to_dbt_pipeline_prod to 2026-08-26 09:00:00+00:00, run_after=2026-08-26 10:00:00+00:00
[2026-08-26T10:32:35.957+0000] {processor.py:208} INFO - Processing /opt/airflow/dags/prod/airbyte_to_dbt_prod.py took 0.139 seconds
[2026-08-26T10:33:06.139+0000] {processor.py:186} INFO - Started process (PID=2296) to work on /opt/airflow/dags/prod/airbyte_to_dbt_prod.py
[2026-08-26T10:33:06.141+0000] {processor.py:914} INFO - Processing file /opt/airflow/dags/prod/airbyte_to_dbt_prod.py for tasks to queue
[2026-08-26T10:33:06.145+0000] {logging_mixin.py:190} INFO - [2026-08-26T10:33:06.145+0000] {dagbag.py:588} INFO - Filling up the DagBag from /opt/airflow/dags/prod/airbyte_to_dbt_prod.py
[2026-08-26T10:33:06.179+0000] {processor.py:925} INFO - DAG(s) 'airbyte_to_dbt_pipeline_prod' retrieved from /opt/airflow/dags/prod/airbyte_to_dbt_prod.py
[2026-08-26T10:33:06.228+0000] {logging_mixin.py:190} INFO - [2026-08-26T10:33:06.228+0000] {dag.py:3239} INFO - Sync 1 DAGs
[2026-08-26T10:33:06.264+0000] {logging_mixin.py:190} INFO - [2026-08-26T10:33:06.263+0000] {dag.py:4180} INFO - Setting next_dagrun for airbyte_to_dbt_pipeline_prod to 2026-08-26 09:00:00+00:00, run_after=2026-08-26 10:00:00+00:00
[2026-08-26T10:33:06.291+0000] {processor.py:208} INFO - Processing /opt/airflow/dags/prod/airbyte_to_dbt_prod.py took 0.166 seconds
[2026-08-26T10:33:36.465+0000] {processor.py:186} INFO - Started process (PID=2306) to work on /opt/airflow/dags/prod/airbyte_to_dbt_prod.py
[2026-08-26T10:33:36.467+0000] {processor.py:914} INFO - Processing file /opt/airflow/dags/prod/airbyte_to_dbt_prod.py for tasks to queue
[2026-08-26T10:33:36.470+0000] {logging_mixin.py:190} INFO - [2026-08-26T10:33:36.469+0000] {dagbag.py:588} INFO - Filling up the DagBag from /opt/airflow/dags/prod/airbyte_to_dbt_prod.py
[2026-08-26T10:33:36.492+0000] {processor.py:925} INFO - DAG(s) 'airbyte_to_dbt_pipeline_prod' retrieved from /opt/airflow/dags/prod/airbyte_to_dbt_prod.py
[2026-08-26T10:33:36.542+0000] {logging_mixin.py:190} INFO - [2026-08-26T10:33:36.542+0000] {dag.py:3239} INFO - Sync 1 DAGs
[2026-08-26T10:33:36.577+0000] {logging_mixin.py:190} INFO - [2026-08-26T10:33:36.577+0000] {dag.py:4180} INFO - Setting next_dagrun for airbyte_to_dbt_pipeline_prod to 2026-08-26 09:00:00+00:00, run_after=2026-08-26 10:00:00+00:00
[2026-08-26T10:33:36.601+0000] {processor.py:208} INFO - Processing /opt/airflow/dags/prod/airbyte_to_dbt_prod.py took 0.144 seconds
[2026-08-26T10:34:06.760+0000] {processor.py:186} INFO - Started process (PID=2316) to work on /opt/airflow/dags/prod/airbyte_to_dbt_prod.py
[2026-08-26T10:34:06.760+0000] {processor.py:914} INFO - Processing file /opt/airflow/dags/prod/airbyte_to_dbt_prod.py for tasks to queue
[2026-08-26T10:34:06.763+0000] {logging_mixin.py:190} INFO - [2026-08-26T10:34:06.763+0000] {dagbag.py:588} INFO - Filling up the DagBag from /opt/airflow/dags/prod/airbyte_to_dbt_prod.py
[2026-08-26T10:34:06.788+0000] {processor.py:925} INFO - DAG(s) 'airbyte_to_dbt_pipeline_prod' retrieved from /opt/airflow/dags/prod/airbyte_to_dbt_prod.py
[2026-08-26T10:34:06.831+0000] {logging_mixin.py:190} INFO - [2026-08-26T10:34:06.831+0000] {dag.py:3239} INFO - Sync 1 DAGs
[2026-08-26T10:34:06.867+0000] {logging_mixin.py:190} INFO - [2026-08-26T10:34:06.867+0000] {dag.py:4180} INFO - Setting next_dagrun for airbyte_to_dbt_pipeline_prod to 2026-08-26 09:00:00+00:00, run_after=2026-08-26 10:00:00+00:00
[2026-08-26T10:34:06.890+0000] {processor.py:208} INFO - Processing /opt/airflow/dags/prod/airbyte_to_dbt_prod.py took 0.140 seconds
[2026-08-26T10:34:37.057+0000] {processor.py:186} INFO - Started process (PID=2326) to work on /opt/airflow/dags/prod/airbyte_to_dbt_prod.py
[2026-08-26T10:34:37.058+0000] {processor.py:914} INFO - Processing file /opt/airflow/dags/prod/airbyte_to_dbt_prod.py for tasks to queue
[2026-08-26T10:34:37.062+0000] {logging_mixin.py:190} INFO - [2026-08-26T10:34:37.061+0000] {dagbag.py:588} INFO - Filling up the DagBag from /opt/airflow/dags/prod/airbyte_to_dbt_prod.py
[2026-08-26T10:34:37.086+0000] {processor.py:925} INFO - DAG(s) 'airbyte_to_dbt_pipeline_prod' retrieved from /opt/airflow/dags/prod/airbyte_to_dbt_prod.py
[2026-08-26T10:34:37.138+0000] {logging_mixin.py:190} INFO - [2026-08-26T10:34:37.138+0000] {dag.py:3239} INFO - Sync 1 DAGs
[2026-08-26T10:34:37.180+0000] {logging_mixin.py:190} INFO - [2026-08-26T10:34:37.180+0000] {dag.py:4180} INFO - Setting next_dagrun for airbyte_to_dbt_pipeline_prod to 2026-08-26 09:00:00+00:00, run_after=2026-08-26 10:00:00+00:00
[2026-08-26T10:34:37.206+0000] {processor.py:208} INFO - Processing /opt/airflow/dags/prod/airbyte_to_dbt_prod.py took 0.160 seconds
[2026-08-26T10:35:07.402+0000] {processor.py:186} INFO - Started process (PID=2336) to work on /opt/airflow/dags/prod/airbyte_to_dbt_prod.py
[2026-08-26T10:35:07.404+0000] {processor.py:914} INFO - Processing file /opt/airflow/dags/prod/airbyte_to_dbt_prod.py for tasks to queue
[2026-08-26T10:35:07.407+0000] {logging_mixin.py:190} INFO - [2026-08-26T10:35:07.407+0000] {dagbag.py:588} INFO - Filling up the DagBag from /opt/airflow/dags/prod/airbyte_to_dbt_prod.py
[2026-08-26T10:35:07.431+0000] {processor.py:925} INFO - DAG(s) 'airbyte_to_dbt_pipeline_prod' retrieved from /opt/airflow/dags/prod/airbyte_to_dbt_prod.py
[2026-08-26T10:35:07.482+0000] {logging_mixin.py:190} INFO - [2026-08-26T10:35:07.481+0000] {dag.py:3239} INFO - Sync 1 DAGs
[2026-08-26T10:35:07.539+0000] {logging_mixin.py:190} INFO - [2026-08-26T10:35:07.539+0000] {dag.py:4180} INFO - Setting next_dagrun for airbyte_to_dbt_pipeline_prod to 2026-08-26 09:00:00+00:00, run_after=2026-08-26 10:00:00+00:00
[2026-08-26T10:35:07.582+0000] {processor.py:208} INFO - Processing /opt/airflow/dags/prod/airbyte_to_dbt_prod.py took 0.189 seconds
[2026-08-26T10:35:37.830+0000] {processor.py:186} INFO - Started process (PID=2345) to work on /opt/airflow/dags/prod/airbyte_to_dbt_prod.py
[2026-08-26T10:35:37.831+0000] {processor.py:914} INFO - Processing file /opt/airflow/dags/prod/airbyte_to_dbt_prod.py for tasks to queue
[2026-08-26T10:35:37.850+0000] {logging_mixin.py:190} INFO - [2026-08-26T10:35:37.844+0000] {dagbag.py:588} INFO - Filling up the DagBag from /opt/airflow/dags/prod/airbyte_to_dbt_prod.py
[2026-08-26T10:35:37.986+0000] {processor.py:925} INFO - DAG(s) 'airbyte_to_dbt_pipeline_prod' retrieved from /opt/airflow/dags/prod/airbyte_to_dbt_prod.py
[2026-08-26T10:35:38.204+0000] {logging_mixin.py:190} INFO - [2026-08-26T10:35:38.204+0000] {dag.py:3239} INFO - Sync 1 DAGs
[2026-08-26T10:35:38.343+0000] {logging_mixin.py:190} INFO - [2026-08-26T10:35:38.342+0000] {dag.py:4180} INFO - Setting next_dagrun for airbyte_to_dbt_pipeline_prod to 2026-08-26 09:00:00+00:00, run_after=2026-08-26 10:00:00+00:00
[2026-08-26T10:35:38.369+0000] {processor.py:208} INFO - Processing /opt/airflow/dags/prod/airbyte_to_dbt_prod.py took 0.588 seconds
[2026-08-26T10:36:08.569+0000] {processor.py:186} INFO - Started process (PID=2356) to work on /opt/airflow/dags/prod/airbyte_to_dbt_prod.py
[2026-08-26T10:36:08.570+0000] {processor.py:914} INFO - Processing file /opt/airflow/dags/prod/airbyte_to_dbt_prod.py for tasks to queue
[2026-08-26T10:36:08.575+0000] {logging_mixin.py:190} INFO - [2026-08-26T10:36:08.574+0000] {dagbag.py:588} INFO - Filling up the DagBag from /opt/airflow/dags/prod/airbyte_to_dbt_prod.py
[2026-08-26T10:36:08.609+0000] {processor.py:925} INFO - DAG(s) 'airbyte_to_dbt_pipeline_prod' retrieved from /opt/airflow/dags/prod/airbyte_to_dbt_prod.py
[2026-08-26T10:36:08.664+0000] {logging_mixin.py:190} INFO - [2026-08-26T10:36:08.664+0000] {dag.py:3239} INFO - Sync 1 DAGs
[2026-08-26T10:36:08.698+0000] {logging_mixin.py:190} INFO - [2026-08-26T10:36:08.698+0000] {dag.py:4180} INFO - Setting next_dagrun for airbyte_to_dbt_pipeline_prod to 2026-08-26 09:00:00+00:00, run_after=2026-08-26 10:00:00+00:00
[2026-08-26T10:36:08.726+0000] {processor.py:208} INFO - Processing /opt/airflow/dags/prod/airbyte_to_dbt_prod.py took 0.170 seconds
[2026-08-26T10:36:38.902+0000] {processor.py:186} INFO - Started process (PID=2366) to work on /opt/airflow/dags/prod/airbyte_to_dbt_prod.py
[2026-08-26T10:36:38.904+0000] {processor.py:914} INFO - Processing file /opt/airflow/dags/prod/airbyte_to_dbt_prod.py for tasks to queue
[2026-08-26T10:36:38.907+0000] {logging_mixin.py:190} INFO - [2026-08-26T10:36:38.907+0000] {dagbag.py:588} INFO - Filling up the DagBag from /opt/airflow/dags/prod/airbyte_to_dbt_prod.py
[2026-08-26T10:36:38.932+0000] {processor.py:925} INFO - DAG(s) 'airbyte_to_dbt_pipeline_prod' retrieved from /opt/airflow/dags/prod/airbyte_to_dbt_prod.py
[2026-08-26T10:36:38.977+0000] {logging_mixin.py:190} INFO - [2026-08-26T10:36:38.977+0000] {dag.py:3239} INFO - Sync 1 DAGs
[2026-08-26T10:36:39.022+0000] {logging_mixin.py:190} INFO - [2026-08-26T10:36:39.022+0000] {dag.py:4180} INFO - Setting next_dagrun for airbyte_to_dbt_pipeline_prod to 2026-08-26 09:00:00+00:00, run_after=2026-08-26 10:00:00+00:00
[2026-08-26T10:36:39.045+0000] {processor.py:208} INFO - Processing /opt/airflow/dags/prod/airbyte_to_dbt_prod.py took 0.153 seconds
[2026-08-26T10:37:09.190+0000] {processor.py:186} INFO - Started process (PID=2376) to work on /opt/airflow/dags/prod/airbyte_to_dbt_prod.py
[2026-08-26T10:37:09.191+0000] {processor.py:914} INFO - Processing file /opt/airflow/dags/prod/airbyte_to_dbt_prod.py for tasks to queue
[2026-08-26T10:37:09.194+0000] {logging_mixin.py:190} INFO - [2026-08-26T10:37:09.194+0000] {dagbag.py:588} INFO - Filling up the DagBag from /opt/airflow/dags/prod/airbyte_to_dbt_prod.py
[2026-08-26T10:37:09.220+0000] {processor.py:925} INFO - DAG(s) 'airbyte_to_dbt_pipeline_prod' retrieved from /opt/airflow/dags/prod/airbyte_to_dbt_prod.py
[2026-08-26T10:37:09.267+0000] {logging_mixin.py:190} INFO - [2026-08-26T10:37:09.267+0000] {dag.py:3239} INFO - Sync 1 DAGs
[2026-08-26T10:37:09.315+0000] {logging_mixin.py:190} INFO - [2026-08-26T10:37:09.315+0000] {dag.py:4180} INFO - Setting next_dagrun for airbyte_to_dbt_pipeline_prod to 2026-08-26 09:00:00+00:00, run_after=2026-08-26 10:00:00+00:00
[2026-08-26T10:37:09.340+0000] {processor.py:208} INFO - Processing /opt/airflow/dags/prod/airbyte_to_dbt_prod.py took 0.160 seconds
[2026-08-26T10:37:39.486+0000] {processor.py:186} INFO - Started process (PID=2386) to work on /opt/airflow/dags/prod/airbyte_to_dbt_prod.py
[2026-08-26T10:37:39.488+0000] {processor.py:914} INFO - Processing file /opt/airflow/dags/prod/airbyte_to_dbt_prod.py for tasks to queue
[2026-08-26T10:37:39.493+0000] {logging_mixin.py:190} INFO - [2026-08-26T10:37:39.492+0000] {dagbag.py:588} INFO - Filling up the DagBag from /opt/airflow/dags/prod/airbyte_to_dbt_prod.py
[2026-08-26T10:37:39.524+0000] {processor.py:925} INFO - DAG(s) 'airbyte_to_dbt_pipeline_prod' retrieved from /opt/airflow/dags/prod/airbyte_to_dbt_prod.py
[2026-08-26T10:37:39.577+0000] {logging_mixin.py:190} INFO - [2026-08-26T10:37:39.577+0000] {dag.py:3239} INFO - Sync 1 DAGs
[2026-08-26T10:37:39.617+0000] {logging_mixin.py:190} INFO - [2026-08-26T10:37:39.616+0000] {dag.py:4180} INFO - Setting next_dagrun for airbyte_to_dbt_pipeline_prod to 2026-08-26 09:00:00+00:00, run_after=2026-08-26 10:00:00+00:00
[2026-08-26T10:37:39.639+0000] {processor.py:208} INFO - Processing /opt/airflow/dags/prod/airbyte_to_dbt_prod.py took 0.164 seconds
[2026-08-26T10:38:09.798+0000] {processor.py:186} INFO - Started process (PID=2396) to work on /opt/airflow/dags/prod/airbyte_to_dbt_prod.py
[2026-08-26T10:38:09.799+0000] {processor.py:914} INFO - Processing file /opt/airflow/dags/prod/airbyte_to_dbt_prod.py for tasks to queue
[2026-08-26T10:38:09.803+0000] {logging_mixin.py:190} INFO - [2026-08-26T10:38:09.803+0000] {dagbag.py:588} INFO - Filling up the DagBag from /opt/airflow/dags/prod/airbyte_to_dbt_prod.py
[2026-08-26T10:38:09.831+0000] {processor.py:925} INFO - DAG(s) 'airbyte_to_dbt_pipeline_prod' retrieved from /opt/airflow/dags/prod/airbyte_to_dbt_prod.py
[2026-08-26T10:38:09.877+0000] {logging_mixin.py:190} INFO - [2026-08-26T10:38:09.877+0000] {dag.py:3239} INFO - Sync 1 DAGs
[2026-08-26T10:38:09.911+0000] {logging_mixin.py:190} INFO - [2026-08-26T10:38:09.910+0000] {dag.py:4180} INFO - Setting next_dagrun for airbyte_to_dbt_pipeline_prod to 2026-08-26 09:00:00+00:00, run_after=2026-08-26 10:00:00+00:00
[2026-08-26T10:38:09.934+0000] {processor.py:208} INFO - Processing /opt/airflow/dags/prod/airbyte_to_dbt_prod.py took 0.147 seconds
[2026-08-26T10:38:40.093+0000] {processor.py:186} INFO - Started process (PID=2406) to work on /opt/airflow/dags/prod/airbyte_to_dbt_prod.py
[2026-08-26T10:38:40.094+0000] {processor.py:914} INFO - Processing file /opt/airflow/dags/prod/airbyte_to_dbt_prod.py for tasks to queue
[2026-08-26T10:38:40.097+0000] {logging_mixin.py:190} INFO - [2026-08-26T10:38:40.097+0000] {dagbag.py:588} INFO - Filling up the DagBag from /opt/airflow/dags/prod/airbyte_to_dbt_prod.py
[2026-08-26T10:38:40.124+0000] {processor.py:925} INFO - DAG(s) 'airbyte_to_dbt_pipeline_prod' retrieved from /opt/airflow/dags/prod/airbyte_to_dbt_prod.py
[2026-08-26T10:38:40.179+0000] {logging_mixin.py:190} INFO - [2026-08-26T10:38:40.179+0000] {dag.py:3239} INFO - Sync 1 DAGs
[2026-08-26T10:38:40.217+0000] {logging_mixin.py:190} INFO - [2026-08-26T10:38:40.217+0000] {dag.py:4180} INFO - Setting next_dagrun for airbyte_to_dbt_pipeline_prod to 2026-08-26 09:00:00+00:00, run_after=2026-08-26 10:00:00+00:00
[2026-08-26T10:38:40.244+0000] {processor.py:208} INFO - Processing /opt/airflow/dags/prod/airbyte_to_dbt_prod.py took 0.161 seconds
[2026-08-26T10:39:10.396+0000] {processor.py:186} INFO - Started process (PID=2416) to work on /opt/airflow/dags/prod/airbyte_to_dbt_prod.py
[2026-08-26T10:39:10.397+0000] {processor.py:914} INFO - Processing file /opt/airflow/dags/prod/airbyte_to_dbt_prod.py for tasks to queue
[2026-08-26T10:39:10.400+0000] {logging_mixin.py:190} INFO - [2026-08-26T10:39:10.400+0000] {dagbag.py:588} INFO - Filling up the DagBag from /opt/airflow/dags/prod/airbyte_to_dbt_prod.py
[2026-08-26T10:39:10.426+0000] {processor.py:925} INFO - DAG(s) 'airbyte_to_dbt_pipeline_prod' retrieved from /opt/airflow/dags/prod/airbyte_to_dbt_prod.py
[2026-08-26T10:39:10.475+0000] {logging_mixin.py:190} INFO - [2026-08-26T10:39:10.475+0000] {dag.py:3239} INFO - Sync 1 DAGs
[2026-08-26T10:39:10.506+0000] {logging_mixin.py:190} INFO - [2026-08-26T10:39:10.506+0000] {dag.py:4180} INFO - Setting next_dagrun for airbyte_to_dbt_pipeline_prod to 2026-08-26 09:00:00+00:00, run_after=2026-08-26 10:00:00+00:00
[2026-08-26T10:39:10.529+0000] {processor.py:208} INFO - Processing /opt/airflow/dags/prod/airbyte_to_dbt_prod.py took 0.142 seconds
[2026-08-26T10:39:40.697+0000] {processor.py:186} INFO - Started process (PID=2426) to work on /opt/airflow/dags/prod/airbyte_to_dbt_prod.py
[2026-08-26T10:39:40.700+0000] {processor.py:914} INFO - Processing file /opt/airflow/dags/prod/airbyte_to_dbt_prod.py for tasks to queue
[2026-08-26T10:39:40.704+0000] {logging_mixin.py:190} INFO - [2026-08-26T10:39:40.704+0000] {dagbag.py:588} INFO - Filling up the DagBag from /opt/airflow/dags/prod/airbyte_to_dbt_prod.py
[2026-08-26T10:39:40.734+0000] {processor.py:925} INFO - DAG(s) 'airbyte_to_dbt_pipeline_prod' retrieved from /opt/airflow/dags/prod/airbyte_to_dbt_prod.py
[2026-08-26T10:39:40.796+0000] {logging_mixin.py:190} INFO - [2026-08-26T10:39:40.795+0000] {dag.py:3239} INFO - Sync 1 DAGs
[2026-08-26T10:39:40.844+0000] {logging_mixin.py:190} INFO - [2026-08-26T10:39:40.844+0000] {dag.py:4180} INFO - Setting next_dagrun for airbyte_to_dbt_pipeline_prod to 2026-08-26 09:00:00+00:00, run_after=2026-08-26 10:00:00+00:00
[2026-08-26T10:39:40.882+0000] {processor.py:208} INFO - Processing /opt/airflow/dags/prod/airbyte_to_dbt_prod.py took 0.196 seconds
[2026-08-26T10:40:11.055+0000] {processor.py:186} INFO - Started process (PID=2436) to work on /opt/airflow/dags/prod/airbyte_to_dbt_prod.py
[2026-08-26T10:40:11.056+0000] {processor.py:914} INFO - Processing file /opt/airflow/dags/prod/airbyte_to_dbt_prod.py for tasks to queue
[2026-08-26T10:40:11.059+0000] {logging_mixin.py:190} INFO - [2026-08-26T10:40:11.058+0000] {dagbag.py:588} INFO - Filling up the DagBag from /opt/airflow/dags/prod/airbyte_to_dbt_prod.py
[2026-08-26T10:40:11.082+0000] {processor.py:925} INFO - DAG(s) 'airbyte_to_dbt_pipeline_prod' retrieved from /opt/airflow/dags/prod/airbyte_to_dbt_prod.py
[2026-08-26T10:40:11.124+0000] {logging_mixin.py:190} INFO - [2026-08-26T10:40:11.124+0000] {dag.py:3239} INFO - Sync 1 DAGs
[2026-08-26T10:40:11.154+0000] {logging_mixin.py:190} INFO - [2026-08-26T10:40:11.154+0000] {dag.py:4180} INFO - Setting next_dagrun for airbyte_to_dbt_pipeline_prod to 2026-08-26 09:00:00+00:00, run_after=2026-08-26 10:00:00+00:00
[2026-08-26T10:40:11.180+0000] {processor.py:208} INFO - Processing /opt/airflow/dags/prod/airbyte_to_dbt_prod.py took 0.134 seconds
[2026-08-26T10:40:41.361+0000] {processor.py:186} INFO - Started process (PID=2446) to work on /opt/airflow/dags/prod/airbyte_to_dbt_prod.py
[2026-08-26T10:40:41.362+0000] {processor.py:914} INFO - Processing file /opt/airflow/dags/prod/airbyte_to_dbt_prod.py for tasks to queue
[2026-08-26T10:40:41.366+0000] {logging_mixin.py:190} INFO - [2026-08-26T10:40:41.365+0000] {dagbag.py:588} INFO - Filling up the DagBag from /opt/airflow/dags/prod/airbyte_to_dbt_prod.py
[2026-08-26T10:40:41.396+0000] {processor.py:925} INFO - DAG(s) 'airbyte_to_dbt_pipeline_prod' retrieved from /opt/airflow/dags/prod/airbyte_to_dbt_prod.py
[2026-08-26T10:40:41.478+0000] {logging_mixin.py:190} INFO - [2026-08-26T10:40:41.477+0000] {dag.py:3239} INFO - Sync 1 DAGs
[2026-08-26T10:40:41.529+0000] {logging_mixin.py:190} INFO - [2026-08-26T10:40:41.528+0000] {dag.py:4180} INFO - Setting next_dagrun for airbyte_to_dbt_pipeline_prod to 2026-08-26 09:00:00+00:00, run_after=2026-08-26 10:00:00+00:00
[2026-08-26T10:40:41.557+0000] {processor.py:208} INFO - Processing /opt/airflow/dags/prod/airbyte_to_dbt_prod.py took 0.207 seconds
[2026-08-26T10:41:11.714+0000] {processor.py:186} INFO - Started process (PID=2456) to work on /opt/airflow/dags/prod/airbyte_to_dbt_prod.py
[2026-08-26T10:41:11.715+0000] {processor.py:914} INFO - Processing file /opt/airflow/dags/prod/airbyte_to_dbt_prod.py for tasks to queue
[2026-08-26T10:41:11.718+0000] {logging_mixin.py:190} INFO - [2026-08-26T10:41:11.718+0000] {dagbag.py:588} INFO - Filling up the DagBag from /opt/airflow/dags/prod/airbyte_to_dbt_prod.py
[2026-08-26T10:41:11.741+0000] {processor.py:925} INFO - DAG(s) 'airbyte_to_dbt_pipeline_prod' retrieved from /opt/airflow/dags/prod/airbyte_to_dbt_prod.py
[2026-08-26T10:41:11.792+0000] {logging_mixin.py:190} INFO - [2026-08-26T10:41:11.791+0000] {dag.py:3239} INFO - Sync 1 DAGs
[2026-08-26T10:41:11.824+0000] {logging_mixin.py:190} INFO - [2026-08-26T10:41:11.824+0000] {dag.py:4180} INFO - Setting next_dagrun for airbyte_to_dbt_pipeline_prod to 2026-08-26 09:00:00+00:00, run_after=2026-08-26 10:00:00+00:00
[2026-08-26T10:41:11.848+0000] {processor.py:208} INFO - Processing /opt/airflow/dags/prod/airbyte_to_dbt_prod.py took 0.144 seconds
[2026-08-26T10:41:42.009+0000] {processor.py:186} INFO - Started process (PID=2466) to work on /opt/airflow/dags/prod/airbyte_to_dbt_prod.py
[2026-08-26T10:41:42.012+0000] {processor.py:914} INFO - Processing file /opt/airflow/dags/prod/airbyte_to_dbt_prod.py for tasks to queue
[2026-08-26T10:41:42.016+0000] {logging_mixin.py:190} INFO - [2026-08-26T10:41:42.016+0000] {dagbag.py:588} INFO - Filling up the DagBag from /opt/airflow/dags/prod/airbyte_to_dbt_prod.py
[2026-08-26T10:41:42.050+0000] {processor.py:925} INFO - DAG(s) 'airbyte_to_dbt_pipeline_prod' retrieved from /opt/airflow/dags/prod/airbyte_to_dbt_prod.py
[2026-08-26T10:41:42.096+0000] {logging_mixin.py:190} INFO - [2026-08-26T10:41:42.096+0000] {dag.py:3239} INFO - Sync 1 DAGs
[2026-08-26T10:41:42.130+0000] {logging_mixin.py:190} INFO - [2026-08-26T10:41:42.130+0000] {dag.py:4180} INFO - Setting next_dagrun for airbyte_to_dbt_pipeline_prod to 2026-08-26 09:00:00+00:00, run_after=2026-08-26 10:00:00+00:00
[2026-08-26T10:41:42.155+0000] {processor.py:208} INFO - Processing /opt/airflow/dags/prod/airbyte_to_dbt_prod.py took 0.159 seconds
[2026-08-26T10:42:12.334+0000] {processor.py:186} INFO - Started process (PID=2476) to work on /opt/airflow/dags/prod/airbyte_to_dbt_prod.py
[2026-08-26T10:42:12.335+0000] {processor.py:914} INFO - Processing file /opt/airflow/dags/prod/airbyte_to_dbt_prod.py for tasks to queue
[2026-08-26T10:42:12.339+0000] {logging_mixin.py:190} INFO - [2026-08-26T10:42:12.338+0000] {dagbag.py:588} INFO - Filling up the DagBag from /opt/airflow/dags/prod/airbyte_to_dbt_prod.py
[2026-08-26T10:42:12.365+0000] {processor.py:925} INFO - DAG(s) 'airbyte_to_dbt_pipeline_prod' retrieved from /opt/airflow/dags/prod/airbyte_to_dbt_prod.py
[2026-08-26T10:42:12.409+0000] {logging_mixin.py:190} INFO - [2026-08-26T10:42:12.409+0000] {dag.py:3239} INFO - Sync 1 DAGs
[2026-08-26T10:42:12.440+0000] {logging_mixin.py:190} INFO - [2026-08-26T10:42:12.440+0000] {dag.py:4180} INFO - Setting next_dagrun for airbyte_to_dbt_pipeline_prod to 2026-08-26 09:00:00+00:00, run_after=2026-08-26 10:00:00+00:00
[2026-08-26T10:42:12.464+0000] {processor.py:208} INFO - Processing /opt/airflow/dags/prod/airbyte_to_dbt_prod.py took 0.141 seconds
[2026-08-26T10:42:42.623+0000] {processor.py:186} INFO - Started process (PID=2486) to work on /opt/airflow/dags/prod/airbyte_to_dbt_prod.py
[2026-08-26T10:42:42.624+0000] {processor.py:914} INFO - Processing file /opt/airflow/dags/prod/airbyte_to_dbt_prod.py for tasks to queue
[2026-08-26T10:42:42.627+0000] {logging_mixin.py:190} INFO - [2026-08-26T10:42:42.627+0000] {dagbag.py:588} INFO - Filling up the DagBag from /opt/airflow/dags/prod/airbyte_to_dbt_prod.py
[2026-08-26T10:42:42.648+0000] {processor.py:925} INFO - DAG(s) 'airbyte_to_dbt_pipeline_prod' retrieved from /opt/airflow/dags/prod/airbyte_to_dbt_prod.py
[2026-08-26T10:42:42.688+0000] {logging_mixin.py:190} INFO - [2026-08-26T10:42:42.688+0000] {dag.py:3239} INFO - Sync 1 DAGs
[2026-08-26T10:42:42.718+0000] {logging_mixin.py:190} INFO - [2026-08-26T10:42:42.718+0000] {dag.py:4180} INFO - Setting next_dagrun for airbyte_to_dbt_pipeline_prod to 2026-08-26 09:00:00+00:00, run_after=2026-08-26 10:00:00+00:00
[2026-08-26T10:42:42.741+0000] {processor.py:208} INFO - Processing /opt/airflow/dags/prod/airbyte_to_dbt_prod.py took 0.127 seconds
[2026-08-26T10:43:12.917+0000] {processor.py:186} INFO - Started process (PID=2496) to work on /opt/airflow/dags/prod/airbyte_to_dbt_prod.py
[2026-08-26T10:43:12.919+0000] {processor.py:914} INFO - Processing file /opt/airflow/dags/prod/airbyte_to_dbt_prod.py for tasks to queue
[2026-08-26T10:43:12.923+0000] {logging_mixin.py:190} INFO - [2026-08-26T10:43:12.922+0000] {dagbag.py:588} INFO - Filling up the DagBag from /opt/airflow/dags/prod/airbyte_to_dbt_prod.py
[2026-08-26T10:43:12.947+0000] {processor.py:925} INFO - DAG(s) 'airbyte_to_dbt_pipeline_prod' retrieved from /opt/airflow/dags/prod/airbyte_to_dbt_prod.py
[2026-08-26T10:43:13.009+0000] {logging_mixin.py:190} INFO - [2026-08-26T10:43:13.008+0000] {dag.py:3239} INFO - Sync 1 DAGs
[2026-08-26T10:43:13.044+0000] {logging_mixin.py:190} INFO - [2026-08-26T10:43:13.044+0000] {dag.py:4180} INFO - Setting next_dagrun for airbyte_to_dbt_pipeline_prod to 2026-08-26 09:00:00+00:00, run_after=2026-08-26 10:00:00+00:00
[2026-08-26T10:43:13.070+0000] {processor.py:208} INFO - Processing /opt/airflow/dags/prod/airbyte_to_dbt_prod.py took 0.162 seconds
[2026-08-26T10:43:43.245+0000] {processor.py:186} INFO - Started process (PID=2506) to work on /opt/airflow/dags/prod/airbyte_to_dbt_prod.py
[2026-08-26T10:43:43.246+0000] {processor.py:914} INFO - Processing file /opt/airflow/dags/prod/airbyte_to_dbt_prod.py for tasks to queue
[2026-08-26T10:43:43.251+0000] {logging_mixin.py:190} INFO - [2026-08-26T10:43:43.250+0000] {dagbag.py:588} INFO - Filling up the DagBag from /opt/airflow/dags/prod/airbyte_to_dbt_prod.py
[2026-08-26T10:43:43.281+0000] {processor.py:925} INFO - DAG(s) 'airbyte_to_dbt_pipeline_prod' retrieved from /opt/airflow/dags/prod/airbyte_to_dbt_prod.py
[2026-08-26T10:43:43.331+0000] {logging_mixin.py:190} INFO - [2026-08-26T10:43:43.331+0000] {dag.py:3239} INFO - Sync 1 DAGs
[2026-08-26T10:43:43.366+0000] {logging_mixin.py:190} INFO - [2026-08-26T10:43:43.366+0000] {dag.py:4180} INFO - Setting next_dagrun for airbyte_to_dbt_pipeline_prod to 2026-08-26 09:00:00+00:00, run_after=2026-08-26 10:00:00+00:00
[2026-08-26T10:43:43.390+0000] {processor.py:208} INFO - Processing /opt/airflow/dags/prod/airbyte_to_dbt_prod.py took 0.157 seconds
[2026-08-26T10:44:13.541+0000] {processor.py:186} INFO - Started process (PID=2516) to work on /opt/airflow/dags/prod/airbyte_to_dbt_prod.py
[2026-08-26T10:44:13.542+0000] {processor.py:914} INFO - Processing file /opt/airflow/dags/prod/airbyte_to_dbt_prod.py for tasks to queue
[2026-08-26T10:44:13.545+0000] {logging_mixin.py:190} INFO - [2026-08-26T10:44:13.545+0000] {dagbag.py:588} INFO - Filling up the DagBag from /opt/airflow/dags/prod/airbyte_to_dbt_prod.py
[2026-08-26T10:44:13.570+0000] {processor.py:925} INFO - DAG(s) 'airbyte_to_dbt_pipeline_prod' retrieved from /opt/airflow/dags/prod/airbyte_to_dbt_prod.py
[2026-08-26T10:44:13.630+0000] {logging_mixin.py:190} INFO - [2026-08-26T10:44:13.629+0000] {dag.py:3239} INFO - Sync 1 DAGs
[2026-08-26T10:44:13.665+0000] {logging_mixin.py:190} INFO - [2026-08-26T10:44:13.665+0000] {dag.py:4180} INFO - Setting next_dagrun for airbyte_to_dbt_pipeline_prod to 2026-08-26 09:00:00+00:00, run_after=2026-08-26 10:00:00+00:00
[2026-08-26T10:44:13.691+0000] {processor.py:208} INFO - Processing /opt/airflow/dags/prod/airbyte_to_dbt_prod.py took 0.159 seconds
[2026-08-26T10:44:43.857+0000] {processor.py:186} INFO - Started process (PID=2526) to work on /opt/airflow/dags/prod/airbyte_to_dbt_prod.py
[2026-08-26T10:44:43.858+0000] {processor.py:914} INFO - Processing file /opt/airflow/dags/prod/airbyte_to_dbt_prod.py for tasks to queue
[2026-08-26T10:44:43.861+0000] {logging_mixin.py:190} INFO - [2026-08-26T10:44:43.861+0000] {dagbag.py:588} INFO - Filling up the DagBag from /opt/airflow/dags/prod/airbyte_to_dbt_prod.py
[2026-08-26T10:44:43.885+0000] {processor.py:925} INFO - DAG(s) 'airbyte_to_dbt_pipeline_prod' retrieved from /opt/airflow/dags/prod/airbyte_to_dbt_prod.py
[2026-08-26T10:44:43.927+0000] {logging_mixin.py:190} INFO - [2026-08-26T10:44:43.926+0000] {dag.py:3239} INFO - Sync 1 DAGs
[2026-08-26T10:44:43.958+0000] {logging_mixin.py:190} INFO - [2026-08-26T10:44:43.958+0000] {dag.py:4180} INFO - Setting next_dagrun for airbyte_to_dbt_pipeline_prod to 2026-08-26 09:00:00+00:00, run_after=2026-08-26 10:00:00+00:00
[2026-08-26T10:44:43.984+0000] {processor.py:208} INFO - Processing /opt/airflow/dags/prod/airbyte_to_dbt_prod.py took 0.137 seconds
[2026-08-26T10:45:14.164+0000] {processor.py:186} INFO - Started process (PID=2536) to work on /opt/airflow/dags/prod/airbyte_to_dbt_prod.py
[2026-08-26T10:45:14.165+0000] {processor.py:914} INFO - Processing file /opt/airflow/dags/prod/airbyte_to_dbt_prod.py for tasks to queue
[2026-08-26T10:45:14.168+0000] {logging_mixin.py:190} INFO - [2026-08-26T10:45:14.168+0000] {dagbag.py:588} INFO - Filling up the DagBag from /opt/airflow/dags/prod/airbyte_to_dbt_prod.py
[2026-08-26T10:45:14.190+0000] {processor.py:925} INFO - DAG(s) 'airbyte_to_dbt_pipeline_prod' retrieved from /opt/airflow/dags/prod/airbyte_to_dbt_prod.py
[2026-08-26T10:45:14.234+0000] {logging_mixin.py:190} INFO - [2026-08-26T10:45:14.234+0000] {dag.py:3239} INFO - Sync 1 DAGs
[2026-08-26T10:45:14.267+0000] {logging_mixin.py:190} INFO - [2026-08-26T10:45:14.267+0000] {dag.py:4180} INFO - Setting next_dagrun for airbyte_to_dbt_pipeline_prod to 2026-08-26 09:00:00+00:00, run_after=2026-08-26 10:00:00+00:00
[2026-08-26T10:45:14.290+0000] {processor.py:208} INFO - Processing /opt/airflow/dags/prod/airbyte_to_dbt_prod.py took 0.136 seconds
[2026-08-26T10:45:44.451+0000] {processor.py:186} INFO - Started process (PID=2546) to work on /opt/airflow/dags/prod/airbyte_to_dbt_prod.py
[2026-08-26T10:45:44.451+0000] {processor.py:914} INFO - Processing file /opt/airflow/dags/prod/airbyte_to_dbt_prod.py for tasks to queue
[2026-08-26T10:45:44.455+0000] {logging_mixin.py:190} INFO - [2026-08-26T10:45:44.454+0000] {dagbag.py:588} INFO - Filling up the DagBag from /opt/airflow/dags/prod/airbyte_to_dbt_prod.py
[2026-08-26T10:45:44.478+0000] {processor.py:925} INFO - DAG(s) 'airbyte_to_dbt_pipeline_prod' retrieved from /opt/airflow/dags/prod/airbyte_to_dbt_prod.py
[2026-08-26T10:45:44.518+0000] {logging_mixin.py:190} INFO - [2026-08-26T10:45:44.518+0000] {dag.py:3239} INFO - Sync 1 DAGs
[2026-08-26T10:45:44.550+0000] {logging_mixin.py:190} INFO - [2026-08-26T10:45:44.549+0000] {dag.py:4180} INFO - Setting next_dagrun for airbyte_to_dbt_pipeline_prod to 2026-08-26 09:00:00+00:00, run_after=2026-08-26 10:00:00+00:00
[2026-08-26T10:45:44.574+0000] {processor.py:208} INFO - Processing /opt/airflow/dags/prod/airbyte_to_dbt_prod.py took 0.133 seconds
[2026-08-26T10:46:14.738+0000] {processor.py:186} INFO - Started process (PID=2556) to work on /opt/airflow/dags/prod/airbyte_to_dbt_prod.py
[2026-08-26T10:46:14.740+0000] {processor.py:914} INFO - Processing file /opt/airflow/dags/prod/airbyte_to_dbt_prod.py for tasks to queue
[2026-08-26T10:46:14.744+0000] {logging_mixin.py:190} INFO - [2026-08-26T10:46:14.744+0000] {dagbag.py:588} INFO - Filling up the DagBag from /opt/airflow/dags/prod/airbyte_to_dbt_prod.py
[2026-08-26T10:46:14.773+0000] {processor.py:925} INFO - DAG(s) 'airbyte_to_dbt_pipeline_prod' retrieved from /opt/airflow/dags/prod/airbyte_to_dbt_prod.py
[2026-08-26T10:46:14.818+0000] {logging_mixin.py:190} INFO - [2026-08-26T10:46:14.818+0000] {dag.py:3239} INFO - Sync 1 DAGs
[2026-08-26T10:46:14.857+0000] {logging_mixin.py:190} INFO - [2026-08-26T10:46:14.857+0000] {dag.py:4180} INFO - Setting next_dagrun for airbyte_to_dbt_pipeline_prod to 2026-08-26 09:00:00+00:00, run_after=2026-08-26 10:00:00+00:00
[2026-08-26T10:46:14.880+0000] {processor.py:208} INFO - Processing /opt/airflow/dags/prod/airbyte_to_dbt_prod.py took 0.153 seconds
[2026-08-26T10:46:45.050+0000] {processor.py:186} INFO - Started process (PID=2566) to work on /opt/airflow/dags/prod/airbyte_to_dbt_prod.py
[2026-08-26T10:46:45.051+0000] {processor.py:914} INFO - Processing file /opt/airflow/dags/prod/airbyte_to_dbt_prod.py for tasks to queue
[2026-08-26T10:46:45.054+0000] {logging_mixin.py:190} INFO - [2026-08-26T10:46:45.054+0000] {dagbag.py:588} INFO - Filling up the DagBag from /opt/airflow/dags/prod/airbyte_to_dbt_prod.py
[2026-08-26T10:46:45.081+0000] {processor.py:925} INFO - DAG(s) 'airbyte_to_dbt_pipeline_prod' retrieved from /opt/airflow/dags/prod/airbyte_to_dbt_prod.py
[2026-08-26T10:46:45.124+0000] {logging_mixin.py:190} INFO - [2026-08-26T10:46:45.123+0000] {dag.py:3239} INFO - Sync 1 DAGs
[2026-08-26T10:46:45.159+0000] {logging_mixin.py:190} INFO - [2026-08-26T10:46:45.159+0000] {dag.py:4180} INFO - Setting next_dagrun for airbyte_to_dbt_pipeline_prod to 2026-08-26 09:00:00+00:00, run_after=2026-08-26 10:00:00+00:00
[2026-08-26T10:46:45.187+0000] {processor.py:208} INFO - Processing /opt/airflow/dags/prod/airbyte_to_dbt_prod.py took 0.151 seconds
[2026-08-26T10:47:15.359+0000] {processor.py:186} INFO - Started process (PID=2576) to work on /opt/airflow/dags/prod/airbyte_to_dbt_prod.py
[2026-08-26T10:47:15.360+0000] {processor.py:914} INFO - Processing file /opt/airflow/dags/prod/airbyte_to_dbt_prod.py for tasks to queue
[2026-08-26T10:47:15.364+0000] {logging_mixin.py:190} INFO - [2026-08-26T10:47:15.363+0000] {dagbag.py:588} INFO - Filling up the DagBag from /opt/airflow/dags/prod/airbyte_to_dbt_prod.py
[2026-08-26T10:47:15.386+0000] {processor.py:925} INFO - DAG(s) 'airbyte_to_dbt_pipeline_prod' retrieved from /opt/airflow/dags/prod/airbyte_to_dbt_prod.py
[2026-08-26T10:47:15.431+0000] {logging_mixin.py:190} INFO - [2026-08-26T10:47:15.430+0000] {dag.py:3239} INFO - Sync 1 DAGs
[2026-08-26T10:47:15.468+0000] {logging_mixin.py:190} INFO - [2026-08-26T10:47:15.467+0000] {dag.py:4180} INFO - Setting next_dagrun for airbyte_to_dbt_pipeline_prod to 2026-08-26 09:00:00+00:00, run_after=2026-08-26 10:00:00+00:00
[2026-08-26T10:47:15.493+0000] {processor.py:208} INFO - Processing /opt/airflow/dags/prod/airbyte_to_dbt_prod.py took 0.143 seconds
[2026-08-26T10:47:45.655+0000] {processor.py:186} INFO - Started process (PID=2586) to work on /opt/airflow/dags/prod/airbyte_to_dbt_prod.py
[2026-08-26T10:47:45.656+0000] {processor.py:914} INFO - Processing file /opt/airflow/dags/prod/airbyte_to_dbt_prod.py for tasks to queue
[2026-08-26T10:47:45.659+0000] {logging_mixin.py:190} INFO - [2026-08-26T10:47:45.659+0000] {dagbag.py:588} INFO - Filling up the DagBag from /opt/airflow/dags/prod/airbyte_to_dbt_prod.py
[2026-08-26T10:47:45.687+0000] {processor.py:925} INFO - DAG(s) 'airbyte_to_dbt_pipeline_prod' retrieved from /opt/airflow/dags/prod/airbyte_to_dbt_prod.py
[2026-08-26T10:47:45.747+0000] {logging_mixin.py:190} INFO - [2026-08-26T10:47:45.746+0000] {dag.py:3239} INFO - Sync 1 DAGs
[2026-08-26T10:47:45.809+0000] {logging_mixin.py:190} INFO - [2026-08-26T10:47:45.808+0000] {dag.py:4180} INFO - Setting next_dagrun for airbyte_to_dbt_pipeline_prod to 2026-08-26 09:00:00+00:00, run_after=2026-08-26 10:00:00+00:00
[2026-08-26T10:47:45.841+0000] {processor.py:208} INFO - Processing /opt/airflow/dags/prod/airbyte_to_dbt_prod.py took 0.197 seconds
[2026-08-26T10:48:16.014+0000] {processor.py:186} INFO - Started process (PID=2596) to work on /opt/airflow/dags/prod/airbyte_to_dbt_prod.py
[2026-08-26T10:48:16.030+0000] {processor.py:914} INFO - Processing file /opt/airflow/dags/prod/airbyte_to_dbt_prod.py for tasks to queue
[2026-08-26T10:48:16.035+0000] {logging_mixin.py:190} INFO - [2026-08-26T10:48:16.034+0000] {dagbag.py:588} INFO - Filling up the DagBag from /opt/airflow/dags/prod/airbyte_to_dbt_prod.py
[2026-08-26T10:48:16.065+0000] {processor.py:925} INFO - DAG(s) 'airbyte_to_dbt_pipeline_prod' retrieved from /opt/airflow/dags/prod/airbyte_to_dbt_prod.py
[2026-08-26T10:48:16.109+0000] {logging_mixin.py:190} INFO - [2026-08-26T10:48:16.108+0000] {dag.py:3239} INFO - Sync 1 DAGs
[2026-08-26T10:48:16.150+0000] {logging_mixin.py:190} INFO - [2026-08-26T10:48:16.149+0000] {dag.py:4180} INFO - Setting next_dagrun for airbyte_to_dbt_pipeline_prod to 2026-08-26 09:00:00+00:00, run_after=2026-08-26 10:00:00+00:00
[2026-08-26T10:48:16.194+0000] {processor.py:208} INFO - Processing /opt/airflow/dags/prod/airbyte_to_dbt_prod.py took 0.188 seconds
[2026-08-26T10:48:46.393+0000] {processor.py:186} INFO - Started process (PID=2606) to work on /opt/airflow/dags/prod/airbyte_to_dbt_prod.py
[2026-08-26T10:48:46.394+0000] {processor.py:914} INFO - Processing file /opt/airflow/dags/prod/airbyte_to_dbt_prod.py for tasks to queue
[2026-08-26T10:48:46.397+0000] {logging_mixin.py:190} INFO - [2026-08-26T10:48:46.396+0000] {dagbag.py:588} INFO - Filling up the DagBag from /opt/airflow/dags/prod/airbyte_to_dbt_prod.py
[2026-08-26T10:48:46.418+0000] {processor.py:925} INFO - DAG(s) 'airbyte_to_dbt_pipeline_prod' retrieved from /opt/airflow/dags/prod/airbyte_to_dbt_prod.py
[2026-08-26T10:48:46.471+0000] {logging_mixin.py:190} INFO - [2026-08-26T10:48:46.471+0000] {dag.py:3239} INFO - Sync 1 DAGs
[2026-08-26T10:48:46.512+0000] {logging_mixin.py:190} INFO - [2026-08-26T10:48:46.512+0000] {dag.py:4180} INFO - Setting next_dagrun for airbyte_to_dbt_pipeline_prod to 2026-08-26 09:00:00+00:00, run_after=2026-08-26 10:00:00+00:00
[2026-08-26T10:48:46.544+0000] {processor.py:208} INFO - Processing /opt/airflow/dags/prod/airbyte_to_dbt_prod.py took 0.160 seconds
[2026-08-26T10:49:16.731+0000] {processor.py:186} INFO - Started process (PID=2616) to work on /opt/airflow/dags/prod/airbyte_to_dbt_prod.py
[2026-08-26T10:49:16.733+0000] {processor.py:914} INFO - Processing file /opt/airflow/dags/prod/airbyte_to_dbt_prod.py for tasks to queue
[2026-08-26T10:49:16.737+0000] {logging_mixin.py:190} INFO - [2026-08-26T10:49:16.736+0000] {dagbag.py:588} INFO - Filling up the DagBag from /opt/airflow/dags/prod/airbyte_to_dbt_prod.py
[2026-08-26T10:49:16.770+0000] {processor.py:925} INFO - DAG(s) 'airbyte_to_dbt_pipeline_prod' retrieved from /opt/airflow/dags/prod/airbyte_to_dbt_prod.py
[2026-08-26T10:49:16.824+0000] {logging_mixin.py:190} INFO - [2026-08-26T10:49:16.824+0000] {dag.py:3239} INFO - Sync 1 DAGs
[2026-08-26T10:49:16.861+0000] {logging_mixin.py:190} INFO - [2026-08-26T10:49:16.860+0000] {dag.py:4180} INFO - Setting next_dagrun for airbyte_to_dbt_pipeline_prod to 2026-08-26 09:00:00+00:00, run_after=2026-08-26 10:00:00+00:00
[2026-08-26T10:49:16.885+0000] {processor.py:208} INFO - Processing /opt/airflow/dags/prod/airbyte_to_dbt_prod.py took 0.166 seconds
[2026-08-26T10:49:47.055+0000] {processor.py:186} INFO - Started process (PID=2626) to work on /opt/airflow/dags/prod/airbyte_to_dbt_prod.py
[2026-08-26T10:49:47.056+0000] {processor.py:914} INFO - Processing file /opt/airflow/dags/prod/airbyte_to_dbt_prod.py for tasks to queue
[2026-08-26T10:49:47.060+0000] {logging_mixin.py:190} INFO - [2026-08-26T10:49:47.059+0000] {dagbag.py:588} INFO - Filling up the DagBag from /opt/airflow/dags/prod/airbyte_to_dbt_prod.py
[2026-08-26T10:49:47.083+0000] {processor.py:925} INFO - DAG(s) 'airbyte_to_dbt_pipeline_prod' retrieved from /opt/airflow/dags/prod/airbyte_to_dbt_prod.py
[2026-08-26T10:49:47.124+0000] {logging_mixin.py:190} INFO - [2026-08-26T10:49:47.124+0000] {dag.py:3239} INFO - Sync 1 DAGs
[2026-08-26T10:49:47.158+0000] {logging_mixin.py:190} INFO - [2026-08-26T10:49:47.158+0000] {dag.py:4180} INFO - Setting next_dagrun for airbyte_to_dbt_pipeline_prod to 2026-08-26 09:00:00+00:00, run_after=2026-08-26 10:00:00+00:00
[2026-08-26T10:49:47.185+0000] {processor.py:208} INFO - Processing /opt/airflow/dags/prod/airbyte_to_dbt_prod.py took 0.141 seconds
[2026-08-26T10:50:17.364+0000] {processor.py:186} INFO - Started process (PID=2636) to work on /opt/airflow/dags/prod/airbyte_to_dbt_prod.py
[2026-08-26T10:50:17.365+0000] {processor.py:914} INFO - Processing file /opt/airflow/dags/prod/airbyte_to_dbt_prod.py for tasks to queue
[2026-08-26T10:50:17.368+0000] {logging_mixin.py:190} INFO - [2026-08-26T10:50:17.368+0000] {dagbag.py:588} INFO - Filling up the DagBag from /opt/airflow/dags/prod/airbyte_to_dbt_prod.py
[2026-08-26T10:50:17.390+0000] {processor.py:925} INFO - DAG(s) 'airbyte_to_dbt_pipeline_prod' retrieved from /opt/airflow/dags/prod/airbyte_to_dbt_prod.py
[2026-08-26T10:50:17.443+0000] {logging_mixin.py:190} INFO - [2026-08-26T10:50:17.442+0000] {dag.py:3239} INFO - Sync 1 DAGs
[2026-08-26T10:50:17.481+0000] {logging_mixin.py:190} INFO - [2026-08-26T10:50:17.481+0000] {dag.py:4180} INFO - Setting next_dagrun for airbyte_to_dbt_pipeline_prod to 2026-08-26 09:00:00+00:00, run_after=2026-08-26 10:00:00+00:00
[2026-08-26T10:50:17.504+0000] {processor.py:208} INFO - Processing /opt/airflow/dags/prod/airbyte_to_dbt_prod.py took 0.149 seconds
[2026-08-26T10:50:47.672+0000] {processor.py:186} INFO - Started process (PID=2646) to work on /opt/airflow/dags/prod/airbyte_to_dbt_prod.py
[2026-08-26T10:50:47.673+0000] {processor.py:914} INFO - Processing file /opt/airflow/dags/prod/airbyte_to_dbt_prod.py for tasks to queue
[2026-08-26T10:50:47.676+0000] {logging_mixin.py:190} INFO - [2026-08-26T10:50:47.676+0000] {dagbag.py:588} INFO - Filling up the DagBag from /opt/airflow/dags/prod/airbyte_to_dbt_prod.py
[2026-08-26T10:50:47.698+0000] {processor.py:925} INFO - DAG(s) 'airbyte_to_dbt_pipeline_prod' retrieved from /opt/airflow/dags/prod/airbyte_to_dbt_prod.py
[2026-08-26T10:50:47.738+0000] {logging_mixin.py:190} INFO - [2026-08-26T10:50:47.738+0000] {dag.py:3239} INFO - Sync 1 DAGs
[2026-08-26T10:50:47.771+0000] {logging_mixin.py:190} INFO - [2026-08-26T10:50:47.771+0000] {dag.py:4180} INFO - Setting next_dagrun for airbyte_to_dbt_pipeline_prod to 2026-08-26 09:00:00+00:00, run_after=2026-08-26 10:00:00+00:00
[2026-08-26T10:50:47.796+0000] {processor.py:208} INFO - Processing /opt/airflow/dags/prod/airbyte_to_dbt_prod.py took 0.133 seconds
[2026-08-26T10:51:17.962+0000] {processor.py:186} INFO - Started process (PID=2656) to work on /opt/airflow/dags/prod/airbyte_to_dbt_prod.py
[2026-08-26T10:51:17.963+0000] {processor.py:914} INFO - Processing file /opt/airflow/dags/prod/airbyte_to_dbt_prod.py for tasks to queue
[2026-08-26T10:51:17.966+0000] {logging_mixin.py:190} INFO - [2026-08-26T10:51:17.966+0000] {dagbag.py:588} INFO - Filling up the DagBag from /opt/airflow/dags/prod/airbyte_to_dbt_prod.py
[2026-08-26T10:51:17.989+0000] {processor.py:925} INFO - DAG(s) 'airbyte_to_dbt_pipeline_prod' retrieved from /opt/airflow/dags/prod/airbyte_to_dbt_prod.py
[2026-08-26T10:51:18.041+0000] {logging_mixin.py:190} INFO - [2026-08-26T10:51:18.040+0000] {dag.py:3239} INFO - Sync 1 DAGs
[2026-08-26T10:51:18.077+0000] {logging_mixin.py:190} INFO - [2026-08-26T10:51:18.077+0000] {dag.py:4180} INFO - Setting next_dagrun for airbyte_to_dbt_pipeline_prod to 2026-08-26 09:00:00+00:00, run_after=2026-08-26 10:00:00+00:00
[2026-08-26T10:51:18.102+0000] {processor.py:208} INFO - Processing /opt/airflow/dags/prod/airbyte_to_dbt_prod.py took 0.149 seconds
[2026-08-26T10:51:48.262+0000] {processor.py:186} INFO - Started process (PID=2666) to work on /opt/airflow/dags/prod/airbyte_to_dbt_prod.py
[2026-08-26T10:51:48.263+0000] {processor.py:914} INFO - Processing file /opt/airflow/dags/prod/airbyte_to_dbt_prod.py for tasks to queue
[2026-08-26T10:51:48.266+0000] {logging_mixin.py:190} INFO - [2026-08-26T10:51:48.265+0000] {dagbag.py:588} INFO - Filling up the DagBag from /opt/airflow/dags/prod/airbyte_to_dbt_prod.py
[2026-08-26T10:51:48.287+0000] {processor.py:925} INFO - DAG(s) 'airbyte_to_dbt_pipeline_prod' retrieved from /opt/airflow/dags/prod/airbyte_to_dbt_prod.py
[2026-08-26T10:51:48.329+0000] {logging_mixin.py:190} INFO - [2026-08-26T10:51:48.328+0000] {dag.py:3239} INFO - Sync 1 DAGs
[2026-08-26T10:51:48.359+0000] {logging_mixin.py:190} INFO - [2026-08-26T10:51:48.359+0000] {dag.py:4180} INFO - Setting next_dagrun for airbyte_to_dbt_pipeline_prod to 2026-08-26 09:00:00+00:00, run_after=2026-08-26 10:00:00+00:00
[2026-08-26T10:51:48.384+0000] {processor.py:208} INFO - Processing /opt/airflow/dags/prod/airbyte_to_dbt_prod.py took 0.130 seconds
[2026-08-26T10:52:18.549+0000] {processor.py:186} INFO - Started process (PID=2676) to work on /opt/airflow/dags/prod/airbyte_to_dbt_prod.py
[2026-08-26T10:52:18.550+0000] {processor.py:914} INFO - Processing file /opt/airflow/dags/prod/airbyte_to_dbt_prod.py for tasks to queue
[2026-08-26T10:52:18.553+0000] {logging_mixin.py:190} INFO - [2026-08-26T10:52:18.553+0000] {dagbag.py:588} INFO - Filling up the DagBag from /opt/airflow/dags/prod/airbyte_to_dbt_prod.py
[2026-08-26T10:52:18.575+0000] {processor.py:925} INFO - DAG(s) 'airbyte_to_dbt_pipeline_prod' retrieved from /opt/airflow/dags/prod/airbyte_to_dbt_prod.py
[2026-08-26T10:52:18.617+0000] {logging_mixin.py:190} INFO - [2026-08-26T10:52:18.617+0000] {dag.py:3239} INFO - Sync 1 DAGs
[2026-08-26T10:52:18.651+0000] {logging_mixin.py:190} INFO - [2026-08-26T10:52:18.651+0000] {dag.py:4180} INFO - Setting next_dagrun for airbyte_to_dbt_pipeline_prod to 2026-08-26 09:00:00+00:00, run_after=2026-08-26 10:00:00+00:00
[2026-08-26T10:52:18.675+0000] {processor.py:208} INFO - Processing /opt/airflow/dags/prod/airbyte_to_dbt_prod.py took 0.136 seconds
[2026-08-26T10:52:48.833+0000] {processor.py:186} INFO - Started process (PID=2686) to work on /opt/airflow/dags/prod/airbyte_to_dbt_prod.py
[2026-08-26T10:52:48.833+0000] {processor.py:914} INFO - Processing file /opt/airflow/dags/prod/airbyte_to_dbt_prod.py for tasks to queue
[2026-08-26T10:52:48.837+0000] {logging_mixin.py:190} INFO - [2026-08-26T10:52:48.837+0000] {dagbag.py:588} INFO - Filling up the DagBag from /opt/airflow/dags/prod/airbyte_to_dbt_prod.py
[2026-08-26T10:52:48.866+0000] {processor.py:925} INFO - DAG(s) 'airbyte_to_dbt_pipeline_prod' retrieved from /opt/airflow/dags/prod/airbyte_to_dbt_prod.py
[2026-08-26T10:52:48.914+0000] {logging_mixin.py:190} INFO - [2026-08-26T10:52:48.914+0000] {dag.py:3239} INFO - Sync 1 DAGs
[2026-08-26T10:52:48.946+0000] {logging_mixin.py:190} INFO - [2026-08-26T10:52:48.945+0000] {dag.py:4180} INFO - Setting next_dagrun for airbyte_to_dbt_pipeline_prod to 2026-08-26 09:00:00+00:00, run_after=2026-08-26 10:00:00+00:00
[2026-08-26T10:52:48.970+0000] {processor.py:208} INFO - Processing /opt/airflow/dags/prod/airbyte_to_dbt_prod.py took 0.148 seconds
[2026-08-26T10:53:19.142+0000] {processor.py:186} INFO - Started process (PID=2696) to work on /opt/airflow/dags/prod/airbyte_to_dbt_prod.py
[2026-08-26T10:53:19.143+0000] {processor.py:914} INFO - Processing file /opt/airflow/dags/prod/airbyte_to_dbt_prod.py for tasks to queue
[2026-08-26T10:53:19.146+0000] {logging_mixin.py:190} INFO - [2026-08-26T10:53:19.146+0000] {dagbag.py:588} INFO - Filling up the DagBag from /opt/airflow/dags/prod/airbyte_to_dbt_prod.py
[2026-08-26T10:53:19.169+0000] {processor.py:925} INFO - DAG(s) 'airbyte_to_dbt_pipeline_prod' retrieved from /opt/airflow/dags/prod/airbyte_to_dbt_prod.py
[2026-08-26T10:53:19.219+0000] {logging_mixin.py:190} INFO - [2026-08-26T10:53:19.218+0000] {dag.py:3239} INFO - Sync 1 DAGs
[2026-08-26T10:53:19.250+0000] {logging_mixin.py:190} INFO - [2026-08-26T10:53:19.249+0000] {dag.py:4180} INFO - Setting next_dagrun for airbyte_to_dbt_pipeline_prod to 2026-08-26 09:00:00+00:00, run_after=2026-08-26 10:00:00+00:00
[2026-08-26T10:53:19.273+0000] {processor.py:208} INFO - Processing /opt/airflow/dags/prod/airbyte_to_dbt_prod.py took 0.140 seconds
[2026-08-26T10:53:49.434+0000] {processor.py:186} INFO - Started process (PID=2706) to work on /opt/airflow/dags/prod/airbyte_to_dbt_prod.py
[2026-08-26T10:53:49.435+0000] {processor.py:914} INFO - Processing file /opt/airflow/dags/prod/airbyte_to_dbt_prod.py for tasks to queue
[2026-08-26T10:53:49.438+0000] {logging_mixin.py:190} INFO - [2026-08-26T10:53:49.437+0000] {dagbag.py:588} INFO - Filling up the DagBag from /opt/airflow/dags/prod/airbyte_to_dbt_prod.py
[2026-08-26T10:53:49.460+0000] {processor.py:925} INFO - DAG(s) 'airbyte_to_dbt_pipeline_prod' retrieved from /opt/airflow/dags/prod/airbyte_to_dbt_prod.py
[2026-08-26T10:53:49.509+0000] {logging_mixin.py:190} INFO - [2026-08-26T10:53:49.509+0000] {dag.py:3239} INFO - Sync 1 DAGs
[2026-08-26T10:53:49.544+0000] {logging_mixin.py:190} INFO - [2026-08-26T10:53:49.544+0000] {dag.py:4180} INFO - Setting next_dagrun for airbyte_to_dbt_pipeline_prod to 2026-08-26 09:00:00+00:00, run_after=2026-08-26 10:00:00+00:00
[2026-08-26T10:53:49.566+0000] {processor.py:208} INFO - Processing /opt/airflow/dags/prod/airbyte_to_dbt_prod.py took 0.140 seconds
[2026-08-26T10:54:19.741+0000] {processor.py:186} INFO - Started process (PID=2716) to work on /opt/airflow/dags/prod/airbyte_to_dbt_prod.py
[2026-08-26T10:54:19.742+0000] {processor.py:914} INFO - Processing file /opt/airflow/dags/prod/airbyte_to_dbt_prod.py for tasks to queue
[2026-08-26T10:54:19.745+0000] {logging_mixin.py:190} INFO - [2026-08-26T10:54:19.745+0000] {dagbag.py:588} INFO - Filling up the DagBag from /opt/airflow/dags/prod/airbyte_to_dbt_prod.py
[2026-08-26T10:54:19.769+0000] {processor.py:925} INFO - DAG(s) 'airbyte_to_dbt_pipeline_prod' retrieved from /opt/airflow/dags/prod/airbyte_to_dbt_prod.py
[2026-08-26T10:54:19.810+0000] {logging_mixin.py:190} INFO - [2026-08-26T10:54:19.810+0000] {dag.py:3239} INFO - Sync 1 DAGs
[2026-08-26T10:54:19.847+0000] {logging_mixin.py:190} INFO - [2026-08-26T10:54:19.846+0000] {dag.py:4180} INFO - Setting next_dagrun for airbyte_to_dbt_pipeline_prod to 2026-08-26 09:00:00+00:00, run_after=2026-08-26 10:00:00+00:00
[2026-08-26T10:54:19.873+0000] {processor.py:208} INFO - Processing /opt/airflow/dags/prod/airbyte_to_dbt_prod.py took 0.140 seconds
[2026-08-26T10:54:50.039+0000] {processor.py:186} INFO - Started process (PID=2726) to work on /opt/airflow/dags/prod/airbyte_to_dbt_prod.py
[2026-08-26T10:54:50.040+0000] {processor.py:914} INFO - Processing file /opt/airflow/dags/prod/airbyte_to_dbt_prod.py for tasks to queue
[2026-08-26T10:54:50.044+0000] {logging_mixin.py:190} INFO - [2026-08-26T10:54:50.043+0000] {dagbag.py:588} INFO - Filling up the DagBag from /opt/airflow/dags/prod/airbyte_to_dbt_prod.py
[2026-08-26T10:54:50.072+0000] {processor.py:925} INFO - DAG(s) 'airbyte_to_dbt_pipeline_prod' retrieved from /opt/airflow/dags/prod/airbyte_to_dbt_prod.py
[2026-08-26T10:54:50.115+0000] {logging_mixin.py:190} INFO - [2026-08-26T10:54:50.114+0000] {dag.py:3239} INFO - Sync 1 DAGs
[2026-08-26T10:54:50.145+0000] {logging_mixin.py:190} INFO - [2026-08-26T10:54:50.145+0000] {dag.py:4180} INFO - Setting next_dagrun for airbyte_to_dbt_pipeline_prod to 2026-08-26 09:00:00+00:00, run_after=2026-08-26 10:00:00+00:00
[2026-08-26T10:54:50.169+0000] {processor.py:208} INFO - Processing /opt/airflow/dags/prod/airbyte_to_dbt_prod.py took 0.141 seconds
[2026-08-26T10:55:20.343+0000] {processor.py:186} INFO - Started process (PID=2736) to work on /opt/airflow/dags/prod/airbyte_to_dbt_prod.py
[2026-08-26T10:55:20.344+0000] {processor.py:914} INFO - Processing file /opt/airflow/dags/prod/airbyte_to_dbt_prod.py for tasks to queue
[2026-08-26T10:55:20.347+0000] {logging_mixin.py:190} INFO - [2026-08-26T10:55:20.347+0000] {dagbag.py:588} INFO - Filling up the DagBag from /opt/airflow/dags/prod/airbyte_to_dbt_prod.py
[2026-08-26T10:55:20.370+0000] {processor.py:925} INFO - DAG(s) 'airbyte_to_dbt_pipeline_prod' retrieved from /opt/airflow/dags/prod/airbyte_to_dbt_prod.py
[2026-08-26T10:55:20.410+0000] {logging_mixin.py:190} INFO - [2026-08-26T10:55:20.410+0000] {dag.py:3239} INFO - Sync 1 DAGs
[2026-08-26T10:55:20.442+0000] {logging_mixin.py:190} INFO - [2026-08-26T10:55:20.442+0000] {dag.py:4180} INFO - Setting next_dagrun for airbyte_to_dbt_pipeline_prod to 2026-08-26 09:00:00+00:00, run_after=2026-08-26 10:00:00+00:00
[2026-08-26T10:55:20.466+0000] {processor.py:208} INFO - Processing /opt/airflow/dags/prod/airbyte_to_dbt_prod.py took 0.132 seconds
[2026-08-26T10:55:50.628+0000] {processor.py:186} INFO - Started process (PID=2746) to work on /opt/airflow/dags/prod/airbyte_to_dbt_prod.py
[2026-08-26T10:55:50.629+0000] {processor.py:914} INFO - Processing file /opt/airflow/dags/prod/airbyte_to_dbt_prod.py for tasks to queue
[2026-08-26T10:55:50.632+0000] {logging_mixin.py:190} INFO - [2026-08-26T10:55:50.631+0000] {dagbag.py:588} INFO - Filling up the DagBag from /opt/airflow/dags/prod/airbyte_to_dbt_prod.py
[2026-08-26T10:55:50.654+0000] {processor.py:925} INFO - DAG(s) 'airbyte_to_dbt_pipeline_prod' retrieved from /opt/airflow/dags/prod/airbyte_to_dbt_prod.py
[2026-08-26T10:55:50.692+0000] {logging_mixin.py:190} INFO - [2026-08-26T10:55:50.692+0000] {dag.py:3239} INFO - Sync 1 DAGs
[2026-08-26T10:55:50.720+0000] {logging_mixin.py:190} INFO - [2026-08-26T10:55:50.720+0000] {dag.py:4180} INFO - Setting next_dagrun for airbyte_to_dbt_pipeline_prod to 2026-08-26 09:00:00+00:00, run_after=2026-08-26 10:00:00+00:00
[2026-08-26T10:55:50.743+0000] {processor.py:208} INFO - Processing /opt/airflow/dags/prod/airbyte_to_dbt_prod.py took 0.123 seconds
[2026-08-26T10:56:20.914+0000] {processor.py:186} INFO - Started process (PID=2756) to work on /opt/airflow/dags/prod/airbyte_to_dbt_prod.py
[2026-08-26T10:56:20.916+0000] {processor.py:914} INFO - Processing file /opt/airflow/dags/prod/airbyte_to_dbt_prod.py for tasks to queue
[2026-08-26T10:56:20.920+0000] {logging_mixin.py:190} INFO - [2026-08-26T10:56:20.920+0000] {dagbag.py:588} INFO - Filling up the DagBag from /opt/airflow/dags/prod/airbyte_to_dbt_prod.py
[2026-08-26T10:56:20.944+0000] {processor.py:925} INFO - DAG(s) 'airbyte_to_dbt_pipeline_prod' retrieved from /opt/airflow/dags/prod/airbyte_to_dbt_prod.py
[2026-08-26T10:56:20.994+0000] {logging_mixin.py:190} INFO - [2026-08-26T10:56:20.993+0000] {dag.py:3239} INFO - Sync 1 DAGs
[2026-08-26T10:56:21.029+0000] {logging_mixin.py:190} INFO - [2026-08-26T10:56:21.029+0000] {dag.py:4180} INFO - Setting next_dagrun for airbyte_to_dbt_pipeline_prod to 2026-08-26 09:00:00+00:00, run_after=2026-08-26 10:00:00+00:00
[2026-08-26T10:56:21.053+0000] {processor.py:208} INFO - Processing /opt/airflow/dags/prod/airbyte_to_dbt_prod.py took 0.150 seconds
[2026-08-26T10:56:51.226+0000] {processor.py:186} INFO - Started process (PID=2766) to work on /opt/airflow/dags/prod/airbyte_to_dbt_prod.py
[2026-08-26T10:56:51.228+0000] {processor.py:914} INFO - Processing file /opt/airflow/dags/prod/airbyte_to_dbt_prod.py for tasks to queue
[2026-08-26T10:56:51.232+0000] {logging_mixin.py:190} INFO - [2026-08-26T10:56:51.232+0000] {dagbag.py:588} INFO - Filling up the DagBag from /opt/airflow/dags/prod/airbyte_to_dbt_prod.py
[2026-08-26T10:56:51.259+0000] {processor.py:925} INFO - DAG(s) 'airbyte_to_dbt_pipeline_prod' retrieved from /opt/airflow/dags/prod/airbyte_to_dbt_prod.py
[2026-08-26T10:56:51.298+0000] {logging_mixin.py:190} INFO - [2026-08-26T10:56:51.298+0000] {dag.py:3239} INFO - Sync 1 DAGs
[2026-08-26T10:56:51.328+0000] {logging_mixin.py:190} INFO - [2026-08-26T10:56:51.328+0000] {dag.py:4180} INFO - Setting next_dagrun for airbyte_to_dbt_pipeline_prod to 2026-08-26 09:00:00+00:00, run_after=2026-08-26 10:00:00+00:00
[2026-08-26T10:56:51.348+0000] {processor.py:208} INFO - Processing /opt/airflow/dags/prod/airbyte_to_dbt_prod.py took 0.133 seconds
[2026-08-26T10:57:21.513+0000] {processor.py:186} INFO - Started process (PID=2776) to work on /opt/airflow/dags/prod/airbyte_to_dbt_prod.py
[2026-08-26T10:57:21.514+0000] {processor.py:914} INFO - Processing file /opt/airflow/dags/prod/airbyte_to_dbt_prod.py for tasks to queue
[2026-08-26T10:57:21.517+0000] {logging_mixin.py:190} INFO - [2026-08-26T10:57:21.517+0000] {dagbag.py:588} INFO - Filling up the DagBag from /opt/airflow/dags/prod/airbyte_to_dbt_prod.py
[2026-08-26T10:57:21.541+0000] {processor.py:925} INFO - DAG(s) 'airbyte_to_dbt_pipeline_prod' retrieved from /opt/airflow/dags/prod/airbyte_to_dbt_prod.py
[2026-08-26T10:57:21.581+0000] {logging_mixin.py:190} INFO - [2026-08-26T10:57:21.580+0000] {dag.py:3239} INFO - Sync 1 DAGs
[2026-08-26T10:57:21.615+0000] {logging_mixin.py:190} INFO - [2026-08-26T10:57:21.615+0000] {dag.py:4180} INFO - Setting next_dagrun for airbyte_to_dbt_pipeline_prod to 2026-08-26 09:00:00+00:00, run_after=2026-08-26 10:00:00+00:00
[2026-08-26T10:57:21.637+0000] {processor.py:208} INFO - Processing /opt/airflow/dags/prod/airbyte_to_dbt_prod.py took 0.133 seconds
[2026-08-26T10:57:51.800+0000] {processor.py:186} INFO - Started process (PID=2786) to work on /opt/airflow/dags/prod/airbyte_to_dbt_prod.py
[2026-08-26T10:57:51.801+0000] {processor.py:914} INFO - Processing file /opt/airflow/dags/prod/airbyte_to_dbt_prod.py for tasks to queue
[2026-08-26T10:57:51.804+0000] {logging_mixin.py:190} INFO - [2026-08-26T10:57:51.804+0000] {dagbag.py:588} INFO - Filling up the DagBag from /opt/airflow/dags/prod/airbyte_to_dbt_prod.py
[2026-08-26T10:57:51.826+0000] {processor.py:925} INFO - DAG(s) 'airbyte_to_dbt_pipeline_prod' retrieved from /opt/airflow/dags/prod/airbyte_to_dbt_prod.py
[2026-08-26T10:57:51.875+0000] {logging_mixin.py:190} INFO - [2026-08-26T10:57:51.875+0000] {dag.py:3239} INFO - Sync 1 DAGs
[2026-08-26T10:57:51.913+0000] {logging_mixin.py:190} INFO - [2026-08-26T10:57:51.913+0000] {dag.py:4180} INFO - Setting next_dagrun for airbyte_to_dbt_pipeline_prod to 2026-08-26 09:00:00+00:00, run_after=2026-08-26 10:00:00+00:00
[2026-08-26T10:57:51.942+0000] {processor.py:208} INFO - Processing /opt/airflow/dags/prod/airbyte_to_dbt_prod.py took 0.152 seconds
[2026-08-26T10:58:22.104+0000] {processor.py:186} INFO - Started process (PID=2796) to work on /opt/airflow/dags/prod/airbyte_to_dbt_prod.py
[2026-08-26T10:58:22.105+0000] {processor.py:914} INFO - Processing file /opt/airflow/dags/prod/airbyte_to_dbt_prod.py for tasks to queue
[2026-08-26T10:58:22.108+0000] {logging_mixin.py:190} INFO - [2026-08-26T10:58:22.108+0000] {dagbag.py:588} INFO - Filling up the DagBag from /opt/airflow/dags/prod/airbyte_to_dbt_prod.py
[2026-08-26T10:58:22.131+0000] {processor.py:925} INFO - DAG(s) 'airbyte_to_dbt_pipeline_prod' retrieved from /opt/airflow/dags/prod/airbyte_to_dbt_prod.py
[2026-08-26T10:58:22.181+0000] {logging_mixin.py:190} INFO - [2026-08-26T10:58:22.181+0000] {dag.py:3239} INFO - Sync 1 DAGs
[2026-08-26T10:58:22.213+0000] {logging_mixin.py:190} INFO - [2026-08-26T10:58:22.212+0000] {dag.py:4180} INFO - Setting next_dagrun for airbyte_to_dbt_pipeline_prod to 2026-08-26 09:00:00+00:00, run_after=2026-08-26 10:00:00+00:00
[2026-08-26T10:58:22.236+0000] {processor.py:208} INFO - Processing /opt/airflow/dags/prod/airbyte_to_dbt_prod.py took 0.142 seconds
[2026-08-26T10:58:52.404+0000] {processor.py:186} INFO - Started process (PID=2806) to work on /opt/airflow/dags/prod/airbyte_to_dbt_prod.py
[2026-08-26T10:58:52.406+0000] {processor.py:914} INFO - Processing file /opt/airflow/dags/prod/airbyte_to_dbt_prod.py for tasks to queue
[2026-08-26T10:58:52.409+0000] {logging_mixin.py:190} INFO - [2026-08-26T10:58:52.408+0000] {dagbag.py:588} INFO - Filling up the DagBag from /opt/airflow/dags/prod/airbyte_to_dbt_prod.py
[2026-08-26T10:58:52.431+0000] {processor.py:925} INFO - DAG(s) 'airbyte_to_dbt_pipeline_prod' retrieved from /opt/airflow/dags/prod/airbyte_to_dbt_prod.py
[2026-08-26T10:58:52.474+0000] {logging_mixin.py:190} INFO - [2026-08-26T10:58:52.474+0000] {dag.py:3239} INFO - Sync 1 DAGs
[2026-08-26T10:58:52.509+0000] {logging_mixin.py:190} INFO - [2026-08-26T10:58:52.509+0000] {dag.py:4180} INFO - Setting next_dagrun for airbyte_to_dbt_pipeline_prod to 2026-08-26 09:00:00+00:00, run_after=2026-08-26 10:00:00+00:00
[2026-08-26T10:58:52.535+0000] {processor.py:208} INFO - Processing /opt/airflow/dags/prod/airbyte_to_dbt_prod.py took 0.139 seconds
[2026-08-26T10:59:22.713+0000] {processor.py:186} INFO - Started process (PID=2816) to work on /opt/airflow/dags/prod/airbyte_to_dbt_prod.py
[2026-08-26T10:59:22.714+0000] {processor.py:914} INFO - Processing file /opt/airflow/dags/prod/airbyte_to_dbt_prod.py for tasks to queue
[2026-08-26T10:59:22.719+0000] {logging_mixin.py:190} INFO - [2026-08-26T10:59:22.718+0000] {dagbag.py:588} INFO - Filling up the DagBag from /opt/airflow/dags/prod/airbyte_to_dbt_prod.py
[2026-08-26T10:59:22.750+0000] {processor.py:925} INFO - DAG(s) 'airbyte_to_dbt_pipeline_prod' retrieved from /opt/airflow/dags/prod/airbyte_to_dbt_prod.py
[2026-08-26T10:59:22.795+0000] {logging_mixin.py:190} INFO - [2026-08-26T10:59:22.795+0000] {dag.py:3239} INFO - Sync 1 DAGs
[2026-08-26T10:59:22.834+0000] {logging_mixin.py:190} INFO - [2026-08-26T10:59:22.834+0000] {dag.py:4180} INFO - Setting next_dagrun for airbyte_to_dbt_pipeline_prod to 2026-08-26 09:00:00+00:00, run_after=2026-08-26 10:00:00+00:00
[2026-08-26T10:59:22.862+0000] {processor.py:208} INFO - Processing /opt/airflow/dags/prod/airbyte_to_dbt_prod.py took 0.160 seconds
[2026-08-26T10:59:53.063+0000] {processor.py:186} INFO - Started process (PID=2826) to work on /opt/airflow/dags/prod/airbyte_to_dbt_prod.py
[2026-08-26T10:59:53.064+0000] {processor.py:914} INFO - Processing file /opt/airflow/dags/prod/airbyte_to_dbt_prod.py for tasks to queue
[2026-08-26T10:59:53.068+0000] {logging_mixin.py:190} INFO - [2026-08-26T10:59:53.067+0000] {dagbag.py:588} INFO - Filling up the DagBag from /opt/airflow/dags/prod/airbyte_to_dbt_prod.py
[2026-08-26T10:59:53.096+0000] {processor.py:925} INFO - DAG(s) 'airbyte_to_dbt_pipeline_prod' retrieved from /opt/airflow/dags/prod/airbyte_to_dbt_prod.py
[2026-08-26T10:59:53.147+0000] {logging_mixin.py:190} INFO - [2026-08-26T10:59:53.147+0000] {dag.py:3239} INFO - Sync 1 DAGs
[2026-08-26T10:59:53.181+0000] {logging_mixin.py:190} INFO - [2026-08-26T10:59:53.181+0000] {dag.py:4180} INFO - Setting next_dagrun for airbyte_to_dbt_pipeline_prod to 2026-08-26 09:00:00+00:00, run_after=2026-08-26 10:00:00+00:00
[2026-08-26T10:59:53.209+0000] {processor.py:208} INFO - Processing /opt/airflow/dags/prod/airbyte_to_dbt_prod.py took 0.157 seconds
[2026-08-26T11:00:23.861+0000] {processor.py:186} INFO - Started process (PID=2834) to work on /opt/airflow/dags/prod/airbyte_to_dbt_prod.py
[2026-08-26T11:00:23.866+0000] {processor.py:914} INFO - Processing file /opt/airflow/dags/prod/airbyte_to_dbt_prod.py for tasks to queue
[2026-08-26T11:00:24.103+0000] {logging_mixin.py:190} INFO - [2026-08-26T11:00:24.089+0000] {dagbag.py:588} INFO - Filling up the DagBag from /opt/airflow/dags/prod/airbyte_to_dbt_prod.py
[2026-08-26T11:00:24.567+0000] {processor.py:925} INFO - DAG(s) 'airbyte_to_dbt_pipeline_prod' retrieved from /opt/airflow/dags/prod/airbyte_to_dbt_prod.py
[2026-08-26T11:00:24.768+0000] {logging_mixin.py:190} INFO - [2026-08-26T11:00:24.767+0000] {dag.py:3239} INFO - Sync 1 DAGs
[2026-08-26T11:00:24.878+0000] {logging_mixin.py:190} INFO - [2026-08-26T11:00:24.878+0000] {dag.py:4180} INFO - Setting next_dagrun for airbyte_to_dbt_pipeline_prod to 2026-08-26 10:00:00+00:00, run_after=2026-08-26 11:00:00+00:00
[2026-08-26T11:00:24.910+0000] {processor.py:208} INFO - Processing /opt/airflow/dags/prod/airbyte_to_dbt_prod.py took 1.340 seconds
[2026-08-26T11:00:55.176+0000] {processor.py:186} INFO - Started process (PID=2846) to work on /opt/airflow/dags/prod/airbyte_to_dbt_prod.py
[2026-08-26T11:00:55.177+0000] {processor.py:914} INFO - Processing file /opt/airflow/dags/prod/airbyte_to_dbt_prod.py for tasks to queue
[2026-08-26T11:00:55.181+0000] {logging_mixin.py:190} INFO - [2026-08-26T11:00:55.180+0000] {dagbag.py:588} INFO - Filling up the DagBag from /opt/airflow/dags/prod/airbyte_to_dbt_prod.py
[2026-08-26T11:00:55.210+0000] {processor.py:925} INFO - DAG(s) 'airbyte_to_dbt_pipeline_prod' retrieved from /opt/airflow/dags/prod/airbyte_to_dbt_prod.py
[2026-08-26T11:00:55.306+0000] {logging_mixin.py:190} INFO - [2026-08-26T11:00:55.306+0000] {dag.py:3239} INFO - Sync 1 DAGs
[2026-08-26T11:00:55.390+0000] {logging_mixin.py:190} INFO - [2026-08-26T11:00:55.390+0000] {dag.py:4180} INFO - Setting next_dagrun for airbyte_to_dbt_pipeline_prod to 2026-08-26 10:00:00+00:00, run_after=2026-08-26 11:00:00+00:00
[2026-08-26T11:00:55.436+0000] {processor.py:208} INFO - Processing /opt/airflow/dags/prod/airbyte_to_dbt_prod.py took 0.271 seconds
[2026-08-26T11:01:25.694+0000] {processor.py:186} INFO - Started process (PID=2856) to work on /opt/airflow/dags/prod/airbyte_to_dbt_prod.py
[2026-08-26T11:01:25.696+0000] {processor.py:914} INFO - Processing file /opt/airflow/dags/prod/airbyte_to_dbt_prod.py for tasks to queue
[2026-08-26T11:01:25.700+0000] {logging_mixin.py:190} INFO - [2026-08-26T11:01:25.699+0000] {dagbag.py:588} INFO - Filling up the DagBag from /opt/airflow/dags/prod/airbyte_to_dbt_prod.py
[2026-08-26T11:01:25.731+0000] {processor.py:925} INFO - DAG(s) 'airbyte_to_dbt_pipeline_prod' retrieved from /opt/airflow/dags/prod/airbyte_to_dbt_prod.py
[2026-08-26T11:01:25.778+0000] {logging_mixin.py:190} INFO - [2026-08-26T11:01:25.778+0000] {dag.py:3239} INFO - Sync 1 DAGs
[2026-08-26T11:01:25.816+0000] {logging_mixin.py:190} INFO - [2026-08-26T11:01:25.816+0000] {dag.py:4180} INFO - Setting next_dagrun for airbyte_to_dbt_pipeline_prod to 2026-08-26 10:00:00+00:00, run_after=2026-08-26 11:00:00+00:00
[2026-08-26T11:01:25.843+0000] {processor.py:208} INFO - Processing /opt/airflow/dags/prod/airbyte_to_dbt_prod.py took 0.160 seconds
[2026-08-26T11:01:56.028+0000] {processor.py:186} INFO - Started process (PID=2866) to work on /opt/airflow/dags/prod/airbyte_to_dbt_prod.py
[2026-08-26T11:01:56.030+0000] {processor.py:914} INFO - Processing file /opt/airflow/dags/prod/airbyte_to_dbt_prod.py for tasks to queue
[2026-08-26T11:01:56.035+0000] {logging_mixin.py:190} INFO - [2026-08-26T11:01:56.034+0000] {dagbag.py:588} INFO - Filling up the DagBag from /opt/airflow/dags/prod/airbyte_to_dbt_prod.py
[2026-08-26T11:01:56.067+0000] {processor.py:925} INFO - DAG(s) 'airbyte_to_dbt_pipeline_prod' retrieved from /opt/airflow/dags/prod/airbyte_to_dbt_prod.py
[2026-08-26T11:01:56.119+0000] {logging_mixin.py:190} INFO - [2026-08-26T11:01:56.119+0000] {dag.py:3239} INFO - Sync 1 DAGs
[2026-08-26T11:01:56.159+0000] {logging_mixin.py:190} INFO - [2026-08-26T11:01:56.159+0000] {dag.py:4180} INFO - Setting next_dagrun for airbyte_to_dbt_pipeline_prod to 2026-08-26 10:00:00+00:00, run_after=2026-08-26 11:00:00+00:00
[2026-08-26T11:01:56.181+0000] {processor.py:208} INFO - Processing /opt/airflow/dags/prod/airbyte_to_dbt_prod.py took 0.165 seconds
[2026-08-26T11:02:26.356+0000] {processor.py:186} INFO - Started process (PID=2876) to work on /opt/airflow/dags/prod/airbyte_to_dbt_prod.py
[2026-08-26T11:02:26.357+0000] {processor.py:914} INFO - Processing file /opt/airflow/dags/prod/airbyte_to_dbt_prod.py for tasks to queue
[2026-08-26T11:02:26.364+0000] {logging_mixin.py:190} INFO - [2026-08-26T11:02:26.363+0000] {dagbag.py:588} INFO - Filling up the DagBag from /opt/airflow/dags/prod/airbyte_to_dbt_prod.py
[2026-08-26T11:02:26.400+0000] {processor.py:925} INFO - DAG(s) 'airbyte_to_dbt_pipeline_prod' retrieved from /opt/airflow/dags/prod/airbyte_to_dbt_prod.py
[2026-08-26T11:02:26.458+0000] {logging_mixin.py:190} INFO - [2026-08-26T11:02:26.458+0000] {dag.py:3239} INFO - Sync 1 DAGs
[2026-08-26T11:02:26.503+0000] {logging_mixin.py:190} INFO - [2026-08-26T11:02:26.503+0000] {dag.py:4180} INFO - Setting next_dagrun for airbyte_to_dbt_pipeline_prod to 2026-08-26 10:00:00+00:00, run_after=2026-08-26 11:00:00+00:00
[2026-08-26T11:02:26.532+0000] {processor.py:208} INFO - Processing /opt/airflow/dags/prod/airbyte_to_dbt_prod.py took 0.190 seconds
[2026-08-26T11:02:56.741+0000] {processor.py:186} INFO - Started process (PID=2886) to work on /opt/airflow/dags/prod/airbyte_to_dbt_prod.py
[2026-08-26T11:02:56.743+0000] {processor.py:914} INFO - Processing file /opt/airflow/dags/prod/airbyte_to_dbt_prod.py for tasks to queue
[2026-08-26T11:02:56.746+0000] {logging_mixin.py:190} INFO - [2026-08-26T11:02:56.746+0000] {dagbag.py:588} INFO - Filling up the DagBag from /opt/airflow/dags/prod/airbyte_to_dbt_prod.py
[2026-08-26T11:02:56.774+0000] {processor.py:925} INFO - DAG(s) 'airbyte_to_dbt_pipeline_prod' retrieved from /opt/airflow/dags/prod/airbyte_to_dbt_prod.py
[2026-08-26T11:02:56.820+0000] {logging_mixin.py:190} INFO - [2026-08-26T11:02:56.820+0000] {dag.py:3239} INFO - Sync 1 DAGs
[2026-08-26T11:02:56.861+0000] {logging_mixin.py:190} INFO - [2026-08-26T11:02:56.861+0000] {dag.py:4180} INFO - Setting next_dagrun for airbyte_to_dbt_pipeline_prod to 2026-08-26 10:00:00+00:00, run_after=2026-08-26 11:00:00+00:00
[2026-08-26T11:02:56.889+0000] {processor.py:208} INFO - Processing /opt/airflow/dags/prod/airbyte_to_dbt_prod.py took 0.159 seconds
[2026-08-26T11:03:27.122+0000] {processor.py:186} INFO - Started process (PID=2895) to work on /opt/airflow/dags/prod/airbyte_to_dbt_prod.py
[2026-08-26T11:03:27.123+0000] {processor.py:914} INFO - Processing file /opt/airflow/dags/prod/airbyte_to_dbt_prod.py for tasks to queue
[2026-08-26T11:03:27.144+0000] {logging_mixin.py:190} INFO - [2026-08-26T11:03:27.142+0000] {dagbag.py:588} INFO - Filling up the DagBag from /opt/airflow/dags/prod/airbyte_to_dbt_prod.py
[2026-08-26T11:03:27.259+0000] {processor.py:925} INFO - DAG(s) 'airbyte_to_dbt_pipeline_prod' retrieved from /opt/airflow/dags/prod/airbyte_to_dbt_prod.py
[2026-08-26T11:03:27.485+0000] {logging_mixin.py:190} INFO - [2026-08-26T11:03:27.484+0000] {dag.py:3239} INFO - Sync 1 DAGs
[2026-08-26T11:03:27.887+0000] {logging_mixin.py:190} INFO - [2026-08-26T11:03:27.885+0000] {dag.py:4180} INFO - Setting next_dagrun for airbyte_to_dbt_pipeline_prod to 2026-08-26 10:00:00+00:00, run_after=2026-08-26 11:00:00+00:00
[2026-08-26T11:03:27.920+0000] {processor.py:208} INFO - Processing /opt/airflow/dags/prod/airbyte_to_dbt_prod.py took 0.836 seconds
[2026-08-26T11:03:58.138+0000] {processor.py:186} INFO - Started process (PID=2906) to work on /opt/airflow/dags/prod/airbyte_to_dbt_prod.py
[2026-08-26T11:03:58.140+0000] {processor.py:914} INFO - Processing file /opt/airflow/dags/prod/airbyte_to_dbt_prod.py for tasks to queue
[2026-08-26T11:03:58.147+0000] {logging_mixin.py:190} INFO - [2026-08-26T11:03:58.146+0000] {dagbag.py:588} INFO - Filling up the DagBag from /opt/airflow/dags/prod/airbyte_to_dbt_prod.py
[2026-08-26T11:03:58.230+0000] {processor.py:925} INFO - DAG(s) 'airbyte_to_dbt_pipeline_prod' retrieved from /opt/airflow/dags/prod/airbyte_to_dbt_prod.py
[2026-08-26T11:03:58.311+0000] {logging_mixin.py:190} INFO - [2026-08-26T11:03:58.311+0000] {dag.py:3239} INFO - Sync 1 DAGs
[2026-08-26T11:03:58.368+0000] {logging_mixin.py:190} INFO - [2026-08-26T11:03:58.367+0000] {dag.py:4180} INFO - Setting next_dagrun for airbyte_to_dbt_pipeline_prod to 2026-08-26 10:00:00+00:00, run_after=2026-08-26 11:00:00+00:00
[2026-08-26T11:03:58.400+0000] {processor.py:208} INFO - Processing /opt/airflow/dags/prod/airbyte_to_dbt_prod.py took 0.287 seconds
[2026-08-26T11:04:28.604+0000] {processor.py:186} INFO - Started process (PID=2916) to work on /opt/airflow/dags/prod/airbyte_to_dbt_prod.py
[2026-08-26T11:04:28.606+0000] {processor.py:914} INFO - Processing file /opt/airflow/dags/prod/airbyte_to_dbt_prod.py for tasks to queue
[2026-08-26T11:04:28.610+0000] {logging_mixin.py:190} INFO - [2026-08-26T11:04:28.609+0000] {dagbag.py:588} INFO - Filling up the DagBag from /opt/airflow/dags/prod/airbyte_to_dbt_prod.py
[2026-08-26T11:04:28.651+0000] {processor.py:925} INFO - DAG(s) 'airbyte_to_dbt_pipeline_prod' retrieved from /opt/airflow/dags/prod/airbyte_to_dbt_prod.py
[2026-08-26T11:04:28.706+0000] {logging_mixin.py:190} INFO - [2026-08-26T11:04:28.706+0000] {dag.py:3239} INFO - Sync 1 DAGs
[2026-08-26T11:04:28.755+0000] {logging_mixin.py:190} INFO - [2026-08-26T11:04:28.755+0000] {dag.py:4180} INFO - Setting next_dagrun for airbyte_to_dbt_pipeline_prod to 2026-08-26 10:00:00+00:00, run_after=2026-08-26 11:00:00+00:00
[2026-08-26T11:04:28.797+0000] {processor.py:208} INFO - Processing /opt/airflow/dags/prod/airbyte_to_dbt_prod.py took 0.205 seconds
[2026-08-26T11:04:59.080+0000] {processor.py:186} INFO - Started process (PID=2926) to work on /opt/airflow/dags/prod/airbyte_to_dbt_prod.py
[2026-08-26T11:04:59.086+0000] {processor.py:914} INFO - Processing file /opt/airflow/dags/prod/airbyte_to_dbt_prod.py for tasks to queue
[2026-08-26T11:04:59.106+0000] {logging_mixin.py:190} INFO - [2026-08-26T11:04:59.106+0000] {dagbag.py:588} INFO - Filling up the DagBag from /opt/airflow/dags/prod/airbyte_to_dbt_prod.py
[2026-08-26T11:04:59.162+0000] {processor.py:925} INFO - DAG(s) 'airbyte_to_dbt_pipeline_prod' retrieved from /opt/airflow/dags/prod/airbyte_to_dbt_prod.py
[2026-08-26T11:04:59.391+0000] {logging_mixin.py:190} INFO - [2026-08-26T11:04:59.390+0000] {dag.py:3239} INFO - Sync 1 DAGs
[2026-08-26T11:04:59.497+0000] {logging_mixin.py:190} INFO - [2026-08-26T11:04:59.497+0000] {dag.py:4180} INFO - Setting next_dagrun for airbyte_to_dbt_pipeline_prod to 2026-08-26 10:00:00+00:00, run_after=2026-08-26 11:00:00+00:00
[2026-08-26T11:04:59.525+0000] {processor.py:208} INFO - Processing /opt/airflow/dags/prod/airbyte_to_dbt_prod.py took 0.463 seconds
[2026-08-26T11:05:29.694+0000] {processor.py:186} INFO - Started process (PID=2936) to work on /opt/airflow/dags/prod/airbyte_to_dbt_prod.py
[2026-08-26T11:05:29.695+0000] {processor.py:914} INFO - Processing file /opt/airflow/dags/prod/airbyte_to_dbt_prod.py for tasks to queue
[2026-08-26T11:05:29.699+0000] {logging_mixin.py:190} INFO - [2026-08-26T11:05:29.698+0000] {dagbag.py:588} INFO - Filling up the DagBag from /opt/airflow/dags/prod/airbyte_to_dbt_prod.py
[2026-08-26T11:05:29.724+0000] {processor.py:925} INFO - DAG(s) 'airbyte_to_dbt_pipeline_prod' retrieved from /opt/airflow/dags/prod/airbyte_to_dbt_prod.py
[2026-08-26T11:05:29.783+0000] {logging_mixin.py:190} INFO - [2026-08-26T11:05:29.783+0000] {dag.py:3239} INFO - Sync 1 DAGs
[2026-08-26T11:05:29.821+0000] {logging_mixin.py:190} INFO - [2026-08-26T11:05:29.821+0000] {dag.py:4180} INFO - Setting next_dagrun for airbyte_to_dbt_pipeline_prod to 2026-08-26 10:00:00+00:00, run_after=2026-08-26 11:00:00+00:00
[2026-08-26T11:05:29.847+0000] {processor.py:208} INFO - Processing /opt/airflow/dags/prod/airbyte_to_dbt_prod.py took 0.164 seconds
[2026-08-26T11:06:00.049+0000] {processor.py:186} INFO - Started process (PID=2946) to work on /opt/airflow/dags/prod/airbyte_to_dbt_prod.py
[2026-08-26T11:06:00.052+0000] {processor.py:914} INFO - Processing file /opt/airflow/dags/prod/airbyte_to_dbt_prod.py for tasks to queue
[2026-08-26T11:06:00.057+0000] {logging_mixin.py:190} INFO - [2026-08-26T11:06:00.056+0000] {dagbag.py:588} INFO - Filling up the DagBag from /opt/airflow/dags/prod/airbyte_to_dbt_prod.py
[2026-08-26T11:06:00.090+0000] {processor.py:925} INFO - DAG(s) 'airbyte_to_dbt_pipeline_prod' retrieved from /opt/airflow/dags/prod/airbyte_to_dbt_prod.py
[2026-08-26T11:06:00.139+0000] {logging_mixin.py:190} INFO - [2026-08-26T11:06:00.138+0000] {dag.py:3239} INFO - Sync 1 DAGs
[2026-08-26T11:06:00.179+0000] {logging_mixin.py:190} INFO - [2026-08-26T11:06:00.179+0000] {dag.py:4180} INFO - Setting next_dagrun for airbyte_to_dbt_pipeline_prod to 2026-08-26 10:00:00+00:00, run_after=2026-08-26 11:00:00+00:00
[2026-08-26T11:06:00.206+0000] {processor.py:208} INFO - Processing /opt/airflow/dags/prod/airbyte_to_dbt_prod.py took 0.170 seconds
[2026-08-26T11:06:30.357+0000] {processor.py:186} INFO - Started process (PID=2956) to work on /opt/airflow/dags/prod/airbyte_to_dbt_prod.py
[2026-08-26T11:06:30.358+0000] {processor.py:914} INFO - Processing file /opt/airflow/dags/prod/airbyte_to_dbt_prod.py for tasks to queue
[2026-08-26T11:06:30.362+0000] {logging_mixin.py:190} INFO - [2026-08-26T11:06:30.362+0000] {dagbag.py:588} INFO - Filling up the DagBag from /opt/airflow/dags/prod/airbyte_to_dbt_prod.py
[2026-08-26T11:06:30.392+0000] {processor.py:925} INFO - DAG(s) 'airbyte_to_dbt_pipeline_prod' retrieved from /opt/airflow/dags/prod/airbyte_to_dbt_prod.py
[2026-08-26T11:06:30.439+0000] {logging_mixin.py:190} INFO - [2026-08-26T11:06:30.439+0000] {dag.py:3239} INFO - Sync 1 DAGs
[2026-08-26T11:06:30.470+0000] {logging_mixin.py:190} INFO - [2026-08-26T11:06:30.470+0000] {dag.py:4180} INFO - Setting next_dagrun for airbyte_to_dbt_pipeline_prod to 2026-08-26 10:00:00+00:00, run_after=2026-08-26 11:00:00+00:00
[2026-08-26T11:06:30.496+0000] {processor.py:208} INFO - Processing /opt/airflow/dags/prod/airbyte_to_dbt_prod.py took 0.150 seconds
[2026-08-26T11:07:00.675+0000] {processor.py:186} INFO - Started process (PID=2966) to work on /opt/airflow/dags/prod/airbyte_to_dbt_prod.py
[2026-08-26T11:07:00.678+0000] {processor.py:914} INFO - Processing file /opt/airflow/dags/prod/airbyte_to_dbt_prod.py for tasks to queue
[2026-08-26T11:07:00.686+0000] {logging_mixin.py:190} INFO - [2026-08-26T11:07:00.686+0000] {dagbag.py:588} INFO - Filling up the DagBag from /opt/airflow/dags/prod/airbyte_to_dbt_prod.py
[2026-08-26T11:07:00.719+0000] {processor.py:925} INFO - DAG(s) 'airbyte_to_dbt_pipeline_prod' retrieved from /opt/airflow/dags/prod/airbyte_to_dbt_prod.py
[2026-08-26T11:07:00.775+0000] {logging_mixin.py:190} INFO - [2026-08-26T11:07:00.775+0000] {dag.py:3239} INFO - Sync 1 DAGs
[2026-08-26T11:07:00.820+0000] {logging_mixin.py:190} INFO - [2026-08-26T11:07:00.820+0000] {dag.py:4180} INFO - Setting next_dagrun for airbyte_to_dbt_pipeline_prod to 2026-08-26 10:00:00+00:00, run_after=2026-08-26 11:00:00+00:00
[2026-08-26T11:07:00.853+0000] {processor.py:208} INFO - Processing /opt/airflow/dags/prod/airbyte_to_dbt_prod.py took 0.195 seconds
[2026-08-26T11:07:31.007+0000] {processor.py:186} INFO - Started process (PID=2976) to work on /opt/airflow/dags/prod/airbyte_to_dbt_prod.py
[2026-08-26T11:07:31.008+0000] {processor.py:914} INFO - Processing file /opt/airflow/dags/prod/airbyte_to_dbt_prod.py for tasks to queue
[2026-08-26T11:07:31.013+0000] {logging_mixin.py:190} INFO - [2026-08-26T11:07:31.013+0000] {dagbag.py:588} INFO - Filling up the DagBag from /opt/airflow/dags/prod/airbyte_to_dbt_prod.py
[2026-08-26T11:07:31.044+0000] {processor.py:925} INFO - DAG(s) 'airbyte_to_dbt_pipeline_prod' retrieved from /opt/airflow/dags/prod/airbyte_to_dbt_prod.py
[2026-08-26T11:07:31.092+0000] {logging_mixin.py:190} INFO - [2026-08-26T11:07:31.092+0000] {dag.py:3239} INFO - Sync 1 DAGs
[2026-08-26T11:07:31.126+0000] {logging_mixin.py:190} INFO - [2026-08-26T11:07:31.126+0000] {dag.py:4180} INFO - Setting next_dagrun for airbyte_to_dbt_pipeline_prod to 2026-08-26 10:00:00+00:00, run_after=2026-08-26 11:00:00+00:00
[2026-08-26T11:07:31.151+0000] {processor.py:208} INFO - Processing /opt/airflow/dags/prod/airbyte_to_dbt_prod.py took 0.156 seconds
[2026-08-26T11:08:01.305+0000] {processor.py:186} INFO - Started process (PID=2986) to work on /opt/airflow/dags/prod/airbyte_to_dbt_prod.py
[2026-08-26T11:08:01.308+0000] {processor.py:914} INFO - Processing file /opt/airflow/dags/prod/airbyte_to_dbt_prod.py for tasks to queue
[2026-08-26T11:08:01.312+0000] {logging_mixin.py:190} INFO - [2026-08-26T11:08:01.311+0000] {dagbag.py:588} INFO - Filling up the DagBag from /opt/airflow/dags/prod/airbyte_to_dbt_prod.py
[2026-08-26T11:08:01.340+0000] {processor.py:925} INFO - DAG(s) 'airbyte_to_dbt_pipeline_prod' retrieved from /opt/airflow/dags/prod/airbyte_to_dbt_prod.py
[2026-08-26T11:08:01.389+0000] {logging_mixin.py:190} INFO - [2026-08-26T11:08:01.389+0000] {dag.py:3239} INFO - Sync 1 DAGs
[2026-08-26T11:08:01.421+0000] {logging_mixin.py:190} INFO - [2026-08-26T11:08:01.420+0000] {dag.py:4180} INFO - Setting next_dagrun for airbyte_to_dbt_pipeline_prod to 2026-08-26 10:00:00+00:00, run_after=2026-08-26 11:00:00+00:00
[2026-08-26T11:08:01.443+0000] {processor.py:208} INFO - Processing /opt/airflow/dags/prod/airbyte_to_dbt_prod.py took 0.149 seconds
[2026-08-26T11:08:31.604+0000] {processor.py:186} INFO - Started process (PID=2996) to work on /opt/airflow/dags/prod/airbyte_to_dbt_prod.py
[2026-08-26T11:08:31.605+0000] {processor.py:914} INFO - Processing file /opt/airflow/dags/prod/airbyte_to_dbt_prod.py for tasks to queue
[2026-08-26T11:08:31.608+0000] {logging_mixin.py:190} INFO - [2026-08-26T11:08:31.608+0000] {dagbag.py:588} INFO - Filling up the DagBag from /opt/airflow/dags/prod/airbyte_to_dbt_prod.py
[2026-08-26T11:08:31.633+0000] {processor.py:925} INFO - DAG(s) 'airbyte_to_dbt_pipeline_prod' retrieved from /opt/airflow/dags/prod/airbyte_to_dbt_prod.py
[2026-08-26T11:08:31.686+0000] {logging_mixin.py:190} INFO - [2026-08-26T11:08:31.686+0000] {dag.py:3239} INFO - Sync 1 DAGs
[2026-08-26T11:08:31.721+0000] {logging_mixin.py:190} INFO - [2026-08-26T11:08:31.721+0000] {dag.py:4180} INFO - Setting next_dagrun for airbyte_to_dbt_pipeline_prod to 2026-08-26 10:00:00+00:00, run_after=2026-08-26 11:00:00+00:00
[2026-08-26T11:08:31.744+0000] {processor.py:208} INFO - Processing /opt/airflow/dags/prod/airbyte_to_dbt_prod.py took 0.148 seconds
[2026-08-26T11:09:01.916+0000] {processor.py:186} INFO - Started process (PID=3006) to work on /opt/airflow/dags/prod/airbyte_to_dbt_prod.py
[2026-08-26T11:09:01.917+0000] {processor.py:914} INFO - Processing file /opt/airflow/dags/prod/airbyte_to_dbt_prod.py for tasks to queue
[2026-08-26T11:09:01.921+0000] {logging_mixin.py:190} INFO - [2026-08-26T11:09:01.920+0000] {dagbag.py:588} INFO - Filling up the DagBag from /opt/airflow/dags/prod/airbyte_to_dbt_prod.py
[2026-08-26T11:09:01.952+0000] {processor.py:925} INFO - DAG(s) 'airbyte_to_dbt_pipeline_prod' retrieved from /opt/airflow/dags/prod/airbyte_to_dbt_prod.py
[2026-08-26T11:09:02.073+0000] {logging_mixin.py:190} INFO - [2026-08-26T11:09:02.073+0000] {dag.py:3239} INFO - Sync 1 DAGs
[2026-08-26T11:09:02.133+0000] {logging_mixin.py:190} INFO - [2026-08-26T11:09:02.133+0000] {dag.py:4180} INFO - Setting next_dagrun for airbyte_to_dbt_pipeline_prod to 2026-08-26 10:00:00+00:00, run_after=2026-08-26 11:00:00+00:00
[2026-08-26T11:09:02.157+0000] {processor.py:208} INFO - Processing /opt/airflow/dags/prod/airbyte_to_dbt_prod.py took 0.251 seconds
[2026-08-26T11:09:32.343+0000] {processor.py:186} INFO - Started process (PID=3016) to work on /opt/airflow/dags/prod/airbyte_to_dbt_prod.py
[2026-08-26T11:09:32.344+0000] {processor.py:914} INFO - Processing file /opt/airflow/dags/prod/airbyte_to_dbt_prod.py for tasks to queue
[2026-08-26T11:09:32.347+0000] {logging_mixin.py:190} INFO - [2026-08-26T11:09:32.346+0000] {dagbag.py:588} INFO - Filling up the DagBag from /opt/airflow/dags/prod/airbyte_to_dbt_prod.py
[2026-08-26T11:09:32.391+0000] {processor.py:925} INFO - DAG(s) 'airbyte_to_dbt_pipeline_prod' retrieved from /opt/airflow/dags/prod/airbyte_to_dbt_prod.py
[2026-08-26T11:09:32.528+0000] {logging_mixin.py:190} INFO - [2026-08-26T11:09:32.528+0000] {dag.py:3239} INFO - Sync 1 DAGs
[2026-08-26T11:09:32.570+0000] {logging_mixin.py:190} INFO - [2026-08-26T11:09:32.570+0000] {dag.py:4180} INFO - Setting next_dagrun for airbyte_to_dbt_pipeline_prod to 2026-08-26 10:00:00+00:00, run_after=2026-08-26 11:00:00+00:00
[2026-08-26T11:09:32.597+0000] {processor.py:208} INFO - Processing /opt/airflow/dags/prod/airbyte_to_dbt_prod.py took 0.262 seconds
[2026-08-26T11:10:02.944+0000] {processor.py:186} INFO - Started process (PID=3024) to work on /opt/airflow/dags/prod/airbyte_to_dbt_prod.py
[2026-08-26T11:10:02.946+0000] {processor.py:914} INFO - Processing file /opt/airflow/dags/prod/airbyte_to_dbt_prod.py for tasks to queue
[2026-08-26T11:10:02.990+0000] {logging_mixin.py:190} INFO - [2026-08-26T11:10:02.983+0000] {dagbag.py:588} INFO - Filling up the DagBag from /opt/airflow/dags/prod/airbyte_to_dbt_prod.py
[2026-08-26T11:10:03.089+0000] {processor.py:925} INFO - DAG(s) 'airbyte_to_dbt_pipeline_prod' retrieved from /opt/airflow/dags/prod/airbyte_to_dbt_prod.py
[2026-08-26T11:10:03.147+0000] {logging_mixin.py:190} INFO - [2026-08-26T11:10:03.146+0000] {dag.py:3239} INFO - Sync 1 DAGs
[2026-08-26T11:10:03.190+0000] {logging_mixin.py:190} INFO - [2026-08-26T11:10:03.190+0000] {dag.py:4180} INFO - Setting next_dagrun for airbyte_to_dbt_pipeline_prod to 2026-08-26 10:00:00+00:00, run_after=2026-08-26 11:00:00+00:00
[2026-08-26T11:10:03.222+0000] {processor.py:208} INFO - Processing /opt/airflow/dags/prod/airbyte_to_dbt_prod.py took 0.377 seconds
[2026-08-26T11:10:33.440+0000] {processor.py:186} INFO - Started process (PID=3036) to work on /opt/airflow/dags/prod/airbyte_to_dbt_prod.py
[2026-08-26T11:10:33.442+0000] {processor.py:914} INFO - Processing file /opt/airflow/dags/prod/airbyte_to_dbt_prod.py for tasks to queue
[2026-08-26T11:10:33.448+0000] {logging_mixin.py:190} INFO - [2026-08-26T11:10:33.447+0000] {dagbag.py:588} INFO - Filling up the DagBag from /opt/airflow/dags/prod/airbyte_to_dbt_prod.py
[2026-08-26T11:10:33.503+0000] {processor.py:925} INFO - DAG(s) 'airbyte_to_dbt_pipeline_prod' retrieved from /opt/airflow/dags/prod/airbyte_to_dbt_prod.py
[2026-08-26T11:10:33.601+0000] {logging_mixin.py:190} INFO - [2026-08-26T11:10:33.600+0000] {dag.py:3239} INFO - Sync 1 DAGs
[2026-08-26T11:10:33.649+0000] {logging_mixin.py:190} INFO - [2026-08-26T11:10:33.649+0000] {dag.py:4180} INFO - Setting next_dagrun for airbyte_to_dbt_pipeline_prod to 2026-08-26 10:00:00+00:00, run_after=2026-08-26 11:00:00+00:00
[2026-08-26T11:10:33.672+0000] {processor.py:208} INFO - Processing /opt/airflow/dags/prod/airbyte_to_dbt_prod.py took 0.256 seconds
[2026-08-26T11:11:03.873+0000] {processor.py:186} INFO - Started process (PID=3046) to work on /opt/airflow/dags/prod/airbyte_to_dbt_prod.py
[2026-08-26T11:11:03.874+0000] {processor.py:914} INFO - Processing file /opt/airflow/dags/prod/airbyte_to_dbt_prod.py for tasks to queue
[2026-08-26T11:11:03.879+0000] {logging_mixin.py:190} INFO - [2026-08-26T11:11:03.878+0000] {dagbag.py:588} INFO - Filling up the DagBag from /opt/airflow/dags/prod/airbyte_to_dbt_prod.py
[2026-08-26T11:11:03.956+0000] {processor.py:925} INFO - DAG(s) 'airbyte_to_dbt_pipeline_prod' retrieved from /opt/airflow/dags/prod/airbyte_to_dbt_prod.py
[2026-08-26T11:11:04.119+0000] {logging_mixin.py:190} INFO - [2026-08-26T11:11:04.119+0000] {dag.py:3239} INFO - Sync 1 DAGs
[2026-08-26T11:11:04.264+0000] {logging_mixin.py:190} INFO - [2026-08-26T11:11:04.264+0000] {dag.py:4180} INFO - Setting next_dagrun for airbyte_to_dbt_pipeline_prod to 2026-08-26 10:00:00+00:00, run_after=2026-08-26 11:00:00+00:00
[2026-08-26T11:11:04.312+0000] {processor.py:208} INFO - Processing /opt/airflow/dags/prod/airbyte_to_dbt_prod.py took 0.449 seconds
[2026-08-26T11:11:34.496+0000] {processor.py:186} INFO - Started process (PID=3056) to work on /opt/airflow/dags/prod/airbyte_to_dbt_prod.py
[2026-08-26T11:11:34.497+0000] {processor.py:914} INFO - Processing file /opt/airflow/dags/prod/airbyte_to_dbt_prod.py for tasks to queue
[2026-08-26T11:11:34.500+0000] {logging_mixin.py:190} INFO - [2026-08-26T11:11:34.500+0000] {dagbag.py:588} INFO - Filling up the DagBag from /opt/airflow/dags/prod/airbyte_to_dbt_prod.py
[2026-08-26T11:11:34.528+0000] {processor.py:925} INFO - DAG(s) 'airbyte_to_dbt_pipeline_prod' retrieved from /opt/airflow/dags/prod/airbyte_to_dbt_prod.py
[2026-08-26T11:11:34.569+0000] {logging_mixin.py:190} INFO - [2026-08-26T11:11:34.569+0000] {dag.py:3239} INFO - Sync 1 DAGs
[2026-08-26T11:11:34.604+0000] {logging_mixin.py:190} INFO - [2026-08-26T11:11:34.603+0000] {dag.py:4180} INFO - Setting next_dagrun for airbyte_to_dbt_pipeline_prod to 2026-08-26 10:00:00+00:00, run_after=2026-08-26 11:00:00+00:00
[2026-08-26T11:11:34.637+0000] {processor.py:208} INFO - Processing /opt/airflow/dags/prod/airbyte_to_dbt_prod.py took 0.150 seconds
[2026-08-26T11:12:04.815+0000] {processor.py:186} INFO - Started process (PID=3066) to work on /opt/airflow/dags/prod/airbyte_to_dbt_prod.py
[2026-08-26T11:12:04.816+0000] {processor.py:914} INFO - Processing file /opt/airflow/dags/prod/airbyte_to_dbt_prod.py for tasks to queue
[2026-08-26T11:12:04.819+0000] {logging_mixin.py:190} INFO - [2026-08-26T11:12:04.819+0000] {dagbag.py:588} INFO - Filling up the DagBag from /opt/airflow/dags/prod/airbyte_to_dbt_prod.py
[2026-08-26T11:12:04.843+0000] {processor.py:925} INFO - DAG(s) 'airbyte_to_dbt_pipeline_prod' retrieved from /opt/airflow/dags/prod/airbyte_to_dbt_prod.py
[2026-08-26T11:12:04.892+0000] {logging_mixin.py:190} INFO - [2026-08-26T11:12:04.891+0000] {dag.py:3239} INFO - Sync 1 DAGs
[2026-08-26T11:12:04.945+0000] {logging_mixin.py:190} INFO - [2026-08-26T11:12:04.944+0000] {dag.py:4180} INFO - Setting next_dagrun for airbyte_to_dbt_pipeline_prod to 2026-08-26 10:00:00+00:00, run_after=2026-08-26 11:00:00+00:00
[2026-08-26T11:12:04.980+0000] {processor.py:208} INFO - Processing /opt/airflow/dags/prod/airbyte_to_dbt_prod.py took 0.173 seconds
[2026-08-26T11:12:35.159+0000] {processor.py:186} INFO - Started process (PID=3076) to work on /opt/airflow/dags/prod/airbyte_to_dbt_prod.py
[2026-08-26T11:12:35.160+0000] {processor.py:914} INFO - Processing file /opt/airflow/dags/prod/airbyte_to_dbt_prod.py for tasks to queue
[2026-08-26T11:12:35.163+0000] {logging_mixin.py:190} INFO - [2026-08-26T11:12:35.163+0000] {dagbag.py:588} INFO - Filling up the DagBag from /opt/airflow/dags/prod/airbyte_to_dbt_prod.py
[2026-08-26T11:12:35.185+0000] {processor.py:925} INFO - DAG(s) 'airbyte_to_dbt_pipeline_prod' retrieved from /opt/airflow/dags/prod/airbyte_to_dbt_prod.py
[2026-08-26T11:12:35.228+0000] {logging_mixin.py:190} INFO - [2026-08-26T11:12:35.228+0000] {dag.py:3239} INFO - Sync 1 DAGs
[2026-08-26T11:12:35.262+0000] {logging_mixin.py:190} INFO - [2026-08-26T11:12:35.261+0000] {dag.py:4180} INFO - Setting next_dagrun for airbyte_to_dbt_pipeline_prod to 2026-08-26 10:00:00+00:00, run_after=2026-08-26 11:00:00+00:00
[2026-08-26T11:12:35.289+0000] {processor.py:208} INFO - Processing /opt/airflow/dags/prod/airbyte_to_dbt_prod.py took 0.138 seconds
[2026-08-26T11:13:05.511+0000] {processor.py:186} INFO - Started process (PID=3086) to work on /opt/airflow/dags/prod/airbyte_to_dbt_prod.py
[2026-08-26T11:13:05.514+0000] {processor.py:914} INFO - Processing file /opt/airflow/dags/prod/airbyte_to_dbt_prod.py for tasks to queue
[2026-08-26T11:13:05.531+0000] {logging_mixin.py:190} INFO - [2026-08-26T11:13:05.530+0000] {dagbag.py:588} INFO - Filling up the DagBag from /opt/airflow/dags/prod/airbyte_to_dbt_prod.py
[2026-08-26T11:13:05.598+0000] {processor.py:925} INFO - DAG(s) 'airbyte_to_dbt_pipeline_prod' retrieved from /opt/airflow/dags/prod/airbyte_to_dbt_prod.py
[2026-08-26T11:13:05.887+0000] {logging_mixin.py:190} INFO - [2026-08-26T11:13:05.885+0000] {dag.py:3239} INFO - Sync 1 DAGs
[2026-08-26T11:13:06.199+0000] {logging_mixin.py:190} INFO - [2026-08-26T11:13:06.199+0000] {dag.py:4180} INFO - Setting next_dagrun for airbyte_to_dbt_pipeline_prod to 2026-08-26 10:00:00+00:00, run_after=2026-08-26 11:00:00+00:00
[2026-08-26T11:13:06.235+0000] {processor.py:208} INFO - Processing /opt/airflow/dags/prod/airbyte_to_dbt_prod.py took 0.750 seconds
[2026-08-26T11:13:36.439+0000] {processor.py:186} INFO - Started process (PID=3096) to work on /opt/airflow/dags/prod/airbyte_to_dbt_prod.py
[2026-08-26T11:13:36.442+0000] {processor.py:914} INFO - Processing file /opt/airflow/dags/prod/airbyte_to_dbt_prod.py for tasks to queue
[2026-08-26T11:13:36.457+0000] {logging_mixin.py:190} INFO - [2026-08-26T11:13:36.451+0000] {dagbag.py:588} INFO - Filling up the DagBag from /opt/airflow/dags/prod/airbyte_to_dbt_prod.py
[2026-08-26T11:13:36.484+0000] {processor.py:925} INFO - DAG(s) 'airbyte_to_dbt_pipeline_prod' retrieved from /opt/airflow/dags/prod/airbyte_to_dbt_prod.py
[2026-08-26T11:13:36.545+0000] {logging_mixin.py:190} INFO - [2026-08-26T11:13:36.545+0000] {dag.py:3239} INFO - Sync 1 DAGs
[2026-08-26T11:13:36.583+0000] {logging_mixin.py:190} INFO - [2026-08-26T11:13:36.583+0000] {dag.py:4180} INFO - Setting next_dagrun for airbyte_to_dbt_pipeline_prod to 2026-08-26 10:00:00+00:00, run_after=2026-08-26 11:00:00+00:00
[2026-08-26T11:13:36.609+0000] {processor.py:208} INFO - Processing /opt/airflow/dags/prod/airbyte_to_dbt_prod.py took 0.190 seconds
[2026-08-26T11:14:06.781+0000] {processor.py:186} INFO - Started process (PID=3106) to work on /opt/airflow/dags/prod/airbyte_to_dbt_prod.py
[2026-08-26T11:14:06.784+0000] {processor.py:914} INFO - Processing file /opt/airflow/dags/prod/airbyte_to_dbt_prod.py for tasks to queue
[2026-08-26T11:14:06.789+0000] {logging_mixin.py:190} INFO - [2026-08-26T11:14:06.788+0000] {dagbag.py:588} INFO - Filling up the DagBag from /opt/airflow/dags/prod/airbyte_to_dbt_prod.py
[2026-08-26T11:14:06.823+0000] {processor.py:925} INFO - DAG(s) 'airbyte_to_dbt_pipeline_prod' retrieved from /opt/airflow/dags/prod/airbyte_to_dbt_prod.py
[2026-08-26T11:14:06.886+0000] {logging_mixin.py:190} INFO - [2026-08-26T11:14:06.885+0000] {dag.py:3239} INFO - Sync 1 DAGs
[2026-08-26T11:14:06.931+0000] {logging_mixin.py:190} INFO - [2026-08-26T11:14:06.931+0000] {dag.py:4180} INFO - Setting next_dagrun for airbyte_to_dbt_pipeline_prod to 2026-08-26 10:00:00+00:00, run_after=2026-08-26 11:00:00+00:00
[2026-08-26T11:14:06.964+0000] {processor.py:208} INFO - Processing /opt/airflow/dags/prod/airbyte_to_dbt_prod.py took 0.199 seconds
[2026-08-26T11:14:37.143+0000] {processor.py:186} INFO - Started process (PID=3116) to work on /opt/airflow/dags/prod/airbyte_to_dbt_prod.py
[2026-08-26T11:14:37.145+0000] {processor.py:914} INFO - Processing file /opt/airflow/dags/prod/airbyte_to_dbt_prod.py for tasks to queue
[2026-08-26T11:14:37.149+0000] {logging_mixin.py:190} INFO - [2026-08-26T11:14:37.148+0000] {dagbag.py:588} INFO - Filling up the DagBag from /opt/airflow/dags/prod/airbyte_to_dbt_prod.py
[2026-08-26T11:14:37.181+0000] {processor.py:925} INFO - DAG(s) 'airbyte_to_dbt_pipeline_prod' retrieved from /opt/airflow/dags/prod/airbyte_to_dbt_prod.py
[2026-08-26T11:14:37.223+0000] {logging_mixin.py:190} INFO - [2026-08-26T11:14:37.223+0000] {dag.py:3239} INFO - Sync 1 DAGs
[2026-08-26T11:14:37.269+0000] {logging_mixin.py:190} INFO - [2026-08-26T11:14:37.268+0000] {dag.py:4180} INFO - Setting next_dagrun for airbyte_to_dbt_pipeline_prod to 2026-08-26 10:00:00+00:00, run_after=2026-08-26 11:00:00+00:00
[2026-08-26T11:14:37.296+0000] {processor.py:208} INFO - Processing /opt/airflow/dags/prod/airbyte_to_dbt_prod.py took 0.162 seconds
[2026-08-26T11:15:07.489+0000] {processor.py:186} INFO - Started process (PID=3126) to work on /opt/airflow/dags/prod/airbyte_to_dbt_prod.py
[2026-08-26T11:15:07.491+0000] {processor.py:914} INFO - Processing file /opt/airflow/dags/prod/airbyte_to_dbt_prod.py for tasks to queue
[2026-08-26T11:15:07.494+0000] {logging_mixin.py:190} INFO - [2026-08-26T11:15:07.493+0000] {dagbag.py:588} INFO - Filling up the DagBag from /opt/airflow/dags/prod/airbyte_to_dbt_prod.py
[2026-08-26T11:15:07.523+0000] {processor.py:925} INFO - DAG(s) 'airbyte_to_dbt_pipeline_prod' retrieved from /opt/airflow/dags/prod/airbyte_to_dbt_prod.py
[2026-08-26T11:15:07.583+0000] {logging_mixin.py:190} INFO - [2026-08-26T11:15:07.583+0000] {dag.py:3239} INFO - Sync 1 DAGs
[2026-08-26T11:15:07.624+0000] {logging_mixin.py:190} INFO - [2026-08-26T11:15:07.623+0000] {dag.py:4180} INFO - Setting next_dagrun for airbyte_to_dbt_pipeline_prod to 2026-08-26 10:00:00+00:00, run_after=2026-08-26 11:00:00+00:00
[2026-08-26T11:15:07.653+0000] {processor.py:208} INFO - Processing /opt/airflow/dags/prod/airbyte_to_dbt_prod.py took 0.174 seconds
[2026-08-26T11:15:37.822+0000] {processor.py:186} INFO - Started process (PID=3136) to work on /opt/airflow/dags/prod/airbyte_to_dbt_prod.py
[2026-08-26T11:15:37.823+0000] {processor.py:914} INFO - Processing file /opt/airflow/dags/prod/airbyte_to_dbt_prod.py for tasks to queue
[2026-08-26T11:15:37.841+0000] {logging_mixin.py:190} INFO - [2026-08-26T11:15:37.840+0000] {dagbag.py:588} INFO - Filling up the DagBag from /opt/airflow/dags/prod/airbyte_to_dbt_prod.py
[2026-08-26T11:15:37.960+0000] {processor.py:925} INFO - DAG(s) 'airbyte_to_dbt_pipeline_prod' retrieved from /opt/airflow/dags/prod/airbyte_to_dbt_prod.py
[2026-08-26T11:15:38.031+0000] {logging_mixin.py:190} INFO - [2026-08-26T11:15:38.031+0000] {dag.py:3239} INFO - Sync 1 DAGs
[2026-08-26T11:15:38.079+0000] {logging_mixin.py:190} INFO - [2026-08-26T11:15:38.078+0000] {dag.py:4180} INFO - Setting next_dagrun for airbyte_to_dbt_pipeline_prod to 2026-08-26 10:00:00+00:00, run_after=2026-08-26 11:00:00+00:00
[2026-08-26T11:15:38.103+0000] {processor.py:208} INFO - Processing /opt/airflow/dags/prod/airbyte_to_dbt_prod.py took 0.306 seconds
[2026-08-26T11:16:08.284+0000] {processor.py:186} INFO - Started process (PID=3146) to work on /opt/airflow/dags/prod/airbyte_to_dbt_prod.py
[2026-08-26T11:16:08.286+0000] {processor.py:914} INFO - Processing file /opt/airflow/dags/prod/airbyte_to_dbt_prod.py for tasks to queue
[2026-08-26T11:16:08.289+0000] {logging_mixin.py:190} INFO - [2026-08-26T11:16:08.289+0000] {dagbag.py:588} INFO - Filling up the DagBag from /opt/airflow/dags/prod/airbyte_to_dbt_prod.py
[2026-08-26T11:16:08.315+0000] {processor.py:925} INFO - DAG(s) 'airbyte_to_dbt_pipeline_prod' retrieved from /opt/airflow/dags/prod/airbyte_to_dbt_prod.py
[2026-08-26T11:16:08.365+0000] {logging_mixin.py:190} INFO - [2026-08-26T11:16:08.365+0000] {dag.py:3239} INFO - Sync 1 DAGs
[2026-08-26T11:16:08.403+0000] {logging_mixin.py:190} INFO - [2026-08-26T11:16:08.403+0000] {dag.py:4180} INFO - Setting next_dagrun for airbyte_to_dbt_pipeline_prod to 2026-08-26 10:00:00+00:00, run_after=2026-08-26 11:00:00+00:00
[2026-08-26T11:16:08.428+0000] {processor.py:208} INFO - Processing /opt/airflow/dags/prod/airbyte_to_dbt_prod.py took 0.154 seconds
[2026-08-26T11:16:38.590+0000] {processor.py:186} INFO - Started process (PID=3156) to work on /opt/airflow/dags/prod/airbyte_to_dbt_prod.py
[2026-08-26T11:16:38.591+0000] {processor.py:914} INFO - Processing file /opt/airflow/dags/prod/airbyte_to_dbt_prod.py for tasks to queue
[2026-08-26T11:16:38.594+0000] {logging_mixin.py:190} INFO - [2026-08-26T11:16:38.594+0000] {dagbag.py:588} INFO - Filling up the DagBag from /opt/airflow/dags/prod/airbyte_to_dbt_prod.py
[2026-08-26T11:16:38.615+0000] {processor.py:925} INFO - DAG(s) 'airbyte_to_dbt_pipeline_prod' retrieved from /opt/airflow/dags/prod/airbyte_to_dbt_prod.py
[2026-08-26T11:16:38.671+0000] {logging_mixin.py:190} INFO - [2026-08-26T11:16:38.671+0000] {dag.py:3239} INFO - Sync 1 DAGs
[2026-08-26T11:16:38.707+0000] {logging_mixin.py:190} INFO - [2026-08-26T11:16:38.707+0000] {dag.py:4180} INFO - Setting next_dagrun for airbyte_to_dbt_pipeline_prod to 2026-08-26 10:00:00+00:00, run_after=2026-08-26 11:00:00+00:00
[2026-08-26T11:16:38.732+0000] {processor.py:208} INFO - Processing /opt/airflow/dags/prod/airbyte_to_dbt_prod.py took 0.151 seconds
[2026-08-26T11:17:08.902+0000] {processor.py:186} INFO - Started process (PID=3166) to work on /opt/airflow/dags/prod/airbyte_to_dbt_prod.py
[2026-08-26T11:17:08.904+0000] {processor.py:914} INFO - Processing file /opt/airflow/dags/prod/airbyte_to_dbt_prod.py for tasks to queue
[2026-08-26T11:17:08.907+0000] {logging_mixin.py:190} INFO - [2026-08-26T11:17:08.907+0000] {dagbag.py:588} INFO - Filling up the DagBag from /opt/airflow/dags/prod/airbyte_to_dbt_prod.py
[2026-08-26T11:17:08.928+0000] {processor.py:925} INFO - DAG(s) 'airbyte_to_dbt_pipeline_prod' retrieved from /opt/airflow/dags/prod/airbyte_to_dbt_prod.py
[2026-08-26T11:17:08.970+0000] {logging_mixin.py:190} INFO - [2026-08-26T11:17:08.969+0000] {dag.py:3239} INFO - Sync 1 DAGs
[2026-08-26T11:17:09.001+0000] {logging_mixin.py:190} INFO - [2026-08-26T11:17:09.001+0000] {dag.py:4180} INFO - Setting next_dagrun for airbyte_to_dbt_pipeline_prod to 2026-08-26 10:00:00+00:00, run_after=2026-08-26 11:00:00+00:00
[2026-08-26T11:17:09.023+0000] {processor.py:208} INFO - Processing /opt/airflow/dags/prod/airbyte_to_dbt_prod.py took 0.130 seconds
[2026-08-26T11:17:39.193+0000] {processor.py:186} INFO - Started process (PID=3176) to work on /opt/airflow/dags/prod/airbyte_to_dbt_prod.py
[2026-08-26T11:17:39.194+0000] {processor.py:914} INFO - Processing file /opt/airflow/dags/prod/airbyte_to_dbt_prod.py for tasks to queue
[2026-08-26T11:17:39.197+0000] {logging_mixin.py:190} INFO - [2026-08-26T11:17:39.196+0000] {dagbag.py:588} INFO - Filling up the DagBag from /opt/airflow/dags/prod/airbyte_to_dbt_prod.py
[2026-08-26T11:17:39.221+0000] {processor.py:925} INFO - DAG(s) 'airbyte_to_dbt_pipeline_prod' retrieved from /opt/airflow/dags/prod/airbyte_to_dbt_prod.py
[2026-08-26T11:17:39.259+0000] {logging_mixin.py:190} INFO - [2026-08-26T11:17:39.258+0000] {dag.py:3239} INFO - Sync 1 DAGs
[2026-08-26T11:17:39.286+0000] {logging_mixin.py:190} INFO - [2026-08-26T11:17:39.286+0000] {dag.py:4180} INFO - Setting next_dagrun for airbyte_to_dbt_pipeline_prod to 2026-08-26 10:00:00+00:00, run_after=2026-08-26 11:00:00+00:00
[2026-08-26T11:17:39.311+0000] {processor.py:208} INFO - Processing /opt/airflow/dags/prod/airbyte_to_dbt_prod.py took 0.126 seconds
[2026-08-26T11:18:09.490+0000] {processor.py:186} INFO - Started process (PID=3186) to work on /opt/airflow/dags/prod/airbyte_to_dbt_prod.py
[2026-08-26T11:18:09.494+0000] {processor.py:914} INFO - Processing file /opt/airflow/dags/prod/airbyte_to_dbt_prod.py for tasks to queue
[2026-08-26T11:18:09.497+0000] {logging_mixin.py:190} INFO - [2026-08-26T11:18:09.496+0000] {dagbag.py:588} INFO - Filling up the DagBag from /opt/airflow/dags/prod/airbyte_to_dbt_prod.py
[2026-08-26T11:18:09.519+0000] {processor.py:925} INFO - DAG(s) 'airbyte_to_dbt_pipeline_prod' retrieved from /opt/airflow/dags/prod/airbyte_to_dbt_prod.py
[2026-08-26T11:18:09.563+0000] {logging_mixin.py:190} INFO - [2026-08-26T11:18:09.562+0000] {dag.py:3239} INFO - Sync 1 DAGs
[2026-08-26T11:18:09.594+0000] {logging_mixin.py:190} INFO - [2026-08-26T11:18:09.594+0000] {dag.py:4180} INFO - Setting next_dagrun for airbyte_to_dbt_pipeline_prod to 2026-08-26 10:00:00+00:00, run_after=2026-08-26 11:00:00+00:00
[2026-08-26T11:18:09.624+0000] {processor.py:208} INFO - Processing /opt/airflow/dags/prod/airbyte_to_dbt_prod.py took 0.142 seconds
[2026-08-26T11:18:39.808+0000] {processor.py:186} INFO - Started process (PID=3196) to work on /opt/airflow/dags/prod/airbyte_to_dbt_prod.py
[2026-08-26T11:18:39.809+0000] {processor.py:914} INFO - Processing file /opt/airflow/dags/prod/airbyte_to_dbt_prod.py for tasks to queue
[2026-08-26T11:18:39.812+0000] {logging_mixin.py:190} INFO - [2026-08-26T11:18:39.812+0000] {dagbag.py:588} INFO - Filling up the DagBag from /opt/airflow/dags/prod/airbyte_to_dbt_prod.py
[2026-08-26T11:18:39.834+0000] {processor.py:925} INFO - DAG(s) 'airbyte_to_dbt_pipeline_prod' retrieved from /opt/airflow/dags/prod/airbyte_to_dbt_prod.py
[2026-08-26T11:18:39.878+0000] {logging_mixin.py:190} INFO - [2026-08-26T11:18:39.878+0000] {dag.py:3239} INFO - Sync 1 DAGs
[2026-08-26T11:18:39.910+0000] {logging_mixin.py:190} INFO - [2026-08-26T11:18:39.910+0000] {dag.py:4180} INFO - Setting next_dagrun for airbyte_to_dbt_pipeline_prod to 2026-08-26 10:00:00+00:00, run_after=2026-08-26 11:00:00+00:00
[2026-08-26T11:18:39.934+0000] {processor.py:208} INFO - Processing /opt/airflow/dags/prod/airbyte_to_dbt_prod.py took 0.135 seconds
[2026-08-26T11:19:10.092+0000] {processor.py:186} INFO - Started process (PID=3206) to work on /opt/airflow/dags/prod/airbyte_to_dbt_prod.py
[2026-08-26T11:19:10.093+0000] {processor.py:914} INFO - Processing file /opt/airflow/dags/prod/airbyte_to_dbt_prod.py for tasks to queue
[2026-08-26T11:19:10.097+0000] {logging_mixin.py:190} INFO - [2026-08-26T11:19:10.096+0000] {dagbag.py:588} INFO - Filling up the DagBag from /opt/airflow/dags/prod/airbyte_to_dbt_prod.py
[2026-08-26T11:19:10.121+0000] {processor.py:925} INFO - DAG(s) 'airbyte_to_dbt_pipeline_prod' retrieved from /opt/airflow/dags/prod/airbyte_to_dbt_prod.py
[2026-08-26T11:19:10.173+0000] {logging_mixin.py:190} INFO - [2026-08-26T11:19:10.172+0000] {dag.py:3239} INFO - Sync 1 DAGs
[2026-08-26T11:19:10.209+0000] {logging_mixin.py:190} INFO - [2026-08-26T11:19:10.209+0000] {dag.py:4180} INFO - Setting next_dagrun for airbyte_to_dbt_pipeline_prod to 2026-08-26 10:00:00+00:00, run_after=2026-08-26 11:00:00+00:00
[2026-08-26T11:19:10.233+0000] {processor.py:208} INFO - Processing /opt/airflow/dags/prod/airbyte_to_dbt_prod.py took 0.150 seconds
[2026-08-26T11:19:40.429+0000] {processor.py:186} INFO - Started process (PID=3216) to work on /opt/airflow/dags/prod/airbyte_to_dbt_prod.py
[2026-08-26T11:19:40.430+0000] {processor.py:914} INFO - Processing file /opt/airflow/dags/prod/airbyte_to_dbt_prod.py for tasks to queue
[2026-08-26T11:19:40.433+0000] {logging_mixin.py:190} INFO - [2026-08-26T11:19:40.433+0000] {dagbag.py:588} INFO - Filling up the DagBag from /opt/airflow/dags/prod/airbyte_to_dbt_prod.py
[2026-08-26T11:19:40.456+0000] {processor.py:925} INFO - DAG(s) 'airbyte_to_dbt_pipeline_prod' retrieved from /opt/airflow/dags/prod/airbyte_to_dbt_prod.py
[2026-08-26T11:19:40.498+0000] {logging_mixin.py:190} INFO - [2026-08-26T11:19:40.498+0000] {dag.py:3239} INFO - Sync 1 DAGs
[2026-08-26T11:19:40.532+0000] {logging_mixin.py:190} INFO - [2026-08-26T11:19:40.532+0000] {dag.py:4180} INFO - Setting next_dagrun for airbyte_to_dbt_pipeline_prod to 2026-08-26 10:00:00+00:00, run_after=2026-08-26 11:00:00+00:00
[2026-08-26T11:19:40.566+0000] {processor.py:208} INFO - Processing /opt/airflow/dags/prod/airbyte_to_dbt_prod.py took 0.146 seconds
[2026-08-26T11:20:10.754+0000] {processor.py:186} INFO - Started process (PID=3226) to work on /opt/airflow/dags/prod/airbyte_to_dbt_prod.py
[2026-08-26T11:20:10.756+0000] {processor.py:914} INFO - Processing file /opt/airflow/dags/prod/airbyte_to_dbt_prod.py for tasks to queue
[2026-08-26T11:20:10.761+0000] {logging_mixin.py:190} INFO - [2026-08-26T11:20:10.760+0000] {dagbag.py:588} INFO - Filling up the DagBag from /opt/airflow/dags/prod/airbyte_to_dbt_prod.py
[2026-08-26T11:20:10.792+0000] {processor.py:925} INFO - DAG(s) 'airbyte_to_dbt_pipeline_prod' retrieved from /opt/airflow/dags/prod/airbyte_to_dbt_prod.py
[2026-08-26T11:20:10.837+0000] {logging_mixin.py:190} INFO - [2026-08-26T11:20:10.837+0000] {dag.py:3239} INFO - Sync 1 DAGs
[2026-08-26T11:20:10.890+0000] {logging_mixin.py:190} INFO - [2026-08-26T11:20:10.890+0000] {dag.py:4180} INFO - Setting next_dagrun for airbyte_to_dbt_pipeline_prod to 2026-08-26 10:00:00+00:00, run_after=2026-08-26 11:00:00+00:00
[2026-08-26T11:20:10.923+0000] {processor.py:208} INFO - Processing /opt/airflow/dags/prod/airbyte_to_dbt_prod.py took 0.181 seconds
[2026-08-26T11:20:41.098+0000] {processor.py:186} INFO - Started process (PID=3236) to work on /opt/airflow/dags/prod/airbyte_to_dbt_prod.py
[2026-08-26T11:20:41.099+0000] {processor.py:914} INFO - Processing file /opt/airflow/dags/prod/airbyte_to_dbt_prod.py for tasks to queue
[2026-08-26T11:20:41.104+0000] {logging_mixin.py:190} INFO - [2026-08-26T11:20:41.103+0000] {dagbag.py:588} INFO - Filling up the DagBag from /opt/airflow/dags/prod/airbyte_to_dbt_prod.py
[2026-08-26T11:20:41.151+0000] {processor.py:925} INFO - DAG(s) 'airbyte_to_dbt_pipeline_prod' retrieved from /opt/airflow/dags/prod/airbyte_to_dbt_prod.py
[2026-08-26T11:20:41.217+0000] {logging_mixin.py:190} INFO - [2026-08-26T11:20:41.217+0000] {dag.py:3239} INFO - Sync 1 DAGs
[2026-08-26T11:20:41.253+0000] {logging_mixin.py:190} INFO - [2026-08-26T11:20:41.253+0000] {dag.py:4180} INFO - Setting next_dagrun for airbyte_to_dbt_pipeline_prod to 2026-08-26 10:00:00+00:00, run_after=2026-08-26 11:00:00+00:00
[2026-08-26T11:20:41.277+0000] {processor.py:208} INFO - Processing /opt/airflow/dags/prod/airbyte_to_dbt_prod.py took 0.194 seconds
[2026-08-26T11:21:11.432+0000] {processor.py:186} INFO - Started process (PID=3246) to work on /opt/airflow/dags/prod/airbyte_to_dbt_prod.py
[2026-08-26T11:21:11.434+0000] {processor.py:914} INFO - Processing file /opt/airflow/dags/prod/airbyte_to_dbt_prod.py for tasks to queue
[2026-08-26T11:21:11.437+0000] {logging_mixin.py:190} INFO - [2026-08-26T11:21:11.437+0000] {dagbag.py:588} INFO - Filling up the DagBag from /opt/airflow/dags/prod/airbyte_to_dbt_prod.py
[2026-08-26T11:21:11.461+0000] {processor.py:925} INFO - DAG(s) 'airbyte_to_dbt_pipeline_prod' retrieved from /opt/airflow/dags/prod/airbyte_to_dbt_prod.py
[2026-08-26T11:21:11.515+0000] {logging_mixin.py:190} INFO - [2026-08-26T11:21:11.514+0000] {dag.py:3239} INFO - Sync 1 DAGs
[2026-08-26T11:21:11.551+0000] {logging_mixin.py:190} INFO - [2026-08-26T11:21:11.551+0000] {dag.py:4180} INFO - Setting next_dagrun for airbyte_to_dbt_pipeline_prod to 2026-08-26 10:00:00+00:00, run_after=2026-08-26 11:00:00+00:00
[2026-08-26T11:21:11.575+0000] {processor.py:208} INFO - Processing /opt/airflow/dags/prod/airbyte_to_dbt_prod.py took 0.153 seconds
[2026-08-26T11:21:41.754+0000] {processor.py:186} INFO - Started process (PID=3256) to work on /opt/airflow/dags/prod/airbyte_to_dbt_prod.py
[2026-08-26T11:21:41.755+0000] {processor.py:914} INFO - Processing file /opt/airflow/dags/prod/airbyte_to_dbt_prod.py for tasks to queue
[2026-08-26T11:21:41.759+0000] {logging_mixin.py:190} INFO - [2026-08-26T11:21:41.759+0000] {dagbag.py:588} INFO - Filling up the DagBag from /opt/airflow/dags/prod/airbyte_to_dbt_prod.py
[2026-08-26T11:21:41.788+0000] {processor.py:925} INFO - DAG(s) 'airbyte_to_dbt_pipeline_prod' retrieved from /opt/airflow/dags/prod/airbyte_to_dbt_prod.py
[2026-08-26T11:21:41.833+0000] {logging_mixin.py:190} INFO - [2026-08-26T11:21:41.833+0000] {dag.py:3239} INFO - Sync 1 DAGs
[2026-08-26T11:21:41.869+0000] {logging_mixin.py:190} INFO - [2026-08-26T11:21:41.869+0000] {dag.py:4180} INFO - Setting next_dagrun for airbyte_to_dbt_pipeline_prod to 2026-08-26 10:00:00+00:00, run_after=2026-08-26 11:00:00+00:00
[2026-08-26T11:21:41.900+0000] {processor.py:208} INFO - Processing /opt/airflow/dags/prod/airbyte_to_dbt_prod.py took 0.157 seconds
[2026-08-26T11:22:12.086+0000] {processor.py:186} INFO - Started process (PID=3266) to work on /opt/airflow/dags/prod/airbyte_to_dbt_prod.py
[2026-08-26T11:22:12.087+0000] {processor.py:914} INFO - Processing file /opt/airflow/dags/prod/airbyte_to_dbt_prod.py for tasks to queue
[2026-08-26T11:22:12.091+0000] {logging_mixin.py:190} INFO - [2026-08-26T11:22:12.090+0000] {dagbag.py:588} INFO - Filling up the DagBag from /opt/airflow/dags/prod/airbyte_to_dbt_prod.py
[2026-08-26T11:22:12.118+0000] {processor.py:925} INFO - DAG(s) 'airbyte_to_dbt_pipeline_prod' retrieved from /opt/airflow/dags/prod/airbyte_to_dbt_prod.py
[2026-08-26T11:22:12.170+0000] {logging_mixin.py:190} INFO - [2026-08-26T11:22:12.170+0000] {dag.py:3239} INFO - Sync 1 DAGs
[2026-08-26T11:22:12.204+0000] {logging_mixin.py:190} INFO - [2026-08-26T11:22:12.204+0000] {dag.py:4180} INFO - Setting next_dagrun for airbyte_to_dbt_pipeline_prod to 2026-08-26 10:00:00+00:00, run_after=2026-08-26 11:00:00+00:00
[2026-08-26T11:22:12.228+0000] {processor.py:208} INFO - Processing /opt/airflow/dags/prod/airbyte_to_dbt_prod.py took 0.153 seconds
[2026-08-26T11:22:42.381+0000] {processor.py:186} INFO - Started process (PID=3276) to work on /opt/airflow/dags/prod/airbyte_to_dbt_prod.py
[2026-08-26T11:22:42.382+0000] {processor.py:914} INFO - Processing file /opt/airflow/dags/prod/airbyte_to_dbt_prod.py for tasks to queue
[2026-08-26T11:22:42.385+0000] {logging_mixin.py:190} INFO - [2026-08-26T11:22:42.385+0000] {dagbag.py:588} INFO - Filling up the DagBag from /opt/airflow/dags/prod/airbyte_to_dbt_prod.py
[2026-08-26T11:22:42.409+0000] {processor.py:925} INFO - DAG(s) 'airbyte_to_dbt_pipeline_prod' retrieved from /opt/airflow/dags/prod/airbyte_to_dbt_prod.py
[2026-08-26T11:22:42.455+0000] {logging_mixin.py:190} INFO - [2026-08-26T11:22:42.454+0000] {dag.py:3239} INFO - Sync 1 DAGs
[2026-08-26T11:22:42.497+0000] {logging_mixin.py:190} INFO - [2026-08-26T11:22:42.496+0000] {dag.py:4180} INFO - Setting next_dagrun for airbyte_to_dbt_pipeline_prod to 2026-08-26 10:00:00+00:00, run_after=2026-08-26 11:00:00+00:00
[2026-08-26T11:22:42.531+0000] {processor.py:208} INFO - Processing /opt/airflow/dags/prod/airbyte_to_dbt_prod.py took 0.158 seconds
[2026-08-26T11:23:12.739+0000] {processor.py:186} INFO - Started process (PID=3286) to work on /opt/airflow/dags/prod/airbyte_to_dbt_prod.py
[2026-08-26T11:23:12.741+0000] {processor.py:914} INFO - Processing file /opt/airflow/dags/prod/airbyte_to_dbt_prod.py for tasks to queue
[2026-08-26T11:23:12.745+0000] {logging_mixin.py:190} INFO - [2026-08-26T11:23:12.744+0000] {dagbag.py:588} INFO - Filling up the DagBag from /opt/airflow/dags/prod/airbyte_to_dbt_prod.py
[2026-08-26T11:23:12.776+0000] {processor.py:925} INFO - DAG(s) 'airbyte_to_dbt_pipeline_prod' retrieved from /opt/airflow/dags/prod/airbyte_to_dbt_prod.py
[2026-08-26T11:23:12.837+0000] {logging_mixin.py:190} INFO - [2026-08-26T11:23:12.837+0000] {dag.py:3239} INFO - Sync 1 DAGs
[2026-08-26T11:23:12.878+0000] {logging_mixin.py:190} INFO - [2026-08-26T11:23:12.877+0000] {dag.py:4180} INFO - Setting next_dagrun for airbyte_to_dbt_pipeline_prod to 2026-08-26 10:00:00+00:00, run_after=2026-08-26 11:00:00+00:00
[2026-08-26T11:23:12.912+0000] {processor.py:208} INFO - Processing /opt/airflow/dags/prod/airbyte_to_dbt_prod.py took 0.182 seconds
[2026-08-26T11:23:43.085+0000] {processor.py:186} INFO - Started process (PID=3296) to work on /opt/airflow/dags/prod/airbyte_to_dbt_prod.py
[2026-08-26T11:23:43.086+0000] {processor.py:914} INFO - Processing file /opt/airflow/dags/prod/airbyte_to_dbt_prod.py for tasks to queue
[2026-08-26T11:23:43.089+0000] {logging_mixin.py:190} INFO - [2026-08-26T11:23:43.089+0000] {dagbag.py:588} INFO - Filling up the DagBag from /opt/airflow/dags/prod/airbyte_to_dbt_prod.py
[2026-08-26T11:23:43.111+0000] {processor.py:925} INFO - DAG(s) 'airbyte_to_dbt_pipeline_prod' retrieved from /opt/airflow/dags/prod/airbyte_to_dbt_prod.py
[2026-08-26T11:23:43.169+0000] {logging_mixin.py:190} INFO - [2026-08-26T11:23:43.169+0000] {dag.py:3239} INFO - Sync 1 DAGs
[2026-08-26T11:23:43.220+0000] {logging_mixin.py:190} INFO - [2026-08-26T11:23:43.220+0000] {dag.py:4180} INFO - Setting next_dagrun for airbyte_to_dbt_pipeline_prod to 2026-08-26 10:00:00+00:00, run_after=2026-08-26 11:00:00+00:00
[2026-08-26T11:23:43.253+0000] {processor.py:208} INFO - Processing /opt/airflow/dags/prod/airbyte_to_dbt_prod.py took 0.177 seconds
[2026-08-26T11:24:13.435+0000] {processor.py:186} INFO - Started process (PID=3306) to work on /opt/airflow/dags/prod/airbyte_to_dbt_prod.py
[2026-08-26T11:24:13.436+0000] {processor.py:914} INFO - Processing file /opt/airflow/dags/prod/airbyte_to_dbt_prod.py for tasks to queue
[2026-08-26T11:24:13.440+0000] {logging_mixin.py:190} INFO - [2026-08-26T11:24:13.439+0000] {dagbag.py:588} INFO - Filling up the DagBag from /opt/airflow/dags/prod/airbyte_to_dbt_prod.py
[2026-08-26T11:24:13.462+0000] {processor.py:925} INFO - DAG(s) 'airbyte_to_dbt_pipeline_prod' retrieved from /opt/airflow/dags/prod/airbyte_to_dbt_prod.py
[2026-08-26T11:24:13.510+0000] {logging_mixin.py:190} INFO - [2026-08-26T11:24:13.509+0000] {dag.py:3239} INFO - Sync 1 DAGs
[2026-08-26T11:24:13.550+0000] {logging_mixin.py:190} INFO - [2026-08-26T11:24:13.549+0000] {dag.py:4180} INFO - Setting next_dagrun for airbyte_to_dbt_pipeline_prod to 2026-08-26 10:00:00+00:00, run_after=2026-08-26 11:00:00+00:00
[2026-08-26T11:24:13.575+0000] {processor.py:208} INFO - Processing /opt/airflow/dags/prod/airbyte_to_dbt_prod.py took 0.150 seconds
[2026-08-26T11:24:43.773+0000] {processor.py:186} INFO - Started process (PID=3316) to work on /opt/airflow/dags/prod/airbyte_to_dbt_prod.py
[2026-08-26T11:24:43.774+0000] {processor.py:914} INFO - Processing file /opt/airflow/dags/prod/airbyte_to_dbt_prod.py for tasks to queue
[2026-08-26T11:24:43.777+0000] {logging_mixin.py:190} INFO - [2026-08-26T11:24:43.776+0000] {dagbag.py:588} INFO - Filling up the DagBag from /opt/airflow/dags/prod/airbyte_to_dbt_prod.py
[2026-08-26T11:24:43.808+0000] {processor.py:925} INFO - DAG(s) 'airbyte_to_dbt_pipeline_prod' retrieved from /opt/airflow/dags/prod/airbyte_to_dbt_prod.py
[2026-08-26T11:24:43.861+0000] {logging_mixin.py:190} INFO - [2026-08-26T11:24:43.861+0000] {dag.py:3239} INFO - Sync 1 DAGs
[2026-08-26T11:24:43.895+0000] {logging_mixin.py:190} INFO - [2026-08-26T11:24:43.895+0000] {dag.py:4180} INFO - Setting next_dagrun for airbyte_to_dbt_pipeline_prod to 2026-08-26 10:00:00+00:00, run_after=2026-08-26 11:00:00+00:00
[2026-08-26T11:24:43.920+0000] {processor.py:208} INFO - Processing /opt/airflow/dags/prod/airbyte_to_dbt_prod.py took 0.161 seconds
[2026-08-26T11:25:14.103+0000] {processor.py:186} INFO - Started process (PID=3326) to work on /opt/airflow/dags/prod/airbyte_to_dbt_prod.py
[2026-08-26T11:25:14.104+0000] {processor.py:914} INFO - Processing file /opt/airflow/dags/prod/airbyte_to_dbt_prod.py for tasks to queue
[2026-08-26T11:25:14.107+0000] {logging_mixin.py:190} INFO - [2026-08-26T11:25:14.107+0000] {dagbag.py:588} INFO - Filling up the DagBag from /opt/airflow/dags/prod/airbyte_to_dbt_prod.py
[2026-08-26T11:25:14.130+0000] {processor.py:925} INFO - DAG(s) 'airbyte_to_dbt_pipeline_prod' retrieved from /opt/airflow/dags/prod/airbyte_to_dbt_prod.py
[2026-08-26T11:25:14.182+0000] {logging_mixin.py:190} INFO - [2026-08-26T11:25:14.181+0000] {dag.py:3239} INFO - Sync 1 DAGs
[2026-08-26T11:25:14.216+0000] {logging_mixin.py:190} INFO - [2026-08-26T11:25:14.216+0000] {dag.py:4180} INFO - Setting next_dagrun for airbyte_to_dbt_pipeline_prod to 2026-08-26 10:00:00+00:00, run_after=2026-08-26 11:00:00+00:00
[2026-08-26T11:25:14.240+0000] {processor.py:208} INFO - Processing /opt/airflow/dags/prod/airbyte_to_dbt_prod.py took 0.145 seconds
[2026-08-26T11:25:44.401+0000] {processor.py:186} INFO - Started process (PID=3336) to work on /opt/airflow/dags/prod/airbyte_to_dbt_prod.py
[2026-08-26T11:25:44.402+0000] {processor.py:914} INFO - Processing file /opt/airflow/dags/prod/airbyte_to_dbt_prod.py for tasks to queue
[2026-08-26T11:25:44.405+0000] {logging_mixin.py:190} INFO - [2026-08-26T11:25:44.405+0000] {dagbag.py:588} INFO - Filling up the DagBag from /opt/airflow/dags/prod/airbyte_to_dbt_prod.py
[2026-08-26T11:25:44.428+0000] {processor.py:925} INFO - DAG(s) 'airbyte_to_dbt_pipeline_prod' retrieved from /opt/airflow/dags/prod/airbyte_to_dbt_prod.py
[2026-08-26T11:25:44.465+0000] {logging_mixin.py:190} INFO - [2026-08-26T11:25:44.465+0000] {dag.py:3239} INFO - Sync 1 DAGs
[2026-08-26T11:25:44.498+0000] {logging_mixin.py:190} INFO - [2026-08-26T11:25:44.497+0000] {dag.py:4180} INFO - Setting next_dagrun for airbyte_to_dbt_pipeline_prod to 2026-08-26 10:00:00+00:00, run_after=2026-08-26 11:00:00+00:00
[2026-08-26T11:25:44.524+0000] {processor.py:208} INFO - Processing /opt/airflow/dags/prod/airbyte_to_dbt_prod.py took 0.132 seconds
[2026-08-26T11:26:14.682+0000] {processor.py:186} INFO - Started process (PID=3346) to work on /opt/airflow/dags/prod/airbyte_to_dbt_prod.py
[2026-08-26T11:26:14.683+0000] {processor.py:914} INFO - Processing file /opt/airflow/dags/prod/airbyte_to_dbt_prod.py for tasks to queue
[2026-08-26T11:26:14.686+0000] {logging_mixin.py:190} INFO - [2026-08-26T11:26:14.686+0000] {dagbag.py:588} INFO - Filling up the DagBag from /opt/airflow/dags/prod/airbyte_to_dbt_prod.py
[2026-08-26T11:26:14.712+0000] {processor.py:925} INFO - DAG(s) 'airbyte_to_dbt_pipeline_prod' retrieved from /opt/airflow/dags/prod/airbyte_to_dbt_prod.py
[2026-08-26T11:26:14.760+0000] {logging_mixin.py:190} INFO - [2026-08-26T11:26:14.760+0000] {dag.py:3239} INFO - Sync 1 DAGs
[2026-08-26T11:26:14.794+0000] {logging_mixin.py:190} INFO - [2026-08-26T11:26:14.793+0000] {dag.py:4180} INFO - Setting next_dagrun for airbyte_to_dbt_pipeline_prod to 2026-08-26 10:00:00+00:00, run_after=2026-08-26 11:00:00+00:00
[2026-08-26T11:26:14.816+0000] {processor.py:208} INFO - Processing /opt/airflow/dags/prod/airbyte_to_dbt_prod.py took 0.143 seconds
[2026-08-26T11:26:44.980+0000] {processor.py:186} INFO - Started process (PID=3356) to work on /opt/airflow/dags/prod/airbyte_to_dbt_prod.py
[2026-08-26T11:26:44.982+0000] {processor.py:914} INFO - Processing file /opt/airflow/dags/prod/airbyte_to_dbt_prod.py for tasks to queue
[2026-08-26T11:26:44.986+0000] {logging_mixin.py:190} INFO - [2026-08-26T11:26:44.985+0000] {dagbag.py:588} INFO - Filling up the DagBag from /opt/airflow/dags/prod/airbyte_to_dbt_prod.py
[2026-08-26T11:26:45.016+0000] {processor.py:925} INFO - DAG(s) 'airbyte_to_dbt_pipeline_prod' retrieved from /opt/airflow/dags/prod/airbyte_to_dbt_prod.py
[2026-08-26T11:26:45.066+0000] {logging_mixin.py:190} INFO - [2026-08-26T11:26:45.065+0000] {dag.py:3239} INFO - Sync 1 DAGs
[2026-08-26T11:26:45.101+0000] {logging_mixin.py:190} INFO - [2026-08-26T11:26:45.101+0000] {dag.py:4180} INFO - Setting next_dagrun for airbyte_to_dbt_pipeline_prod to 2026-08-26 10:00:00+00:00, run_after=2026-08-26 11:00:00+00:00
[2026-08-26T11:26:45.124+0000] {processor.py:208} INFO - Processing /opt/airflow/dags/prod/airbyte_to_dbt_prod.py took 0.155 seconds
[2026-08-26T11:27:15.298+0000] {processor.py:186} INFO - Started process (PID=3366) to work on /opt/airflow/dags/prod/airbyte_to_dbt_prod.py
[2026-08-26T11:27:15.298+0000] {processor.py:914} INFO - Processing file /opt/airflow/dags/prod/airbyte_to_dbt_prod.py for tasks to queue
[2026-08-26T11:27:15.302+0000] {logging_mixin.py:190} INFO - [2026-08-26T11:27:15.301+0000] {dagbag.py:588} INFO - Filling up the DagBag from /opt/airflow/dags/prod/airbyte_to_dbt_prod.py
[2026-08-26T11:27:15.326+0000] {processor.py:925} INFO - DAG(s) 'airbyte_to_dbt_pipeline_prod' retrieved from /opt/airflow/dags/prod/airbyte_to_dbt_prod.py
[2026-08-26T11:27:15.369+0000] {logging_mixin.py:190} INFO - [2026-08-26T11:27:15.369+0000] {dag.py:3239} INFO - Sync 1 DAGs
[2026-08-26T11:27:15.396+0000] {logging_mixin.py:190} INFO - [2026-08-26T11:27:15.396+0000] {dag.py:4180} INFO - Setting next_dagrun for airbyte_to_dbt_pipeline_prod to 2026-08-26 10:00:00+00:00, run_after=2026-08-26 11:00:00+00:00
[2026-08-26T11:27:15.418+0000] {processor.py:208} INFO - Processing /opt/airflow/dags/prod/airbyte_to_dbt_prod.py took 0.130 seconds
[2026-08-26T11:27:45.584+0000] {processor.py:186} INFO - Started process (PID=3376) to work on /opt/airflow/dags/prod/airbyte_to_dbt_prod.py
[2026-08-26T11:27:45.585+0000] {processor.py:914} INFO - Processing file /opt/airflow/dags/prod/airbyte_to_dbt_prod.py for tasks to queue
[2026-08-26T11:27:45.588+0000] {logging_mixin.py:190} INFO - [2026-08-26T11:27:45.588+0000] {dagbag.py:588} INFO - Filling up the DagBag from /opt/airflow/dags/prod/airbyte_to_dbt_prod.py
[2026-08-26T11:27:45.610+0000] {processor.py:925} INFO - DAG(s) 'airbyte_to_dbt_pipeline_prod' retrieved from /opt/airflow/dags/prod/airbyte_to_dbt_prod.py
[2026-08-26T11:27:45.660+0000] {logging_mixin.py:190} INFO - [2026-08-26T11:27:45.660+0000] {dag.py:3239} INFO - Sync 1 DAGs
[2026-08-26T11:27:45.696+0000] {logging_mixin.py:190} INFO - [2026-08-26T11:27:45.696+0000] {dag.py:4180} INFO - Setting next_dagrun for airbyte_to_dbt_pipeline_prod to 2026-08-26 10:00:00+00:00, run_after=2026-08-26 11:00:00+00:00
[2026-08-26T11:27:45.721+0000] {processor.py:208} INFO - Processing /opt/airflow/dags/prod/airbyte_to_dbt_prod.py took 0.144 seconds
[2026-08-26T11:28:15.898+0000] {processor.py:186} INFO - Started process (PID=3386) to work on /opt/airflow/dags/prod/airbyte_to_dbt_prod.py
[2026-08-26T11:28:15.899+0000] {processor.py:914} INFO - Processing file /opt/airflow/dags/prod/airbyte_to_dbt_prod.py for tasks to queue
[2026-08-26T11:28:15.902+0000] {logging_mixin.py:190} INFO - [2026-08-26T11:28:15.901+0000] {dagbag.py:588} INFO - Filling up the DagBag from /opt/airflow/dags/prod/airbyte_to_dbt_prod.py
[2026-08-26T11:28:15.926+0000] {processor.py:925} INFO - DAG(s) 'airbyte_to_dbt_pipeline_prod' retrieved from /opt/airflow/dags/prod/airbyte_to_dbt_prod.py
[2026-08-26T11:28:15.966+0000] {logging_mixin.py:190} INFO - [2026-08-26T11:28:15.966+0000] {dag.py:3239} INFO - Sync 1 DAGs
[2026-08-26T11:28:16.002+0000] {logging_mixin.py:190} INFO - [2026-08-26T11:28:16.002+0000] {dag.py:4180} INFO - Setting next_dagrun for airbyte_to_dbt_pipeline_prod to 2026-08-26 10:00:00+00:00, run_after=2026-08-26 11:00:00+00:00
[2026-08-26T11:28:16.026+0000] {processor.py:208} INFO - Processing /opt/airflow/dags/prod/airbyte_to_dbt_prod.py took 0.137 seconds
[2026-08-26T11:28:46.215+0000] {processor.py:186} INFO - Started process (PID=3396) to work on /opt/airflow/dags/prod/airbyte_to_dbt_prod.py
[2026-08-26T11:28:46.216+0000] {processor.py:914} INFO - Processing file /opt/airflow/dags/prod/airbyte_to_dbt_prod.py for tasks to queue
[2026-08-26T11:28:46.220+0000] {logging_mixin.py:190} INFO - [2026-08-26T11:28:46.219+0000] {dagbag.py:588} INFO - Filling up the DagBag from /opt/airflow/dags/prod/airbyte_to_dbt_prod.py
[2026-08-26T11:28:46.253+0000] {processor.py:925} INFO - DAG(s) 'airbyte_to_dbt_pipeline_prod' retrieved from /opt/airflow/dags/prod/airbyte_to_dbt_prod.py
[2026-08-26T11:28:46.328+0000] {logging_mixin.py:190} INFO - [2026-08-26T11:28:46.328+0000] {dag.py:3239} INFO - Sync 1 DAGs
[2026-08-26T11:28:46.367+0000] {logging_mixin.py:190} INFO - [2026-08-26T11:28:46.367+0000] {dag.py:4180} INFO - Setting next_dagrun for airbyte_to_dbt_pipeline_prod to 2026-08-26 10:00:00+00:00, run_after=2026-08-26 11:00:00+00:00
[2026-08-26T11:28:46.392+0000] {processor.py:208} INFO - Processing /opt/airflow/dags/prod/airbyte_to_dbt_prod.py took 0.193 seconds
[2026-08-26T11:29:16.549+0000] {processor.py:186} INFO - Started process (PID=3406) to work on /opt/airflow/dags/prod/airbyte_to_dbt_prod.py
[2026-08-26T11:29:16.549+0000] {processor.py:914} INFO - Processing file /opt/airflow/dags/prod/airbyte_to_dbt_prod.py for tasks to queue
[2026-08-26T11:29:16.552+0000] {logging_mixin.py:190} INFO - [2026-08-26T11:29:16.552+0000] {dagbag.py:588} INFO - Filling up the DagBag from /opt/airflow/dags/prod/airbyte_to_dbt_prod.py
[2026-08-26T11:29:16.575+0000] {processor.py:925} INFO - DAG(s) 'airbyte_to_dbt_pipeline_prod' retrieved from /opt/airflow/dags/prod/airbyte_to_dbt_prod.py
[2026-08-26T11:29:16.614+0000] {logging_mixin.py:190} INFO - [2026-08-26T11:29:16.613+0000] {dag.py:3239} INFO - Sync 1 DAGs
[2026-08-26T11:29:16.650+0000] {logging_mixin.py:190} INFO - [2026-08-26T11:29:16.649+0000] {dag.py:4180} INFO - Setting next_dagrun for airbyte_to_dbt_pipeline_prod to 2026-08-26 10:00:00+00:00, run_after=2026-08-26 11:00:00+00:00
[2026-08-26T11:29:16.680+0000] {processor.py:208} INFO - Processing /opt/airflow/dags/prod/airbyte_to_dbt_prod.py took 0.139 seconds
[2026-08-26T11:29:46.848+0000] {processor.py:186} INFO - Started process (PID=3416) to work on /opt/airflow/dags/prod/airbyte_to_dbt_prod.py
[2026-08-26T11:29:46.850+0000] {processor.py:914} INFO - Processing file /opt/airflow/dags/prod/airbyte_to_dbt_prod.py for tasks to queue
[2026-08-26T11:29:46.853+0000] {logging_mixin.py:190} INFO - [2026-08-26T11:29:46.853+0000] {dagbag.py:588} INFO - Filling up the DagBag from /opt/airflow/dags/prod/airbyte_to_dbt_prod.py
[2026-08-26T11:29:46.876+0000] {processor.py:925} INFO - DAG(s) 'airbyte_to_dbt_pipeline_prod' retrieved from /opt/airflow/dags/prod/airbyte_to_dbt_prod.py
[2026-08-26T11:29:46.913+0000] {logging_mixin.py:190} INFO - [2026-08-26T11:29:46.913+0000] {dag.py:3239} INFO - Sync 1 DAGs
[2026-08-26T11:29:46.941+0000] {logging_mixin.py:190} INFO - [2026-08-26T11:29:46.940+0000] {dag.py:4180} INFO - Setting next_dagrun for airbyte_to_dbt_pipeline_prod to 2026-08-26 10:00:00+00:00, run_after=2026-08-26 11:00:00+00:00
[2026-08-26T11:29:46.963+0000] {processor.py:208} INFO - Processing /opt/airflow/dags/prod/airbyte_to_dbt_prod.py took 0.125 seconds
[2026-08-26T11:30:17.149+0000] {processor.py:186} INFO - Started process (PID=3426) to work on /opt/airflow/dags/prod/airbyte_to_dbt_prod.py
[2026-08-26T11:30:17.150+0000] {processor.py:914} INFO - Processing file /opt/airflow/dags/prod/airbyte_to_dbt_prod.py for tasks to queue
[2026-08-26T11:30:17.153+0000] {logging_mixin.py:190} INFO - [2026-08-26T11:30:17.152+0000] {dagbag.py:588} INFO - Filling up the DagBag from /opt/airflow/dags/prod/airbyte_to_dbt_prod.py
[2026-08-26T11:30:17.175+0000] {processor.py:925} INFO - DAG(s) 'airbyte_to_dbt_pipeline_prod' retrieved from /opt/airflow/dags/prod/airbyte_to_dbt_prod.py
[2026-08-26T11:30:17.217+0000] {logging_mixin.py:190} INFO - [2026-08-26T11:30:17.217+0000] {dag.py:3239} INFO - Sync 1 DAGs
[2026-08-26T11:30:17.249+0000] {logging_mixin.py:190} INFO - [2026-08-26T11:30:17.249+0000] {dag.py:4180} INFO - Setting next_dagrun for airbyte_to_dbt_pipeline_prod to 2026-08-26 10:00:00+00:00, run_after=2026-08-26 11:00:00+00:00
[2026-08-26T11:30:17.280+0000] {processor.py:208} INFO - Processing /opt/airflow/dags/prod/airbyte_to_dbt_prod.py took 0.141 seconds
[2026-08-26T11:30:47.446+0000] {processor.py:186} INFO - Started process (PID=3436) to work on /opt/airflow/dags/prod/airbyte_to_dbt_prod.py
[2026-08-26T11:30:47.447+0000] {processor.py:914} INFO - Processing file /opt/airflow/dags/prod/airbyte_to_dbt_prod.py for tasks to queue
[2026-08-26T11:30:47.450+0000] {logging_mixin.py:190} INFO - [2026-08-26T11:30:47.450+0000] {dagbag.py:588} INFO - Filling up the DagBag from /opt/airflow/dags/prod/airbyte_to_dbt_prod.py
[2026-08-26T11:30:47.472+0000] {processor.py:925} INFO - DAG(s) 'airbyte_to_dbt_pipeline_prod' retrieved from /opt/airflow/dags/prod/airbyte_to_dbt_prod.py
[2026-08-26T11:30:47.512+0000] {logging_mixin.py:190} INFO - [2026-08-26T11:30:47.511+0000] {dag.py:3239} INFO - Sync 1 DAGs
[2026-08-26T11:30:47.543+0000] {logging_mixin.py:190} INFO - [2026-08-26T11:30:47.543+0000] {dag.py:4180} INFO - Setting next_dagrun for airbyte_to_dbt_pipeline_prod to 2026-08-26 10:00:00+00:00, run_after=2026-08-26 11:00:00+00:00
[2026-08-26T11:30:47.565+0000] {processor.py:208} INFO - Processing /opt/airflow/dags/prod/airbyte_to_dbt_prod.py took 0.127 seconds
[2026-08-26T11:31:17.747+0000] {processor.py:186} INFO - Started process (PID=3446) to work on /opt/airflow/dags/prod/airbyte_to_dbt_prod.py
[2026-08-26T11:31:17.748+0000] {processor.py:914} INFO - Processing file /opt/airflow/dags/prod/airbyte_to_dbt_prod.py for tasks to queue
[2026-08-26T11:31:17.751+0000] {logging_mixin.py:190} INFO - [2026-08-26T11:31:17.751+0000] {dagbag.py:588} INFO - Filling up the DagBag from /opt/airflow/dags/prod/airbyte_to_dbt_prod.py
[2026-08-26T11:31:17.778+0000] {processor.py:925} INFO - DAG(s) 'airbyte_to_dbt_pipeline_prod' retrieved from /opt/airflow/dags/prod/airbyte_to_dbt_prod.py
[2026-08-26T11:31:17.820+0000] {logging_mixin.py:190} INFO - [2026-08-26T11:31:17.820+0000] {dag.py:3239} INFO - Sync 1 DAGs
[2026-08-26T11:31:17.858+0000] {logging_mixin.py:190} INFO - [2026-08-26T11:31:17.858+0000] {dag.py:4180} INFO - Setting next_dagrun for airbyte_to_dbt_pipeline_prod to 2026-08-26 10:00:00+00:00, run_after=2026-08-26 11:00:00+00:00
[2026-08-26T11:31:17.887+0000] {processor.py:208} INFO - Processing /opt/airflow/dags/prod/airbyte_to_dbt_prod.py took 0.150 seconds
[2026-08-26T11:31:48.048+0000] {processor.py:186} INFO - Started process (PID=3456) to work on /opt/airflow/dags/prod/airbyte_to_dbt_prod.py
[2026-08-26T11:31:48.050+0000] {processor.py:914} INFO - Processing file /opt/airflow/dags/prod/airbyte_to_dbt_prod.py for tasks to queue
[2026-08-26T11:31:48.054+0000] {logging_mixin.py:190} INFO - [2026-08-26T11:31:48.053+0000] {dagbag.py:588} INFO - Filling up the DagBag from /opt/airflow/dags/prod/airbyte_to_dbt_prod.py
[2026-08-26T11:31:48.082+0000] {processor.py:925} INFO - DAG(s) 'airbyte_to_dbt_pipeline_prod' retrieved from /opt/airflow/dags/prod/airbyte_to_dbt_prod.py
[2026-08-26T11:31:48.129+0000] {logging_mixin.py:190} INFO - [2026-08-26T11:31:48.129+0000] {dag.py:3239} INFO - Sync 1 DAGs
[2026-08-26T11:31:48.161+0000] {logging_mixin.py:190} INFO - [2026-08-26T11:31:48.161+0000] {dag.py:4180} INFO - Setting next_dagrun for airbyte_to_dbt_pipeline_prod to 2026-08-26 10:00:00+00:00, run_after=2026-08-26 11:00:00+00:00
[2026-08-26T11:31:48.184+0000] {processor.py:208} INFO - Processing /opt/airflow/dags/prod/airbyte_to_dbt_prod.py took 0.147 seconds
[2026-08-26T11:32:18.346+0000] {processor.py:186} INFO - Started process (PID=3466) to work on /opt/airflow/dags/prod/airbyte_to_dbt_prod.py
[2026-08-26T11:32:18.347+0000] {processor.py:914} INFO - Processing file /opt/airflow/dags/prod/airbyte_to_dbt_prod.py for tasks to queue
[2026-08-26T11:32:18.350+0000] {logging_mixin.py:190} INFO - [2026-08-26T11:32:18.350+0000] {dagbag.py:588} INFO - Filling up the DagBag from /opt/airflow/dags/prod/airbyte_to_dbt_prod.py
[2026-08-26T11:32:18.372+0000] {processor.py:925} INFO - DAG(s) 'airbyte_to_dbt_pipeline_prod' retrieved from /opt/airflow/dags/prod/airbyte_to_dbt_prod.py
[2026-08-26T11:32:18.425+0000] {logging_mixin.py:190} INFO - [2026-08-26T11:32:18.425+0000] {dag.py:3239} INFO - Sync 1 DAGs
[2026-08-26T11:32:18.462+0000] {logging_mixin.py:190} INFO - [2026-08-26T11:32:18.462+0000] {dag.py:4180} INFO - Setting next_dagrun for airbyte_to_dbt_pipeline_prod to 2026-08-26 10:00:00+00:00, run_after=2026-08-26 11:00:00+00:00
[2026-08-26T11:32:18.489+0000] {processor.py:208} INFO - Processing /opt/airflow/dags/prod/airbyte_to_dbt_prod.py took 0.151 seconds
[2026-08-26T11:32:48.643+0000] {processor.py:186} INFO - Started process (PID=3476) to work on /opt/airflow/dags/prod/airbyte_to_dbt_prod.py
[2026-08-26T11:32:48.644+0000] {processor.py:914} INFO - Processing file /opt/airflow/dags/prod/airbyte_to_dbt_prod.py for tasks to queue
[2026-08-26T11:32:48.647+0000] {logging_mixin.py:190} INFO - [2026-08-26T11:32:48.646+0000] {dagbag.py:588} INFO - Filling up the DagBag from /opt/airflow/dags/prod/airbyte_to_dbt_prod.py
[2026-08-26T11:32:48.668+0000] {processor.py:925} INFO - DAG(s) 'airbyte_to_dbt_pipeline_prod' retrieved from /opt/airflow/dags/prod/airbyte_to_dbt_prod.py
[2026-08-26T11:32:48.708+0000] {logging_mixin.py:190} INFO - [2026-08-26T11:32:48.708+0000] {dag.py:3239} INFO - Sync 1 DAGs
[2026-08-26T11:32:48.741+0000] {logging_mixin.py:190} INFO - [2026-08-26T11:32:48.741+0000] {dag.py:4180} INFO - Setting next_dagrun for airbyte_to_dbt_pipeline_prod to 2026-08-26 10:00:00+00:00, run_after=2026-08-26 11:00:00+00:00
[2026-08-26T11:32:48.766+0000] {processor.py:208} INFO - Processing /opt/airflow/dags/prod/airbyte_to_dbt_prod.py took 0.131 seconds
[2026-08-26T11:33:18.948+0000] {processor.py:186} INFO - Started process (PID=3486) to work on /opt/airflow/dags/prod/airbyte_to_dbt_prod.py
[2026-08-26T11:33:18.949+0000] {processor.py:914} INFO - Processing file /opt/airflow/dags/prod/airbyte_to_dbt_prod.py for tasks to queue
[2026-08-26T11:33:18.953+0000] {logging_mixin.py:190} INFO - [2026-08-26T11:33:18.952+0000] {dagbag.py:588} INFO - Filling up the DagBag from /opt/airflow/dags/prod/airbyte_to_dbt_prod.py
[2026-08-26T11:33:18.976+0000] {processor.py:925} INFO - DAG(s) 'airbyte_to_dbt_pipeline_prod' retrieved from /opt/airflow/dags/prod/airbyte_to_dbt_prod.py
[2026-08-26T11:33:19.026+0000] {logging_mixin.py:190} INFO - [2026-08-26T11:33:19.026+0000] {dag.py:3239} INFO - Sync 1 DAGs
[2026-08-26T11:33:19.057+0000] {logging_mixin.py:190} INFO - [2026-08-26T11:33:19.056+0000] {dag.py:4180} INFO - Setting next_dagrun for airbyte_to_dbt_pipeline_prod to 2026-08-26 10:00:00+00:00, run_after=2026-08-26 11:00:00+00:00
[2026-08-26T11:33:19.085+0000] {processor.py:208} INFO - Processing /opt/airflow/dags/prod/airbyte_to_dbt_prod.py took 0.144 seconds
[2026-08-26T11:33:49.243+0000] {processor.py:186} INFO - Started process (PID=3496) to work on /opt/airflow/dags/prod/airbyte_to_dbt_prod.py
[2026-08-26T11:33:49.245+0000] {processor.py:914} INFO - Processing file /opt/airflow/dags/prod/airbyte_to_dbt_prod.py for tasks to queue
[2026-08-26T11:33:49.248+0000] {logging_mixin.py:190} INFO - [2026-08-26T11:33:49.248+0000] {dagbag.py:588} INFO - Filling up the DagBag from /opt/airflow/dags/prod/airbyte_to_dbt_prod.py
[2026-08-26T11:33:49.275+0000] {processor.py:925} INFO - DAG(s) 'airbyte_to_dbt_pipeline_prod' retrieved from /opt/airflow/dags/prod/airbyte_to_dbt_prod.py
[2026-08-26T11:33:49.325+0000] {logging_mixin.py:190} INFO - [2026-08-26T11:33:49.325+0000] {dag.py:3239} INFO - Sync 1 DAGs
[2026-08-26T11:33:49.363+0000] {logging_mixin.py:190} INFO - [2026-08-26T11:33:49.363+0000] {dag.py:4180} INFO - Setting next_dagrun for airbyte_to_dbt_pipeline_prod to 2026-08-26 10:00:00+00:00, run_after=2026-08-26 11:00:00+00:00
[2026-08-26T11:33:49.388+0000] {processor.py:208} INFO - Processing /opt/airflow/dags/prod/airbyte_to_dbt_prod.py took 0.153 seconds
[2026-08-26T11:34:19.565+0000] {processor.py:186} INFO - Started process (PID=3506) to work on /opt/airflow/dags/prod/airbyte_to_dbt_prod.py
[2026-08-26T11:34:19.566+0000] {processor.py:914} INFO - Processing file /opt/airflow/dags/prod/airbyte_to_dbt_prod.py for tasks to queue
[2026-08-26T11:34:19.570+0000] {logging_mixin.py:190} INFO - [2026-08-26T11:34:19.569+0000] {dagbag.py:588} INFO - Filling up the DagBag from /opt/airflow/dags/prod/airbyte_to_dbt_prod.py
[2026-08-26T11:34:19.591+0000] {processor.py:925} INFO - DAG(s) 'airbyte_to_dbt_pipeline_prod' retrieved from /opt/airflow/dags/prod/airbyte_to_dbt_prod.py
[2026-08-26T11:34:19.630+0000] {logging_mixin.py:190} INFO - [2026-08-26T11:34:19.630+0000] {dag.py:3239} INFO - Sync 1 DAGs
[2026-08-26T11:34:19.664+0000] {logging_mixin.py:190} INFO - [2026-08-26T11:34:19.664+0000] {dag.py:4180} INFO - Setting next_dagrun for airbyte_to_dbt_pipeline_prod to 2026-08-26 10:00:00+00:00, run_after=2026-08-26 11:00:00+00:00
[2026-08-26T11:34:19.693+0000] {processor.py:208} INFO - Processing /opt/airflow/dags/prod/airbyte_to_dbt_prod.py took 0.137 seconds
[2026-08-26T11:34:49.918+0000] {processor.py:186} INFO - Started process (PID=3516) to work on /opt/airflow/dags/prod/airbyte_to_dbt_prod.py
[2026-08-26T11:34:49.920+0000] {processor.py:914} INFO - Processing file /opt/airflow/dags/prod/airbyte_to_dbt_prod.py for tasks to queue
[2026-08-26T11:34:49.925+0000] {logging_mixin.py:190} INFO - [2026-08-26T11:34:49.925+0000] {dagbag.py:588} INFO - Filling up the DagBag from /opt/airflow/dags/prod/airbyte_to_dbt_prod.py
[2026-08-26T11:34:49.970+0000] {processor.py:925} INFO - DAG(s) 'airbyte_to_dbt_pipeline_prod' retrieved from /opt/airflow/dags/prod/airbyte_to_dbt_prod.py
[2026-08-26T11:34:50.092+0000] {logging_mixin.py:190} INFO - [2026-08-26T11:34:50.092+0000] {dag.py:3239} INFO - Sync 1 DAGs
[2026-08-26T11:34:50.134+0000] {logging_mixin.py:190} INFO - [2026-08-26T11:34:50.133+0000] {dag.py:4180} INFO - Setting next_dagrun for airbyte_to_dbt_pipeline_prod to 2026-08-26 10:00:00+00:00, run_after=2026-08-26 11:00:00+00:00
[2026-08-26T11:34:50.177+0000] {processor.py:208} INFO - Processing /opt/airflow/dags/prod/airbyte_to_dbt_prod.py took 0.293 seconds
[2026-08-26T11:35:20.397+0000] {processor.py:186} INFO - Started process (PID=3524) to work on /opt/airflow/dags/prod/airbyte_to_dbt_prod.py
[2026-08-26T11:35:20.399+0000] {processor.py:914} INFO - Processing file /opt/airflow/dags/prod/airbyte_to_dbt_prod.py for tasks to queue
[2026-08-26T11:35:20.412+0000] {logging_mixin.py:190} INFO - [2026-08-26T11:35:20.412+0000] {dagbag.py:588} INFO - Filling up the DagBag from /opt/airflow/dags/prod/airbyte_to_dbt_prod.py
[2026-08-26T11:35:20.512+0000] {processor.py:925} INFO - DAG(s) 'airbyte_to_dbt_pipeline_prod' retrieved from /opt/airflow/dags/prod/airbyte_to_dbt_prod.py
[2026-08-26T11:35:20.647+0000] {logging_mixin.py:190} INFO - [2026-08-26T11:35:20.646+0000] {dag.py:3239} INFO - Sync 1 DAGs
[2026-08-26T11:35:20.724+0000] {logging_mixin.py:190} INFO - [2026-08-26T11:35:20.723+0000] {dag.py:4180} INFO - Setting next_dagrun for airbyte_to_dbt_pipeline_prod to 2026-08-26 10:00:00+00:00, run_after=2026-08-26 11:00:00+00:00
[2026-08-26T11:35:20.747+0000] {processor.py:208} INFO - Processing /opt/airflow/dags/prod/airbyte_to_dbt_prod.py took 0.369 seconds
[2026-08-26T11:35:50.945+0000] {processor.py:186} INFO - Started process (PID=3536) to work on /opt/airflow/dags/prod/airbyte_to_dbt_prod.py
[2026-08-26T11:35:50.946+0000] {processor.py:914} INFO - Processing file /opt/airflow/dags/prod/airbyte_to_dbt_prod.py for tasks to queue
[2026-08-26T11:35:50.949+0000] {logging_mixin.py:190} INFO - [2026-08-26T11:35:50.949+0000] {dagbag.py:588} INFO - Filling up the DagBag from /opt/airflow/dags/prod/airbyte_to_dbt_prod.py
[2026-08-26T11:35:50.979+0000] {processor.py:925} INFO - DAG(s) 'airbyte_to_dbt_pipeline_prod' retrieved from /opt/airflow/dags/prod/airbyte_to_dbt_prod.py
[2026-08-26T11:35:51.026+0000] {logging_mixin.py:190} INFO - [2026-08-26T11:35:51.025+0000] {dag.py:3239} INFO - Sync 1 DAGs
[2026-08-26T11:35:51.057+0000] {logging_mixin.py:190} INFO - [2026-08-26T11:35:51.057+0000] {dag.py:4180} INFO - Setting next_dagrun for airbyte_to_dbt_pipeline_prod to 2026-08-26 10:00:00+00:00, run_after=2026-08-26 11:00:00+00:00
[2026-08-26T11:35:51.080+0000] {processor.py:208} INFO - Processing /opt/airflow/dags/prod/airbyte_to_dbt_prod.py took 0.144 seconds
[2026-08-26T11:36:21.259+0000] {processor.py:186} INFO - Started process (PID=3546) to work on /opt/airflow/dags/prod/airbyte_to_dbt_prod.py
[2026-08-26T11:36:21.260+0000] {processor.py:914} INFO - Processing file /opt/airflow/dags/prod/airbyte_to_dbt_prod.py for tasks to queue
[2026-08-26T11:36:21.264+0000] {logging_mixin.py:190} INFO - [2026-08-26T11:36:21.264+0000] {dagbag.py:588} INFO - Filling up the DagBag from /opt/airflow/dags/prod/airbyte_to_dbt_prod.py
[2026-08-26T11:36:21.289+0000] {processor.py:925} INFO - DAG(s) 'airbyte_to_dbt_pipeline_prod' retrieved from /opt/airflow/dags/prod/airbyte_to_dbt_prod.py
[2026-08-26T11:36:21.336+0000] {logging_mixin.py:190} INFO - [2026-08-26T11:36:21.335+0000] {dag.py:3239} INFO - Sync 1 DAGs
[2026-08-26T11:36:21.390+0000] {logging_mixin.py:190} INFO - [2026-08-26T11:36:21.389+0000] {dag.py:4180} INFO - Setting next_dagrun for airbyte_to_dbt_pipeline_prod to 2026-08-26 10:00:00+00:00, run_after=2026-08-26 11:00:00+00:00
[2026-08-26T11:36:21.426+0000] {processor.py:208} INFO - Processing /opt/airflow/dags/prod/airbyte_to_dbt_prod.py took 0.177 seconds
[2026-08-26T11:36:51.592+0000] {processor.py:186} INFO - Started process (PID=3556) to work on /opt/airflow/dags/prod/airbyte_to_dbt_prod.py
[2026-08-26T11:36:51.593+0000] {processor.py:914} INFO - Processing file /opt/airflow/dags/prod/airbyte_to_dbt_prod.py for tasks to queue
[2026-08-26T11:36:51.596+0000] {logging_mixin.py:190} INFO - [2026-08-26T11:36:51.595+0000] {dagbag.py:588} INFO - Filling up the DagBag from /opt/airflow/dags/prod/airbyte_to_dbt_prod.py
[2026-08-26T11:36:51.623+0000] {processor.py:925} INFO - DAG(s) 'airbyte_to_dbt_pipeline_prod' retrieved from /opt/airflow/dags/prod/airbyte_to_dbt_prod.py
[2026-08-26T11:36:51.675+0000] {logging_mixin.py:190} INFO - [2026-08-26T11:36:51.675+0000] {dag.py:3239} INFO - Sync 1 DAGs
[2026-08-26T11:36:51.716+0000] {logging_mixin.py:190} INFO - [2026-08-26T11:36:51.715+0000] {dag.py:4180} INFO - Setting next_dagrun for airbyte_to_dbt_pipeline_prod to 2026-08-26 10:00:00+00:00, run_after=2026-08-26 11:00:00+00:00
[2026-08-26T11:36:51.743+0000] {processor.py:208} INFO - Processing /opt/airflow/dags/prod/airbyte_to_dbt_prod.py took 0.164 seconds
[2026-08-26T11:37:21.907+0000] {processor.py:186} INFO - Started process (PID=3566) to work on /opt/airflow/dags/prod/airbyte_to_dbt_prod.py
[2026-08-26T11:37:21.908+0000] {processor.py:914} INFO - Processing file /opt/airflow/dags/prod/airbyte_to_dbt_prod.py for tasks to queue
[2026-08-26T11:37:21.911+0000] {logging_mixin.py:190} INFO - [2026-08-26T11:37:21.910+0000] {dagbag.py:588} INFO - Filling up the DagBag from /opt/airflow/dags/prod/airbyte_to_dbt_prod.py
[2026-08-26T11:37:21.933+0000] {processor.py:925} INFO - DAG(s) 'airbyte_to_dbt_pipeline_prod' retrieved from /opt/airflow/dags/prod/airbyte_to_dbt_prod.py
[2026-08-26T11:37:21.979+0000] {logging_mixin.py:190} INFO - [2026-08-26T11:37:21.978+0000] {dag.py:3239} INFO - Sync 1 DAGs
[2026-08-26T11:37:22.014+0000] {logging_mixin.py:190} INFO - [2026-08-26T11:37:22.013+0000] {dag.py:4180} INFO - Setting next_dagrun for airbyte_to_dbt_pipeline_prod to 2026-08-26 10:00:00+00:00, run_after=2026-08-26 11:00:00+00:00
[2026-08-26T11:37:22.038+0000] {processor.py:208} INFO - Processing /opt/airflow/dags/prod/airbyte_to_dbt_prod.py took 0.139 seconds
[2026-08-26T11:37:52.196+0000] {processor.py:186} INFO - Started process (PID=3576) to work on /opt/airflow/dags/prod/airbyte_to_dbt_prod.py
[2026-08-26T11:37:52.196+0000] {processor.py:914} INFO - Processing file /opt/airflow/dags/prod/airbyte_to_dbt_prod.py for tasks to queue
[2026-08-26T11:37:52.199+0000] {logging_mixin.py:190} INFO - [2026-08-26T11:37:52.199+0000] {dagbag.py:588} INFO - Filling up the DagBag from /opt/airflow/dags/prod/airbyte_to_dbt_prod.py
[2026-08-26T11:37:52.226+0000] {processor.py:925} INFO - DAG(s) 'airbyte_to_dbt_pipeline_prod' retrieved from /opt/airflow/dags/prod/airbyte_to_dbt_prod.py
[2026-08-26T11:37:52.268+0000] {logging_mixin.py:190} INFO - [2026-08-26T11:37:52.268+0000] {dag.py:3239} INFO - Sync 1 DAGs
[2026-08-26T11:37:52.299+0000] {logging_mixin.py:190} INFO - [2026-08-26T11:37:52.299+0000] {dag.py:4180} INFO - Setting next_dagrun for airbyte_to_dbt_pipeline_prod to 2026-08-26 10:00:00+00:00, run_after=2026-08-26 11:00:00+00:00
[2026-08-26T11:37:52.323+0000] {processor.py:208} INFO - Processing /opt/airflow/dags/prod/airbyte_to_dbt_prod.py took 0.136 seconds
[2026-08-26T11:38:22.487+0000] {processor.py:186} INFO - Started process (PID=3586) to work on /opt/airflow/dags/prod/airbyte_to_dbt_prod.py
[2026-08-26T11:38:22.488+0000] {processor.py:914} INFO - Processing file /opt/airflow/dags/prod/airbyte_to_dbt_prod.py for tasks to queue
[2026-08-26T11:38:22.492+0000] {logging_mixin.py:190} INFO - [2026-08-26T11:38:22.492+0000] {dagbag.py:588} INFO - Filling up the DagBag from /opt/airflow/dags/prod/airbyte_to_dbt_prod.py
[2026-08-26T11:38:22.523+0000] {processor.py:925} INFO - DAG(s) 'airbyte_to_dbt_pipeline_prod' retrieved from /opt/airflow/dags/prod/airbyte_to_dbt_prod.py
[2026-08-26T11:38:22.567+0000] {logging_mixin.py:190} INFO - [2026-08-26T11:38:22.567+0000] {dag.py:3239} INFO - Sync 1 DAGs
[2026-08-26T11:38:22.603+0000] {logging_mixin.py:190} INFO - [2026-08-26T11:38:22.603+0000] {dag.py:4180} INFO - Setting next_dagrun for airbyte_to_dbt_pipeline_prod to 2026-08-26 10:00:00+00:00, run_after=2026-08-26 11:00:00+00:00
[2026-08-26T11:38:22.629+0000] {processor.py:208} INFO - Processing /opt/airflow/dags/prod/airbyte_to_dbt_prod.py took 0.155 seconds
[2026-08-26T11:38:52.794+0000] {processor.py:186} INFO - Started process (PID=3596) to work on /opt/airflow/dags/prod/airbyte_to_dbt_prod.py
[2026-08-26T11:38:52.795+0000] {processor.py:914} INFO - Processing file /opt/airflow/dags/prod/airbyte_to_dbt_prod.py for tasks to queue
[2026-08-26T11:38:52.798+0000] {logging_mixin.py:190} INFO - [2026-08-26T11:38:52.798+0000] {dagbag.py:588} INFO - Filling up the DagBag from /opt/airflow/dags/prod/airbyte_to_dbt_prod.py
[2026-08-26T11:38:52.820+0000] {processor.py:925} INFO - DAG(s) 'airbyte_to_dbt_pipeline_prod' retrieved from /opt/airflow/dags/prod/airbyte_to_dbt_prod.py
[2026-08-26T11:38:52.866+0000] {logging_mixin.py:190} INFO - [2026-08-26T11:38:52.866+0000] {dag.py:3239} INFO - Sync 1 DAGs
[2026-08-26T11:38:52.903+0000] {logging_mixin.py:190} INFO - [2026-08-26T11:38:52.902+0000] {dag.py:4180} INFO - Setting next_dagrun for airbyte_to_dbt_pipeline_prod to 2026-08-26 10:00:00+00:00, run_after=2026-08-26 11:00:00+00:00
[2026-08-26T11:38:52.928+0000] {processor.py:208} INFO - Processing /opt/airflow/dags/prod/airbyte_to_dbt_prod.py took 0.142 seconds
[2026-08-26T11:39:23.113+0000] {processor.py:186} INFO - Started process (PID=3606) to work on /opt/airflow/dags/prod/airbyte_to_dbt_prod.py
[2026-08-26T11:39:23.115+0000] {processor.py:914} INFO - Processing file /opt/airflow/dags/prod/airbyte_to_dbt_prod.py for tasks to queue
[2026-08-26T11:39:23.120+0000] {logging_mixin.py:190} INFO - [2026-08-26T11:39:23.119+0000] {dagbag.py:588} INFO - Filling up the DagBag from /opt/airflow/dags/prod/airbyte_to_dbt_prod.py
[2026-08-26T11:39:23.161+0000] {processor.py:925} INFO - DAG(s) 'airbyte_to_dbt_pipeline_prod' retrieved from /opt/airflow/dags/prod/airbyte_to_dbt_prod.py
[2026-08-26T11:39:23.221+0000] {logging_mixin.py:190} INFO - [2026-08-26T11:39:23.220+0000] {dag.py:3239} INFO - Sync 1 DAGs
[2026-08-26T11:39:23.267+0000] {logging_mixin.py:190} INFO - [2026-08-26T11:39:23.267+0000] {dag.py:4180} INFO - Setting next_dagrun for airbyte_to_dbt_pipeline_prod to 2026-08-26 10:00:00+00:00, run_after=2026-08-26 11:00:00+00:00
[2026-08-26T11:39:23.298+0000] {processor.py:208} INFO - Processing /opt/airflow/dags/prod/airbyte_to_dbt_prod.py took 0.198 seconds
[2026-08-26T11:39:53.499+0000] {processor.py:186} INFO - Started process (PID=3616) to work on /opt/airflow/dags/prod/airbyte_to_dbt_prod.py
[2026-08-26T11:39:53.500+0000] {processor.py:914} INFO - Processing file /opt/airflow/dags/prod/airbyte_to_dbt_prod.py for tasks to queue
[2026-08-26T11:39:53.505+0000] {logging_mixin.py:190} INFO - [2026-08-26T11:39:53.505+0000] {dagbag.py:588} INFO - Filling up the DagBag from /opt/airflow/dags/prod/airbyte_to_dbt_prod.py
[2026-08-26T11:39:53.541+0000] {processor.py:925} INFO - DAG(s) 'airbyte_to_dbt_pipeline_prod' retrieved from /opt/airflow/dags/prod/airbyte_to_dbt_prod.py
[2026-08-26T11:39:53.607+0000] {logging_mixin.py:190} INFO - [2026-08-26T11:39:53.607+0000] {dag.py:3239} INFO - Sync 1 DAGs
[2026-08-26T11:39:53.659+0000] {logging_mixin.py:190} INFO - [2026-08-26T11:39:53.659+0000] {dag.py:4180} INFO - Setting next_dagrun for airbyte_to_dbt_pipeline_prod to 2026-08-26 10:00:00+00:00, run_after=2026-08-26 11:00:00+00:00
[2026-08-26T11:39:53.692+0000] {processor.py:208} INFO - Processing /opt/airflow/dags/prod/airbyte_to_dbt_prod.py took 0.206 seconds
[2026-08-26T11:40:23.875+0000] {processor.py:186} INFO - Started process (PID=3626) to work on /opt/airflow/dags/prod/airbyte_to_dbt_prod.py
[2026-08-26T11:40:23.876+0000] {processor.py:914} INFO - Processing file /opt/airflow/dags/prod/airbyte_to_dbt_prod.py for tasks to queue
[2026-08-26T11:40:23.879+0000] {logging_mixin.py:190} INFO - [2026-08-26T11:40:23.879+0000] {dagbag.py:588} INFO - Filling up the DagBag from /opt/airflow/dags/prod/airbyte_to_dbt_prod.py
[2026-08-26T11:40:23.901+0000] {processor.py:925} INFO - DAG(s) 'airbyte_to_dbt_pipeline_prod' retrieved from /opt/airflow/dags/prod/airbyte_to_dbt_prod.py
[2026-08-26T11:40:23.941+0000] {logging_mixin.py:190} INFO - [2026-08-26T11:40:23.941+0000] {dag.py:3239} INFO - Sync 1 DAGs
[2026-08-26T11:40:23.983+0000] {logging_mixin.py:190} INFO - [2026-08-26T11:40:23.983+0000] {dag.py:4180} INFO - Setting next_dagrun for airbyte_to_dbt_pipeline_prod to 2026-08-26 10:00:00+00:00, run_after=2026-08-26 11:00:00+00:00
[2026-08-26T11:40:24.012+0000] {processor.py:208} INFO - Processing /opt/airflow/dags/prod/airbyte_to_dbt_prod.py took 0.147 seconds
[2026-08-26T11:40:54.171+0000] {processor.py:186} INFO - Started process (PID=3636) to work on /opt/airflow/dags/prod/airbyte_to_dbt_prod.py
[2026-08-26T11:40:54.171+0000] {processor.py:914} INFO - Processing file /opt/airflow/dags/prod/airbyte_to_dbt_prod.py for tasks to queue
[2026-08-26T11:40:54.174+0000] {logging_mixin.py:190} INFO - [2026-08-26T11:40:54.174+0000] {dagbag.py:588} INFO - Filling up the DagBag from /opt/airflow/dags/prod/airbyte_to_dbt_prod.py
[2026-08-26T11:40:54.198+0000] {processor.py:925} INFO - DAG(s) 'airbyte_to_dbt_pipeline_prod' retrieved from /opt/airflow/dags/prod/airbyte_to_dbt_prod.py
[2026-08-26T11:40:54.250+0000] {logging_mixin.py:190} INFO - [2026-08-26T11:40:54.249+0000] {dag.py:3239} INFO - Sync 1 DAGs
[2026-08-26T11:40:54.286+0000] {logging_mixin.py:190} INFO - [2026-08-26T11:40:54.286+0000] {dag.py:4180} INFO - Setting next_dagrun for airbyte_to_dbt_pipeline_prod to 2026-08-26 10:00:00+00:00, run_after=2026-08-26 11:00:00+00:00
[2026-08-26T11:40:54.311+0000] {processor.py:208} INFO - Processing /opt/airflow/dags/prod/airbyte_to_dbt_prod.py took 0.149 seconds
[2026-08-26T11:41:24.474+0000] {processor.py:186} INFO - Started process (PID=3646) to work on /opt/airflow/dags/prod/airbyte_to_dbt_prod.py
[2026-08-26T11:41:24.475+0000] {processor.py:914} INFO - Processing file /opt/airflow/dags/prod/airbyte_to_dbt_prod.py for tasks to queue
[2026-08-26T11:41:24.478+0000] {logging_mixin.py:190} INFO - [2026-08-26T11:41:24.478+0000] {dagbag.py:588} INFO - Filling up the DagBag from /opt/airflow/dags/prod/airbyte_to_dbt_prod.py
[2026-08-26T11:41:24.504+0000] {processor.py:925} INFO - DAG(s) 'airbyte_to_dbt_pipeline_prod' retrieved from /opt/airflow/dags/prod/airbyte_to_dbt_prod.py
[2026-08-26T11:41:24.545+0000] {logging_mixin.py:190} INFO - [2026-08-26T11:41:24.544+0000] {dag.py:3239} INFO - Sync 1 DAGs
[2026-08-26T11:41:24.585+0000] {logging_mixin.py:190} INFO - [2026-08-26T11:41:24.585+0000] {dag.py:4180} INFO - Setting next_dagrun for airbyte_to_dbt_pipeline_prod to 2026-08-26 10:00:00+00:00, run_after=2026-08-26 11:00:00+00:00
[2026-08-26T11:41:24.612+0000] {processor.py:208} INFO - Processing /opt/airflow/dags/prod/airbyte_to_dbt_prod.py took 0.146 seconds
[2026-08-26T11:41:54.784+0000] {processor.py:186} INFO - Started process (PID=3656) to work on /opt/airflow/dags/prod/airbyte_to_dbt_prod.py
[2026-08-26T11:41:54.785+0000] {processor.py:914} INFO - Processing file /opt/airflow/dags/prod/airbyte_to_dbt_prod.py for tasks to queue
[2026-08-26T11:41:54.788+0000] {logging_mixin.py:190} INFO - [2026-08-26T11:41:54.787+0000] {dagbag.py:588} INFO - Filling up the DagBag from /opt/airflow/dags/prod/airbyte_to_dbt_prod.py
[2026-08-26T11:41:54.814+0000] {processor.py:925} INFO - DAG(s) 'airbyte_to_dbt_pipeline_prod' retrieved from /opt/airflow/dags/prod/airbyte_to_dbt_prod.py
[2026-08-26T11:41:54.867+0000] {logging_mixin.py:190} INFO - [2026-08-26T11:41:54.866+0000] {dag.py:3239} INFO - Sync 1 DAGs
[2026-08-26T11:41:54.917+0000] {logging_mixin.py:190} INFO - [2026-08-26T11:41:54.917+0000] {dag.py:4180} INFO - Setting next_dagrun for airbyte_to_dbt_pipeline_prod to 2026-08-26 10:00:00+00:00, run_after=2026-08-26 11:00:00+00:00
[2026-08-26T11:41:54.942+0000] {processor.py:208} INFO - Processing /opt/airflow/dags/prod/airbyte_to_dbt_prod.py took 0.167 seconds
[2026-08-26T11:42:25.139+0000] {processor.py:186} INFO - Started process (PID=3666) to work on /opt/airflow/dags/prod/airbyte_to_dbt_prod.py
[2026-08-26T11:42:25.140+0000] {processor.py:914} INFO - Processing file /opt/airflow/dags/prod/airbyte_to_dbt_prod.py for tasks to queue
[2026-08-26T11:42:25.144+0000] {logging_mixin.py:190} INFO - [2026-08-26T11:42:25.144+0000] {dagbag.py:588} INFO - Filling up the DagBag from /opt/airflow/dags/prod/airbyte_to_dbt_prod.py
[2026-08-26T11:42:25.175+0000] {processor.py:925} INFO - DAG(s) 'airbyte_to_dbt_pipeline_prod' retrieved from /opt/airflow/dags/prod/airbyte_to_dbt_prod.py
[2026-08-26T11:42:25.218+0000] {logging_mixin.py:190} INFO - [2026-08-26T11:42:25.217+0000] {dag.py:3239} INFO - Sync 1 DAGs
[2026-08-26T11:42:25.256+0000] {logging_mixin.py:190} INFO - [2026-08-26T11:42:25.256+0000] {dag.py:4180} INFO - Setting next_dagrun for airbyte_to_dbt_pipeline_prod to 2026-08-26 10:00:00+00:00, run_after=2026-08-26 11:00:00+00:00
[2026-08-26T11:42:25.279+0000] {processor.py:208} INFO - Processing /opt/airflow/dags/prod/airbyte_to_dbt_prod.py took 0.152 seconds
[2026-08-26T11:42:55.436+0000] {processor.py:186} INFO - Started process (PID=3676) to work on /opt/airflow/dags/prod/airbyte_to_dbt_prod.py
[2026-08-26T11:42:55.437+0000] {processor.py:914} INFO - Processing file /opt/airflow/dags/prod/airbyte_to_dbt_prod.py for tasks to queue
[2026-08-26T11:42:55.440+0000] {logging_mixin.py:190} INFO - [2026-08-26T11:42:55.440+0000] {dagbag.py:588} INFO - Filling up the DagBag from /opt/airflow/dags/prod/airbyte_to_dbt_prod.py
[2026-08-26T11:42:55.463+0000] {processor.py:925} INFO - DAG(s) 'airbyte_to_dbt_pipeline_prod' retrieved from /opt/airflow/dags/prod/airbyte_to_dbt_prod.py
[2026-08-26T11:42:55.503+0000] {logging_mixin.py:190} INFO - [2026-08-26T11:42:55.502+0000] {dag.py:3239} INFO - Sync 1 DAGs
[2026-08-26T11:42:55.536+0000] {logging_mixin.py:190} INFO - [2026-08-26T11:42:55.536+0000] {dag.py:4180} INFO - Setting next_dagrun for airbyte_to_dbt_pipeline_prod to 2026-08-26 10:00:00+00:00, run_after=2026-08-26 11:00:00+00:00
[2026-08-26T11:42:56.744+0000] {processor.py:208} INFO - Processing /opt/airflow/dags/prod/airbyte_to_dbt_prod.py took 1.318 seconds
[2026-08-26T11:43:26.975+0000] {processor.py:186} INFO - Started process (PID=3686) to work on /opt/airflow/dags/prod/airbyte_to_dbt_prod.py
[2026-08-26T11:43:26.978+0000] {processor.py:914} INFO - Processing file /opt/airflow/dags/prod/airbyte_to_dbt_prod.py for tasks to queue
[2026-08-26T11:43:26.987+0000] {logging_mixin.py:190} INFO - [2026-08-26T11:43:26.987+0000] {dagbag.py:588} INFO - Filling up the DagBag from /opt/airflow/dags/prod/airbyte_to_dbt_prod.py
[2026-08-26T11:43:27.025+0000] {processor.py:925} INFO - DAG(s) 'airbyte_to_dbt_pipeline_prod' retrieved from /opt/airflow/dags/prod/airbyte_to_dbt_prod.py
[2026-08-26T11:43:27.099+0000] {logging_mixin.py:190} INFO - [2026-08-26T11:43:27.099+0000] {dag.py:3239} INFO - Sync 1 DAGs
[2026-08-26T11:43:27.152+0000] {logging_mixin.py:190} INFO - [2026-08-26T11:43:27.151+0000] {dag.py:4180} INFO - Setting next_dagrun for airbyte_to_dbt_pipeline_prod to 2026-08-26 10:00:00+00:00, run_after=2026-08-26 11:00:00+00:00
[2026-08-26T11:43:27.180+0000] {processor.py:208} INFO - Processing /opt/airflow/dags/prod/airbyte_to_dbt_prod.py took 0.219 seconds
[2026-08-26T11:43:57.974+0000] {processor.py:186} INFO - Started process (PID=3694) to work on /opt/airflow/dags/prod/airbyte_to_dbt_prod.py
[2026-08-26T11:43:57.986+0000] {processor.py:914} INFO - Processing file /opt/airflow/dags/prod/airbyte_to_dbt_prod.py for tasks to queue
[2026-08-26T11:43:58.145+0000] {logging_mixin.py:190} INFO - [2026-08-26T11:43:58.126+0000] {dagbag.py:588} INFO - Filling up the DagBag from /opt/airflow/dags/prod/airbyte_to_dbt_prod.py
[2026-08-26T11:43:58.688+0000] {processor.py:925} INFO - DAG(s) 'airbyte_to_dbt_pipeline_prod' retrieved from /opt/airflow/dags/prod/airbyte_to_dbt_prod.py
[2026-08-26T11:43:59.047+0000] {logging_mixin.py:190} INFO - [2026-08-26T11:43:59.046+0000] {dag.py:3239} INFO - Sync 1 DAGs
[2026-08-26T11:43:59.359+0000] {logging_mixin.py:190} INFO - [2026-08-26T11:43:59.359+0000] {dag.py:4180} INFO - Setting next_dagrun for airbyte_to_dbt_pipeline_prod to 2026-08-26 10:00:00+00:00, run_after=2026-08-26 11:00:00+00:00
[2026-08-26T11:43:59.393+0000] {processor.py:208} INFO - Processing /opt/airflow/dags/prod/airbyte_to_dbt_prod.py took 1.691 seconds
[2026-08-26T11:44:29.564+0000] {processor.py:186} INFO - Started process (PID=3706) to work on /opt/airflow/dags/prod/airbyte_to_dbt_prod.py
[2026-08-26T11:44:29.565+0000] {processor.py:914} INFO - Processing file /opt/airflow/dags/prod/airbyte_to_dbt_prod.py for tasks to queue
[2026-08-26T11:44:29.568+0000] {logging_mixin.py:190} INFO - [2026-08-26T11:44:29.568+0000] {dagbag.py:588} INFO - Filling up the DagBag from /opt/airflow/dags/prod/airbyte_to_dbt_prod.py
[2026-08-26T11:44:29.590+0000] {processor.py:925} INFO - DAG(s) 'airbyte_to_dbt_pipeline_prod' retrieved from /opt/airflow/dags/prod/airbyte_to_dbt_prod.py
[2026-08-26T11:44:29.628+0000] {logging_mixin.py:190} INFO - [2026-08-26T11:44:29.628+0000] {dag.py:3239} INFO - Sync 1 DAGs
[2026-08-26T11:44:29.658+0000] {logging_mixin.py:190} INFO - [2026-08-26T11:44:29.658+0000] {dag.py:4180} INFO - Setting next_dagrun for airbyte_to_dbt_pipeline_prod to 2026-08-26 10:00:00+00:00, run_after=2026-08-26 11:00:00+00:00
[2026-08-26T11:44:29.680+0000] {processor.py:208} INFO - Processing /opt/airflow/dags/prod/airbyte_to_dbt_prod.py took 0.124 seconds
[2026-08-26T11:44:59.855+0000] {processor.py:186} INFO - Started process (PID=3716) to work on /opt/airflow/dags/prod/airbyte_to_dbt_prod.py
[2026-08-26T11:44:59.856+0000] {processor.py:914} INFO - Processing file /opt/airflow/dags/prod/airbyte_to_dbt_prod.py for tasks to queue
[2026-08-26T11:44:59.859+0000] {logging_mixin.py:190} INFO - [2026-08-26T11:44:59.858+0000] {dagbag.py:588} INFO - Filling up the DagBag from /opt/airflow/dags/prod/airbyte_to_dbt_prod.py
[2026-08-26T11:44:59.882+0000] {processor.py:925} INFO - DAG(s) 'airbyte_to_dbt_pipeline_prod' retrieved from /opt/airflow/dags/prod/airbyte_to_dbt_prod.py
[2026-08-26T11:44:59.934+0000] {logging_mixin.py:190} INFO - [2026-08-26T11:44:59.934+0000] {dag.py:3239} INFO - Sync 1 DAGs
[2026-08-26T11:44:59.970+0000] {logging_mixin.py:190} INFO - [2026-08-26T11:44:59.970+0000] {dag.py:4180} INFO - Setting next_dagrun for airbyte_to_dbt_pipeline_prod to 2026-08-26 10:00:00+00:00, run_after=2026-08-26 11:00:00+00:00
[2026-08-26T11:44:59.994+0000] {processor.py:208} INFO - Processing /opt/airflow/dags/prod/airbyte_to_dbt_prod.py took 0.150 seconds
[2026-08-26T11:45:30.155+0000] {processor.py:186} INFO - Started process (PID=3726) to work on /opt/airflow/dags/prod/airbyte_to_dbt_prod.py
[2026-08-26T11:45:30.156+0000] {processor.py:914} INFO - Processing file /opt/airflow/dags/prod/airbyte_to_dbt_prod.py for tasks to queue
[2026-08-26T11:45:30.160+0000] {logging_mixin.py:190} INFO - [2026-08-26T11:45:30.159+0000] {dagbag.py:588} INFO - Filling up the DagBag from /opt/airflow/dags/prod/airbyte_to_dbt_prod.py
[2026-08-26T11:45:30.182+0000] {processor.py:925} INFO - DAG(s) 'airbyte_to_dbt_pipeline_prod' retrieved from /opt/airflow/dags/prod/airbyte_to_dbt_prod.py
[2026-08-26T11:45:30.224+0000] {logging_mixin.py:190} INFO - [2026-08-26T11:45:30.223+0000] {dag.py:3239} INFO - Sync 1 DAGs
[2026-08-26T11:45:30.259+0000] {logging_mixin.py:190} INFO - [2026-08-26T11:45:30.258+0000] {dag.py:4180} INFO - Setting next_dagrun for airbyte_to_dbt_pipeline_prod to 2026-08-26 10:00:00+00:00, run_after=2026-08-26 11:00:00+00:00
[2026-08-26T11:45:30.284+0000] {processor.py:208} INFO - Processing /opt/airflow/dags/prod/airbyte_to_dbt_prod.py took 0.139 seconds
[2026-08-26T11:46:00.448+0000] {processor.py:186} INFO - Started process (PID=3736) to work on /opt/airflow/dags/prod/airbyte_to_dbt_prod.py
[2026-08-26T11:46:00.449+0000] {processor.py:914} INFO - Processing file /opt/airflow/dags/prod/airbyte_to_dbt_prod.py for tasks to queue
[2026-08-26T11:46:00.452+0000] {logging_mixin.py:190} INFO - [2026-08-26T11:46:00.451+0000] {dagbag.py:588} INFO - Filling up the DagBag from /opt/airflow/dags/prod/airbyte_to_dbt_prod.py
[2026-08-26T11:46:00.474+0000] {processor.py:925} INFO - DAG(s) 'airbyte_to_dbt_pipeline_prod' retrieved from /opt/airflow/dags/prod/airbyte_to_dbt_prod.py
[2026-08-26T11:46:00.515+0000] {logging_mixin.py:190} INFO - [2026-08-26T11:46:00.515+0000] {dag.py:3239} INFO - Sync 1 DAGs
[2026-08-26T11:46:00.548+0000] {logging_mixin.py:190} INFO - [2026-08-26T11:46:00.548+0000] {dag.py:4180} INFO - Setting next_dagrun for airbyte_to_dbt_pipeline_prod to 2026-08-26 10:00:00+00:00, run_after=2026-08-26 11:00:00+00:00
[2026-08-26T11:46:00.573+0000] {processor.py:208} INFO - Processing /opt/airflow/dags/prod/airbyte_to_dbt_prod.py took 0.134 seconds
[2026-08-26T11:46:30.739+0000] {processor.py:186} INFO - Started process (PID=3746) to work on /opt/airflow/dags/prod/airbyte_to_dbt_prod.py
[2026-08-26T11:46:30.740+0000] {processor.py:914} INFO - Processing file /opt/airflow/dags/prod/airbyte_to_dbt_prod.py for tasks to queue
[2026-08-26T11:46:30.744+0000] {logging_mixin.py:190} INFO - [2026-08-26T11:46:30.744+0000] {dagbag.py:588} INFO - Filling up the DagBag from /opt/airflow/dags/prod/airbyte_to_dbt_prod.py
[2026-08-26T11:46:30.767+0000] {processor.py:925} INFO - DAG(s) 'airbyte_to_dbt_pipeline_prod' retrieved from /opt/airflow/dags/prod/airbyte_to_dbt_prod.py
[2026-08-26T11:46:30.816+0000] {logging_mixin.py:190} INFO - [2026-08-26T11:46:30.816+0000] {dag.py:3239} INFO - Sync 1 DAGs
[2026-08-26T11:46:30.853+0000] {logging_mixin.py:190} INFO - [2026-08-26T11:46:30.853+0000] {dag.py:4180} INFO - Setting next_dagrun for airbyte_to_dbt_pipeline_prod to 2026-08-26 10:00:00+00:00, run_after=2026-08-26 11:00:00+00:00
[2026-08-26T11:46:30.879+0000] {processor.py:208} INFO - Processing /opt/airflow/dags/prod/airbyte_to_dbt_prod.py took 0.150 seconds
[2026-08-26T11:47:01.038+0000] {processor.py:186} INFO - Started process (PID=3756) to work on /opt/airflow/dags/prod/airbyte_to_dbt_prod.py
[2026-08-26T11:47:01.039+0000] {processor.py:914} INFO - Processing file /opt/airflow/dags/prod/airbyte_to_dbt_prod.py for tasks to queue
[2026-08-26T11:47:01.042+0000] {logging_mixin.py:190} INFO - [2026-08-26T11:47:01.042+0000] {dagbag.py:588} INFO - Filling up the DagBag from /opt/airflow/dags/prod/airbyte_to_dbt_prod.py
[2026-08-26T11:47:01.063+0000] {processor.py:925} INFO - DAG(s) 'airbyte_to_dbt_pipeline_prod' retrieved from /opt/airflow/dags/prod/airbyte_to_dbt_prod.py
[2026-08-26T11:47:01.114+0000] {logging_mixin.py:190} INFO - [2026-08-26T11:47:01.114+0000] {dag.py:3239} INFO - Sync 1 DAGs
[2026-08-26T11:47:01.151+0000] {logging_mixin.py:190} INFO - [2026-08-26T11:47:01.151+0000] {dag.py:4180} INFO - Setting next_dagrun for airbyte_to_dbt_pipeline_prod to 2026-08-26 10:00:00+00:00, run_after=2026-08-26 11:00:00+00:00
[2026-08-26T11:47:01.174+0000] {processor.py:208} INFO - Processing /opt/airflow/dags/prod/airbyte_to_dbt_prod.py took 0.146 seconds
[2026-08-26T11:47:31.342+0000] {processor.py:186} INFO - Started process (PID=3766) to work on /opt/airflow/dags/prod/airbyte_to_dbt_prod.py
[2026-08-26T11:47:31.343+0000] {processor.py:914} INFO - Processing file /opt/airflow/dags/prod/airbyte_to_dbt_prod.py for tasks to queue
[2026-08-26T11:47:31.346+0000] {logging_mixin.py:190} INFO - [2026-08-26T11:47:31.346+0000] {dagbag.py:588} INFO - Filling up the DagBag from /opt/airflow/dags/prod/airbyte_to_dbt_prod.py
[2026-08-26T11:47:31.370+0000] {processor.py:925} INFO - DAG(s) 'airbyte_to_dbt_pipeline_prod' retrieved from /opt/airflow/dags/prod/airbyte_to_dbt_prod.py
[2026-08-26T11:47:31.415+0000] {logging_mixin.py:190} INFO - [2026-08-26T11:47:31.415+0000] {dag.py:3239} INFO - Sync 1 DAGs
[2026-08-26T11:47:31.446+0000] {logging_mixin.py:190} INFO - [2026-08-26T11:47:31.446+0000] {dag.py:4180} INFO - Setting next_dagrun for airbyte_to_dbt_pipeline_prod to 2026-08-26 10:00:00+00:00, run_after=2026-08-26 11:00:00+00:00
[2026-08-26T11:47:31.471+0000] {processor.py:208} INFO - Processing /opt/airflow/dags/prod/airbyte_to_dbt_prod.py took 0.137 seconds
[2026-08-26T11:48:01.628+0000] {processor.py:186} INFO - Started process (PID=3776) to work on /opt/airflow/dags/prod/airbyte_to_dbt_prod.py
[2026-08-26T11:48:01.629+0000] {processor.py:914} INFO - Processing file /opt/airflow/dags/prod/airbyte_to_dbt_prod.py for tasks to queue
[2026-08-26T11:48:01.632+0000] {logging_mixin.py:190} INFO - [2026-08-26T11:48:01.632+0000] {dagbag.py:588} INFO - Filling up the DagBag from /opt/airflow/dags/prod/airbyte_to_dbt_prod.py
[2026-08-26T11:48:01.663+0000] {processor.py:925} INFO - DAG(s) 'airbyte_to_dbt_pipeline_prod' retrieved from /opt/airflow/dags/prod/airbyte_to_dbt_prod.py
[2026-08-26T11:48:01.708+0000] {logging_mixin.py:190} INFO - [2026-08-26T11:48:01.707+0000] {dag.py:3239} INFO - Sync 1 DAGs
[2026-08-26T11:48:01.738+0000] {logging_mixin.py:190} INFO - [2026-08-26T11:48:01.737+0000] {dag.py:4180} INFO - Setting next_dagrun for airbyte_to_dbt_pipeline_prod to 2026-08-26 10:00:00+00:00, run_after=2026-08-26 11:00:00+00:00
[2026-08-26T11:48:01.763+0000] {processor.py:208} INFO - Processing /opt/airflow/dags/prod/airbyte_to_dbt_prod.py took 0.145 seconds
[2026-08-26T11:48:31.932+0000] {processor.py:186} INFO - Started process (PID=3786) to work on /opt/airflow/dags/prod/airbyte_to_dbt_prod.py
[2026-08-26T11:48:31.933+0000] {processor.py:914} INFO - Processing file /opt/airflow/dags/prod/airbyte_to_dbt_prod.py for tasks to queue
[2026-08-26T11:48:31.936+0000] {logging_mixin.py:190} INFO - [2026-08-26T11:48:31.936+0000] {dagbag.py:588} INFO - Filling up the DagBag from /opt/airflow/dags/prod/airbyte_to_dbt_prod.py
[2026-08-26T11:48:31.959+0000] {processor.py:925} INFO - DAG(s) 'airbyte_to_dbt_pipeline_prod' retrieved from /opt/airflow/dags/prod/airbyte_to_dbt_prod.py
[2026-08-26T11:48:32.010+0000] {logging_mixin.py:190} INFO - [2026-08-26T11:48:32.010+0000] {dag.py:3239} INFO - Sync 1 DAGs
[2026-08-26T11:48:32.047+0000] {logging_mixin.py:190} INFO - [2026-08-26T11:48:32.046+0000] {dag.py:4180} INFO - Setting next_dagrun for airbyte_to_dbt_pipeline_prod to 2026-08-26 10:00:00+00:00, run_after=2026-08-26 11:00:00+00:00
[2026-08-26T11:48:32.070+0000] {processor.py:208} INFO - Processing /opt/airflow/dags/prod/airbyte_to_dbt_prod.py took 0.146 seconds
[2026-08-26T11:49:02.236+0000] {processor.py:186} INFO - Started process (PID=3796) to work on /opt/airflow/dags/prod/airbyte_to_dbt_prod.py
[2026-08-26T11:49:02.238+0000] {processor.py:914} INFO - Processing file /opt/airflow/dags/prod/airbyte_to_dbt_prod.py for tasks to queue
[2026-08-26T11:49:02.241+0000] {logging_mixin.py:190} INFO - [2026-08-26T11:49:02.241+0000] {dagbag.py:588} INFO - Filling up the DagBag from /opt/airflow/dags/prod/airbyte_to_dbt_prod.py
[2026-08-26T11:49:02.274+0000] {processor.py:925} INFO - DAG(s) 'airbyte_to_dbt_pipeline_prod' retrieved from /opt/airflow/dags/prod/airbyte_to_dbt_prod.py
[2026-08-26T11:49:02.369+0000] {logging_mixin.py:190} INFO - [2026-08-26T11:49:02.368+0000] {dag.py:3239} INFO - Sync 1 DAGs
[2026-08-26T11:49:02.413+0000] {logging_mixin.py:190} INFO - [2026-08-26T11:49:02.413+0000] {dag.py:4180} INFO - Setting next_dagrun for airbyte_to_dbt_pipeline_prod to 2026-08-26 10:00:00+00:00, run_after=2026-08-26 11:00:00+00:00
[2026-08-26T11:49:02.442+0000] {processor.py:208} INFO - Processing /opt/airflow/dags/prod/airbyte_to_dbt_prod.py took 0.217 seconds
[2026-08-26T11:49:32.595+0000] {processor.py:186} INFO - Started process (PID=3806) to work on /opt/airflow/dags/prod/airbyte_to_dbt_prod.py
[2026-08-26T11:49:32.596+0000] {processor.py:914} INFO - Processing file /opt/airflow/dags/prod/airbyte_to_dbt_prod.py for tasks to queue
[2026-08-26T11:49:32.599+0000] {logging_mixin.py:190} INFO - [2026-08-26T11:49:32.599+0000] {dagbag.py:588} INFO - Filling up the DagBag from /opt/airflow/dags/prod/airbyte_to_dbt_prod.py
[2026-08-26T11:49:32.622+0000] {processor.py:925} INFO - DAG(s) 'airbyte_to_dbt_pipeline_prod' retrieved from /opt/airflow/dags/prod/airbyte_to_dbt_prod.py
[2026-08-26T11:49:32.664+0000] {logging_mixin.py:190} INFO - [2026-08-26T11:49:32.663+0000] {dag.py:3239} INFO - Sync 1 DAGs
[2026-08-26T11:49:32.700+0000] {logging_mixin.py:190} INFO - [2026-08-26T11:49:32.700+0000] {dag.py:4180} INFO - Setting next_dagrun for airbyte_to_dbt_pipeline_prod to 2026-08-26 10:00:00+00:00, run_after=2026-08-26 11:00:00+00:00
[2026-08-26T11:49:32.724+0000] {processor.py:208} INFO - Processing /opt/airflow/dags/prod/airbyte_to_dbt_prod.py took 0.139 seconds
[2026-08-26T11:50:02.903+0000] {processor.py:186} INFO - Started process (PID=3816) to work on /opt/airflow/dags/prod/airbyte_to_dbt_prod.py
[2026-08-26T11:50:02.904+0000] {processor.py:914} INFO - Processing file /opt/airflow/dags/prod/airbyte_to_dbt_prod.py for tasks to queue
[2026-08-26T11:50:02.907+0000] {logging_mixin.py:190} INFO - [2026-08-26T11:50:02.907+0000] {dagbag.py:588} INFO - Filling up the DagBag from /opt/airflow/dags/prod/airbyte_to_dbt_prod.py
[2026-08-26T11:50:02.930+0000] {processor.py:925} INFO - DAG(s) 'airbyte_to_dbt_pipeline_prod' retrieved from /opt/airflow/dags/prod/airbyte_to_dbt_prod.py
[2026-08-26T11:50:02.968+0000] {logging_mixin.py:190} INFO - [2026-08-26T11:50:02.968+0000] {dag.py:3239} INFO - Sync 1 DAGs
[2026-08-26T11:50:02.999+0000] {logging_mixin.py:190} INFO - [2026-08-26T11:50:02.999+0000] {dag.py:4180} INFO - Setting next_dagrun for airbyte_to_dbt_pipeline_prod to 2026-08-26 10:00:00+00:00, run_after=2026-08-26 11:00:00+00:00
[2026-08-26T11:50:03.022+0000] {processor.py:208} INFO - Processing /opt/airflow/dags/prod/airbyte_to_dbt_prod.py took 0.129 seconds
[2026-08-26T11:50:33.191+0000] {processor.py:186} INFO - Started process (PID=3826) to work on /opt/airflow/dags/prod/airbyte_to_dbt_prod.py
[2026-08-26T11:50:33.192+0000] {processor.py:914} INFO - Processing file /opt/airflow/dags/prod/airbyte_to_dbt_prod.py for tasks to queue
[2026-08-26T11:50:33.195+0000] {logging_mixin.py:190} INFO - [2026-08-26T11:50:33.194+0000] {dagbag.py:588} INFO - Filling up the DagBag from /opt/airflow/dags/prod/airbyte_to_dbt_prod.py
[2026-08-26T11:50:33.219+0000] {processor.py:925} INFO - DAG(s) 'airbyte_to_dbt_pipeline_prod' retrieved from /opt/airflow/dags/prod/airbyte_to_dbt_prod.py
[2026-08-26T11:50:33.262+0000] {logging_mixin.py:190} INFO - [2026-08-26T11:50:33.262+0000] {dag.py:3239} INFO - Sync 1 DAGs
[2026-08-26T11:50:33.295+0000] {logging_mixin.py:190} INFO - [2026-08-26T11:50:33.295+0000] {dag.py:4180} INFO - Setting next_dagrun for airbyte_to_dbt_pipeline_prod to 2026-08-26 10:00:00+00:00, run_after=2026-08-26 11:00:00+00:00
[2026-08-26T11:50:33.318+0000] {processor.py:208} INFO - Processing /opt/airflow/dags/prod/airbyte_to_dbt_prod.py took 0.135 seconds
[2026-08-26T11:51:03.482+0000] {processor.py:186} INFO - Started process (PID=3836) to work on /opt/airflow/dags/prod/airbyte_to_dbt_prod.py
[2026-08-26T11:51:03.483+0000] {processor.py:914} INFO - Processing file /opt/airflow/dags/prod/airbyte_to_dbt_prod.py for tasks to queue
[2026-08-26T11:51:03.486+0000] {logging_mixin.py:190} INFO - [2026-08-26T11:51:03.486+0000] {dagbag.py:588} INFO - Filling up the DagBag from /opt/airflow/dags/prod/airbyte_to_dbt_prod.py
[2026-08-26T11:51:03.507+0000] {processor.py:925} INFO - DAG(s) 'airbyte_to_dbt_pipeline_prod' retrieved from /opt/airflow/dags/prod/airbyte_to_dbt_prod.py
[2026-08-26T11:51:03.558+0000] {logging_mixin.py:190} INFO - [2026-08-26T11:51:03.558+0000] {dag.py:3239} INFO - Sync 1 DAGs
[2026-08-26T11:51:03.593+0000] {logging_mixin.py:190} INFO - [2026-08-26T11:51:03.592+0000] {dag.py:4180} INFO - Setting next_dagrun for airbyte_to_dbt_pipeline_prod to 2026-08-26 10:00:00+00:00, run_after=2026-08-26 11:00:00+00:00
[2026-08-26T11:51:03.615+0000] {processor.py:208} INFO - Processing /opt/airflow/dags/prod/airbyte_to_dbt_prod.py took 0.141 seconds
[2026-08-26T11:51:33.800+0000] {processor.py:186} INFO - Started process (PID=3846) to work on /opt/airflow/dags/prod/airbyte_to_dbt_prod.py
[2026-08-26T11:51:33.801+0000] {processor.py:914} INFO - Processing file /opt/airflow/dags/prod/airbyte_to_dbt_prod.py for tasks to queue
[2026-08-26T11:51:33.805+0000] {logging_mixin.py:190} INFO - [2026-08-26T11:51:33.805+0000] {dagbag.py:588} INFO - Filling up the DagBag from /opt/airflow/dags/prod/airbyte_to_dbt_prod.py
[2026-08-26T11:51:33.835+0000] {processor.py:925} INFO - DAG(s) 'airbyte_to_dbt_pipeline_prod' retrieved from /opt/airflow/dags/prod/airbyte_to_dbt_prod.py
[2026-08-26T11:51:33.879+0000] {logging_mixin.py:190} INFO - [2026-08-26T11:51:33.879+0000] {dag.py:3239} INFO - Sync 1 DAGs
[2026-08-26T11:51:33.910+0000] {logging_mixin.py:190} INFO - [2026-08-26T11:51:33.910+0000] {dag.py:4180} INFO - Setting next_dagrun for airbyte_to_dbt_pipeline_prod to 2026-08-26 10:00:00+00:00, run_after=2026-08-26 11:00:00+00:00
[2026-08-26T11:51:33.934+0000] {processor.py:208} INFO - Processing /opt/airflow/dags/prod/airbyte_to_dbt_prod.py took 0.145 seconds
[2026-08-26T11:52:04.098+0000] {processor.py:186} INFO - Started process (PID=3856) to work on /opt/airflow/dags/prod/airbyte_to_dbt_prod.py
[2026-08-26T11:52:04.100+0000] {processor.py:914} INFO - Processing file /opt/airflow/dags/prod/airbyte_to_dbt_prod.py for tasks to queue
[2026-08-26T11:52:04.102+0000] {logging_mixin.py:190} INFO - [2026-08-26T11:52:04.102+0000] {dagbag.py:588} INFO - Filling up the DagBag from /opt/airflow/dags/prod/airbyte_to_dbt_prod.py
[2026-08-26T11:52:04.125+0000] {processor.py:925} INFO - DAG(s) 'airbyte_to_dbt_pipeline_prod' retrieved from /opt/airflow/dags/prod/airbyte_to_dbt_prod.py
[2026-08-26T11:52:04.166+0000] {logging_mixin.py:190} INFO - [2026-08-26T11:52:04.166+0000] {dag.py:3239} INFO - Sync 1 DAGs
[2026-08-26T11:52:04.200+0000] {logging_mixin.py:190} INFO - [2026-08-26T11:52:04.200+0000] {dag.py:4180} INFO - Setting next_dagrun for airbyte_to_dbt_pipeline_prod to 2026-08-26 10:00:00+00:00, run_after=2026-08-26 11:00:00+00:00
[2026-08-26T11:52:04.225+0000] {processor.py:208} INFO - Processing /opt/airflow/dags/prod/airbyte_to_dbt_prod.py took 0.136 seconds
[2026-08-26T11:52:34.396+0000] {processor.py:186} INFO - Started process (PID=3866) to work on /opt/airflow/dags/prod/airbyte_to_dbt_prod.py
[2026-08-26T11:52:34.397+0000] {processor.py:914} INFO - Processing file /opt/airflow/dags/prod/airbyte_to_dbt_prod.py for tasks to queue
[2026-08-26T11:52:34.400+0000] {logging_mixin.py:190} INFO - [2026-08-26T11:52:34.400+0000] {dagbag.py:588} INFO - Filling up the DagBag from /opt/airflow/dags/prod/airbyte_to_dbt_prod.py
[2026-08-26T11:52:34.421+0000] {processor.py:925} INFO - DAG(s) 'airbyte_to_dbt_pipeline_prod' retrieved from /opt/airflow/dags/prod/airbyte_to_dbt_prod.py
[2026-08-26T11:52:34.472+0000] {logging_mixin.py:190} INFO - [2026-08-26T11:52:34.472+0000] {dag.py:3239} INFO - Sync 1 DAGs
[2026-08-26T11:52:34.505+0000] {logging_mixin.py:190} INFO - [2026-08-26T11:52:34.504+0000] {dag.py:4180} INFO - Setting next_dagrun for airbyte_to_dbt_pipeline_prod to 2026-08-26 10:00:00+00:00, run_after=2026-08-26 11:00:00+00:00
[2026-08-26T11:52:34.529+0000] {processor.py:208} INFO - Processing /opt/airflow/dags/prod/airbyte_to_dbt_prod.py took 0.141 seconds
[2026-08-26T11:53:04.692+0000] {processor.py:186} INFO - Started process (PID=3876) to work on /opt/airflow/dags/prod/airbyte_to_dbt_prod.py
[2026-08-26T11:53:04.694+0000] {processor.py:914} INFO - Processing file /opt/airflow/dags/prod/airbyte_to_dbt_prod.py for tasks to queue
[2026-08-26T11:53:04.698+0000] {logging_mixin.py:190} INFO - [2026-08-26T11:53:04.697+0000] {dagbag.py:588} INFO - Filling up the DagBag from /opt/airflow/dags/prod/airbyte_to_dbt_prod.py
[2026-08-26T11:53:04.721+0000] {processor.py:925} INFO - DAG(s) 'airbyte_to_dbt_pipeline_prod' retrieved from /opt/airflow/dags/prod/airbyte_to_dbt_prod.py
[2026-08-26T11:53:04.776+0000] {logging_mixin.py:190} INFO - [2026-08-26T11:53:04.776+0000] {dag.py:3239} INFO - Sync 1 DAGs
[2026-08-26T11:53:04.813+0000] {logging_mixin.py:190} INFO - [2026-08-26T11:53:04.813+0000] {dag.py:4180} INFO - Setting next_dagrun for airbyte_to_dbt_pipeline_prod to 2026-08-26 10:00:00+00:00, run_after=2026-08-26 11:00:00+00:00
[2026-08-26T11:53:04.835+0000] {processor.py:208} INFO - Processing /opt/airflow/dags/prod/airbyte_to_dbt_prod.py took 0.154 seconds
[2026-08-26T11:53:35.000+0000] {processor.py:186} INFO - Started process (PID=3886) to work on /opt/airflow/dags/prod/airbyte_to_dbt_prod.py
[2026-08-26T11:53:35.001+0000] {processor.py:914} INFO - Processing file /opt/airflow/dags/prod/airbyte_to_dbt_prod.py for tasks to queue
[2026-08-26T11:53:35.005+0000] {logging_mixin.py:190} INFO - [2026-08-26T11:53:35.004+0000] {dagbag.py:588} INFO - Filling up the DagBag from /opt/airflow/dags/prod/airbyte_to_dbt_prod.py
[2026-08-26T11:53:35.031+0000] {processor.py:925} INFO - DAG(s) 'airbyte_to_dbt_pipeline_prod' retrieved from /opt/airflow/dags/prod/airbyte_to_dbt_prod.py
[2026-08-26T11:53:35.076+0000] {logging_mixin.py:190} INFO - [2026-08-26T11:53:35.076+0000] {dag.py:3239} INFO - Sync 1 DAGs
[2026-08-26T11:53:35.106+0000] {logging_mixin.py:190} INFO - [2026-08-26T11:53:35.106+0000] {dag.py:4180} INFO - Setting next_dagrun for airbyte_to_dbt_pipeline_prod to 2026-08-26 10:00:00+00:00, run_after=2026-08-26 11:00:00+00:00
[2026-08-26T11:53:35.132+0000] {processor.py:208} INFO - Processing /opt/airflow/dags/prod/airbyte_to_dbt_prod.py took 0.140 seconds
[2026-08-26T11:54:05.291+0000] {processor.py:186} INFO - Started process (PID=3896) to work on /opt/airflow/dags/prod/airbyte_to_dbt_prod.py
[2026-08-26T11:54:05.292+0000] {processor.py:914} INFO - Processing file /opt/airflow/dags/prod/airbyte_to_dbt_prod.py for tasks to queue
[2026-08-26T11:54:05.296+0000] {logging_mixin.py:190} INFO - [2026-08-26T11:54:05.296+0000] {dagbag.py:588} INFO - Filling up the DagBag from /opt/airflow/dags/prod/airbyte_to_dbt_prod.py
[2026-08-26T11:54:05.318+0000] {processor.py:925} INFO - DAG(s) 'airbyte_to_dbt_pipeline_prod' retrieved from /opt/airflow/dags/prod/airbyte_to_dbt_prod.py
[2026-08-26T11:54:05.387+0000] {logging_mixin.py:190} INFO - [2026-08-26T11:54:05.387+0000] {dag.py:3239} INFO - Sync 1 DAGs
[2026-08-26T11:54:05.426+0000] {logging_mixin.py:190} INFO - [2026-08-26T11:54:05.426+0000] {dag.py:4180} INFO - Setting next_dagrun for airbyte_to_dbt_pipeline_prod to 2026-08-26 10:00:00+00:00, run_after=2026-08-26 11:00:00+00:00
[2026-08-26T11:54:05.450+0000] {processor.py:208} INFO - Processing /opt/airflow/dags/prod/airbyte_to_dbt_prod.py took 0.167 seconds
[2026-08-26T11:54:35.606+0000] {processor.py:186} INFO - Started process (PID=3906) to work on /opt/airflow/dags/prod/airbyte_to_dbt_prod.py
[2026-08-26T11:54:35.607+0000] {processor.py:914} INFO - Processing file /opt/airflow/dags/prod/airbyte_to_dbt_prod.py for tasks to queue
[2026-08-26T11:54:35.610+0000] {logging_mixin.py:190} INFO - [2026-08-26T11:54:35.610+0000] {dagbag.py:588} INFO - Filling up the DagBag from /opt/airflow/dags/prod/airbyte_to_dbt_prod.py
[2026-08-26T11:54:35.632+0000] {processor.py:925} INFO - DAG(s) 'airbyte_to_dbt_pipeline_prod' retrieved from /opt/airflow/dags/prod/airbyte_to_dbt_prod.py
[2026-08-26T11:54:35.684+0000] {logging_mixin.py:190} INFO - [2026-08-26T11:54:35.684+0000] {dag.py:3239} INFO - Sync 1 DAGs
[2026-08-26T11:54:35.721+0000] {logging_mixin.py:190} INFO - [2026-08-26T11:54:35.720+0000] {dag.py:4180} INFO - Setting next_dagrun for airbyte_to_dbt_pipeline_prod to 2026-08-26 10:00:00+00:00, run_after=2026-08-26 11:00:00+00:00
[2026-08-26T11:54:35.746+0000] {processor.py:208} INFO - Processing /opt/airflow/dags/prod/airbyte_to_dbt_prod.py took 0.149 seconds
[2026-08-26T11:55:05.920+0000] {processor.py:186} INFO - Started process (PID=3916) to work on /opt/airflow/dags/prod/airbyte_to_dbt_prod.py
[2026-08-26T11:55:05.921+0000] {processor.py:914} INFO - Processing file /opt/airflow/dags/prod/airbyte_to_dbt_prod.py for tasks to queue
[2026-08-26T11:55:05.924+0000] {logging_mixin.py:190} INFO - [2026-08-26T11:55:05.924+0000] {dagbag.py:588} INFO - Filling up the DagBag from /opt/airflow/dags/prod/airbyte_to_dbt_prod.py
[2026-08-26T11:55:05.946+0000] {processor.py:925} INFO - DAG(s) 'airbyte_to_dbt_pipeline_prod' retrieved from /opt/airflow/dags/prod/airbyte_to_dbt_prod.py
[2026-08-26T11:55:05.987+0000] {logging_mixin.py:190} INFO - [2026-08-26T11:55:05.987+0000] {dag.py:3239} INFO - Sync 1 DAGs
[2026-08-26T11:55:06.022+0000] {logging_mixin.py:190} INFO - [2026-08-26T11:55:06.021+0000] {dag.py:4180} INFO - Setting next_dagrun for airbyte_to_dbt_pipeline_prod to 2026-08-26 10:00:00+00:00, run_after=2026-08-26 11:00:00+00:00
[2026-08-26T11:55:06.045+0000] {processor.py:208} INFO - Processing /opt/airflow/dags/prod/airbyte_to_dbt_prod.py took 0.134 seconds
[2026-08-26T11:55:36.246+0000] {processor.py:186} INFO - Started process (PID=3926) to work on /opt/airflow/dags/prod/airbyte_to_dbt_prod.py
[2026-08-26T11:55:36.247+0000] {processor.py:914} INFO - Processing file /opt/airflow/dags/prod/airbyte_to_dbt_prod.py for tasks to queue
[2026-08-26T11:55:36.255+0000] {logging_mixin.py:190} INFO - [2026-08-26T11:55:36.254+0000] {dagbag.py:588} INFO - Filling up the DagBag from /opt/airflow/dags/prod/airbyte_to_dbt_prod.py
[2026-08-26T11:55:36.306+0000] {processor.py:925} INFO - DAG(s) 'airbyte_to_dbt_pipeline_prod' retrieved from /opt/airflow/dags/prod/airbyte_to_dbt_prod.py
[2026-08-26T11:55:36.375+0000] {logging_mixin.py:190} INFO - [2026-08-26T11:55:36.374+0000] {dag.py:3239} INFO - Sync 1 DAGs
[2026-08-26T11:55:36.419+0000] {logging_mixin.py:190} INFO - [2026-08-26T11:55:36.419+0000] {dag.py:4180} INFO - Setting next_dagrun for airbyte_to_dbt_pipeline_prod to 2026-08-26 10:00:00+00:00, run_after=2026-08-26 11:00:00+00:00
[2026-08-26T11:55:36.447+0000] {processor.py:208} INFO - Processing /opt/airflow/dags/prod/airbyte_to_dbt_prod.py took 0.226 seconds
[2026-08-26T11:56:06.608+0000] {processor.py:186} INFO - Started process (PID=3936) to work on /opt/airflow/dags/prod/airbyte_to_dbt_prod.py
[2026-08-26T11:56:06.611+0000] {processor.py:914} INFO - Processing file /opt/airflow/dags/prod/airbyte_to_dbt_prod.py for tasks to queue
[2026-08-26T11:56:06.614+0000] {logging_mixin.py:190} INFO - [2026-08-26T11:56:06.614+0000] {dagbag.py:588} INFO - Filling up the DagBag from /opt/airflow/dags/prod/airbyte_to_dbt_prod.py
[2026-08-26T11:56:06.637+0000] {processor.py:925} INFO - DAG(s) 'airbyte_to_dbt_pipeline_prod' retrieved from /opt/airflow/dags/prod/airbyte_to_dbt_prod.py
[2026-08-26T11:56:06.691+0000] {logging_mixin.py:190} INFO - [2026-08-26T11:56:06.691+0000] {dag.py:3239} INFO - Sync 1 DAGs
[2026-08-26T11:56:06.725+0000] {logging_mixin.py:190} INFO - [2026-08-26T11:56:06.724+0000] {dag.py:4180} INFO - Setting next_dagrun for airbyte_to_dbt_pipeline_prod to 2026-08-26 10:00:00+00:00, run_after=2026-08-26 11:00:00+00:00
[2026-08-26T11:56:06.746+0000] {processor.py:208} INFO - Processing /opt/airflow/dags/prod/airbyte_to_dbt_prod.py took 0.148 seconds
[2026-08-26T11:56:36.910+0000] {processor.py:186} INFO - Started process (PID=3946) to work on /opt/airflow/dags/prod/airbyte_to_dbt_prod.py
[2026-08-26T11:56:36.911+0000] {processor.py:914} INFO - Processing file /opt/airflow/dags/prod/airbyte_to_dbt_prod.py for tasks to queue
[2026-08-26T11:56:36.914+0000] {logging_mixin.py:190} INFO - [2026-08-26T11:56:36.914+0000] {dagbag.py:588} INFO - Filling up the DagBag from /opt/airflow/dags/prod/airbyte_to_dbt_prod.py
[2026-08-26T11:56:36.936+0000] {processor.py:925} INFO - DAG(s) 'airbyte_to_dbt_pipeline_prod' retrieved from /opt/airflow/dags/prod/airbyte_to_dbt_prod.py
[2026-08-26T11:56:36.977+0000] {logging_mixin.py:190} INFO - [2026-08-26T11:56:36.977+0000] {dag.py:3239} INFO - Sync 1 DAGs
[2026-08-26T11:56:37.009+0000] {logging_mixin.py:190} INFO - [2026-08-26T11:56:37.009+0000] {dag.py:4180} INFO - Setting next_dagrun for airbyte_to_dbt_pipeline_prod to 2026-08-26 10:00:00+00:00, run_after=2026-08-26 11:00:00+00:00
[2026-08-26T11:56:37.036+0000] {processor.py:208} INFO - Processing /opt/airflow/dags/prod/airbyte_to_dbt_prod.py took 0.135 seconds
[2026-08-26T11:57:07.198+0000] {processor.py:186} INFO - Started process (PID=3956) to work on /opt/airflow/dags/prod/airbyte_to_dbt_prod.py
[2026-08-26T11:57:07.199+0000] {processor.py:914} INFO - Processing file /opt/airflow/dags/prod/airbyte_to_dbt_prod.py for tasks to queue
[2026-08-26T11:57:07.203+0000] {logging_mixin.py:190} INFO - [2026-08-26T11:57:07.202+0000] {dagbag.py:588} INFO - Filling up the DagBag from /opt/airflow/dags/prod/airbyte_to_dbt_prod.py
[2026-08-26T11:57:07.225+0000] {processor.py:925} INFO - DAG(s) 'airbyte_to_dbt_pipeline_prod' retrieved from /opt/airflow/dags/prod/airbyte_to_dbt_prod.py
[2026-08-26T11:57:07.265+0000] {logging_mixin.py:190} INFO - [2026-08-26T11:57:07.264+0000] {dag.py:3239} INFO - Sync 1 DAGs
[2026-08-26T11:57:07.295+0000] {logging_mixin.py:190} INFO - [2026-08-26T11:57:07.294+0000] {dag.py:4180} INFO - Setting next_dagrun for airbyte_to_dbt_pipeline_prod to 2026-08-26 10:00:00+00:00, run_after=2026-08-26 11:00:00+00:00
[2026-08-26T11:57:07.317+0000] {processor.py:208} INFO - Processing /opt/airflow/dags/prod/airbyte_to_dbt_prod.py took 0.129 seconds
[2026-08-26T11:57:37.482+0000] {processor.py:186} INFO - Started process (PID=3966) to work on /opt/airflow/dags/prod/airbyte_to_dbt_prod.py
[2026-08-26T11:57:37.483+0000] {processor.py:914} INFO - Processing file /opt/airflow/dags/prod/airbyte_to_dbt_prod.py for tasks to queue
[2026-08-26T11:57:37.487+0000] {logging_mixin.py:190} INFO - [2026-08-26T11:57:37.486+0000] {dagbag.py:588} INFO - Filling up the DagBag from /opt/airflow/dags/prod/airbyte_to_dbt_prod.py
[2026-08-26T11:57:37.511+0000] {processor.py:925} INFO - DAG(s) 'airbyte_to_dbt_pipeline_prod' retrieved from /opt/airflow/dags/prod/airbyte_to_dbt_prod.py
[2026-08-26T11:57:37.550+0000] {logging_mixin.py:190} INFO - [2026-08-26T11:57:37.550+0000] {dag.py:3239} INFO - Sync 1 DAGs
[2026-08-26T11:57:37.579+0000] {logging_mixin.py:190} INFO - [2026-08-26T11:57:37.579+0000] {dag.py:4180} INFO - Setting next_dagrun for airbyte_to_dbt_pipeline_prod to 2026-08-26 10:00:00+00:00, run_after=2026-08-26 11:00:00+00:00
[2026-08-26T11:57:37.603+0000] {processor.py:208} INFO - Processing /opt/airflow/dags/prod/airbyte_to_dbt_prod.py took 0.130 seconds
[2026-08-26T11:58:07.771+0000] {processor.py:186} INFO - Started process (PID=3976) to work on /opt/airflow/dags/prod/airbyte_to_dbt_prod.py
[2026-08-26T11:58:07.772+0000] {processor.py:914} INFO - Processing file /opt/airflow/dags/prod/airbyte_to_dbt_prod.py for tasks to queue
[2026-08-26T11:58:07.775+0000] {logging_mixin.py:190} INFO - [2026-08-26T11:58:07.774+0000] {dagbag.py:588} INFO - Filling up the DagBag from /opt/airflow/dags/prod/airbyte_to_dbt_prod.py
[2026-08-26T11:58:07.797+0000] {processor.py:925} INFO - DAG(s) 'airbyte_to_dbt_pipeline_prod' retrieved from /opt/airflow/dags/prod/airbyte_to_dbt_prod.py
[2026-08-26T11:58:07.838+0000] {logging_mixin.py:190} INFO - [2026-08-26T11:58:07.838+0000] {dag.py:3239} INFO - Sync 1 DAGs
[2026-08-26T11:58:07.875+0000] {logging_mixin.py:190} INFO - [2026-08-26T11:58:07.875+0000] {dag.py:4180} INFO - Setting next_dagrun for airbyte_to_dbt_pipeline_prod to 2026-08-26 10:00:00+00:00, run_after=2026-08-26 11:00:00+00:00
[2026-08-26T11:58:07.897+0000] {processor.py:208} INFO - Processing /opt/airflow/dags/prod/airbyte_to_dbt_prod.py took 0.135 seconds
[2026-08-26T11:58:38.056+0000] {processor.py:186} INFO - Started process (PID=3986) to work on /opt/airflow/dags/prod/airbyte_to_dbt_prod.py
[2026-08-26T11:58:38.057+0000] {processor.py:914} INFO - Processing file /opt/airflow/dags/prod/airbyte_to_dbt_prod.py for tasks to queue
[2026-08-26T11:58:38.060+0000] {logging_mixin.py:190} INFO - [2026-08-26T11:58:38.059+0000] {dagbag.py:588} INFO - Filling up the DagBag from /opt/airflow/dags/prod/airbyte_to_dbt_prod.py
[2026-08-26T11:58:38.082+0000] {processor.py:925} INFO - DAG(s) 'airbyte_to_dbt_pipeline_prod' retrieved from /opt/airflow/dags/prod/airbyte_to_dbt_prod.py
[2026-08-26T11:58:38.124+0000] {logging_mixin.py:190} INFO - [2026-08-26T11:58:38.124+0000] {dag.py:3239} INFO - Sync 1 DAGs
[2026-08-26T11:58:38.157+0000] {logging_mixin.py:190} INFO - [2026-08-26T11:58:38.156+0000] {dag.py:4180} INFO - Setting next_dagrun for airbyte_to_dbt_pipeline_prod to 2026-08-26 10:00:00+00:00, run_after=2026-08-26 11:00:00+00:00
[2026-08-26T11:58:38.180+0000] {processor.py:208} INFO - Processing /opt/airflow/dags/prod/airbyte_to_dbt_prod.py took 0.133 seconds
[2026-08-26T11:59:08.338+0000] {processor.py:186} INFO - Started process (PID=3996) to work on /opt/airflow/dags/prod/airbyte_to_dbt_prod.py
[2026-08-26T11:59:08.339+0000] {processor.py:914} INFO - Processing file /opt/airflow/dags/prod/airbyte_to_dbt_prod.py for tasks to queue
[2026-08-26T11:59:08.342+0000] {logging_mixin.py:190} INFO - [2026-08-26T11:59:08.342+0000] {dagbag.py:588} INFO - Filling up the DagBag from /opt/airflow/dags/prod/airbyte_to_dbt_prod.py
[2026-08-26T11:59:08.366+0000] {processor.py:925} INFO - DAG(s) 'airbyte_to_dbt_pipeline_prod' retrieved from /opt/airflow/dags/prod/airbyte_to_dbt_prod.py
[2026-08-26T11:59:08.408+0000] {logging_mixin.py:190} INFO - [2026-08-26T11:59:08.408+0000] {dag.py:3239} INFO - Sync 1 DAGs
[2026-08-26T11:59:08.444+0000] {logging_mixin.py:190} INFO - [2026-08-26T11:59:08.444+0000] {dag.py:4180} INFO - Setting next_dagrun for airbyte_to_dbt_pipeline_prod to 2026-08-26 10:00:00+00:00, run_after=2026-08-26 11:00:00+00:00
[2026-08-26T11:59:08.470+0000] {processor.py:208} INFO - Processing /opt/airflow/dags/prod/airbyte_to_dbt_prod.py took 0.141 seconds
[2026-08-26T11:59:38.630+0000] {processor.py:186} INFO - Started process (PID=4006) to work on /opt/airflow/dags/prod/airbyte_to_dbt_prod.py
[2026-08-26T11:59:38.631+0000] {processor.py:914} INFO - Processing file /opt/airflow/dags/prod/airbyte_to_dbt_prod.py for tasks to queue
[2026-08-26T11:59:38.634+0000] {logging_mixin.py:190} INFO - [2026-08-26T11:59:38.633+0000] {dagbag.py:588} INFO - Filling up the DagBag from /opt/airflow/dags/prod/airbyte_to_dbt_prod.py
[2026-08-26T11:59:38.655+0000] {processor.py:925} INFO - DAG(s) 'airbyte_to_dbt_pipeline_prod' retrieved from /opt/airflow/dags/prod/airbyte_to_dbt_prod.py
[2026-08-26T11:59:38.696+0000] {logging_mixin.py:190} INFO - [2026-08-26T11:59:38.695+0000] {dag.py:3239} INFO - Sync 1 DAGs
[2026-08-26T11:59:38.730+0000] {logging_mixin.py:190} INFO - [2026-08-26T11:59:38.730+0000] {dag.py:4180} INFO - Setting next_dagrun for airbyte_to_dbt_pipeline_prod to 2026-08-26 10:00:00+00:00, run_after=2026-08-26 11:00:00+00:00
[2026-08-26T11:59:38.754+0000] {processor.py:208} INFO - Processing /opt/airflow/dags/prod/airbyte_to_dbt_prod.py took 0.133 seconds
[2026-08-26T12:00:08.932+0000] {processor.py:186} INFO - Started process (PID=4016) to work on /opt/airflow/dags/prod/airbyte_to_dbt_prod.py
[2026-08-26T12:00:08.933+0000] {processor.py:914} INFO - Processing file /opt/airflow/dags/prod/airbyte_to_dbt_prod.py for tasks to queue
[2026-08-26T12:00:08.936+0000] {logging_mixin.py:190} INFO - [2026-08-26T12:00:08.936+0000] {dagbag.py:588} INFO - Filling up the DagBag from /opt/airflow/dags/prod/airbyte_to_dbt_prod.py
[2026-08-26T12:00:08.958+0000] {processor.py:925} INFO - DAG(s) 'airbyte_to_dbt_pipeline_prod' retrieved from /opt/airflow/dags/prod/airbyte_to_dbt_prod.py
[2026-08-26T12:00:08.995+0000] {logging_mixin.py:190} INFO - [2026-08-26T12:00:08.995+0000] {dag.py:3239} INFO - Sync 1 DAGs
[2026-08-26T12:00:09.026+0000] {logging_mixin.py:190} INFO - [2026-08-26T12:00:09.026+0000] {dag.py:4180} INFO - Setting next_dagrun for airbyte_to_dbt_pipeline_prod to 2026-08-26 11:00:00+00:00, run_after=2026-08-26 12:00:00+00:00
[2026-08-26T12:00:09.049+0000] {processor.py:208} INFO - Processing /opt/airflow/dags/prod/airbyte_to_dbt_prod.py took 0.125 seconds
[2026-08-26T12:00:39.210+0000] {processor.py:186} INFO - Started process (PID=4026) to work on /opt/airflow/dags/prod/airbyte_to_dbt_prod.py
[2026-08-26T12:00:39.211+0000] {processor.py:914} INFO - Processing file /opt/airflow/dags/prod/airbyte_to_dbt_prod.py for tasks to queue
[2026-08-26T12:00:39.214+0000] {logging_mixin.py:190} INFO - [2026-08-26T12:00:39.214+0000] {dagbag.py:588} INFO - Filling up the DagBag from /opt/airflow/dags/prod/airbyte_to_dbt_prod.py
[2026-08-26T12:00:39.237+0000] {processor.py:925} INFO - DAG(s) 'airbyte_to_dbt_pipeline_prod' retrieved from /opt/airflow/dags/prod/airbyte_to_dbt_prod.py
[2026-08-26T12:00:39.277+0000] {logging_mixin.py:190} INFO - [2026-08-26T12:00:39.277+0000] {dag.py:3239} INFO - Sync 1 DAGs
[2026-08-26T12:00:39.308+0000] {logging_mixin.py:190} INFO - [2026-08-26T12:00:39.307+0000] {dag.py:4180} INFO - Setting next_dagrun for airbyte_to_dbt_pipeline_prod to 2026-08-26 11:00:00+00:00, run_after=2026-08-26 12:00:00+00:00
[2026-08-26T12:00:39.331+0000] {processor.py:208} INFO - Processing /opt/airflow/dags/prod/airbyte_to_dbt_prod.py took 0.130 seconds
[2026-08-26T12:01:09.512+0000] {processor.py:186} INFO - Started process (PID=4036) to work on /opt/airflow/dags/prod/airbyte_to_dbt_prod.py
[2026-08-26T12:01:09.513+0000] {processor.py:914} INFO - Processing file /opt/airflow/dags/prod/airbyte_to_dbt_prod.py for tasks to queue
[2026-08-26T12:01:09.517+0000] {logging_mixin.py:190} INFO - [2026-08-26T12:01:09.517+0000] {dagbag.py:588} INFO - Filling up the DagBag from /opt/airflow/dags/prod/airbyte_to_dbt_prod.py
[2026-08-26T12:01:09.546+0000] {processor.py:925} INFO - DAG(s) 'airbyte_to_dbt_pipeline_prod' retrieved from /opt/airflow/dags/prod/airbyte_to_dbt_prod.py
[2026-08-26T12:01:09.586+0000] {logging_mixin.py:190} INFO - [2026-08-26T12:01:09.586+0000] {dag.py:3239} INFO - Sync 1 DAGs
[2026-08-26T12:01:09.616+0000] {logging_mixin.py:190} INFO - [2026-08-26T12:01:09.616+0000] {dag.py:4180} INFO - Setting next_dagrun for airbyte_to_dbt_pipeline_prod to 2026-08-26 11:00:00+00:00, run_after=2026-08-26 12:00:00+00:00
[2026-08-26T12:01:09.640+0000] {processor.py:208} INFO - Processing /opt/airflow/dags/prod/airbyte_to_dbt_prod.py took 0.140 seconds
[2026-08-26T12:01:39.814+0000] {processor.py:186} INFO - Started process (PID=4046) to work on /opt/airflow/dags/prod/airbyte_to_dbt_prod.py
[2026-08-26T12:01:39.815+0000] {processor.py:914} INFO - Processing file /opt/airflow/dags/prod/airbyte_to_dbt_prod.py for tasks to queue
[2026-08-26T12:01:39.819+0000] {logging_mixin.py:190} INFO - [2026-08-26T12:01:39.818+0000] {dagbag.py:588} INFO - Filling up the DagBag from /opt/airflow/dags/prod/airbyte_to_dbt_prod.py
[2026-08-26T12:01:39.848+0000] {processor.py:925} INFO - DAG(s) 'airbyte_to_dbt_pipeline_prod' retrieved from /opt/airflow/dags/prod/airbyte_to_dbt_prod.py
[2026-08-26T12:01:39.917+0000] {logging_mixin.py:190} INFO - [2026-08-26T12:01:39.916+0000] {dag.py:3239} INFO - Sync 1 DAGs
[2026-08-26T12:01:39.954+0000] {logging_mixin.py:190} INFO - [2026-08-26T12:01:39.954+0000] {dag.py:4180} INFO - Setting next_dagrun for airbyte_to_dbt_pipeline_prod to 2026-08-26 11:00:00+00:00, run_after=2026-08-26 12:00:00+00:00
[2026-08-26T12:01:39.981+0000] {processor.py:208} INFO - Processing /opt/airflow/dags/prod/airbyte_to_dbt_prod.py took 0.174 seconds
[2026-08-26T12:02:10.120+0000] {processor.py:186} INFO - Started process (PID=4056) to work on /opt/airflow/dags/prod/airbyte_to_dbt_prod.py
[2026-08-26T12:02:10.121+0000] {processor.py:914} INFO - Processing file /opt/airflow/dags/prod/airbyte_to_dbt_prod.py for tasks to queue
[2026-08-26T12:02:10.125+0000] {logging_mixin.py:190} INFO - [2026-08-26T12:02:10.125+0000] {dagbag.py:588} INFO - Filling up the DagBag from /opt/airflow/dags/prod/airbyte_to_dbt_prod.py
[2026-08-26T12:02:10.154+0000] {processor.py:925} INFO - DAG(s) 'airbyte_to_dbt_pipeline_prod' retrieved from /opt/airflow/dags/prod/airbyte_to_dbt_prod.py
[2026-08-26T12:02:10.205+0000] {logging_mixin.py:190} INFO - [2026-08-26T12:02:10.205+0000] {dag.py:3239} INFO - Sync 1 DAGs
[2026-08-26T12:02:10.243+0000] {logging_mixin.py:190} INFO - [2026-08-26T12:02:10.243+0000] {dag.py:4180} INFO - Setting next_dagrun for airbyte_to_dbt_pipeline_prod to 2026-08-26 11:00:00+00:00, run_after=2026-08-26 12:00:00+00:00
[2026-08-26T12:02:10.266+0000] {processor.py:208} INFO - Processing /opt/airflow/dags/prod/airbyte_to_dbt_prod.py took 0.157 seconds
[2026-08-26T12:02:40.436+0000] {processor.py:186} INFO - Started process (PID=4066) to work on /opt/airflow/dags/prod/airbyte_to_dbt_prod.py
[2026-08-26T12:02:40.437+0000] {processor.py:914} INFO - Processing file /opt/airflow/dags/prod/airbyte_to_dbt_prod.py for tasks to queue
[2026-08-26T12:02:40.442+0000] {logging_mixin.py:190} INFO - [2026-08-26T12:02:40.441+0000] {dagbag.py:588} INFO - Filling up the DagBag from /opt/airflow/dags/prod/airbyte_to_dbt_prod.py
[2026-08-26T12:02:40.477+0000] {processor.py:925} INFO - DAG(s) 'airbyte_to_dbt_pipeline_prod' retrieved from /opt/airflow/dags/prod/airbyte_to_dbt_prod.py
[2026-08-26T12:02:40.533+0000] {logging_mixin.py:190} INFO - [2026-08-26T12:02:40.533+0000] {dag.py:3239} INFO - Sync 1 DAGs
[2026-08-26T12:02:40.585+0000] {logging_mixin.py:190} INFO - [2026-08-26T12:02:40.585+0000] {dag.py:4180} INFO - Setting next_dagrun for airbyte_to_dbt_pipeline_prod to 2026-08-26 11:00:00+00:00, run_after=2026-08-26 12:00:00+00:00
[2026-08-26T12:02:40.624+0000] {processor.py:208} INFO - Processing /opt/airflow/dags/prod/airbyte_to_dbt_prod.py took 0.202 seconds
[2026-08-26T12:03:10.785+0000] {processor.py:186} INFO - Started process (PID=4076) to work on /opt/airflow/dags/prod/airbyte_to_dbt_prod.py
[2026-08-26T12:03:10.786+0000] {processor.py:914} INFO - Processing file /opt/airflow/dags/prod/airbyte_to_dbt_prod.py for tasks to queue
[2026-08-26T12:03:10.792+0000] {logging_mixin.py:190} INFO - [2026-08-26T12:03:10.791+0000] {dagbag.py:588} INFO - Filling up the DagBag from /opt/airflow/dags/prod/airbyte_to_dbt_prod.py
[2026-08-26T12:03:10.828+0000] {processor.py:925} INFO - DAG(s) 'airbyte_to_dbt_pipeline_prod' retrieved from /opt/airflow/dags/prod/airbyte_to_dbt_prod.py
[2026-08-26T12:03:10.892+0000] {logging_mixin.py:190} INFO - [2026-08-26T12:03:10.891+0000] {dag.py:3239} INFO - Sync 1 DAGs
[2026-08-26T12:03:10.932+0000] {logging_mixin.py:190} INFO - [2026-08-26T12:03:10.932+0000] {dag.py:4180} INFO - Setting next_dagrun for airbyte_to_dbt_pipeline_prod to 2026-08-26 11:00:00+00:00, run_after=2026-08-26 12:00:00+00:00
[2026-08-26T12:03:10.956+0000] {processor.py:208} INFO - Processing /opt/airflow/dags/prod/airbyte_to_dbt_prod.py took 0.183 seconds
[2026-08-26T12:03:41.156+0000] {processor.py:186} INFO - Started process (PID=4086) to work on /opt/airflow/dags/prod/airbyte_to_dbt_prod.py
[2026-08-26T12:03:41.157+0000] {processor.py:914} INFO - Processing file /opt/airflow/dags/prod/airbyte_to_dbt_prod.py for tasks to queue
[2026-08-26T12:03:41.163+0000] {logging_mixin.py:190} INFO - [2026-08-26T12:03:41.163+0000] {dagbag.py:588} INFO - Filling up the DagBag from /opt/airflow/dags/prod/airbyte_to_dbt_prod.py
[2026-08-26T12:03:41.203+0000] {processor.py:925} INFO - DAG(s) 'airbyte_to_dbt_pipeline_prod' retrieved from /opt/airflow/dags/prod/airbyte_to_dbt_prod.py
[2026-08-26T12:03:41.285+0000] {logging_mixin.py:190} INFO - [2026-08-26T12:03:41.285+0000] {dag.py:3239} INFO - Sync 1 DAGs
[2026-08-26T12:03:41.329+0000] {logging_mixin.py:190} INFO - [2026-08-26T12:03:41.329+0000] {dag.py:4180} INFO - Setting next_dagrun for airbyte_to_dbt_pipeline_prod to 2026-08-26 11:00:00+00:00, run_after=2026-08-26 12:00:00+00:00
[2026-08-26T12:03:41.364+0000] {processor.py:208} INFO - Processing /opt/airflow/dags/prod/airbyte_to_dbt_prod.py took 0.224 seconds
[2026-08-26T12:04:11.544+0000] {processor.py:186} INFO - Started process (PID=4095) to work on /opt/airflow/dags/prod/airbyte_to_dbt_prod.py
[2026-08-26T12:04:11.546+0000] {processor.py:914} INFO - Processing file /opt/airflow/dags/prod/airbyte_to_dbt_prod.py for tasks to queue
[2026-08-26T12:04:11.558+0000] {logging_mixin.py:190} INFO - [2026-08-26T12:04:11.557+0000] {dagbag.py:588} INFO - Filling up the DagBag from /opt/airflow/dags/prod/airbyte_to_dbt_prod.py
[2026-08-26T12:04:11.651+0000] {processor.py:925} INFO - DAG(s) 'airbyte_to_dbt_pipeline_prod' retrieved from /opt/airflow/dags/prod/airbyte_to_dbt_prod.py
[2026-08-26T12:04:11.745+0000] {logging_mixin.py:190} INFO - [2026-08-26T12:04:11.745+0000] {dag.py:3239} INFO - Sync 1 DAGs
[2026-08-26T12:04:11.838+0000] {logging_mixin.py:190} INFO - [2026-08-26T12:04:11.838+0000] {dag.py:4180} INFO - Setting next_dagrun for airbyte_to_dbt_pipeline_prod to 2026-08-26 11:00:00+00:00, run_after=2026-08-26 12:00:00+00:00
[2026-08-26T12:04:11.867+0000] {processor.py:208} INFO - Processing /opt/airflow/dags/prod/airbyte_to_dbt_prod.py took 0.341 seconds
[2026-08-26T12:04:42.062+0000] {processor.py:186} INFO - Started process (PID=4106) to work on /opt/airflow/dags/prod/airbyte_to_dbt_prod.py
[2026-08-26T12:04:42.063+0000] {processor.py:914} INFO - Processing file /opt/airflow/dags/prod/airbyte_to_dbt_prod.py for tasks to queue
[2026-08-26T12:04:42.066+0000] {logging_mixin.py:190} INFO - [2026-08-26T12:04:42.065+0000] {dagbag.py:588} INFO - Filling up the DagBag from /opt/airflow/dags/prod/airbyte_to_dbt_prod.py
[2026-08-26T12:04:42.104+0000] {processor.py:925} INFO - DAG(s) 'airbyte_to_dbt_pipeline_prod' retrieved from /opt/airflow/dags/prod/airbyte_to_dbt_prod.py
[2026-08-26T12:04:42.154+0000] {logging_mixin.py:190} INFO - [2026-08-26T12:04:42.154+0000] {dag.py:3239} INFO - Sync 1 DAGs
[2026-08-26T12:04:42.190+0000] {logging_mixin.py:190} INFO - [2026-08-26T12:04:42.189+0000] {dag.py:4180} INFO - Setting next_dagrun for airbyte_to_dbt_pipeline_prod to 2026-08-26 11:00:00+00:00, run_after=2026-08-26 12:00:00+00:00
[2026-08-26T12:04:42.214+0000] {processor.py:208} INFO - Processing /opt/airflow/dags/prod/airbyte_to_dbt_prod.py took 0.165 seconds
[2026-08-26T12:05:12.392+0000] {processor.py:186} INFO - Started process (PID=4116) to work on /opt/airflow/dags/prod/airbyte_to_dbt_prod.py
[2026-08-26T12:05:12.394+0000] {processor.py:914} INFO - Processing file /opt/airflow/dags/prod/airbyte_to_dbt_prod.py for tasks to queue
[2026-08-26T12:05:12.397+0000] {logging_mixin.py:190} INFO - [2026-08-26T12:05:12.397+0000] {dagbag.py:588} INFO - Filling up the DagBag from /opt/airflow/dags/prod/airbyte_to_dbt_prod.py
[2026-08-26T12:05:12.422+0000] {processor.py:925} INFO - DAG(s) 'airbyte_to_dbt_pipeline_prod' retrieved from /opt/airflow/dags/prod/airbyte_to_dbt_prod.py
[2026-08-26T12:05:12.465+0000] {logging_mixin.py:190} INFO - [2026-08-26T12:05:12.465+0000] {dag.py:3239} INFO - Sync 1 DAGs
[2026-08-26T12:05:12.493+0000] {logging_mixin.py:190} INFO - [2026-08-26T12:05:12.493+0000] {dag.py:4180} INFO - Setting next_dagrun for airbyte_to_dbt_pipeline_prod to 2026-08-26 11:00:00+00:00, run_after=2026-08-26 12:00:00+00:00
[2026-08-26T12:05:12.518+0000] {processor.py:208} INFO - Processing /opt/airflow/dags/prod/airbyte_to_dbt_prod.py took 0.139 seconds
[2026-08-26T12:05:42.707+0000] {processor.py:186} INFO - Started process (PID=4126) to work on /opt/airflow/dags/prod/airbyte_to_dbt_prod.py
[2026-08-26T12:05:42.708+0000] {processor.py:914} INFO - Processing file /opt/airflow/dags/prod/airbyte_to_dbt_prod.py for tasks to queue
[2026-08-26T12:05:42.711+0000] {logging_mixin.py:190} INFO - [2026-08-26T12:05:42.710+0000] {dagbag.py:588} INFO - Filling up the DagBag from /opt/airflow/dags/prod/airbyte_to_dbt_prod.py
[2026-08-26T12:05:42.736+0000] {processor.py:925} INFO - DAG(s) 'airbyte_to_dbt_pipeline_prod' retrieved from /opt/airflow/dags/prod/airbyte_to_dbt_prod.py
[2026-08-26T12:05:42.789+0000] {logging_mixin.py:190} INFO - [2026-08-26T12:05:42.789+0000] {dag.py:3239} INFO - Sync 1 DAGs
[2026-08-26T12:05:42.825+0000] {logging_mixin.py:190} INFO - [2026-08-26T12:05:42.824+0000] {dag.py:4180} INFO - Setting next_dagrun for airbyte_to_dbt_pipeline_prod to 2026-08-26 11:00:00+00:00, run_after=2026-08-26 12:00:00+00:00
[2026-08-26T12:05:42.851+0000] {processor.py:208} INFO - Processing /opt/airflow/dags/prod/airbyte_to_dbt_prod.py took 0.153 seconds
[2026-08-26T12:06:13.011+0000] {processor.py:186} INFO - Started process (PID=4136) to work on /opt/airflow/dags/prod/airbyte_to_dbt_prod.py
[2026-08-26T12:06:13.012+0000] {processor.py:914} INFO - Processing file /opt/airflow/dags/prod/airbyte_to_dbt_prod.py for tasks to queue
[2026-08-26T12:06:13.017+0000] {logging_mixin.py:190} INFO - [2026-08-26T12:06:13.016+0000] {dagbag.py:588} INFO - Filling up the DagBag from /opt/airflow/dags/prod/airbyte_to_dbt_prod.py
[2026-08-26T12:06:13.047+0000] {processor.py:925} INFO - DAG(s) 'airbyte_to_dbt_pipeline_prod' retrieved from /opt/airflow/dags/prod/airbyte_to_dbt_prod.py
[2026-08-26T12:06:13.109+0000] {logging_mixin.py:190} INFO - [2026-08-26T12:06:13.108+0000] {dag.py:3239} INFO - Sync 1 DAGs
[2026-08-26T12:06:13.146+0000] {logging_mixin.py:190} INFO - [2026-08-26T12:06:13.146+0000] {dag.py:4180} INFO - Setting next_dagrun for airbyte_to_dbt_pipeline_prod to 2026-08-26 11:00:00+00:00, run_after=2026-08-26 12:00:00+00:00
[2026-08-26T12:06:13.167+0000] {processor.py:208} INFO - Processing /opt/airflow/dags/prod/airbyte_to_dbt_prod.py took 0.167 seconds
[2026-08-26T12:06:43.310+0000] {processor.py:186} INFO - Started process (PID=4146) to work on /opt/airflow/dags/prod/airbyte_to_dbt_prod.py
[2026-08-26T12:06:43.311+0000] {processor.py:914} INFO - Processing file /opt/airflow/dags/prod/airbyte_to_dbt_prod.py for tasks to queue
[2026-08-26T12:06:43.315+0000] {logging_mixin.py:190} INFO - [2026-08-26T12:06:43.315+0000] {dagbag.py:588} INFO - Filling up the DagBag from /opt/airflow/dags/prod/airbyte_to_dbt_prod.py
[2026-08-26T12:06:43.345+0000] {processor.py:925} INFO - DAG(s) 'airbyte_to_dbt_pipeline_prod' retrieved from /opt/airflow/dags/prod/airbyte_to_dbt_prod.py
[2026-08-26T12:06:43.397+0000] {logging_mixin.py:190} INFO - [2026-08-26T12:06:43.396+0000] {dag.py:3239} INFO - Sync 1 DAGs
[2026-08-26T12:06:43.435+0000] {logging_mixin.py:190} INFO - [2026-08-26T12:06:43.435+0000] {dag.py:4180} INFO - Setting next_dagrun for airbyte_to_dbt_pipeline_prod to 2026-08-26 11:00:00+00:00, run_after=2026-08-26 12:00:00+00:00
[2026-08-26T12:06:43.459+0000] {processor.py:208} INFO - Processing /opt/airflow/dags/prod/airbyte_to_dbt_prod.py took 0.161 seconds
[2026-08-26T12:07:13.632+0000] {processor.py:186} INFO - Started process (PID=4156) to work on /opt/airflow/dags/prod/airbyte_to_dbt_prod.py
[2026-08-26T12:07:13.633+0000] {processor.py:914} INFO - Processing file /opt/airflow/dags/prod/airbyte_to_dbt_prod.py for tasks to queue
[2026-08-26T12:07:13.637+0000] {logging_mixin.py:190} INFO - [2026-08-26T12:07:13.636+0000] {dagbag.py:588} INFO - Filling up the DagBag from /opt/airflow/dags/prod/airbyte_to_dbt_prod.py
[2026-08-26T12:07:13.658+0000] {processor.py:925} INFO - DAG(s) 'airbyte_to_dbt_pipeline_prod' retrieved from /opt/airflow/dags/prod/airbyte_to_dbt_prod.py
[2026-08-26T12:07:13.704+0000] {logging_mixin.py:190} INFO - [2026-08-26T12:07:13.704+0000] {dag.py:3239} INFO - Sync 1 DAGs
[2026-08-26T12:07:13.739+0000] {logging_mixin.py:190} INFO - [2026-08-26T12:07:13.739+0000] {dag.py:4180} INFO - Setting next_dagrun for airbyte_to_dbt_pipeline_prod to 2026-08-26 11:00:00+00:00, run_after=2026-08-26 12:00:00+00:00
[2026-08-26T12:07:13.763+0000] {processor.py:208} INFO - Processing /opt/airflow/dags/prod/airbyte_to_dbt_prod.py took 0.140 seconds
[2026-08-26T12:07:43.934+0000] {processor.py:186} INFO - Started process (PID=4166) to work on /opt/airflow/dags/prod/airbyte_to_dbt_prod.py
[2026-08-26T12:07:43.935+0000] {processor.py:914} INFO - Processing file /opt/airflow/dags/prod/airbyte_to_dbt_prod.py for tasks to queue
[2026-08-26T12:07:43.938+0000] {logging_mixin.py:190} INFO - [2026-08-26T12:07:43.937+0000] {dagbag.py:588} INFO - Filling up the DagBag from /opt/airflow/dags/prod/airbyte_to_dbt_prod.py
[2026-08-26T12:07:43.960+0000] {processor.py:925} INFO - DAG(s) 'airbyte_to_dbt_pipeline_prod' retrieved from /opt/airflow/dags/prod/airbyte_to_dbt_prod.py
[2026-08-26T12:07:44.012+0000] {logging_mixin.py:190} INFO - [2026-08-26T12:07:44.011+0000] {dag.py:3239} INFO - Sync 1 DAGs
[2026-08-26T12:07:44.044+0000] {logging_mixin.py:190} INFO - [2026-08-26T12:07:44.044+0000] {dag.py:4180} INFO - Setting next_dagrun for airbyte_to_dbt_pipeline_prod to 2026-08-26 11:00:00+00:00, run_after=2026-08-26 12:00:00+00:00
[2026-08-26T12:07:44.068+0000] {processor.py:208} INFO - Processing /opt/airflow/dags/prod/airbyte_to_dbt_prod.py took 0.142 seconds
[2026-08-26T12:08:14.233+0000] {processor.py:186} INFO - Started process (PID=4176) to work on /opt/airflow/dags/prod/airbyte_to_dbt_prod.py
[2026-08-26T12:08:14.235+0000] {processor.py:914} INFO - Processing file /opt/airflow/dags/prod/airbyte_to_dbt_prod.py for tasks to queue
[2026-08-26T12:08:14.238+0000] {logging_mixin.py:190} INFO - [2026-08-26T12:08:14.238+0000] {dagbag.py:588} INFO - Filling up the DagBag from /opt/airflow/dags/prod/airbyte_to_dbt_prod.py
[2026-08-26T12:08:14.264+0000] {processor.py:925} INFO - DAG(s) 'airbyte_to_dbt_pipeline_prod' retrieved from /opt/airflow/dags/prod/airbyte_to_dbt_prod.py
[2026-08-26T12:08:14.306+0000] {logging_mixin.py:190} INFO - [2026-08-26T12:08:14.306+0000] {dag.py:3239} INFO - Sync 1 DAGs
[2026-08-26T12:08:14.341+0000] {logging_mixin.py:190} INFO - [2026-08-26T12:08:14.341+0000] {dag.py:4180} INFO - Setting next_dagrun for airbyte_to_dbt_pipeline_prod to 2026-08-26 11:00:00+00:00, run_after=2026-08-26 12:00:00+00:00
[2026-08-26T12:08:14.366+0000] {processor.py:208} INFO - Processing /opt/airflow/dags/prod/airbyte_to_dbt_prod.py took 0.142 seconds
[2026-08-26T12:08:44.538+0000] {processor.py:186} INFO - Started process (PID=4186) to work on /opt/airflow/dags/prod/airbyte_to_dbt_prod.py
[2026-08-26T12:08:44.539+0000] {processor.py:914} INFO - Processing file /opt/airflow/dags/prod/airbyte_to_dbt_prod.py for tasks to queue
[2026-08-26T12:08:44.542+0000] {logging_mixin.py:190} INFO - [2026-08-26T12:08:44.542+0000] {dagbag.py:588} INFO - Filling up the DagBag from /opt/airflow/dags/prod/airbyte_to_dbt_prod.py
[2026-08-26T12:08:44.564+0000] {processor.py:925} INFO - DAG(s) 'airbyte_to_dbt_pipeline_prod' retrieved from /opt/airflow/dags/prod/airbyte_to_dbt_prod.py
[2026-08-26T12:08:44.617+0000] {logging_mixin.py:190} INFO - [2026-08-26T12:08:44.617+0000] {dag.py:3239} INFO - Sync 1 DAGs
[2026-08-26T12:08:44.648+0000] {logging_mixin.py:190} INFO - [2026-08-26T12:08:44.648+0000] {dag.py:4180} INFO - Setting next_dagrun for airbyte_to_dbt_pipeline_prod to 2026-08-26 11:00:00+00:00, run_after=2026-08-26 12:00:00+00:00
[2026-08-26T12:08:44.672+0000] {processor.py:208} INFO - Processing /opt/airflow/dags/prod/airbyte_to_dbt_prod.py took 0.143 seconds
[2026-08-26T12:09:14.852+0000] {processor.py:186} INFO - Started process (PID=4196) to work on /opt/airflow/dags/prod/airbyte_to_dbt_prod.py
[2026-08-26T12:09:14.853+0000] {processor.py:914} INFO - Processing file /opt/airflow/dags/prod/airbyte_to_dbt_prod.py for tasks to queue
[2026-08-26T12:09:14.857+0000] {logging_mixin.py:190} INFO - [2026-08-26T12:09:14.857+0000] {dagbag.py:588} INFO - Filling up the DagBag from /opt/airflow/dags/prod/airbyte_to_dbt_prod.py
[2026-08-26T12:09:14.883+0000] {processor.py:925} INFO - DAG(s) 'airbyte_to_dbt_pipeline_prod' retrieved from /opt/airflow/dags/prod/airbyte_to_dbt_prod.py
[2026-08-26T12:09:14.924+0000] {logging_mixin.py:190} INFO - [2026-08-26T12:09:14.924+0000] {dag.py:3239} INFO - Sync 1 DAGs
[2026-08-26T12:09:14.958+0000] {logging_mixin.py:190} INFO - [2026-08-26T12:09:14.958+0000] {dag.py:4180} INFO - Setting next_dagrun for airbyte_to_dbt_pipeline_prod to 2026-08-26 11:00:00+00:00, run_after=2026-08-26 12:00:00+00:00
[2026-08-26T12:09:14.981+0000] {processor.py:208} INFO - Processing /opt/airflow/dags/prod/airbyte_to_dbt_prod.py took 0.141 seconds
[2026-08-26T12:09:45.148+0000] {processor.py:186} INFO - Started process (PID=4206) to work on /opt/airflow/dags/prod/airbyte_to_dbt_prod.py
[2026-08-26T12:09:45.149+0000] {processor.py:914} INFO - Processing file /opt/airflow/dags/prod/airbyte_to_dbt_prod.py for tasks to queue
[2026-08-26T12:09:45.154+0000] {logging_mixin.py:190} INFO - [2026-08-26T12:09:45.153+0000] {dagbag.py:588} INFO - Filling up the DagBag from /opt/airflow/dags/prod/airbyte_to_dbt_prod.py
[2026-08-26T12:09:45.184+0000] {processor.py:925} INFO - DAG(s) 'airbyte_to_dbt_pipeline_prod' retrieved from /opt/airflow/dags/prod/airbyte_to_dbt_prod.py
[2026-08-26T12:09:45.235+0000] {logging_mixin.py:190} INFO - [2026-08-26T12:09:45.235+0000] {dag.py:3239} INFO - Sync 1 DAGs
[2026-08-26T12:09:45.280+0000] {logging_mixin.py:190} INFO - [2026-08-26T12:09:45.280+0000] {dag.py:4180} INFO - Setting next_dagrun for airbyte_to_dbt_pipeline_prod to 2026-08-26 11:00:00+00:00, run_after=2026-08-26 12:00:00+00:00
[2026-08-26T12:09:45.305+0000] {processor.py:208} INFO - Processing /opt/airflow/dags/prod/airbyte_to_dbt_prod.py took 0.167 seconds
[2026-08-26T12:10:15.473+0000] {processor.py:186} INFO - Started process (PID=4216) to work on /opt/airflow/dags/prod/airbyte_to_dbt_prod.py
[2026-08-26T12:10:15.474+0000] {processor.py:914} INFO - Processing file /opt/airflow/dags/prod/airbyte_to_dbt_prod.py for tasks to queue
[2026-08-26T12:10:15.477+0000] {logging_mixin.py:190} INFO - [2026-08-26T12:10:15.477+0000] {dagbag.py:588} INFO - Filling up the DagBag from /opt/airflow/dags/prod/airbyte_to_dbt_prod.py
[2026-08-26T12:10:15.499+0000] {processor.py:925} INFO - DAG(s) 'airbyte_to_dbt_pipeline_prod' retrieved from /opt/airflow/dags/prod/airbyte_to_dbt_prod.py
[2026-08-26T12:10:15.539+0000] {logging_mixin.py:190} INFO - [2026-08-26T12:10:15.539+0000] {dag.py:3239} INFO - Sync 1 DAGs
[2026-08-26T12:10:15.571+0000] {logging_mixin.py:190} INFO - [2026-08-26T12:10:15.571+0000] {dag.py:4180} INFO - Setting next_dagrun for airbyte_to_dbt_pipeline_prod to 2026-08-26 11:00:00+00:00, run_after=2026-08-26 12:00:00+00:00
[2026-08-26T12:10:15.594+0000] {processor.py:208} INFO - Processing /opt/airflow/dags/prod/airbyte_to_dbt_prod.py took 0.129 seconds
[2026-08-26T12:10:45.641+0000] {processor.py:186} INFO - Started process (PID=4226) to work on /opt/airflow/dags/prod/airbyte_to_dbt_prod.py
[2026-08-26T12:10:45.642+0000] {processor.py:914} INFO - Processing file /opt/airflow/dags/prod/airbyte_to_dbt_prod.py for tasks to queue
[2026-08-26T12:10:45.646+0000] {logging_mixin.py:190} INFO - [2026-08-26T12:10:45.645+0000] {dagbag.py:588} INFO - Filling up the DagBag from /opt/airflow/dags/prod/airbyte_to_dbt_prod.py
[2026-08-26T12:10:45.675+0000] {processor.py:925} INFO - DAG(s) 'airbyte_to_dbt_pipeline_prod' retrieved from /opt/airflow/dags/prod/airbyte_to_dbt_prod.py
[2026-08-26T12:10:45.724+0000] {logging_mixin.py:190} INFO - [2026-08-26T12:10:45.724+0000] {dag.py:3239} INFO - Sync 1 DAGs
[2026-08-26T12:10:45.758+0000] {logging_mixin.py:190} INFO - [2026-08-26T12:10:45.758+0000] {dag.py:4180} INFO - Setting next_dagrun for airbyte_to_dbt_pipeline_prod to 2026-08-26 11:00:00+00:00, run_after=2026-08-26 12:00:00+00:00
[2026-08-26T12:10:45.783+0000] {processor.py:208} INFO - Processing /opt/airflow/dags/prod/airbyte_to_dbt_prod.py took 0.153 seconds
[2026-08-26T12:11:15.941+0000] {processor.py:186} INFO - Started process (PID=4236) to work on /opt/airflow/dags/prod/airbyte_to_dbt_prod.py
[2026-08-26T12:11:15.942+0000] {processor.py:914} INFO - Processing file /opt/airflow/dags/prod/airbyte_to_dbt_prod.py for tasks to queue
[2026-08-26T12:11:15.945+0000] {logging_mixin.py:190} INFO - [2026-08-26T12:11:15.945+0000] {dagbag.py:588} INFO - Filling up the DagBag from /opt/airflow/dags/prod/airbyte_to_dbt_prod.py
[2026-08-26T12:11:15.968+0000] {processor.py:925} INFO - DAG(s) 'airbyte_to_dbt_pipeline_prod' retrieved from /opt/airflow/dags/prod/airbyte_to_dbt_prod.py
[2026-08-26T12:11:16.007+0000] {logging_mixin.py:190} INFO - [2026-08-26T12:11:16.007+0000] {dag.py:3239} INFO - Sync 1 DAGs
[2026-08-26T12:11:16.038+0000] {logging_mixin.py:190} INFO - [2026-08-26T12:11:16.038+0000] {dag.py:4180} INFO - Setting next_dagrun for airbyte_to_dbt_pipeline_prod to 2026-08-26 11:00:00+00:00, run_after=2026-08-26 12:00:00+00:00
[2026-08-26T12:11:16.061+0000] {processor.py:208} INFO - Processing /opt/airflow/dags/prod/airbyte_to_dbt_prod.py took 0.128 seconds
[2026-08-26T12:11:46.223+0000] {processor.py:186} INFO - Started process (PID=4246) to work on /opt/airflow/dags/prod/airbyte_to_dbt_prod.py
[2026-08-26T12:11:46.224+0000] {processor.py:914} INFO - Processing file /opt/airflow/dags/prod/airbyte_to_dbt_prod.py for tasks to queue
[2026-08-26T12:11:46.227+0000] {logging_mixin.py:190} INFO - [2026-08-26T12:11:46.227+0000] {dagbag.py:588} INFO - Filling up the DagBag from /opt/airflow/dags/prod/airbyte_to_dbt_prod.py
[2026-08-26T12:11:46.249+0000] {processor.py:925} INFO - DAG(s) 'airbyte_to_dbt_pipeline_prod' retrieved from /opt/airflow/dags/prod/airbyte_to_dbt_prod.py
[2026-08-26T12:11:46.289+0000] {logging_mixin.py:190} INFO - [2026-08-26T12:11:46.289+0000] {dag.py:3239} INFO - Sync 1 DAGs
[2026-08-26T12:11:46.321+0000] {logging_mixin.py:190} INFO - [2026-08-26T12:11:46.321+0000] {dag.py:4180} INFO - Setting next_dagrun for airbyte_to_dbt_pipeline_prod to 2026-08-26 11:00:00+00:00, run_after=2026-08-26 12:00:00+00:00
[2026-08-26T12:11:46.343+0000] {processor.py:208} INFO - Processing /opt/airflow/dags/prod/airbyte_to_dbt_prod.py took 0.129 seconds
[2026-08-26T12:12:16.516+0000] {processor.py:186} INFO - Started process (PID=4256) to work on /opt/airflow/dags/prod/airbyte_to_dbt_prod.py
[2026-08-26T12:12:16.517+0000] {processor.py:914} INFO - Processing file /opt/airflow/dags/prod/airbyte_to_dbt_prod.py for tasks to queue
[2026-08-26T12:12:16.520+0000] {logging_mixin.py:190} INFO - [2026-08-26T12:12:16.520+0000] {dagbag.py:588} INFO - Filling up the DagBag from /opt/airflow/dags/prod/airbyte_to_dbt_prod.py
[2026-08-26T12:12:16.541+0000] {processor.py:925} INFO - DAG(s) 'airbyte_to_dbt_pipeline_prod' retrieved from /opt/airflow/dags/prod/airbyte_to_dbt_prod.py
[2026-08-26T12:12:16.580+0000] {logging_mixin.py:190} INFO - [2026-08-26T12:12:16.580+0000] {dag.py:3239} INFO - Sync 1 DAGs
[2026-08-26T12:12:16.620+0000] {logging_mixin.py:190} INFO - [2026-08-26T12:12:16.620+0000] {dag.py:4180} INFO - Setting next_dagrun for airbyte_to_dbt_pipeline_prod to 2026-08-26 11:00:00+00:00, run_after=2026-08-26 12:00:00+00:00
[2026-08-26T12:12:16.643+0000] {processor.py:208} INFO - Processing /opt/airflow/dags/prod/airbyte_to_dbt_prod.py took 0.136 seconds
[2026-08-26T12:12:46.798+0000] {processor.py:186} INFO - Started process (PID=4266) to work on /opt/airflow/dags/prod/airbyte_to_dbt_prod.py
[2026-08-26T12:12:46.799+0000] {processor.py:914} INFO - Processing file /opt/airflow/dags/prod/airbyte_to_dbt_prod.py for tasks to queue
[2026-08-26T12:12:46.802+0000] {logging_mixin.py:190} INFO - [2026-08-26T12:12:46.802+0000] {dagbag.py:588} INFO - Filling up the DagBag from /opt/airflow/dags/prod/airbyte_to_dbt_prod.py
[2026-08-26T12:12:46.824+0000] {processor.py:925} INFO - DAG(s) 'airbyte_to_dbt_pipeline_prod' retrieved from /opt/airflow/dags/prod/airbyte_to_dbt_prod.py
[2026-08-26T12:12:46.876+0000] {logging_mixin.py:190} INFO - [2026-08-26T12:12:46.876+0000] {dag.py:3239} INFO - Sync 1 DAGs
[2026-08-26T12:12:46.914+0000] {logging_mixin.py:190} INFO - [2026-08-26T12:12:46.914+0000] {dag.py:4180} INFO - Setting next_dagrun for airbyte_to_dbt_pipeline_prod to 2026-08-26 11:00:00+00:00, run_after=2026-08-26 12:00:00+00:00
[2026-08-26T12:12:46.938+0000] {processor.py:208} INFO - Processing /opt/airflow/dags/prod/airbyte_to_dbt_prod.py took 0.148 seconds
[2026-08-26T12:13:17.105+0000] {processor.py:186} INFO - Started process (PID=4276) to work on /opt/airflow/dags/prod/airbyte_to_dbt_prod.py
[2026-08-26T12:13:17.106+0000] {processor.py:914} INFO - Processing file /opt/airflow/dags/prod/airbyte_to_dbt_prod.py for tasks to queue
[2026-08-26T12:13:17.109+0000] {logging_mixin.py:190} INFO - [2026-08-26T12:13:17.109+0000] {dagbag.py:588} INFO - Filling up the DagBag from /opt/airflow/dags/prod/airbyte_to_dbt_prod.py
[2026-08-26T12:13:17.131+0000] {processor.py:925} INFO - DAG(s) 'airbyte_to_dbt_pipeline_prod' retrieved from /opt/airflow/dags/prod/airbyte_to_dbt_prod.py
[2026-08-26T12:13:17.183+0000] {logging_mixin.py:190} INFO - [2026-08-26T12:13:17.183+0000] {dag.py:3239} INFO - Sync 1 DAGs
[2026-08-26T12:13:17.225+0000] {logging_mixin.py:190} INFO - [2026-08-26T12:13:17.225+0000] {dag.py:4180} INFO - Setting next_dagrun for airbyte_to_dbt_pipeline_prod to 2026-08-26 11:00:00+00:00, run_after=2026-08-26 12:00:00+00:00
[2026-08-26T12:13:17.249+0000] {processor.py:208} INFO - Processing /opt/airflow/dags/prod/airbyte_to_dbt_prod.py took 0.152 seconds
[2026-08-26T12:13:47.405+0000] {processor.py:186} INFO - Started process (PID=4286) to work on /opt/airflow/dags/prod/airbyte_to_dbt_prod.py
[2026-08-26T12:13:47.406+0000] {processor.py:914} INFO - Processing file /opt/airflow/dags/prod/airbyte_to_dbt_prod.py for tasks to queue
[2026-08-26T12:13:47.409+0000] {logging_mixin.py:190} INFO - [2026-08-26T12:13:47.408+0000] {dagbag.py:588} INFO - Filling up the DagBag from /opt/airflow/dags/prod/airbyte_to_dbt_prod.py
[2026-08-26T12:13:47.433+0000] {processor.py:925} INFO - DAG(s) 'airbyte_to_dbt_pipeline_prod' retrieved from /opt/airflow/dags/prod/airbyte_to_dbt_prod.py
[2026-08-26T12:13:47.471+0000] {logging_mixin.py:190} INFO - [2026-08-26T12:13:47.471+0000] {dag.py:3239} INFO - Sync 1 DAGs
[2026-08-26T12:13:47.503+0000] {logging_mixin.py:190} INFO - [2026-08-26T12:13:47.503+0000] {dag.py:4180} INFO - Setting next_dagrun for airbyte_to_dbt_pipeline_prod to 2026-08-26 11:00:00+00:00, run_after=2026-08-26 12:00:00+00:00
[2026-08-26T12:13:47.536+0000] {processor.py:208} INFO - Processing /opt/airflow/dags/prod/airbyte_to_dbt_prod.py took 0.140 seconds
[2026-08-26T12:14:17.689+0000] {processor.py:186} INFO - Started process (PID=4296) to work on /opt/airflow/dags/prod/airbyte_to_dbt_prod.py
[2026-08-26T12:14:17.690+0000] {processor.py:914} INFO - Processing file /opt/airflow/dags/prod/airbyte_to_dbt_prod.py for tasks to queue
[2026-08-26T12:14:17.693+0000] {logging_mixin.py:190} INFO - [2026-08-26T12:14:17.693+0000] {dagbag.py:588} INFO - Filling up the DagBag from /opt/airflow/dags/prod/airbyte_to_dbt_prod.py
[2026-08-26T12:14:17.722+0000] {processor.py:925} INFO - DAG(s) 'airbyte_to_dbt_pipeline_prod' retrieved from /opt/airflow/dags/prod/airbyte_to_dbt_prod.py
[2026-08-26T12:14:17.761+0000] {logging_mixin.py:190} INFO - [2026-08-26T12:14:17.761+0000] {dag.py:3239} INFO - Sync 1 DAGs
[2026-08-26T12:14:17.789+0000] {logging_mixin.py:190} INFO - [2026-08-26T12:14:17.789+0000] {dag.py:4180} INFO - Setting next_dagrun for airbyte_to_dbt_pipeline_prod to 2026-08-26 11:00:00+00:00, run_after=2026-08-26 12:00:00+00:00
[2026-08-26T12:14:17.814+0000] {processor.py:208} INFO - Processing /opt/airflow/dags/prod/airbyte_to_dbt_prod.py took 0.135 seconds
[2026-08-26T12:14:47.979+0000] {processor.py:186} INFO - Started process (PID=4306) to work on /opt/airflow/dags/prod/airbyte_to_dbt_prod.py
[2026-08-26T12:14:47.980+0000] {processor.py:914} INFO - Processing file /opt/airflow/dags/prod/airbyte_to_dbt_prod.py for tasks to queue
[2026-08-26T12:14:47.983+0000] {logging_mixin.py:190} INFO - [2026-08-26T12:14:47.982+0000] {dagbag.py:588} INFO - Filling up the DagBag from /opt/airflow/dags/prod/airbyte_to_dbt_prod.py
[2026-08-26T12:14:48.004+0000] {processor.py:925} INFO - DAG(s) 'airbyte_to_dbt_pipeline_prod' retrieved from /opt/airflow/dags/prod/airbyte_to_dbt_prod.py
[2026-08-26T12:14:48.052+0000] {logging_mixin.py:190} INFO - [2026-08-26T12:14:48.052+0000] {dag.py:3239} INFO - Sync 1 DAGs
[2026-08-26T12:14:48.089+0000] {logging_mixin.py:190} INFO - [2026-08-26T12:14:48.089+0000] {dag.py:4180} INFO - Setting next_dagrun for airbyte_to_dbt_pipeline_prod to 2026-08-26 11:00:00+00:00, run_after=2026-08-26 12:00:00+00:00
[2026-08-26T12:14:48.115+0000] {processor.py:208} INFO - Processing /opt/airflow/dags/prod/airbyte_to_dbt_prod.py took 0.145 seconds
[2026-08-26T12:15:18.289+0000] {processor.py:186} INFO - Started process (PID=4316) to work on /opt/airflow/dags/prod/airbyte_to_dbt_prod.py
[2026-08-26T12:15:18.290+0000] {processor.py:914} INFO - Processing file /opt/airflow/dags/prod/airbyte_to_dbt_prod.py for tasks to queue
[2026-08-26T12:15:18.293+0000] {logging_mixin.py:190} INFO - [2026-08-26T12:15:18.293+0000] {dagbag.py:588} INFO - Filling up the DagBag from /opt/airflow/dags/prod/airbyte_to_dbt_prod.py
[2026-08-26T12:15:18.315+0000] {processor.py:925} INFO - DAG(s) 'airbyte_to_dbt_pipeline_prod' retrieved from /opt/airflow/dags/prod/airbyte_to_dbt_prod.py
[2026-08-26T12:15:18.366+0000] {logging_mixin.py:190} INFO - [2026-08-26T12:15:18.366+0000] {dag.py:3239} INFO - Sync 1 DAGs
[2026-08-26T12:15:18.402+0000] {logging_mixin.py:190} INFO - [2026-08-26T12:15:18.402+0000] {dag.py:4180} INFO - Setting next_dagrun for airbyte_to_dbt_pipeline_prod to 2026-08-26 11:00:00+00:00, run_after=2026-08-26 12:00:00+00:00
[2026-08-26T12:15:18.427+0000] {processor.py:208} INFO - Processing /opt/airflow/dags/prod/airbyte_to_dbt_prod.py took 0.148 seconds
[2026-08-26T12:15:48.601+0000] {processor.py:186} INFO - Started process (PID=4326) to work on /opt/airflow/dags/prod/airbyte_to_dbt_prod.py
[2026-08-26T12:15:48.602+0000] {processor.py:914} INFO - Processing file /opt/airflow/dags/prod/airbyte_to_dbt_prod.py for tasks to queue
[2026-08-26T12:15:48.605+0000] {logging_mixin.py:190} INFO - [2026-08-26T12:15:48.605+0000] {dagbag.py:588} INFO - Filling up the DagBag from /opt/airflow/dags/prod/airbyte_to_dbt_prod.py
[2026-08-26T12:15:48.627+0000] {processor.py:925} INFO - DAG(s) 'airbyte_to_dbt_pipeline_prod' retrieved from /opt/airflow/dags/prod/airbyte_to_dbt_prod.py
[2026-08-26T12:15:48.673+0000] {logging_mixin.py:190} INFO - [2026-08-26T12:15:48.672+0000] {dag.py:3239} INFO - Sync 1 DAGs
[2026-08-26T12:15:48.709+0000] {logging_mixin.py:190} INFO - [2026-08-26T12:15:48.709+0000] {dag.py:4180} INFO - Setting next_dagrun for airbyte_to_dbt_pipeline_prod to 2026-08-26 11:00:00+00:00, run_after=2026-08-26 12:00:00+00:00
[2026-08-26T12:15:48.734+0000] {processor.py:208} INFO - Processing /opt/airflow/dags/prod/airbyte_to_dbt_prod.py took 0.142 seconds
[2026-08-26T12:16:18.933+0000] {processor.py:186} INFO - Started process (PID=4336) to work on /opt/airflow/dags/prod/airbyte_to_dbt_prod.py
[2026-08-26T12:16:18.935+0000] {processor.py:914} INFO - Processing file /opt/airflow/dags/prod/airbyte_to_dbt_prod.py for tasks to queue
[2026-08-26T12:16:18.959+0000] {logging_mixin.py:190} INFO - [2026-08-26T12:16:18.958+0000] {dagbag.py:588} INFO - Filling up the DagBag from /opt/airflow/dags/prod/airbyte_to_dbt_prod.py
[2026-08-26T12:16:18.998+0000] {processor.py:925} INFO - DAG(s) 'airbyte_to_dbt_pipeline_prod' retrieved from /opt/airflow/dags/prod/airbyte_to_dbt_prod.py
[2026-08-26T12:16:19.112+0000] {logging_mixin.py:190} INFO - [2026-08-26T12:16:19.111+0000] {dag.py:3239} INFO - Sync 1 DAGs
[2026-08-26T12:16:19.149+0000] {logging_mixin.py:190} INFO - [2026-08-26T12:16:19.149+0000] {dag.py:4180} INFO - Setting next_dagrun for airbyte_to_dbt_pipeline_prod to 2026-08-26 11:00:00+00:00, run_after=2026-08-26 12:00:00+00:00
[2026-08-26T12:16:19.176+0000] {processor.py:208} INFO - Processing /opt/airflow/dags/prod/airbyte_to_dbt_prod.py took 0.273 seconds
[2026-08-26T12:16:49.390+0000] {processor.py:186} INFO - Started process (PID=4346) to work on /opt/airflow/dags/prod/airbyte_to_dbt_prod.py
[2026-08-26T12:16:49.391+0000] {processor.py:914} INFO - Processing file /opt/airflow/dags/prod/airbyte_to_dbt_prod.py for tasks to queue
[2026-08-26T12:16:49.396+0000] {logging_mixin.py:190} INFO - [2026-08-26T12:16:49.395+0000] {dagbag.py:588} INFO - Filling up the DagBag from /opt/airflow/dags/prod/airbyte_to_dbt_prod.py
[2026-08-26T12:16:49.423+0000] {processor.py:925} INFO - DAG(s) 'airbyte_to_dbt_pipeline_prod' retrieved from /opt/airflow/dags/prod/airbyte_to_dbt_prod.py
[2026-08-26T12:16:49.500+0000] {logging_mixin.py:190} INFO - [2026-08-26T12:16:49.500+0000] {dag.py:3239} INFO - Sync 1 DAGs
[2026-08-26T12:16:49.571+0000] {logging_mixin.py:190} INFO - [2026-08-26T12:16:49.571+0000] {dag.py:4180} INFO - Setting next_dagrun for airbyte_to_dbt_pipeline_prod to 2026-08-26 11:00:00+00:00, run_after=2026-08-26 12:00:00+00:00
[2026-08-26T12:16:49.608+0000] {processor.py:208} INFO - Processing /opt/airflow/dags/prod/airbyte_to_dbt_prod.py took 0.229 seconds
[2026-08-26T12:17:19.786+0000] {processor.py:186} INFO - Started process (PID=4356) to work on /opt/airflow/dags/prod/airbyte_to_dbt_prod.py
[2026-08-26T12:17:19.787+0000] {processor.py:914} INFO - Processing file /opt/airflow/dags/prod/airbyte_to_dbt_prod.py for tasks to queue
[2026-08-26T12:17:19.790+0000] {logging_mixin.py:190} INFO - [2026-08-26T12:17:19.790+0000] {dagbag.py:588} INFO - Filling up the DagBag from /opt/airflow/dags/prod/airbyte_to_dbt_prod.py
[2026-08-26T12:17:19.813+0000] {processor.py:925} INFO - DAG(s) 'airbyte_to_dbt_pipeline_prod' retrieved from /opt/airflow/dags/prod/airbyte_to_dbt_prod.py
[2026-08-26T12:17:19.863+0000] {logging_mixin.py:190} INFO - [2026-08-26T12:17:19.863+0000] {dag.py:3239} INFO - Sync 1 DAGs
[2026-08-26T12:17:19.903+0000] {logging_mixin.py:190} INFO - [2026-08-26T12:17:19.902+0000] {dag.py:4180} INFO - Setting next_dagrun for airbyte_to_dbt_pipeline_prod to 2026-08-26 11:00:00+00:00, run_after=2026-08-26 12:00:00+00:00
[2026-08-26T12:17:19.931+0000] {processor.py:208} INFO - Processing /opt/airflow/dags/prod/airbyte_to_dbt_prod.py took 0.154 seconds
[2026-08-26T12:17:50.105+0000] {processor.py:186} INFO - Started process (PID=4366) to work on /opt/airflow/dags/prod/airbyte_to_dbt_prod.py
[2026-08-26T12:17:50.106+0000] {processor.py:914} INFO - Processing file /opt/airflow/dags/prod/airbyte_to_dbt_prod.py for tasks to queue
[2026-08-26T12:17:50.109+0000] {logging_mixin.py:190} INFO - [2026-08-26T12:17:50.108+0000] {dagbag.py:588} INFO - Filling up the DagBag from /opt/airflow/dags/prod/airbyte_to_dbt_prod.py
[2026-08-26T12:17:50.131+0000] {processor.py:925} INFO - DAG(s) 'airbyte_to_dbt_pipeline_prod' retrieved from /opt/airflow/dags/prod/airbyte_to_dbt_prod.py
[2026-08-26T12:17:50.186+0000] {logging_mixin.py:190} INFO - [2026-08-26T12:17:50.185+0000] {dag.py:3239} INFO - Sync 1 DAGs
[2026-08-26T12:17:50.226+0000] {logging_mixin.py:190} INFO - [2026-08-26T12:17:50.225+0000] {dag.py:4180} INFO - Setting next_dagrun for airbyte_to_dbt_pipeline_prod to 2026-08-26 11:00:00+00:00, run_after=2026-08-26 12:00:00+00:00
[2026-08-26T12:17:50.251+0000] {processor.py:208} INFO - Processing /opt/airflow/dags/prod/airbyte_to_dbt_prod.py took 0.154 seconds
[2026-08-26T12:18:20.408+0000] {processor.py:186} INFO - Started process (PID=4376) to work on /opt/airflow/dags/prod/airbyte_to_dbt_prod.py
[2026-08-26T12:18:20.409+0000] {processor.py:914} INFO - Processing file /opt/airflow/dags/prod/airbyte_to_dbt_prod.py for tasks to queue
[2026-08-26T12:18:20.413+0000] {logging_mixin.py:190} INFO - [2026-08-26T12:18:20.412+0000] {dagbag.py:588} INFO - Filling up the DagBag from /opt/airflow/dags/prod/airbyte_to_dbt_prod.py
[2026-08-26T12:18:20.438+0000] {processor.py:925} INFO - DAG(s) 'airbyte_to_dbt_pipeline_prod' retrieved from /opt/airflow/dags/prod/airbyte_to_dbt_prod.py
[2026-08-26T12:18:20.482+0000] {logging_mixin.py:190} INFO - [2026-08-26T12:18:20.482+0000] {dag.py:3239} INFO - Sync 1 DAGs
[2026-08-26T12:18:20.519+0000] {logging_mixin.py:190} INFO - [2026-08-26T12:18:20.519+0000] {dag.py:4180} INFO - Setting next_dagrun for airbyte_to_dbt_pipeline_prod to 2026-08-26 11:00:00+00:00, run_after=2026-08-26 12:00:00+00:00
[2026-08-26T12:18:20.542+0000] {processor.py:208} INFO - Processing /opt/airflow/dags/prod/airbyte_to_dbt_prod.py took 0.145 seconds
[2026-08-26T12:18:50.703+0000] {processor.py:186} INFO - Started process (PID=4386) to work on /opt/airflow/dags/prod/airbyte_to_dbt_prod.py
[2026-08-26T12:18:50.704+0000] {processor.py:914} INFO - Processing file /opt/airflow/dags/prod/airbyte_to_dbt_prod.py for tasks to queue
[2026-08-26T12:18:50.708+0000] {logging_mixin.py:190} INFO - [2026-08-26T12:18:50.707+0000] {dagbag.py:588} INFO - Filling up the DagBag from /opt/airflow/dags/prod/airbyte_to_dbt_prod.py
[2026-08-26T12:18:50.731+0000] {processor.py:925} INFO - DAG(s) 'airbyte_to_dbt_pipeline_prod' retrieved from /opt/airflow/dags/prod/airbyte_to_dbt_prod.py
[2026-08-26T12:18:50.772+0000] {logging_mixin.py:190} INFO - [2026-08-26T12:18:50.772+0000] {dag.py:3239} INFO - Sync 1 DAGs
[2026-08-26T12:18:50.799+0000] {logging_mixin.py:190} INFO - [2026-08-26T12:18:50.799+0000] {dag.py:4180} INFO - Setting next_dagrun for airbyte_to_dbt_pipeline_prod to 2026-08-26 11:00:00+00:00, run_after=2026-08-26 12:00:00+00:00
[2026-08-26T12:18:50.824+0000] {processor.py:208} INFO - Processing /opt/airflow/dags/prod/airbyte_to_dbt_prod.py took 0.131 seconds
[2026-08-26T12:19:20.990+0000] {processor.py:186} INFO - Started process (PID=4396) to work on /opt/airflow/dags/prod/airbyte_to_dbt_prod.py
[2026-08-26T12:19:20.992+0000] {processor.py:914} INFO - Processing file /opt/airflow/dags/prod/airbyte_to_dbt_prod.py for tasks to queue
[2026-08-26T12:19:20.995+0000] {logging_mixin.py:190} INFO - [2026-08-26T12:19:20.994+0000] {dagbag.py:588} INFO - Filling up the DagBag from /opt/airflow/dags/prod/airbyte_to_dbt_prod.py
[2026-08-26T12:19:21.018+0000] {processor.py:925} INFO - DAG(s) 'airbyte_to_dbt_pipeline_prod' retrieved from /opt/airflow/dags/prod/airbyte_to_dbt_prod.py
[2026-08-26T12:19:21.067+0000] {logging_mixin.py:190} INFO - [2026-08-26T12:19:21.067+0000] {dag.py:3239} INFO - Sync 1 DAGs
[2026-08-26T12:19:21.100+0000] {logging_mixin.py:190} INFO - [2026-08-26T12:19:21.099+0000] {dag.py:4180} INFO - Setting next_dagrun for airbyte_to_dbt_pipeline_prod to 2026-08-26 11:00:00+00:00, run_after=2026-08-26 12:00:00+00:00
[2026-08-26T12:19:21.125+0000] {processor.py:208} INFO - Processing /opt/airflow/dags/prod/airbyte_to_dbt_prod.py took 0.143 seconds
[2026-08-26T12:19:51.289+0000] {processor.py:186} INFO - Started process (PID=4406) to work on /opt/airflow/dags/prod/airbyte_to_dbt_prod.py
[2026-08-26T12:19:51.289+0000] {processor.py:914} INFO - Processing file /opt/airflow/dags/prod/airbyte_to_dbt_prod.py for tasks to queue
[2026-08-26T12:19:51.292+0000] {logging_mixin.py:190} INFO - [2026-08-26T12:19:51.292+0000] {dagbag.py:588} INFO - Filling up the DagBag from /opt/airflow/dags/prod/airbyte_to_dbt_prod.py
[2026-08-26T12:19:51.314+0000] {processor.py:925} INFO - DAG(s) 'airbyte_to_dbt_pipeline_prod' retrieved from /opt/airflow/dags/prod/airbyte_to_dbt_prod.py
[2026-08-26T12:19:51.364+0000] {logging_mixin.py:190} INFO - [2026-08-26T12:19:51.364+0000] {dag.py:3239} INFO - Sync 1 DAGs
[2026-08-26T12:19:51.401+0000] {logging_mixin.py:190} INFO - [2026-08-26T12:19:51.400+0000] {dag.py:4180} INFO - Setting next_dagrun for airbyte_to_dbt_pipeline_prod to 2026-08-26 11:00:00+00:00, run_after=2026-08-26 12:00:00+00:00
[2026-08-26T12:19:51.424+0000] {processor.py:208} INFO - Processing /opt/airflow/dags/prod/airbyte_to_dbt_prod.py took 0.145 seconds
[2026-08-26T12:20:21.594+0000] {processor.py:186} INFO - Started process (PID=4416) to work on /opt/airflow/dags/prod/airbyte_to_dbt_prod.py
[2026-08-26T12:20:21.595+0000] {processor.py:914} INFO - Processing file /opt/airflow/dags/prod/airbyte_to_dbt_prod.py for tasks to queue
[2026-08-26T12:20:21.598+0000] {logging_mixin.py:190} INFO - [2026-08-26T12:20:21.598+0000] {dagbag.py:588} INFO - Filling up the DagBag from /opt/airflow/dags/prod/airbyte_to_dbt_prod.py
[2026-08-26T12:20:21.620+0000] {processor.py:925} INFO - DAG(s) 'airbyte_to_dbt_pipeline_prod' retrieved from /opt/airflow/dags/prod/airbyte_to_dbt_prod.py
[2026-08-26T12:20:21.673+0000] {logging_mixin.py:190} INFO - [2026-08-26T12:20:21.672+0000] {dag.py:3239} INFO - Sync 1 DAGs
[2026-08-26T12:20:21.710+0000] {logging_mixin.py:190} INFO - [2026-08-26T12:20:21.710+0000] {dag.py:4180} INFO - Setting next_dagrun for airbyte_to_dbt_pipeline_prod to 2026-08-26 11:00:00+00:00, run_after=2026-08-26 12:00:00+00:00
[2026-08-26T12:20:21.735+0000] {processor.py:208} INFO - Processing /opt/airflow/dags/prod/airbyte_to_dbt_prod.py took 0.150 seconds
[2026-08-26T12:20:51.904+0000] {processor.py:186} INFO - Started process (PID=4426) to work on /opt/airflow/dags/prod/airbyte_to_dbt_prod.py
[2026-08-26T12:20:51.905+0000] {processor.py:914} INFO - Processing file /opt/airflow/dags/prod/airbyte_to_dbt_prod.py for tasks to queue
[2026-08-26T12:20:51.908+0000] {logging_mixin.py:190} INFO - [2026-08-26T12:20:51.908+0000] {dagbag.py:588} INFO - Filling up the DagBag from /opt/airflow/dags/prod/airbyte_to_dbt_prod.py
[2026-08-26T12:20:51.932+0000] {processor.py:925} INFO - DAG(s) 'airbyte_to_dbt_pipeline_prod' retrieved from /opt/airflow/dags/prod/airbyte_to_dbt_prod.py
[2026-08-26T12:20:51.983+0000] {logging_mixin.py:190} INFO - [2026-08-26T12:20:51.983+0000] {dag.py:3239} INFO - Sync 1 DAGs
[2026-08-26T12:20:52.019+0000] {logging_mixin.py:190} INFO - [2026-08-26T12:20:52.019+0000] {dag.py:4180} INFO - Setting next_dagrun for airbyte_to_dbt_pipeline_prod to 2026-08-26 11:00:00+00:00, run_after=2026-08-26 12:00:00+00:00
[2026-08-26T12:20:52.045+0000] {processor.py:208} INFO - Processing /opt/airflow/dags/prod/airbyte_to_dbt_prod.py took 0.150 seconds
[2026-08-26T12:21:22.212+0000] {processor.py:186} INFO - Started process (PID=4436) to work on /opt/airflow/dags/prod/airbyte_to_dbt_prod.py
[2026-08-26T12:21:22.214+0000] {processor.py:914} INFO - Processing file /opt/airflow/dags/prod/airbyte_to_dbt_prod.py for tasks to queue
[2026-08-26T12:21:22.218+0000] {logging_mixin.py:190} INFO - [2026-08-26T12:21:22.217+0000] {dagbag.py:588} INFO - Filling up the DagBag from /opt/airflow/dags/prod/airbyte_to_dbt_prod.py
[2026-08-26T12:21:22.247+0000] {processor.py:925} INFO - DAG(s) 'airbyte_to_dbt_pipeline_prod' retrieved from /opt/airflow/dags/prod/airbyte_to_dbt_prod.py
[2026-08-26T12:21:22.299+0000] {logging_mixin.py:190} INFO - [2026-08-26T12:21:22.299+0000] {dag.py:3239} INFO - Sync 1 DAGs
[2026-08-26T12:21:22.335+0000] {logging_mixin.py:190} INFO - [2026-08-26T12:21:22.335+0000] {dag.py:4180} INFO - Setting next_dagrun for airbyte_to_dbt_pipeline_prod to 2026-08-26 11:00:00+00:00, run_after=2026-08-26 12:00:00+00:00
[2026-08-26T12:21:22.361+0000] {processor.py:208} INFO - Processing /opt/airflow/dags/prod/airbyte_to_dbt_prod.py took 0.161 seconds
[2026-08-26T12:21:52.529+0000] {processor.py:186} INFO - Started process (PID=4446) to work on /opt/airflow/dags/prod/airbyte_to_dbt_prod.py
[2026-08-26T12:21:52.530+0000] {processor.py:914} INFO - Processing file /opt/airflow/dags/prod/airbyte_to_dbt_prod.py for tasks to queue
[2026-08-26T12:21:52.534+0000] {logging_mixin.py:190} INFO - [2026-08-26T12:21:52.534+0000] {dagbag.py:588} INFO - Filling up the DagBag from /opt/airflow/dags/prod/airbyte_to_dbt_prod.py
[2026-08-26T12:21:52.566+0000] {processor.py:925} INFO - DAG(s) 'airbyte_to_dbt_pipeline_prod' retrieved from /opt/airflow/dags/prod/airbyte_to_dbt_prod.py
[2026-08-26T12:21:52.611+0000] {logging_mixin.py:190} INFO - [2026-08-26T12:21:52.610+0000] {dag.py:3239} INFO - Sync 1 DAGs
[2026-08-26T12:21:52.645+0000] {logging_mixin.py:190} INFO - [2026-08-26T12:21:52.645+0000] {dag.py:4180} INFO - Setting next_dagrun for airbyte_to_dbt_pipeline_prod to 2026-08-26 11:00:00+00:00, run_after=2026-08-26 12:00:00+00:00
[2026-08-26T12:21:52.670+0000] {processor.py:208} INFO - Processing /opt/airflow/dags/prod/airbyte_to_dbt_prod.py took 0.153 seconds
[2026-08-26T12:22:22.837+0000] {processor.py:186} INFO - Started process (PID=4456) to work on /opt/airflow/dags/prod/airbyte_to_dbt_prod.py
[2026-08-26T12:22:22.838+0000] {processor.py:914} INFO - Processing file /opt/airflow/dags/prod/airbyte_to_dbt_prod.py for tasks to queue
[2026-08-26T12:22:22.843+0000] {logging_mixin.py:190} INFO - [2026-08-26T12:22:22.842+0000] {dagbag.py:588} INFO - Filling up the DagBag from /opt/airflow/dags/prod/airbyte_to_dbt_prod.py
[2026-08-26T12:22:22.867+0000] {processor.py:925} INFO - DAG(s) 'airbyte_to_dbt_pipeline_prod' retrieved from /opt/airflow/dags/prod/airbyte_to_dbt_prod.py
[2026-08-26T12:22:22.916+0000] {logging_mixin.py:190} INFO - [2026-08-26T12:22:22.916+0000] {dag.py:3239} INFO - Sync 1 DAGs
[2026-08-26T12:22:22.951+0000] {logging_mixin.py:190} INFO - [2026-08-26T12:22:22.951+0000] {dag.py:4180} INFO - Setting next_dagrun for airbyte_to_dbt_pipeline_prod to 2026-08-26 11:00:00+00:00, run_after=2026-08-26 12:00:00+00:00
[2026-08-26T12:22:22.973+0000] {processor.py:208} INFO - Processing /opt/airflow/dags/prod/airbyte_to_dbt_prod.py took 0.145 seconds
[2026-08-26T12:22:53.127+0000] {processor.py:186} INFO - Started process (PID=4466) to work on /opt/airflow/dags/prod/airbyte_to_dbt_prod.py
[2026-08-26T12:22:53.130+0000] {processor.py:914} INFO - Processing file /opt/airflow/dags/prod/airbyte_to_dbt_prod.py for tasks to queue
[2026-08-26T12:22:53.133+0000] {logging_mixin.py:190} INFO - [2026-08-26T12:22:53.133+0000] {dagbag.py:588} INFO - Filling up the DagBag from /opt/airflow/dags/prod/airbyte_to_dbt_prod.py
[2026-08-26T12:22:53.158+0000] {processor.py:925} INFO - DAG(s) 'airbyte_to_dbt_pipeline_prod' retrieved from /opt/airflow/dags/prod/airbyte_to_dbt_prod.py
[2026-08-26T12:22:53.212+0000] {logging_mixin.py:190} INFO - [2026-08-26T12:22:53.212+0000] {dag.py:3239} INFO - Sync 1 DAGs
[2026-08-26T12:22:53.256+0000] {logging_mixin.py:190} INFO - [2026-08-26T12:22:53.256+0000] {dag.py:4180} INFO - Setting next_dagrun for airbyte_to_dbt_pipeline_prod to 2026-08-26 11:00:00+00:00, run_after=2026-08-26 12:00:00+00:00
[2026-08-26T12:22:53.282+0000] {processor.py:208} INFO - Processing /opt/airflow/dags/prod/airbyte_to_dbt_prod.py took 0.163 seconds
[2026-08-26T12:23:23.440+0000] {processor.py:186} INFO - Started process (PID=4476) to work on /opt/airflow/dags/prod/airbyte_to_dbt_prod.py
[2026-08-26T12:23:23.441+0000] {processor.py:914} INFO - Processing file /opt/airflow/dags/prod/airbyte_to_dbt_prod.py for tasks to queue
[2026-08-26T12:23:23.444+0000] {logging_mixin.py:190} INFO - [2026-08-26T12:23:23.444+0000] {dagbag.py:588} INFO - Filling up the DagBag from /opt/airflow/dags/prod/airbyte_to_dbt_prod.py
[2026-08-26T12:23:23.467+0000] {processor.py:925} INFO - DAG(s) 'airbyte_to_dbt_pipeline_prod' retrieved from /opt/airflow/dags/prod/airbyte_to_dbt_prod.py
[2026-08-26T12:23:23.521+0000] {logging_mixin.py:190} INFO - [2026-08-26T12:23:23.521+0000] {dag.py:3239} INFO - Sync 1 DAGs
[2026-08-26T12:23:23.567+0000] {logging_mixin.py:190} INFO - [2026-08-26T12:23:23.567+0000] {dag.py:4180} INFO - Setting next_dagrun for airbyte_to_dbt_pipeline_prod to 2026-08-26 11:00:00+00:00, run_after=2026-08-26 12:00:00+00:00
[2026-08-26T12:23:23.595+0000] {processor.py:208} INFO - Processing /opt/airflow/dags/prod/airbyte_to_dbt_prod.py took 0.165 seconds
[2026-08-26T12:23:53.738+0000] {processor.py:186} INFO - Started process (PID=4486) to work on /opt/airflow/dags/prod/airbyte_to_dbt_prod.py
[2026-08-26T12:23:53.740+0000] {processor.py:914} INFO - Processing file /opt/airflow/dags/prod/airbyte_to_dbt_prod.py for tasks to queue
[2026-08-26T12:23:53.744+0000] {logging_mixin.py:190} INFO - [2026-08-26T12:23:53.743+0000] {dagbag.py:588} INFO - Filling up the DagBag from /opt/airflow/dags/prod/airbyte_to_dbt_prod.py
[2026-08-26T12:23:53.772+0000] {processor.py:925} INFO - DAG(s) 'airbyte_to_dbt_pipeline_prod' retrieved from /opt/airflow/dags/prod/airbyte_to_dbt_prod.py
[2026-08-26T12:23:53.814+0000] {logging_mixin.py:190} INFO - [2026-08-26T12:23:53.814+0000] {dag.py:3239} INFO - Sync 1 DAGs
[2026-08-26T12:23:53.852+0000] {logging_mixin.py:190} INFO - [2026-08-26T12:23:53.852+0000] {dag.py:4180} INFO - Setting next_dagrun for airbyte_to_dbt_pipeline_prod to 2026-08-26 11:00:00+00:00, run_after=2026-08-26 12:00:00+00:00
[2026-08-26T12:23:53.877+0000] {processor.py:208} INFO - Processing /opt/airflow/dags/prod/airbyte_to_dbt_prod.py took 0.150 seconds
[2026-08-26T12:24:24.044+0000] {processor.py:186} INFO - Started process (PID=4496) to work on /opt/airflow/dags/prod/airbyte_to_dbt_prod.py
[2026-08-26T12:24:24.045+0000] {processor.py:914} INFO - Processing file /opt/airflow/dags/prod/airbyte_to_dbt_prod.py for tasks to queue
[2026-08-26T12:24:24.049+0000] {logging_mixin.py:190} INFO - [2026-08-26T12:24:24.048+0000] {dagbag.py:588} INFO - Filling up the DagBag from /opt/airflow/dags/prod/airbyte_to_dbt_prod.py
[2026-08-26T12:24:24.076+0000] {processor.py:925} INFO - DAG(s) 'airbyte_to_dbt_pipeline_prod' retrieved from /opt/airflow/dags/prod/airbyte_to_dbt_prod.py
[2026-08-26T12:24:24.126+0000] {logging_mixin.py:190} INFO - [2026-08-26T12:24:24.126+0000] {dag.py:3239} INFO - Sync 1 DAGs
[2026-08-26T12:24:24.163+0000] {logging_mixin.py:190} INFO - [2026-08-26T12:24:24.163+0000] {dag.py:4180} INFO - Setting next_dagrun for airbyte_to_dbt_pipeline_prod to 2026-08-26 11:00:00+00:00, run_after=2026-08-26 12:00:00+00:00
[2026-08-26T12:24:24.188+0000] {processor.py:208} INFO - Processing /opt/airflow/dags/prod/airbyte_to_dbt_prod.py took 0.153 seconds
[2026-08-26T12:24:54.345+0000] {processor.py:186} INFO - Started process (PID=4506) to work on /opt/airflow/dags/prod/airbyte_to_dbt_prod.py
[2026-08-26T12:24:54.346+0000] {processor.py:914} INFO - Processing file /opt/airflow/dags/prod/airbyte_to_dbt_prod.py for tasks to queue
[2026-08-26T12:24:54.349+0000] {logging_mixin.py:190} INFO - [2026-08-26T12:24:54.349+0000] {dagbag.py:588} INFO - Filling up the DagBag from /opt/airflow/dags/prod/airbyte_to_dbt_prod.py
[2026-08-26T12:24:54.370+0000] {processor.py:925} INFO - DAG(s) 'airbyte_to_dbt_pipeline_prod' retrieved from /opt/airflow/dags/prod/airbyte_to_dbt_prod.py
[2026-08-26T12:24:54.412+0000] {logging_mixin.py:190} INFO - [2026-08-26T12:24:54.412+0000] {dag.py:3239} INFO - Sync 1 DAGs
[2026-08-26T12:24:54.443+0000] {logging_mixin.py:190} INFO - [2026-08-26T12:24:54.443+0000] {dag.py:4180} INFO - Setting next_dagrun for airbyte_to_dbt_pipeline_prod to 2026-08-26 11:00:00+00:00, run_after=2026-08-26 12:00:00+00:00
[2026-08-26T12:24:54.464+0000] {processor.py:208} INFO - Processing /opt/airflow/dags/prod/airbyte_to_dbt_prod.py took 0.127 seconds
[2026-08-26T12:25:24.646+0000] {processor.py:186} INFO - Started process (PID=4516) to work on /opt/airflow/dags/prod/airbyte_to_dbt_prod.py
[2026-08-26T12:25:24.647+0000] {processor.py:914} INFO - Processing file /opt/airflow/dags/prod/airbyte_to_dbt_prod.py for tasks to queue
[2026-08-26T12:25:24.651+0000] {logging_mixin.py:190} INFO - [2026-08-26T12:25:24.651+0000] {dagbag.py:588} INFO - Filling up the DagBag from /opt/airflow/dags/prod/airbyte_to_dbt_prod.py
[2026-08-26T12:25:24.680+0000] {processor.py:925} INFO - DAG(s) 'airbyte_to_dbt_pipeline_prod' retrieved from /opt/airflow/dags/prod/airbyte_to_dbt_prod.py
[2026-08-26T12:25:24.724+0000] {logging_mixin.py:190} INFO - [2026-08-26T12:25:24.724+0000] {dag.py:3239} INFO - Sync 1 DAGs
[2026-08-26T12:25:24.758+0000] {logging_mixin.py:190} INFO - [2026-08-26T12:25:24.757+0000] {dag.py:4180} INFO - Setting next_dagrun for airbyte_to_dbt_pipeline_prod to 2026-08-26 11:00:00+00:00, run_after=2026-08-26 12:00:00+00:00
[2026-08-26T12:25:24.782+0000] {processor.py:208} INFO - Processing /opt/airflow/dags/prod/airbyte_to_dbt_prod.py took 0.147 seconds
[2026-08-26T12:25:54.939+0000] {processor.py:186} INFO - Started process (PID=4526) to work on /opt/airflow/dags/prod/airbyte_to_dbt_prod.py
[2026-08-26T12:25:54.940+0000] {processor.py:914} INFO - Processing file /opt/airflow/dags/prod/airbyte_to_dbt_prod.py for tasks to queue
[2026-08-26T12:25:54.943+0000] {logging_mixin.py:190} INFO - [2026-08-26T12:25:54.942+0000] {dagbag.py:588} INFO - Filling up the DagBag from /opt/airflow/dags/prod/airbyte_to_dbt_prod.py
[2026-08-26T12:25:54.968+0000] {processor.py:925} INFO - DAG(s) 'airbyte_to_dbt_pipeline_prod' retrieved from /opt/airflow/dags/prod/airbyte_to_dbt_prod.py
[2026-08-26T12:25:55.014+0000] {logging_mixin.py:190} INFO - [2026-08-26T12:25:55.014+0000] {dag.py:3239} INFO - Sync 1 DAGs
[2026-08-26T12:25:55.048+0000] {logging_mixin.py:190} INFO - [2026-08-26T12:25:55.048+0000] {dag.py:4180} INFO - Setting next_dagrun for airbyte_to_dbt_pipeline_prod to 2026-08-26 11:00:00+00:00, run_after=2026-08-26 12:00:00+00:00
[2026-08-26T12:25:55.076+0000] {processor.py:208} INFO - Processing /opt/airflow/dags/prod/airbyte_to_dbt_prod.py took 0.146 seconds
[2026-08-26T12:26:25.237+0000] {processor.py:186} INFO - Started process (PID=4536) to work on /opt/airflow/dags/prod/airbyte_to_dbt_prod.py
[2026-08-26T12:26:25.238+0000] {processor.py:914} INFO - Processing file /opt/airflow/dags/prod/airbyte_to_dbt_prod.py for tasks to queue
[2026-08-26T12:26:25.241+0000] {logging_mixin.py:190} INFO - [2026-08-26T12:26:25.241+0000] {dagbag.py:588} INFO - Filling up the DagBag from /opt/airflow/dags/prod/airbyte_to_dbt_prod.py
[2026-08-26T12:26:25.264+0000] {processor.py:925} INFO - DAG(s) 'airbyte_to_dbt_pipeline_prod' retrieved from /opt/airflow/dags/prod/airbyte_to_dbt_prod.py
[2026-08-26T12:26:25.311+0000] {logging_mixin.py:190} INFO - [2026-08-26T12:26:25.311+0000] {dag.py:3239} INFO - Sync 1 DAGs
[2026-08-26T12:26:25.344+0000] {logging_mixin.py:190} INFO - [2026-08-26T12:26:25.343+0000] {dag.py:4180} INFO - Setting next_dagrun for airbyte_to_dbt_pipeline_prod to 2026-08-26 11:00:00+00:00, run_after=2026-08-26 12:00:00+00:00
[2026-08-26T12:26:25.370+0000] {processor.py:208} INFO - Processing /opt/airflow/dags/prod/airbyte_to_dbt_prod.py took 0.141 seconds
[2026-08-26T12:26:55.538+0000] {processor.py:186} INFO - Started process (PID=4546) to work on /opt/airflow/dags/prod/airbyte_to_dbt_prod.py
[2026-08-26T12:26:55.539+0000] {processor.py:914} INFO - Processing file /opt/airflow/dags/prod/airbyte_to_dbt_prod.py for tasks to queue
[2026-08-26T12:26:55.543+0000] {logging_mixin.py:190} INFO - [2026-08-26T12:26:55.542+0000] {dagbag.py:588} INFO - Filling up the DagBag from /opt/airflow/dags/prod/airbyte_to_dbt_prod.py
[2026-08-26T12:26:55.569+0000] {processor.py:925} INFO - DAG(s) 'airbyte_to_dbt_pipeline_prod' retrieved from /opt/airflow/dags/prod/airbyte_to_dbt_prod.py
[2026-08-26T12:26:55.618+0000] {logging_mixin.py:190} INFO - [2026-08-26T12:26:55.618+0000] {dag.py:3239} INFO - Sync 1 DAGs
[2026-08-26T12:26:55.652+0000] {logging_mixin.py:190} INFO - [2026-08-26T12:26:55.652+0000] {dag.py:4180} INFO - Setting next_dagrun for airbyte_to_dbt_pipeline_prod to 2026-08-26 11:00:00+00:00, run_after=2026-08-26 12:00:00+00:00
[2026-08-26T12:26:55.677+0000] {processor.py:208} INFO - Processing /opt/airflow/dags/prod/airbyte_to_dbt_prod.py took 0.148 seconds
[2026-08-26T12:27:25.834+0000] {processor.py:186} INFO - Started process (PID=4556) to work on /opt/airflow/dags/prod/airbyte_to_dbt_prod.py
[2026-08-26T12:27:25.835+0000] {processor.py:914} INFO - Processing file /opt/airflow/dags/prod/airbyte_to_dbt_prod.py for tasks to queue
[2026-08-26T12:27:25.839+0000] {logging_mixin.py:190} INFO - [2026-08-26T12:27:25.838+0000] {dagbag.py:588} INFO - Filling up the DagBag from /opt/airflow/dags/prod/airbyte_to_dbt_prod.py
[2026-08-26T12:27:25.864+0000] {processor.py:925} INFO - DAG(s) 'airbyte_to_dbt_pipeline_prod' retrieved from /opt/airflow/dags/prod/airbyte_to_dbt_prod.py
[2026-08-26T12:27:25.910+0000] {logging_mixin.py:190} INFO - [2026-08-26T12:27:25.910+0000] {dag.py:3239} INFO - Sync 1 DAGs
[2026-08-26T12:27:25.944+0000] {logging_mixin.py:190} INFO - [2026-08-26T12:27:25.944+0000] {dag.py:4180} INFO - Setting next_dagrun for airbyte_to_dbt_pipeline_prod to 2026-08-26 11:00:00+00:00, run_after=2026-08-26 12:00:00+00:00
[2026-08-26T12:27:25.967+0000] {processor.py:208} INFO - Processing /opt/airflow/dags/prod/airbyte_to_dbt_prod.py took 0.141 seconds
[2026-08-26T12:27:56.125+0000] {processor.py:186} INFO - Started process (PID=4566) to work on /opt/airflow/dags/prod/airbyte_to_dbt_prod.py
[2026-08-26T12:27:56.126+0000] {processor.py:914} INFO - Processing file /opt/airflow/dags/prod/airbyte_to_dbt_prod.py for tasks to queue
[2026-08-26T12:27:56.130+0000] {logging_mixin.py:190} INFO - [2026-08-26T12:27:56.129+0000] {dagbag.py:588} INFO - Filling up the DagBag from /opt/airflow/dags/prod/airbyte_to_dbt_prod.py
[2026-08-26T12:27:56.153+0000] {processor.py:925} INFO - DAG(s) 'airbyte_to_dbt_pipeline_prod' retrieved from /opt/airflow/dags/prod/airbyte_to_dbt_prod.py
[2026-08-26T12:27:56.203+0000] {logging_mixin.py:190} INFO - [2026-08-26T12:27:56.203+0000] {dag.py:3239} INFO - Sync 1 DAGs
[2026-08-26T12:27:56.235+0000] {logging_mixin.py:190} INFO - [2026-08-26T12:27:56.235+0000] {dag.py:4180} INFO - Setting next_dagrun for airbyte_to_dbt_pipeline_prod to 2026-08-26 11:00:00+00:00, run_after=2026-08-26 12:00:00+00:00
[2026-08-26T12:27:56.259+0000] {processor.py:208} INFO - Processing /opt/airflow/dags/prod/airbyte_to_dbt_prod.py took 0.143 seconds
[2026-08-26T12:28:26.429+0000] {processor.py:186} INFO - Started process (PID=4576) to work on /opt/airflow/dags/prod/airbyte_to_dbt_prod.py
[2026-08-26T12:28:26.430+0000] {processor.py:914} INFO - Processing file /opt/airflow/dags/prod/airbyte_to_dbt_prod.py for tasks to queue
[2026-08-26T12:28:26.433+0000] {logging_mixin.py:190} INFO - [2026-08-26T12:28:26.432+0000] {dagbag.py:588} INFO - Filling up the DagBag from /opt/airflow/dags/prod/airbyte_to_dbt_prod.py
[2026-08-26T12:28:26.454+0000] {processor.py:925} INFO - DAG(s) 'airbyte_to_dbt_pipeline_prod' retrieved from /opt/airflow/dags/prod/airbyte_to_dbt_prod.py
[2026-08-26T12:28:26.505+0000] {logging_mixin.py:190} INFO - [2026-08-26T12:28:26.505+0000] {dag.py:3239} INFO - Sync 1 DAGs
[2026-08-26T12:28:26.542+0000] {logging_mixin.py:190} INFO - [2026-08-26T12:28:26.542+0000] {dag.py:4180} INFO - Setting next_dagrun for airbyte_to_dbt_pipeline_prod to 2026-08-26 11:00:00+00:00, run_after=2026-08-26 12:00:00+00:00
[2026-08-26T12:28:26.567+0000] {processor.py:208} INFO - Processing /opt/airflow/dags/prod/airbyte_to_dbt_prod.py took 0.146 seconds
[2026-08-26T12:28:56.728+0000] {processor.py:186} INFO - Started process (PID=4586) to work on /opt/airflow/dags/prod/airbyte_to_dbt_prod.py
[2026-08-26T12:28:56.729+0000] {processor.py:914} INFO - Processing file /opt/airflow/dags/prod/airbyte_to_dbt_prod.py for tasks to queue
[2026-08-26T12:28:56.732+0000] {logging_mixin.py:190} INFO - [2026-08-26T12:28:56.731+0000] {dagbag.py:588} INFO - Filling up the DagBag from /opt/airflow/dags/prod/airbyte_to_dbt_prod.py
[2026-08-26T12:28:56.753+0000] {processor.py:925} INFO - DAG(s) 'airbyte_to_dbt_pipeline_prod' retrieved from /opt/airflow/dags/prod/airbyte_to_dbt_prod.py
[2026-08-26T12:28:56.791+0000] {logging_mixin.py:190} INFO - [2026-08-26T12:28:56.791+0000] {dag.py:3239} INFO - Sync 1 DAGs
[2026-08-26T12:28:56.823+0000] {logging_mixin.py:190} INFO - [2026-08-26T12:28:56.823+0000] {dag.py:4180} INFO - Setting next_dagrun for airbyte_to_dbt_pipeline_prod to 2026-08-26 11:00:00+00:00, run_after=2026-08-26 12:00:00+00:00
[2026-08-26T12:28:56.851+0000] {processor.py:208} INFO - Processing /opt/airflow/dags/prod/airbyte_to_dbt_prod.py took 0.132 seconds
[2026-08-26T12:29:27.005+0000] {processor.py:186} INFO - Started process (PID=4596) to work on /opt/airflow/dags/prod/airbyte_to_dbt_prod.py
[2026-08-26T12:29:27.007+0000] {processor.py:914} INFO - Processing file /opt/airflow/dags/prod/airbyte_to_dbt_prod.py for tasks to queue
[2026-08-26T12:29:27.011+0000] {logging_mixin.py:190} INFO - [2026-08-26T12:29:27.010+0000] {dagbag.py:588} INFO - Filling up the DagBag from /opt/airflow/dags/prod/airbyte_to_dbt_prod.py
[2026-08-26T12:29:27.040+0000] {processor.py:925} INFO - DAG(s) 'airbyte_to_dbt_pipeline_prod' retrieved from /opt/airflow/dags/prod/airbyte_to_dbt_prod.py
[2026-08-26T12:29:27.086+0000] {logging_mixin.py:190} INFO - [2026-08-26T12:29:27.086+0000] {dag.py:3239} INFO - Sync 1 DAGs
[2026-08-26T12:29:27.118+0000] {logging_mixin.py:190} INFO - [2026-08-26T12:29:27.118+0000] {dag.py:4180} INFO - Setting next_dagrun for airbyte_to_dbt_pipeline_prod to 2026-08-26 11:00:00+00:00, run_after=2026-08-26 12:00:00+00:00
[2026-08-26T12:29:27.141+0000] {processor.py:208} INFO - Processing /opt/airflow/dags/prod/airbyte_to_dbt_prod.py took 0.147 seconds
[2026-08-26T12:29:57.301+0000] {processor.py:186} INFO - Started process (PID=4606) to work on /opt/airflow/dags/prod/airbyte_to_dbt_prod.py
[2026-08-26T12:29:57.302+0000] {processor.py:914} INFO - Processing file /opt/airflow/dags/prod/airbyte_to_dbt_prod.py for tasks to queue
[2026-08-26T12:29:57.305+0000] {logging_mixin.py:190} INFO - [2026-08-26T12:29:57.305+0000] {dagbag.py:588} INFO - Filling up the DagBag from /opt/airflow/dags/prod/airbyte_to_dbt_prod.py
[2026-08-26T12:29:57.327+0000] {processor.py:925} INFO - DAG(s) 'airbyte_to_dbt_pipeline_prod' retrieved from /opt/airflow/dags/prod/airbyte_to_dbt_prod.py
[2026-08-26T12:29:57.368+0000] {logging_mixin.py:190} INFO - [2026-08-26T12:29:57.368+0000] {dag.py:3239} INFO - Sync 1 DAGs
[2026-08-26T12:29:57.402+0000] {logging_mixin.py:190} INFO - [2026-08-26T12:29:57.402+0000] {dag.py:4180} INFO - Setting next_dagrun for airbyte_to_dbt_pipeline_prod to 2026-08-26 11:00:00+00:00, run_after=2026-08-26 12:00:00+00:00
[2026-08-26T12:29:57.426+0000] {processor.py:208} INFO - Processing /opt/airflow/dags/prod/airbyte_to_dbt_prod.py took 0.134 seconds
[2026-08-26T12:30:27.604+0000] {processor.py:186} INFO - Started process (PID=4616) to work on /opt/airflow/dags/prod/airbyte_to_dbt_prod.py
[2026-08-26T12:30:27.606+0000] {processor.py:914} INFO - Processing file /opt/airflow/dags/prod/airbyte_to_dbt_prod.py for tasks to queue
[2026-08-26T12:30:27.610+0000] {logging_mixin.py:190} INFO - [2026-08-26T12:30:27.609+0000] {dagbag.py:588} INFO - Filling up the DagBag from /opt/airflow/dags/prod/airbyte_to_dbt_prod.py
[2026-08-26T12:30:27.632+0000] {processor.py:925} INFO - DAG(s) 'airbyte_to_dbt_pipeline_prod' retrieved from /opt/airflow/dags/prod/airbyte_to_dbt_prod.py
[2026-08-26T12:30:27.674+0000] {logging_mixin.py:190} INFO - [2026-08-26T12:30:27.674+0000] {dag.py:3239} INFO - Sync 1 DAGs
[2026-08-26T12:30:27.707+0000] {logging_mixin.py:190} INFO - [2026-08-26T12:30:27.707+0000] {dag.py:4180} INFO - Setting next_dagrun for airbyte_to_dbt_pipeline_prod to 2026-08-26 11:00:00+00:00, run_after=2026-08-26 12:00:00+00:00
[2026-08-26T12:30:27.730+0000] {processor.py:208} INFO - Processing /opt/airflow/dags/prod/airbyte_to_dbt_prod.py took 0.137 seconds
[2026-08-26T12:30:57.903+0000] {processor.py:186} INFO - Started process (PID=4626) to work on /opt/airflow/dags/prod/airbyte_to_dbt_prod.py
[2026-08-26T12:30:57.904+0000] {processor.py:914} INFO - Processing file /opt/airflow/dags/prod/airbyte_to_dbt_prod.py for tasks to queue
[2026-08-26T12:30:57.907+0000] {logging_mixin.py:190} INFO - [2026-08-26T12:30:57.907+0000] {dagbag.py:588} INFO - Filling up the DagBag from /opt/airflow/dags/prod/airbyte_to_dbt_prod.py
[2026-08-26T12:30:57.930+0000] {processor.py:925} INFO - DAG(s) 'airbyte_to_dbt_pipeline_prod' retrieved from /opt/airflow/dags/prod/airbyte_to_dbt_prod.py
[2026-08-26T12:30:57.970+0000] {logging_mixin.py:190} INFO - [2026-08-26T12:30:57.970+0000] {dag.py:3239} INFO - Sync 1 DAGs
[2026-08-26T12:30:58.000+0000] {logging_mixin.py:190} INFO - [2026-08-26T12:30:58.000+0000] {dag.py:4180} INFO - Setting next_dagrun for airbyte_to_dbt_pipeline_prod to 2026-08-26 11:00:00+00:00, run_after=2026-08-26 12:00:00+00:00
[2026-08-26T12:30:58.032+0000] {processor.py:208} INFO - Processing /opt/airflow/dags/prod/airbyte_to_dbt_prod.py took 0.138 seconds
[2026-08-26T12:31:28.209+0000] {processor.py:186} INFO - Started process (PID=4636) to work on /opt/airflow/dags/prod/airbyte_to_dbt_prod.py
[2026-08-26T12:31:28.210+0000] {processor.py:914} INFO - Processing file /opt/airflow/dags/prod/airbyte_to_dbt_prod.py for tasks to queue
[2026-08-26T12:31:28.213+0000] {logging_mixin.py:190} INFO - [2026-08-26T12:31:28.213+0000] {dagbag.py:588} INFO - Filling up the DagBag from /opt/airflow/dags/prod/airbyte_to_dbt_prod.py
[2026-08-26T12:31:28.234+0000] {processor.py:925} INFO - DAG(s) 'airbyte_to_dbt_pipeline_prod' retrieved from /opt/airflow/dags/prod/airbyte_to_dbt_prod.py
[2026-08-26T12:31:28.286+0000] {logging_mixin.py:190} INFO - [2026-08-26T12:31:28.286+0000] {dag.py:3239} INFO - Sync 1 DAGs
[2026-08-26T12:31:28.323+0000] {logging_mixin.py:190} INFO - [2026-08-26T12:31:28.323+0000] {dag.py:4180} INFO - Setting next_dagrun for airbyte_to_dbt_pipeline_prod to 2026-08-26 11:00:00+00:00, run_after=2026-08-26 12:00:00+00:00
[2026-08-26T12:31:28.345+0000] {processor.py:208} INFO - Processing /opt/airflow/dags/prod/airbyte_to_dbt_prod.py took 0.148 seconds
[2026-08-26T12:31:58.507+0000] {processor.py:186} INFO - Started process (PID=4646) to work on /opt/airflow/dags/prod/airbyte_to_dbt_prod.py
[2026-08-26T12:31:58.508+0000] {processor.py:914} INFO - Processing file /opt/airflow/dags/prod/airbyte_to_dbt_prod.py for tasks to queue
[2026-08-26T12:31:58.512+0000] {logging_mixin.py:190} INFO - [2026-08-26T12:31:58.512+0000] {dagbag.py:588} INFO - Filling up the DagBag from /opt/airflow/dags/prod/airbyte_to_dbt_prod.py
[2026-08-26T12:31:58.541+0000] {processor.py:925} INFO - DAG(s) 'airbyte_to_dbt_pipeline_prod' retrieved from /opt/airflow/dags/prod/airbyte_to_dbt_prod.py
[2026-08-26T12:31:58.589+0000] {logging_mixin.py:190} INFO - [2026-08-26T12:31:58.589+0000] {dag.py:3239} INFO - Sync 1 DAGs
[2026-08-26T12:31:58.617+0000] {logging_mixin.py:190} INFO - [2026-08-26T12:31:58.617+0000] {dag.py:4180} INFO - Setting next_dagrun for airbyte_to_dbt_pipeline_prod to 2026-08-26 11:00:00+00:00, run_after=2026-08-26 12:00:00+00:00
[2026-08-26T12:31:58.639+0000] {processor.py:208} INFO - Processing /opt/airflow/dags/prod/airbyte_to_dbt_prod.py took 0.143 seconds
[2026-08-26T12:32:28.800+0000] {processor.py:186} INFO - Started process (PID=4656) to work on /opt/airflow/dags/prod/airbyte_to_dbt_prod.py
[2026-08-26T12:32:28.801+0000] {processor.py:914} INFO - Processing file /opt/airflow/dags/prod/airbyte_to_dbt_prod.py for tasks to queue
[2026-08-26T12:32:28.804+0000] {logging_mixin.py:190} INFO - [2026-08-26T12:32:28.804+0000] {dagbag.py:588} INFO - Filling up the DagBag from /opt/airflow/dags/prod/airbyte_to_dbt_prod.py
[2026-08-26T12:32:28.826+0000] {processor.py:925} INFO - DAG(s) 'airbyte_to_dbt_pipeline_prod' retrieved from /opt/airflow/dags/prod/airbyte_to_dbt_prod.py
[2026-08-26T12:32:28.885+0000] {logging_mixin.py:190} INFO - [2026-08-26T12:32:28.885+0000] {dag.py:3239} INFO - Sync 1 DAGs
[2026-08-26T12:32:28.922+0000] {logging_mixin.py:190} INFO - [2026-08-26T12:32:28.922+0000] {dag.py:4180} INFO - Setting next_dagrun for airbyte_to_dbt_pipeline_prod to 2026-08-26 11:00:00+00:00, run_after=2026-08-26 12:00:00+00:00
[2026-08-26T12:32:28.944+0000] {processor.py:208} INFO - Processing /opt/airflow/dags/prod/airbyte_to_dbt_prod.py took 0.153 seconds
[2026-08-26T12:36:56.304+0000] {processor.py:186} INFO - Started process (PID=4666) to work on /opt/airflow/dags/prod/airbyte_to_dbt_prod.py
[2026-08-26T12:36:56.313+0000] {processor.py:914} INFO - Processing file /opt/airflow/dags/prod/airbyte_to_dbt_prod.py for tasks to queue
[2026-08-26T12:36:56.318+0000] {logging_mixin.py:190} INFO - [2026-08-26T12:36:56.318+0000] {dagbag.py:588} INFO - Filling up the DagBag from /opt/airflow/dags/prod/airbyte_to_dbt_prod.py
[2026-08-26T12:36:56.386+0000] {processor.py:925} INFO - DAG(s) 'airbyte_to_dbt_pipeline_prod' retrieved from /opt/airflow/dags/prod/airbyte_to_dbt_prod.py
[2026-08-26T12:36:56.450+0000] {logging_mixin.py:190} INFO - [2026-08-26T12:36:56.449+0000] {dag.py:3239} INFO - Sync 1 DAGs
[2026-08-26T12:36:56.492+0000] {logging_mixin.py:190} INFO - [2026-08-26T12:36:56.492+0000] {dag.py:4180} INFO - Setting next_dagrun for airbyte_to_dbt_pipeline_prod to 2026-08-26 11:00:00+00:00, run_after=2026-08-26 12:00:00+00:00
[2026-08-26T12:36:56.525+0000] {processor.py:208} INFO - Processing /opt/airflow/dags/prod/airbyte_to_dbt_prod.py took 0.241 seconds
[2026-08-26T12:37:26.747+0000] {processor.py:186} INFO - Started process (PID=4676) to work on /opt/airflow/dags/prod/airbyte_to_dbt_prod.py
[2026-08-26T12:37:26.748+0000] {processor.py:914} INFO - Processing file /opt/airflow/dags/prod/airbyte_to_dbt_prod.py for tasks to queue
[2026-08-26T12:37:26.752+0000] {logging_mixin.py:190} INFO - [2026-08-26T12:37:26.752+0000] {dagbag.py:588} INFO - Filling up the DagBag from /opt/airflow/dags/prod/airbyte_to_dbt_prod.py
[2026-08-26T12:37:26.782+0000] {processor.py:925} INFO - DAG(s) 'airbyte_to_dbt_pipeline_prod' retrieved from /opt/airflow/dags/prod/airbyte_to_dbt_prod.py
[2026-08-26T12:37:26.824+0000] {logging_mixin.py:190} INFO - [2026-08-26T12:37:26.823+0000] {dag.py:3239} INFO - Sync 1 DAGs
[2026-08-26T12:37:26.855+0000] {logging_mixin.py:190} INFO - [2026-08-26T12:37:26.855+0000] {dag.py:4180} INFO - Setting next_dagrun for airbyte_to_dbt_pipeline_prod to 2026-08-26 11:00:00+00:00, run_after=2026-08-26 12:00:00+00:00
[2026-08-26T12:37:26.879+0000] {processor.py:208} INFO - Processing /opt/airflow/dags/prod/airbyte_to_dbt_prod.py took 0.143 seconds
[2026-08-26T12:37:57.039+0000] {processor.py:186} INFO - Started process (PID=4686) to work on /opt/airflow/dags/prod/airbyte_to_dbt_prod.py
[2026-08-26T12:37:57.040+0000] {processor.py:914} INFO - Processing file /opt/airflow/dags/prod/airbyte_to_dbt_prod.py for tasks to queue
[2026-08-26T12:37:57.044+0000] {logging_mixin.py:190} INFO - [2026-08-26T12:37:57.043+0000] {dagbag.py:588} INFO - Filling up the DagBag from /opt/airflow/dags/prod/airbyte_to_dbt_prod.py
[2026-08-26T12:37:57.065+0000] {processor.py:925} INFO - DAG(s) 'airbyte_to_dbt_pipeline_prod' retrieved from /opt/airflow/dags/prod/airbyte_to_dbt_prod.py
[2026-08-26T12:37:57.117+0000] {logging_mixin.py:190} INFO - [2026-08-26T12:37:57.117+0000] {dag.py:3239} INFO - Sync 1 DAGs
[2026-08-26T12:37:57.152+0000] {logging_mixin.py:190} INFO - [2026-08-26T12:37:57.151+0000] {dag.py:4180} INFO - Setting next_dagrun for airbyte_to_dbt_pipeline_prod to 2026-08-26 11:00:00+00:00, run_after=2026-08-26 12:00:00+00:00
[2026-08-26T12:37:57.178+0000] {processor.py:208} INFO - Processing /opt/airflow/dags/prod/airbyte_to_dbt_prod.py took 0.148 seconds
[2026-08-26T12:38:27.334+0000] {processor.py:186} INFO - Started process (PID=4696) to work on /opt/airflow/dags/prod/airbyte_to_dbt_prod.py
[2026-08-26T12:38:27.336+0000] {processor.py:914} INFO - Processing file /opt/airflow/dags/prod/airbyte_to_dbt_prod.py for tasks to queue
[2026-08-26T12:38:27.339+0000] {logging_mixin.py:190} INFO - [2026-08-26T12:38:27.338+0000] {dagbag.py:588} INFO - Filling up the DagBag from /opt/airflow/dags/prod/airbyte_to_dbt_prod.py
[2026-08-26T12:38:27.360+0000] {processor.py:925} INFO - DAG(s) 'airbyte_to_dbt_pipeline_prod' retrieved from /opt/airflow/dags/prod/airbyte_to_dbt_prod.py
[2026-08-26T12:38:27.411+0000] {logging_mixin.py:190} INFO - [2026-08-26T12:38:27.411+0000] {dag.py:3239} INFO - Sync 1 DAGs
[2026-08-26T12:38:27.451+0000] {logging_mixin.py:190} INFO - [2026-08-26T12:38:27.450+0000] {dag.py:4180} INFO - Setting next_dagrun for airbyte_to_dbt_pipeline_prod to 2026-08-26 11:00:00+00:00, run_after=2026-08-26 12:00:00+00:00
[2026-08-26T12:38:27.473+0000] {processor.py:208} INFO - Processing /opt/airflow/dags/prod/airbyte_to_dbt_prod.py took 0.148 seconds
[2026-08-26T12:38:57.633+0000] {processor.py:186} INFO - Started process (PID=4706) to work on /opt/airflow/dags/prod/airbyte_to_dbt_prod.py
[2026-08-26T12:38:57.634+0000] {processor.py:914} INFO - Processing file /opt/airflow/dags/prod/airbyte_to_dbt_prod.py for tasks to queue
[2026-08-26T12:38:57.639+0000] {logging_mixin.py:190} INFO - [2026-08-26T12:38:57.638+0000] {dagbag.py:588} INFO - Filling up the DagBag from /opt/airflow/dags/prod/airbyte_to_dbt_prod.py
[2026-08-26T12:38:57.669+0000] {processor.py:925} INFO - DAG(s) 'airbyte_to_dbt_pipeline_prod' retrieved from /opt/airflow/dags/prod/airbyte_to_dbt_prod.py
[2026-08-26T12:38:57.719+0000] {logging_mixin.py:190} INFO - [2026-08-26T12:38:57.718+0000] {dag.py:3239} INFO - Sync 1 DAGs
[2026-08-26T12:38:57.749+0000] {logging_mixin.py:190} INFO - [2026-08-26T12:38:57.749+0000] {dag.py:4180} INFO - Setting next_dagrun for airbyte_to_dbt_pipeline_prod to 2026-08-26 11:00:00+00:00, run_after=2026-08-26 12:00:00+00:00
[2026-08-26T12:38:57.775+0000] {processor.py:208} INFO - Processing /opt/airflow/dags/prod/airbyte_to_dbt_prod.py took 0.152 seconds
[2026-08-26T12:39:27.933+0000] {processor.py:186} INFO - Started process (PID=4716) to work on /opt/airflow/dags/prod/airbyte_to_dbt_prod.py
[2026-08-26T12:39:27.934+0000] {processor.py:914} INFO - Processing file /opt/airflow/dags/prod/airbyte_to_dbt_prod.py for tasks to queue
[2026-08-26T12:39:27.939+0000] {logging_mixin.py:190} INFO - [2026-08-26T12:39:27.938+0000] {dagbag.py:588} INFO - Filling up the DagBag from /opt/airflow/dags/prod/airbyte_to_dbt_prod.py
[2026-08-26T12:39:27.970+0000] {processor.py:925} INFO - DAG(s) 'airbyte_to_dbt_pipeline_prod' retrieved from /opt/airflow/dags/prod/airbyte_to_dbt_prod.py
[2026-08-26T12:39:28.019+0000] {logging_mixin.py:190} INFO - [2026-08-26T12:39:28.019+0000] {dag.py:3239} INFO - Sync 1 DAGs
[2026-08-26T12:39:28.053+0000] {logging_mixin.py:190} INFO - [2026-08-26T12:39:28.053+0000] {dag.py:4180} INFO - Setting next_dagrun for airbyte_to_dbt_pipeline_prod to 2026-08-26 11:00:00+00:00, run_after=2026-08-26 12:00:00+00:00
[2026-08-26T12:39:28.078+0000] {processor.py:208} INFO - Processing /opt/airflow/dags/prod/airbyte_to_dbt_prod.py took 0.156 seconds
[2026-08-26T12:39:58.223+0000] {processor.py:186} INFO - Started process (PID=4726) to work on /opt/airflow/dags/prod/airbyte_to_dbt_prod.py
[2026-08-26T12:39:58.224+0000] {processor.py:914} INFO - Processing file /opt/airflow/dags/prod/airbyte_to_dbt_prod.py for tasks to queue
[2026-08-26T12:39:58.228+0000] {logging_mixin.py:190} INFO - [2026-08-26T12:39:58.227+0000] {dagbag.py:588} INFO - Filling up the DagBag from /opt/airflow/dags/prod/airbyte_to_dbt_prod.py
[2026-08-26T12:39:58.250+0000] {processor.py:925} INFO - DAG(s) 'airbyte_to_dbt_pipeline_prod' retrieved from /opt/airflow/dags/prod/airbyte_to_dbt_prod.py
[2026-08-26T12:39:58.301+0000] {logging_mixin.py:190} INFO - [2026-08-26T12:39:58.300+0000] {dag.py:3239} INFO - Sync 1 DAGs
[2026-08-26T12:39:58.341+0000] {logging_mixin.py:190} INFO - [2026-08-26T12:39:58.341+0000] {dag.py:4180} INFO - Setting next_dagrun for airbyte_to_dbt_pipeline_prod to 2026-08-26 11:00:00+00:00, run_after=2026-08-26 12:00:00+00:00
[2026-08-26T12:39:58.367+0000] {processor.py:208} INFO - Processing /opt/airflow/dags/prod/airbyte_to_dbt_prod.py took 0.153 seconds
[2026-08-26T12:40:28.532+0000] {processor.py:186} INFO - Started process (PID=4736) to work on /opt/airflow/dags/prod/airbyte_to_dbt_prod.py
[2026-08-26T12:40:28.533+0000] {processor.py:914} INFO - Processing file /opt/airflow/dags/prod/airbyte_to_dbt_prod.py for tasks to queue
[2026-08-26T12:40:28.537+0000] {logging_mixin.py:190} INFO - [2026-08-26T12:40:28.536+0000] {dagbag.py:588} INFO - Filling up the DagBag from /opt/airflow/dags/prod/airbyte_to_dbt_prod.py
[2026-08-26T12:40:28.561+0000] {processor.py:925} INFO - DAG(s) 'airbyte_to_dbt_pipeline_prod' retrieved from /opt/airflow/dags/prod/airbyte_to_dbt_prod.py
[2026-08-26T12:40:28.609+0000] {logging_mixin.py:190} INFO - [2026-08-26T12:40:28.609+0000] {dag.py:3239} INFO - Sync 1 DAGs
[2026-08-26T12:40:28.646+0000] {logging_mixin.py:190} INFO - [2026-08-26T12:40:28.646+0000] {dag.py:4180} INFO - Setting next_dagrun for airbyte_to_dbt_pipeline_prod to 2026-08-26 11:00:00+00:00, run_after=2026-08-26 12:00:00+00:00
[2026-08-26T12:40:28.669+0000] {processor.py:208} INFO - Processing /opt/airflow/dags/prod/airbyte_to_dbt_prod.py took 0.146 seconds
[2026-08-26T12:40:58.822+0000] {processor.py:186} INFO - Started process (PID=4746) to work on /opt/airflow/dags/prod/airbyte_to_dbt_prod.py
[2026-08-26T12:40:58.824+0000] {processor.py:914} INFO - Processing file /opt/airflow/dags/prod/airbyte_to_dbt_prod.py for tasks to queue
[2026-08-26T12:40:58.828+0000] {logging_mixin.py:190} INFO - [2026-08-26T12:40:58.828+0000] {dagbag.py:588} INFO - Filling up the DagBag from /opt/airflow/dags/prod/airbyte_to_dbt_prod.py
[2026-08-26T12:40:58.859+0000] {processor.py:925} INFO - DAG(s) 'airbyte_to_dbt_pipeline_prod' retrieved from /opt/airflow/dags/prod/airbyte_to_dbt_prod.py
[2026-08-26T12:40:58.912+0000] {logging_mixin.py:190} INFO - [2026-08-26T12:40:58.912+0000] {dag.py:3239} INFO - Sync 1 DAGs
[2026-08-26T12:40:58.948+0000] {logging_mixin.py:190} INFO - [2026-08-26T12:40:58.948+0000] {dag.py:4180} INFO - Setting next_dagrun for airbyte_to_dbt_pipeline_prod to 2026-08-26 11:00:00+00:00, run_after=2026-08-26 12:00:00+00:00
[2026-08-26T12:40:58.972+0000] {processor.py:208} INFO - Processing /opt/airflow/dags/prod/airbyte_to_dbt_prod.py took 0.161 seconds
[2026-08-26T12:41:29.132+0000] {processor.py:186} INFO - Started process (PID=4756) to work on /opt/airflow/dags/prod/airbyte_to_dbt_prod.py
[2026-08-26T12:41:29.133+0000] {processor.py:914} INFO - Processing file /opt/airflow/dags/prod/airbyte_to_dbt_prod.py for tasks to queue
[2026-08-26T12:41:29.137+0000] {logging_mixin.py:190} INFO - [2026-08-26T12:41:29.136+0000] {dagbag.py:588} INFO - Filling up the DagBag from /opt/airflow/dags/prod/airbyte_to_dbt_prod.py
[2026-08-26T12:41:29.158+0000] {processor.py:925} INFO - DAG(s) 'airbyte_to_dbt_pipeline_prod' retrieved from /opt/airflow/dags/prod/airbyte_to_dbt_prod.py
[2026-08-26T12:41:29.195+0000] {logging_mixin.py:190} INFO - [2026-08-26T12:41:29.195+0000] {dag.py:3239} INFO - Sync 1 DAGs
[2026-08-26T12:41:29.225+0000] {logging_mixin.py:190} INFO - [2026-08-26T12:41:29.225+0000] {dag.py:4180} INFO - Setting next_dagrun for airbyte_to_dbt_pipeline_prod to 2026-08-26 11:00:00+00:00, run_after=2026-08-26 12:00:00+00:00
[2026-08-26T12:41:29.247+0000] {processor.py:208} INFO - Processing /opt/airflow/dags/prod/airbyte_to_dbt_prod.py took 0.126 seconds
[2026-08-26T12:41:59.426+0000] {processor.py:186} INFO - Started process (PID=4766) to work on /opt/airflow/dags/prod/airbyte_to_dbt_prod.py
[2026-08-26T12:41:59.427+0000] {processor.py:914} INFO - Processing file /opt/airflow/dags/prod/airbyte_to_dbt_prod.py for tasks to queue
[2026-08-26T12:41:59.430+0000] {logging_mixin.py:190} INFO - [2026-08-26T12:41:59.430+0000] {dagbag.py:588} INFO - Filling up the DagBag from /opt/airflow/dags/prod/airbyte_to_dbt_prod.py
[2026-08-26T12:41:59.454+0000] {processor.py:925} INFO - DAG(s) 'airbyte_to_dbt_pipeline_prod' retrieved from /opt/airflow/dags/prod/airbyte_to_dbt_prod.py
[2026-08-26T12:41:59.495+0000] {logging_mixin.py:190} INFO - [2026-08-26T12:41:59.495+0000] {dag.py:3239} INFO - Sync 1 DAGs
[2026-08-26T12:41:59.533+0000] {logging_mixin.py:190} INFO - [2026-08-26T12:41:59.533+0000] {dag.py:4180} INFO - Setting next_dagrun for airbyte_to_dbt_pipeline_prod to 2026-08-26 11:00:00+00:00, run_after=2026-08-26 12:00:00+00:00
[2026-08-26T12:41:59.561+0000] {processor.py:208} INFO - Processing /opt/airflow/dags/prod/airbyte_to_dbt_prod.py took 0.144 seconds
[2026-08-26T12:42:29.729+0000] {processor.py:186} INFO - Started process (PID=4776) to work on /opt/airflow/dags/prod/airbyte_to_dbt_prod.py
[2026-08-26T12:42:29.730+0000] {processor.py:914} INFO - Processing file /opt/airflow/dags/prod/airbyte_to_dbt_prod.py for tasks to queue
[2026-08-26T12:42:29.734+0000] {logging_mixin.py:190} INFO - [2026-08-26T12:42:29.733+0000] {dagbag.py:588} INFO - Filling up the DagBag from /opt/airflow/dags/prod/airbyte_to_dbt_prod.py
[2026-08-26T12:42:29.756+0000] {processor.py:925} INFO - DAG(s) 'airbyte_to_dbt_pipeline_prod' retrieved from /opt/airflow/dags/prod/airbyte_to_dbt_prod.py
[2026-08-26T12:42:29.797+0000] {logging_mixin.py:190} INFO - [2026-08-26T12:42:29.797+0000] {dag.py:3239} INFO - Sync 1 DAGs
[2026-08-26T12:42:29.829+0000] {logging_mixin.py:190} INFO - [2026-08-26T12:42:29.829+0000] {dag.py:4180} INFO - Setting next_dagrun for airbyte_to_dbt_pipeline_prod to 2026-08-26 11:00:00+00:00, run_after=2026-08-26 12:00:00+00:00
[2026-08-26T12:42:29.851+0000] {processor.py:208} INFO - Processing /opt/airflow/dags/prod/airbyte_to_dbt_prod.py took 0.131 seconds
[2026-08-26T12:43:00.027+0000] {processor.py:186} INFO - Started process (PID=4786) to work on /opt/airflow/dags/prod/airbyte_to_dbt_prod.py
[2026-08-26T12:43:00.028+0000] {processor.py:914} INFO - Processing file /opt/airflow/dags/prod/airbyte_to_dbt_prod.py for tasks to queue
[2026-08-26T12:43:00.031+0000] {logging_mixin.py:190} INFO - [2026-08-26T12:43:00.030+0000] {dagbag.py:588} INFO - Filling up the DagBag from /opt/airflow/dags/prod/airbyte_to_dbt_prod.py
[2026-08-26T12:43:00.054+0000] {processor.py:925} INFO - DAG(s) 'airbyte_to_dbt_pipeline_prod' retrieved from /opt/airflow/dags/prod/airbyte_to_dbt_prod.py
[2026-08-26T12:43:00.097+0000] {logging_mixin.py:190} INFO - [2026-08-26T12:43:00.097+0000] {dag.py:3239} INFO - Sync 1 DAGs
[2026-08-26T12:43:00.128+0000] {logging_mixin.py:190} INFO - [2026-08-26T12:43:00.128+0000] {dag.py:4180} INFO - Setting next_dagrun for airbyte_to_dbt_pipeline_prod to 2026-08-26 11:00:00+00:00, run_after=2026-08-26 12:00:00+00:00
[2026-08-26T12:43:00.151+0000] {processor.py:208} INFO - Processing /opt/airflow/dags/prod/airbyte_to_dbt_prod.py took 0.133 seconds
[2026-08-26T12:43:30.317+0000] {processor.py:186} INFO - Started process (PID=4796) to work on /opt/airflow/dags/prod/airbyte_to_dbt_prod.py
[2026-08-26T12:43:30.318+0000] {processor.py:914} INFO - Processing file /opt/airflow/dags/prod/airbyte_to_dbt_prod.py for tasks to queue
[2026-08-26T12:43:30.321+0000] {logging_mixin.py:190} INFO - [2026-08-26T12:43:30.321+0000] {dagbag.py:588} INFO - Filling up the DagBag from /opt/airflow/dags/prod/airbyte_to_dbt_prod.py
[2026-08-26T12:43:30.342+0000] {processor.py:925} INFO - DAG(s) 'airbyte_to_dbt_pipeline_prod' retrieved from /opt/airflow/dags/prod/airbyte_to_dbt_prod.py
[2026-08-26T12:43:30.393+0000] {logging_mixin.py:190} INFO - [2026-08-26T12:43:30.393+0000] {dag.py:3239} INFO - Sync 1 DAGs
[2026-08-26T12:43:30.428+0000] {logging_mixin.py:190} INFO - [2026-08-26T12:43:30.427+0000] {dag.py:4180} INFO - Setting next_dagrun for airbyte_to_dbt_pipeline_prod to 2026-08-26 11:00:00+00:00, run_after=2026-08-26 12:00:00+00:00
[2026-08-26T12:43:30.451+0000] {processor.py:208} INFO - Processing /opt/airflow/dags/prod/airbyte_to_dbt_prod.py took 0.144 seconds
[2026-08-26T12:44:00.615+0000] {processor.py:186} INFO - Started process (PID=4806) to work on /opt/airflow/dags/prod/airbyte_to_dbt_prod.py
[2026-08-26T12:44:00.616+0000] {processor.py:914} INFO - Processing file /opt/airflow/dags/prod/airbyte_to_dbt_prod.py for tasks to queue
[2026-08-26T12:44:00.619+0000] {logging_mixin.py:190} INFO - [2026-08-26T12:44:00.619+0000] {dagbag.py:588} INFO - Filling up the DagBag from /opt/airflow/dags/prod/airbyte_to_dbt_prod.py
[2026-08-26T12:44:00.642+0000] {processor.py:925} INFO - DAG(s) 'airbyte_to_dbt_pipeline_prod' retrieved from /opt/airflow/dags/prod/airbyte_to_dbt_prod.py
[2026-08-26T12:44:00.679+0000] {logging_mixin.py:190} INFO - [2026-08-26T12:44:00.679+0000] {dag.py:3239} INFO - Sync 1 DAGs
[2026-08-26T12:44:00.707+0000] {logging_mixin.py:190} INFO - [2026-08-26T12:44:00.707+0000] {dag.py:4180} INFO - Setting next_dagrun for airbyte_to_dbt_pipeline_prod to 2026-08-26 11:00:00+00:00, run_after=2026-08-26 12:00:00+00:00
[2026-08-26T12:44:00.731+0000] {processor.py:208} INFO - Processing /opt/airflow/dags/prod/airbyte_to_dbt_prod.py took 0.124 seconds
[2026-08-26T12:44:30.891+0000] {processor.py:186} INFO - Started process (PID=4816) to work on /opt/airflow/dags/prod/airbyte_to_dbt_prod.py
[2026-08-26T12:44:30.892+0000] {processor.py:914} INFO - Processing file /opt/airflow/dags/prod/airbyte_to_dbt_prod.py for tasks to queue
[2026-08-26T12:44:30.896+0000] {logging_mixin.py:190} INFO - [2026-08-26T12:44:30.895+0000] {dagbag.py:588} INFO - Filling up the DagBag from /opt/airflow/dags/prod/airbyte_to_dbt_prod.py
[2026-08-26T12:44:30.917+0000] {processor.py:925} INFO - DAG(s) 'airbyte_to_dbt_pipeline_prod' retrieved from /opt/airflow/dags/prod/airbyte_to_dbt_prod.py
[2026-08-26T12:44:30.969+0000] {logging_mixin.py:190} INFO - [2026-08-26T12:44:30.968+0000] {dag.py:3239} INFO - Sync 1 DAGs
[2026-08-26T12:44:31.005+0000] {logging_mixin.py:190} INFO - [2026-08-26T12:44:31.004+0000] {dag.py:4180} INFO - Setting next_dagrun for airbyte_to_dbt_pipeline_prod to 2026-08-26 11:00:00+00:00, run_after=2026-08-26 12:00:00+00:00
[2026-08-26T12:44:31.032+0000] {processor.py:208} INFO - Processing /opt/airflow/dags/prod/airbyte_to_dbt_prod.py took 0.149 seconds
[2026-08-26T12:45:01.197+0000] {processor.py:186} INFO - Started process (PID=4826) to work on /opt/airflow/dags/prod/airbyte_to_dbt_prod.py
[2026-08-26T12:45:01.198+0000] {processor.py:914} INFO - Processing file /opt/airflow/dags/prod/airbyte_to_dbt_prod.py for tasks to queue
[2026-08-26T12:45:01.201+0000] {logging_mixin.py:190} INFO - [2026-08-26T12:45:01.200+0000] {dagbag.py:588} INFO - Filling up the DagBag from /opt/airflow/dags/prod/airbyte_to_dbt_prod.py
[2026-08-26T12:45:01.224+0000] {processor.py:925} INFO - DAG(s) 'airbyte_to_dbt_pipeline_prod' retrieved from /opt/airflow/dags/prod/airbyte_to_dbt_prod.py
[2026-08-26T12:45:01.267+0000] {logging_mixin.py:190} INFO - [2026-08-26T12:45:01.267+0000] {dag.py:3239} INFO - Sync 1 DAGs
[2026-08-26T12:45:01.300+0000] {logging_mixin.py:190} INFO - [2026-08-26T12:45:01.299+0000] {dag.py:4180} INFO - Setting next_dagrun for airbyte_to_dbt_pipeline_prod to 2026-08-26 11:00:00+00:00, run_after=2026-08-26 12:00:00+00:00
[2026-08-26T12:45:01.324+0000] {processor.py:208} INFO - Processing /opt/airflow/dags/prod/airbyte_to_dbt_prod.py took 0.136 seconds
[2026-08-26T12:45:31.490+0000] {processor.py:186} INFO - Started process (PID=4836) to work on /opt/airflow/dags/prod/airbyte_to_dbt_prod.py
[2026-08-26T12:45:31.492+0000] {processor.py:914} INFO - Processing file /opt/airflow/dags/prod/airbyte_to_dbt_prod.py for tasks to queue
[2026-08-26T12:45:31.496+0000] {logging_mixin.py:190} INFO - [2026-08-26T12:45:31.495+0000] {dagbag.py:588} INFO - Filling up the DagBag from /opt/airflow/dags/prod/airbyte_to_dbt_prod.py
[2026-08-26T12:45:31.525+0000] {processor.py:925} INFO - DAG(s) 'airbyte_to_dbt_pipeline_prod' retrieved from /opt/airflow/dags/prod/airbyte_to_dbt_prod.py
[2026-08-26T12:45:31.577+0000] {logging_mixin.py:190} INFO - [2026-08-26T12:45:31.577+0000] {dag.py:3239} INFO - Sync 1 DAGs
[2026-08-26T12:45:31.613+0000] {logging_mixin.py:190} INFO - [2026-08-26T12:45:31.613+0000] {dag.py:4180} INFO - Setting next_dagrun for airbyte_to_dbt_pipeline_prod to 2026-08-26 11:00:00+00:00, run_after=2026-08-26 12:00:00+00:00
[2026-08-26T12:45:31.640+0000] {processor.py:208} INFO - Processing /opt/airflow/dags/prod/airbyte_to_dbt_prod.py took 0.162 seconds
[2026-08-26T12:46:01.808+0000] {processor.py:186} INFO - Started process (PID=4846) to work on /opt/airflow/dags/prod/airbyte_to_dbt_prod.py
[2026-08-26T12:46:01.809+0000] {processor.py:914} INFO - Processing file /opt/airflow/dags/prod/airbyte_to_dbt_prod.py for tasks to queue
[2026-08-26T12:46:01.812+0000] {logging_mixin.py:190} INFO - [2026-08-26T12:46:01.812+0000] {dagbag.py:588} INFO - Filling up the DagBag from /opt/airflow/dags/prod/airbyte_to_dbt_prod.py
[2026-08-26T12:46:01.833+0000] {processor.py:925} INFO - DAG(s) 'airbyte_to_dbt_pipeline_prod' retrieved from /opt/airflow/dags/prod/airbyte_to_dbt_prod.py
[2026-08-26T12:46:01.875+0000] {logging_mixin.py:190} INFO - [2026-08-26T12:46:01.875+0000] {dag.py:3239} INFO - Sync 1 DAGs
[2026-08-26T12:46:01.905+0000] {logging_mixin.py:190} INFO - [2026-08-26T12:46:01.904+0000] {dag.py:4180} INFO - Setting next_dagrun for airbyte_to_dbt_pipeline_prod to 2026-08-26 11:00:00+00:00, run_after=2026-08-26 12:00:00+00:00
[2026-08-26T12:46:01.928+0000] {processor.py:208} INFO - Processing /opt/airflow/dags/prod/airbyte_to_dbt_prod.py took 0.128 seconds
[2026-08-26T12:46:32.089+0000] {processor.py:186} INFO - Started process (PID=4856) to work on /opt/airflow/dags/prod/airbyte_to_dbt_prod.py
[2026-08-26T12:46:32.090+0000] {processor.py:914} INFO - Processing file /opt/airflow/dags/prod/airbyte_to_dbt_prod.py for tasks to queue
[2026-08-26T12:46:32.094+0000] {logging_mixin.py:190} INFO - [2026-08-26T12:46:32.093+0000] {dagbag.py:588} INFO - Filling up the DagBag from /opt/airflow/dags/prod/airbyte_to_dbt_prod.py
[2026-08-26T12:46:32.117+0000] {processor.py:925} INFO - DAG(s) 'airbyte_to_dbt_pipeline_prod' retrieved from /opt/airflow/dags/prod/airbyte_to_dbt_prod.py
[2026-08-26T12:46:32.161+0000] {logging_mixin.py:190} INFO - [2026-08-26T12:46:32.161+0000] {dag.py:3239} INFO - Sync 1 DAGs
[2026-08-26T12:46:32.194+0000] {logging_mixin.py:190} INFO - [2026-08-26T12:46:32.194+0000] {dag.py:4180} INFO - Setting next_dagrun for airbyte_to_dbt_pipeline_prod to 2026-08-26 11:00:00+00:00, run_after=2026-08-26 12:00:00+00:00
[2026-08-26T12:46:32.218+0000] {processor.py:208} INFO - Processing /opt/airflow/dags/prod/airbyte_to_dbt_prod.py took 0.136 seconds
[2026-08-26T12:47:02.389+0000] {processor.py:186} INFO - Started process (PID=4866) to work on /opt/airflow/dags/prod/airbyte_to_dbt_prod.py
[2026-08-26T12:47:02.390+0000] {processor.py:914} INFO - Processing file /opt/airflow/dags/prod/airbyte_to_dbt_prod.py for tasks to queue
[2026-08-26T12:47:02.393+0000] {logging_mixin.py:190} INFO - [2026-08-26T12:47:02.393+0000] {dagbag.py:588} INFO - Filling up the DagBag from /opt/airflow/dags/prod/airbyte_to_dbt_prod.py
[2026-08-26T12:47:02.418+0000] {processor.py:925} INFO - DAG(s) 'airbyte_to_dbt_pipeline_prod' retrieved from /opt/airflow/dags/prod/airbyte_to_dbt_prod.py
[2026-08-26T12:47:02.461+0000] {logging_mixin.py:190} INFO - [2026-08-26T12:47:02.460+0000] {dag.py:3239} INFO - Sync 1 DAGs
[2026-08-26T12:47:02.494+0000] {logging_mixin.py:190} INFO - [2026-08-26T12:47:02.494+0000] {dag.py:4180} INFO - Setting next_dagrun for airbyte_to_dbt_pipeline_prod to 2026-08-26 11:00:00+00:00, run_after=2026-08-26 12:00:00+00:00
[2026-08-26T12:47:02.518+0000] {processor.py:208} INFO - Processing /opt/airflow/dags/prod/airbyte_to_dbt_prod.py took 0.138 seconds
[2026-08-26T12:47:32.683+0000] {processor.py:186} INFO - Started process (PID=4876) to work on /opt/airflow/dags/prod/airbyte_to_dbt_prod.py
[2026-08-26T12:47:32.684+0000] {processor.py:914} INFO - Processing file /opt/airflow/dags/prod/airbyte_to_dbt_prod.py for tasks to queue
[2026-08-26T12:47:32.687+0000] {logging_mixin.py:190} INFO - [2026-08-26T12:47:32.687+0000] {dagbag.py:588} INFO - Filling up the DagBag from /opt/airflow/dags/prod/airbyte_to_dbt_prod.py
[2026-08-26T12:47:32.709+0000] {processor.py:925} INFO - DAG(s) 'airbyte_to_dbt_pipeline_prod' retrieved from /opt/airflow/dags/prod/airbyte_to_dbt_prod.py
[2026-08-26T12:47:32.747+0000] {logging_mixin.py:190} INFO - [2026-08-26T12:47:32.747+0000] {dag.py:3239} INFO - Sync 1 DAGs
[2026-08-26T12:47:32.782+0000] {logging_mixin.py:190} INFO - [2026-08-26T12:47:32.782+0000] {dag.py:4180} INFO - Setting next_dagrun for airbyte_to_dbt_pipeline_prod to 2026-08-26 11:00:00+00:00, run_after=2026-08-26 12:00:00+00:00
[2026-08-26T12:47:32.804+0000] {processor.py:208} INFO - Processing /opt/airflow/dags/prod/airbyte_to_dbt_prod.py took 0.131 seconds
[2026-08-26T12:48:02.966+0000] {processor.py:186} INFO - Started process (PID=4886) to work on /opt/airflow/dags/prod/airbyte_to_dbt_prod.py
[2026-08-26T12:48:02.966+0000] {processor.py:914} INFO - Processing file /opt/airflow/dags/prod/airbyte_to_dbt_prod.py for tasks to queue
[2026-08-26T12:48:02.969+0000] {logging_mixin.py:190} INFO - [2026-08-26T12:48:02.969+0000] {dagbag.py:588} INFO - Filling up the DagBag from /opt/airflow/dags/prod/airbyte_to_dbt_prod.py
[2026-08-26T12:48:02.992+0000] {processor.py:925} INFO - DAG(s) 'airbyte_to_dbt_pipeline_prod' retrieved from /opt/airflow/dags/prod/airbyte_to_dbt_prod.py
[2026-08-26T12:48:03.033+0000] {logging_mixin.py:190} INFO - [2026-08-26T12:48:03.033+0000] {dag.py:3239} INFO - Sync 1 DAGs
[2026-08-26T12:48:03.067+0000] {logging_mixin.py:190} INFO - [2026-08-26T12:48:03.066+0000] {dag.py:4180} INFO - Setting next_dagrun for airbyte_to_dbt_pipeline_prod to 2026-08-26 11:00:00+00:00, run_after=2026-08-26 12:00:00+00:00
[2026-08-26T12:48:03.090+0000] {processor.py:208} INFO - Processing /opt/airflow/dags/prod/airbyte_to_dbt_prod.py took 0.133 seconds
[2026-08-26T12:48:33.253+0000] {processor.py:186} INFO - Started process (PID=4896) to work on /opt/airflow/dags/prod/airbyte_to_dbt_prod.py
[2026-08-26T12:48:33.254+0000] {processor.py:914} INFO - Processing file /opt/airflow/dags/prod/airbyte_to_dbt_prod.py for tasks to queue
[2026-08-26T12:48:33.258+0000] {logging_mixin.py:190} INFO - [2026-08-26T12:48:33.258+0000] {dagbag.py:588} INFO - Filling up the DagBag from /opt/airflow/dags/prod/airbyte_to_dbt_prod.py
[2026-08-26T12:48:33.283+0000] {processor.py:925} INFO - DAG(s) 'airbyte_to_dbt_pipeline_prod' retrieved from /opt/airflow/dags/prod/airbyte_to_dbt_prod.py
[2026-08-26T12:48:33.334+0000] {logging_mixin.py:190} INFO - [2026-08-26T12:48:33.334+0000] {dag.py:3239} INFO - Sync 1 DAGs
[2026-08-26T12:48:33.370+0000] {logging_mixin.py:190} INFO - [2026-08-26T12:48:33.370+0000] {dag.py:4180} INFO - Setting next_dagrun for airbyte_to_dbt_pipeline_prod to 2026-08-26 11:00:00+00:00, run_after=2026-08-26 12:00:00+00:00
[2026-08-26T12:48:33.397+0000] {processor.py:208} INFO - Processing /opt/airflow/dags/prod/airbyte_to_dbt_prod.py took 0.153 seconds
[2026-08-26T12:49:03.560+0000] {processor.py:186} INFO - Started process (PID=4906) to work on /opt/airflow/dags/prod/airbyte_to_dbt_prod.py
[2026-08-26T12:49:03.561+0000] {processor.py:914} INFO - Processing file /opt/airflow/dags/prod/airbyte_to_dbt_prod.py for tasks to queue
[2026-08-26T12:49:03.564+0000] {logging_mixin.py:190} INFO - [2026-08-26T12:49:03.564+0000] {dagbag.py:588} INFO - Filling up the DagBag from /opt/airflow/dags/prod/airbyte_to_dbt_prod.py
[2026-08-26T12:49:03.589+0000] {processor.py:925} INFO - DAG(s) 'airbyte_to_dbt_pipeline_prod' retrieved from /opt/airflow/dags/prod/airbyte_to_dbt_prod.py
[2026-08-26T12:49:03.639+0000] {logging_mixin.py:190} INFO - [2026-08-26T12:49:03.639+0000] {dag.py:3239} INFO - Sync 1 DAGs
[2026-08-26T12:49:03.675+0000] {logging_mixin.py:190} INFO - [2026-08-26T12:49:03.674+0000] {dag.py:4180} INFO - Setting next_dagrun for airbyte_to_dbt_pipeline_prod to 2026-08-26 11:00:00+00:00, run_after=2026-08-26 12:00:00+00:00
[2026-08-26T12:49:03.698+0000] {processor.py:208} INFO - Processing /opt/airflow/dags/prod/airbyte_to_dbt_prod.py took 0.146 seconds
[2026-08-26T12:49:33.856+0000] {processor.py:186} INFO - Started process (PID=4916) to work on /opt/airflow/dags/prod/airbyte_to_dbt_prod.py
[2026-08-26T12:49:33.857+0000] {processor.py:914} INFO - Processing file /opt/airflow/dags/prod/airbyte_to_dbt_prod.py for tasks to queue
[2026-08-26T12:49:33.860+0000] {logging_mixin.py:190} INFO - [2026-08-26T12:49:33.860+0000] {dagbag.py:588} INFO - Filling up the DagBag from /opt/airflow/dags/prod/airbyte_to_dbt_prod.py
[2026-08-26T12:49:33.883+0000] {processor.py:925} INFO - DAG(s) 'airbyte_to_dbt_pipeline_prod' retrieved from /opt/airflow/dags/prod/airbyte_to_dbt_prod.py
[2026-08-26T12:49:33.930+0000] {logging_mixin.py:190} INFO - [2026-08-26T12:49:33.930+0000] {dag.py:3239} INFO - Sync 1 DAGs
[2026-08-26T12:49:33.965+0000] {logging_mixin.py:190} INFO - [2026-08-26T12:49:33.964+0000] {dag.py:4180} INFO - Setting next_dagrun for airbyte_to_dbt_pipeline_prod to 2026-08-26 11:00:00+00:00, run_after=2026-08-26 12:00:00+00:00
[2026-08-26T12:49:33.989+0000] {processor.py:208} INFO - Processing /opt/airflow/dags/prod/airbyte_to_dbt_prod.py took 0.141 seconds
[2026-08-26T12:50:04.152+0000] {processor.py:186} INFO - Started process (PID=4926) to work on /opt/airflow/dags/prod/airbyte_to_dbt_prod.py
[2026-08-26T12:50:04.153+0000] {processor.py:914} INFO - Processing file /opt/airflow/dags/prod/airbyte_to_dbt_prod.py for tasks to queue
[2026-08-26T12:50:04.156+0000] {logging_mixin.py:190} INFO - [2026-08-26T12:50:04.155+0000] {dagbag.py:588} INFO - Filling up the DagBag from /opt/airflow/dags/prod/airbyte_to_dbt_prod.py
[2026-08-26T12:50:04.180+0000] {processor.py:925} INFO - DAG(s) 'airbyte_to_dbt_pipeline_prod' retrieved from /opt/airflow/dags/prod/airbyte_to_dbt_prod.py
[2026-08-26T12:50:04.220+0000] {logging_mixin.py:190} INFO - [2026-08-26T12:50:04.220+0000] {dag.py:3239} INFO - Sync 1 DAGs
[2026-08-26T12:50:04.252+0000] {logging_mixin.py:190} INFO - [2026-08-26T12:50:04.252+0000] {dag.py:4180} INFO - Setting next_dagrun for airbyte_to_dbt_pipeline_prod to 2026-08-26 11:00:00+00:00, run_after=2026-08-26 12:00:00+00:00
[2026-08-26T12:50:04.274+0000] {processor.py:208} INFO - Processing /opt/airflow/dags/prod/airbyte_to_dbt_prod.py took 0.130 seconds
[2026-08-26T12:50:34.437+0000] {processor.py:186} INFO - Started process (PID=4936) to work on /opt/airflow/dags/prod/airbyte_to_dbt_prod.py
[2026-08-26T12:50:34.439+0000] {processor.py:914} INFO - Processing file /opt/airflow/dags/prod/airbyte_to_dbt_prod.py for tasks to queue
[2026-08-26T12:50:34.443+0000] {logging_mixin.py:190} INFO - [2026-08-26T12:50:34.442+0000] {dagbag.py:588} INFO - Filling up the DagBag from /opt/airflow/dags/prod/airbyte_to_dbt_prod.py
[2026-08-26T12:50:34.471+0000] {processor.py:925} INFO - DAG(s) 'airbyte_to_dbt_pipeline_prod' retrieved from /opt/airflow/dags/prod/airbyte_to_dbt_prod.py
[2026-08-26T12:50:34.516+0000] {logging_mixin.py:190} INFO - [2026-08-26T12:50:34.516+0000] {dag.py:3239} INFO - Sync 1 DAGs
[2026-08-26T12:50:34.550+0000] {logging_mixin.py:190} INFO - [2026-08-26T12:50:34.550+0000] {dag.py:4180} INFO - Setting next_dagrun for airbyte_to_dbt_pipeline_prod to 2026-08-26 11:00:00+00:00, run_after=2026-08-26 12:00:00+00:00
[2026-08-26T12:50:34.575+0000] {processor.py:208} INFO - Processing /opt/airflow/dags/prod/airbyte_to_dbt_prod.py took 0.148 seconds
[2026-08-26T12:51:04.746+0000] {processor.py:186} INFO - Started process (PID=4946) to work on /opt/airflow/dags/prod/airbyte_to_dbt_prod.py
[2026-08-26T12:51:04.747+0000] {processor.py:914} INFO - Processing file /opt/airflow/dags/prod/airbyte_to_dbt_prod.py for tasks to queue
[2026-08-26T12:51:04.750+0000] {logging_mixin.py:190} INFO - [2026-08-26T12:51:04.750+0000] {dagbag.py:588} INFO - Filling up the DagBag from /opt/airflow/dags/prod/airbyte_to_dbt_prod.py
[2026-08-26T12:51:04.772+0000] {processor.py:925} INFO - DAG(s) 'airbyte_to_dbt_pipeline_prod' retrieved from /opt/airflow/dags/prod/airbyte_to_dbt_prod.py
[2026-08-26T12:51:04.810+0000] {logging_mixin.py:190} INFO - [2026-08-26T12:51:04.810+0000] {dag.py:3239} INFO - Sync 1 DAGs
[2026-08-26T12:51:04.843+0000] {logging_mixin.py:190} INFO - [2026-08-26T12:51:04.843+0000] {dag.py:4180} INFO - Setting next_dagrun for airbyte_to_dbt_pipeline_prod to 2026-08-26 11:00:00+00:00, run_after=2026-08-26 12:00:00+00:00
[2026-08-26T12:51:04.866+0000] {processor.py:208} INFO - Processing /opt/airflow/dags/prod/airbyte_to_dbt_prod.py took 0.129 seconds
[2026-08-26T12:51:35.021+0000] {processor.py:186} INFO - Started process (PID=4956) to work on /opt/airflow/dags/prod/airbyte_to_dbt_prod.py
[2026-08-26T12:51:35.022+0000] {processor.py:914} INFO - Processing file /opt/airflow/dags/prod/airbyte_to_dbt_prod.py for tasks to queue
[2026-08-26T12:51:35.025+0000] {logging_mixin.py:190} INFO - [2026-08-26T12:51:35.024+0000] {dagbag.py:588} INFO - Filling up the DagBag from /opt/airflow/dags/prod/airbyte_to_dbt_prod.py
[2026-08-26T12:51:35.046+0000] {processor.py:925} INFO - DAG(s) 'airbyte_to_dbt_pipeline_prod' retrieved from /opt/airflow/dags/prod/airbyte_to_dbt_prod.py
[2026-08-26T12:51:35.095+0000] {logging_mixin.py:190} INFO - [2026-08-26T12:51:35.094+0000] {dag.py:3239} INFO - Sync 1 DAGs
[2026-08-26T12:51:35.128+0000] {logging_mixin.py:190} INFO - [2026-08-26T12:51:35.128+0000] {dag.py:4180} INFO - Setting next_dagrun for airbyte_to_dbt_pipeline_prod to 2026-08-26 11:00:00+00:00, run_after=2026-08-26 12:00:00+00:00
[2026-08-26T12:51:35.150+0000] {processor.py:208} INFO - Processing /opt/airflow/dags/prod/airbyte_to_dbt_prod.py took 0.139 seconds
[2026-08-26T12:57:42.342+0000] {processor.py:186} INFO - Started process (PID=4964) to work on /opt/airflow/dags/prod/airbyte_to_dbt_prod.py
[2026-08-26T12:57:42.357+0000] {processor.py:914} INFO - Processing file /opt/airflow/dags/prod/airbyte_to_dbt_prod.py for tasks to queue
[2026-08-26T12:57:42.367+0000] {logging_mixin.py:190} INFO - [2026-08-26T12:57:42.366+0000] {dagbag.py:588} INFO - Filling up the DagBag from /opt/airflow/dags/prod/airbyte_to_dbt_prod.py
[2026-08-26T12:57:42.414+0000] {processor.py:925} INFO - DAG(s) 'airbyte_to_dbt_pipeline_prod' retrieved from /opt/airflow/dags/prod/airbyte_to_dbt_prod.py
[2026-08-26T12:57:42.521+0000] {logging_mixin.py:190} INFO - [2026-08-26T12:57:42.520+0000] {dag.py:3239} INFO - Sync 1 DAGs
[2026-08-26T12:57:42.568+0000] {logging_mixin.py:190} INFO - [2026-08-26T12:57:42.567+0000] {dag.py:4180} INFO - Setting next_dagrun for airbyte_to_dbt_pipeline_prod to 2026-08-26 11:00:00+00:00, run_after=2026-08-26 12:00:00+00:00
[2026-08-26T12:57:42.604+0000] {processor.py:208} INFO - Processing /opt/airflow/dags/prod/airbyte_to_dbt_prod.py took 0.276 seconds
[2026-08-26T12:58:12.910+0000] {processor.py:186} INFO - Started process (PID=4974) to work on /opt/airflow/dags/prod/airbyte_to_dbt_prod.py
[2026-08-26T12:58:12.911+0000] {processor.py:914} INFO - Processing file /opt/airflow/dags/prod/airbyte_to_dbt_prod.py for tasks to queue
[2026-08-26T12:58:12.961+0000] {logging_mixin.py:190} INFO - [2026-08-26T12:58:12.960+0000] {dagbag.py:588} INFO - Filling up the DagBag from /opt/airflow/dags/prod/airbyte_to_dbt_prod.py
[2026-08-26T12:58:13.187+0000] {processor.py:925} INFO - DAG(s) 'airbyte_to_dbt_pipeline_prod' retrieved from /opt/airflow/dags/prod/airbyte_to_dbt_prod.py
[2026-08-26T12:58:13.299+0000] {logging_mixin.py:190} INFO - [2026-08-26T12:58:13.299+0000] {dag.py:3239} INFO - Sync 1 DAGs
[2026-08-26T12:58:13.362+0000] {logging_mixin.py:190} INFO - [2026-08-26T12:58:13.362+0000] {dag.py:4180} INFO - Setting next_dagrun for airbyte_to_dbt_pipeline_prod to 2026-08-26 11:00:00+00:00, run_after=2026-08-26 12:00:00+00:00
[2026-08-26T12:58:13.386+0000] {processor.py:208} INFO - Processing /opt/airflow/dags/prod/airbyte_to_dbt_prod.py took 0.533 seconds
[2026-08-26T12:58:43.564+0000] {processor.py:186} INFO - Started process (PID=4986) to work on /opt/airflow/dags/prod/airbyte_to_dbt_prod.py
[2026-08-26T12:58:43.565+0000] {processor.py:914} INFO - Processing file /opt/airflow/dags/prod/airbyte_to_dbt_prod.py for tasks to queue
[2026-08-26T12:58:43.567+0000] {logging_mixin.py:190} INFO - [2026-08-26T12:58:43.567+0000] {dagbag.py:588} INFO - Filling up the DagBag from /opt/airflow/dags/prod/airbyte_to_dbt_prod.py
[2026-08-26T12:58:43.589+0000] {processor.py:925} INFO - DAG(s) 'airbyte_to_dbt_pipeline_prod' retrieved from /opt/airflow/dags/prod/airbyte_to_dbt_prod.py
[2026-08-26T12:58:43.638+0000] {logging_mixin.py:190} INFO - [2026-08-26T12:58:43.637+0000] {dag.py:3239} INFO - Sync 1 DAGs
[2026-08-26T12:58:43.676+0000] {logging_mixin.py:190} INFO - [2026-08-26T12:58:43.675+0000] {dag.py:4180} INFO - Setting next_dagrun for airbyte_to_dbt_pipeline_prod to 2026-08-26 11:00:00+00:00, run_after=2026-08-26 12:00:00+00:00
[2026-08-26T12:58:43.698+0000] {processor.py:208} INFO - Processing /opt/airflow/dags/prod/airbyte_to_dbt_prod.py took 0.144 seconds
[2026-08-26T12:59:13.875+0000] {processor.py:186} INFO - Started process (PID=4996) to work on /opt/airflow/dags/prod/airbyte_to_dbt_prod.py
[2026-08-26T12:59:13.877+0000] {processor.py:914} INFO - Processing file /opt/airflow/dags/prod/airbyte_to_dbt_prod.py for tasks to queue
[2026-08-26T12:59:13.881+0000] {logging_mixin.py:190} INFO - [2026-08-26T12:59:13.880+0000] {dagbag.py:588} INFO - Filling up the DagBag from /opt/airflow/dags/prod/airbyte_to_dbt_prod.py
[2026-08-26T12:59:13.911+0000] {processor.py:925} INFO - DAG(s) 'airbyte_to_dbt_pipeline_prod' retrieved from /opt/airflow/dags/prod/airbyte_to_dbt_prod.py
[2026-08-26T12:59:13.955+0000] {logging_mixin.py:190} INFO - [2026-08-26T12:59:13.955+0000] {dag.py:3239} INFO - Sync 1 DAGs
[2026-08-26T12:59:13.991+0000] {logging_mixin.py:190} INFO - [2026-08-26T12:59:13.991+0000] {dag.py:4180} INFO - Setting next_dagrun for airbyte_to_dbt_pipeline_prod to 2026-08-26 11:00:00+00:00, run_after=2026-08-26 12:00:00+00:00
[2026-08-26T12:59:14.015+0000] {processor.py:208} INFO - Processing /opt/airflow/dags/prod/airbyte_to_dbt_prod.py took 0.149 seconds
[2026-08-26T12:59:44.181+0000] {processor.py:186} INFO - Started process (PID=5006) to work on /opt/airflow/dags/prod/airbyte_to_dbt_prod.py
[2026-08-26T12:59:44.182+0000] {processor.py:914} INFO - Processing file /opt/airflow/dags/prod/airbyte_to_dbt_prod.py for tasks to queue
[2026-08-26T12:59:44.185+0000] {logging_mixin.py:190} INFO - [2026-08-26T12:59:44.185+0000] {dagbag.py:588} INFO - Filling up the DagBag from /opt/airflow/dags/prod/airbyte_to_dbt_prod.py
[2026-08-26T12:59:44.213+0000] {processor.py:925} INFO - DAG(s) 'airbyte_to_dbt_pipeline_prod' retrieved from /opt/airflow/dags/prod/airbyte_to_dbt_prod.py
[2026-08-26T12:59:44.257+0000] {logging_mixin.py:190} INFO - [2026-08-26T12:59:44.257+0000] {dag.py:3239} INFO - Sync 1 DAGs
[2026-08-26T12:59:44.299+0000] {logging_mixin.py:190} INFO - [2026-08-26T12:59:44.295+0000] {dag.py:4180} INFO - Setting next_dagrun for airbyte_to_dbt_pipeline_prod to 2026-08-26 11:00:00+00:00, run_after=2026-08-26 12:00:00+00:00
[2026-08-26T12:59:44.324+0000] {processor.py:208} INFO - Processing /opt/airflow/dags/prod/airbyte_to_dbt_prod.py took 0.150 seconds
[2026-08-26T13:00:14.499+0000] {processor.py:186} INFO - Started process (PID=5016) to work on /opt/airflow/dags/prod/airbyte_to_dbt_prod.py
[2026-08-26T13:00:14.500+0000] {processor.py:914} INFO - Processing file /opt/airflow/dags/prod/airbyte_to_dbt_prod.py for tasks to queue
[2026-08-26T13:00:14.505+0000] {logging_mixin.py:190} INFO - [2026-08-26T13:00:14.504+0000] {dagbag.py:588} INFO - Filling up the DagBag from /opt/airflow/dags/prod/airbyte_to_dbt_prod.py
[2026-08-26T13:00:14.530+0000] {processor.py:925} INFO - DAG(s) 'airbyte_to_dbt_pipeline_prod' retrieved from /opt/airflow/dags/prod/airbyte_to_dbt_prod.py
[2026-08-26T13:00:14.579+0000] {logging_mixin.py:190} INFO - [2026-08-26T13:00:14.579+0000] {dag.py:3239} INFO - Sync 1 DAGs
[2026-08-26T13:00:14.622+0000] {logging_mixin.py:190} INFO - [2026-08-26T13:00:14.622+0000] {dag.py:4180} INFO - Setting next_dagrun for airbyte_to_dbt_pipeline_prod to 2026-08-26 12:00:00+00:00, run_after=2026-08-26 13:00:00+00:00
[2026-08-26T13:00:14.647+0000] {processor.py:208} INFO - Processing /opt/airflow/dags/prod/airbyte_to_dbt_prod.py took 0.160 seconds
[2026-08-26T13:00:44.816+0000] {processor.py:186} INFO - Started process (PID=5026) to work on /opt/airflow/dags/prod/airbyte_to_dbt_prod.py
[2026-08-26T13:00:44.817+0000] {processor.py:914} INFO - Processing file /opt/airflow/dags/prod/airbyte_to_dbt_prod.py for tasks to queue
[2026-08-26T13:00:44.822+0000] {logging_mixin.py:190} INFO - [2026-08-26T13:00:44.821+0000] {dagbag.py:588} INFO - Filling up the DagBag from /opt/airflow/dags/prod/airbyte_to_dbt_prod.py
[2026-08-26T13:00:44.855+0000] {processor.py:925} INFO - DAG(s) 'airbyte_to_dbt_pipeline_prod' retrieved from /opt/airflow/dags/prod/airbyte_to_dbt_prod.py
[2026-08-26T13:00:44.937+0000] {logging_mixin.py:190} INFO - [2026-08-26T13:00:44.936+0000] {dag.py:3239} INFO - Sync 1 DAGs
[2026-08-26T13:00:44.996+0000] {logging_mixin.py:190} INFO - [2026-08-26T13:00:44.996+0000] {dag.py:4180} INFO - Setting next_dagrun for airbyte_to_dbt_pipeline_prod to 2026-08-26 12:00:00+00:00, run_after=2026-08-26 13:00:00+00:00
[2026-08-26T13:00:45.032+0000] {processor.py:208} INFO - Processing /opt/airflow/dags/prod/airbyte_to_dbt_prod.py took 0.228 seconds
[2026-08-26T13:01:15.238+0000] {processor.py:186} INFO - Started process (PID=5036) to work on /opt/airflow/dags/prod/airbyte_to_dbt_prod.py
[2026-08-26T13:01:15.240+0000] {processor.py:914} INFO - Processing file /opt/airflow/dags/prod/airbyte_to_dbt_prod.py for tasks to queue
[2026-08-26T13:01:15.246+0000] {logging_mixin.py:190} INFO - [2026-08-26T13:01:15.245+0000] {dagbag.py:588} INFO - Filling up the DagBag from /opt/airflow/dags/prod/airbyte_to_dbt_prod.py
[2026-08-26T13:01:15.283+0000] {processor.py:925} INFO - DAG(s) 'airbyte_to_dbt_pipeline_prod' retrieved from /opt/airflow/dags/prod/airbyte_to_dbt_prod.py
[2026-08-26T13:01:15.337+0000] {logging_mixin.py:190} INFO - [2026-08-26T13:01:15.336+0000] {dag.py:3239} INFO - Sync 1 DAGs
[2026-08-26T13:01:15.388+0000] {logging_mixin.py:190} INFO - [2026-08-26T13:01:15.388+0000] {dag.py:4180} INFO - Setting next_dagrun for airbyte_to_dbt_pipeline_prod to 2026-08-26 12:00:00+00:00, run_after=2026-08-26 13:00:00+00:00
[2026-08-26T13:01:15.437+0000] {processor.py:208} INFO - Processing /opt/airflow/dags/prod/airbyte_to_dbt_prod.py took 0.232 seconds
[2026-08-26T13:01:46.132+0000] {processor.py:186} INFO - Started process (PID=5044) to work on /opt/airflow/dags/prod/airbyte_to_dbt_prod.py
[2026-08-26T13:01:46.136+0000] {processor.py:914} INFO - Processing file /opt/airflow/dags/prod/airbyte_to_dbt_prod.py for tasks to queue
[2026-08-26T13:01:46.332+0000] {logging_mixin.py:190} INFO - [2026-08-26T13:01:46.312+0000] {dagbag.py:588} INFO - Filling up the DagBag from /opt/airflow/dags/prod/airbyte_to_dbt_prod.py
[2026-08-26T13:01:47.277+0000] {processor.py:925} INFO - DAG(s) 'airbyte_to_dbt_pipeline_prod' retrieved from /opt/airflow/dags/prod/airbyte_to_dbt_prod.py
[2026-08-26T13:01:48.285+0000] {logging_mixin.py:190} INFO - [2026-08-26T13:01:48.284+0000] {dag.py:3239} INFO - Sync 1 DAGs
[2026-08-26T13:01:49.106+0000] {logging_mixin.py:190} INFO - [2026-08-26T13:01:49.106+0000] {dag.py:4180} INFO - Setting next_dagrun for airbyte_to_dbt_pipeline_prod to 2026-08-26 12:00:00+00:00, run_after=2026-08-26 13:00:00+00:00
[2026-08-26T13:01:49.128+0000] {processor.py:208} INFO - Processing /opt/airflow/dags/prod/airbyte_to_dbt_prod.py took 3.328 seconds
[2026-08-26T13:02:19.287+0000] {processor.py:186} INFO - Started process (PID=5056) to work on /opt/airflow/dags/prod/airbyte_to_dbt_prod.py
[2026-08-26T13:02:19.288+0000] {processor.py:914} INFO - Processing file /opt/airflow/dags/prod/airbyte_to_dbt_prod.py for tasks to queue
[2026-08-26T13:02:19.291+0000] {logging_mixin.py:190} INFO - [2026-08-26T13:02:19.291+0000] {dagbag.py:588} INFO - Filling up the DagBag from /opt/airflow/dags/prod/airbyte_to_dbt_prod.py
[2026-08-26T13:02:19.314+0000] {processor.py:925} INFO - DAG(s) 'airbyte_to_dbt_pipeline_prod' retrieved from /opt/airflow/dags/prod/airbyte_to_dbt_prod.py
[2026-08-26T13:02:19.367+0000] {logging_mixin.py:190} INFO - [2026-08-26T13:02:19.367+0000] {dag.py:3239} INFO - Sync 1 DAGs
[2026-08-26T13:02:19.405+0000] {logging_mixin.py:190} INFO - [2026-08-26T13:02:19.405+0000] {dag.py:4180} INFO - Setting next_dagrun for airbyte_to_dbt_pipeline_prod to 2026-08-26 12:00:00+00:00, run_after=2026-08-26 13:00:00+00:00
[2026-08-26T13:02:19.429+0000] {processor.py:208} INFO - Processing /opt/airflow/dags/prod/airbyte_to_dbt_prod.py took 0.150 seconds
[2026-08-26T13:02:49.610+0000] {processor.py:186} INFO - Started process (PID=5066) to work on /opt/airflow/dags/prod/airbyte_to_dbt_prod.py
[2026-08-26T13:02:49.612+0000] {processor.py:914} INFO - Processing file /opt/airflow/dags/prod/airbyte_to_dbt_prod.py for tasks to queue
[2026-08-26T13:02:49.616+0000] {logging_mixin.py:190} INFO - [2026-08-26T13:02:49.615+0000] {dagbag.py:588} INFO - Filling up the DagBag from /opt/airflow/dags/prod/airbyte_to_dbt_prod.py
[2026-08-26T13:02:49.644+0000] {processor.py:925} INFO - DAG(s) 'airbyte_to_dbt_pipeline_prod' retrieved from /opt/airflow/dags/prod/airbyte_to_dbt_prod.py
[2026-08-26T13:02:49.693+0000] {logging_mixin.py:190} INFO - [2026-08-26T13:02:49.693+0000] {dag.py:3239} INFO - Sync 1 DAGs
[2026-08-26T13:02:49.733+0000] {logging_mixin.py:190} INFO - [2026-08-26T13:02:49.732+0000] {dag.py:4180} INFO - Setting next_dagrun for airbyte_to_dbt_pipeline_prod to 2026-08-26 12:00:00+00:00, run_after=2026-08-26 13:00:00+00:00
[2026-08-26T13:02:49.761+0000] {processor.py:208} INFO - Processing /opt/airflow/dags/prod/airbyte_to_dbt_prod.py took 0.161 seconds
[2026-08-26T13:03:19.933+0000] {processor.py:186} INFO - Started process (PID=5076) to work on /opt/airflow/dags/prod/airbyte_to_dbt_prod.py
[2026-08-26T13:03:19.935+0000] {processor.py:914} INFO - Processing file /opt/airflow/dags/prod/airbyte_to_dbt_prod.py for tasks to queue
[2026-08-26T13:03:19.939+0000] {logging_mixin.py:190} INFO - [2026-08-26T13:03:19.939+0000] {dagbag.py:588} INFO - Filling up the DagBag from /opt/airflow/dags/prod/airbyte_to_dbt_prod.py
[2026-08-26T13:03:19.971+0000] {processor.py:925} INFO - DAG(s) 'airbyte_to_dbt_pipeline_prod' retrieved from /opt/airflow/dags/prod/airbyte_to_dbt_prod.py
[2026-08-26T13:03:20.025+0000] {logging_mixin.py:190} INFO - [2026-08-26T13:03:20.025+0000] {dag.py:3239} INFO - Sync 1 DAGs
[2026-08-26T13:03:20.062+0000] {logging_mixin.py:190} INFO - [2026-08-26T13:03:20.062+0000] {dag.py:4180} INFO - Setting next_dagrun for airbyte_to_dbt_pipeline_prod to 2026-08-26 12:00:00+00:00, run_after=2026-08-26 13:00:00+00:00
[2026-08-26T13:03:20.084+0000] {processor.py:208} INFO - Processing /opt/airflow/dags/prod/airbyte_to_dbt_prod.py took 0.160 seconds
[2026-08-26T13:03:50.253+0000] {processor.py:186} INFO - Started process (PID=5086) to work on /opt/airflow/dags/prod/airbyte_to_dbt_prod.py
[2026-08-26T13:03:50.254+0000] {processor.py:914} INFO - Processing file /opt/airflow/dags/prod/airbyte_to_dbt_prod.py for tasks to queue
[2026-08-26T13:03:50.258+0000] {logging_mixin.py:190} INFO - [2026-08-26T13:03:50.257+0000] {dagbag.py:588} INFO - Filling up the DagBag from /opt/airflow/dags/prod/airbyte_to_dbt_prod.py
[2026-08-26T13:03:50.280+0000] {processor.py:925} INFO - DAG(s) 'airbyte_to_dbt_pipeline_prod' retrieved from /opt/airflow/dags/prod/airbyte_to_dbt_prod.py
[2026-08-26T13:03:50.320+0000] {logging_mixin.py:190} INFO - [2026-08-26T13:03:50.319+0000] {dag.py:3239} INFO - Sync 1 DAGs
[2026-08-26T13:03:50.354+0000] {logging_mixin.py:190} INFO - [2026-08-26T13:03:50.353+0000] {dag.py:4180} INFO - Setting next_dagrun for airbyte_to_dbt_pipeline_prod to 2026-08-26 12:00:00+00:00, run_after=2026-08-26 13:00:00+00:00
[2026-08-26T13:03:50.378+0000] {processor.py:208} INFO - Processing /opt/airflow/dags/prod/airbyte_to_dbt_prod.py took 0.134 seconds
[2026-08-26T13:04:20.556+0000] {processor.py:186} INFO - Started process (PID=5096) to work on /opt/airflow/dags/prod/airbyte_to_dbt_prod.py
[2026-08-26T13:04:20.557+0000] {processor.py:914} INFO - Processing file /opt/airflow/dags/prod/airbyte_to_dbt_prod.py for tasks to queue
[2026-08-26T13:04:20.561+0000] {logging_mixin.py:190} INFO - [2026-08-26T13:04:20.561+0000] {dagbag.py:588} INFO - Filling up the DagBag from /opt/airflow/dags/prod/airbyte_to_dbt_prod.py
[2026-08-26T13:04:20.590+0000] {processor.py:925} INFO - DAG(s) 'airbyte_to_dbt_pipeline_prod' retrieved from /opt/airflow/dags/prod/airbyte_to_dbt_prod.py
[2026-08-26T13:04:20.633+0000] {logging_mixin.py:190} INFO - [2026-08-26T13:04:20.632+0000] {dag.py:3239} INFO - Sync 1 DAGs
[2026-08-26T13:04:20.665+0000] {logging_mixin.py:190} INFO - [2026-08-26T13:04:20.665+0000] {dag.py:4180} INFO - Setting next_dagrun for airbyte_to_dbt_pipeline_prod to 2026-08-26 12:00:00+00:00, run_after=2026-08-26 13:00:00+00:00
[2026-08-26T13:04:20.690+0000] {processor.py:208} INFO - Processing /opt/airflow/dags/prod/airbyte_to_dbt_prod.py took 0.146 seconds
[2026-08-26T13:04:50.853+0000] {processor.py:186} INFO - Started process (PID=5106) to work on /opt/airflow/dags/prod/airbyte_to_dbt_prod.py
[2026-08-26T13:04:50.854+0000] {processor.py:914} INFO - Processing file /opt/airflow/dags/prod/airbyte_to_dbt_prod.py for tasks to queue
[2026-08-26T13:04:50.857+0000] {logging_mixin.py:190} INFO - [2026-08-26T13:04:50.856+0000] {dagbag.py:588} INFO - Filling up the DagBag from /opt/airflow/dags/prod/airbyte_to_dbt_prod.py
[2026-08-26T13:04:50.879+0000] {processor.py:925} INFO - DAG(s) 'airbyte_to_dbt_pipeline_prod' retrieved from /opt/airflow/dags/prod/airbyte_to_dbt_prod.py
[2026-08-26T13:04:50.933+0000] {logging_mixin.py:190} INFO - [2026-08-26T13:04:50.933+0000] {dag.py:3239} INFO - Sync 1 DAGs
[2026-08-26T13:04:50.975+0000] {logging_mixin.py:190} INFO - [2026-08-26T13:04:50.975+0000] {dag.py:4180} INFO - Setting next_dagrun for airbyte_to_dbt_pipeline_prod to 2026-08-26 12:00:00+00:00, run_after=2026-08-26 13:00:00+00:00
[2026-08-26T13:04:50.995+0000] {processor.py:208} INFO - Processing /opt/airflow/dags/prod/airbyte_to_dbt_prod.py took 0.151 seconds
[2026-08-26T13:05:21.141+0000] {processor.py:186} INFO - Started process (PID=5116) to work on /opt/airflow/dags/prod/airbyte_to_dbt_prod.py
[2026-08-26T13:05:21.142+0000] {processor.py:914} INFO - Processing file /opt/airflow/dags/prod/airbyte_to_dbt_prod.py for tasks to queue
[2026-08-26T13:05:21.145+0000] {logging_mixin.py:190} INFO - [2026-08-26T13:05:21.144+0000] {dagbag.py:588} INFO - Filling up the DagBag from /opt/airflow/dags/prod/airbyte_to_dbt_prod.py
[2026-08-26T13:05:21.168+0000] {processor.py:925} INFO - DAG(s) 'airbyte_to_dbt_pipeline_prod' retrieved from /opt/airflow/dags/prod/airbyte_to_dbt_prod.py
[2026-08-26T13:05:21.214+0000] {logging_mixin.py:190} INFO - [2026-08-26T13:05:21.214+0000] {dag.py:3239} INFO - Sync 1 DAGs
[2026-08-26T13:05:21.253+0000] {logging_mixin.py:190} INFO - [2026-08-26T13:05:21.253+0000] {dag.py:4180} INFO - Setting next_dagrun for airbyte_to_dbt_pipeline_prod to 2026-08-26 12:00:00+00:00, run_after=2026-08-26 13:00:00+00:00
[2026-08-26T13:05:21.274+0000] {processor.py:208} INFO - Processing /opt/airflow/dags/prod/airbyte_to_dbt_prod.py took 0.142 seconds
[2026-08-26T13:05:51.426+0000] {processor.py:186} INFO - Started process (PID=5126) to work on /opt/airflow/dags/prod/airbyte_to_dbt_prod.py
[2026-08-26T13:05:51.428+0000] {processor.py:914} INFO - Processing file /opt/airflow/dags/prod/airbyte_to_dbt_prod.py for tasks to queue
[2026-08-26T13:05:51.431+0000] {logging_mixin.py:190} INFO - [2026-08-26T13:05:51.430+0000] {dagbag.py:588} INFO - Filling up the DagBag from /opt/airflow/dags/prod/airbyte_to_dbt_prod.py
[2026-08-26T13:05:51.457+0000] {processor.py:925} INFO - DAG(s) 'airbyte_to_dbt_pipeline_prod' retrieved from /opt/airflow/dags/prod/airbyte_to_dbt_prod.py
[2026-08-26T13:05:51.501+0000] {logging_mixin.py:190} INFO - [2026-08-26T13:05:51.501+0000] {dag.py:3239} INFO - Sync 1 DAGs
[2026-08-26T13:05:51.534+0000] {logging_mixin.py:190} INFO - [2026-08-26T13:05:51.534+0000] {dag.py:4180} INFO - Setting next_dagrun for airbyte_to_dbt_pipeline_prod to 2026-08-26 12:00:00+00:00, run_after=2026-08-26 13:00:00+00:00
[2026-08-26T13:05:51.560+0000] {processor.py:208} INFO - Processing /opt/airflow/dags/prod/airbyte_to_dbt_prod.py took 0.145 seconds
[2026-08-26T13:06:21.727+0000] {processor.py:186} INFO - Started process (PID=5136) to work on /opt/airflow/dags/prod/airbyte_to_dbt_prod.py
[2026-08-26T13:06:21.728+0000] {processor.py:914} INFO - Processing file /opt/airflow/dags/prod/airbyte_to_dbt_prod.py for tasks to queue
[2026-08-26T13:06:21.731+0000] {logging_mixin.py:190} INFO - [2026-08-26T13:06:21.731+0000] {dagbag.py:588} INFO - Filling up the DagBag from /opt/airflow/dags/prod/airbyte_to_dbt_prod.py
[2026-08-26T13:06:21.753+0000] {processor.py:925} INFO - DAG(s) 'airbyte_to_dbt_pipeline_prod' retrieved from /opt/airflow/dags/prod/airbyte_to_dbt_prod.py
[2026-08-26T13:06:21.791+0000] {logging_mixin.py:190} INFO - [2026-08-26T13:06:21.791+0000] {dag.py:3239} INFO - Sync 1 DAGs
[2026-08-26T13:06:21.822+0000] {logging_mixin.py:190} INFO - [2026-08-26T13:06:21.822+0000] {dag.py:4180} INFO - Setting next_dagrun for airbyte_to_dbt_pipeline_prod to 2026-08-26 12:00:00+00:00, run_after=2026-08-26 13:00:00+00:00
[2026-08-26T13:06:21.847+0000] {processor.py:208} INFO - Processing /opt/airflow/dags/prod/airbyte_to_dbt_prod.py took 0.129 seconds
[2026-08-26T13:06:52.008+0000] {processor.py:186} INFO - Started process (PID=5146) to work on /opt/airflow/dags/prod/airbyte_to_dbt_prod.py
[2026-08-26T13:06:52.009+0000] {processor.py:914} INFO - Processing file /opt/airflow/dags/prod/airbyte_to_dbt_prod.py for tasks to queue
[2026-08-26T13:06:52.012+0000] {logging_mixin.py:190} INFO - [2026-08-26T13:06:52.012+0000] {dagbag.py:588} INFO - Filling up the DagBag from /opt/airflow/dags/prod/airbyte_to_dbt_prod.py
[2026-08-26T13:06:52.035+0000] {processor.py:925} INFO - DAG(s) 'airbyte_to_dbt_pipeline_prod' retrieved from /opt/airflow/dags/prod/airbyte_to_dbt_prod.py
[2026-08-26T13:06:52.077+0000] {logging_mixin.py:190} INFO - [2026-08-26T13:06:52.077+0000] {dag.py:3239} INFO - Sync 1 DAGs
[2026-08-26T13:06:52.114+0000] {logging_mixin.py:190} INFO - [2026-08-26T13:06:52.113+0000] {dag.py:4180} INFO - Setting next_dagrun for airbyte_to_dbt_pipeline_prod to 2026-08-26 12:00:00+00:00, run_after=2026-08-26 13:00:00+00:00
[2026-08-26T13:06:52.139+0000] {processor.py:208} INFO - Processing /opt/airflow/dags/prod/airbyte_to_dbt_prod.py took 0.140 seconds
[2026-08-26T13:07:22.318+0000] {processor.py:186} INFO - Started process (PID=5156) to work on /opt/airflow/dags/prod/airbyte_to_dbt_prod.py
[2026-08-26T13:07:22.319+0000] {processor.py:914} INFO - Processing file /opt/airflow/dags/prod/airbyte_to_dbt_prod.py for tasks to queue
[2026-08-26T13:07:22.323+0000] {logging_mixin.py:190} INFO - [2026-08-26T13:07:22.322+0000] {dagbag.py:588} INFO - Filling up the DagBag from /opt/airflow/dags/prod/airbyte_to_dbt_prod.py
[2026-08-26T13:07:22.352+0000] {processor.py:925} INFO - DAG(s) 'airbyte_to_dbt_pipeline_prod' retrieved from /opt/airflow/dags/prod/airbyte_to_dbt_prod.py
[2026-08-26T13:07:22.401+0000] {logging_mixin.py:190} INFO - [2026-08-26T13:07:22.401+0000] {dag.py:3239} INFO - Sync 1 DAGs
[2026-08-26T13:07:22.433+0000] {logging_mixin.py:190} INFO - [2026-08-26T13:07:22.433+0000] {dag.py:4180} INFO - Setting next_dagrun for airbyte_to_dbt_pipeline_prod to 2026-08-26 12:00:00+00:00, run_after=2026-08-26 13:00:00+00:00
[2026-08-26T13:07:22.456+0000] {processor.py:208} INFO - Processing /opt/airflow/dags/prod/airbyte_to_dbt_prod.py took 0.149 seconds
[2026-08-26T13:07:52.636+0000] {processor.py:186} INFO - Started process (PID=5166) to work on /opt/airflow/dags/prod/airbyte_to_dbt_prod.py
[2026-08-26T13:07:52.637+0000] {processor.py:914} INFO - Processing file /opt/airflow/dags/prod/airbyte_to_dbt_prod.py for tasks to queue
[2026-08-26T13:07:52.641+0000] {logging_mixin.py:190} INFO - [2026-08-26T13:07:52.641+0000] {dagbag.py:588} INFO - Filling up the DagBag from /opt/airflow/dags/prod/airbyte_to_dbt_prod.py
[2026-08-26T13:07:52.674+0000] {processor.py:925} INFO - DAG(s) 'airbyte_to_dbt_pipeline_prod' retrieved from /opt/airflow/dags/prod/airbyte_to_dbt_prod.py
[2026-08-26T13:07:52.739+0000] {logging_mixin.py:190} INFO - [2026-08-26T13:07:52.739+0000] {dag.py:3239} INFO - Sync 1 DAGs
[2026-08-26T13:07:52.777+0000] {logging_mixin.py:190} INFO - [2026-08-26T13:07:52.777+0000] {dag.py:4180} INFO - Setting next_dagrun for airbyte_to_dbt_pipeline_prod to 2026-08-26 12:00:00+00:00, run_after=2026-08-26 13:00:00+00:00
[2026-08-26T13:07:52.800+0000] {processor.py:208} INFO - Processing /opt/airflow/dags/prod/airbyte_to_dbt_prod.py took 0.176 seconds
[2026-08-26T13:08:22.990+0000] {processor.py:186} INFO - Started process (PID=5176) to work on /opt/airflow/dags/prod/airbyte_to_dbt_prod.py
[2026-08-26T13:08:22.990+0000] {processor.py:914} INFO - Processing file /opt/airflow/dags/prod/airbyte_to_dbt_prod.py for tasks to queue
[2026-08-26T13:08:22.994+0000] {logging_mixin.py:190} INFO - [2026-08-26T13:08:22.993+0000] {dagbag.py:588} INFO - Filling up the DagBag from /opt/airflow/dags/prod/airbyte_to_dbt_prod.py
[2026-08-26T13:08:23.029+0000] {processor.py:925} INFO - DAG(s) 'airbyte_to_dbt_pipeline_prod' retrieved from /opt/airflow/dags/prod/airbyte_to_dbt_prod.py
[2026-08-26T13:08:23.102+0000] {logging_mixin.py:190} INFO - [2026-08-26T13:08:23.102+0000] {dag.py:3239} INFO - Sync 1 DAGs
[2026-08-26T13:08:23.172+0000] {logging_mixin.py:190} INFO - [2026-08-26T13:08:23.172+0000] {dag.py:4180} INFO - Setting next_dagrun for airbyte_to_dbt_pipeline_prod to 2026-08-26 12:00:00+00:00, run_after=2026-08-26 13:00:00+00:00
[2026-08-26T13:08:23.209+0000] {processor.py:208} INFO - Processing /opt/airflow/dags/prod/airbyte_to_dbt_prod.py took 0.234 seconds
[2026-08-26T13:08:53.357+0000] {processor.py:186} INFO - Started process (PID=5186) to work on /opt/airflow/dags/prod/airbyte_to_dbt_prod.py
[2026-08-26T13:08:53.359+0000] {processor.py:914} INFO - Processing file /opt/airflow/dags/prod/airbyte_to_dbt_prod.py for tasks to queue
[2026-08-26T13:08:53.363+0000] {logging_mixin.py:190} INFO - [2026-08-26T13:08:53.362+0000] {dagbag.py:588} INFO - Filling up the DagBag from /opt/airflow/dags/prod/airbyte_to_dbt_prod.py
[2026-08-26T13:08:53.391+0000] {processor.py:925} INFO - DAG(s) 'airbyte_to_dbt_pipeline_prod' retrieved from /opt/airflow/dags/prod/airbyte_to_dbt_prod.py
[2026-08-26T13:08:53.430+0000] {logging_mixin.py:190} INFO - [2026-08-26T13:08:53.430+0000] {dag.py:3239} INFO - Sync 1 DAGs
[2026-08-26T13:08:53.462+0000] {logging_mixin.py:190} INFO - [2026-08-26T13:08:53.462+0000] {dag.py:4180} INFO - Setting next_dagrun for airbyte_to_dbt_pipeline_prod to 2026-08-26 12:00:00+00:00, run_after=2026-08-26 13:00:00+00:00
[2026-08-26T13:08:53.484+0000] {processor.py:208} INFO - Processing /opt/airflow/dags/prod/airbyte_to_dbt_prod.py took 0.138 seconds
[2026-08-26T13:09:23.974+0000] {processor.py:186} INFO - Started process (PID=5194) to work on /opt/airflow/dags/prod/airbyte_to_dbt_prod.py
[2026-08-26T13:09:23.976+0000] {processor.py:914} INFO - Processing file /opt/airflow/dags/prod/airbyte_to_dbt_prod.py for tasks to queue
[2026-08-26T13:09:24.118+0000] {logging_mixin.py:190} INFO - [2026-08-26T13:09:24.112+0000] {dagbag.py:588} INFO - Filling up the DagBag from /opt/airflow/dags/prod/airbyte_to_dbt_prod.py
[2026-08-26T13:09:24.437+0000] {processor.py:925} INFO - DAG(s) 'airbyte_to_dbt_pipeline_prod' retrieved from /opt/airflow/dags/prod/airbyte_to_dbt_prod.py
[2026-08-26T13:09:24.713+0000] {logging_mixin.py:190} INFO - [2026-08-26T13:09:24.712+0000] {dag.py:3239} INFO - Sync 1 DAGs
[2026-08-26T13:09:25.116+0000] {logging_mixin.py:190} INFO - [2026-08-26T13:09:25.109+0000] {dag.py:4180} INFO - Setting next_dagrun for airbyte_to_dbt_pipeline_prod to 2026-08-26 12:00:00+00:00, run_after=2026-08-26 13:00:00+00:00
[2026-08-26T13:09:25.168+0000] {processor.py:208} INFO - Processing /opt/airflow/dags/prod/airbyte_to_dbt_prod.py took 1.380 seconds
[2026-08-26T13:09:55.443+0000] {processor.py:186} INFO - Started process (PID=5204) to work on /opt/airflow/dags/prod/airbyte_to_dbt_prod.py
[2026-08-26T13:09:55.447+0000] {processor.py:914} INFO - Processing file /opt/airflow/dags/prod/airbyte_to_dbt_prod.py for tasks to queue
[2026-08-26T13:09:55.455+0000] {logging_mixin.py:190} INFO - [2026-08-26T13:09:55.453+0000] {dagbag.py:588} INFO - Filling up the DagBag from /opt/airflow/dags/prod/airbyte_to_dbt_prod.py
[2026-08-26T13:09:55.499+0000] {processor.py:925} INFO - DAG(s) 'airbyte_to_dbt_pipeline_prod' retrieved from /opt/airflow/dags/prod/airbyte_to_dbt_prod.py
[2026-08-26T13:09:55.637+0000] {logging_mixin.py:190} INFO - [2026-08-26T13:09:55.637+0000] {dag.py:3239} INFO - Sync 1 DAGs
[2026-08-26T13:09:55.733+0000] {logging_mixin.py:190} INFO - [2026-08-26T13:09:55.732+0000] {dag.py:4180} INFO - Setting next_dagrun for airbyte_to_dbt_pipeline_prod to 2026-08-26 12:00:00+00:00, run_after=2026-08-26 13:00:00+00:00
[2026-08-26T13:09:55.782+0000] {processor.py:208} INFO - Processing /opt/airflow/dags/prod/airbyte_to_dbt_prod.py took 0.359 seconds
[2026-08-26T13:10:25.959+0000] {processor.py:186} INFO - Started process (PID=5216) to work on /opt/airflow/dags/prod/airbyte_to_dbt_prod.py
[2026-08-26T13:10:25.960+0000] {processor.py:914} INFO - Processing file /opt/airflow/dags/prod/airbyte_to_dbt_prod.py for tasks to queue
[2026-08-26T13:10:25.964+0000] {logging_mixin.py:190} INFO - [2026-08-26T13:10:25.963+0000] {dagbag.py:588} INFO - Filling up the DagBag from /opt/airflow/dags/prod/airbyte_to_dbt_prod.py
[2026-08-26T13:10:25.990+0000] {processor.py:925} INFO - DAG(s) 'airbyte_to_dbt_pipeline_prod' retrieved from /opt/airflow/dags/prod/airbyte_to_dbt_prod.py
[2026-08-26T13:10:26.030+0000] {logging_mixin.py:190} INFO - [2026-08-26T13:10:26.030+0000] {dag.py:3239} INFO - Sync 1 DAGs
[2026-08-26T13:10:26.060+0000] {logging_mixin.py:190} INFO - [2026-08-26T13:10:26.060+0000] {dag.py:4180} INFO - Setting next_dagrun for airbyte_to_dbt_pipeline_prod to 2026-08-26 12:00:00+00:00, run_after=2026-08-26 13:00:00+00:00
[2026-08-26T13:10:26.109+0000] {processor.py:208} INFO - Processing /opt/airflow/dags/prod/airbyte_to_dbt_prod.py took 0.161 seconds
[2026-08-26T13:10:56.284+0000] {processor.py:186} INFO - Started process (PID=5226) to work on /opt/airflow/dags/prod/airbyte_to_dbt_prod.py
[2026-08-26T13:10:56.286+0000] {processor.py:914} INFO - Processing file /opt/airflow/dags/prod/airbyte_to_dbt_prod.py for tasks to queue
[2026-08-26T13:10:56.290+0000] {logging_mixin.py:190} INFO - [2026-08-26T13:10:56.289+0000] {dagbag.py:588} INFO - Filling up the DagBag from /opt/airflow/dags/prod/airbyte_to_dbt_prod.py
[2026-08-26T13:10:56.318+0000] {processor.py:925} INFO - DAG(s) 'airbyte_to_dbt_pipeline_prod' retrieved from /opt/airflow/dags/prod/airbyte_to_dbt_prod.py
[2026-08-26T13:10:56.371+0000] {logging_mixin.py:190} INFO - [2026-08-26T13:10:56.371+0000] {dag.py:3239} INFO - Sync 1 DAGs
[2026-08-26T13:10:56.409+0000] {logging_mixin.py:190} INFO - [2026-08-26T13:10:56.408+0000] {dag.py:4180} INFO - Setting next_dagrun for airbyte_to_dbt_pipeline_prod to 2026-08-26 12:00:00+00:00, run_after=2026-08-26 13:00:00+00:00
[2026-08-26T13:10:56.434+0000] {processor.py:208} INFO - Processing /opt/airflow/dags/prod/airbyte_to_dbt_prod.py took 0.162 seconds
[2026-08-26T13:11:26.470+0000] {processor.py:186} INFO - Started process (PID=5236) to work on /opt/airflow/dags/prod/airbyte_to_dbt_prod.py
[2026-08-26T13:11:26.471+0000] {processor.py:914} INFO - Processing file /opt/airflow/dags/prod/airbyte_to_dbt_prod.py for tasks to queue
[2026-08-26T13:11:26.475+0000] {logging_mixin.py:190} INFO - [2026-08-26T13:11:26.475+0000] {dagbag.py:588} INFO - Filling up the DagBag from /opt/airflow/dags/prod/airbyte_to_dbt_prod.py
[2026-08-26T13:11:26.501+0000] {processor.py:925} INFO - DAG(s) 'airbyte_to_dbt_pipeline_prod' retrieved from /opt/airflow/dags/prod/airbyte_to_dbt_prod.py
[2026-08-26T13:11:26.549+0000] {logging_mixin.py:190} INFO - [2026-08-26T13:11:26.548+0000] {dag.py:3239} INFO - Sync 1 DAGs
[2026-08-26T13:11:26.578+0000] {logging_mixin.py:190} INFO - [2026-08-26T13:11:26.578+0000] {dag.py:4180} INFO - Setting next_dagrun for airbyte_to_dbt_pipeline_prod to 2026-08-26 12:00:00+00:00, run_after=2026-08-26 13:00:00+00:00
[2026-08-26T13:11:26.600+0000] {processor.py:208} INFO - Processing /opt/airflow/dags/prod/airbyte_to_dbt_prod.py took 0.137 seconds
[2026-08-26T13:11:56.758+0000] {processor.py:186} INFO - Started process (PID=5246) to work on /opt/airflow/dags/prod/airbyte_to_dbt_prod.py
[2026-08-26T13:11:56.759+0000] {processor.py:914} INFO - Processing file /opt/airflow/dags/prod/airbyte_to_dbt_prod.py for tasks to queue
[2026-08-26T13:11:56.763+0000] {logging_mixin.py:190} INFO - [2026-08-26T13:11:56.762+0000] {dagbag.py:588} INFO - Filling up the DagBag from /opt/airflow/dags/prod/airbyte_to_dbt_prod.py
[2026-08-26T13:11:56.787+0000] {processor.py:925} INFO - DAG(s) 'airbyte_to_dbt_pipeline_prod' retrieved from /opt/airflow/dags/prod/airbyte_to_dbt_prod.py
[2026-08-26T13:11:56.828+0000] {logging_mixin.py:190} INFO - [2026-08-26T13:11:56.828+0000] {dag.py:3239} INFO - Sync 1 DAGs
[2026-08-26T13:11:56.858+0000] {logging_mixin.py:190} INFO - [2026-08-26T13:11:56.858+0000] {dag.py:4180} INFO - Setting next_dagrun for airbyte_to_dbt_pipeline_prod to 2026-08-26 12:00:00+00:00, run_after=2026-08-26 13:00:00+00:00
[2026-08-26T13:11:56.881+0000] {processor.py:208} INFO - Processing /opt/airflow/dags/prod/airbyte_to_dbt_prod.py took 0.133 seconds
[2026-08-26T13:12:27.040+0000] {processor.py:186} INFO - Started process (PID=5256) to work on /opt/airflow/dags/prod/airbyte_to_dbt_prod.py
[2026-08-26T13:12:27.041+0000] {processor.py:914} INFO - Processing file /opt/airflow/dags/prod/airbyte_to_dbt_prod.py for tasks to queue
[2026-08-26T13:12:27.044+0000] {logging_mixin.py:190} INFO - [2026-08-26T13:12:27.044+0000] {dagbag.py:588} INFO - Filling up the DagBag from /opt/airflow/dags/prod/airbyte_to_dbt_prod.py
[2026-08-26T13:12:27.070+0000] {processor.py:925} INFO - DAG(s) 'airbyte_to_dbt_pipeline_prod' retrieved from /opt/airflow/dags/prod/airbyte_to_dbt_prod.py
[2026-08-26T13:12:27.114+0000] {logging_mixin.py:190} INFO - [2026-08-26T13:12:27.114+0000] {dag.py:3239} INFO - Sync 1 DAGs
[2026-08-26T13:12:27.144+0000] {logging_mixin.py:190} INFO - [2026-08-26T13:12:27.144+0000] {dag.py:4180} INFO - Setting next_dagrun for airbyte_to_dbt_pipeline_prod to 2026-08-26 12:00:00+00:00, run_after=2026-08-26 13:00:00+00:00
[2026-08-26T13:12:27.168+0000] {processor.py:208} INFO - Processing /opt/airflow/dags/prod/airbyte_to_dbt_prod.py took 0.136 seconds
[2026-08-26T13:12:57.339+0000] {processor.py:186} INFO - Started process (PID=5266) to work on /opt/airflow/dags/prod/airbyte_to_dbt_prod.py
[2026-08-26T13:12:57.340+0000] {processor.py:914} INFO - Processing file /opt/airflow/dags/prod/airbyte_to_dbt_prod.py for tasks to queue
[2026-08-26T13:12:57.343+0000] {logging_mixin.py:190} INFO - [2026-08-26T13:12:57.343+0000] {dagbag.py:588} INFO - Filling up the DagBag from /opt/airflow/dags/prod/airbyte_to_dbt_prod.py
[2026-08-26T13:12:57.365+0000] {processor.py:925} INFO - DAG(s) 'airbyte_to_dbt_pipeline_prod' retrieved from /opt/airflow/dags/prod/airbyte_to_dbt_prod.py
[2026-08-26T13:12:57.405+0000] {logging_mixin.py:190} INFO - [2026-08-26T13:12:57.405+0000] {dag.py:3239} INFO - Sync 1 DAGs
[2026-08-26T13:12:57.442+0000] {logging_mixin.py:190} INFO - [2026-08-26T13:12:57.442+0000] {dag.py:4180} INFO - Setting next_dagrun for airbyte_to_dbt_pipeline_prod to 2026-08-26 12:00:00+00:00, run_after=2026-08-26 13:00:00+00:00
[2026-08-26T13:12:57.469+0000] {processor.py:208} INFO - Processing /opt/airflow/dags/prod/airbyte_to_dbt_prod.py took 0.139 seconds
[2026-08-26T13:13:27.638+0000] {processor.py:186} INFO - Started process (PID=5276) to work on /opt/airflow/dags/prod/airbyte_to_dbt_prod.py
[2026-08-26T13:13:27.639+0000] {processor.py:914} INFO - Processing file /opt/airflow/dags/prod/airbyte_to_dbt_prod.py for tasks to queue
[2026-08-26T13:13:27.643+0000] {logging_mixin.py:190} INFO - [2026-08-26T13:13:27.642+0000] {dagbag.py:588} INFO - Filling up the DagBag from /opt/airflow/dags/prod/airbyte_to_dbt_prod.py
[2026-08-26T13:13:27.664+0000] {processor.py:925} INFO - DAG(s) 'airbyte_to_dbt_pipeline_prod' retrieved from /opt/airflow/dags/prod/airbyte_to_dbt_prod.py
[2026-08-26T13:13:27.714+0000] {logging_mixin.py:190} INFO - [2026-08-26T13:13:27.714+0000] {dag.py:3239} INFO - Sync 1 DAGs
[2026-08-26T13:13:27.751+0000] {logging_mixin.py:190} INFO - [2026-08-26T13:13:27.750+0000] {dag.py:4180} INFO - Setting next_dagrun for airbyte_to_dbt_pipeline_prod to 2026-08-26 12:00:00+00:00, run_after=2026-08-26 13:00:00+00:00
[2026-08-26T13:13:27.775+0000] {processor.py:208} INFO - Processing /opt/airflow/dags/prod/airbyte_to_dbt_prod.py took 0.147 seconds
[2026-08-26T13:13:57.943+0000] {processor.py:186} INFO - Started process (PID=5286) to work on /opt/airflow/dags/prod/airbyte_to_dbt_prod.py
[2026-08-26T13:13:57.944+0000] {processor.py:914} INFO - Processing file /opt/airflow/dags/prod/airbyte_to_dbt_prod.py for tasks to queue
[2026-08-26T13:13:57.948+0000] {logging_mixin.py:190} INFO - [2026-08-26T13:13:57.947+0000] {dagbag.py:588} INFO - Filling up the DagBag from /opt/airflow/dags/prod/airbyte_to_dbt_prod.py
[2026-08-26T13:13:57.971+0000] {processor.py:925} INFO - DAG(s) 'airbyte_to_dbt_pipeline_prod' retrieved from /opt/airflow/dags/prod/airbyte_to_dbt_prod.py
[2026-08-26T13:13:58.021+0000] {logging_mixin.py:190} INFO - [2026-08-26T13:13:58.021+0000] {dag.py:3239} INFO - Sync 1 DAGs
[2026-08-26T13:13:58.058+0000] {logging_mixin.py:190} INFO - [2026-08-26T13:13:58.057+0000] {dag.py:4180} INFO - Setting next_dagrun for airbyte_to_dbt_pipeline_prod to 2026-08-26 12:00:00+00:00, run_after=2026-08-26 13:00:00+00:00
[2026-08-26T13:13:58.085+0000] {processor.py:208} INFO - Processing /opt/airflow/dags/prod/airbyte_to_dbt_prod.py took 0.151 seconds
[2026-08-26T13:14:28.245+0000] {processor.py:186} INFO - Started process (PID=5296) to work on /opt/airflow/dags/prod/airbyte_to_dbt_prod.py
[2026-08-26T13:14:28.247+0000] {processor.py:914} INFO - Processing file /opt/airflow/dags/prod/airbyte_to_dbt_prod.py for tasks to queue
[2026-08-26T13:14:28.251+0000] {logging_mixin.py:190} INFO - [2026-08-26T13:14:28.250+0000] {dagbag.py:588} INFO - Filling up the DagBag from /opt/airflow/dags/prod/airbyte_to_dbt_prod.py
[2026-08-26T13:14:28.279+0000] {processor.py:925} INFO - DAG(s) 'airbyte_to_dbt_pipeline_prod' retrieved from /opt/airflow/dags/prod/airbyte_to_dbt_prod.py
[2026-08-26T13:14:28.338+0000] {logging_mixin.py:190} INFO - [2026-08-26T13:14:28.338+0000] {dag.py:3239} INFO - Sync 1 DAGs
[2026-08-26T13:14:28.379+0000] {logging_mixin.py:190} INFO - [2026-08-26T13:14:28.378+0000] {dag.py:4180} INFO - Setting next_dagrun for airbyte_to_dbt_pipeline_prod to 2026-08-26 12:00:00+00:00, run_after=2026-08-26 13:00:00+00:00
[2026-08-26T13:14:28.401+0000] {processor.py:208} INFO - Processing /opt/airflow/dags/prod/airbyte_to_dbt_prod.py took 0.167 seconds
[2026-08-26T13:14:58.555+0000] {processor.py:186} INFO - Started process (PID=5306) to work on /opt/airflow/dags/prod/airbyte_to_dbt_prod.py
[2026-08-26T13:14:58.556+0000] {processor.py:914} INFO - Processing file /opt/airflow/dags/prod/airbyte_to_dbt_prod.py for tasks to queue
[2026-08-26T13:14:58.559+0000] {logging_mixin.py:190} INFO - [2026-08-26T13:14:58.559+0000] {dagbag.py:588} INFO - Filling up the DagBag from /opt/airflow/dags/prod/airbyte_to_dbt_prod.py
[2026-08-26T13:14:58.583+0000] {processor.py:925} INFO - DAG(s) 'airbyte_to_dbt_pipeline_prod' retrieved from /opt/airflow/dags/prod/airbyte_to_dbt_prod.py
[2026-08-26T13:14:58.634+0000] {logging_mixin.py:190} INFO - [2026-08-26T13:14:58.634+0000] {dag.py:3239} INFO - Sync 1 DAGs
[2026-08-26T13:14:58.667+0000] {logging_mixin.py:190} INFO - [2026-08-26T13:14:58.666+0000] {dag.py:4180} INFO - Setting next_dagrun for airbyte_to_dbt_pipeline_prod to 2026-08-26 12:00:00+00:00, run_after=2026-08-26 13:00:00+00:00
[2026-08-26T13:14:58.688+0000] {processor.py:208} INFO - Processing /opt/airflow/dags/prod/airbyte_to_dbt_prod.py took 0.142 seconds
[2026-08-26T13:15:28.848+0000] {processor.py:186} INFO - Started process (PID=5316) to work on /opt/airflow/dags/prod/airbyte_to_dbt_prod.py
[2026-08-26T13:15:28.849+0000] {processor.py:914} INFO - Processing file /opt/airflow/dags/prod/airbyte_to_dbt_prod.py for tasks to queue
[2026-08-26T13:15:28.852+0000] {logging_mixin.py:190} INFO - [2026-08-26T13:15:28.851+0000] {dagbag.py:588} INFO - Filling up the DagBag from /opt/airflow/dags/prod/airbyte_to_dbt_prod.py
[2026-08-26T13:15:28.874+0000] {processor.py:925} INFO - DAG(s) 'airbyte_to_dbt_pipeline_prod' retrieved from /opt/airflow/dags/prod/airbyte_to_dbt_prod.py
[2026-08-26T13:15:28.923+0000] {logging_mixin.py:190} INFO - [2026-08-26T13:15:28.923+0000] {dag.py:3239} INFO - Sync 1 DAGs
[2026-08-26T13:15:28.957+0000] {logging_mixin.py:190} INFO - [2026-08-26T13:15:28.956+0000] {dag.py:4180} INFO - Setting next_dagrun for airbyte_to_dbt_pipeline_prod to 2026-08-26 12:00:00+00:00, run_after=2026-08-26 13:00:00+00:00
[2026-08-26T13:15:28.980+0000] {processor.py:208} INFO - Processing /opt/airflow/dags/prod/airbyte_to_dbt_prod.py took 0.142 seconds
[2026-08-26T13:15:59.144+0000] {processor.py:186} INFO - Started process (PID=5326) to work on /opt/airflow/dags/prod/airbyte_to_dbt_prod.py
[2026-08-26T13:15:59.145+0000] {processor.py:914} INFO - Processing file /opt/airflow/dags/prod/airbyte_to_dbt_prod.py for tasks to queue
[2026-08-26T13:15:59.148+0000] {logging_mixin.py:190} INFO - [2026-08-26T13:15:59.148+0000] {dagbag.py:588} INFO - Filling up the DagBag from /opt/airflow/dags/prod/airbyte_to_dbt_prod.py
[2026-08-26T13:15:59.170+0000] {processor.py:925} INFO - DAG(s) 'airbyte_to_dbt_pipeline_prod' retrieved from /opt/airflow/dags/prod/airbyte_to_dbt_prod.py
[2026-08-26T13:15:59.207+0000] {logging_mixin.py:190} INFO - [2026-08-26T13:15:59.206+0000] {dag.py:3239} INFO - Sync 1 DAGs
[2026-08-26T13:15:59.239+0000] {logging_mixin.py:190} INFO - [2026-08-26T13:15:59.239+0000] {dag.py:4180} INFO - Setting next_dagrun for airbyte_to_dbt_pipeline_prod to 2026-08-26 12:00:00+00:00, run_after=2026-08-26 13:00:00+00:00
[2026-08-26T13:15:59.264+0000] {processor.py:208} INFO - Processing /opt/airflow/dags/prod/airbyte_to_dbt_prod.py took 0.128 seconds
[2026-08-26T13:16:29.419+0000] {processor.py:186} INFO - Started process (PID=5336) to work on /opt/airflow/dags/prod/airbyte_to_dbt_prod.py
[2026-08-26T13:16:29.420+0000] {processor.py:914} INFO - Processing file /opt/airflow/dags/prod/airbyte_to_dbt_prod.py for tasks to queue
[2026-08-26T13:16:29.423+0000] {logging_mixin.py:190} INFO - [2026-08-26T13:16:29.422+0000] {dagbag.py:588} INFO - Filling up the DagBag from /opt/airflow/dags/prod/airbyte_to_dbt_prod.py
[2026-08-26T13:16:29.447+0000] {processor.py:925} INFO - DAG(s) 'airbyte_to_dbt_pipeline_prod' retrieved from /opt/airflow/dags/prod/airbyte_to_dbt_prod.py
[2026-08-26T13:16:29.485+0000] {logging_mixin.py:190} INFO - [2026-08-26T13:16:29.485+0000] {dag.py:3239} INFO - Sync 1 DAGs
[2026-08-26T13:16:29.515+0000] {logging_mixin.py:190} INFO - [2026-08-26T13:16:29.514+0000] {dag.py:4180} INFO - Setting next_dagrun for airbyte_to_dbt_pipeline_prod to 2026-08-26 12:00:00+00:00, run_after=2026-08-26 13:00:00+00:00
[2026-08-26T13:16:29.539+0000] {processor.py:208} INFO - Processing /opt/airflow/dags/prod/airbyte_to_dbt_prod.py took 0.128 seconds
[2026-08-26T13:16:59.701+0000] {processor.py:186} INFO - Started process (PID=5346) to work on /opt/airflow/dags/prod/airbyte_to_dbt_prod.py
[2026-08-26T13:16:59.703+0000] {processor.py:914} INFO - Processing file /opt/airflow/dags/prod/airbyte_to_dbt_prod.py for tasks to queue
[2026-08-26T13:16:59.707+0000] {logging_mixin.py:190} INFO - [2026-08-26T13:16:59.706+0000] {dagbag.py:588} INFO - Filling up the DagBag from /opt/airflow/dags/prod/airbyte_to_dbt_prod.py
[2026-08-26T13:16:59.737+0000] {processor.py:925} INFO - DAG(s) 'airbyte_to_dbt_pipeline_prod' retrieved from /opt/airflow/dags/prod/airbyte_to_dbt_prod.py
[2026-08-26T13:16:59.787+0000] {logging_mixin.py:190} INFO - [2026-08-26T13:16:59.787+0000] {dag.py:3239} INFO - Sync 1 DAGs
[2026-08-26T13:16:59.824+0000] {logging_mixin.py:190} INFO - [2026-08-26T13:16:59.824+0000] {dag.py:4180} INFO - Setting next_dagrun for airbyte_to_dbt_pipeline_prod to 2026-08-26 12:00:00+00:00, run_after=2026-08-26 13:00:00+00:00
[2026-08-26T13:16:59.846+0000] {processor.py:208} INFO - Processing /opt/airflow/dags/prod/airbyte_to_dbt_prod.py took 0.155 seconds
[2026-08-26T13:17:30.023+0000] {processor.py:186} INFO - Started process (PID=5356) to work on /opt/airflow/dags/prod/airbyte_to_dbt_prod.py
[2026-08-26T13:17:30.024+0000] {processor.py:914} INFO - Processing file /opt/airflow/dags/prod/airbyte_to_dbt_prod.py for tasks to queue
[2026-08-26T13:17:30.027+0000] {logging_mixin.py:190} INFO - [2026-08-26T13:17:30.026+0000] {dagbag.py:588} INFO - Filling up the DagBag from /opt/airflow/dags/prod/airbyte_to_dbt_prod.py
[2026-08-26T13:17:30.050+0000] {processor.py:925} INFO - DAG(s) 'airbyte_to_dbt_pipeline_prod' retrieved from /opt/airflow/dags/prod/airbyte_to_dbt_prod.py
[2026-08-26T13:17:30.107+0000] {logging_mixin.py:190} INFO - [2026-08-26T13:17:30.107+0000] {dag.py:3239} INFO - Sync 1 DAGs
[2026-08-26T13:17:30.139+0000] {logging_mixin.py:190} INFO - [2026-08-26T13:17:30.139+0000] {dag.py:4180} INFO - Setting next_dagrun for airbyte_to_dbt_pipeline_prod to 2026-08-26 12:00:00+00:00, run_after=2026-08-26 13:00:00+00:00
[2026-08-26T13:17:30.165+0000] {processor.py:208} INFO - Processing /opt/airflow/dags/prod/airbyte_to_dbt_prod.py took 0.151 seconds
[2026-08-26T13:18:00.354+0000] {processor.py:186} INFO - Started process (PID=5366) to work on /opt/airflow/dags/prod/airbyte_to_dbt_prod.py
[2026-08-26T13:18:00.355+0000] {processor.py:914} INFO - Processing file /opt/airflow/dags/prod/airbyte_to_dbt_prod.py for tasks to queue
[2026-08-26T13:18:00.359+0000] {logging_mixin.py:190} INFO - [2026-08-26T13:18:00.358+0000] {dagbag.py:588} INFO - Filling up the DagBag from /opt/airflow/dags/prod/airbyte_to_dbt_prod.py
[2026-08-26T13:18:00.387+0000] {processor.py:925} INFO - DAG(s) 'airbyte_to_dbt_pipeline_prod' retrieved from /opt/airflow/dags/prod/airbyte_to_dbt_prod.py
[2026-08-26T13:18:00.444+0000] {logging_mixin.py:190} INFO - [2026-08-26T13:18:00.444+0000] {dag.py:3239} INFO - Sync 1 DAGs
[2026-08-26T13:18:00.484+0000] {logging_mixin.py:190} INFO - [2026-08-26T13:18:00.484+0000] {dag.py:4180} INFO - Setting next_dagrun for airbyte_to_dbt_pipeline_prod to 2026-08-26 12:00:00+00:00, run_after=2026-08-26 13:00:00+00:00
[2026-08-26T13:18:00.512+0000] {processor.py:208} INFO - Processing /opt/airflow/dags/prod/airbyte_to_dbt_prod.py took 0.168 seconds
[2026-08-26T13:18:30.974+0000] {processor.py:186} INFO - Started process (PID=5374) to work on /opt/airflow/dags/prod/airbyte_to_dbt_prod.py
[2026-08-26T13:18:30.982+0000] {processor.py:914} INFO - Processing file /opt/airflow/dags/prod/airbyte_to_dbt_prod.py for tasks to queue
[2026-08-26T13:18:31.062+0000] {logging_mixin.py:190} INFO - [2026-08-26T13:18:31.053+0000] {dagbag.py:588} INFO - Filling up the DagBag from /opt/airflow/dags/prod/airbyte_to_dbt_prod.py
[2026-08-26T13:18:32.557+0000] {processor.py:925} INFO - DAG(s) 'airbyte_to_dbt_pipeline_prod' retrieved from /opt/airflow/dags/prod/airbyte_to_dbt_prod.py
[2026-08-26T13:18:35.023+0000] {logging_mixin.py:190} INFO - [2026-08-26T13:18:35.023+0000] {dag.py:3239} INFO - Sync 1 DAGs
[2026-08-26T13:18:35.492+0000] {logging_mixin.py:190} INFO - [2026-08-26T13:18:35.492+0000] {dag.py:4180} INFO - Setting next_dagrun for airbyte_to_dbt_pipeline_prod to 2026-08-26 12:00:00+00:00, run_after=2026-08-26 13:00:00+00:00
[2026-08-26T13:18:35.526+0000] {processor.py:208} INFO - Processing /opt/airflow/dags/prod/airbyte_to_dbt_prod.py took 4.682 seconds
[2026-08-26T13:19:05.739+0000] {processor.py:186} INFO - Started process (PID=5386) to work on /opt/airflow/dags/prod/airbyte_to_dbt_prod.py
[2026-08-26T13:19:05.741+0000] {processor.py:914} INFO - Processing file /opt/airflow/dags/prod/airbyte_to_dbt_prod.py for tasks to queue
[2026-08-26T13:19:05.744+0000] {logging_mixin.py:190} INFO - [2026-08-26T13:19:05.743+0000] {dagbag.py:588} INFO - Filling up the DagBag from /opt/airflow/dags/prod/airbyte_to_dbt_prod.py
[2026-08-26T13:19:05.766+0000] {processor.py:925} INFO - DAG(s) 'airbyte_to_dbt_pipeline_prod' retrieved from /opt/airflow/dags/prod/airbyte_to_dbt_prod.py
[2026-08-26T13:19:05.809+0000] {logging_mixin.py:190} INFO - [2026-08-26T13:19:05.809+0000] {dag.py:3239} INFO - Sync 1 DAGs
[2026-08-26T13:19:05.841+0000] {logging_mixin.py:190} INFO - [2026-08-26T13:19:05.841+0000] {dag.py:4180} INFO - Setting next_dagrun for airbyte_to_dbt_pipeline_prod to 2026-08-26 12:00:00+00:00, run_after=2026-08-26 13:00:00+00:00
[2026-08-26T13:19:05.864+0000] {processor.py:208} INFO - Processing /opt/airflow/dags/prod/airbyte_to_dbt_prod.py took 0.133 seconds
[2026-08-26T13:19:36.045+0000] {processor.py:186} INFO - Started process (PID=5396) to work on /opt/airflow/dags/prod/airbyte_to_dbt_prod.py
[2026-08-26T13:19:36.046+0000] {processor.py:914} INFO - Processing file /opt/airflow/dags/prod/airbyte_to_dbt_prod.py for tasks to queue
[2026-08-26T13:19:36.049+0000] {logging_mixin.py:190} INFO - [2026-08-26T13:19:36.049+0000] {dagbag.py:588} INFO - Filling up the DagBag from /opt/airflow/dags/prod/airbyte_to_dbt_prod.py
[2026-08-26T13:19:36.081+0000] {processor.py:925} INFO - DAG(s) 'airbyte_to_dbt_pipeline_prod' retrieved from /opt/airflow/dags/prod/airbyte_to_dbt_prod.py
[2026-08-26T13:19:36.140+0000] {logging_mixin.py:190} INFO - [2026-08-26T13:19:36.139+0000] {dag.py:3239} INFO - Sync 1 DAGs
[2026-08-26T13:19:36.195+0000] {logging_mixin.py:190} INFO - [2026-08-26T13:19:36.195+0000] {dag.py:4180} INFO - Setting next_dagrun for airbyte_to_dbt_pipeline_prod to 2026-08-26 12:00:00+00:00, run_after=2026-08-26 13:00:00+00:00
[2026-08-26T13:19:36.224+0000] {processor.py:208} INFO - Processing /opt/airflow/dags/prod/airbyte_to_dbt_prod.py took 0.188 seconds
[2026-08-26T13:20:06.410+0000] {processor.py:186} INFO - Started process (PID=5406) to work on /opt/airflow/dags/prod/airbyte_to_dbt_prod.py
[2026-08-26T13:20:06.411+0000] {processor.py:914} INFO - Processing file /opt/airflow/dags/prod/airbyte_to_dbt_prod.py for tasks to queue
[2026-08-26T13:20:06.414+0000] {logging_mixin.py:190} INFO - [2026-08-26T13:20:06.414+0000] {dagbag.py:588} INFO - Filling up the DagBag from /opt/airflow/dags/prod/airbyte_to_dbt_prod.py
[2026-08-26T13:20:06.440+0000] {processor.py:925} INFO - DAG(s) 'airbyte_to_dbt_pipeline_prod' retrieved from /opt/airflow/dags/prod/airbyte_to_dbt_prod.py
[2026-08-26T13:20:06.489+0000] {logging_mixin.py:190} INFO - [2026-08-26T13:20:06.489+0000] {dag.py:3239} INFO - Sync 1 DAGs
[2026-08-26T13:20:06.520+0000] {logging_mixin.py:190} INFO - [2026-08-26T13:20:06.519+0000] {dag.py:4180} INFO - Setting next_dagrun for airbyte_to_dbt_pipeline_prod to 2026-08-26 12:00:00+00:00, run_after=2026-08-26 13:00:00+00:00
[2026-08-26T13:20:06.542+0000] {processor.py:208} INFO - Processing /opt/airflow/dags/prod/airbyte_to_dbt_prod.py took 0.140 seconds
[2026-08-26T13:20:36.717+0000] {processor.py:186} INFO - Started process (PID=5416) to work on /opt/airflow/dags/prod/airbyte_to_dbt_prod.py
[2026-08-26T13:20:36.717+0000] {processor.py:914} INFO - Processing file /opt/airflow/dags/prod/airbyte_to_dbt_prod.py for tasks to queue
[2026-08-26T13:20:36.721+0000] {logging_mixin.py:190} INFO - [2026-08-26T13:20:36.720+0000] {dagbag.py:588} INFO - Filling up the DagBag from /opt/airflow/dags/prod/airbyte_to_dbt_prod.py
[2026-08-26T13:20:36.743+0000] {processor.py:925} INFO - DAG(s) 'airbyte_to_dbt_pipeline_prod' retrieved from /opt/airflow/dags/prod/airbyte_to_dbt_prod.py
[2026-08-26T13:20:36.784+0000] {logging_mixin.py:190} INFO - [2026-08-26T13:20:36.784+0000] {dag.py:3239} INFO - Sync 1 DAGs
[2026-08-26T13:20:36.817+0000] {logging_mixin.py:190} INFO - [2026-08-26T13:20:36.817+0000] {dag.py:4180} INFO - Setting next_dagrun for airbyte_to_dbt_pipeline_prod to 2026-08-26 12:00:00+00:00, run_after=2026-08-26 13:00:00+00:00
[2026-08-26T13:20:36.840+0000] {processor.py:208} INFO - Processing /opt/airflow/dags/prod/airbyte_to_dbt_prod.py took 0.133 seconds
[2026-08-26T13:21:07.007+0000] {processor.py:186} INFO - Started process (PID=5426) to work on /opt/airflow/dags/prod/airbyte_to_dbt_prod.py
[2026-08-26T13:21:07.008+0000] {processor.py:914} INFO - Processing file /opt/airflow/dags/prod/airbyte_to_dbt_prod.py for tasks to queue
[2026-08-26T13:21:07.011+0000] {logging_mixin.py:190} INFO - [2026-08-26T13:21:07.010+0000] {dagbag.py:588} INFO - Filling up the DagBag from /opt/airflow/dags/prod/airbyte_to_dbt_prod.py
[2026-08-26T13:21:07.032+0000] {processor.py:925} INFO - DAG(s) 'airbyte_to_dbt_pipeline_prod' retrieved from /opt/airflow/dags/prod/airbyte_to_dbt_prod.py
[2026-08-26T13:21:07.086+0000] {logging_mixin.py:190} INFO - [2026-08-26T13:21:07.086+0000] {dag.py:3239} INFO - Sync 1 DAGs
[2026-08-26T13:21:07.123+0000] {logging_mixin.py:190} INFO - [2026-08-26T13:21:07.122+0000] {dag.py:4180} INFO - Setting next_dagrun for airbyte_to_dbt_pipeline_prod to 2026-08-26 12:00:00+00:00, run_after=2026-08-26 13:00:00+00:00
[2026-08-26T13:21:07.146+0000] {processor.py:208} INFO - Processing /opt/airflow/dags/prod/airbyte_to_dbt_prod.py took 0.149 seconds
[2026-08-26T13:21:37.312+0000] {processor.py:186} INFO - Started process (PID=5436) to work on /opt/airflow/dags/prod/airbyte_to_dbt_prod.py
[2026-08-26T13:21:37.313+0000] {processor.py:914} INFO - Processing file /opt/airflow/dags/prod/airbyte_to_dbt_prod.py for tasks to queue
[2026-08-26T13:21:37.317+0000] {logging_mixin.py:190} INFO - [2026-08-26T13:21:37.316+0000] {dagbag.py:588} INFO - Filling up the DagBag from /opt/airflow/dags/prod/airbyte_to_dbt_prod.py
[2026-08-26T13:21:37.343+0000] {processor.py:925} INFO - DAG(s) 'airbyte_to_dbt_pipeline_prod' retrieved from /opt/airflow/dags/prod/airbyte_to_dbt_prod.py
[2026-08-26T13:21:37.384+0000] {logging_mixin.py:190} INFO - [2026-08-26T13:21:37.384+0000] {dag.py:3239} INFO - Sync 1 DAGs
[2026-08-26T13:21:37.414+0000] {logging_mixin.py:190} INFO - [2026-08-26T13:21:37.414+0000] {dag.py:4180} INFO - Setting next_dagrun for airbyte_to_dbt_pipeline_prod to 2026-08-26 12:00:00+00:00, run_after=2026-08-26 13:00:00+00:00
[2026-08-26T13:21:37.436+0000] {processor.py:208} INFO - Processing /opt/airflow/dags/prod/airbyte_to_dbt_prod.py took 0.132 seconds
[2026-08-26T13:22:07.604+0000] {processor.py:186} INFO - Started process (PID=5446) to work on /opt/airflow/dags/prod/airbyte_to_dbt_prod.py
[2026-08-26T13:22:07.606+0000] {processor.py:914} INFO - Processing file /opt/airflow/dags/prod/airbyte_to_dbt_prod.py for tasks to queue
[2026-08-26T13:22:07.609+0000] {logging_mixin.py:190} INFO - [2026-08-26T13:22:07.608+0000] {dagbag.py:588} INFO - Filling up the DagBag from /opt/airflow/dags/prod/airbyte_to_dbt_prod.py
[2026-08-26T13:22:07.630+0000] {processor.py:925} INFO - DAG(s) 'airbyte_to_dbt_pipeline_prod' retrieved from /opt/airflow/dags/prod/airbyte_to_dbt_prod.py
[2026-08-26T13:22:07.671+0000] {logging_mixin.py:190} INFO - [2026-08-26T13:22:07.671+0000] {dag.py:3239} INFO - Sync 1 DAGs
[2026-08-26T13:22:07.702+0000] {logging_mixin.py:190} INFO - [2026-08-26T13:22:07.702+0000] {dag.py:4180} INFO - Setting next_dagrun for airbyte_to_dbt_pipeline_prod to 2026-08-26 12:00:00+00:00, run_after=2026-08-26 13:00:00+00:00
[2026-08-26T13:22:07.725+0000] {processor.py:208} INFO - Processing /opt/airflow/dags/prod/airbyte_to_dbt_prod.py took 0.129 seconds
[2026-08-26T13:22:37.899+0000] {processor.py:186} INFO - Started process (PID=5456) to work on /opt/airflow/dags/prod/airbyte_to_dbt_prod.py
[2026-08-26T13:22:37.900+0000] {processor.py:914} INFO - Processing file /opt/airflow/dags/prod/airbyte_to_dbt_prod.py for tasks to queue
[2026-08-26T13:22:37.904+0000] {logging_mixin.py:190} INFO - [2026-08-26T13:22:37.904+0000] {dagbag.py:588} INFO - Filling up the DagBag from /opt/airflow/dags/prod/airbyte_to_dbt_prod.py
[2026-08-26T13:22:37.934+0000] {processor.py:925} INFO - DAG(s) 'airbyte_to_dbt_pipeline_prod' retrieved from /opt/airflow/dags/prod/airbyte_to_dbt_prod.py
[2026-08-26T13:22:37.987+0000] {logging_mixin.py:190} INFO - [2026-08-26T13:22:37.987+0000] {dag.py:3239} INFO - Sync 1 DAGs
[2026-08-26T13:22:38.025+0000] {logging_mixin.py:190} INFO - [2026-08-26T13:22:38.025+0000] {dag.py:4180} INFO - Setting next_dagrun for airbyte_to_dbt_pipeline_prod to 2026-08-26 12:00:00+00:00, run_after=2026-08-26 13:00:00+00:00
[2026-08-26T13:22:38.050+0000] {processor.py:208} INFO - Processing /opt/airflow/dags/prod/airbyte_to_dbt_prod.py took 0.164 seconds
[2026-08-26T13:23:08.236+0000] {processor.py:186} INFO - Started process (PID=5466) to work on /opt/airflow/dags/prod/airbyte_to_dbt_prod.py
[2026-08-26T13:23:08.238+0000] {processor.py:914} INFO - Processing file /opt/airflow/dags/prod/airbyte_to_dbt_prod.py for tasks to queue
[2026-08-26T13:23:08.241+0000] {logging_mixin.py:190} INFO - [2026-08-26T13:23:08.240+0000] {dagbag.py:588} INFO - Filling up the DagBag from /opt/airflow/dags/prod/airbyte_to_dbt_prod.py
[2026-08-26T13:23:08.264+0000] {processor.py:925} INFO - DAG(s) 'airbyte_to_dbt_pipeline_prod' retrieved from /opt/airflow/dags/prod/airbyte_to_dbt_prod.py
[2026-08-26T13:23:08.304+0000] {logging_mixin.py:190} INFO - [2026-08-26T13:23:08.303+0000] {dag.py:3239} INFO - Sync 1 DAGs
[2026-08-26T13:23:08.345+0000] {logging_mixin.py:190} INFO - [2026-08-26T13:23:08.345+0000] {dag.py:4180} INFO - Setting next_dagrun for airbyte_to_dbt_pipeline_prod to 2026-08-26 12:00:00+00:00, run_after=2026-08-26 13:00:00+00:00
[2026-08-26T13:23:08.373+0000] {processor.py:208} INFO - Processing /opt/airflow/dags/prod/airbyte_to_dbt_prod.py took 0.145 seconds
[2026-08-26T13:23:38.550+0000] {processor.py:186} INFO - Started process (PID=5476) to work on /opt/airflow/dags/prod/airbyte_to_dbt_prod.py
[2026-08-26T13:23:38.551+0000] {processor.py:914} INFO - Processing file /opt/airflow/dags/prod/airbyte_to_dbt_prod.py for tasks to queue
[2026-08-26T13:23:38.554+0000] {logging_mixin.py:190} INFO - [2026-08-26T13:23:38.554+0000] {dagbag.py:588} INFO - Filling up the DagBag from /opt/airflow/dags/prod/airbyte_to_dbt_prod.py
[2026-08-26T13:23:38.581+0000] {processor.py:925} INFO - DAG(s) 'airbyte_to_dbt_pipeline_prod' retrieved from /opt/airflow/dags/prod/airbyte_to_dbt_prod.py
[2026-08-26T13:23:38.638+0000] {logging_mixin.py:190} INFO - [2026-08-26T13:23:38.637+0000] {dag.py:3239} INFO - Sync 1 DAGs
[2026-08-26T13:23:38.685+0000] {logging_mixin.py:190} INFO - [2026-08-26T13:23:38.684+0000] {dag.py:4180} INFO - Setting next_dagrun for airbyte_to_dbt_pipeline_prod to 2026-08-26 12:00:00+00:00, run_after=2026-08-26 13:00:00+00:00
[2026-08-26T13:23:38.711+0000] {processor.py:208} INFO - Processing /opt/airflow/dags/prod/airbyte_to_dbt_prod.py took 0.170 seconds
[2026-08-26T13:24:08.884+0000] {processor.py:186} INFO - Started process (PID=5486) to work on /opt/airflow/dags/prod/airbyte_to_dbt_prod.py
[2026-08-26T13:24:08.885+0000] {processor.py:914} INFO - Processing file /opt/airflow/dags/prod/airbyte_to_dbt_prod.py for tasks to queue
[2026-08-26T13:24:08.890+0000] {logging_mixin.py:190} INFO - [2026-08-26T13:24:08.889+0000] {dagbag.py:588} INFO - Filling up the DagBag from /opt/airflow/dags/prod/airbyte_to_dbt_prod.py
[2026-08-26T13:24:08.921+0000] {processor.py:925} INFO - DAG(s) 'airbyte_to_dbt_pipeline_prod' retrieved from /opt/airflow/dags/prod/airbyte_to_dbt_prod.py
[2026-08-26T13:24:08.971+0000] {logging_mixin.py:190} INFO - [2026-08-26T13:24:08.971+0000] {dag.py:3239} INFO - Sync 1 DAGs
[2026-08-26T13:24:09.014+0000] {logging_mixin.py:190} INFO - [2026-08-26T13:24:09.013+0000] {dag.py:4180} INFO - Setting next_dagrun for airbyte_to_dbt_pipeline_prod to 2026-08-26 12:00:00+00:00, run_after=2026-08-26 13:00:00+00:00
[2026-08-26T13:24:09.042+0000] {processor.py:208} INFO - Processing /opt/airflow/dags/prod/airbyte_to_dbt_prod.py took 0.173 seconds
[2026-08-26T13:24:39.220+0000] {processor.py:186} INFO - Started process (PID=5496) to work on /opt/airflow/dags/prod/airbyte_to_dbt_prod.py
[2026-08-26T13:24:39.221+0000] {processor.py:914} INFO - Processing file /opt/airflow/dags/prod/airbyte_to_dbt_prod.py for tasks to queue
[2026-08-26T13:24:39.224+0000] {logging_mixin.py:190} INFO - [2026-08-26T13:24:39.224+0000] {dagbag.py:588} INFO - Filling up the DagBag from /opt/airflow/dags/prod/airbyte_to_dbt_prod.py
[2026-08-26T13:24:39.251+0000] {processor.py:925} INFO - DAG(s) 'airbyte_to_dbt_pipeline_prod' retrieved from /opt/airflow/dags/prod/airbyte_to_dbt_prod.py
[2026-08-26T13:24:39.296+0000] {logging_mixin.py:190} INFO - [2026-08-26T13:24:39.295+0000] {dag.py:3239} INFO - Sync 1 DAGs
[2026-08-26T13:24:39.335+0000] {logging_mixin.py:190} INFO - [2026-08-26T13:24:39.334+0000] {dag.py:4180} INFO - Setting next_dagrun for airbyte_to_dbt_pipeline_prod to 2026-08-26 12:00:00+00:00, run_after=2026-08-26 13:00:00+00:00
[2026-08-26T13:24:39.363+0000] {processor.py:208} INFO - Processing /opt/airflow/dags/prod/airbyte_to_dbt_prod.py took 0.153 seconds
[2026-08-26T13:25:09.564+0000] {processor.py:186} INFO - Started process (PID=5506) to work on /opt/airflow/dags/prod/airbyte_to_dbt_prod.py
[2026-08-26T13:25:09.567+0000] {processor.py:914} INFO - Processing file /opt/airflow/dags/prod/airbyte_to_dbt_prod.py for tasks to queue
[2026-08-26T13:25:09.574+0000] {logging_mixin.py:190} INFO - [2026-08-26T13:25:09.573+0000] {dagbag.py:588} INFO - Filling up the DagBag from /opt/airflow/dags/prod/airbyte_to_dbt_prod.py
[2026-08-26T13:25:09.624+0000] {processor.py:925} INFO - DAG(s) 'airbyte_to_dbt_pipeline_prod' retrieved from /opt/airflow/dags/prod/airbyte_to_dbt_prod.py
[2026-08-26T13:25:09.717+0000] {logging_mixin.py:190} INFO - [2026-08-26T13:25:09.717+0000] {dag.py:3239} INFO - Sync 1 DAGs
[2026-08-26T13:25:09.774+0000] {logging_mixin.py:190} INFO - [2026-08-26T13:25:09.774+0000] {dag.py:4180} INFO - Setting next_dagrun for airbyte_to_dbt_pipeline_prod to 2026-08-26 12:00:00+00:00, run_after=2026-08-26 13:00:00+00:00
[2026-08-26T13:25:09.807+0000] {processor.py:208} INFO - Processing /opt/airflow/dags/prod/airbyte_to_dbt_prod.py took 0.256 seconds
[2026-08-26T13:25:40.002+0000] {processor.py:186} INFO - Started process (PID=5516) to work on /opt/airflow/dags/prod/airbyte_to_dbt_prod.py
[2026-08-26T13:25:40.003+0000] {processor.py:914} INFO - Processing file /opt/airflow/dags/prod/airbyte_to_dbt_prod.py for tasks to queue
[2026-08-26T13:25:40.008+0000] {logging_mixin.py:190} INFO - [2026-08-26T13:25:40.007+0000] {dagbag.py:588} INFO - Filling up the DagBag from /opt/airflow/dags/prod/airbyte_to_dbt_prod.py
[2026-08-26T13:25:40.040+0000] {processor.py:925} INFO - DAG(s) 'airbyte_to_dbt_pipeline_prod' retrieved from /opt/airflow/dags/prod/airbyte_to_dbt_prod.py
[2026-08-26T13:25:40.089+0000] {logging_mixin.py:190} INFO - [2026-08-26T13:25:40.089+0000] {dag.py:3239} INFO - Sync 1 DAGs
[2026-08-26T13:25:40.125+0000] {logging_mixin.py:190} INFO - [2026-08-26T13:25:40.125+0000] {dag.py:4180} INFO - Setting next_dagrun for airbyte_to_dbt_pipeline_prod to 2026-08-26 12:00:00+00:00, run_after=2026-08-26 13:00:00+00:00
[2026-08-26T13:25:40.153+0000] {processor.py:208} INFO - Processing /opt/airflow/dags/prod/airbyte_to_dbt_prod.py took 0.163 seconds
[2026-08-26T13:26:10.342+0000] {processor.py:186} INFO - Started process (PID=5526) to work on /opt/airflow/dags/prod/airbyte_to_dbt_prod.py
[2026-08-26T13:26:10.342+0000] {processor.py:914} INFO - Processing file /opt/airflow/dags/prod/airbyte_to_dbt_prod.py for tasks to queue
[2026-08-26T13:26:10.345+0000] {logging_mixin.py:190} INFO - [2026-08-26T13:26:10.345+0000] {dagbag.py:588} INFO - Filling up the DagBag from /opt/airflow/dags/prod/airbyte_to_dbt_prod.py
[2026-08-26T13:26:10.367+0000] {processor.py:925} INFO - DAG(s) 'airbyte_to_dbt_pipeline_prod' retrieved from /opt/airflow/dags/prod/airbyte_to_dbt_prod.py
[2026-08-26T13:26:10.409+0000] {logging_mixin.py:190} INFO - [2026-08-26T13:26:10.409+0000] {dag.py:3239} INFO - Sync 1 DAGs
[2026-08-26T13:26:10.448+0000] {logging_mixin.py:190} INFO - [2026-08-26T13:26:10.448+0000] {dag.py:4180} INFO - Setting next_dagrun for airbyte_to_dbt_pipeline_prod to 2026-08-26 12:00:00+00:00, run_after=2026-08-26 13:00:00+00:00
[2026-08-26T13:26:10.474+0000] {processor.py:208} INFO - Processing /opt/airflow/dags/prod/airbyte_to_dbt_prod.py took 0.143 seconds
[2026-08-26T13:26:40.637+0000] {processor.py:186} INFO - Started process (PID=5536) to work on /opt/airflow/dags/prod/airbyte_to_dbt_prod.py
[2026-08-26T13:26:40.639+0000] {processor.py:914} INFO - Processing file /opt/airflow/dags/prod/airbyte_to_dbt_prod.py for tasks to queue
[2026-08-26T13:26:40.642+0000] {logging_mixin.py:190} INFO - [2026-08-26T13:26:40.641+0000] {dagbag.py:588} INFO - Filling up the DagBag from /opt/airflow/dags/prod/airbyte_to_dbt_prod.py
[2026-08-26T13:26:40.666+0000] {processor.py:925} INFO - DAG(s) 'airbyte_to_dbt_pipeline_prod' retrieved from /opt/airflow/dags/prod/airbyte_to_dbt_prod.py
[2026-08-26T13:26:40.722+0000] {logging_mixin.py:190} INFO - [2026-08-26T13:26:40.722+0000] {dag.py:3239} INFO - Sync 1 DAGs
[2026-08-26T13:26:40.763+0000] {logging_mixin.py:190} INFO - [2026-08-26T13:26:40.762+0000] {dag.py:4180} INFO - Setting next_dagrun for airbyte_to_dbt_pipeline_prod to 2026-08-26 12:00:00+00:00, run_after=2026-08-26 13:00:00+00:00
[2026-08-26T13:26:40.787+0000] {processor.py:208} INFO - Processing /opt/airflow/dags/prod/airbyte_to_dbt_prod.py took 0.158 seconds
[2026-08-26T13:27:10.974+0000] {processor.py:186} INFO - Started process (PID=5546) to work on /opt/airflow/dags/prod/airbyte_to_dbt_prod.py
[2026-08-26T13:27:10.975+0000] {processor.py:914} INFO - Processing file /opt/airflow/dags/prod/airbyte_to_dbt_prod.py for tasks to queue
[2026-08-26T13:27:10.978+0000] {logging_mixin.py:190} INFO - [2026-08-26T13:27:10.978+0000] {dagbag.py:588} INFO - Filling up the DagBag from /opt/airflow/dags/prod/airbyte_to_dbt_prod.py
[2026-08-26T13:27:11.010+0000] {processor.py:925} INFO - DAG(s) 'airbyte_to_dbt_pipeline_prod' retrieved from /opt/airflow/dags/prod/airbyte_to_dbt_prod.py
[2026-08-26T13:27:11.133+0000] {logging_mixin.py:190} INFO - [2026-08-26T13:27:11.132+0000] {dag.py:3239} INFO - Sync 1 DAGs
[2026-08-26T13:27:11.188+0000] {logging_mixin.py:190} INFO - [2026-08-26T13:27:11.188+0000] {dag.py:4180} INFO - Setting next_dagrun for airbyte_to_dbt_pipeline_prod to 2026-08-26 12:00:00+00:00, run_after=2026-08-26 13:00:00+00:00
[2026-08-26T13:27:11.257+0000] {processor.py:208} INFO - Processing /opt/airflow/dags/prod/airbyte_to_dbt_prod.py took 0.293 seconds
[2026-08-26T13:27:41.419+0000] {processor.py:186} INFO - Started process (PID=5556) to work on /opt/airflow/dags/prod/airbyte_to_dbt_prod.py
[2026-08-26T13:27:41.420+0000] {processor.py:914} INFO - Processing file /opt/airflow/dags/prod/airbyte_to_dbt_prod.py for tasks to queue
[2026-08-26T13:27:41.423+0000] {logging_mixin.py:190} INFO - [2026-08-26T13:27:41.423+0000] {dagbag.py:588} INFO - Filling up the DagBag from /opt/airflow/dags/prod/airbyte_to_dbt_prod.py
[2026-08-26T13:27:41.448+0000] {processor.py:925} INFO - DAG(s) 'airbyte_to_dbt_pipeline_prod' retrieved from /opt/airflow/dags/prod/airbyte_to_dbt_prod.py
[2026-08-26T13:27:41.500+0000] {logging_mixin.py:190} INFO - [2026-08-26T13:27:41.500+0000] {dag.py:3239} INFO - Sync 1 DAGs
[2026-08-26T13:27:41.536+0000] {logging_mixin.py:190} INFO - [2026-08-26T13:27:41.536+0000] {dag.py:4180} INFO - Setting next_dagrun for airbyte_to_dbt_pipeline_prod to 2026-08-26 12:00:00+00:00, run_after=2026-08-26 13:00:00+00:00
[2026-08-26T13:27:41.561+0000] {processor.py:208} INFO - Processing /opt/airflow/dags/prod/airbyte_to_dbt_prod.py took 0.153 seconds
[2026-08-26T13:28:11.746+0000] {processor.py:186} INFO - Started process (PID=5566) to work on /opt/airflow/dags/prod/airbyte_to_dbt_prod.py
[2026-08-26T13:28:11.747+0000] {processor.py:914} INFO - Processing file /opt/airflow/dags/prod/airbyte_to_dbt_prod.py for tasks to queue
[2026-08-26T13:28:11.750+0000] {logging_mixin.py:190} INFO - [2026-08-26T13:28:11.749+0000] {dagbag.py:588} INFO - Filling up the DagBag from /opt/airflow/dags/prod/airbyte_to_dbt_prod.py
[2026-08-26T13:28:11.771+0000] {processor.py:925} INFO - DAG(s) 'airbyte_to_dbt_pipeline_prod' retrieved from /opt/airflow/dags/prod/airbyte_to_dbt_prod.py
[2026-08-26T13:28:11.808+0000] {logging_mixin.py:190} INFO - [2026-08-26T13:28:11.808+0000] {dag.py:3239} INFO - Sync 1 DAGs
[2026-08-26T13:28:11.837+0000] {logging_mixin.py:190} INFO - [2026-08-26T13:28:11.837+0000] {dag.py:4180} INFO - Setting next_dagrun for airbyte_to_dbt_pipeline_prod to 2026-08-26 12:00:00+00:00, run_after=2026-08-26 13:00:00+00:00
[2026-08-26T13:28:11.860+0000] {processor.py:208} INFO - Processing /opt/airflow/dags/prod/airbyte_to_dbt_prod.py took 0.122 seconds
[2026-08-26T13:28:42.034+0000] {processor.py:186} INFO - Started process (PID=5576) to work on /opt/airflow/dags/prod/airbyte_to_dbt_prod.py
[2026-08-26T13:28:42.035+0000] {processor.py:914} INFO - Processing file /opt/airflow/dags/prod/airbyte_to_dbt_prod.py for tasks to queue
[2026-08-26T13:28:42.038+0000] {logging_mixin.py:190} INFO - [2026-08-26T13:28:42.038+0000] {dagbag.py:588} INFO - Filling up the DagBag from /opt/airflow/dags/prod/airbyte_to_dbt_prod.py
[2026-08-26T13:28:42.061+0000] {processor.py:925} INFO - DAG(s) 'airbyte_to_dbt_pipeline_prod' retrieved from /opt/airflow/dags/prod/airbyte_to_dbt_prod.py
[2026-08-26T13:28:42.115+0000] {logging_mixin.py:190} INFO - [2026-08-26T13:28:42.115+0000] {dag.py:3239} INFO - Sync 1 DAGs
[2026-08-26T13:28:42.152+0000] {logging_mixin.py:190} INFO - [2026-08-26T13:28:42.152+0000] {dag.py:4180} INFO - Setting next_dagrun for airbyte_to_dbt_pipeline_prod to 2026-08-26 12:00:00+00:00, run_after=2026-08-26 13:00:00+00:00
[2026-08-26T13:28:42.175+0000] {processor.py:208} INFO - Processing /opt/airflow/dags/prod/airbyte_to_dbt_prod.py took 0.150 seconds
[2026-08-26T13:29:12.342+0000] {processor.py:186} INFO - Started process (PID=5586) to work on /opt/airflow/dags/prod/airbyte_to_dbt_prod.py
[2026-08-26T13:29:12.343+0000] {processor.py:914} INFO - Processing file /opt/airflow/dags/prod/airbyte_to_dbt_prod.py for tasks to queue
[2026-08-26T13:29:12.347+0000] {logging_mixin.py:190} INFO - [2026-08-26T13:29:12.346+0000] {dagbag.py:588} INFO - Filling up the DagBag from /opt/airflow/dags/prod/airbyte_to_dbt_prod.py
[2026-08-26T13:29:12.377+0000] {processor.py:925} INFO - DAG(s) 'airbyte_to_dbt_pipeline_prod' retrieved from /opt/airflow/dags/prod/airbyte_to_dbt_prod.py
[2026-08-26T13:29:12.431+0000] {logging_mixin.py:190} INFO - [2026-08-26T13:29:12.431+0000] {dag.py:3239} INFO - Sync 1 DAGs
[2026-08-26T13:29:12.465+0000] {logging_mixin.py:190} INFO - [2026-08-26T13:29:12.465+0000] {dag.py:4180} INFO - Setting next_dagrun for airbyte_to_dbt_pipeline_prod to 2026-08-26 12:00:00+00:00, run_after=2026-08-26 13:00:00+00:00
[2026-08-26T13:29:12.497+0000] {processor.py:208} INFO - Processing /opt/airflow/dags/prod/airbyte_to_dbt_prod.py took 0.166 seconds
[2026-08-26T13:29:42.656+0000] {processor.py:186} INFO - Started process (PID=5596) to work on /opt/airflow/dags/prod/airbyte_to_dbt_prod.py
[2026-08-26T13:29:42.657+0000] {processor.py:914} INFO - Processing file /opt/airflow/dags/prod/airbyte_to_dbt_prod.py for tasks to queue
[2026-08-26T13:29:42.661+0000] {logging_mixin.py:190} INFO - [2026-08-26T13:29:42.660+0000] {dagbag.py:588} INFO - Filling up the DagBag from /opt/airflow/dags/prod/airbyte_to_dbt_prod.py
[2026-08-26T13:29:42.685+0000] {processor.py:925} INFO - DAG(s) 'airbyte_to_dbt_pipeline_prod' retrieved from /opt/airflow/dags/prod/airbyte_to_dbt_prod.py
[2026-08-26T13:29:42.737+0000] {logging_mixin.py:190} INFO - [2026-08-26T13:29:42.737+0000] {dag.py:3239} INFO - Sync 1 DAGs
[2026-08-26T13:29:42.774+0000] {logging_mixin.py:190} INFO - [2026-08-26T13:29:42.774+0000] {dag.py:4180} INFO - Setting next_dagrun for airbyte_to_dbt_pipeline_prod to 2026-08-26 12:00:00+00:00, run_after=2026-08-26 13:00:00+00:00
[2026-08-26T13:29:42.799+0000] {processor.py:208} INFO - Processing /opt/airflow/dags/prod/airbyte_to_dbt_prod.py took 0.151 seconds
[2026-08-26T13:30:12.985+0000] {processor.py:186} INFO - Started process (PID=5606) to work on /opt/airflow/dags/prod/airbyte_to_dbt_prod.py
[2026-08-26T13:30:12.987+0000] {processor.py:914} INFO - Processing file /opt/airflow/dags/prod/airbyte_to_dbt_prod.py for tasks to queue
[2026-08-26T13:30:12.991+0000] {logging_mixin.py:190} INFO - [2026-08-26T13:30:12.991+0000] {dagbag.py:588} INFO - Filling up the DagBag from /opt/airflow/dags/prod/airbyte_to_dbt_prod.py
[2026-08-26T13:30:13.019+0000] {processor.py:925} INFO - DAG(s) 'airbyte_to_dbt_pipeline_prod' retrieved from /opt/airflow/dags/prod/airbyte_to_dbt_prod.py
[2026-08-26T13:30:13.061+0000] {logging_mixin.py:190} INFO - [2026-08-26T13:30:13.060+0000] {dag.py:3239} INFO - Sync 1 DAGs
[2026-08-26T13:30:13.097+0000] {logging_mixin.py:190} INFO - [2026-08-26T13:30:13.097+0000] {dag.py:4180} INFO - Setting next_dagrun for airbyte_to_dbt_pipeline_prod to 2026-08-26 12:00:00+00:00, run_after=2026-08-26 13:00:00+00:00
[2026-08-26T13:30:13.120+0000] {processor.py:208} INFO - Processing /opt/airflow/dags/prod/airbyte_to_dbt_prod.py took 0.151 seconds
[2026-08-26T13:30:43.291+0000] {processor.py:186} INFO - Started process (PID=5616) to work on /opt/airflow/dags/prod/airbyte_to_dbt_prod.py
[2026-08-26T13:30:43.292+0000] {processor.py:914} INFO - Processing file /opt/airflow/dags/prod/airbyte_to_dbt_prod.py for tasks to queue
[2026-08-26T13:30:43.295+0000] {logging_mixin.py:190} INFO - [2026-08-26T13:30:43.294+0000] {dagbag.py:588} INFO - Filling up the DagBag from /opt/airflow/dags/prod/airbyte_to_dbt_prod.py
[2026-08-26T13:30:43.317+0000] {processor.py:925} INFO - DAG(s) 'airbyte_to_dbt_pipeline_prod' retrieved from /opt/airflow/dags/prod/airbyte_to_dbt_prod.py
[2026-08-26T13:30:43.371+0000] {logging_mixin.py:190} INFO - [2026-08-26T13:30:43.370+0000] {dag.py:3239} INFO - Sync 1 DAGs
[2026-08-26T13:30:43.405+0000] {logging_mixin.py:190} INFO - [2026-08-26T13:30:43.405+0000] {dag.py:4180} INFO - Setting next_dagrun for airbyte_to_dbt_pipeline_prod to 2026-08-26 12:00:00+00:00, run_after=2026-08-26 13:00:00+00:00
[2026-08-26T13:30:43.428+0000] {processor.py:208} INFO - Processing /opt/airflow/dags/prod/airbyte_to_dbt_prod.py took 0.146 seconds
[2026-08-26T13:31:13.611+0000] {processor.py:186} INFO - Started process (PID=5626) to work on /opt/airflow/dags/prod/airbyte_to_dbt_prod.py
[2026-08-26T13:31:13.612+0000] {processor.py:914} INFO - Processing file /opt/airflow/dags/prod/airbyte_to_dbt_prod.py for tasks to queue
[2026-08-26T13:31:13.615+0000] {logging_mixin.py:190} INFO - [2026-08-26T13:31:13.615+0000] {dagbag.py:588} INFO - Filling up the DagBag from /opt/airflow/dags/prod/airbyte_to_dbt_prod.py
[2026-08-26T13:31:13.639+0000] {processor.py:925} INFO - DAG(s) 'airbyte_to_dbt_pipeline_prod' retrieved from /opt/airflow/dags/prod/airbyte_to_dbt_prod.py
[2026-08-26T13:31:13.681+0000] {logging_mixin.py:190} INFO - [2026-08-26T13:31:13.681+0000] {dag.py:3239} INFO - Sync 1 DAGs
[2026-08-26T13:31:13.717+0000] {logging_mixin.py:190} INFO - [2026-08-26T13:31:13.716+0000] {dag.py:4180} INFO - Setting next_dagrun for airbyte_to_dbt_pipeline_prod to 2026-08-26 12:00:00+00:00, run_after=2026-08-26 13:00:00+00:00
[2026-08-26T13:31:13.743+0000] {processor.py:208} INFO - Processing /opt/airflow/dags/prod/airbyte_to_dbt_prod.py took 0.139 seconds
[2026-08-26T13:31:43.909+0000] {processor.py:186} INFO - Started process (PID=5636) to work on /opt/airflow/dags/prod/airbyte_to_dbt_prod.py
[2026-08-26T13:31:43.910+0000] {processor.py:914} INFO - Processing file /opt/airflow/dags/prod/airbyte_to_dbt_prod.py for tasks to queue
[2026-08-26T13:31:43.913+0000] {logging_mixin.py:190} INFO - [2026-08-26T13:31:43.913+0000] {dagbag.py:588} INFO - Filling up the DagBag from /opt/airflow/dags/prod/airbyte_to_dbt_prod.py
[2026-08-26T13:31:43.935+0000] {processor.py:925} INFO - DAG(s) 'airbyte_to_dbt_pipeline_prod' retrieved from /opt/airflow/dags/prod/airbyte_to_dbt_prod.py
[2026-08-26T13:31:43.976+0000] {logging_mixin.py:190} INFO - [2026-08-26T13:31:43.975+0000] {dag.py:3239} INFO - Sync 1 DAGs
[2026-08-26T13:31:44.008+0000] {logging_mixin.py:190} INFO - [2026-08-26T13:31:44.007+0000] {dag.py:4180} INFO - Setting next_dagrun for airbyte_to_dbt_pipeline_prod to 2026-08-26 12:00:00+00:00, run_after=2026-08-26 13:00:00+00:00
[2026-08-26T13:31:44.033+0000] {processor.py:208} INFO - Processing /opt/airflow/dags/prod/airbyte_to_dbt_prod.py took 0.134 seconds
[2026-08-26T13:32:14.198+0000] {processor.py:186} INFO - Started process (PID=5646) to work on /opt/airflow/dags/prod/airbyte_to_dbt_prod.py
[2026-08-26T13:32:14.199+0000] {processor.py:914} INFO - Processing file /opt/airflow/dags/prod/airbyte_to_dbt_prod.py for tasks to queue
[2026-08-26T13:32:14.202+0000] {logging_mixin.py:190} INFO - [2026-08-26T13:32:14.202+0000] {dagbag.py:588} INFO - Filling up the DagBag from /opt/airflow/dags/prod/airbyte_to_dbt_prod.py
[2026-08-26T13:32:14.226+0000] {processor.py:925} INFO - DAG(s) 'airbyte_to_dbt_pipeline_prod' retrieved from /opt/airflow/dags/prod/airbyte_to_dbt_prod.py
[2026-08-26T13:32:14.277+0000] {logging_mixin.py:190} INFO - [2026-08-26T13:32:14.277+0000] {dag.py:3239} INFO - Sync 1 DAGs
[2026-08-26T13:32:14.313+0000] {logging_mixin.py:190} INFO - [2026-08-26T13:32:14.313+0000] {dag.py:4180} INFO - Setting next_dagrun for airbyte_to_dbt_pipeline_prod to 2026-08-26 12:00:00+00:00, run_after=2026-08-26 13:00:00+00:00
[2026-08-26T13:32:14.339+0000] {processor.py:208} INFO - Processing /opt/airflow/dags/prod/airbyte_to_dbt_prod.py took 0.149 seconds
[2026-08-26T13:32:44.503+0000] {processor.py:186} INFO - Started process (PID=5656) to work on /opt/airflow/dags/prod/airbyte_to_dbt_prod.py
[2026-08-26T13:32:44.504+0000] {processor.py:914} INFO - Processing file /opt/airflow/dags/prod/airbyte_to_dbt_prod.py for tasks to queue
[2026-08-26T13:32:44.507+0000] {logging_mixin.py:190} INFO - [2026-08-26T13:32:44.507+0000] {dagbag.py:588} INFO - Filling up the DagBag from /opt/airflow/dags/prod/airbyte_to_dbt_prod.py
[2026-08-26T13:32:44.528+0000] {processor.py:925} INFO - DAG(s) 'airbyte_to_dbt_pipeline_prod' retrieved from /opt/airflow/dags/prod/airbyte_to_dbt_prod.py
[2026-08-26T13:32:44.570+0000] {logging_mixin.py:190} INFO - [2026-08-26T13:32:44.570+0000] {dag.py:3239} INFO - Sync 1 DAGs
[2026-08-26T13:32:44.602+0000] {logging_mixin.py:190} INFO - [2026-08-26T13:32:44.602+0000] {dag.py:4180} INFO - Setting next_dagrun for airbyte_to_dbt_pipeline_prod to 2026-08-26 12:00:00+00:00, run_after=2026-08-26 13:00:00+00:00
[2026-08-26T13:32:44.624+0000] {processor.py:208} INFO - Processing /opt/airflow/dags/prod/airbyte_to_dbt_prod.py took 0.131 seconds
[2026-08-26T13:33:14.796+0000] {processor.py:186} INFO - Started process (PID=5666) to work on /opt/airflow/dags/prod/airbyte_to_dbt_prod.py
[2026-08-26T13:33:14.797+0000] {processor.py:914} INFO - Processing file /opt/airflow/dags/prod/airbyte_to_dbt_prod.py for tasks to queue
[2026-08-26T13:33:14.800+0000] {logging_mixin.py:190} INFO - [2026-08-26T13:33:14.800+0000] {dagbag.py:588} INFO - Filling up the DagBag from /opt/airflow/dags/prod/airbyte_to_dbt_prod.py
[2026-08-26T13:33:14.825+0000] {processor.py:925} INFO - DAG(s) 'airbyte_to_dbt_pipeline_prod' retrieved from /opt/airflow/dags/prod/airbyte_to_dbt_prod.py
[2026-08-26T13:33:14.864+0000] {logging_mixin.py:190} INFO - [2026-08-26T13:33:14.864+0000] {dag.py:3239} INFO - Sync 1 DAGs
[2026-08-26T13:33:14.893+0000] {logging_mixin.py:190} INFO - [2026-08-26T13:33:14.893+0000] {dag.py:4180} INFO - Setting next_dagrun for airbyte_to_dbt_pipeline_prod to 2026-08-26 12:00:00+00:00, run_after=2026-08-26 13:00:00+00:00
[2026-08-26T13:33:14.923+0000] {processor.py:208} INFO - Processing /opt/airflow/dags/prod/airbyte_to_dbt_prod.py took 0.135 seconds
[2026-08-26T13:33:45.102+0000] {processor.py:186} INFO - Started process (PID=5676) to work on /opt/airflow/dags/prod/airbyte_to_dbt_prod.py
[2026-08-26T13:33:45.103+0000] {processor.py:914} INFO - Processing file /opt/airflow/dags/prod/airbyte_to_dbt_prod.py for tasks to queue
[2026-08-26T13:33:45.106+0000] {logging_mixin.py:190} INFO - [2026-08-26T13:33:45.106+0000] {dagbag.py:588} INFO - Filling up the DagBag from /opt/airflow/dags/prod/airbyte_to_dbt_prod.py
[2026-08-26T13:33:45.130+0000] {processor.py:925} INFO - DAG(s) 'airbyte_to_dbt_pipeline_prod' retrieved from /opt/airflow/dags/prod/airbyte_to_dbt_prod.py
[2026-08-26T13:33:45.183+0000] {logging_mixin.py:190} INFO - [2026-08-26T13:33:45.183+0000] {dag.py:3239} INFO - Sync 1 DAGs
[2026-08-26T13:33:45.218+0000] {logging_mixin.py:190} INFO - [2026-08-26T13:33:45.218+0000] {dag.py:4180} INFO - Setting next_dagrun for airbyte_to_dbt_pipeline_prod to 2026-08-26 12:00:00+00:00, run_after=2026-08-26 13:00:00+00:00
[2026-08-26T13:33:45.242+0000] {processor.py:208} INFO - Processing /opt/airflow/dags/prod/airbyte_to_dbt_prod.py took 0.150 seconds
[2026-08-26T13:34:15.404+0000] {processor.py:186} INFO - Started process (PID=5686) to work on /opt/airflow/dags/prod/airbyte_to_dbt_prod.py
[2026-08-26T13:34:15.405+0000] {processor.py:914} INFO - Processing file /opt/airflow/dags/prod/airbyte_to_dbt_prod.py for tasks to queue
[2026-08-26T13:34:15.408+0000] {logging_mixin.py:190} INFO - [2026-08-26T13:34:15.408+0000] {dagbag.py:588} INFO - Filling up the DagBag from /opt/airflow/dags/prod/airbyte_to_dbt_prod.py
[2026-08-26T13:34:15.432+0000] {processor.py:925} INFO - DAG(s) 'airbyte_to_dbt_pipeline_prod' retrieved from /opt/airflow/dags/prod/airbyte_to_dbt_prod.py
[2026-08-26T13:34:15.474+0000] {logging_mixin.py:190} INFO - [2026-08-26T13:34:15.474+0000] {dag.py:3239} INFO - Sync 1 DAGs
[2026-08-26T13:34:15.510+0000] {logging_mixin.py:190} INFO - [2026-08-26T13:34:15.510+0000] {dag.py:4180} INFO - Setting next_dagrun for airbyte_to_dbt_pipeline_prod to 2026-08-26 12:00:00+00:00, run_after=2026-08-26 13:00:00+00:00
[2026-08-26T13:34:15.536+0000] {processor.py:208} INFO - Processing /opt/airflow/dags/prod/airbyte_to_dbt_prod.py took 0.141 seconds
[2026-08-26T13:34:45.692+0000] {processor.py:186} INFO - Started process (PID=5696) to work on /opt/airflow/dags/prod/airbyte_to_dbt_prod.py
[2026-08-26T13:34:45.693+0000] {processor.py:914} INFO - Processing file /opt/airflow/dags/prod/airbyte_to_dbt_prod.py for tasks to queue
[2026-08-26T13:34:45.696+0000] {logging_mixin.py:190} INFO - [2026-08-26T13:34:45.696+0000] {dagbag.py:588} INFO - Filling up the DagBag from /opt/airflow/dags/prod/airbyte_to_dbt_prod.py
[2026-08-26T13:34:45.719+0000] {processor.py:925} INFO - DAG(s) 'airbyte_to_dbt_pipeline_prod' retrieved from /opt/airflow/dags/prod/airbyte_to_dbt_prod.py
[2026-08-26T13:34:45.759+0000] {logging_mixin.py:190} INFO - [2026-08-26T13:34:45.759+0000] {dag.py:3239} INFO - Sync 1 DAGs
[2026-08-26T13:34:45.797+0000] {logging_mixin.py:190} INFO - [2026-08-26T13:34:45.797+0000] {dag.py:4180} INFO - Setting next_dagrun for airbyte_to_dbt_pipeline_prod to 2026-08-26 12:00:00+00:00, run_after=2026-08-26 13:00:00+00:00
[2026-08-26T13:34:45.821+0000] {processor.py:208} INFO - Processing /opt/airflow/dags/prod/airbyte_to_dbt_prod.py took 0.138 seconds
[2026-08-26T13:35:15.990+0000] {processor.py:186} INFO - Started process (PID=5706) to work on /opt/airflow/dags/prod/airbyte_to_dbt_prod.py
[2026-08-26T13:35:15.990+0000] {processor.py:914} INFO - Processing file /opt/airflow/dags/prod/airbyte_to_dbt_prod.py for tasks to queue
[2026-08-26T13:35:15.993+0000] {logging_mixin.py:190} INFO - [2026-08-26T13:35:15.993+0000] {dagbag.py:588} INFO - Filling up the DagBag from /opt/airflow/dags/prod/airbyte_to_dbt_prod.py
[2026-08-26T13:35:16.015+0000] {processor.py:925} INFO - DAG(s) 'airbyte_to_dbt_pipeline_prod' retrieved from /opt/airflow/dags/prod/airbyte_to_dbt_prod.py
[2026-08-26T13:35:16.070+0000] {logging_mixin.py:190} INFO - [2026-08-26T13:35:16.069+0000] {dag.py:3239} INFO - Sync 1 DAGs
[2026-08-26T13:35:16.110+0000] {logging_mixin.py:190} INFO - [2026-08-26T13:35:16.110+0000] {dag.py:4180} INFO - Setting next_dagrun for airbyte_to_dbt_pipeline_prod to 2026-08-26 12:00:00+00:00, run_after=2026-08-26 13:00:00+00:00
[2026-08-26T13:35:16.135+0000] {processor.py:208} INFO - Processing /opt/airflow/dags/prod/airbyte_to_dbt_prod.py took 0.154 seconds
[2026-08-26T13:35:46.317+0000] {processor.py:186} INFO - Started process (PID=5716) to work on /opt/airflow/dags/prod/airbyte_to_dbt_prod.py
[2026-08-26T13:35:46.318+0000] {processor.py:914} INFO - Processing file /opt/airflow/dags/prod/airbyte_to_dbt_prod.py for tasks to queue
[2026-08-26T13:35:46.322+0000] {logging_mixin.py:190} INFO - [2026-08-26T13:35:46.322+0000] {dagbag.py:588} INFO - Filling up the DagBag from /opt/airflow/dags/prod/airbyte_to_dbt_prod.py
[2026-08-26T13:35:46.354+0000] {processor.py:925} INFO - DAG(s) 'airbyte_to_dbt_pipeline_prod' retrieved from /opt/airflow/dags/prod/airbyte_to_dbt_prod.py
[2026-08-26T13:35:46.397+0000] {logging_mixin.py:190} INFO - [2026-08-26T13:35:46.397+0000] {dag.py:3239} INFO - Sync 1 DAGs
[2026-08-26T13:35:46.430+0000] {logging_mixin.py:190} INFO - [2026-08-26T13:35:46.430+0000] {dag.py:4180} INFO - Setting next_dagrun for airbyte_to_dbt_pipeline_prod to 2026-08-26 12:00:00+00:00, run_after=2026-08-26 13:00:00+00:00
[2026-08-26T13:35:46.457+0000] {processor.py:208} INFO - Processing /opt/airflow/dags/prod/airbyte_to_dbt_prod.py took 0.150 seconds
[2026-08-26T13:36:16.625+0000] {processor.py:186} INFO - Started process (PID=5726) to work on /opt/airflow/dags/prod/airbyte_to_dbt_prod.py
[2026-08-26T13:36:16.627+0000] {processor.py:914} INFO - Processing file /opt/airflow/dags/prod/airbyte_to_dbt_prod.py for tasks to queue
[2026-08-26T13:36:16.631+0000] {logging_mixin.py:190} INFO - [2026-08-26T13:36:16.630+0000] {dagbag.py:588} INFO - Filling up the DagBag from /opt/airflow/dags/prod/airbyte_to_dbt_prod.py
[2026-08-26T13:36:16.656+0000] {processor.py:925} INFO - DAG(s) 'airbyte_to_dbt_pipeline_prod' retrieved from /opt/airflow/dags/prod/airbyte_to_dbt_prod.py
[2026-08-26T13:36:16.698+0000] {logging_mixin.py:190} INFO - [2026-08-26T13:36:16.698+0000] {dag.py:3239} INFO - Sync 1 DAGs
[2026-08-26T13:36:16.731+0000] {logging_mixin.py:190} INFO - [2026-08-26T13:36:16.731+0000] {dag.py:4180} INFO - Setting next_dagrun for airbyte_to_dbt_pipeline_prod to 2026-08-26 12:00:00+00:00, run_after=2026-08-26 13:00:00+00:00
[2026-08-26T13:36:16.752+0000] {processor.py:208} INFO - Processing /opt/airflow/dags/prod/airbyte_to_dbt_prod.py took 0.137 seconds
[2026-08-26T13:36:46.921+0000] {processor.py:186} INFO - Started process (PID=5736) to work on /opt/airflow/dags/prod/airbyte_to_dbt_prod.py
[2026-08-26T13:36:46.922+0000] {processor.py:914} INFO - Processing file /opt/airflow/dags/prod/airbyte_to_dbt_prod.py for tasks to queue
[2026-08-26T13:36:46.925+0000] {logging_mixin.py:190} INFO - [2026-08-26T13:36:46.924+0000] {dagbag.py:588} INFO - Filling up the DagBag from /opt/airflow/dags/prod/airbyte_to_dbt_prod.py
[2026-08-26T13:36:46.947+0000] {processor.py:925} INFO - DAG(s) 'airbyte_to_dbt_pipeline_prod' retrieved from /opt/airflow/dags/prod/airbyte_to_dbt_prod.py
[2026-08-26T13:36:46.999+0000] {logging_mixin.py:190} INFO - [2026-08-26T13:36:46.999+0000] {dag.py:3239} INFO - Sync 1 DAGs
[2026-08-26T13:36:47.037+0000] {logging_mixin.py:190} INFO - [2026-08-26T13:36:47.037+0000] {dag.py:4180} INFO - Setting next_dagrun for airbyte_to_dbt_pipeline_prod to 2026-08-26 12:00:00+00:00, run_after=2026-08-26 13:00:00+00:00
[2026-08-26T13:36:47.064+0000] {processor.py:208} INFO - Processing /opt/airflow/dags/prod/airbyte_to_dbt_prod.py took 0.152 seconds
[2026-08-26T13:37:17.229+0000] {processor.py:186} INFO - Started process (PID=5746) to work on /opt/airflow/dags/prod/airbyte_to_dbt_prod.py
[2026-08-26T13:37:17.230+0000] {processor.py:914} INFO - Processing file /opt/airflow/dags/prod/airbyte_to_dbt_prod.py for tasks to queue
[2026-08-26T13:37:17.233+0000] {logging_mixin.py:190} INFO - [2026-08-26T13:37:17.232+0000] {dagbag.py:588} INFO - Filling up the DagBag from /opt/airflow/dags/prod/airbyte_to_dbt_prod.py
[2026-08-26T13:37:17.257+0000] {processor.py:925} INFO - DAG(s) 'airbyte_to_dbt_pipeline_prod' retrieved from /opt/airflow/dags/prod/airbyte_to_dbt_prod.py
[2026-08-26T13:37:17.300+0000] {logging_mixin.py:190} INFO - [2026-08-26T13:37:17.300+0000] {dag.py:3239} INFO - Sync 1 DAGs
[2026-08-26T13:37:17.333+0000] {logging_mixin.py:190} INFO - [2026-08-26T13:37:17.333+0000] {dag.py:4180} INFO - Setting next_dagrun for airbyte_to_dbt_pipeline_prod to 2026-08-26 12:00:00+00:00, run_after=2026-08-26 13:00:00+00:00
[2026-08-26T13:37:17.357+0000] {processor.py:208} INFO - Processing /opt/airflow/dags/prod/airbyte_to_dbt_prod.py took 0.137 seconds
[2026-08-26T13:37:47.531+0000] {processor.py:186} INFO - Started process (PID=5756) to work on /opt/airflow/dags/prod/airbyte_to_dbt_prod.py
[2026-08-26T13:37:47.532+0000] {processor.py:914} INFO - Processing file /opt/airflow/dags/prod/airbyte_to_dbt_prod.py for tasks to queue
[2026-08-26T13:37:47.536+0000] {logging_mixin.py:190} INFO - [2026-08-26T13:37:47.536+0000] {dagbag.py:588} INFO - Filling up the DagBag from /opt/airflow/dags/prod/airbyte_to_dbt_prod.py
[2026-08-26T13:37:47.565+0000] {processor.py:925} INFO - DAG(s) 'airbyte_to_dbt_pipeline_prod' retrieved from /opt/airflow/dags/prod/airbyte_to_dbt_prod.py
[2026-08-26T13:37:47.615+0000] {logging_mixin.py:190} INFO - [2026-08-26T13:37:47.615+0000] {dag.py:3239} INFO - Sync 1 DAGs
[2026-08-26T13:37:47.652+0000] {logging_mixin.py:190} INFO - [2026-08-26T13:37:47.652+0000] {dag.py:4180} INFO - Setting next_dagrun for airbyte_to_dbt_pipeline_prod to 2026-08-26 12:00:00+00:00, run_after=2026-08-26 13:00:00+00:00
[2026-08-26T13:37:47.677+0000] {processor.py:208} INFO - Processing /opt/airflow/dags/prod/airbyte_to_dbt_prod.py took 0.158 seconds
[2026-08-26T13:38:17.851+0000] {processor.py:186} INFO - Started process (PID=5766) to work on /opt/airflow/dags/prod/airbyte_to_dbt_prod.py
[2026-08-26T13:38:17.851+0000] {processor.py:914} INFO - Processing file /opt/airflow/dags/prod/airbyte_to_dbt_prod.py for tasks to queue
[2026-08-26T13:38:17.854+0000] {logging_mixin.py:190} INFO - [2026-08-26T13:38:17.854+0000] {dagbag.py:588} INFO - Filling up the DagBag from /opt/airflow/dags/prod/airbyte_to_dbt_prod.py
[2026-08-26T13:38:17.879+0000] {processor.py:925} INFO - DAG(s) 'airbyte_to_dbt_pipeline_prod' retrieved from /opt/airflow/dags/prod/airbyte_to_dbt_prod.py
[2026-08-26T13:38:17.925+0000] {logging_mixin.py:190} INFO - [2026-08-26T13:38:17.925+0000] {dag.py:3239} INFO - Sync 1 DAGs
[2026-08-26T13:38:17.958+0000] {logging_mixin.py:190} INFO - [2026-08-26T13:38:17.958+0000] {dag.py:4180} INFO - Setting next_dagrun for airbyte_to_dbt_pipeline_prod to 2026-08-26 12:00:00+00:00, run_after=2026-08-26 13:00:00+00:00
[2026-08-26T13:38:17.991+0000] {processor.py:208} INFO - Processing /opt/airflow/dags/prod/airbyte_to_dbt_prod.py took 0.148 seconds
[2026-08-26T13:38:48.158+0000] {processor.py:186} INFO - Started process (PID=5776) to work on /opt/airflow/dags/prod/airbyte_to_dbt_prod.py
[2026-08-26T13:38:48.160+0000] {processor.py:914} INFO - Processing file /opt/airflow/dags/prod/airbyte_to_dbt_prod.py for tasks to queue
[2026-08-26T13:38:48.164+0000] {logging_mixin.py:190} INFO - [2026-08-26T13:38:48.164+0000] {dagbag.py:588} INFO - Filling up the DagBag from /opt/airflow/dags/prod/airbyte_to_dbt_prod.py
[2026-08-26T13:38:48.194+0000] {processor.py:925} INFO - DAG(s) 'airbyte_to_dbt_pipeline_prod' retrieved from /opt/airflow/dags/prod/airbyte_to_dbt_prod.py
[2026-08-26T13:38:48.239+0000] {logging_mixin.py:190} INFO - [2026-08-26T13:38:48.239+0000] {dag.py:3239} INFO - Sync 1 DAGs
[2026-08-26T13:38:48.270+0000] {logging_mixin.py:190} INFO - [2026-08-26T13:38:48.269+0000] {dag.py:4180} INFO - Setting next_dagrun for airbyte_to_dbt_pipeline_prod to 2026-08-26 12:00:00+00:00, run_after=2026-08-26 13:00:00+00:00
[2026-08-26T13:38:48.291+0000] {processor.py:208} INFO - Processing /opt/airflow/dags/prod/airbyte_to_dbt_prod.py took 0.141 seconds
[2026-08-26T13:39:18.811+0000] {processor.py:186} INFO - Started process (PID=5786) to work on /opt/airflow/dags/prod/airbyte_to_dbt_prod.py
[2026-08-26T13:39:18.812+0000] {processor.py:914} INFO - Processing file /opt/airflow/dags/prod/airbyte_to_dbt_prod.py for tasks to queue
[2026-08-26T13:39:18.815+0000] {logging_mixin.py:190} INFO - [2026-08-26T13:39:18.815+0000] {dagbag.py:588} INFO - Filling up the DagBag from /opt/airflow/dags/prod/airbyte_to_dbt_prod.py
[2026-08-26T13:39:18.838+0000] {processor.py:925} INFO - DAG(s) 'airbyte_to_dbt_pipeline_prod' retrieved from /opt/airflow/dags/prod/airbyte_to_dbt_prod.py
[2026-08-26T13:39:18.891+0000] {logging_mixin.py:190} INFO - [2026-08-26T13:39:18.891+0000] {dag.py:3239} INFO - Sync 1 DAGs
[2026-08-26T13:39:18.923+0000] {logging_mixin.py:190} INFO - [2026-08-26T13:39:18.923+0000] {dag.py:4180} INFO - Setting next_dagrun for airbyte_to_dbt_pipeline_prod to 2026-08-26 12:00:00+00:00, run_after=2026-08-26 13:00:00+00:00
[2026-08-26T13:39:18.952+0000] {processor.py:208} INFO - Processing /opt/airflow/dags/prod/airbyte_to_dbt_prod.py took 0.150 seconds
[2026-08-26T13:39:49.122+0000] {processor.py:186} INFO - Started process (PID=5796) to work on /opt/airflow/dags/prod/airbyte_to_dbt_prod.py
[2026-08-26T13:39:49.124+0000] {processor.py:914} INFO - Processing file /opt/airflow/dags/prod/airbyte_to_dbt_prod.py for tasks to queue
[2026-08-26T13:39:49.128+0000] {logging_mixin.py:190} INFO - [2026-08-26T13:39:49.128+0000] {dagbag.py:588} INFO - Filling up the DagBag from /opt/airflow/dags/prod/airbyte_to_dbt_prod.py
[2026-08-26T13:39:49.154+0000] {processor.py:925} INFO - DAG(s) 'airbyte_to_dbt_pipeline_prod' retrieved from /opt/airflow/dags/prod/airbyte_to_dbt_prod.py
[2026-08-26T13:39:49.206+0000] {logging_mixin.py:190} INFO - [2026-08-26T13:39:49.206+0000] {dag.py:3239} INFO - Sync 1 DAGs
[2026-08-26T13:39:49.240+0000] {logging_mixin.py:190} INFO - [2026-08-26T13:39:49.240+0000] {dag.py:4180} INFO - Setting next_dagrun for airbyte_to_dbt_pipeline_prod to 2026-08-26 12:00:00+00:00, run_after=2026-08-26 13:00:00+00:00
[2026-08-26T13:39:49.263+0000] {processor.py:208} INFO - Processing /opt/airflow/dags/prod/airbyte_to_dbt_prod.py took 0.154 seconds
[2026-08-26T13:40:19.498+0000] {processor.py:186} INFO - Started process (PID=5805) to work on /opt/airflow/dags/prod/airbyte_to_dbt_prod.py
[2026-08-26T13:40:19.501+0000] {processor.py:914} INFO - Processing file /opt/airflow/dags/prod/airbyte_to_dbt_prod.py for tasks to queue
[2026-08-26T13:40:19.506+0000] {logging_mixin.py:190} INFO - [2026-08-26T13:40:19.506+0000] {dagbag.py:588} INFO - Filling up the DagBag from /opt/airflow/dags/prod/airbyte_to_dbt_prod.py
[2026-08-26T13:40:19.566+0000] {processor.py:925} INFO - DAG(s) 'airbyte_to_dbt_pipeline_prod' retrieved from /opt/airflow/dags/prod/airbyte_to_dbt_prod.py
[2026-08-26T13:40:19.670+0000] {logging_mixin.py:190} INFO - [2026-08-26T13:40:19.670+0000] {dag.py:3239} INFO - Sync 1 DAGs
[2026-08-26T13:40:19.716+0000] {logging_mixin.py:190} INFO - [2026-08-26T13:40:19.716+0000] {dag.py:4180} INFO - Setting next_dagrun for airbyte_to_dbt_pipeline_prod to 2026-08-26 12:00:00+00:00, run_after=2026-08-26 13:00:00+00:00
[2026-08-26T13:40:19.750+0000] {processor.py:208} INFO - Processing /opt/airflow/dags/prod/airbyte_to_dbt_prod.py took 0.274 seconds
[2026-08-26T13:40:49.945+0000] {processor.py:186} INFO - Started process (PID=5816) to work on /opt/airflow/dags/prod/airbyte_to_dbt_prod.py
[2026-08-26T13:40:49.946+0000] {processor.py:914} INFO - Processing file /opt/airflow/dags/prod/airbyte_to_dbt_prod.py for tasks to queue
[2026-08-26T13:40:49.949+0000] {logging_mixin.py:190} INFO - [2026-08-26T13:40:49.949+0000] {dagbag.py:588} INFO - Filling up the DagBag from /opt/airflow/dags/prod/airbyte_to_dbt_prod.py
[2026-08-26T13:40:49.978+0000] {processor.py:925} INFO - DAG(s) 'airbyte_to_dbt_pipeline_prod' retrieved from /opt/airflow/dags/prod/airbyte_to_dbt_prod.py
[2026-08-26T13:40:50.023+0000] {logging_mixin.py:190} INFO - [2026-08-26T13:40:50.022+0000] {dag.py:3239} INFO - Sync 1 DAGs
[2026-08-26T13:40:50.052+0000] {logging_mixin.py:190} INFO - [2026-08-26T13:40:50.052+0000] {dag.py:4180} INFO - Setting next_dagrun for airbyte_to_dbt_pipeline_prod to 2026-08-26 12:00:00+00:00, run_after=2026-08-26 13:00:00+00:00
[2026-08-26T13:40:50.080+0000] {processor.py:208} INFO - Processing /opt/airflow/dags/prod/airbyte_to_dbt_prod.py took 0.145 seconds
[2026-08-26T13:41:20.275+0000] {processor.py:186} INFO - Started process (PID=5826) to work on /opt/airflow/dags/prod/airbyte_to_dbt_prod.py
[2026-08-26T13:41:20.276+0000] {processor.py:914} INFO - Processing file /opt/airflow/dags/prod/airbyte_to_dbt_prod.py for tasks to queue
[2026-08-26T13:41:20.279+0000] {logging_mixin.py:190} INFO - [2026-08-26T13:41:20.279+0000] {dagbag.py:588} INFO - Filling up the DagBag from /opt/airflow/dags/prod/airbyte_to_dbt_prod.py
[2026-08-26T13:41:20.309+0000] {processor.py:925} INFO - DAG(s) 'airbyte_to_dbt_pipeline_prod' retrieved from /opt/airflow/dags/prod/airbyte_to_dbt_prod.py
[2026-08-26T13:41:20.357+0000] {logging_mixin.py:190} INFO - [2026-08-26T13:41:20.357+0000] {dag.py:3239} INFO - Sync 1 DAGs
[2026-08-26T13:41:20.396+0000] {logging_mixin.py:190} INFO - [2026-08-26T13:41:20.396+0000] {dag.py:4180} INFO - Setting next_dagrun for airbyte_to_dbt_pipeline_prod to 2026-08-26 12:00:00+00:00, run_after=2026-08-26 13:00:00+00:00
[2026-08-26T13:41:20.435+0000] {processor.py:208} INFO - Processing /opt/airflow/dags/prod/airbyte_to_dbt_prod.py took 0.170 seconds
[2026-08-26T13:41:50.627+0000] {processor.py:186} INFO - Started process (PID=5836) to work on /opt/airflow/dags/prod/airbyte_to_dbt_prod.py
[2026-08-26T13:41:50.629+0000] {processor.py:914} INFO - Processing file /opt/airflow/dags/prod/airbyte_to_dbt_prod.py for tasks to queue
[2026-08-26T13:41:50.635+0000] {logging_mixin.py:190} INFO - [2026-08-26T13:41:50.634+0000] {dagbag.py:588} INFO - Filling up the DagBag from /opt/airflow/dags/prod/airbyte_to_dbt_prod.py
[2026-08-26T13:41:50.669+0000] {processor.py:925} INFO - DAG(s) 'airbyte_to_dbt_pipeline_prod' retrieved from /opt/airflow/dags/prod/airbyte_to_dbt_prod.py
[2026-08-26T13:41:50.720+0000] {logging_mixin.py:190} INFO - [2026-08-26T13:41:50.720+0000] {dag.py:3239} INFO - Sync 1 DAGs
[2026-08-26T13:41:50.765+0000] {logging_mixin.py:190} INFO - [2026-08-26T13:41:50.765+0000] {dag.py:4180} INFO - Setting next_dagrun for airbyte_to_dbt_pipeline_prod to 2026-08-26 12:00:00+00:00, run_after=2026-08-26 13:00:00+00:00
[2026-08-26T13:41:50.793+0000] {processor.py:208} INFO - Processing /opt/airflow/dags/prod/airbyte_to_dbt_prod.py took 0.182 seconds
[2026-08-26T13:42:20.974+0000] {processor.py:186} INFO - Started process (PID=5846) to work on /opt/airflow/dags/prod/airbyte_to_dbt_prod.py
[2026-08-26T13:42:20.974+0000] {processor.py:914} INFO - Processing file /opt/airflow/dags/prod/airbyte_to_dbt_prod.py for tasks to queue
[2026-08-26T13:42:20.978+0000] {logging_mixin.py:190} INFO - [2026-08-26T13:42:20.977+0000] {dagbag.py:588} INFO - Filling up the DagBag from /opt/airflow/dags/prod/airbyte_to_dbt_prod.py
[2026-08-26T13:42:21.004+0000] {processor.py:925} INFO - DAG(s) 'airbyte_to_dbt_pipeline_prod' retrieved from /opt/airflow/dags/prod/airbyte_to_dbt_prod.py
[2026-08-26T13:42:21.045+0000] {logging_mixin.py:190} INFO - [2026-08-26T13:42:21.044+0000] {dag.py:3239} INFO - Sync 1 DAGs
[2026-08-26T13:42:21.081+0000] {logging_mixin.py:190} INFO - [2026-08-26T13:42:21.081+0000] {dag.py:4180} INFO - Setting next_dagrun for airbyte_to_dbt_pipeline_prod to 2026-08-26 12:00:00+00:00, run_after=2026-08-26 13:00:00+00:00
[2026-08-26T13:42:21.108+0000] {processor.py:208} INFO - Processing /opt/airflow/dags/prod/airbyte_to_dbt_prod.py took 0.144 seconds
[2026-08-26T13:42:51.290+0000] {processor.py:186} INFO - Started process (PID=5856) to work on /opt/airflow/dags/prod/airbyte_to_dbt_prod.py
[2026-08-26T13:42:51.291+0000] {processor.py:914} INFO - Processing file /opt/airflow/dags/prod/airbyte_to_dbt_prod.py for tasks to queue
[2026-08-26T13:42:51.294+0000] {logging_mixin.py:190} INFO - [2026-08-26T13:42:51.294+0000] {dagbag.py:588} INFO - Filling up the DagBag from /opt/airflow/dags/prod/airbyte_to_dbt_prod.py
[2026-08-26T13:42:51.316+0000] {processor.py:925} INFO - DAG(s) 'airbyte_to_dbt_pipeline_prod' retrieved from /opt/airflow/dags/prod/airbyte_to_dbt_prod.py
[2026-08-26T13:42:51.357+0000] {logging_mixin.py:190} INFO - [2026-08-26T13:42:51.357+0000] {dag.py:3239} INFO - Sync 1 DAGs
[2026-08-26T13:42:51.390+0000] {logging_mixin.py:190} INFO - [2026-08-26T13:42:51.389+0000] {dag.py:4180} INFO - Setting next_dagrun for airbyte_to_dbt_pipeline_prod to 2026-08-26 12:00:00+00:00, run_after=2026-08-26 13:00:00+00:00
[2026-08-26T13:42:51.411+0000] {processor.py:208} INFO - Processing /opt/airflow/dags/prod/airbyte_to_dbt_prod.py took 0.129 seconds
[2026-08-26T13:43:21.578+0000] {processor.py:186} INFO - Started process (PID=5866) to work on /opt/airflow/dags/prod/airbyte_to_dbt_prod.py
[2026-08-26T13:43:21.579+0000] {processor.py:914} INFO - Processing file /opt/airflow/dags/prod/airbyte_to_dbt_prod.py for tasks to queue
[2026-08-26T13:43:21.584+0000] {logging_mixin.py:190} INFO - [2026-08-26T13:43:21.583+0000] {dagbag.py:588} INFO - Filling up the DagBag from /opt/airflow/dags/prod/airbyte_to_dbt_prod.py
[2026-08-26T13:43:21.613+0000] {processor.py:925} INFO - DAG(s) 'airbyte_to_dbt_pipeline_prod' retrieved from /opt/airflow/dags/prod/airbyte_to_dbt_prod.py
[2026-08-26T13:43:21.662+0000] {logging_mixin.py:190} INFO - [2026-08-26T13:43:21.662+0000] {dag.py:3239} INFO - Sync 1 DAGs
[2026-08-26T13:43:21.696+0000] {logging_mixin.py:190} INFO - [2026-08-26T13:43:21.696+0000] {dag.py:4180} INFO - Setting next_dagrun for airbyte_to_dbt_pipeline_prod to 2026-08-26 12:00:00+00:00, run_after=2026-08-26 13:00:00+00:00
[2026-08-26T13:43:21.720+0000] {processor.py:208} INFO - Processing /opt/airflow/dags/prod/airbyte_to_dbt_prod.py took 0.153 seconds
[2026-08-26T13:43:51.879+0000] {processor.py:186} INFO - Started process (PID=5876) to work on /opt/airflow/dags/prod/airbyte_to_dbt_prod.py
[2026-08-26T13:43:51.881+0000] {processor.py:914} INFO - Processing file /opt/airflow/dags/prod/airbyte_to_dbt_prod.py for tasks to queue
[2026-08-26T13:43:51.885+0000] {logging_mixin.py:190} INFO - [2026-08-26T13:43:51.885+0000] {dagbag.py:588} INFO - Filling up the DagBag from /opt/airflow/dags/prod/airbyte_to_dbt_prod.py
[2026-08-26T13:43:51.913+0000] {processor.py:925} INFO - DAG(s) 'airbyte_to_dbt_pipeline_prod' retrieved from /opt/airflow/dags/prod/airbyte_to_dbt_prod.py
[2026-08-26T13:43:51.963+0000] {logging_mixin.py:190} INFO - [2026-08-26T13:43:51.963+0000] {dag.py:3239} INFO - Sync 1 DAGs
[2026-08-26T13:43:51.995+0000] {logging_mixin.py:190} INFO - [2026-08-26T13:43:51.995+0000] {dag.py:4180} INFO - Setting next_dagrun for airbyte_to_dbt_pipeline_prod to 2026-08-26 12:00:00+00:00, run_after=2026-08-26 13:00:00+00:00
[2026-08-26T13:43:52.020+0000] {processor.py:208} INFO - Processing /opt/airflow/dags/prod/airbyte_to_dbt_prod.py took 0.150 seconds
[2026-08-26T13:44:22.193+0000] {processor.py:186} INFO - Started process (PID=5886) to work on /opt/airflow/dags/prod/airbyte_to_dbt_prod.py
[2026-08-26T13:44:22.194+0000] {processor.py:914} INFO - Processing file /opt/airflow/dags/prod/airbyte_to_dbt_prod.py for tasks to queue
[2026-08-26T13:44:22.199+0000] {logging_mixin.py:190} INFO - [2026-08-26T13:44:22.198+0000] {dagbag.py:588} INFO - Filling up the DagBag from /opt/airflow/dags/prod/airbyte_to_dbt_prod.py
[2026-08-26T13:44:22.228+0000] {processor.py:925} INFO - DAG(s) 'airbyte_to_dbt_pipeline_prod' retrieved from /opt/airflow/dags/prod/airbyte_to_dbt_prod.py
[2026-08-26T13:44:22.273+0000] {logging_mixin.py:190} INFO - [2026-08-26T13:44:22.273+0000] {dag.py:3239} INFO - Sync 1 DAGs
[2026-08-26T13:44:22.306+0000] {logging_mixin.py:190} INFO - [2026-08-26T13:44:22.306+0000] {dag.py:4180} INFO - Setting next_dagrun for airbyte_to_dbt_pipeline_prod to 2026-08-26 12:00:00+00:00, run_after=2026-08-26 13:00:00+00:00
[2026-08-26T13:44:22.332+0000] {processor.py:208} INFO - Processing /opt/airflow/dags/prod/airbyte_to_dbt_prod.py took 0.150 seconds
[2026-08-26T13:44:52.484+0000] {processor.py:186} INFO - Started process (PID=5896) to work on /opt/airflow/dags/prod/airbyte_to_dbt_prod.py
[2026-08-26T13:44:52.486+0000] {processor.py:914} INFO - Processing file /opt/airflow/dags/prod/airbyte_to_dbt_prod.py for tasks to queue
[2026-08-26T13:44:52.489+0000] {logging_mixin.py:190} INFO - [2026-08-26T13:44:52.488+0000] {dagbag.py:588} INFO - Filling up the DagBag from /opt/airflow/dags/prod/airbyte_to_dbt_prod.py
[2026-08-26T13:44:52.514+0000] {processor.py:925} INFO - DAG(s) 'airbyte_to_dbt_pipeline_prod' retrieved from /opt/airflow/dags/prod/airbyte_to_dbt_prod.py
[2026-08-26T13:44:52.557+0000] {logging_mixin.py:190} INFO - [2026-08-26T13:44:52.557+0000] {dag.py:3239} INFO - Sync 1 DAGs
[2026-08-26T13:44:52.591+0000] {logging_mixin.py:190} INFO - [2026-08-26T13:44:52.591+0000] {dag.py:4180} INFO - Setting next_dagrun for airbyte_to_dbt_pipeline_prod to 2026-08-26 12:00:00+00:00, run_after=2026-08-26 13:00:00+00:00
[2026-08-26T13:44:52.614+0000] {processor.py:208} INFO - Processing /opt/airflow/dags/prod/airbyte_to_dbt_prod.py took 0.139 seconds
[2026-08-26T13:45:22.779+0000] {processor.py:186} INFO - Started process (PID=5906) to work on /opt/airflow/dags/prod/airbyte_to_dbt_prod.py
[2026-08-26T13:45:22.780+0000] {processor.py:914} INFO - Processing file /opt/airflow/dags/prod/airbyte_to_dbt_prod.py for tasks to queue
[2026-08-26T13:45:22.784+0000] {logging_mixin.py:190} INFO - [2026-08-26T13:45:22.784+0000] {dagbag.py:588} INFO - Filling up the DagBag from /opt/airflow/dags/prod/airbyte_to_dbt_prod.py
[2026-08-26T13:45:22.810+0000] {processor.py:925} INFO - DAG(s) 'airbyte_to_dbt_pipeline_prod' retrieved from /opt/airflow/dags/prod/airbyte_to_dbt_prod.py
[2026-08-26T13:45:22.855+0000] {logging_mixin.py:190} INFO - [2026-08-26T13:45:22.855+0000] {dag.py:3239} INFO - Sync 1 DAGs
[2026-08-26T13:45:22.888+0000] {logging_mixin.py:190} INFO - [2026-08-26T13:45:22.887+0000] {dag.py:4180} INFO - Setting next_dagrun for airbyte_to_dbt_pipeline_prod to 2026-08-26 12:00:00+00:00, run_after=2026-08-26 13:00:00+00:00
[2026-08-26T13:45:22.915+0000] {processor.py:208} INFO - Processing /opt/airflow/dags/prod/airbyte_to_dbt_prod.py took 0.146 seconds
[2026-08-26T13:45:53.083+0000] {processor.py:186} INFO - Started process (PID=5916) to work on /opt/airflow/dags/prod/airbyte_to_dbt_prod.py
[2026-08-26T13:45:53.084+0000] {processor.py:914} INFO - Processing file /opt/airflow/dags/prod/airbyte_to_dbt_prod.py for tasks to queue
[2026-08-26T13:45:53.087+0000] {logging_mixin.py:190} INFO - [2026-08-26T13:45:53.087+0000] {dagbag.py:588} INFO - Filling up the DagBag from /opt/airflow/dags/prod/airbyte_to_dbt_prod.py
[2026-08-26T13:45:53.108+0000] {processor.py:925} INFO - DAG(s) 'airbyte_to_dbt_pipeline_prod' retrieved from /opt/airflow/dags/prod/airbyte_to_dbt_prod.py
[2026-08-26T13:45:53.154+0000] {logging_mixin.py:190} INFO - [2026-08-26T13:45:53.154+0000] {dag.py:3239} INFO - Sync 1 DAGs
[2026-08-26T13:45:53.187+0000] {logging_mixin.py:190} INFO - [2026-08-26T13:45:53.186+0000] {dag.py:4180} INFO - Setting next_dagrun for airbyte_to_dbt_pipeline_prod to 2026-08-26 12:00:00+00:00, run_after=2026-08-26 13:00:00+00:00
[2026-08-26T13:45:53.211+0000] {processor.py:208} INFO - Processing /opt/airflow/dags/prod/airbyte_to_dbt_prod.py took 0.138 seconds
[2026-08-26T13:46:23.409+0000] {processor.py:186} INFO - Started process (PID=5926) to work on /opt/airflow/dags/prod/airbyte_to_dbt_prod.py
[2026-08-26T13:46:23.410+0000] {processor.py:914} INFO - Processing file /opt/airflow/dags/prod/airbyte_to_dbt_prod.py for tasks to queue
[2026-08-26T13:46:23.414+0000] {logging_mixin.py:190} INFO - [2026-08-26T13:46:23.413+0000] {dagbag.py:588} INFO - Filling up the DagBag from /opt/airflow/dags/prod/airbyte_to_dbt_prod.py
[2026-08-26T13:46:23.449+0000] {processor.py:925} INFO - DAG(s) 'airbyte_to_dbt_pipeline_prod' retrieved from /opt/airflow/dags/prod/airbyte_to_dbt_prod.py
[2026-08-26T13:46:23.505+0000] {logging_mixin.py:190} INFO - [2026-08-26T13:46:23.504+0000] {dag.py:3239} INFO - Sync 1 DAGs
[2026-08-26T13:46:23.540+0000] {logging_mixin.py:190} INFO - [2026-08-26T13:46:23.540+0000] {dag.py:4180} INFO - Setting next_dagrun for airbyte_to_dbt_pipeline_prod to 2026-08-26 12:00:00+00:00, run_after=2026-08-26 13:00:00+00:00
[2026-08-26T13:46:23.567+0000] {processor.py:208} INFO - Processing /opt/airflow/dags/prod/airbyte_to_dbt_prod.py took 0.170 seconds
[2026-08-26T13:46:53.740+0000] {processor.py:186} INFO - Started process (PID=5936) to work on /opt/airflow/dags/prod/airbyte_to_dbt_prod.py
[2026-08-26T13:46:53.741+0000] {processor.py:914} INFO - Processing file /opt/airflow/dags/prod/airbyte_to_dbt_prod.py for tasks to queue
[2026-08-26T13:46:53.747+0000] {logging_mixin.py:190} INFO - [2026-08-26T13:46:53.746+0000] {dagbag.py:588} INFO - Filling up the DagBag from /opt/airflow/dags/prod/airbyte_to_dbt_prod.py
[2026-08-26T13:46:53.771+0000] {processor.py:925} INFO - DAG(s) 'airbyte_to_dbt_pipeline_prod' retrieved from /opt/airflow/dags/prod/airbyte_to_dbt_prod.py
[2026-08-26T13:46:53.819+0000] {logging_mixin.py:190} INFO - [2026-08-26T13:46:53.818+0000] {dag.py:3239} INFO - Sync 1 DAGs
[2026-08-26T13:46:53.860+0000] {logging_mixin.py:190} INFO - [2026-08-26T13:46:53.860+0000] {dag.py:4180} INFO - Setting next_dagrun for airbyte_to_dbt_pipeline_prod to 2026-08-26 12:00:00+00:00, run_after=2026-08-26 13:00:00+00:00
[2026-08-26T13:46:53.883+0000] {processor.py:208} INFO - Processing /opt/airflow/dags/prod/airbyte_to_dbt_prod.py took 0.155 seconds
[2026-08-26T13:47:24.057+0000] {processor.py:186} INFO - Started process (PID=5946) to work on /opt/airflow/dags/prod/airbyte_to_dbt_prod.py
[2026-08-26T13:47:24.058+0000] {processor.py:914} INFO - Processing file /opt/airflow/dags/prod/airbyte_to_dbt_prod.py for tasks to queue
[2026-08-26T13:47:24.063+0000] {logging_mixin.py:190} INFO - [2026-08-26T13:47:24.062+0000] {dagbag.py:588} INFO - Filling up the DagBag from /opt/airflow/dags/prod/airbyte_to_dbt_prod.py
[2026-08-26T13:47:24.094+0000] {processor.py:925} INFO - DAG(s) 'airbyte_to_dbt_pipeline_prod' retrieved from /opt/airflow/dags/prod/airbyte_to_dbt_prod.py
[2026-08-26T13:47:24.146+0000] {logging_mixin.py:190} INFO - [2026-08-26T13:47:24.146+0000] {dag.py:3239} INFO - Sync 1 DAGs
[2026-08-26T13:47:24.177+0000] {logging_mixin.py:190} INFO - [2026-08-26T13:47:24.177+0000] {dag.py:4180} INFO - Setting next_dagrun for airbyte_to_dbt_pipeline_prod to 2026-08-26 12:00:00+00:00, run_after=2026-08-26 13:00:00+00:00
[2026-08-26T13:47:24.203+0000] {processor.py:208} INFO - Processing /opt/airflow/dags/prod/airbyte_to_dbt_prod.py took 0.156 seconds
[2026-08-26T13:47:54.380+0000] {processor.py:186} INFO - Started process (PID=5956) to work on /opt/airflow/dags/prod/airbyte_to_dbt_prod.py
[2026-08-26T13:47:54.382+0000] {processor.py:914} INFO - Processing file /opt/airflow/dags/prod/airbyte_to_dbt_prod.py for tasks to queue
[2026-08-26T13:47:54.386+0000] {logging_mixin.py:190} INFO - [2026-08-26T13:47:54.385+0000] {dagbag.py:588} INFO - Filling up the DagBag from /opt/airflow/dags/prod/airbyte_to_dbt_prod.py
[2026-08-26T13:47:54.415+0000] {processor.py:925} INFO - DAG(s) 'airbyte_to_dbt_pipeline_prod' retrieved from /opt/airflow/dags/prod/airbyte_to_dbt_prod.py
[2026-08-26T13:47:54.458+0000] {logging_mixin.py:190} INFO - [2026-08-26T13:47:54.457+0000] {dag.py:3239} INFO - Sync 1 DAGs
[2026-08-26T13:47:54.487+0000] {logging_mixin.py:190} INFO - [2026-08-26T13:47:54.487+0000] {dag.py:4180} INFO - Setting next_dagrun for airbyte_to_dbt_pipeline_prod to 2026-08-26 12:00:00+00:00, run_after=2026-08-26 13:00:00+00:00
[2026-08-26T13:47:54.508+0000] {processor.py:208} INFO - Processing /opt/airflow/dags/prod/airbyte_to_dbt_prod.py took 0.138 seconds
[2026-08-26T13:48:24.818+0000] {processor.py:186} INFO - Started process (PID=5964) to work on /opt/airflow/dags/prod/airbyte_to_dbt_prod.py
[2026-08-26T13:48:24.823+0000] {processor.py:914} INFO - Processing file /opt/airflow/dags/prod/airbyte_to_dbt_prod.py for tasks to queue
[2026-08-26T13:48:24.891+0000] {logging_mixin.py:190} INFO - [2026-08-26T13:48:24.884+0000] {dagbag.py:588} INFO - Filling up the DagBag from /opt/airflow/dags/prod/airbyte_to_dbt_prod.py
[2026-08-26T13:48:25.535+0000] {processor.py:925} INFO - DAG(s) 'airbyte_to_dbt_pipeline_prod' retrieved from /opt/airflow/dags/prod/airbyte_to_dbt_prod.py
[2026-08-26T13:48:25.668+0000] {logging_mixin.py:190} INFO - [2026-08-26T13:48:25.668+0000] {dag.py:3239} INFO - Sync 1 DAGs
[2026-08-26T13:48:25.767+0000] {logging_mixin.py:190} INFO - [2026-08-26T13:48:25.763+0000] {dag.py:4180} INFO - Setting next_dagrun for airbyte_to_dbt_pipeline_prod to 2026-08-26 12:00:00+00:00, run_after=2026-08-26 13:00:00+00:00
[2026-08-26T13:48:25.811+0000] {processor.py:208} INFO - Processing /opt/airflow/dags/prod/airbyte_to_dbt_prod.py took 1.044 seconds
[2026-08-26T13:48:56.023+0000] {processor.py:186} INFO - Started process (PID=5976) to work on /opt/airflow/dags/prod/airbyte_to_dbt_prod.py
[2026-08-26T13:48:56.025+0000] {processor.py:914} INFO - Processing file /opt/airflow/dags/prod/airbyte_to_dbt_prod.py for tasks to queue
[2026-08-26T13:48:56.032+0000] {logging_mixin.py:190} INFO - [2026-08-26T13:48:56.031+0000] {dagbag.py:588} INFO - Filling up the DagBag from /opt/airflow/dags/prod/airbyte_to_dbt_prod.py
[2026-08-26T13:48:56.074+0000] {processor.py:925} INFO - DAG(s) 'airbyte_to_dbt_pipeline_prod' retrieved from /opt/airflow/dags/prod/airbyte_to_dbt_prod.py
[2026-08-26T13:48:56.159+0000] {logging_mixin.py:190} INFO - [2026-08-26T13:48:56.159+0000] {dag.py:3239} INFO - Sync 1 DAGs
[2026-08-26T13:48:56.223+0000] {logging_mixin.py:190} INFO - [2026-08-26T13:48:56.221+0000] {dag.py:4180} INFO - Setting next_dagrun for airbyte_to_dbt_pipeline_prod to 2026-08-26 12:00:00+00:00, run_after=2026-08-26 13:00:00+00:00
[2026-08-26T13:48:56.269+0000] {processor.py:208} INFO - Processing /opt/airflow/dags/prod/airbyte_to_dbt_prod.py took 0.263 seconds
[2026-08-26T13:49:26.439+0000] {processor.py:186} INFO - Started process (PID=5986) to work on /opt/airflow/dags/prod/airbyte_to_dbt_prod.py
[2026-08-26T13:49:26.439+0000] {processor.py:914} INFO - Processing file /opt/airflow/dags/prod/airbyte_to_dbt_prod.py for tasks to queue
[2026-08-26T13:49:26.443+0000] {logging_mixin.py:190} INFO - [2026-08-26T13:49:26.442+0000] {dagbag.py:588} INFO - Filling up the DagBag from /opt/airflow/dags/prod/airbyte_to_dbt_prod.py
[2026-08-26T13:49:26.464+0000] {processor.py:925} INFO - DAG(s) 'airbyte_to_dbt_pipeline_prod' retrieved from /opt/airflow/dags/prod/airbyte_to_dbt_prod.py
[2026-08-26T13:49:26.507+0000] {logging_mixin.py:190} INFO - [2026-08-26T13:49:26.506+0000] {dag.py:3239} INFO - Sync 1 DAGs
[2026-08-26T13:49:26.541+0000] {logging_mixin.py:190} INFO - [2026-08-26T13:49:26.541+0000] {dag.py:4180} INFO - Setting next_dagrun for airbyte_to_dbt_pipeline_prod to 2026-08-26 12:00:00+00:00, run_after=2026-08-26 13:00:00+00:00
[2026-08-26T13:49:26.567+0000] {processor.py:208} INFO - Processing /opt/airflow/dags/prod/airbyte_to_dbt_prod.py took 0.137 seconds
[2026-08-26T13:49:56.737+0000] {processor.py:186} INFO - Started process (PID=5996) to work on /opt/airflow/dags/prod/airbyte_to_dbt_prod.py
[2026-08-26T13:49:56.739+0000] {processor.py:914} INFO - Processing file /opt/airflow/dags/prod/airbyte_to_dbt_prod.py for tasks to queue
[2026-08-26T13:49:56.743+0000] {logging_mixin.py:190} INFO - [2026-08-26T13:49:56.743+0000] {dagbag.py:588} INFO - Filling up the DagBag from /opt/airflow/dags/prod/airbyte_to_dbt_prod.py
[2026-08-26T13:49:56.767+0000] {processor.py:925} INFO - DAG(s) 'airbyte_to_dbt_pipeline_prod' retrieved from /opt/airflow/dags/prod/airbyte_to_dbt_prod.py
[2026-08-26T13:49:56.814+0000] {logging_mixin.py:190} INFO - [2026-08-26T13:49:56.814+0000] {dag.py:3239} INFO - Sync 1 DAGs
[2026-08-26T13:49:56.853+0000] {logging_mixin.py:190} INFO - [2026-08-26T13:49:56.853+0000] {dag.py:4180} INFO - Setting next_dagrun for airbyte_to_dbt_pipeline_prod to 2026-08-26 12:00:00+00:00, run_after=2026-08-26 13:00:00+00:00
[2026-08-26T13:49:56.883+0000] {processor.py:208} INFO - Processing /opt/airflow/dags/prod/airbyte_to_dbt_prod.py took 0.155 seconds
[2026-08-26T13:50:27.080+0000] {processor.py:186} INFO - Started process (PID=6006) to work on /opt/airflow/dags/prod/airbyte_to_dbt_prod.py
[2026-08-26T13:50:27.081+0000] {processor.py:914} INFO - Processing file /opt/airflow/dags/prod/airbyte_to_dbt_prod.py for tasks to queue
[2026-08-26T13:50:27.084+0000] {logging_mixin.py:190} INFO - [2026-08-26T13:50:27.084+0000] {dagbag.py:588} INFO - Filling up the DagBag from /opt/airflow/dags/prod/airbyte_to_dbt_prod.py
[2026-08-26T13:50:27.108+0000] {processor.py:925} INFO - DAG(s) 'airbyte_to_dbt_pipeline_prod' retrieved from /opt/airflow/dags/prod/airbyte_to_dbt_prod.py
[2026-08-26T13:50:27.147+0000] {logging_mixin.py:190} INFO - [2026-08-26T13:50:27.147+0000] {dag.py:3239} INFO - Sync 1 DAGs
[2026-08-26T13:50:27.180+0000] {logging_mixin.py:190} INFO - [2026-08-26T13:50:27.180+0000] {dag.py:4180} INFO - Setting next_dagrun for airbyte_to_dbt_pipeline_prod to 2026-08-26 12:00:00+00:00, run_after=2026-08-26 13:00:00+00:00
[2026-08-26T13:50:27.211+0000] {processor.py:208} INFO - Processing /opt/airflow/dags/prod/airbyte_to_dbt_prod.py took 0.141 seconds
[2026-08-26T13:50:57.384+0000] {processor.py:186} INFO - Started process (PID=6016) to work on /opt/airflow/dags/prod/airbyte_to_dbt_prod.py
[2026-08-26T13:50:57.386+0000] {processor.py:914} INFO - Processing file /opt/airflow/dags/prod/airbyte_to_dbt_prod.py for tasks to queue
[2026-08-26T13:50:57.389+0000] {logging_mixin.py:190} INFO - [2026-08-26T13:50:57.388+0000] {dagbag.py:588} INFO - Filling up the DagBag from /opt/airflow/dags/prod/airbyte_to_dbt_prod.py
[2026-08-26T13:50:57.413+0000] {processor.py:925} INFO - DAG(s) 'airbyte_to_dbt_pipeline_prod' retrieved from /opt/airflow/dags/prod/airbyte_to_dbt_prod.py
[2026-08-26T13:50:57.463+0000] {logging_mixin.py:190} INFO - [2026-08-26T13:50:57.463+0000] {dag.py:3239} INFO - Sync 1 DAGs
[2026-08-26T13:50:57.492+0000] {logging_mixin.py:190} INFO - [2026-08-26T13:50:57.492+0000] {dag.py:4180} INFO - Setting next_dagrun for airbyte_to_dbt_pipeline_prod to 2026-08-26 12:00:00+00:00, run_after=2026-08-26 13:00:00+00:00
[2026-08-26T13:50:57.517+0000] {processor.py:208} INFO - Processing /opt/airflow/dags/prod/airbyte_to_dbt_prod.py took 0.143 seconds
[2026-08-26T13:51:27.684+0000] {processor.py:186} INFO - Started process (PID=6026) to work on /opt/airflow/dags/prod/airbyte_to_dbt_prod.py
[2026-08-26T13:51:27.685+0000] {processor.py:914} INFO - Processing file /opt/airflow/dags/prod/airbyte_to_dbt_prod.py for tasks to queue
[2026-08-26T13:51:27.689+0000] {logging_mixin.py:190} INFO - [2026-08-26T13:51:27.689+0000] {dagbag.py:588} INFO - Filling up the DagBag from /opt/airflow/dags/prod/airbyte_to_dbt_prod.py
[2026-08-26T13:51:27.722+0000] {processor.py:925} INFO - DAG(s) 'airbyte_to_dbt_pipeline_prod' retrieved from /opt/airflow/dags/prod/airbyte_to_dbt_prod.py
[2026-08-26T13:51:27.785+0000] {logging_mixin.py:190} INFO - [2026-08-26T13:51:27.783+0000] {dag.py:3239} INFO - Sync 1 DAGs
[2026-08-26T13:51:27.836+0000] {logging_mixin.py:190} INFO - [2026-08-26T13:51:27.835+0000] {dag.py:4180} INFO - Setting next_dagrun for airbyte_to_dbt_pipeline_prod to 2026-08-26 12:00:00+00:00, run_after=2026-08-26 13:00:00+00:00
[2026-08-26T13:51:27.865+0000] {processor.py:208} INFO - Processing /opt/airflow/dags/prod/airbyte_to_dbt_prod.py took 0.193 seconds
[2026-08-26T13:51:58.039+0000] {processor.py:186} INFO - Started process (PID=6036) to work on /opt/airflow/dags/prod/airbyte_to_dbt_prod.py
[2026-08-26T13:51:58.041+0000] {processor.py:914} INFO - Processing file /opt/airflow/dags/prod/airbyte_to_dbt_prod.py for tasks to queue
[2026-08-26T13:51:58.044+0000] {logging_mixin.py:190} INFO - [2026-08-26T13:51:58.044+0000] {dagbag.py:588} INFO - Filling up the DagBag from /opt/airflow/dags/prod/airbyte_to_dbt_prod.py
[2026-08-26T13:51:58.068+0000] {processor.py:925} INFO - DAG(s) 'airbyte_to_dbt_pipeline_prod' retrieved from /opt/airflow/dags/prod/airbyte_to_dbt_prod.py
[2026-08-26T13:51:58.131+0000] {logging_mixin.py:190} INFO - [2026-08-26T13:51:58.130+0000] {dag.py:3239} INFO - Sync 1 DAGs
[2026-08-26T13:51:58.202+0000] {logging_mixin.py:190} INFO - [2026-08-26T13:51:58.202+0000] {dag.py:4180} INFO - Setting next_dagrun for airbyte_to_dbt_pipeline_prod to 2026-08-26 12:00:00+00:00, run_after=2026-08-26 13:00:00+00:00
[2026-08-26T13:51:58.238+0000] {processor.py:208} INFO - Processing /opt/airflow/dags/prod/airbyte_to_dbt_prod.py took 0.208 seconds
[2026-08-26T13:52:28.412+0000] {processor.py:186} INFO - Started process (PID=6046) to work on /opt/airflow/dags/prod/airbyte_to_dbt_prod.py
[2026-08-26T13:52:28.413+0000] {processor.py:914} INFO - Processing file /opt/airflow/dags/prod/airbyte_to_dbt_prod.py for tasks to queue
[2026-08-26T13:52:28.417+0000] {logging_mixin.py:190} INFO - [2026-08-26T13:52:28.416+0000] {dagbag.py:588} INFO - Filling up the DagBag from /opt/airflow/dags/prod/airbyte_to_dbt_prod.py
[2026-08-26T13:52:28.445+0000] {processor.py:925} INFO - DAG(s) 'airbyte_to_dbt_pipeline_prod' retrieved from /opt/airflow/dags/prod/airbyte_to_dbt_prod.py
[2026-08-26T13:52:28.497+0000] {logging_mixin.py:190} INFO - [2026-08-26T13:52:28.497+0000] {dag.py:3239} INFO - Sync 1 DAGs
[2026-08-26T13:52:28.531+0000] {logging_mixin.py:190} INFO - [2026-08-26T13:52:28.531+0000] {dag.py:4180} INFO - Setting next_dagrun for airbyte_to_dbt_pipeline_prod to 2026-08-26 12:00:00+00:00, run_after=2026-08-26 13:00:00+00:00
[2026-08-26T13:52:28.553+0000] {processor.py:208} INFO - Processing /opt/airflow/dags/prod/airbyte_to_dbt_prod.py took 0.153 seconds
[2026-08-26T13:52:58.729+0000] {processor.py:186} INFO - Started process (PID=6056) to work on /opt/airflow/dags/prod/airbyte_to_dbt_prod.py
[2026-08-26T13:52:58.731+0000] {processor.py:914} INFO - Processing file /opt/airflow/dags/prod/airbyte_to_dbt_prod.py for tasks to queue
[2026-08-26T13:52:58.734+0000] {logging_mixin.py:190} INFO - [2026-08-26T13:52:58.734+0000] {dagbag.py:588} INFO - Filling up the DagBag from /opt/airflow/dags/prod/airbyte_to_dbt_prod.py
[2026-08-26T13:52:58.760+0000] {processor.py:925} INFO - DAG(s) 'airbyte_to_dbt_pipeline_prod' retrieved from /opt/airflow/dags/prod/airbyte_to_dbt_prod.py
[2026-08-26T13:52:58.810+0000] {logging_mixin.py:190} INFO - [2026-08-26T13:52:58.809+0000] {dag.py:3239} INFO - Sync 1 DAGs
[2026-08-26T13:52:58.842+0000] {logging_mixin.py:190} INFO - [2026-08-26T13:52:58.842+0000] {dag.py:4180} INFO - Setting next_dagrun for airbyte_to_dbt_pipeline_prod to 2026-08-26 12:00:00+00:00, run_after=2026-08-26 13:00:00+00:00
[2026-08-26T13:52:58.871+0000] {processor.py:208} INFO - Processing /opt/airflow/dags/prod/airbyte_to_dbt_prod.py took 0.151 seconds
[2026-08-26T13:53:29.039+0000] {processor.py:186} INFO - Started process (PID=6066) to work on /opt/airflow/dags/prod/airbyte_to_dbt_prod.py
[2026-08-26T13:53:29.040+0000] {processor.py:914} INFO - Processing file /opt/airflow/dags/prod/airbyte_to_dbt_prod.py for tasks to queue
[2026-08-26T13:53:29.044+0000] {logging_mixin.py:190} INFO - [2026-08-26T13:53:29.043+0000] {dagbag.py:588} INFO - Filling up the DagBag from /opt/airflow/dags/prod/airbyte_to_dbt_prod.py
[2026-08-26T13:53:29.078+0000] {processor.py:925} INFO - DAG(s) 'airbyte_to_dbt_pipeline_prod' retrieved from /opt/airflow/dags/prod/airbyte_to_dbt_prod.py
[2026-08-26T13:53:29.133+0000] {logging_mixin.py:190} INFO - [2026-08-26T13:53:29.133+0000] {dag.py:3239} INFO - Sync 1 DAGs
[2026-08-26T13:53:29.169+0000] {logging_mixin.py:190} INFO - [2026-08-26T13:53:29.169+0000] {dag.py:4180} INFO - Setting next_dagrun for airbyte_to_dbt_pipeline_prod to 2026-08-26 12:00:00+00:00, run_after=2026-08-26 13:00:00+00:00
[2026-08-26T13:53:29.191+0000] {processor.py:208} INFO - Processing /opt/airflow/dags/prod/airbyte_to_dbt_prod.py took 0.164 seconds
[2026-08-26T13:53:59.377+0000] {processor.py:186} INFO - Started process (PID=6076) to work on /opt/airflow/dags/prod/airbyte_to_dbt_prod.py
[2026-08-26T13:53:59.378+0000] {processor.py:914} INFO - Processing file /opt/airflow/dags/prod/airbyte_to_dbt_prod.py for tasks to queue
[2026-08-26T13:53:59.381+0000] {logging_mixin.py:190} INFO - [2026-08-26T13:53:59.381+0000] {dagbag.py:588} INFO - Filling up the DagBag from /opt/airflow/dags/prod/airbyte_to_dbt_prod.py
[2026-08-26T13:53:59.409+0000] {processor.py:925} INFO - DAG(s) 'airbyte_to_dbt_pipeline_prod' retrieved from /opt/airflow/dags/prod/airbyte_to_dbt_prod.py
[2026-08-26T13:53:59.467+0000] {logging_mixin.py:190} INFO - [2026-08-26T13:53:59.466+0000] {dag.py:3239} INFO - Sync 1 DAGs
[2026-08-26T13:53:59.509+0000] {logging_mixin.py:190} INFO - [2026-08-26T13:53:59.509+0000] {dag.py:4180} INFO - Setting next_dagrun for airbyte_to_dbt_pipeline_prod to 2026-08-26 12:00:00+00:00, run_after=2026-08-26 13:00:00+00:00
[2026-08-26T13:53:59.538+0000] {processor.py:208} INFO - Processing /opt/airflow/dags/prod/airbyte_to_dbt_prod.py took 0.172 seconds
[2026-08-26T13:54:29.706+0000] {processor.py:186} INFO - Started process (PID=6086) to work on /opt/airflow/dags/prod/airbyte_to_dbt_prod.py
[2026-08-26T13:54:29.707+0000] {processor.py:914} INFO - Processing file /opt/airflow/dags/prod/airbyte_to_dbt_prod.py for tasks to queue
[2026-08-26T13:54:29.710+0000] {logging_mixin.py:190} INFO - [2026-08-26T13:54:29.709+0000] {dagbag.py:588} INFO - Filling up the DagBag from /opt/airflow/dags/prod/airbyte_to_dbt_prod.py
[2026-08-26T13:54:29.736+0000] {processor.py:925} INFO - DAG(s) 'airbyte_to_dbt_pipeline_prod' retrieved from /opt/airflow/dags/prod/airbyte_to_dbt_prod.py
[2026-08-26T13:54:29.789+0000] {logging_mixin.py:190} INFO - [2026-08-26T13:54:29.788+0000] {dag.py:3239} INFO - Sync 1 DAGs
[2026-08-26T13:54:29.832+0000] {logging_mixin.py:190} INFO - [2026-08-26T13:54:29.832+0000] {dag.py:4180} INFO - Setting next_dagrun for airbyte_to_dbt_pipeline_prod to 2026-08-26 12:00:00+00:00, run_after=2026-08-26 13:00:00+00:00
[2026-08-26T13:54:29.859+0000] {processor.py:208} INFO - Processing /opt/airflow/dags/prod/airbyte_to_dbt_prod.py took 0.161 seconds
[2026-08-26T13:55:00.039+0000] {processor.py:186} INFO - Started process (PID=6096) to work on /opt/airflow/dags/prod/airbyte_to_dbt_prod.py
[2026-08-26T13:55:00.040+0000] {processor.py:914} INFO - Processing file /opt/airflow/dags/prod/airbyte_to_dbt_prod.py for tasks to queue
[2026-08-26T13:55:00.043+0000] {logging_mixin.py:190} INFO - [2026-08-26T13:55:00.042+0000] {dagbag.py:588} INFO - Filling up the DagBag from /opt/airflow/dags/prod/airbyte_to_dbt_prod.py
[2026-08-26T13:55:00.066+0000] {processor.py:925} INFO - DAG(s) 'airbyte_to_dbt_pipeline_prod' retrieved from /opt/airflow/dags/prod/airbyte_to_dbt_prod.py
[2026-08-26T13:55:00.110+0000] {logging_mixin.py:190} INFO - [2026-08-26T13:55:00.110+0000] {dag.py:3239} INFO - Sync 1 DAGs
[2026-08-26T13:55:00.156+0000] {logging_mixin.py:190} INFO - [2026-08-26T13:55:00.156+0000] {dag.py:4180} INFO - Setting next_dagrun for airbyte_to_dbt_pipeline_prod to 2026-08-26 12:00:00+00:00, run_after=2026-08-26 13:00:00+00:00
[2026-08-26T13:55:00.179+0000] {processor.py:208} INFO - Processing /opt/airflow/dags/prod/airbyte_to_dbt_prod.py took 0.150 seconds
[2026-08-26T13:55:30.353+0000] {processor.py:186} INFO - Started process (PID=6106) to work on /opt/airflow/dags/prod/airbyte_to_dbt_prod.py
[2026-08-26T13:55:30.354+0000] {processor.py:914} INFO - Processing file /opt/airflow/dags/prod/airbyte_to_dbt_prod.py for tasks to queue
[2026-08-26T13:55:30.359+0000] {logging_mixin.py:190} INFO - [2026-08-26T13:55:30.358+0000] {dagbag.py:588} INFO - Filling up the DagBag from /opt/airflow/dags/prod/airbyte_to_dbt_prod.py
[2026-08-26T13:55:30.393+0000] {processor.py:925} INFO - DAG(s) 'airbyte_to_dbt_pipeline_prod' retrieved from /opt/airflow/dags/prod/airbyte_to_dbt_prod.py
[2026-08-26T13:55:30.442+0000] {logging_mixin.py:190} INFO - [2026-08-26T13:55:30.442+0000] {dag.py:3239} INFO - Sync 1 DAGs
[2026-08-26T13:55:30.483+0000] {logging_mixin.py:190} INFO - [2026-08-26T13:55:30.483+0000] {dag.py:4180} INFO - Setting next_dagrun for airbyte_to_dbt_pipeline_prod to 2026-08-26 12:00:00+00:00, run_after=2026-08-26 13:00:00+00:00
[2026-08-26T13:55:30.508+0000] {processor.py:208} INFO - Processing /opt/airflow/dags/prod/airbyte_to_dbt_prod.py took 0.167 seconds
[2026-08-26T13:56:00.709+0000] {processor.py:186} INFO - Started process (PID=6114) to work on /opt/airflow/dags/prod/airbyte_to_dbt_prod.py
[2026-08-26T13:56:00.710+0000] {processor.py:914} INFO - Processing file /opt/airflow/dags/prod/airbyte_to_dbt_prod.py for tasks to queue
[2026-08-26T13:56:00.715+0000] {logging_mixin.py:190} INFO - [2026-08-26T13:56:00.714+0000] {dagbag.py:588} INFO - Filling up the DagBag from /opt/airflow/dags/prod/airbyte_to_dbt_prod.py
[2026-08-26T13:56:00.754+0000] {processor.py:925} INFO - DAG(s) 'airbyte_to_dbt_pipeline_prod' retrieved from /opt/airflow/dags/prod/airbyte_to_dbt_prod.py
[2026-08-26T13:56:00.813+0000] {logging_mixin.py:190} INFO - [2026-08-26T13:56:00.812+0000] {dag.py:3239} INFO - Sync 1 DAGs
[2026-08-26T13:56:00.845+0000] {logging_mixin.py:190} INFO - [2026-08-26T13:56:00.844+0000] {dag.py:4180} INFO - Setting next_dagrun for airbyte_to_dbt_pipeline_prod to 2026-08-26 12:00:00+00:00, run_after=2026-08-26 13:00:00+00:00
[2026-08-26T13:56:00.867+0000] {processor.py:208} INFO - Processing /opt/airflow/dags/prod/airbyte_to_dbt_prod.py took 0.186 seconds
[2026-08-26T13:56:31.035+0000] {processor.py:186} INFO - Started process (PID=6126) to work on /opt/airflow/dags/prod/airbyte_to_dbt_prod.py
[2026-08-26T13:56:31.036+0000] {processor.py:914} INFO - Processing file /opt/airflow/dags/prod/airbyte_to_dbt_prod.py for tasks to queue
[2026-08-26T13:56:31.039+0000] {logging_mixin.py:190} INFO - [2026-08-26T13:56:31.039+0000] {dagbag.py:588} INFO - Filling up the DagBag from /opt/airflow/dags/prod/airbyte_to_dbt_prod.py
[2026-08-26T13:56:31.064+0000] {processor.py:925} INFO - DAG(s) 'airbyte_to_dbt_pipeline_prod' retrieved from /opt/airflow/dags/prod/airbyte_to_dbt_prod.py
[2026-08-26T13:56:31.105+0000] {logging_mixin.py:190} INFO - [2026-08-26T13:56:31.104+0000] {dag.py:3239} INFO - Sync 1 DAGs
[2026-08-26T13:56:31.150+0000] {logging_mixin.py:190} INFO - [2026-08-26T13:56:31.150+0000] {dag.py:4180} INFO - Setting next_dagrun for airbyte_to_dbt_pipeline_prod to 2026-08-26 12:00:00+00:00, run_after=2026-08-26 13:00:00+00:00
[2026-08-26T13:56:31.173+0000] {processor.py:208} INFO - Processing /opt/airflow/dags/prod/airbyte_to_dbt_prod.py took 0.147 seconds
[2026-08-26T13:57:01.335+0000] {processor.py:186} INFO - Started process (PID=6136) to work on /opt/airflow/dags/prod/airbyte_to_dbt_prod.py
[2026-08-26T13:57:01.336+0000] {processor.py:914} INFO - Processing file /opt/airflow/dags/prod/airbyte_to_dbt_prod.py for tasks to queue
[2026-08-26T13:57:01.339+0000] {logging_mixin.py:190} INFO - [2026-08-26T13:57:01.339+0000] {dagbag.py:588} INFO - Filling up the DagBag from /opt/airflow/dags/prod/airbyte_to_dbt_prod.py
[2026-08-26T13:57:01.361+0000] {processor.py:925} INFO - DAG(s) 'airbyte_to_dbt_pipeline_prod' retrieved from /opt/airflow/dags/prod/airbyte_to_dbt_prod.py
[2026-08-26T13:57:01.411+0000] {logging_mixin.py:190} INFO - [2026-08-26T13:57:01.411+0000] {dag.py:3239} INFO - Sync 1 DAGs
[2026-08-26T13:57:01.447+0000] {logging_mixin.py:190} INFO - [2026-08-26T13:57:01.446+0000] {dag.py:4180} INFO - Setting next_dagrun for airbyte_to_dbt_pipeline_prod to 2026-08-26 12:00:00+00:00, run_after=2026-08-26 13:00:00+00:00
[2026-08-26T13:57:01.469+0000] {processor.py:208} INFO - Processing /opt/airflow/dags/prod/airbyte_to_dbt_prod.py took 0.143 seconds
[2026-08-26T13:57:31.643+0000] {processor.py:186} INFO - Started process (PID=6146) to work on /opt/airflow/dags/prod/airbyte_to_dbt_prod.py
[2026-08-26T13:57:31.645+0000] {processor.py:914} INFO - Processing file /opt/airflow/dags/prod/airbyte_to_dbt_prod.py for tasks to queue
[2026-08-26T13:57:31.648+0000] {logging_mixin.py:190} INFO - [2026-08-26T13:57:31.648+0000] {dagbag.py:588} INFO - Filling up the DagBag from /opt/airflow/dags/prod/airbyte_to_dbt_prod.py
[2026-08-26T13:57:31.674+0000] {processor.py:925} INFO - DAG(s) 'airbyte_to_dbt_pipeline_prod' retrieved from /opt/airflow/dags/prod/airbyte_to_dbt_prod.py
[2026-08-26T13:57:31.751+0000] {logging_mixin.py:190} INFO - [2026-08-26T13:57:31.751+0000] {dag.py:3239} INFO - Sync 1 DAGs
[2026-08-26T13:57:31.820+0000] {logging_mixin.py:190} INFO - [2026-08-26T13:57:31.820+0000] {dag.py:4180} INFO - Setting next_dagrun for airbyte_to_dbt_pipeline_prod to 2026-08-26 12:00:00+00:00, run_after=2026-08-26 13:00:00+00:00
[2026-08-26T13:57:31.850+0000] {processor.py:208} INFO - Processing /opt/airflow/dags/prod/airbyte_to_dbt_prod.py took 0.216 seconds
[2026-08-26T13:58:02.091+0000] {processor.py:186} INFO - Started process (PID=6155) to work on /opt/airflow/dags/prod/airbyte_to_dbt_prod.py
[2026-08-26T13:58:02.093+0000] {processor.py:914} INFO - Processing file /opt/airflow/dags/prod/airbyte_to_dbt_prod.py for tasks to queue
[2026-08-26T13:58:02.111+0000] {logging_mixin.py:190} INFO - [2026-08-26T13:58:02.110+0000] {dagbag.py:588} INFO - Filling up the DagBag from /opt/airflow/dags/prod/airbyte_to_dbt_prod.py
[2026-08-26T13:58:02.318+0000] {processor.py:925} INFO - DAG(s) 'airbyte_to_dbt_pipeline_prod' retrieved from /opt/airflow/dags/prod/airbyte_to_dbt_prod.py
[2026-08-26T13:58:02.684+0000] {logging_mixin.py:190} INFO - [2026-08-26T13:58:02.684+0000] {dag.py:3239} INFO - Sync 1 DAGs
[2026-08-26T13:58:02.936+0000] {logging_mixin.py:190} INFO - [2026-08-26T13:58:02.935+0000] {dag.py:4180} INFO - Setting next_dagrun for airbyte_to_dbt_pipeline_prod to 2026-08-26 12:00:00+00:00, run_after=2026-08-26 13:00:00+00:00
[2026-08-26T13:58:02.962+0000] {processor.py:208} INFO - Processing /opt/airflow/dags/prod/airbyte_to_dbt_prod.py took 0.937 seconds
[2026-08-26T13:58:33.155+0000] {processor.py:186} INFO - Started process (PID=6166) to work on /opt/airflow/dags/prod/airbyte_to_dbt_prod.py
[2026-08-26T13:58:33.156+0000] {processor.py:914} INFO - Processing file /opt/airflow/dags/prod/airbyte_to_dbt_prod.py for tasks to queue
[2026-08-26T13:58:33.160+0000] {logging_mixin.py:190} INFO - [2026-08-26T13:58:33.159+0000] {dagbag.py:588} INFO - Filling up the DagBag from /opt/airflow/dags/prod/airbyte_to_dbt_prod.py
[2026-08-26T13:58:33.182+0000] {processor.py:925} INFO - DAG(s) 'airbyte_to_dbt_pipeline_prod' retrieved from /opt/airflow/dags/prod/airbyte_to_dbt_prod.py
[2026-08-26T13:58:33.235+0000] {logging_mixin.py:190} INFO - [2026-08-26T13:58:33.235+0000] {dag.py:3239} INFO - Sync 1 DAGs
[2026-08-26T13:58:33.271+0000] {logging_mixin.py:190} INFO - [2026-08-26T13:58:33.270+0000] {dag.py:4180} INFO - Setting next_dagrun for airbyte_to_dbt_pipeline_prod to 2026-08-26 12:00:00+00:00, run_after=2026-08-26 13:00:00+00:00
[2026-08-26T13:58:33.293+0000] {processor.py:208} INFO - Processing /opt/airflow/dags/prod/airbyte_to_dbt_prod.py took 0.148 seconds
[2026-08-26T13:59:03.506+0000] {processor.py:186} INFO - Started process (PID=6176) to work on /opt/airflow/dags/prod/airbyte_to_dbt_prod.py
[2026-08-26T13:59:03.509+0000] {processor.py:914} INFO - Processing file /opt/airflow/dags/prod/airbyte_to_dbt_prod.py for tasks to queue
[2026-08-26T13:59:03.517+0000] {logging_mixin.py:190} INFO - [2026-08-26T13:59:03.516+0000] {dagbag.py:588} INFO - Filling up the DagBag from /opt/airflow/dags/prod/airbyte_to_dbt_prod.py
[2026-08-26T13:59:03.559+0000] {processor.py:925} INFO - DAG(s) 'airbyte_to_dbt_pipeline_prod' retrieved from /opt/airflow/dags/prod/airbyte_to_dbt_prod.py
[2026-08-26T13:59:03.676+0000] {logging_mixin.py:190} INFO - [2026-08-26T13:59:03.676+0000] {dag.py:3239} INFO - Sync 1 DAGs
[2026-08-26T13:59:03.736+0000] {logging_mixin.py:190} INFO - [2026-08-26T13:59:03.736+0000] {dag.py:4180} INFO - Setting next_dagrun for airbyte_to_dbt_pipeline_prod to 2026-08-26 12:00:00+00:00, run_after=2026-08-26 13:00:00+00:00
[2026-08-26T13:59:03.776+0000] {processor.py:208} INFO - Processing /opt/airflow/dags/prod/airbyte_to_dbt_prod.py took 0.287 seconds
[2026-08-26T13:59:34.005+0000] {processor.py:186} INFO - Started process (PID=6184) to work on /opt/airflow/dags/prod/airbyte_to_dbt_prod.py
[2026-08-26T13:59:34.006+0000] {processor.py:914} INFO - Processing file /opt/airflow/dags/prod/airbyte_to_dbt_prod.py for tasks to queue
[2026-08-26T13:59:34.078+0000] {logging_mixin.py:190} INFO - [2026-08-26T13:59:34.064+0000] {dagbag.py:588} INFO - Filling up the DagBag from /opt/airflow/dags/prod/airbyte_to_dbt_prod.py
[2026-08-26T13:59:34.137+0000] {processor.py:925} INFO - DAG(s) 'airbyte_to_dbt_pipeline_prod' retrieved from /opt/airflow/dags/prod/airbyte_to_dbt_prod.py
[2026-08-26T13:59:34.213+0000] {logging_mixin.py:190} INFO - [2026-08-26T13:59:34.213+0000] {dag.py:3239} INFO - Sync 1 DAGs
[2026-08-26T13:59:34.305+0000] {logging_mixin.py:190} INFO - [2026-08-26T13:59:34.304+0000] {dag.py:4180} INFO - Setting next_dagrun for airbyte_to_dbt_pipeline_prod to 2026-08-26 12:00:00+00:00, run_after=2026-08-26 13:00:00+00:00
[2026-08-26T13:59:34.344+0000] {processor.py:208} INFO - Processing /opt/airflow/dags/prod/airbyte_to_dbt_prod.py took 0.389 seconds
[2026-08-26T14:00:04.517+0000] {processor.py:186} INFO - Started process (PID=6196) to work on /opt/airflow/dags/prod/airbyte_to_dbt_prod.py
[2026-08-26T14:00:04.519+0000] {processor.py:914} INFO - Processing file /opt/airflow/dags/prod/airbyte_to_dbt_prod.py for tasks to queue
[2026-08-26T14:00:04.522+0000] {logging_mixin.py:190} INFO - [2026-08-26T14:00:04.521+0000] {dagbag.py:588} INFO - Filling up the DagBag from /opt/airflow/dags/prod/airbyte_to_dbt_prod.py
[2026-08-26T14:00:04.545+0000] {processor.py:925} INFO - DAG(s) 'airbyte_to_dbt_pipeline_prod' retrieved from /opt/airflow/dags/prod/airbyte_to_dbt_prod.py
[2026-08-26T14:00:04.589+0000] {logging_mixin.py:190} INFO - [2026-08-26T14:00:04.588+0000] {dag.py:3239} INFO - Sync 1 DAGs
[2026-08-26T14:00:04.621+0000] {logging_mixin.py:190} INFO - [2026-08-26T14:00:04.621+0000] {dag.py:4180} INFO - Setting next_dagrun for airbyte_to_dbt_pipeline_prod to 2026-08-26 13:00:00+00:00, run_after=2026-08-26 14:00:00+00:00
[2026-08-26T14:00:04.645+0000] {processor.py:208} INFO - Processing /opt/airflow/dags/prod/airbyte_to_dbt_prod.py took 0.139 seconds
[2026-08-26T14:00:34.815+0000] {processor.py:186} INFO - Started process (PID=6206) to work on /opt/airflow/dags/prod/airbyte_to_dbt_prod.py
[2026-08-26T14:00:34.816+0000] {processor.py:914} INFO - Processing file /opt/airflow/dags/prod/airbyte_to_dbt_prod.py for tasks to queue
[2026-08-26T14:00:34.819+0000] {logging_mixin.py:190} INFO - [2026-08-26T14:00:34.818+0000] {dagbag.py:588} INFO - Filling up the DagBag from /opt/airflow/dags/prod/airbyte_to_dbt_prod.py
[2026-08-26T14:00:34.842+0000] {processor.py:925} INFO - DAG(s) 'airbyte_to_dbt_pipeline_prod' retrieved from /opt/airflow/dags/prod/airbyte_to_dbt_prod.py
[2026-08-26T14:00:34.883+0000] {logging_mixin.py:190} INFO - [2026-08-26T14:00:34.882+0000] {dag.py:3239} INFO - Sync 1 DAGs
[2026-08-26T14:00:34.917+0000] {logging_mixin.py:190} INFO - [2026-08-26T14:00:34.917+0000] {dag.py:4180} INFO - Setting next_dagrun for airbyte_to_dbt_pipeline_prod to 2026-08-26 13:00:00+00:00, run_after=2026-08-26 14:00:00+00:00
[2026-08-26T14:00:34.940+0000] {processor.py:208} INFO - Processing /opt/airflow/dags/prod/airbyte_to_dbt_prod.py took 0.135 seconds
[2026-08-26T14:01:05.123+0000] {processor.py:186} INFO - Started process (PID=6216) to work on /opt/airflow/dags/prod/airbyte_to_dbt_prod.py
[2026-08-26T14:01:05.126+0000] {processor.py:914} INFO - Processing file /opt/airflow/dags/prod/airbyte_to_dbt_prod.py for tasks to queue
[2026-08-26T14:01:05.130+0000] {logging_mixin.py:190} INFO - [2026-08-26T14:01:05.130+0000] {dagbag.py:588} INFO - Filling up the DagBag from /opt/airflow/dags/prod/airbyte_to_dbt_prod.py
[2026-08-26T14:01:05.155+0000] {processor.py:925} INFO - DAG(s) 'airbyte_to_dbt_pipeline_prod' retrieved from /opt/airflow/dags/prod/airbyte_to_dbt_prod.py
[2026-08-26T14:01:05.223+0000] {logging_mixin.py:190} INFO - [2026-08-26T14:01:05.223+0000] {dag.py:3239} INFO - Sync 1 DAGs
[2026-08-26T14:01:05.272+0000] {logging_mixin.py:190} INFO - [2026-08-26T14:01:05.272+0000] {dag.py:4180} INFO - Setting next_dagrun for airbyte_to_dbt_pipeline_prod to 2026-08-26 13:00:00+00:00, run_after=2026-08-26 14:00:00+00:00
[2026-08-26T14:01:05.298+0000] {processor.py:208} INFO - Processing /opt/airflow/dags/prod/airbyte_to_dbt_prod.py took 0.186 seconds
[2026-08-26T14:01:35.501+0000] {processor.py:186} INFO - Started process (PID=6226) to work on /opt/airflow/dags/prod/airbyte_to_dbt_prod.py
[2026-08-26T14:01:35.503+0000] {processor.py:914} INFO - Processing file /opt/airflow/dags/prod/airbyte_to_dbt_prod.py for tasks to queue
[2026-08-26T14:01:35.506+0000] {logging_mixin.py:190} INFO - [2026-08-26T14:01:35.505+0000] {dagbag.py:588} INFO - Filling up the DagBag from /opt/airflow/dags/prod/airbyte_to_dbt_prod.py
[2026-08-26T14:01:35.529+0000] {processor.py:925} INFO - DAG(s) 'airbyte_to_dbt_pipeline_prod' retrieved from /opt/airflow/dags/prod/airbyte_to_dbt_prod.py
[2026-08-26T14:01:35.584+0000] {logging_mixin.py:190} INFO - [2026-08-26T14:01:35.583+0000] {dag.py:3239} INFO - Sync 1 DAGs
[2026-08-26T14:01:35.620+0000] {logging_mixin.py:190} INFO - [2026-08-26T14:01:35.620+0000] {dag.py:4180} INFO - Setting next_dagrun for airbyte_to_dbt_pipeline_prod to 2026-08-26 13:00:00+00:00, run_after=2026-08-26 14:00:00+00:00
[2026-08-26T14:01:35.648+0000] {processor.py:208} INFO - Processing /opt/airflow/dags/prod/airbyte_to_dbt_prod.py took 0.156 seconds
[2026-08-26T14:02:05.818+0000] {processor.py:186} INFO - Started process (PID=6236) to work on /opt/airflow/dags/prod/airbyte_to_dbt_prod.py
[2026-08-26T14:02:05.822+0000] {processor.py:914} INFO - Processing file /opt/airflow/dags/prod/airbyte_to_dbt_prod.py for tasks to queue
[2026-08-26T14:02:05.825+0000] {logging_mixin.py:190} INFO - [2026-08-26T14:02:05.825+0000] {dagbag.py:588} INFO - Filling up the DagBag from /opt/airflow/dags/prod/airbyte_to_dbt_prod.py
[2026-08-26T14:02:05.850+0000] {processor.py:925} INFO - DAG(s) 'airbyte_to_dbt_pipeline_prod' retrieved from /opt/airflow/dags/prod/airbyte_to_dbt_prod.py
[2026-08-26T14:02:05.902+0000] {logging_mixin.py:190} INFO - [2026-08-26T14:02:05.901+0000] {dag.py:3239} INFO - Sync 1 DAGs
[2026-08-26T14:02:05.966+0000] {logging_mixin.py:190} INFO - [2026-08-26T14:02:05.966+0000] {dag.py:4180} INFO - Setting next_dagrun for airbyte_to_dbt_pipeline_prod to 2026-08-26 13:00:00+00:00, run_after=2026-08-26 14:00:00+00:00
[2026-08-26T14:02:06.000+0000] {processor.py:208} INFO - Processing /opt/airflow/dags/prod/airbyte_to_dbt_prod.py took 0.192 seconds
[2026-08-26T14:02:36.239+0000] {processor.py:186} INFO - Started process (PID=6244) to work on /opt/airflow/dags/prod/airbyte_to_dbt_prod.py
[2026-08-26T14:02:36.241+0000] {processor.py:914} INFO - Processing file /opt/airflow/dags/prod/airbyte_to_dbt_prod.py for tasks to queue
[2026-08-26T14:02:36.249+0000] {logging_mixin.py:190} INFO - [2026-08-26T14:02:36.248+0000] {dagbag.py:588} INFO - Filling up the DagBag from /opt/airflow/dags/prod/airbyte_to_dbt_prod.py
[2026-08-26T14:02:36.299+0000] {processor.py:925} INFO - DAG(s) 'airbyte_to_dbt_pipeline_prod' retrieved from /opt/airflow/dags/prod/airbyte_to_dbt_prod.py
[2026-08-26T14:02:36.359+0000] {logging_mixin.py:190} INFO - [2026-08-26T14:02:36.359+0000] {dag.py:3239} INFO - Sync 1 DAGs
[2026-08-26T14:02:36.402+0000] {logging_mixin.py:190} INFO - [2026-08-26T14:02:36.402+0000] {dag.py:4180} INFO - Setting next_dagrun for airbyte_to_dbt_pipeline_prod to 2026-08-26 13:00:00+00:00, run_after=2026-08-26 14:00:00+00:00
[2026-08-26T14:02:36.427+0000] {processor.py:208} INFO - Processing /opt/airflow/dags/prod/airbyte_to_dbt_prod.py took 0.228 seconds
[2026-08-26T14:03:06.641+0000] {processor.py:186} INFO - Started process (PID=6256) to work on /opt/airflow/dags/prod/airbyte_to_dbt_prod.py
[2026-08-26T14:03:06.642+0000] {processor.py:914} INFO - Processing file /opt/airflow/dags/prod/airbyte_to_dbt_prod.py for tasks to queue
[2026-08-26T14:03:06.647+0000] {logging_mixin.py:190} INFO - [2026-08-26T14:03:06.646+0000] {dagbag.py:588} INFO - Filling up the DagBag from /opt/airflow/dags/prod/airbyte_to_dbt_prod.py
[2026-08-26T14:03:06.682+0000] {processor.py:925} INFO - DAG(s) 'airbyte_to_dbt_pipeline_prod' retrieved from /opt/airflow/dags/prod/airbyte_to_dbt_prod.py
[2026-08-26T14:03:06.751+0000] {logging_mixin.py:190} INFO - [2026-08-26T14:03:06.751+0000] {dag.py:3239} INFO - Sync 1 DAGs
[2026-08-26T14:03:06.800+0000] {logging_mixin.py:190} INFO - [2026-08-26T14:03:06.800+0000] {dag.py:4180} INFO - Setting next_dagrun for airbyte_to_dbt_pipeline_prod to 2026-08-26 13:00:00+00:00, run_after=2026-08-26 14:00:00+00:00
[2026-08-26T14:03:06.823+0000] {processor.py:208} INFO - Processing /opt/airflow/dags/prod/airbyte_to_dbt_prod.py took 0.193 seconds
[2026-08-26T14:03:37.010+0000] {processor.py:186} INFO - Started process (PID=6266) to work on /opt/airflow/dags/prod/airbyte_to_dbt_prod.py
[2026-08-26T14:03:37.011+0000] {processor.py:914} INFO - Processing file /opt/airflow/dags/prod/airbyte_to_dbt_prod.py for tasks to queue
[2026-08-26T14:03:37.014+0000] {logging_mixin.py:190} INFO - [2026-08-26T14:03:37.013+0000] {dagbag.py:588} INFO - Filling up the DagBag from /opt/airflow/dags/prod/airbyte_to_dbt_prod.py
[2026-08-26T14:03:37.036+0000] {processor.py:925} INFO - DAG(s) 'airbyte_to_dbt_pipeline_prod' retrieved from /opt/airflow/dags/prod/airbyte_to_dbt_prod.py
[2026-08-26T14:03:37.094+0000] {logging_mixin.py:190} INFO - [2026-08-26T14:03:37.093+0000] {dag.py:3239} INFO - Sync 1 DAGs
[2026-08-26T14:03:37.130+0000] {logging_mixin.py:190} INFO - [2026-08-26T14:03:37.129+0000] {dag.py:4180} INFO - Setting next_dagrun for airbyte_to_dbt_pipeline_prod to 2026-08-26 13:00:00+00:00, run_after=2026-08-26 14:00:00+00:00
[2026-08-26T14:03:37.154+0000] {processor.py:208} INFO - Processing /opt/airflow/dags/prod/airbyte_to_dbt_prod.py took 0.154 seconds
[2026-08-26T14:04:07.316+0000] {processor.py:186} INFO - Started process (PID=6276) to work on /opt/airflow/dags/prod/airbyte_to_dbt_prod.py
[2026-08-26T14:04:07.317+0000] {processor.py:914} INFO - Processing file /opt/airflow/dags/prod/airbyte_to_dbt_prod.py for tasks to queue
[2026-08-26T14:04:07.321+0000] {logging_mixin.py:190} INFO - [2026-08-26T14:04:07.320+0000] {dagbag.py:588} INFO - Filling up the DagBag from /opt/airflow/dags/prod/airbyte_to_dbt_prod.py
[2026-08-26T14:04:07.347+0000] {processor.py:925} INFO - DAG(s) 'airbyte_to_dbt_pipeline_prod' retrieved from /opt/airflow/dags/prod/airbyte_to_dbt_prod.py
[2026-08-26T14:04:07.395+0000] {logging_mixin.py:190} INFO - [2026-08-26T14:04:07.394+0000] {dag.py:3239} INFO - Sync 1 DAGs
[2026-08-26T14:04:07.432+0000] {logging_mixin.py:190} INFO - [2026-08-26T14:04:07.432+0000] {dag.py:4180} INFO - Setting next_dagrun for airbyte_to_dbt_pipeline_prod to 2026-08-26 13:00:00+00:00, run_after=2026-08-26 14:00:00+00:00
[2026-08-26T14:04:07.459+0000] {processor.py:208} INFO - Processing /opt/airflow/dags/prod/airbyte_to_dbt_prod.py took 0.152 seconds
[2026-08-26T14:04:37.618+0000] {processor.py:186} INFO - Started process (PID=6286) to work on /opt/airflow/dags/prod/airbyte_to_dbt_prod.py
[2026-08-26T14:04:37.620+0000] {processor.py:914} INFO - Processing file /opt/airflow/dags/prod/airbyte_to_dbt_prod.py for tasks to queue
[2026-08-26T14:04:37.623+0000] {logging_mixin.py:190} INFO - [2026-08-26T14:04:37.622+0000] {dagbag.py:588} INFO - Filling up the DagBag from /opt/airflow/dags/prod/airbyte_to_dbt_prod.py
[2026-08-26T14:04:37.648+0000] {processor.py:925} INFO - DAG(s) 'airbyte_to_dbt_pipeline_prod' retrieved from /opt/airflow/dags/prod/airbyte_to_dbt_prod.py
[2026-08-26T14:04:37.703+0000] {logging_mixin.py:190} INFO - [2026-08-26T14:04:37.702+0000] {dag.py:3239} INFO - Sync 1 DAGs
[2026-08-26T14:04:37.740+0000] {logging_mixin.py:190} INFO - [2026-08-26T14:04:37.740+0000] {dag.py:4180} INFO - Setting next_dagrun for airbyte_to_dbt_pipeline_prod to 2026-08-26 13:00:00+00:00, run_after=2026-08-26 14:00:00+00:00
[2026-08-26T14:04:37.764+0000] {processor.py:208} INFO - Processing /opt/airflow/dags/prod/airbyte_to_dbt_prod.py took 0.154 seconds
[2026-08-26T14:05:07.937+0000] {processor.py:186} INFO - Started process (PID=6296) to work on /opt/airflow/dags/prod/airbyte_to_dbt_prod.py
[2026-08-26T14:05:07.938+0000] {processor.py:914} INFO - Processing file /opt/airflow/dags/prod/airbyte_to_dbt_prod.py for tasks to queue
[2026-08-26T14:05:07.942+0000] {logging_mixin.py:190} INFO - [2026-08-26T14:05:07.941+0000] {dagbag.py:588} INFO - Filling up the DagBag from /opt/airflow/dags/prod/airbyte_to_dbt_prod.py
[2026-08-26T14:05:07.974+0000] {processor.py:925} INFO - DAG(s) 'airbyte_to_dbt_pipeline_prod' retrieved from /opt/airflow/dags/prod/airbyte_to_dbt_prod.py
[2026-08-26T14:05:08.027+0000] {logging_mixin.py:190} INFO - [2026-08-26T14:05:08.027+0000] {dag.py:3239} INFO - Sync 1 DAGs
[2026-08-26T14:05:08.066+0000] {logging_mixin.py:190} INFO - [2026-08-26T14:05:08.066+0000] {dag.py:4180} INFO - Setting next_dagrun for airbyte_to_dbt_pipeline_prod to 2026-08-26 13:00:00+00:00, run_after=2026-08-26 14:00:00+00:00
[2026-08-26T14:05:08.114+0000] {processor.py:208} INFO - Processing /opt/airflow/dags/prod/airbyte_to_dbt_prod.py took 0.189 seconds
[2026-08-26T14:05:38.304+0000] {processor.py:186} INFO - Started process (PID=6306) to work on /opt/airflow/dags/prod/airbyte_to_dbt_prod.py
[2026-08-26T14:05:38.305+0000] {processor.py:914} INFO - Processing file /opt/airflow/dags/prod/airbyte_to_dbt_prod.py for tasks to queue
[2026-08-26T14:05:38.311+0000] {logging_mixin.py:190} INFO - [2026-08-26T14:05:38.310+0000] {dagbag.py:588} INFO - Filling up the DagBag from /opt/airflow/dags/prod/airbyte_to_dbt_prod.py
[2026-08-26T14:05:38.357+0000] {processor.py:925} INFO - DAG(s) 'airbyte_to_dbt_pipeline_prod' retrieved from /opt/airflow/dags/prod/airbyte_to_dbt_prod.py
[2026-08-26T14:05:38.423+0000] {logging_mixin.py:190} INFO - [2026-08-26T14:05:38.423+0000] {dag.py:3239} INFO - Sync 1 DAGs
[2026-08-26T14:05:38.469+0000] {logging_mixin.py:190} INFO - [2026-08-26T14:05:38.469+0000] {dag.py:4180} INFO - Setting next_dagrun for airbyte_to_dbt_pipeline_prod to 2026-08-26 13:00:00+00:00, run_after=2026-08-26 14:00:00+00:00
[2026-08-26T14:05:38.502+0000] {processor.py:208} INFO - Processing /opt/airflow/dags/prod/airbyte_to_dbt_prod.py took 0.210 seconds
[2026-08-26T14:06:08.678+0000] {processor.py:186} INFO - Started process (PID=6316) to work on /opt/airflow/dags/prod/airbyte_to_dbt_prod.py
[2026-08-26T14:06:08.679+0000] {processor.py:914} INFO - Processing file /opt/airflow/dags/prod/airbyte_to_dbt_prod.py for tasks to queue
[2026-08-26T14:06:08.683+0000] {logging_mixin.py:190} INFO - [2026-08-26T14:06:08.682+0000] {dagbag.py:588} INFO - Filling up the DagBag from /opt/airflow/dags/prod/airbyte_to_dbt_prod.py
[2026-08-26T14:06:08.712+0000] {processor.py:925} INFO - DAG(s) 'airbyte_to_dbt_pipeline_prod' retrieved from /opt/airflow/dags/prod/airbyte_to_dbt_prod.py
[2026-08-26T14:06:08.771+0000] {logging_mixin.py:190} INFO - [2026-08-26T14:06:08.771+0000] {dag.py:3239} INFO - Sync 1 DAGs
[2026-08-26T14:06:08.817+0000] {logging_mixin.py:190} INFO - [2026-08-26T14:06:08.817+0000] {dag.py:4180} INFO - Setting next_dagrun for airbyte_to_dbt_pipeline_prod to 2026-08-26 13:00:00+00:00, run_after=2026-08-26 14:00:00+00:00
[2026-08-26T14:06:08.844+0000] {processor.py:208} INFO - Processing /opt/airflow/dags/prod/airbyte_to_dbt_prod.py took 0.178 seconds
[2026-08-26T14:06:39.029+0000] {processor.py:186} INFO - Started process (PID=6326) to work on /opt/airflow/dags/prod/airbyte_to_dbt_prod.py
[2026-08-26T14:06:39.030+0000] {processor.py:914} INFO - Processing file /opt/airflow/dags/prod/airbyte_to_dbt_prod.py for tasks to queue
[2026-08-26T14:06:39.035+0000] {logging_mixin.py:190} INFO - [2026-08-26T14:06:39.034+0000] {dagbag.py:588} INFO - Filling up the DagBag from /opt/airflow/dags/prod/airbyte_to_dbt_prod.py
[2026-08-26T14:06:39.079+0000] {processor.py:925} INFO - DAG(s) 'airbyte_to_dbt_pipeline_prod' retrieved from /opt/airflow/dags/prod/airbyte_to_dbt_prod.py
[2026-08-26T14:06:39.142+0000] {logging_mixin.py:190} INFO - [2026-08-26T14:06:39.141+0000] {dag.py:3239} INFO - Sync 1 DAGs
[2026-08-26T14:06:39.189+0000] {logging_mixin.py:190} INFO - [2026-08-26T14:06:39.188+0000] {dag.py:4180} INFO - Setting next_dagrun for airbyte_to_dbt_pipeline_prod to 2026-08-26 13:00:00+00:00, run_after=2026-08-26 14:00:00+00:00
[2026-08-26T14:06:39.225+0000] {processor.py:208} INFO - Processing /opt/airflow/dags/prod/airbyte_to_dbt_prod.py took 0.207 seconds
[2026-08-26T14:07:09.420+0000] {processor.py:186} INFO - Started process (PID=6336) to work on /opt/airflow/dags/prod/airbyte_to_dbt_prod.py
[2026-08-26T14:07:09.421+0000] {processor.py:914} INFO - Processing file /opt/airflow/dags/prod/airbyte_to_dbt_prod.py for tasks to queue
[2026-08-26T14:07:09.425+0000] {logging_mixin.py:190} INFO - [2026-08-26T14:07:09.424+0000] {dagbag.py:588} INFO - Filling up the DagBag from /opt/airflow/dags/prod/airbyte_to_dbt_prod.py
[2026-08-26T14:07:09.465+0000] {processor.py:925} INFO - DAG(s) 'airbyte_to_dbt_pipeline_prod' retrieved from /opt/airflow/dags/prod/airbyte_to_dbt_prod.py
[2026-08-26T14:07:09.529+0000] {logging_mixin.py:190} INFO - [2026-08-26T14:07:09.528+0000] {dag.py:3239} INFO - Sync 1 DAGs
[2026-08-26T14:07:09.575+0000] {logging_mixin.py:190} INFO - [2026-08-26T14:07:09.575+0000] {dag.py:4180} INFO - Setting next_dagrun for airbyte_to_dbt_pipeline_prod to 2026-08-26 13:00:00+00:00, run_after=2026-08-26 14:00:00+00:00
[2026-08-26T14:07:09.610+0000] {processor.py:208} INFO - Processing /opt/airflow/dags/prod/airbyte_to_dbt_prod.py took 0.202 seconds
[2026-08-26T14:07:39.781+0000] {processor.py:186} INFO - Started process (PID=6346) to work on /opt/airflow/dags/prod/airbyte_to_dbt_prod.py
[2026-08-26T14:07:39.782+0000] {processor.py:914} INFO - Processing file /opt/airflow/dags/prod/airbyte_to_dbt_prod.py for tasks to queue
[2026-08-26T14:07:39.786+0000] {logging_mixin.py:190} INFO - [2026-08-26T14:07:39.785+0000] {dagbag.py:588} INFO - Filling up the DagBag from /opt/airflow/dags/prod/airbyte_to_dbt_prod.py
[2026-08-26T14:07:39.808+0000] {processor.py:925} INFO - DAG(s) 'airbyte_to_dbt_pipeline_prod' retrieved from /opt/airflow/dags/prod/airbyte_to_dbt_prod.py
[2026-08-26T14:07:39.860+0000] {logging_mixin.py:190} INFO - [2026-08-26T14:07:39.859+0000] {dag.py:3239} INFO - Sync 1 DAGs
[2026-08-26T14:07:39.897+0000] {logging_mixin.py:190} INFO - [2026-08-26T14:07:39.897+0000] {dag.py:4180} INFO - Setting next_dagrun for airbyte_to_dbt_pipeline_prod to 2026-08-26 13:00:00+00:00, run_after=2026-08-26 14:00:00+00:00
[2026-08-26T14:07:39.925+0000] {processor.py:208} INFO - Processing /opt/airflow/dags/prod/airbyte_to_dbt_prod.py took 0.153 seconds
[2026-08-26T14:08:10.100+0000] {processor.py:186} INFO - Started process (PID=6356) to work on /opt/airflow/dags/prod/airbyte_to_dbt_prod.py
[2026-08-26T14:08:10.102+0000] {processor.py:914} INFO - Processing file /opt/airflow/dags/prod/airbyte_to_dbt_prod.py for tasks to queue
[2026-08-26T14:08:10.105+0000] {logging_mixin.py:190} INFO - [2026-08-26T14:08:10.105+0000] {dagbag.py:588} INFO - Filling up the DagBag from /opt/airflow/dags/prod/airbyte_to_dbt_prod.py
[2026-08-26T14:08:10.137+0000] {processor.py:925} INFO - DAG(s) 'airbyte_to_dbt_pipeline_prod' retrieved from /opt/airflow/dags/prod/airbyte_to_dbt_prod.py
[2026-08-26T14:08:10.179+0000] {logging_mixin.py:190} INFO - [2026-08-26T14:08:10.179+0000] {dag.py:3239} INFO - Sync 1 DAGs
[2026-08-26T14:08:10.211+0000] {logging_mixin.py:190} INFO - [2026-08-26T14:08:10.211+0000] {dag.py:4180} INFO - Setting next_dagrun for airbyte_to_dbt_pipeline_prod to 2026-08-26 13:00:00+00:00, run_after=2026-08-26 14:00:00+00:00
[2026-08-26T14:08:10.237+0000] {processor.py:208} INFO - Processing /opt/airflow/dags/prod/airbyte_to_dbt_prod.py took 0.146 seconds
[2026-08-26T14:08:40.419+0000] {processor.py:186} INFO - Started process (PID=6366) to work on /opt/airflow/dags/prod/airbyte_to_dbt_prod.py
[2026-08-26T14:08:40.421+0000] {processor.py:914} INFO - Processing file /opt/airflow/dags/prod/airbyte_to_dbt_prod.py for tasks to queue
[2026-08-26T14:08:40.424+0000] {logging_mixin.py:190} INFO - [2026-08-26T14:08:40.423+0000] {dagbag.py:588} INFO - Filling up the DagBag from /opt/airflow/dags/prod/airbyte_to_dbt_prod.py
[2026-08-26T14:08:40.448+0000] {processor.py:925} INFO - DAG(s) 'airbyte_to_dbt_pipeline_prod' retrieved from /opt/airflow/dags/prod/airbyte_to_dbt_prod.py
[2026-08-26T14:08:40.491+0000] {logging_mixin.py:190} INFO - [2026-08-26T14:08:40.491+0000] {dag.py:3239} INFO - Sync 1 DAGs
[2026-08-26T14:08:40.534+0000] {logging_mixin.py:190} INFO - [2026-08-26T14:08:40.533+0000] {dag.py:4180} INFO - Setting next_dagrun for airbyte_to_dbt_pipeline_prod to 2026-08-26 13:00:00+00:00, run_after=2026-08-26 14:00:00+00:00
[2026-08-26T14:08:40.561+0000] {processor.py:208} INFO - Processing /opt/airflow/dags/prod/airbyte_to_dbt_prod.py took 0.150 seconds
[2026-08-26T14:09:10.735+0000] {processor.py:186} INFO - Started process (PID=6376) to work on /opt/airflow/dags/prod/airbyte_to_dbt_prod.py
[2026-08-26T14:09:10.736+0000] {processor.py:914} INFO - Processing file /opt/airflow/dags/prod/airbyte_to_dbt_prod.py for tasks to queue
[2026-08-26T14:09:10.739+0000] {logging_mixin.py:190} INFO - [2026-08-26T14:09:10.739+0000] {dagbag.py:588} INFO - Filling up the DagBag from /opt/airflow/dags/prod/airbyte_to_dbt_prod.py
[2026-08-26T14:09:10.762+0000] {processor.py:925} INFO - DAG(s) 'airbyte_to_dbt_pipeline_prod' retrieved from /opt/airflow/dags/prod/airbyte_to_dbt_prod.py
[2026-08-26T14:09:10.819+0000] {logging_mixin.py:190} INFO - [2026-08-26T14:09:10.819+0000] {dag.py:3239} INFO - Sync 1 DAGs
[2026-08-26T14:09:10.861+0000] {logging_mixin.py:190} INFO - [2026-08-26T14:09:10.860+0000] {dag.py:4180} INFO - Setting next_dagrun for airbyte_to_dbt_pipeline_prod to 2026-08-26 13:00:00+00:00, run_after=2026-08-26 14:00:00+00:00
[2026-08-26T14:09:10.887+0000] {processor.py:208} INFO - Processing /opt/airflow/dags/prod/airbyte_to_dbt_prod.py took 0.160 seconds
[2026-08-26T14:09:41.061+0000] {processor.py:186} INFO - Started process (PID=6386) to work on /opt/airflow/dags/prod/airbyte_to_dbt_prod.py
[2026-08-26T14:09:41.063+0000] {processor.py:914} INFO - Processing file /opt/airflow/dags/prod/airbyte_to_dbt_prod.py for tasks to queue
[2026-08-26T14:09:41.067+0000] {logging_mixin.py:190} INFO - [2026-08-26T14:09:41.067+0000] {dagbag.py:588} INFO - Filling up the DagBag from /opt/airflow/dags/prod/airbyte_to_dbt_prod.py
[2026-08-26T14:09:41.113+0000] {processor.py:925} INFO - DAG(s) 'airbyte_to_dbt_pipeline_prod' retrieved from /opt/airflow/dags/prod/airbyte_to_dbt_prod.py
[2026-08-26T14:09:41.188+0000] {logging_mixin.py:190} INFO - [2026-08-26T14:09:41.187+0000] {dag.py:3239} INFO - Sync 1 DAGs
[2026-08-26T14:09:41.239+0000] {logging_mixin.py:190} INFO - [2026-08-26T14:09:41.238+0000] {dag.py:4180} INFO - Setting next_dagrun for airbyte_to_dbt_pipeline_prod to 2026-08-26 13:00:00+00:00, run_after=2026-08-26 14:00:00+00:00
[2026-08-26T14:09:41.269+0000] {processor.py:208} INFO - Processing /opt/airflow/dags/prod/airbyte_to_dbt_prod.py took 0.218 seconds
[2026-08-26T14:10:11.562+0000] {processor.py:186} INFO - Started process (PID=6394) to work on /opt/airflow/dags/prod/airbyte_to_dbt_prod.py
[2026-08-26T14:10:11.565+0000] {processor.py:914} INFO - Processing file /opt/airflow/dags/prod/airbyte_to_dbt_prod.py for tasks to queue
[2026-08-26T14:10:11.587+0000] {logging_mixin.py:190} INFO - [2026-08-26T14:10:11.586+0000] {dagbag.py:588} INFO - Filling up the DagBag from /opt/airflow/dags/prod/airbyte_to_dbt_prod.py
[2026-08-26T14:10:12.032+0000] {processor.py:925} INFO - DAG(s) 'airbyte_to_dbt_pipeline_prod' retrieved from /opt/airflow/dags/prod/airbyte_to_dbt_prod.py
[2026-08-26T14:10:12.312+0000] {logging_mixin.py:190} INFO - [2026-08-26T14:10:12.312+0000] {dag.py:3239} INFO - Sync 1 DAGs
[2026-08-26T14:10:12.555+0000] {logging_mixin.py:190} INFO - [2026-08-26T14:10:12.554+0000] {dag.py:4180} INFO - Setting next_dagrun for airbyte_to_dbt_pipeline_prod to 2026-08-26 13:00:00+00:00, run_after=2026-08-26 14:00:00+00:00
[2026-08-26T14:10:12.588+0000] {processor.py:208} INFO - Processing /opt/airflow/dags/prod/airbyte_to_dbt_prod.py took 1.087 seconds
[2026-08-26T14:10:42.765+0000] {processor.py:186} INFO - Started process (PID=6406) to work on /opt/airflow/dags/prod/airbyte_to_dbt_prod.py
[2026-08-26T14:10:42.766+0000] {processor.py:914} INFO - Processing file /opt/airflow/dags/prod/airbyte_to_dbt_prod.py for tasks to queue
[2026-08-26T14:10:42.770+0000] {logging_mixin.py:190} INFO - [2026-08-26T14:10:42.769+0000] {dagbag.py:588} INFO - Filling up the DagBag from /opt/airflow/dags/prod/airbyte_to_dbt_prod.py
[2026-08-26T14:10:42.798+0000] {processor.py:925} INFO - DAG(s) 'airbyte_to_dbt_pipeline_prod' retrieved from /opt/airflow/dags/prod/airbyte_to_dbt_prod.py
[2026-08-26T14:10:42.864+0000] {logging_mixin.py:190} INFO - [2026-08-26T14:10:42.863+0000] {dag.py:3239} INFO - Sync 1 DAGs
[2026-08-26T14:10:42.905+0000] {logging_mixin.py:190} INFO - [2026-08-26T14:10:42.905+0000] {dag.py:4180} INFO - Setting next_dagrun for airbyte_to_dbt_pipeline_prod to 2026-08-26 13:00:00+00:00, run_after=2026-08-26 14:00:00+00:00
[2026-08-26T14:10:42.935+0000] {processor.py:208} INFO - Processing /opt/airflow/dags/prod/airbyte_to_dbt_prod.py took 0.182 seconds
[2026-08-26T14:11:13.090+0000] {processor.py:186} INFO - Started process (PID=6416) to work on /opt/airflow/dags/prod/airbyte_to_dbt_prod.py
[2026-08-26T14:11:13.091+0000] {processor.py:914} INFO - Processing file /opt/airflow/dags/prod/airbyte_to_dbt_prod.py for tasks to queue
[2026-08-26T14:11:13.096+0000] {logging_mixin.py:190} INFO - [2026-08-26T14:11:13.095+0000] {dagbag.py:588} INFO - Filling up the DagBag from /opt/airflow/dags/prod/airbyte_to_dbt_prod.py
[2026-08-26T14:11:13.125+0000] {processor.py:925} INFO - DAG(s) 'airbyte_to_dbt_pipeline_prod' retrieved from /opt/airflow/dags/prod/airbyte_to_dbt_prod.py
[2026-08-26T14:11:13.167+0000] {logging_mixin.py:190} INFO - [2026-08-26T14:11:13.167+0000] {dag.py:3239} INFO - Sync 1 DAGs
[2026-08-26T14:11:13.201+0000] {logging_mixin.py:190} INFO - [2026-08-26T14:11:13.201+0000] {dag.py:4180} INFO - Setting next_dagrun for airbyte_to_dbt_pipeline_prod to 2026-08-26 13:00:00+00:00, run_after=2026-08-26 14:00:00+00:00
[2026-08-26T14:11:13.223+0000] {processor.py:208} INFO - Processing /opt/airflow/dags/prod/airbyte_to_dbt_prod.py took 0.144 seconds
[2026-08-26T14:11:43.388+0000] {processor.py:186} INFO - Started process (PID=6426) to work on /opt/airflow/dags/prod/airbyte_to_dbt_prod.py
[2026-08-26T14:11:43.389+0000] {processor.py:914} INFO - Processing file /opt/airflow/dags/prod/airbyte_to_dbt_prod.py for tasks to queue
[2026-08-26T14:11:43.392+0000] {logging_mixin.py:190} INFO - [2026-08-26T14:11:43.392+0000] {dagbag.py:588} INFO - Filling up the DagBag from /opt/airflow/dags/prod/airbyte_to_dbt_prod.py
[2026-08-26T14:11:43.415+0000] {processor.py:925} INFO - DAG(s) 'airbyte_to_dbt_pipeline_prod' retrieved from /opt/airflow/dags/prod/airbyte_to_dbt_prod.py
[2026-08-26T14:11:43.462+0000] {logging_mixin.py:190} INFO - [2026-08-26T14:11:43.462+0000] {dag.py:3239} INFO - Sync 1 DAGs
[2026-08-26T14:11:43.501+0000] {logging_mixin.py:190} INFO - [2026-08-26T14:11:43.501+0000] {dag.py:4180} INFO - Setting next_dagrun for airbyte_to_dbt_pipeline_prod to 2026-08-26 13:00:00+00:00, run_after=2026-08-26 14:00:00+00:00
[2026-08-26T14:11:43.525+0000] {processor.py:208} INFO - Processing /opt/airflow/dags/prod/airbyte_to_dbt_prod.py took 0.146 seconds
[2026-08-26T14:12:13.692+0000] {processor.py:186} INFO - Started process (PID=6436) to work on /opt/airflow/dags/prod/airbyte_to_dbt_prod.py
[2026-08-26T14:12:13.693+0000] {processor.py:914} INFO - Processing file /opt/airflow/dags/prod/airbyte_to_dbt_prod.py for tasks to queue
[2026-08-26T14:12:13.698+0000] {logging_mixin.py:190} INFO - [2026-08-26T14:12:13.697+0000] {dagbag.py:588} INFO - Filling up the DagBag from /opt/airflow/dags/prod/airbyte_to_dbt_prod.py
[2026-08-26T14:12:13.721+0000] {processor.py:925} INFO - DAG(s) 'airbyte_to_dbt_pipeline_prod' retrieved from /opt/airflow/dags/prod/airbyte_to_dbt_prod.py
[2026-08-26T14:12:13.784+0000] {logging_mixin.py:190} INFO - [2026-08-26T14:12:13.783+0000] {dag.py:3239} INFO - Sync 1 DAGs
[2026-08-26T14:12:13.855+0000] {logging_mixin.py:190} INFO - [2026-08-26T14:12:13.855+0000] {dag.py:4180} INFO - Setting next_dagrun for airbyte_to_dbt_pipeline_prod to 2026-08-26 13:00:00+00:00, run_after=2026-08-26 14:00:00+00:00
[2026-08-26T14:12:13.896+0000] {processor.py:208} INFO - Processing /opt/airflow/dags/prod/airbyte_to_dbt_prod.py took 0.216 seconds
[2026-08-26T14:12:44.059+0000] {processor.py:186} INFO - Started process (PID=6446) to work on /opt/airflow/dags/prod/airbyte_to_dbt_prod.py
[2026-08-26T14:12:44.061+0000] {processor.py:914} INFO - Processing file /opt/airflow/dags/prod/airbyte_to_dbt_prod.py for tasks to queue
[2026-08-26T14:12:44.068+0000] {logging_mixin.py:190} INFO - [2026-08-26T14:12:44.067+0000] {dagbag.py:588} INFO - Filling up the DagBag from /opt/airflow/dags/prod/airbyte_to_dbt_prod.py
[2026-08-26T14:12:44.101+0000] {processor.py:925} INFO - DAG(s) 'airbyte_to_dbt_pipeline_prod' retrieved from /opt/airflow/dags/prod/airbyte_to_dbt_prod.py
[2026-08-26T14:12:44.157+0000] {logging_mixin.py:190} INFO - [2026-08-26T14:12:44.156+0000] {dag.py:3239} INFO - Sync 1 DAGs
[2026-08-26T14:12:44.195+0000] {logging_mixin.py:190} INFO - [2026-08-26T14:12:44.195+0000] {dag.py:4180} INFO - Setting next_dagrun for airbyte_to_dbt_pipeline_prod to 2026-08-26 13:00:00+00:00, run_after=2026-08-26 14:00:00+00:00
[2026-08-26T14:12:44.217+0000] {processor.py:208} INFO - Processing /opt/airflow/dags/prod/airbyte_to_dbt_prod.py took 0.169 seconds
[2026-08-26T14:13:14.401+0000] {processor.py:186} INFO - Started process (PID=6456) to work on /opt/airflow/dags/prod/airbyte_to_dbt_prod.py
[2026-08-26T14:13:14.402+0000] {processor.py:914} INFO - Processing file /opt/airflow/dags/prod/airbyte_to_dbt_prod.py for tasks to queue
[2026-08-26T14:13:14.406+0000] {logging_mixin.py:190} INFO - [2026-08-26T14:13:14.405+0000] {dagbag.py:588} INFO - Filling up the DagBag from /opt/airflow/dags/prod/airbyte_to_dbt_prod.py
[2026-08-26T14:13:14.441+0000] {processor.py:925} INFO - DAG(s) 'airbyte_to_dbt_pipeline_prod' retrieved from /opt/airflow/dags/prod/airbyte_to_dbt_prod.py
[2026-08-26T14:13:14.523+0000] {logging_mixin.py:190} INFO - [2026-08-26T14:13:14.523+0000] {dag.py:3239} INFO - Sync 1 DAGs
[2026-08-26T14:13:14.566+0000] {logging_mixin.py:190} INFO - [2026-08-26T14:13:14.566+0000] {dag.py:4180} INFO - Setting next_dagrun for airbyte_to_dbt_pipeline_prod to 2026-08-26 13:00:00+00:00, run_after=2026-08-26 14:00:00+00:00
[2026-08-26T14:13:14.594+0000] {processor.py:208} INFO - Processing /opt/airflow/dags/prod/airbyte_to_dbt_prod.py took 0.205 seconds
[2026-08-26T14:13:47.571+0000] {processor.py:186} INFO - Started process (PID=6464) to work on /opt/airflow/dags/prod/airbyte_to_dbt_prod.py
[2026-08-26T14:13:47.585+0000] {processor.py:914} INFO - Processing file /opt/airflow/dags/prod/airbyte_to_dbt_prod.py for tasks to queue
[2026-08-26T14:13:48.007+0000] {logging_mixin.py:190} INFO - [2026-08-26T14:13:47.966+0000] {dagbag.py:588} INFO - Filling up the DagBag from /opt/airflow/dags/prod/airbyte_to_dbt_prod.py
[2026-08-26T14:13:48.913+0000] {processor.py:925} INFO - DAG(s) 'airbyte_to_dbt_pipeline_prod' retrieved from /opt/airflow/dags/prod/airbyte_to_dbt_prod.py
[2026-08-26T14:13:49.698+0000] {logging_mixin.py:190} INFO - [2026-08-26T14:13:49.697+0000] {dag.py:3239} INFO - Sync 1 DAGs
[2026-08-26T14:13:50.498+0000] {logging_mixin.py:190} INFO - [2026-08-26T14:13:50.495+0000] {dag.py:4180} INFO - Setting next_dagrun for airbyte_to_dbt_pipeline_prod to 2026-08-26 13:00:00+00:00, run_after=2026-08-26 14:00:00+00:00
[2026-08-26T14:13:50.526+0000] {processor.py:208} INFO - Processing /opt/airflow/dags/prod/airbyte_to_dbt_prod.py took 4.121 seconds
[2026-08-26T14:14:20.910+0000] {processor.py:186} INFO - Started process (PID=6474) to work on /opt/airflow/dags/prod/airbyte_to_dbt_prod.py
[2026-08-26T14:14:20.914+0000] {processor.py:914} INFO - Processing file /opt/airflow/dags/prod/airbyte_to_dbt_prod.py for tasks to queue
[2026-08-26T14:14:20.941+0000] {logging_mixin.py:190} INFO - [2026-08-26T14:14:20.937+0000] {dagbag.py:588} INFO - Filling up the DagBag from /opt/airflow/dags/prod/airbyte_to_dbt_prod.py
[2026-08-26T14:14:20.990+0000] {processor.py:925} INFO - DAG(s) 'airbyte_to_dbt_pipeline_prod' retrieved from /opt/airflow/dags/prod/airbyte_to_dbt_prod.py
[2026-08-26T14:14:21.047+0000] {logging_mixin.py:190} INFO - [2026-08-26T14:14:21.047+0000] {dag.py:3239} INFO - Sync 1 DAGs
[2026-08-26T14:14:21.087+0000] {logging_mixin.py:190} INFO - [2026-08-26T14:14:21.086+0000] {dag.py:4180} INFO - Setting next_dagrun for airbyte_to_dbt_pipeline_prod to 2026-08-26 13:00:00+00:00, run_after=2026-08-26 14:00:00+00:00
[2026-08-26T14:14:21.123+0000] {processor.py:208} INFO - Processing /opt/airflow/dags/prod/airbyte_to_dbt_prod.py took 0.400 seconds
[2026-08-26T14:14:51.312+0000] {processor.py:186} INFO - Started process (PID=6486) to work on /opt/airflow/dags/prod/airbyte_to_dbt_prod.py
[2026-08-26T14:14:51.313+0000] {processor.py:914} INFO - Processing file /opt/airflow/dags/prod/airbyte_to_dbt_prod.py for tasks to queue
[2026-08-26T14:14:51.316+0000] {logging_mixin.py:190} INFO - [2026-08-26T14:14:51.316+0000] {dagbag.py:588} INFO - Filling up the DagBag from /opt/airflow/dags/prod/airbyte_to_dbt_prod.py
[2026-08-26T14:14:51.344+0000] {processor.py:925} INFO - DAG(s) 'airbyte_to_dbt_pipeline_prod' retrieved from /opt/airflow/dags/prod/airbyte_to_dbt_prod.py
[2026-08-26T14:14:51.402+0000] {logging_mixin.py:190} INFO - [2026-08-26T14:14:51.401+0000] {dag.py:3239} INFO - Sync 1 DAGs
[2026-08-26T14:14:51.441+0000] {logging_mixin.py:190} INFO - [2026-08-26T14:14:51.441+0000] {dag.py:4180} INFO - Setting next_dagrun for airbyte_to_dbt_pipeline_prod to 2026-08-26 13:00:00+00:00, run_after=2026-08-26 14:00:00+00:00
[2026-08-26T14:14:51.468+0000] {processor.py:208} INFO - Processing /opt/airflow/dags/prod/airbyte_to_dbt_prod.py took 0.164 seconds
[2026-08-26T14:15:21.634+0000] {processor.py:186} INFO - Started process (PID=6496) to work on /opt/airflow/dags/prod/airbyte_to_dbt_prod.py
[2026-08-26T14:15:21.635+0000] {processor.py:914} INFO - Processing file /opt/airflow/dags/prod/airbyte_to_dbt_prod.py for tasks to queue
[2026-08-26T14:15:21.639+0000] {logging_mixin.py:190} INFO - [2026-08-26T14:15:21.638+0000] {dagbag.py:588} INFO - Filling up the DagBag from /opt/airflow/dags/prod/airbyte_to_dbt_prod.py
[2026-08-26T14:15:21.665+0000] {processor.py:925} INFO - DAG(s) 'airbyte_to_dbt_pipeline_prod' retrieved from /opt/airflow/dags/prod/airbyte_to_dbt_prod.py
[2026-08-26T14:15:21.711+0000] {logging_mixin.py:190} INFO - [2026-08-26T14:15:21.711+0000] {dag.py:3239} INFO - Sync 1 DAGs
[2026-08-26T14:15:21.754+0000] {logging_mixin.py:190} INFO - [2026-08-26T14:15:21.754+0000] {dag.py:4180} INFO - Setting next_dagrun for airbyte_to_dbt_pipeline_prod to 2026-08-26 13:00:00+00:00, run_after=2026-08-26 14:00:00+00:00
[2026-08-26T14:15:21.793+0000] {processor.py:208} INFO - Processing /opt/airflow/dags/prod/airbyte_to_dbt_prod.py took 0.169 seconds
[2026-08-26T14:15:51.955+0000] {processor.py:186} INFO - Started process (PID=6506) to work on /opt/airflow/dags/prod/airbyte_to_dbt_prod.py
[2026-08-26T14:15:51.957+0000] {processor.py:914} INFO - Processing file /opt/airflow/dags/prod/airbyte_to_dbt_prod.py for tasks to queue
[2026-08-26T14:15:51.960+0000] {logging_mixin.py:190} INFO - [2026-08-26T14:15:51.960+0000] {dagbag.py:588} INFO - Filling up the DagBag from /opt/airflow/dags/prod/airbyte_to_dbt_prod.py
[2026-08-26T14:15:51.985+0000] {processor.py:925} INFO - DAG(s) 'airbyte_to_dbt_pipeline_prod' retrieved from /opt/airflow/dags/prod/airbyte_to_dbt_prod.py
[2026-08-26T14:15:52.041+0000] {logging_mixin.py:190} INFO - [2026-08-26T14:15:52.040+0000] {dag.py:3239} INFO - Sync 1 DAGs
[2026-08-26T14:15:52.081+0000] {logging_mixin.py:190} INFO - [2026-08-26T14:15:52.081+0000] {dag.py:4180} INFO - Setting next_dagrun for airbyte_to_dbt_pipeline_prod to 2026-08-26 13:00:00+00:00, run_after=2026-08-26 14:00:00+00:00
[2026-08-26T14:15:52.106+0000] {processor.py:208} INFO - Processing /opt/airflow/dags/prod/airbyte_to_dbt_prod.py took 0.165 seconds
[2026-08-26T14:16:22.793+0000] {processor.py:186} INFO - Started process (PID=6514) to work on /opt/airflow/dags/prod/airbyte_to_dbt_prod.py
[2026-08-26T14:16:22.803+0000] {processor.py:914} INFO - Processing file /opt/airflow/dags/prod/airbyte_to_dbt_prod.py for tasks to queue
[2026-08-26T14:16:22.863+0000] {logging_mixin.py:190} INFO - [2026-08-26T14:16:22.862+0000] {dagbag.py:588} INFO - Filling up the DagBag from /opt/airflow/dags/prod/airbyte_to_dbt_prod.py
[2026-08-26T14:16:23.182+0000] {processor.py:925} INFO - DAG(s) 'airbyte_to_dbt_pipeline_prod' retrieved from /opt/airflow/dags/prod/airbyte_to_dbt_prod.py
[2026-08-26T14:16:23.690+0000] {logging_mixin.py:190} INFO - [2026-08-26T14:16:23.690+0000] {dag.py:3239} INFO - Sync 1 DAGs
[2026-08-26T14:16:24.084+0000] {logging_mixin.py:190} INFO - [2026-08-26T14:16:24.083+0000] {dag.py:4180} INFO - Setting next_dagrun for airbyte_to_dbt_pipeline_prod to 2026-08-26 13:00:00+00:00, run_after=2026-08-26 14:00:00+00:00
[2026-08-26T14:16:24.134+0000] {processor.py:208} INFO - Processing /opt/airflow/dags/prod/airbyte_to_dbt_prod.py took 1.601 seconds
[2026-08-26T14:16:54.369+0000] {processor.py:186} INFO - Started process (PID=6526) to work on /opt/airflow/dags/prod/airbyte_to_dbt_prod.py
[2026-08-26T14:16:54.370+0000] {processor.py:914} INFO - Processing file /opt/airflow/dags/prod/airbyte_to_dbt_prod.py for tasks to queue
[2026-08-26T14:16:54.374+0000] {logging_mixin.py:190} INFO - [2026-08-26T14:16:54.374+0000] {dagbag.py:588} INFO - Filling up the DagBag from /opt/airflow/dags/prod/airbyte_to_dbt_prod.py
[2026-08-26T14:16:54.403+0000] {processor.py:925} INFO - DAG(s) 'airbyte_to_dbt_pipeline_prod' retrieved from /opt/airflow/dags/prod/airbyte_to_dbt_prod.py
[2026-08-26T14:16:54.472+0000] {logging_mixin.py:190} INFO - [2026-08-26T14:16:54.472+0000] {dag.py:3239} INFO - Sync 1 DAGs
[2026-08-26T14:16:54.520+0000] {logging_mixin.py:190} INFO - [2026-08-26T14:16:54.520+0000] {dag.py:4180} INFO - Setting next_dagrun for airbyte_to_dbt_pipeline_prod to 2026-08-26 13:00:00+00:00, run_after=2026-08-26 14:00:00+00:00
[2026-08-26T14:16:54.551+0000] {processor.py:208} INFO - Processing /opt/airflow/dags/prod/airbyte_to_dbt_prod.py took 0.194 seconds
[2026-08-26T14:17:24.723+0000] {processor.py:186} INFO - Started process (PID=6536) to work on /opt/airflow/dags/prod/airbyte_to_dbt_prod.py
[2026-08-26T14:17:24.724+0000] {processor.py:914} INFO - Processing file /opt/airflow/dags/prod/airbyte_to_dbt_prod.py for tasks to queue
[2026-08-26T14:17:24.727+0000] {logging_mixin.py:190} INFO - [2026-08-26T14:17:24.727+0000] {dagbag.py:588} INFO - Filling up the DagBag from /opt/airflow/dags/prod/airbyte_to_dbt_prod.py
[2026-08-26T14:17:24.751+0000] {processor.py:925} INFO - DAG(s) 'airbyte_to_dbt_pipeline_prod' retrieved from /opt/airflow/dags/prod/airbyte_to_dbt_prod.py
[2026-08-26T14:17:24.807+0000] {logging_mixin.py:190} INFO - [2026-08-26T14:17:24.806+0000] {dag.py:3239} INFO - Sync 1 DAGs
[2026-08-26T14:17:24.851+0000] {logging_mixin.py:190} INFO - [2026-08-26T14:17:24.850+0000] {dag.py:4180} INFO - Setting next_dagrun for airbyte_to_dbt_pipeline_prod to 2026-08-26 13:00:00+00:00, run_after=2026-08-26 14:00:00+00:00
[2026-08-26T14:17:24.880+0000] {processor.py:208} INFO - Processing /opt/airflow/dags/prod/airbyte_to_dbt_prod.py took 0.166 seconds
[2026-08-26T14:17:55.068+0000] {processor.py:186} INFO - Started process (PID=6546) to work on /opt/airflow/dags/prod/airbyte_to_dbt_prod.py
[2026-08-26T14:17:55.069+0000] {processor.py:914} INFO - Processing file /opt/airflow/dags/prod/airbyte_to_dbt_prod.py for tasks to queue
[2026-08-26T14:17:55.074+0000] {logging_mixin.py:190} INFO - [2026-08-26T14:17:55.074+0000] {dagbag.py:588} INFO - Filling up the DagBag from /opt/airflow/dags/prod/airbyte_to_dbt_prod.py
[2026-08-26T14:17:55.107+0000] {processor.py:925} INFO - DAG(s) 'airbyte_to_dbt_pipeline_prod' retrieved from /opt/airflow/dags/prod/airbyte_to_dbt_prod.py
[2026-08-26T14:17:55.152+0000] {logging_mixin.py:190} INFO - [2026-08-26T14:17:55.152+0000] {dag.py:3239} INFO - Sync 1 DAGs
[2026-08-26T14:17:55.185+0000] {logging_mixin.py:190} INFO - [2026-08-26T14:17:55.185+0000] {dag.py:4180} INFO - Setting next_dagrun for airbyte_to_dbt_pipeline_prod to 2026-08-26 13:00:00+00:00, run_after=2026-08-26 14:00:00+00:00
[2026-08-26T14:17:55.210+0000] {processor.py:208} INFO - Processing /opt/airflow/dags/prod/airbyte_to_dbt_prod.py took 0.152 seconds
[2026-08-26T14:18:25.410+0000] {processor.py:186} INFO - Started process (PID=6556) to work on /opt/airflow/dags/prod/airbyte_to_dbt_prod.py
[2026-08-26T14:18:25.411+0000] {processor.py:914} INFO - Processing file /opt/airflow/dags/prod/airbyte_to_dbt_prod.py for tasks to queue
[2026-08-26T14:18:25.414+0000] {logging_mixin.py:190} INFO - [2026-08-26T14:18:25.414+0000] {dagbag.py:588} INFO - Filling up the DagBag from /opt/airflow/dags/prod/airbyte_to_dbt_prod.py
[2026-08-26T14:18:25.444+0000] {processor.py:925} INFO - DAG(s) 'airbyte_to_dbt_pipeline_prod' retrieved from /opt/airflow/dags/prod/airbyte_to_dbt_prod.py
[2026-08-26T14:18:25.506+0000] {logging_mixin.py:190} INFO - [2026-08-26T14:18:25.506+0000] {dag.py:3239} INFO - Sync 1 DAGs
[2026-08-26T14:18:25.543+0000] {logging_mixin.py:190} INFO - [2026-08-26T14:18:25.542+0000] {dag.py:4180} INFO - Setting next_dagrun for airbyte_to_dbt_pipeline_prod to 2026-08-26 13:00:00+00:00, run_after=2026-08-26 14:00:00+00:00
[2026-08-26T14:18:25.568+0000] {processor.py:208} INFO - Processing /opt/airflow/dags/prod/airbyte_to_dbt_prod.py took 0.168 seconds
[2026-08-26T14:18:55.740+0000] {processor.py:186} INFO - Started process (PID=6566) to work on /opt/airflow/dags/prod/airbyte_to_dbt_prod.py
[2026-08-26T14:18:55.742+0000] {processor.py:914} INFO - Processing file /opt/airflow/dags/prod/airbyte_to_dbt_prod.py for tasks to queue
[2026-08-26T14:18:55.745+0000] {logging_mixin.py:190} INFO - [2026-08-26T14:18:55.744+0000] {dagbag.py:588} INFO - Filling up the DagBag from /opt/airflow/dags/prod/airbyte_to_dbt_prod.py
[2026-08-26T14:18:55.768+0000] {processor.py:925} INFO - DAG(s) 'airbyte_to_dbt_pipeline_prod' retrieved from /opt/airflow/dags/prod/airbyte_to_dbt_prod.py
[2026-08-26T14:18:55.811+0000] {logging_mixin.py:190} INFO - [2026-08-26T14:18:55.811+0000] {dag.py:3239} INFO - Sync 1 DAGs
[2026-08-26T14:18:55.845+0000] {logging_mixin.py:190} INFO - [2026-08-26T14:18:55.844+0000] {dag.py:4180} INFO - Setting next_dagrun for airbyte_to_dbt_pipeline_prod to 2026-08-26 13:00:00+00:00, run_after=2026-08-26 14:00:00+00:00
[2026-08-26T14:18:55.877+0000] {processor.py:208} INFO - Processing /opt/airflow/dags/prod/airbyte_to_dbt_prod.py took 0.148 seconds
[2026-08-26T14:19:26.039+0000] {processor.py:186} INFO - Started process (PID=6576) to work on /opt/airflow/dags/prod/airbyte_to_dbt_prod.py
[2026-08-26T14:19:26.040+0000] {processor.py:914} INFO - Processing file /opt/airflow/dags/prod/airbyte_to_dbt_prod.py for tasks to queue
[2026-08-26T14:19:26.042+0000] {logging_mixin.py:190} INFO - [2026-08-26T14:19:26.042+0000] {dagbag.py:588} INFO - Filling up the DagBag from /opt/airflow/dags/prod/airbyte_to_dbt_prod.py
[2026-08-26T14:19:26.065+0000] {processor.py:925} INFO - DAG(s) 'airbyte_to_dbt_pipeline_prod' retrieved from /opt/airflow/dags/prod/airbyte_to_dbt_prod.py
[2026-08-26T14:19:26.106+0000] {logging_mixin.py:190} INFO - [2026-08-26T14:19:26.106+0000] {dag.py:3239} INFO - Sync 1 DAGs
[2026-08-26T14:19:26.133+0000] {logging_mixin.py:190} INFO - [2026-08-26T14:19:26.133+0000] {dag.py:4180} INFO - Setting next_dagrun for airbyte_to_dbt_pipeline_prod to 2026-08-26 13:00:00+00:00, run_after=2026-08-26 14:00:00+00:00
[2026-08-26T14:19:26.158+0000] {processor.py:208} INFO - Processing /opt/airflow/dags/prod/airbyte_to_dbt_prod.py took 0.129 seconds
[2026-08-26T14:19:56.338+0000] {processor.py:186} INFO - Started process (PID=6586) to work on /opt/airflow/dags/prod/airbyte_to_dbt_prod.py
[2026-08-26T14:19:56.340+0000] {processor.py:914} INFO - Processing file /opt/airflow/dags/prod/airbyte_to_dbt_prod.py for tasks to queue
[2026-08-26T14:19:56.344+0000] {logging_mixin.py:190} INFO - [2026-08-26T14:19:56.344+0000] {dagbag.py:588} INFO - Filling up the DagBag from /opt/airflow/dags/prod/airbyte_to_dbt_prod.py
[2026-08-26T14:19:56.375+0000] {processor.py:925} INFO - DAG(s) 'airbyte_to_dbt_pipeline_prod' retrieved from /opt/airflow/dags/prod/airbyte_to_dbt_prod.py
[2026-08-26T14:19:56.432+0000] {logging_mixin.py:190} INFO - [2026-08-26T14:19:56.432+0000] {dag.py:3239} INFO - Sync 1 DAGs
[2026-08-26T14:19:56.475+0000] {logging_mixin.py:190} INFO - [2026-08-26T14:19:56.475+0000] {dag.py:4180} INFO - Setting next_dagrun for airbyte_to_dbt_pipeline_prod to 2026-08-26 13:00:00+00:00, run_after=2026-08-26 14:00:00+00:00
[2026-08-26T14:19:56.502+0000] {processor.py:208} INFO - Processing /opt/airflow/dags/prod/airbyte_to_dbt_prod.py took 0.175 seconds
[2026-08-26T14:20:26.648+0000] {processor.py:186} INFO - Started process (PID=6596) to work on /opt/airflow/dags/prod/airbyte_to_dbt_prod.py
[2026-08-26T14:20:26.649+0000] {processor.py:914} INFO - Processing file /opt/airflow/dags/prod/airbyte_to_dbt_prod.py for tasks to queue
[2026-08-26T14:20:26.653+0000] {logging_mixin.py:190} INFO - [2026-08-26T14:20:26.653+0000] {dagbag.py:588} INFO - Filling up the DagBag from /opt/airflow/dags/prod/airbyte_to_dbt_prod.py
[2026-08-26T14:20:26.685+0000] {processor.py:925} INFO - DAG(s) 'airbyte_to_dbt_pipeline_prod' retrieved from /opt/airflow/dags/prod/airbyte_to_dbt_prod.py
[2026-08-26T14:20:26.730+0000] {logging_mixin.py:190} INFO - [2026-08-26T14:20:26.729+0000] {dag.py:3239} INFO - Sync 1 DAGs
[2026-08-26T14:20:26.764+0000] {logging_mixin.py:190} INFO - [2026-08-26T14:20:26.764+0000] {dag.py:4180} INFO - Setting next_dagrun for airbyte_to_dbt_pipeline_prod to 2026-08-26 13:00:00+00:00, run_after=2026-08-26 14:00:00+00:00
[2026-08-26T14:20:26.790+0000] {processor.py:208} INFO - Processing /opt/airflow/dags/prod/airbyte_to_dbt_prod.py took 0.156 seconds
[2026-08-26T14:20:56.966+0000] {processor.py:186} INFO - Started process (PID=6606) to work on /opt/airflow/dags/prod/airbyte_to_dbt_prod.py
[2026-08-26T14:20:56.968+0000] {processor.py:914} INFO - Processing file /opt/airflow/dags/prod/airbyte_to_dbt_prod.py for tasks to queue
[2026-08-26T14:20:56.972+0000] {logging_mixin.py:190} INFO - [2026-08-26T14:20:56.972+0000] {dagbag.py:588} INFO - Filling up the DagBag from /opt/airflow/dags/prod/airbyte_to_dbt_prod.py
[2026-08-26T14:20:57.002+0000] {processor.py:925} INFO - DAG(s) 'airbyte_to_dbt_pipeline_prod' retrieved from /opt/airflow/dags/prod/airbyte_to_dbt_prod.py
[2026-08-26T14:20:57.045+0000] {logging_mixin.py:190} INFO - [2026-08-26T14:20:57.045+0000] {dag.py:3239} INFO - Sync 1 DAGs
[2026-08-26T14:20:57.082+0000] {logging_mixin.py:190} INFO - [2026-08-26T14:20:57.081+0000] {dag.py:4180} INFO - Setting next_dagrun for airbyte_to_dbt_pipeline_prod to 2026-08-26 13:00:00+00:00, run_after=2026-08-26 14:00:00+00:00
[2026-08-26T14:20:57.108+0000] {processor.py:208} INFO - Processing /opt/airflow/dags/prod/airbyte_to_dbt_prod.py took 0.154 seconds
[2026-08-26T14:21:27.297+0000] {processor.py:186} INFO - Started process (PID=6616) to work on /opt/airflow/dags/prod/airbyte_to_dbt_prod.py
[2026-08-26T14:21:27.298+0000] {processor.py:914} INFO - Processing file /opt/airflow/dags/prod/airbyte_to_dbt_prod.py for tasks to queue
[2026-08-26T14:21:27.302+0000] {logging_mixin.py:190} INFO - [2026-08-26T14:21:27.301+0000] {dagbag.py:588} INFO - Filling up the DagBag from /opt/airflow/dags/prod/airbyte_to_dbt_prod.py
[2026-08-26T14:21:27.328+0000] {processor.py:925} INFO - DAG(s) 'airbyte_to_dbt_pipeline_prod' retrieved from /opt/airflow/dags/prod/airbyte_to_dbt_prod.py
[2026-08-26T14:21:27.373+0000] {logging_mixin.py:190} INFO - [2026-08-26T14:21:27.372+0000] {dag.py:3239} INFO - Sync 1 DAGs
[2026-08-26T14:21:27.406+0000] {logging_mixin.py:190} INFO - [2026-08-26T14:21:27.406+0000] {dag.py:4180} INFO - Setting next_dagrun for airbyte_to_dbt_pipeline_prod to 2026-08-26 13:00:00+00:00, run_after=2026-08-26 14:00:00+00:00
[2026-08-26T14:21:27.431+0000] {processor.py:208} INFO - Processing /opt/airflow/dags/prod/airbyte_to_dbt_prod.py took 0.144 seconds
[2026-08-26T14:21:57.593+0000] {processor.py:186} INFO - Started process (PID=6626) to work on /opt/airflow/dags/prod/airbyte_to_dbt_prod.py
[2026-08-26T14:21:57.595+0000] {processor.py:914} INFO - Processing file /opt/airflow/dags/prod/airbyte_to_dbt_prod.py for tasks to queue
[2026-08-26T14:21:57.599+0000] {logging_mixin.py:190} INFO - [2026-08-26T14:21:57.599+0000] {dagbag.py:588} INFO - Filling up the DagBag from /opt/airflow/dags/prod/airbyte_to_dbt_prod.py
[2026-08-26T14:21:57.625+0000] {processor.py:925} INFO - DAG(s) 'airbyte_to_dbt_pipeline_prod' retrieved from /opt/airflow/dags/prod/airbyte_to_dbt_prod.py
[2026-08-26T14:21:57.676+0000] {logging_mixin.py:190} INFO - [2026-08-26T14:21:57.676+0000] {dag.py:3239} INFO - Sync 1 DAGs
[2026-08-26T14:21:57.710+0000] {logging_mixin.py:190} INFO - [2026-08-26T14:21:57.709+0000] {dag.py:4180} INFO - Setting next_dagrun for airbyte_to_dbt_pipeline_prod to 2026-08-26 13:00:00+00:00, run_after=2026-08-26 14:00:00+00:00
[2026-08-26T14:21:57.743+0000] {processor.py:208} INFO - Processing /opt/airflow/dags/prod/airbyte_to_dbt_prod.py took 0.159 seconds
[2026-08-26T14:22:27.960+0000] {processor.py:186} INFO - Started process (PID=6636) to work on /opt/airflow/dags/prod/airbyte_to_dbt_prod.py
[2026-08-26T14:22:27.961+0000] {processor.py:914} INFO - Processing file /opt/airflow/dags/prod/airbyte_to_dbt_prod.py for tasks to queue
[2026-08-26T14:22:27.966+0000] {logging_mixin.py:190} INFO - [2026-08-26T14:22:27.966+0000] {dagbag.py:588} INFO - Filling up the DagBag from /opt/airflow/dags/prod/airbyte_to_dbt_prod.py
[2026-08-26T14:22:28.001+0000] {processor.py:925} INFO - DAG(s) 'airbyte_to_dbt_pipeline_prod' retrieved from /opt/airflow/dags/prod/airbyte_to_dbt_prod.py
[2026-08-26T14:22:28.050+0000] {logging_mixin.py:190} INFO - [2026-08-26T14:22:28.050+0000] {dag.py:3239} INFO - Sync 1 DAGs
[2026-08-26T14:22:28.083+0000] {logging_mixin.py:190} INFO - [2026-08-26T14:22:28.083+0000] {dag.py:4180} INFO - Setting next_dagrun for airbyte_to_dbt_pipeline_prod to 2026-08-26 13:00:00+00:00, run_after=2026-08-26 14:00:00+00:00
[2026-08-26T14:22:28.110+0000] {processor.py:208} INFO - Processing /opt/airflow/dags/prod/airbyte_to_dbt_prod.py took 0.163 seconds
[2026-08-26T14:22:58.290+0000] {processor.py:186} INFO - Started process (PID=6646) to work on /opt/airflow/dags/prod/airbyte_to_dbt_prod.py
[2026-08-26T14:22:58.290+0000] {processor.py:914} INFO - Processing file /opt/airflow/dags/prod/airbyte_to_dbt_prod.py for tasks to queue
[2026-08-26T14:22:58.293+0000] {logging_mixin.py:190} INFO - [2026-08-26T14:22:58.293+0000] {dagbag.py:588} INFO - Filling up the DagBag from /opt/airflow/dags/prod/airbyte_to_dbt_prod.py
[2026-08-26T14:22:58.316+0000] {processor.py:925} INFO - DAG(s) 'airbyte_to_dbt_pipeline_prod' retrieved from /opt/airflow/dags/prod/airbyte_to_dbt_prod.py
[2026-08-26T14:22:58.359+0000] {logging_mixin.py:190} INFO - [2026-08-26T14:22:58.359+0000] {dag.py:3239} INFO - Sync 1 DAGs
[2026-08-26T14:22:58.395+0000] {logging_mixin.py:190} INFO - [2026-08-26T14:22:58.395+0000] {dag.py:4180} INFO - Setting next_dagrun for airbyte_to_dbt_pipeline_prod to 2026-08-26 13:00:00+00:00, run_after=2026-08-26 14:00:00+00:00
[2026-08-26T14:22:58.420+0000] {processor.py:208} INFO - Processing /opt/airflow/dags/prod/airbyte_to_dbt_prod.py took 0.139 seconds
[2026-08-26T14:23:28.582+0000] {processor.py:186} INFO - Started process (PID=6656) to work on /opt/airflow/dags/prod/airbyte_to_dbt_prod.py
[2026-08-26T14:23:28.584+0000] {processor.py:914} INFO - Processing file /opt/airflow/dags/prod/airbyte_to_dbt_prod.py for tasks to queue
[2026-08-26T14:23:28.588+0000] {logging_mixin.py:190} INFO - [2026-08-26T14:23:28.587+0000] {dagbag.py:588} INFO - Filling up the DagBag from /opt/airflow/dags/prod/airbyte_to_dbt_prod.py
[2026-08-26T14:23:28.616+0000] {processor.py:925} INFO - DAG(s) 'airbyte_to_dbt_pipeline_prod' retrieved from /opt/airflow/dags/prod/airbyte_to_dbt_prod.py
[2026-08-26T14:23:28.659+0000] {logging_mixin.py:190} INFO - [2026-08-26T14:23:28.659+0000] {dag.py:3239} INFO - Sync 1 DAGs
[2026-08-26T14:23:28.690+0000] {logging_mixin.py:190} INFO - [2026-08-26T14:23:28.689+0000] {dag.py:4180} INFO - Setting next_dagrun for airbyte_to_dbt_pipeline_prod to 2026-08-26 13:00:00+00:00, run_after=2026-08-26 14:00:00+00:00
[2026-08-26T14:23:28.714+0000] {processor.py:208} INFO - Processing /opt/airflow/dags/prod/airbyte_to_dbt_prod.py took 0.143 seconds
[2026-08-26T14:23:58.877+0000] {processor.py:186} INFO - Started process (PID=6666) to work on /opt/airflow/dags/prod/airbyte_to_dbt_prod.py
[2026-08-26T14:23:58.878+0000] {processor.py:914} INFO - Processing file /opt/airflow/dags/prod/airbyte_to_dbt_prod.py for tasks to queue
[2026-08-26T14:23:58.881+0000] {logging_mixin.py:190} INFO - [2026-08-26T14:23:58.881+0000] {dagbag.py:588} INFO - Filling up the DagBag from /opt/airflow/dags/prod/airbyte_to_dbt_prod.py
[2026-08-26T14:23:58.908+0000] {processor.py:925} INFO - DAG(s) 'airbyte_to_dbt_pipeline_prod' retrieved from /opt/airflow/dags/prod/airbyte_to_dbt_prod.py
[2026-08-26T14:23:58.950+0000] {logging_mixin.py:190} INFO - [2026-08-26T14:23:58.950+0000] {dag.py:3239} INFO - Sync 1 DAGs
[2026-08-26T14:23:58.983+0000] {logging_mixin.py:190} INFO - [2026-08-26T14:23:58.982+0000] {dag.py:4180} INFO - Setting next_dagrun for airbyte_to_dbt_pipeline_prod to 2026-08-26 13:00:00+00:00, run_after=2026-08-26 14:00:00+00:00
[2026-08-26T14:23:59.006+0000] {processor.py:208} INFO - Processing /opt/airflow/dags/prod/airbyte_to_dbt_prod.py took 0.137 seconds
[2026-08-26T14:24:29.173+0000] {processor.py:186} INFO - Started process (PID=6676) to work on /opt/airflow/dags/prod/airbyte_to_dbt_prod.py
[2026-08-26T14:24:29.175+0000] {processor.py:914} INFO - Processing file /opt/airflow/dags/prod/airbyte_to_dbt_prod.py for tasks to queue
[2026-08-26T14:24:29.178+0000] {logging_mixin.py:190} INFO - [2026-08-26T14:24:29.177+0000] {dagbag.py:588} INFO - Filling up the DagBag from /opt/airflow/dags/prod/airbyte_to_dbt_prod.py
[2026-08-26T14:24:29.198+0000] {processor.py:925} INFO - DAG(s) 'airbyte_to_dbt_pipeline_prod' retrieved from /opt/airflow/dags/prod/airbyte_to_dbt_prod.py
[2026-08-26T14:24:29.249+0000] {logging_mixin.py:190} INFO - [2026-08-26T14:24:29.249+0000] {dag.py:3239} INFO - Sync 1 DAGs
[2026-08-26T14:24:29.280+0000] {logging_mixin.py:190} INFO - [2026-08-26T14:24:29.280+0000] {dag.py:4180} INFO - Setting next_dagrun for airbyte_to_dbt_pipeline_prod to 2026-08-26 13:00:00+00:00, run_after=2026-08-26 14:00:00+00:00
[2026-08-26T14:24:29.303+0000] {processor.py:208} INFO - Processing /opt/airflow/dags/prod/airbyte_to_dbt_prod.py took 0.140 seconds
[2026-08-26T14:24:59.477+0000] {processor.py:186} INFO - Started process (PID=6686) to work on /opt/airflow/dags/prod/airbyte_to_dbt_prod.py
[2026-08-26T14:24:59.479+0000] {processor.py:914} INFO - Processing file /opt/airflow/dags/prod/airbyte_to_dbt_prod.py for tasks to queue
[2026-08-26T14:24:59.483+0000] {logging_mixin.py:190} INFO - [2026-08-26T14:24:59.482+0000] {dagbag.py:588} INFO - Filling up the DagBag from /opt/airflow/dags/prod/airbyte_to_dbt_prod.py
[2026-08-26T14:24:59.513+0000] {processor.py:925} INFO - DAG(s) 'airbyte_to_dbt_pipeline_prod' retrieved from /opt/airflow/dags/prod/airbyte_to_dbt_prod.py
[2026-08-26T14:24:59.565+0000] {logging_mixin.py:190} INFO - [2026-08-26T14:24:59.565+0000] {dag.py:3239} INFO - Sync 1 DAGs
[2026-08-26T14:24:59.608+0000] {logging_mixin.py:190} INFO - [2026-08-26T14:24:59.607+0000] {dag.py:4180} INFO - Setting next_dagrun for airbyte_to_dbt_pipeline_prod to 2026-08-26 13:00:00+00:00, run_after=2026-08-26 14:00:00+00:00
[2026-08-26T14:24:59.630+0000] {processor.py:208} INFO - Processing /opt/airflow/dags/prod/airbyte_to_dbt_prod.py took 0.164 seconds
[2026-08-26T14:25:29.783+0000] {processor.py:186} INFO - Started process (PID=6696) to work on /opt/airflow/dags/prod/airbyte_to_dbt_prod.py
[2026-08-26T14:25:29.784+0000] {processor.py:914} INFO - Processing file /opt/airflow/dags/prod/airbyte_to_dbt_prod.py for tasks to queue
[2026-08-26T14:25:29.788+0000] {logging_mixin.py:190} INFO - [2026-08-26T14:25:29.788+0000] {dagbag.py:588} INFO - Filling up the DagBag from /opt/airflow/dags/prod/airbyte_to_dbt_prod.py
[2026-08-26T14:25:29.812+0000] {processor.py:925} INFO - DAG(s) 'airbyte_to_dbt_pipeline_prod' retrieved from /opt/airflow/dags/prod/airbyte_to_dbt_prod.py
[2026-08-26T14:25:29.855+0000] {logging_mixin.py:190} INFO - [2026-08-26T14:25:29.855+0000] {dag.py:3239} INFO - Sync 1 DAGs
[2026-08-26T14:25:29.888+0000] {logging_mixin.py:190} INFO - [2026-08-26T14:25:29.887+0000] {dag.py:4180} INFO - Setting next_dagrun for airbyte_to_dbt_pipeline_prod to 2026-08-26 13:00:00+00:00, run_after=2026-08-26 14:00:00+00:00
[2026-08-26T14:25:29.912+0000] {processor.py:208} INFO - Processing /opt/airflow/dags/prod/airbyte_to_dbt_prod.py took 0.140 seconds
[2026-08-26T14:26:00.086+0000] {processor.py:186} INFO - Started process (PID=6706) to work on /opt/airflow/dags/prod/airbyte_to_dbt_prod.py
[2026-08-26T14:26:00.087+0000] {processor.py:914} INFO - Processing file /opt/airflow/dags/prod/airbyte_to_dbt_prod.py for tasks to queue
[2026-08-26T14:26:00.090+0000] {logging_mixin.py:190} INFO - [2026-08-26T14:26:00.089+0000] {dagbag.py:588} INFO - Filling up the DagBag from /opt/airflow/dags/prod/airbyte_to_dbt_prod.py
[2026-08-26T14:26:00.112+0000] {processor.py:925} INFO - DAG(s) 'airbyte_to_dbt_pipeline_prod' retrieved from /opt/airflow/dags/prod/airbyte_to_dbt_prod.py
[2026-08-26T14:26:00.162+0000] {logging_mixin.py:190} INFO - [2026-08-26T14:26:00.162+0000] {dag.py:3239} INFO - Sync 1 DAGs
[2026-08-26T14:26:00.199+0000] {logging_mixin.py:190} INFO - [2026-08-26T14:26:00.199+0000] {dag.py:4180} INFO - Setting next_dagrun for airbyte_to_dbt_pipeline_prod to 2026-08-26 13:00:00+00:00, run_after=2026-08-26 14:00:00+00:00
[2026-08-26T14:26:00.224+0000] {processor.py:208} INFO - Processing /opt/airflow/dags/prod/airbyte_to_dbt_prod.py took 0.146 seconds
[2026-08-26T14:26:30.388+0000] {processor.py:186} INFO - Started process (PID=6716) to work on /opt/airflow/dags/prod/airbyte_to_dbt_prod.py
[2026-08-26T14:26:30.390+0000] {processor.py:914} INFO - Processing file /opt/airflow/dags/prod/airbyte_to_dbt_prod.py for tasks to queue
[2026-08-26T14:26:30.393+0000] {logging_mixin.py:190} INFO - [2026-08-26T14:26:30.393+0000] {dagbag.py:588} INFO - Filling up the DagBag from /opt/airflow/dags/prod/airbyte_to_dbt_prod.py
[2026-08-26T14:26:30.415+0000] {processor.py:925} INFO - DAG(s) 'airbyte_to_dbt_pipeline_prod' retrieved from /opt/airflow/dags/prod/airbyte_to_dbt_prod.py
[2026-08-26T14:26:30.468+0000] {logging_mixin.py:190} INFO - [2026-08-26T14:26:30.468+0000] {dag.py:3239} INFO - Sync 1 DAGs
[2026-08-26T14:26:30.513+0000] {logging_mixin.py:190} INFO - [2026-08-26T14:26:30.512+0000] {dag.py:4180} INFO - Setting next_dagrun for airbyte_to_dbt_pipeline_prod to 2026-08-26 13:00:00+00:00, run_after=2026-08-26 14:00:00+00:00
[2026-08-26T14:26:30.543+0000] {processor.py:208} INFO - Processing /opt/airflow/dags/prod/airbyte_to_dbt_prod.py took 0.163 seconds
[2026-08-26T14:27:00.720+0000] {processor.py:186} INFO - Started process (PID=6726) to work on /opt/airflow/dags/prod/airbyte_to_dbt_prod.py
[2026-08-26T14:27:00.722+0000] {processor.py:914} INFO - Processing file /opt/airflow/dags/prod/airbyte_to_dbt_prod.py for tasks to queue
[2026-08-26T14:27:00.727+0000] {logging_mixin.py:190} INFO - [2026-08-26T14:27:00.726+0000] {dagbag.py:588} INFO - Filling up the DagBag from /opt/airflow/dags/prod/airbyte_to_dbt_prod.py
[2026-08-26T14:27:00.754+0000] {processor.py:925} INFO - DAG(s) 'airbyte_to_dbt_pipeline_prod' retrieved from /opt/airflow/dags/prod/airbyte_to_dbt_prod.py
[2026-08-26T14:27:00.807+0000] {logging_mixin.py:190} INFO - [2026-08-26T14:27:00.807+0000] {dag.py:3239} INFO - Sync 1 DAGs
[2026-08-26T14:27:00.846+0000] {logging_mixin.py:190} INFO - [2026-08-26T14:27:00.846+0000] {dag.py:4180} INFO - Setting next_dagrun for airbyte_to_dbt_pipeline_prod to 2026-08-26 13:00:00+00:00, run_after=2026-08-26 14:00:00+00:00
[2026-08-26T14:27:00.869+0000] {processor.py:208} INFO - Processing /opt/airflow/dags/prod/airbyte_to_dbt_prod.py took 0.159 seconds
[2026-08-26T14:27:31.032+0000] {processor.py:186} INFO - Started process (PID=6736) to work on /opt/airflow/dags/prod/airbyte_to_dbt_prod.py
[2026-08-26T14:27:31.033+0000] {processor.py:914} INFO - Processing file /opt/airflow/dags/prod/airbyte_to_dbt_prod.py for tasks to queue
[2026-08-26T14:27:31.037+0000] {logging_mixin.py:190} INFO - [2026-08-26T14:27:31.036+0000] {dagbag.py:588} INFO - Filling up the DagBag from /opt/airflow/dags/prod/airbyte_to_dbt_prod.py
[2026-08-26T14:27:31.063+0000] {processor.py:925} INFO - DAG(s) 'airbyte_to_dbt_pipeline_prod' retrieved from /opt/airflow/dags/prod/airbyte_to_dbt_prod.py
[2026-08-26T14:27:31.110+0000] {logging_mixin.py:190} INFO - [2026-08-26T14:27:31.110+0000] {dag.py:3239} INFO - Sync 1 DAGs
[2026-08-26T14:27:31.146+0000] {logging_mixin.py:190} INFO - [2026-08-26T14:27:31.146+0000] {dag.py:4180} INFO - Setting next_dagrun for airbyte_to_dbt_pipeline_prod to 2026-08-26 13:00:00+00:00, run_after=2026-08-26 14:00:00+00:00
[2026-08-26T14:27:31.170+0000] {processor.py:208} INFO - Processing /opt/airflow/dags/prod/airbyte_to_dbt_prod.py took 0.148 seconds
[2026-08-26T14:28:01.368+0000] {processor.py:186} INFO - Started process (PID=6746) to work on /opt/airflow/dags/prod/airbyte_to_dbt_prod.py
[2026-08-26T14:28:01.369+0000] {processor.py:914} INFO - Processing file /opt/airflow/dags/prod/airbyte_to_dbt_prod.py for tasks to queue
[2026-08-26T14:28:01.376+0000] {logging_mixin.py:190} INFO - [2026-08-26T14:28:01.375+0000] {dagbag.py:588} INFO - Filling up the DagBag from /opt/airflow/dags/prod/airbyte_to_dbt_prod.py
[2026-08-26T14:28:01.407+0000] {processor.py:925} INFO - DAG(s) 'airbyte_to_dbt_pipeline_prod' retrieved from /opt/airflow/dags/prod/airbyte_to_dbt_prod.py
[2026-08-26T14:28:01.450+0000] {logging_mixin.py:190} INFO - [2026-08-26T14:28:01.450+0000] {dag.py:3239} INFO - Sync 1 DAGs
[2026-08-26T14:28:01.482+0000] {logging_mixin.py:190} INFO - [2026-08-26T14:28:01.481+0000] {dag.py:4180} INFO - Setting next_dagrun for airbyte_to_dbt_pipeline_prod to 2026-08-26 13:00:00+00:00, run_after=2026-08-26 14:00:00+00:00
[2026-08-26T14:28:01.507+0000] {processor.py:208} INFO - Processing /opt/airflow/dags/prod/airbyte_to_dbt_prod.py took 0.153 seconds
[2026-08-26T14:28:31.670+0000] {processor.py:186} INFO - Started process (PID=6756) to work on /opt/airflow/dags/prod/airbyte_to_dbt_prod.py
[2026-08-26T14:28:31.672+0000] {processor.py:914} INFO - Processing file /opt/airflow/dags/prod/airbyte_to_dbt_prod.py for tasks to queue
[2026-08-26T14:28:31.675+0000] {logging_mixin.py:190} INFO - [2026-08-26T14:28:31.674+0000] {dagbag.py:588} INFO - Filling up the DagBag from /opt/airflow/dags/prod/airbyte_to_dbt_prod.py
[2026-08-26T14:28:31.702+0000] {processor.py:925} INFO - DAG(s) 'airbyte_to_dbt_pipeline_prod' retrieved from /opt/airflow/dags/prod/airbyte_to_dbt_prod.py
[2026-08-26T14:28:31.745+0000] {logging_mixin.py:190} INFO - [2026-08-26T14:28:31.745+0000] {dag.py:3239} INFO - Sync 1 DAGs
[2026-08-26T14:28:31.778+0000] {logging_mixin.py:190} INFO - [2026-08-26T14:28:31.778+0000] {dag.py:4180} INFO - Setting next_dagrun for airbyte_to_dbt_pipeline_prod to 2026-08-26 13:00:00+00:00, run_after=2026-08-26 14:00:00+00:00
[2026-08-26T14:28:31.803+0000] {processor.py:208} INFO - Processing /opt/airflow/dags/prod/airbyte_to_dbt_prod.py took 0.141 seconds
[2026-08-26T14:29:01.960+0000] {processor.py:186} INFO - Started process (PID=6766) to work on /opt/airflow/dags/prod/airbyte_to_dbt_prod.py
[2026-08-26T14:29:01.961+0000] {processor.py:914} INFO - Processing file /opt/airflow/dags/prod/airbyte_to_dbt_prod.py for tasks to queue
[2026-08-26T14:29:01.964+0000] {logging_mixin.py:190} INFO - [2026-08-26T14:29:01.964+0000] {dagbag.py:588} INFO - Filling up the DagBag from /opt/airflow/dags/prod/airbyte_to_dbt_prod.py
[2026-08-26T14:29:01.991+0000] {processor.py:925} INFO - DAG(s) 'airbyte_to_dbt_pipeline_prod' retrieved from /opt/airflow/dags/prod/airbyte_to_dbt_prod.py
[2026-08-26T14:29:02.039+0000] {logging_mixin.py:190} INFO - [2026-08-26T14:29:02.039+0000] {dag.py:3239} INFO - Sync 1 DAGs
[2026-08-26T14:29:02.079+0000] {logging_mixin.py:190} INFO - [2026-08-26T14:29:02.078+0000] {dag.py:4180} INFO - Setting next_dagrun for airbyte_to_dbt_pipeline_prod to 2026-08-26 13:00:00+00:00, run_after=2026-08-26 14:00:00+00:00
[2026-08-26T14:29:02.101+0000] {processor.py:208} INFO - Processing /opt/airflow/dags/prod/airbyte_to_dbt_prod.py took 0.149 seconds
[2026-08-26T14:29:32.260+0000] {processor.py:186} INFO - Started process (PID=6776) to work on /opt/airflow/dags/prod/airbyte_to_dbt_prod.py
[2026-08-26T14:29:32.260+0000] {processor.py:914} INFO - Processing file /opt/airflow/dags/prod/airbyte_to_dbt_prod.py for tasks to queue
[2026-08-26T14:29:32.263+0000] {logging_mixin.py:190} INFO - [2026-08-26T14:29:32.263+0000] {dagbag.py:588} INFO - Filling up the DagBag from /opt/airflow/dags/prod/airbyte_to_dbt_prod.py
[2026-08-26T14:29:32.285+0000] {processor.py:925} INFO - DAG(s) 'airbyte_to_dbt_pipeline_prod' retrieved from /opt/airflow/dags/prod/airbyte_to_dbt_prod.py
[2026-08-26T14:29:32.341+0000] {logging_mixin.py:190} INFO - [2026-08-26T14:29:32.340+0000] {dag.py:3239} INFO - Sync 1 DAGs
[2026-08-26T14:29:32.378+0000] {logging_mixin.py:190} INFO - [2026-08-26T14:29:32.378+0000] {dag.py:4180} INFO - Setting next_dagrun for airbyte_to_dbt_pipeline_prod to 2026-08-26 13:00:00+00:00, run_after=2026-08-26 14:00:00+00:00
[2026-08-26T14:29:32.404+0000] {processor.py:208} INFO - Processing /opt/airflow/dags/prod/airbyte_to_dbt_prod.py took 0.153 seconds
[2026-08-26T14:30:02.585+0000] {processor.py:186} INFO - Started process (PID=6786) to work on /opt/airflow/dags/prod/airbyte_to_dbt_prod.py
[2026-08-26T14:30:02.586+0000] {processor.py:914} INFO - Processing file /opt/airflow/dags/prod/airbyte_to_dbt_prod.py for tasks to queue
[2026-08-26T14:30:02.591+0000] {logging_mixin.py:190} INFO - [2026-08-26T14:30:02.590+0000] {dagbag.py:588} INFO - Filling up the DagBag from /opt/airflow/dags/prod/airbyte_to_dbt_prod.py
[2026-08-26T14:30:02.618+0000] {processor.py:925} INFO - DAG(s) 'airbyte_to_dbt_pipeline_prod' retrieved from /opt/airflow/dags/prod/airbyte_to_dbt_prod.py
[2026-08-26T14:30:02.662+0000] {logging_mixin.py:190} INFO - [2026-08-26T14:30:02.661+0000] {dag.py:3239} INFO - Sync 1 DAGs
[2026-08-26T14:30:02.698+0000] {logging_mixin.py:190} INFO - [2026-08-26T14:30:02.698+0000] {dag.py:4180} INFO - Setting next_dagrun for airbyte_to_dbt_pipeline_prod to 2026-08-26 13:00:00+00:00, run_after=2026-08-26 14:00:00+00:00
[2026-08-26T14:30:02.721+0000] {processor.py:208} INFO - Processing /opt/airflow/dags/prod/airbyte_to_dbt_prod.py took 0.148 seconds
[2026-08-26T14:30:32.880+0000] {processor.py:186} INFO - Started process (PID=6796) to work on /opt/airflow/dags/prod/airbyte_to_dbt_prod.py
[2026-08-26T14:30:32.882+0000] {processor.py:914} INFO - Processing file /opt/airflow/dags/prod/airbyte_to_dbt_prod.py for tasks to queue
[2026-08-26T14:30:32.886+0000] {logging_mixin.py:190} INFO - [2026-08-26T14:30:32.885+0000] {dagbag.py:588} INFO - Filling up the DagBag from /opt/airflow/dags/prod/airbyte_to_dbt_prod.py
[2026-08-26T14:30:32.919+0000] {processor.py:925} INFO - DAG(s) 'airbyte_to_dbt_pipeline_prod' retrieved from /opt/airflow/dags/prod/airbyte_to_dbt_prod.py
[2026-08-26T14:30:32.972+0000] {logging_mixin.py:190} INFO - [2026-08-26T14:30:32.972+0000] {dag.py:3239} INFO - Sync 1 DAGs
[2026-08-26T14:30:33.011+0000] {logging_mixin.py:190} INFO - [2026-08-26T14:30:33.011+0000] {dag.py:4180} INFO - Setting next_dagrun for airbyte_to_dbt_pipeline_prod to 2026-08-26 13:00:00+00:00, run_after=2026-08-26 14:00:00+00:00
[2026-08-26T14:30:33.034+0000] {processor.py:208} INFO - Processing /opt/airflow/dags/prod/airbyte_to_dbt_prod.py took 0.166 seconds
[2026-08-26T14:31:03.196+0000] {processor.py:186} INFO - Started process (PID=6806) to work on /opt/airflow/dags/prod/airbyte_to_dbt_prod.py
[2026-08-26T14:31:03.197+0000] {processor.py:914} INFO - Processing file /opt/airflow/dags/prod/airbyte_to_dbt_prod.py for tasks to queue
[2026-08-26T14:31:03.200+0000] {logging_mixin.py:190} INFO - [2026-08-26T14:31:03.200+0000] {dagbag.py:588} INFO - Filling up the DagBag from /opt/airflow/dags/prod/airbyte_to_dbt_prod.py
[2026-08-26T14:31:03.236+0000] {processor.py:925} INFO - DAG(s) 'airbyte_to_dbt_pipeline_prod' retrieved from /opt/airflow/dags/prod/airbyte_to_dbt_prod.py
[2026-08-26T14:31:03.288+0000] {logging_mixin.py:190} INFO - [2026-08-26T14:31:03.288+0000] {dag.py:3239} INFO - Sync 1 DAGs
[2026-08-26T14:31:03.326+0000] {logging_mixin.py:190} INFO - [2026-08-26T14:31:03.326+0000] {dag.py:4180} INFO - Setting next_dagrun for airbyte_to_dbt_pipeline_prod to 2026-08-26 13:00:00+00:00, run_after=2026-08-26 14:00:00+00:00
[2026-08-26T14:31:03.349+0000] {processor.py:208} INFO - Processing /opt/airflow/dags/prod/airbyte_to_dbt_prod.py took 0.161 seconds
[2026-08-26T14:31:33.523+0000] {processor.py:186} INFO - Started process (PID=6816) to work on /opt/airflow/dags/prod/airbyte_to_dbt_prod.py
[2026-08-26T14:31:33.524+0000] {processor.py:914} INFO - Processing file /opt/airflow/dags/prod/airbyte_to_dbt_prod.py for tasks to queue
[2026-08-26T14:31:33.529+0000] {logging_mixin.py:190} INFO - [2026-08-26T14:31:33.528+0000] {dagbag.py:588} INFO - Filling up the DagBag from /opt/airflow/dags/prod/airbyte_to_dbt_prod.py
[2026-08-26T14:31:33.557+0000] {processor.py:925} INFO - DAG(s) 'airbyte_to_dbt_pipeline_prod' retrieved from /opt/airflow/dags/prod/airbyte_to_dbt_prod.py
[2026-08-26T14:31:33.615+0000] {logging_mixin.py:190} INFO - [2026-08-26T14:31:33.614+0000] {dag.py:3239} INFO - Sync 1 DAGs
[2026-08-26T14:31:33.660+0000] {logging_mixin.py:190} INFO - [2026-08-26T14:31:33.660+0000] {dag.py:4180} INFO - Setting next_dagrun for airbyte_to_dbt_pipeline_prod to 2026-08-26 13:00:00+00:00, run_after=2026-08-26 14:00:00+00:00
[2026-08-26T14:31:33.688+0000] {processor.py:208} INFO - Processing /opt/airflow/dags/prod/airbyte_to_dbt_prod.py took 0.176 seconds
[2026-08-26T14:32:03.844+0000] {processor.py:186} INFO - Started process (PID=6826) to work on /opt/airflow/dags/prod/airbyte_to_dbt_prod.py
[2026-08-26T14:32:03.845+0000] {processor.py:914} INFO - Processing file /opt/airflow/dags/prod/airbyte_to_dbt_prod.py for tasks to queue
[2026-08-26T14:32:03.849+0000] {logging_mixin.py:190} INFO - [2026-08-26T14:32:03.849+0000] {dagbag.py:588} INFO - Filling up the DagBag from /opt/airflow/dags/prod/airbyte_to_dbt_prod.py
[2026-08-26T14:32:03.874+0000] {processor.py:925} INFO - DAG(s) 'airbyte_to_dbt_pipeline_prod' retrieved from /opt/airflow/dags/prod/airbyte_to_dbt_prod.py
[2026-08-26T14:32:03.923+0000] {logging_mixin.py:190} INFO - [2026-08-26T14:32:03.923+0000] {dag.py:3239} INFO - Sync 1 DAGs
[2026-08-26T14:32:03.965+0000] {logging_mixin.py:190} INFO - [2026-08-26T14:32:03.965+0000] {dag.py:4180} INFO - Setting next_dagrun for airbyte_to_dbt_pipeline_prod to 2026-08-26 13:00:00+00:00, run_after=2026-08-26 14:00:00+00:00
[2026-08-26T14:32:03.991+0000] {processor.py:208} INFO - Processing /opt/airflow/dags/prod/airbyte_to_dbt_prod.py took 0.158 seconds
[2026-08-26T14:32:34.155+0000] {processor.py:186} INFO - Started process (PID=6836) to work on /opt/airflow/dags/prod/airbyte_to_dbt_prod.py
[2026-08-26T14:32:34.157+0000] {processor.py:914} INFO - Processing file /opt/airflow/dags/prod/airbyte_to_dbt_prod.py for tasks to queue
[2026-08-26T14:32:34.160+0000] {logging_mixin.py:190} INFO - [2026-08-26T14:32:34.159+0000] {dagbag.py:588} INFO - Filling up the DagBag from /opt/airflow/dags/prod/airbyte_to_dbt_prod.py
[2026-08-26T14:32:34.183+0000] {processor.py:925} INFO - DAG(s) 'airbyte_to_dbt_pipeline_prod' retrieved from /opt/airflow/dags/prod/airbyte_to_dbt_prod.py
[2026-08-26T14:32:34.233+0000] {logging_mixin.py:190} INFO - [2026-08-26T14:32:34.232+0000] {dag.py:3239} INFO - Sync 1 DAGs
[2026-08-26T14:32:34.269+0000] {logging_mixin.py:190} INFO - [2026-08-26T14:32:34.268+0000] {dag.py:4180} INFO - Setting next_dagrun for airbyte_to_dbt_pipeline_prod to 2026-08-26 13:00:00+00:00, run_after=2026-08-26 14:00:00+00:00
[2026-08-26T14:32:34.297+0000] {processor.py:208} INFO - Processing /opt/airflow/dags/prod/airbyte_to_dbt_prod.py took 0.151 seconds
[2026-08-26T14:33:04.480+0000] {processor.py:186} INFO - Started process (PID=6846) to work on /opt/airflow/dags/prod/airbyte_to_dbt_prod.py
[2026-08-26T14:33:04.481+0000] {processor.py:914} INFO - Processing file /opt/airflow/dags/prod/airbyte_to_dbt_prod.py for tasks to queue
[2026-08-26T14:33:04.485+0000] {logging_mixin.py:190} INFO - [2026-08-26T14:33:04.484+0000] {dagbag.py:588} INFO - Filling up the DagBag from /opt/airflow/dags/prod/airbyte_to_dbt_prod.py
[2026-08-26T14:33:04.507+0000] {processor.py:925} INFO - DAG(s) 'airbyte_to_dbt_pipeline_prod' retrieved from /opt/airflow/dags/prod/airbyte_to_dbt_prod.py
[2026-08-26T14:33:04.551+0000] {logging_mixin.py:190} INFO - [2026-08-26T14:33:04.551+0000] {dag.py:3239} INFO - Sync 1 DAGs
[2026-08-26T14:33:04.587+0000] {logging_mixin.py:190} INFO - [2026-08-26T14:33:04.587+0000] {dag.py:4180} INFO - Setting next_dagrun for airbyte_to_dbt_pipeline_prod to 2026-08-26 13:00:00+00:00, run_after=2026-08-26 14:00:00+00:00
[2026-08-26T14:33:04.610+0000] {processor.py:208} INFO - Processing /opt/airflow/dags/prod/airbyte_to_dbt_prod.py took 0.139 seconds
[2026-08-26T14:33:34.784+0000] {processor.py:186} INFO - Started process (PID=6856) to work on /opt/airflow/dags/prod/airbyte_to_dbt_prod.py
[2026-08-26T14:33:34.785+0000] {processor.py:914} INFO - Processing file /opt/airflow/dags/prod/airbyte_to_dbt_prod.py for tasks to queue
[2026-08-26T14:33:34.790+0000] {logging_mixin.py:190} INFO - [2026-08-26T14:33:34.789+0000] {dagbag.py:588} INFO - Filling up the DagBag from /opt/airflow/dags/prod/airbyte_to_dbt_prod.py
[2026-08-26T14:33:34.820+0000] {processor.py:925} INFO - DAG(s) 'airbyte_to_dbt_pipeline_prod' retrieved from /opt/airflow/dags/prod/airbyte_to_dbt_prod.py
[2026-08-26T14:33:34.872+0000] {logging_mixin.py:190} INFO - [2026-08-26T14:33:34.872+0000] {dag.py:3239} INFO - Sync 1 DAGs
[2026-08-26T14:33:34.912+0000] {logging_mixin.py:190} INFO - [2026-08-26T14:33:34.912+0000] {dag.py:4180} INFO - Setting next_dagrun for airbyte_to_dbt_pipeline_prod to 2026-08-26 13:00:00+00:00, run_after=2026-08-26 14:00:00+00:00
[2026-08-26T14:33:34.935+0000] {processor.py:208} INFO - Processing /opt/airflow/dags/prod/airbyte_to_dbt_prod.py took 0.163 seconds
[2026-08-26T14:34:05.102+0000] {processor.py:186} INFO - Started process (PID=6866) to work on /opt/airflow/dags/prod/airbyte_to_dbt_prod.py
[2026-08-26T14:34:05.103+0000] {processor.py:914} INFO - Processing file /opt/airflow/dags/prod/airbyte_to_dbt_prod.py for tasks to queue
[2026-08-26T14:34:05.107+0000] {logging_mixin.py:190} INFO - [2026-08-26T14:34:05.106+0000] {dagbag.py:588} INFO - Filling up the DagBag from /opt/airflow/dags/prod/airbyte_to_dbt_prod.py
[2026-08-26T14:34:05.130+0000] {processor.py:925} INFO - DAG(s) 'airbyte_to_dbt_pipeline_prod' retrieved from /opt/airflow/dags/prod/airbyte_to_dbt_prod.py
[2026-08-26T14:34:05.186+0000] {logging_mixin.py:190} INFO - [2026-08-26T14:34:05.186+0000] {dag.py:3239} INFO - Sync 1 DAGs
[2026-08-26T14:34:05.224+0000] {logging_mixin.py:190} INFO - [2026-08-26T14:34:05.223+0000] {dag.py:4180} INFO - Setting next_dagrun for airbyte_to_dbt_pipeline_prod to 2026-08-26 13:00:00+00:00, run_after=2026-08-26 14:00:00+00:00
[2026-08-26T14:34:05.250+0000] {processor.py:208} INFO - Processing /opt/airflow/dags/prod/airbyte_to_dbt_prod.py took 0.158 seconds
[2026-08-26T14:34:35.417+0000] {processor.py:186} INFO - Started process (PID=6876) to work on /opt/airflow/dags/prod/airbyte_to_dbt_prod.py
[2026-08-26T14:34:35.418+0000] {processor.py:914} INFO - Processing file /opt/airflow/dags/prod/airbyte_to_dbt_prod.py for tasks to queue
[2026-08-26T14:34:35.421+0000] {logging_mixin.py:190} INFO - [2026-08-26T14:34:35.420+0000] {dagbag.py:588} INFO - Filling up the DagBag from /opt/airflow/dags/prod/airbyte_to_dbt_prod.py
[2026-08-26T14:34:35.446+0000] {processor.py:925} INFO - DAG(s) 'airbyte_to_dbt_pipeline_prod' retrieved from /opt/airflow/dags/prod/airbyte_to_dbt_prod.py
[2026-08-26T14:34:35.492+0000] {logging_mixin.py:190} INFO - [2026-08-26T14:34:35.491+0000] {dag.py:3239} INFO - Sync 1 DAGs
[2026-08-26T14:34:35.530+0000] {logging_mixin.py:190} INFO - [2026-08-26T14:34:35.529+0000] {dag.py:4180} INFO - Setting next_dagrun for airbyte_to_dbt_pipeline_prod to 2026-08-26 13:00:00+00:00, run_after=2026-08-26 14:00:00+00:00
[2026-08-26T14:34:35.553+0000] {processor.py:208} INFO - Processing /opt/airflow/dags/prod/airbyte_to_dbt_prod.py took 0.145 seconds
[2026-08-26T14:35:05.706+0000] {processor.py:186} INFO - Started process (PID=6886) to work on /opt/airflow/dags/prod/airbyte_to_dbt_prod.py
[2026-08-26T14:35:05.707+0000] {processor.py:914} INFO - Processing file /opt/airflow/dags/prod/airbyte_to_dbt_prod.py for tasks to queue
[2026-08-26T14:35:05.710+0000] {logging_mixin.py:190} INFO - [2026-08-26T14:35:05.709+0000] {dagbag.py:588} INFO - Filling up the DagBag from /opt/airflow/dags/prod/airbyte_to_dbt_prod.py
[2026-08-26T14:35:05.732+0000] {processor.py:925} INFO - DAG(s) 'airbyte_to_dbt_pipeline_prod' retrieved from /opt/airflow/dags/prod/airbyte_to_dbt_prod.py
[2026-08-26T14:35:05.773+0000] {logging_mixin.py:190} INFO - [2026-08-26T14:35:05.773+0000] {dag.py:3239} INFO - Sync 1 DAGs
[2026-08-26T14:35:05.809+0000] {logging_mixin.py:190} INFO - [2026-08-26T14:35:05.809+0000] {dag.py:4180} INFO - Setting next_dagrun for airbyte_to_dbt_pipeline_prod to 2026-08-26 13:00:00+00:00, run_after=2026-08-26 14:00:00+00:00
[2026-08-26T14:35:05.832+0000] {processor.py:208} INFO - Processing /opt/airflow/dags/prod/airbyte_to_dbt_prod.py took 0.135 seconds
[2026-08-26T14:35:36.003+0000] {processor.py:186} INFO - Started process (PID=6896) to work on /opt/airflow/dags/prod/airbyte_to_dbt_prod.py
[2026-08-26T14:35:36.004+0000] {processor.py:914} INFO - Processing file /opt/airflow/dags/prod/airbyte_to_dbt_prod.py for tasks to queue
[2026-08-26T14:35:36.009+0000] {logging_mixin.py:190} INFO - [2026-08-26T14:35:36.009+0000] {dagbag.py:588} INFO - Filling up the DagBag from /opt/airflow/dags/prod/airbyte_to_dbt_prod.py
[2026-08-26T14:35:36.032+0000] {processor.py:925} INFO - DAG(s) 'airbyte_to_dbt_pipeline_prod' retrieved from /opt/airflow/dags/prod/airbyte_to_dbt_prod.py
[2026-08-26T14:35:36.083+0000] {logging_mixin.py:190} INFO - [2026-08-26T14:35:36.083+0000] {dag.py:3239} INFO - Sync 1 DAGs
[2026-08-26T14:35:36.121+0000] {logging_mixin.py:190} INFO - [2026-08-26T14:35:36.121+0000] {dag.py:4180} INFO - Setting next_dagrun for airbyte_to_dbt_pipeline_prod to 2026-08-26 13:00:00+00:00, run_after=2026-08-26 14:00:00+00:00
[2026-08-26T14:35:36.143+0000] {processor.py:208} INFO - Processing /opt/airflow/dags/prod/airbyte_to_dbt_prod.py took 0.150 seconds
[2026-08-26T14:36:06.317+0000] {processor.py:186} INFO - Started process (PID=6906) to work on /opt/airflow/dags/prod/airbyte_to_dbt_prod.py
[2026-08-26T14:36:06.318+0000] {processor.py:914} INFO - Processing file /opt/airflow/dags/prod/airbyte_to_dbt_prod.py for tasks to queue
[2026-08-26T14:36:06.321+0000] {logging_mixin.py:190} INFO - [2026-08-26T14:36:06.320+0000] {dagbag.py:588} INFO - Filling up the DagBag from /opt/airflow/dags/prod/airbyte_to_dbt_prod.py
[2026-08-26T14:36:06.343+0000] {processor.py:925} INFO - DAG(s) 'airbyte_to_dbt_pipeline_prod' retrieved from /opt/airflow/dags/prod/airbyte_to_dbt_prod.py
[2026-08-26T14:36:06.385+0000] {logging_mixin.py:190} INFO - [2026-08-26T14:36:06.385+0000] {dag.py:3239} INFO - Sync 1 DAGs
[2026-08-26T14:36:06.422+0000] {logging_mixin.py:190} INFO - [2026-08-26T14:36:06.422+0000] {dag.py:4180} INFO - Setting next_dagrun for airbyte_to_dbt_pipeline_prod to 2026-08-26 13:00:00+00:00, run_after=2026-08-26 14:00:00+00:00
[2026-08-26T14:36:06.447+0000] {processor.py:208} INFO - Processing /opt/airflow/dags/prod/airbyte_to_dbt_prod.py took 0.139 seconds
[2026-08-26T14:36:36.612+0000] {processor.py:186} INFO - Started process (PID=6916) to work on /opt/airflow/dags/prod/airbyte_to_dbt_prod.py
[2026-08-26T14:36:36.614+0000] {processor.py:914} INFO - Processing file /opt/airflow/dags/prod/airbyte_to_dbt_prod.py for tasks to queue
[2026-08-26T14:36:36.617+0000] {logging_mixin.py:190} INFO - [2026-08-26T14:36:36.616+0000] {dagbag.py:588} INFO - Filling up the DagBag from /opt/airflow/dags/prod/airbyte_to_dbt_prod.py
[2026-08-26T14:36:36.641+0000] {processor.py:925} INFO - DAG(s) 'airbyte_to_dbt_pipeline_prod' retrieved from /opt/airflow/dags/prod/airbyte_to_dbt_prod.py
[2026-08-26T14:36:36.684+0000] {logging_mixin.py:190} INFO - [2026-08-26T14:36:36.684+0000] {dag.py:3239} INFO - Sync 1 DAGs
[2026-08-26T14:36:36.717+0000] {logging_mixin.py:190} INFO - [2026-08-26T14:36:36.716+0000] {dag.py:4180} INFO - Setting next_dagrun for airbyte_to_dbt_pipeline_prod to 2026-08-26 13:00:00+00:00, run_after=2026-08-26 14:00:00+00:00
[2026-08-26T14:36:36.741+0000] {processor.py:208} INFO - Processing /opt/airflow/dags/prod/airbyte_to_dbt_prod.py took 0.138 seconds
[2026-08-26T14:37:06.903+0000] {processor.py:186} INFO - Started process (PID=6926) to work on /opt/airflow/dags/prod/airbyte_to_dbt_prod.py
[2026-08-26T14:37:06.904+0000] {processor.py:914} INFO - Processing file /opt/airflow/dags/prod/airbyte_to_dbt_prod.py for tasks to queue
[2026-08-26T14:37:06.907+0000] {logging_mixin.py:190} INFO - [2026-08-26T14:37:06.906+0000] {dagbag.py:588} INFO - Filling up the DagBag from /opt/airflow/dags/prod/airbyte_to_dbt_prod.py
[2026-08-26T14:37:06.930+0000] {processor.py:925} INFO - DAG(s) 'airbyte_to_dbt_pipeline_prod' retrieved from /opt/airflow/dags/prod/airbyte_to_dbt_prod.py
[2026-08-26T14:37:06.969+0000] {logging_mixin.py:190} INFO - [2026-08-26T14:37:06.968+0000] {dag.py:3239} INFO - Sync 1 DAGs
[2026-08-26T14:37:06.998+0000] {logging_mixin.py:190} INFO - [2026-08-26T14:37:06.998+0000] {dag.py:4180} INFO - Setting next_dagrun for airbyte_to_dbt_pipeline_prod to 2026-08-26 13:00:00+00:00, run_after=2026-08-26 14:00:00+00:00
[2026-08-26T14:37:07.021+0000] {processor.py:208} INFO - Processing /opt/airflow/dags/prod/airbyte_to_dbt_prod.py took 0.128 seconds
[2026-08-26T14:37:37.202+0000] {processor.py:186} INFO - Started process (PID=6936) to work on /opt/airflow/dags/prod/airbyte_to_dbt_prod.py
[2026-08-26T14:37:37.203+0000] {processor.py:914} INFO - Processing file /opt/airflow/dags/prod/airbyte_to_dbt_prod.py for tasks to queue
[2026-08-26T14:37:37.209+0000] {logging_mixin.py:190} INFO - [2026-08-26T14:37:37.209+0000] {dagbag.py:588} INFO - Filling up the DagBag from /opt/airflow/dags/prod/airbyte_to_dbt_prod.py
[2026-08-26T14:37:37.238+0000] {processor.py:925} INFO - DAG(s) 'airbyte_to_dbt_pipeline_prod' retrieved from /opt/airflow/dags/prod/airbyte_to_dbt_prod.py
[2026-08-26T14:37:37.279+0000] {logging_mixin.py:190} INFO - [2026-08-26T14:37:37.278+0000] {dag.py:3239} INFO - Sync 1 DAGs
[2026-08-26T14:37:37.313+0000] {logging_mixin.py:190} INFO - [2026-08-26T14:37:37.313+0000] {dag.py:4180} INFO - Setting next_dagrun for airbyte_to_dbt_pipeline_prod to 2026-08-26 13:00:00+00:00, run_after=2026-08-26 14:00:00+00:00
[2026-08-26T14:37:37.340+0000] {processor.py:208} INFO - Processing /opt/airflow/dags/prod/airbyte_to_dbt_prod.py took 0.152 seconds
[2026-08-26T14:38:07.510+0000] {processor.py:186} INFO - Started process (PID=6946) to work on /opt/airflow/dags/prod/airbyte_to_dbt_prod.py
[2026-08-26T14:38:07.511+0000] {processor.py:914} INFO - Processing file /opt/airflow/dags/prod/airbyte_to_dbt_prod.py for tasks to queue
[2026-08-26T14:38:07.514+0000] {logging_mixin.py:190} INFO - [2026-08-26T14:38:07.513+0000] {dagbag.py:588} INFO - Filling up the DagBag from /opt/airflow/dags/prod/airbyte_to_dbt_prod.py
[2026-08-26T14:38:07.538+0000] {processor.py:925} INFO - DAG(s) 'airbyte_to_dbt_pipeline_prod' retrieved from /opt/airflow/dags/prod/airbyte_to_dbt_prod.py
[2026-08-26T14:38:07.578+0000] {logging_mixin.py:190} INFO - [2026-08-26T14:38:07.577+0000] {dag.py:3239} INFO - Sync 1 DAGs
[2026-08-26T14:38:07.609+0000] {logging_mixin.py:190} INFO - [2026-08-26T14:38:07.609+0000] {dag.py:4180} INFO - Setting next_dagrun for airbyte_to_dbt_pipeline_prod to 2026-08-26 13:00:00+00:00, run_after=2026-08-26 14:00:00+00:00
[2026-08-26T14:38:07.632+0000] {processor.py:208} INFO - Processing /opt/airflow/dags/prod/airbyte_to_dbt_prod.py took 0.130 seconds
[2026-08-26T14:38:37.803+0000] {processor.py:186} INFO - Started process (PID=6956) to work on /opt/airflow/dags/prod/airbyte_to_dbt_prod.py
[2026-08-26T14:38:37.804+0000] {processor.py:914} INFO - Processing file /opt/airflow/dags/prod/airbyte_to_dbt_prod.py for tasks to queue
[2026-08-26T14:38:37.808+0000] {logging_mixin.py:190} INFO - [2026-08-26T14:38:37.808+0000] {dagbag.py:588} INFO - Filling up the DagBag from /opt/airflow/dags/prod/airbyte_to_dbt_prod.py
[2026-08-26T14:38:37.837+0000] {processor.py:925} INFO - DAG(s) 'airbyte_to_dbt_pipeline_prod' retrieved from /opt/airflow/dags/prod/airbyte_to_dbt_prod.py
[2026-08-26T14:38:37.876+0000] {logging_mixin.py:190} INFO - [2026-08-26T14:38:37.876+0000] {dag.py:3239} INFO - Sync 1 DAGs
[2026-08-26T14:38:37.911+0000] {logging_mixin.py:190} INFO - [2026-08-26T14:38:37.911+0000] {dag.py:4180} INFO - Setting next_dagrun for airbyte_to_dbt_pipeline_prod to 2026-08-26 13:00:00+00:00, run_after=2026-08-26 14:00:00+00:00
[2026-08-26T14:38:37.940+0000] {processor.py:208} INFO - Processing /opt/airflow/dags/prod/airbyte_to_dbt_prod.py took 0.148 seconds
[2026-08-26T14:39:08.107+0000] {processor.py:186} INFO - Started process (PID=6966) to work on /opt/airflow/dags/prod/airbyte_to_dbt_prod.py
[2026-08-26T14:39:08.108+0000] {processor.py:914} INFO - Processing file /opt/airflow/dags/prod/airbyte_to_dbt_prod.py for tasks to queue
[2026-08-26T14:39:08.111+0000] {logging_mixin.py:190} INFO - [2026-08-26T14:39:08.110+0000] {dagbag.py:588} INFO - Filling up the DagBag from /opt/airflow/dags/prod/airbyte_to_dbt_prod.py
[2026-08-26T14:39:08.133+0000] {processor.py:925} INFO - DAG(s) 'airbyte_to_dbt_pipeline_prod' retrieved from /opt/airflow/dags/prod/airbyte_to_dbt_prod.py
[2026-08-26T14:39:08.184+0000] {logging_mixin.py:190} INFO - [2026-08-26T14:39:08.184+0000] {dag.py:3239} INFO - Sync 1 DAGs
[2026-08-26T14:39:08.220+0000] {logging_mixin.py:190} INFO - [2026-08-26T14:39:08.220+0000] {dag.py:4180} INFO - Setting next_dagrun for airbyte_to_dbt_pipeline_prod to 2026-08-26 13:00:00+00:00, run_after=2026-08-26 14:00:00+00:00
[2026-08-26T14:39:08.242+0000] {processor.py:208} INFO - Processing /opt/airflow/dags/prod/airbyte_to_dbt_prod.py took 0.145 seconds
[2026-08-26T14:39:38.407+0000] {processor.py:186} INFO - Started process (PID=6976) to work on /opt/airflow/dags/prod/airbyte_to_dbt_prod.py
[2026-08-26T14:39:38.408+0000] {processor.py:914} INFO - Processing file /opt/airflow/dags/prod/airbyte_to_dbt_prod.py for tasks to queue
[2026-08-26T14:39:38.412+0000] {logging_mixin.py:190} INFO - [2026-08-26T14:39:38.412+0000] {dagbag.py:588} INFO - Filling up the DagBag from /opt/airflow/dags/prod/airbyte_to_dbt_prod.py
[2026-08-26T14:39:38.444+0000] {processor.py:925} INFO - DAG(s) 'airbyte_to_dbt_pipeline_prod' retrieved from /opt/airflow/dags/prod/airbyte_to_dbt_prod.py
[2026-08-26T14:39:38.491+0000] {logging_mixin.py:190} INFO - [2026-08-26T14:39:38.491+0000] {dag.py:3239} INFO - Sync 1 DAGs
[2026-08-26T14:39:38.527+0000] {logging_mixin.py:190} INFO - [2026-08-26T14:39:38.527+0000] {dag.py:4180} INFO - Setting next_dagrun for airbyte_to_dbt_pipeline_prod to 2026-08-26 13:00:00+00:00, run_after=2026-08-26 14:00:00+00:00
[2026-08-26T14:39:38.554+0000] {processor.py:208} INFO - Processing /opt/airflow/dags/prod/airbyte_to_dbt_prod.py took 0.158 seconds
[2026-08-26T14:40:08.735+0000] {processor.py:186} INFO - Started process (PID=6986) to work on /opt/airflow/dags/prod/airbyte_to_dbt_prod.py
[2026-08-26T14:40:08.736+0000] {processor.py:914} INFO - Processing file /opt/airflow/dags/prod/airbyte_to_dbt_prod.py for tasks to queue
[2026-08-26T14:40:08.739+0000] {logging_mixin.py:190} INFO - [2026-08-26T14:40:08.739+0000] {dagbag.py:588} INFO - Filling up the DagBag from /opt/airflow/dags/prod/airbyte_to_dbt_prod.py
[2026-08-26T14:40:08.766+0000] {processor.py:925} INFO - DAG(s) 'airbyte_to_dbt_pipeline_prod' retrieved from /opt/airflow/dags/prod/airbyte_to_dbt_prod.py
[2026-08-26T14:40:08.819+0000] {logging_mixin.py:190} INFO - [2026-08-26T14:40:08.818+0000] {dag.py:3239} INFO - Sync 1 DAGs
[2026-08-26T14:40:08.863+0000] {logging_mixin.py:190} INFO - [2026-08-26T14:40:08.863+0000] {dag.py:4180} INFO - Setting next_dagrun for airbyte_to_dbt_pipeline_prod to 2026-08-26 13:00:00+00:00, run_after=2026-08-26 14:00:00+00:00
[2026-08-26T14:40:08.896+0000] {processor.py:208} INFO - Processing /opt/airflow/dags/prod/airbyte_to_dbt_prod.py took 0.172 seconds
[2026-08-26T14:40:39.065+0000] {processor.py:186} INFO - Started process (PID=6996) to work on /opt/airflow/dags/prod/airbyte_to_dbt_prod.py
[2026-08-26T14:40:39.067+0000] {processor.py:914} INFO - Processing file /opt/airflow/dags/prod/airbyte_to_dbt_prod.py for tasks to queue
[2026-08-26T14:40:39.073+0000] {logging_mixin.py:190} INFO - [2026-08-26T14:40:39.072+0000] {dagbag.py:588} INFO - Filling up the DagBag from /opt/airflow/dags/prod/airbyte_to_dbt_prod.py
[2026-08-26T14:40:39.107+0000] {processor.py:925} INFO - DAG(s) 'airbyte_to_dbt_pipeline_prod' retrieved from /opt/airflow/dags/prod/airbyte_to_dbt_prod.py
[2026-08-26T14:40:39.174+0000] {logging_mixin.py:190} INFO - [2026-08-26T14:40:39.174+0000] {dag.py:3239} INFO - Sync 1 DAGs
[2026-08-26T14:40:39.221+0000] {logging_mixin.py:190} INFO - [2026-08-26T14:40:39.221+0000] {dag.py:4180} INFO - Setting next_dagrun for airbyte_to_dbt_pipeline_prod to 2026-08-26 13:00:00+00:00, run_after=2026-08-26 14:00:00+00:00
[2026-08-26T14:40:39.251+0000] {processor.py:208} INFO - Processing /opt/airflow/dags/prod/airbyte_to_dbt_prod.py took 0.203 seconds
[2026-08-26T14:41:09.431+0000] {processor.py:186} INFO - Started process (PID=7006) to work on /opt/airflow/dags/prod/airbyte_to_dbt_prod.py
[2026-08-26T14:41:09.432+0000] {processor.py:914} INFO - Processing file /opt/airflow/dags/prod/airbyte_to_dbt_prod.py for tasks to queue
[2026-08-26T14:41:09.437+0000] {logging_mixin.py:190} INFO - [2026-08-26T14:41:09.436+0000] {dagbag.py:588} INFO - Filling up the DagBag from /opt/airflow/dags/prod/airbyte_to_dbt_prod.py
[2026-08-26T14:41:09.469+0000] {processor.py:925} INFO - DAG(s) 'airbyte_to_dbt_pipeline_prod' retrieved from /opt/airflow/dags/prod/airbyte_to_dbt_prod.py
[2026-08-26T14:41:09.531+0000] {logging_mixin.py:190} INFO - [2026-08-26T14:41:09.530+0000] {dag.py:3239} INFO - Sync 1 DAGs
[2026-08-26T14:41:09.573+0000] {logging_mixin.py:190} INFO - [2026-08-26T14:41:09.572+0000] {dag.py:4180} INFO - Setting next_dagrun for airbyte_to_dbt_pipeline_prod to 2026-08-26 13:00:00+00:00, run_after=2026-08-26 14:00:00+00:00
[2026-08-26T14:41:09.612+0000] {processor.py:208} INFO - Processing /opt/airflow/dags/prod/airbyte_to_dbt_prod.py took 0.194 seconds
[2026-08-26T14:41:39.805+0000] {processor.py:186} INFO - Started process (PID=7016) to work on /opt/airflow/dags/prod/airbyte_to_dbt_prod.py
[2026-08-26T14:41:39.807+0000] {processor.py:914} INFO - Processing file /opt/airflow/dags/prod/airbyte_to_dbt_prod.py for tasks to queue
[2026-08-26T14:41:39.811+0000] {logging_mixin.py:190} INFO - [2026-08-26T14:41:39.810+0000] {dagbag.py:588} INFO - Filling up the DagBag from /opt/airflow/dags/prod/airbyte_to_dbt_prod.py
[2026-08-26T14:41:39.840+0000] {processor.py:925} INFO - DAG(s) 'airbyte_to_dbt_pipeline_prod' retrieved from /opt/airflow/dags/prod/airbyte_to_dbt_prod.py
[2026-08-26T14:41:39.896+0000] {logging_mixin.py:190} INFO - [2026-08-26T14:41:39.895+0000] {dag.py:3239} INFO - Sync 1 DAGs
[2026-08-26T14:41:39.931+0000] {logging_mixin.py:190} INFO - [2026-08-26T14:41:39.931+0000] {dag.py:4180} INFO - Setting next_dagrun for airbyte_to_dbt_pipeline_prod to 2026-08-26 13:00:00+00:00, run_after=2026-08-26 14:00:00+00:00
[2026-08-26T14:41:39.957+0000] {processor.py:208} INFO - Processing /opt/airflow/dags/prod/airbyte_to_dbt_prod.py took 0.167 seconds
[2026-08-26T14:42:10.096+0000] {processor.py:186} INFO - Started process (PID=7026) to work on /opt/airflow/dags/prod/airbyte_to_dbt_prod.py
[2026-08-26T14:42:10.097+0000] {processor.py:914} INFO - Processing file /opt/airflow/dags/prod/airbyte_to_dbt_prod.py for tasks to queue
[2026-08-26T14:42:10.100+0000] {logging_mixin.py:190} INFO - [2026-08-26T14:42:10.100+0000] {dagbag.py:588} INFO - Filling up the DagBag from /opt/airflow/dags/prod/airbyte_to_dbt_prod.py
[2026-08-26T14:42:10.128+0000] {processor.py:925} INFO - DAG(s) 'airbyte_to_dbt_pipeline_prod' retrieved from /opt/airflow/dags/prod/airbyte_to_dbt_prod.py
[2026-08-26T14:42:10.172+0000] {logging_mixin.py:190} INFO - [2026-08-26T14:42:10.172+0000] {dag.py:3239} INFO - Sync 1 DAGs
[2026-08-26T14:42:10.207+0000] {logging_mixin.py:190} INFO - [2026-08-26T14:42:10.207+0000] {dag.py:4180} INFO - Setting next_dagrun for airbyte_to_dbt_pipeline_prod to 2026-08-26 13:00:00+00:00, run_after=2026-08-26 14:00:00+00:00
[2026-08-26T14:42:10.230+0000] {processor.py:208} INFO - Processing /opt/airflow/dags/prod/airbyte_to_dbt_prod.py took 0.144 seconds
[2026-08-26T14:42:40.387+0000] {processor.py:186} INFO - Started process (PID=7036) to work on /opt/airflow/dags/prod/airbyte_to_dbt_prod.py
[2026-08-26T14:42:40.389+0000] {processor.py:914} INFO - Processing file /opt/airflow/dags/prod/airbyte_to_dbt_prod.py for tasks to queue
[2026-08-26T14:42:40.392+0000] {logging_mixin.py:190} INFO - [2026-08-26T14:42:40.391+0000] {dagbag.py:588} INFO - Filling up the DagBag from /opt/airflow/dags/prod/airbyte_to_dbt_prod.py
[2026-08-26T14:42:40.417+0000] {processor.py:925} INFO - DAG(s) 'airbyte_to_dbt_pipeline_prod' retrieved from /opt/airflow/dags/prod/airbyte_to_dbt_prod.py
[2026-08-26T14:42:40.466+0000] {logging_mixin.py:190} INFO - [2026-08-26T14:42:40.466+0000] {dag.py:3239} INFO - Sync 1 DAGs
[2026-08-26T14:42:40.502+0000] {logging_mixin.py:190} INFO - [2026-08-26T14:42:40.502+0000] {dag.py:4180} INFO - Setting next_dagrun for airbyte_to_dbt_pipeline_prod to 2026-08-26 13:00:00+00:00, run_after=2026-08-26 14:00:00+00:00
[2026-08-26T14:42:40.524+0000] {processor.py:208} INFO - Processing /opt/airflow/dags/prod/airbyte_to_dbt_prod.py took 0.146 seconds
[2026-08-26T14:43:10.706+0000] {processor.py:186} INFO - Started process (PID=7046) to work on /opt/airflow/dags/prod/airbyte_to_dbt_prod.py
[2026-08-26T14:43:10.708+0000] {processor.py:914} INFO - Processing file /opt/airflow/dags/prod/airbyte_to_dbt_prod.py for tasks to queue
[2026-08-26T14:43:10.712+0000] {logging_mixin.py:190} INFO - [2026-08-26T14:43:10.711+0000] {dagbag.py:588} INFO - Filling up the DagBag from /opt/airflow/dags/prod/airbyte_to_dbt_prod.py
[2026-08-26T14:43:10.750+0000] {processor.py:925} INFO - DAG(s) 'airbyte_to_dbt_pipeline_prod' retrieved from /opt/airflow/dags/prod/airbyte_to_dbt_prod.py
[2026-08-26T14:43:10.821+0000] {logging_mixin.py:190} INFO - [2026-08-26T14:43:10.821+0000] {dag.py:3239} INFO - Sync 1 DAGs
[2026-08-26T14:43:10.867+0000] {logging_mixin.py:190} INFO - [2026-08-26T14:43:10.867+0000] {dag.py:4180} INFO - Setting next_dagrun for airbyte_to_dbt_pipeline_prod to 2026-08-26 13:00:00+00:00, run_after=2026-08-26 14:00:00+00:00
[2026-08-26T14:43:10.899+0000] {processor.py:208} INFO - Processing /opt/airflow/dags/prod/airbyte_to_dbt_prod.py took 0.209 seconds
[2026-08-26T14:43:41.100+0000] {processor.py:186} INFO - Started process (PID=7056) to work on /opt/airflow/dags/prod/airbyte_to_dbt_prod.py
[2026-08-26T14:43:41.101+0000] {processor.py:914} INFO - Processing file /opt/airflow/dags/prod/airbyte_to_dbt_prod.py for tasks to queue
[2026-08-26T14:43:41.107+0000] {logging_mixin.py:190} INFO - [2026-08-26T14:43:41.106+0000] {dagbag.py:588} INFO - Filling up the DagBag from /opt/airflow/dags/prod/airbyte_to_dbt_prod.py
[2026-08-26T14:43:41.141+0000] {processor.py:925} INFO - DAG(s) 'airbyte_to_dbt_pipeline_prod' retrieved from /opt/airflow/dags/prod/airbyte_to_dbt_prod.py
[2026-08-26T14:43:41.234+0000] {logging_mixin.py:190} INFO - [2026-08-26T14:43:41.234+0000] {dag.py:3239} INFO - Sync 1 DAGs
[2026-08-26T14:43:41.294+0000] {logging_mixin.py:190} INFO - [2026-08-26T14:43:41.294+0000] {dag.py:4180} INFO - Setting next_dagrun for airbyte_to_dbt_pipeline_prod to 2026-08-26 13:00:00+00:00, run_after=2026-08-26 14:00:00+00:00
[2026-08-26T14:43:41.325+0000] {processor.py:208} INFO - Processing /opt/airflow/dags/prod/airbyte_to_dbt_prod.py took 0.238 seconds
[2026-08-26T14:44:11.514+0000] {processor.py:186} INFO - Started process (PID=7066) to work on /opt/airflow/dags/prod/airbyte_to_dbt_prod.py
[2026-08-26T14:44:11.515+0000] {processor.py:914} INFO - Processing file /opt/airflow/dags/prod/airbyte_to_dbt_prod.py for tasks to queue
[2026-08-26T14:44:11.518+0000] {logging_mixin.py:190} INFO - [2026-08-26T14:44:11.517+0000] {dagbag.py:588} INFO - Filling up the DagBag from /opt/airflow/dags/prod/airbyte_to_dbt_prod.py
[2026-08-26T14:44:11.540+0000] {processor.py:925} INFO - DAG(s) 'airbyte_to_dbt_pipeline_prod' retrieved from /opt/airflow/dags/prod/airbyte_to_dbt_prod.py
[2026-08-26T14:44:11.593+0000] {logging_mixin.py:190} INFO - [2026-08-26T14:44:11.592+0000] {dag.py:3239} INFO - Sync 1 DAGs
[2026-08-26T14:44:11.629+0000] {logging_mixin.py:190} INFO - [2026-08-26T14:44:11.629+0000] {dag.py:4180} INFO - Setting next_dagrun for airbyte_to_dbt_pipeline_prod to 2026-08-26 13:00:00+00:00, run_after=2026-08-26 14:00:00+00:00
[2026-08-26T14:44:11.658+0000] {processor.py:208} INFO - Processing /opt/airflow/dags/prod/airbyte_to_dbt_prod.py took 0.153 seconds
[2026-08-26T14:44:41.830+0000] {processor.py:186} INFO - Started process (PID=7076) to work on /opt/airflow/dags/prod/airbyte_to_dbt_prod.py
[2026-08-26T14:44:41.831+0000] {processor.py:914} INFO - Processing file /opt/airflow/dags/prod/airbyte_to_dbt_prod.py for tasks to queue
[2026-08-26T14:44:41.835+0000] {logging_mixin.py:190} INFO - [2026-08-26T14:44:41.834+0000] {dagbag.py:588} INFO - Filling up the DagBag from /opt/airflow/dags/prod/airbyte_to_dbt_prod.py
[2026-08-26T14:44:41.859+0000] {processor.py:925} INFO - DAG(s) 'airbyte_to_dbt_pipeline_prod' retrieved from /opt/airflow/dags/prod/airbyte_to_dbt_prod.py
[2026-08-26T14:44:41.906+0000] {logging_mixin.py:190} INFO - [2026-08-26T14:44:41.905+0000] {dag.py:3239} INFO - Sync 1 DAGs
[2026-08-26T14:44:41.943+0000] {logging_mixin.py:190} INFO - [2026-08-26T14:44:41.943+0000] {dag.py:4180} INFO - Setting next_dagrun for airbyte_to_dbt_pipeline_prod to 2026-08-26 13:00:00+00:00, run_after=2026-08-26 14:00:00+00:00
[2026-08-26T14:44:41.964+0000] {processor.py:208} INFO - Processing /opt/airflow/dags/prod/airbyte_to_dbt_prod.py took 0.144 seconds
[2026-08-26T14:45:12.134+0000] {processor.py:186} INFO - Started process (PID=7086) to work on /opt/airflow/dags/prod/airbyte_to_dbt_prod.py
[2026-08-26T14:45:12.135+0000] {processor.py:914} INFO - Processing file /opt/airflow/dags/prod/airbyte_to_dbt_prod.py for tasks to queue
[2026-08-26T14:45:12.139+0000] {logging_mixin.py:190} INFO - [2026-08-26T14:45:12.138+0000] {dagbag.py:588} INFO - Filling up the DagBag from /opt/airflow/dags/prod/airbyte_to_dbt_prod.py
[2026-08-26T14:45:12.164+0000] {processor.py:925} INFO - DAG(s) 'airbyte_to_dbt_pipeline_prod' retrieved from /opt/airflow/dags/prod/airbyte_to_dbt_prod.py
[2026-08-26T14:45:12.208+0000] {logging_mixin.py:190} INFO - [2026-08-26T14:45:12.208+0000] {dag.py:3239} INFO - Sync 1 DAGs
[2026-08-26T14:45:12.236+0000] {logging_mixin.py:190} INFO - [2026-08-26T14:45:12.236+0000] {dag.py:4180} INFO - Setting next_dagrun for airbyte_to_dbt_pipeline_prod to 2026-08-26 13:00:00+00:00, run_after=2026-08-26 14:00:00+00:00
[2026-08-26T14:45:12.258+0000] {processor.py:208} INFO - Processing /opt/airflow/dags/prod/airbyte_to_dbt_prod.py took 0.134 seconds
[2026-08-26T14:45:42.460+0000] {processor.py:186} INFO - Started process (PID=7096) to work on /opt/airflow/dags/prod/airbyte_to_dbt_prod.py
[2026-08-26T14:45:42.464+0000] {processor.py:914} INFO - Processing file /opt/airflow/dags/prod/airbyte_to_dbt_prod.py for tasks to queue
[2026-08-26T14:45:42.469+0000] {logging_mixin.py:190} INFO - [2026-08-26T14:45:42.468+0000] {dagbag.py:588} INFO - Filling up the DagBag from /opt/airflow/dags/prod/airbyte_to_dbt_prod.py
[2026-08-26T14:45:42.504+0000] {processor.py:925} INFO - DAG(s) 'airbyte_to_dbt_pipeline_prod' retrieved from /opt/airflow/dags/prod/airbyte_to_dbt_prod.py
[2026-08-26T14:45:42.571+0000] {logging_mixin.py:190} INFO - [2026-08-26T14:45:42.569+0000] {dag.py:3239} INFO - Sync 1 DAGs
[2026-08-26T14:45:42.614+0000] {logging_mixin.py:190} INFO - [2026-08-26T14:45:42.614+0000] {dag.py:4180} INFO - Setting next_dagrun for airbyte_to_dbt_pipeline_prod to 2026-08-26 13:00:00+00:00, run_after=2026-08-26 14:00:00+00:00
[2026-08-26T14:45:42.650+0000] {processor.py:208} INFO - Processing /opt/airflow/dags/prod/airbyte_to_dbt_prod.py took 0.204 seconds
[2026-08-26T14:46:12.837+0000] {processor.py:186} INFO - Started process (PID=7106) to work on /opt/airflow/dags/prod/airbyte_to_dbt_prod.py
[2026-08-26T14:46:12.838+0000] {processor.py:914} INFO - Processing file /opt/airflow/dags/prod/airbyte_to_dbt_prod.py for tasks to queue
[2026-08-26T14:46:12.841+0000] {logging_mixin.py:190} INFO - [2026-08-26T14:46:12.840+0000] {dagbag.py:588} INFO - Filling up the DagBag from /opt/airflow/dags/prod/airbyte_to_dbt_prod.py
[2026-08-26T14:46:12.872+0000] {processor.py:925} INFO - DAG(s) 'airbyte_to_dbt_pipeline_prod' retrieved from /opt/airflow/dags/prod/airbyte_to_dbt_prod.py
[2026-08-26T14:46:12.925+0000] {logging_mixin.py:190} INFO - [2026-08-26T14:46:12.925+0000] {dag.py:3239} INFO - Sync 1 DAGs
[2026-08-26T14:46:12.970+0000] {logging_mixin.py:190} INFO - [2026-08-26T14:46:12.970+0000] {dag.py:4180} INFO - Setting next_dagrun for airbyte_to_dbt_pipeline_prod to 2026-08-26 13:00:00+00:00, run_after=2026-08-26 14:00:00+00:00
[2026-08-26T14:46:12.997+0000] {processor.py:208} INFO - Processing /opt/airflow/dags/prod/airbyte_to_dbt_prod.py took 0.170 seconds
[2026-08-26T14:46:43.147+0000] {processor.py:186} INFO - Started process (PID=7116) to work on /opt/airflow/dags/prod/airbyte_to_dbt_prod.py
[2026-08-26T14:46:43.148+0000] {processor.py:914} INFO - Processing file /opt/airflow/dags/prod/airbyte_to_dbt_prod.py for tasks to queue
[2026-08-26T14:46:43.152+0000] {logging_mixin.py:190} INFO - [2026-08-26T14:46:43.152+0000] {dagbag.py:588} INFO - Filling up the DagBag from /opt/airflow/dags/prod/airbyte_to_dbt_prod.py
[2026-08-26T14:46:43.183+0000] {processor.py:925} INFO - DAG(s) 'airbyte_to_dbt_pipeline_prod' retrieved from /opt/airflow/dags/prod/airbyte_to_dbt_prod.py
[2026-08-26T14:46:43.245+0000] {logging_mixin.py:190} INFO - [2026-08-26T14:46:43.245+0000] {dag.py:3239} INFO - Sync 1 DAGs
[2026-08-26T14:46:43.287+0000] {logging_mixin.py:190} INFO - [2026-08-26T14:46:43.287+0000] {dag.py:4180} INFO - Setting next_dagrun for airbyte_to_dbt_pipeline_prod to 2026-08-26 13:00:00+00:00, run_after=2026-08-26 14:00:00+00:00
[2026-08-26T14:46:43.315+0000] {processor.py:208} INFO - Processing /opt/airflow/dags/prod/airbyte_to_dbt_prod.py took 0.178 seconds
[2026-08-26T14:47:13.504+0000] {processor.py:186} INFO - Started process (PID=7126) to work on /opt/airflow/dags/prod/airbyte_to_dbt_prod.py
[2026-08-26T14:47:13.505+0000] {processor.py:914} INFO - Processing file /opt/airflow/dags/prod/airbyte_to_dbt_prod.py for tasks to queue
[2026-08-26T14:47:13.508+0000] {logging_mixin.py:190} INFO - [2026-08-26T14:47:13.508+0000] {dagbag.py:588} INFO - Filling up the DagBag from /opt/airflow/dags/prod/airbyte_to_dbt_prod.py
[2026-08-26T14:47:13.530+0000] {processor.py:925} INFO - DAG(s) 'airbyte_to_dbt_pipeline_prod' retrieved from /opt/airflow/dags/prod/airbyte_to_dbt_prod.py
[2026-08-26T14:47:13.579+0000] {logging_mixin.py:190} INFO - [2026-08-26T14:47:13.578+0000] {dag.py:3239} INFO - Sync 1 DAGs
[2026-08-26T14:47:13.611+0000] {logging_mixin.py:190} INFO - [2026-08-26T14:47:13.610+0000] {dag.py:4180} INFO - Setting next_dagrun for airbyte_to_dbt_pipeline_prod to 2026-08-26 13:00:00+00:00, run_after=2026-08-26 14:00:00+00:00
[2026-08-26T14:47:13.638+0000] {processor.py:208} INFO - Processing /opt/airflow/dags/prod/airbyte_to_dbt_prod.py took 0.144 seconds
[2026-08-26T14:47:43.799+0000] {processor.py:186} INFO - Started process (PID=7136) to work on /opt/airflow/dags/prod/airbyte_to_dbt_prod.py
[2026-08-26T14:47:43.801+0000] {processor.py:914} INFO - Processing file /opt/airflow/dags/prod/airbyte_to_dbt_prod.py for tasks to queue
[2026-08-26T14:47:43.805+0000] {logging_mixin.py:190} INFO - [2026-08-26T14:47:43.804+0000] {dagbag.py:588} INFO - Filling up the DagBag from /opt/airflow/dags/prod/airbyte_to_dbt_prod.py
[2026-08-26T14:47:43.838+0000] {processor.py:925} INFO - DAG(s) 'airbyte_to_dbt_pipeline_prod' retrieved from /opt/airflow/dags/prod/airbyte_to_dbt_prod.py
[2026-08-26T14:47:43.897+0000] {logging_mixin.py:190} INFO - [2026-08-26T14:47:43.896+0000] {dag.py:3239} INFO - Sync 1 DAGs
[2026-08-26T14:47:43.935+0000] {logging_mixin.py:190} INFO - [2026-08-26T14:47:43.934+0000] {dag.py:4180} INFO - Setting next_dagrun for airbyte_to_dbt_pipeline_prod to 2026-08-26 13:00:00+00:00, run_after=2026-08-26 14:00:00+00:00
[2026-08-26T14:47:43.963+0000] {processor.py:208} INFO - Processing /opt/airflow/dags/prod/airbyte_to_dbt_prod.py took 0.175 seconds
[2026-08-26T14:48:14.126+0000] {processor.py:186} INFO - Started process (PID=7146) to work on /opt/airflow/dags/prod/airbyte_to_dbt_prod.py
[2026-08-26T14:48:14.127+0000] {processor.py:914} INFO - Processing file /opt/airflow/dags/prod/airbyte_to_dbt_prod.py for tasks to queue
[2026-08-26T14:48:14.132+0000] {logging_mixin.py:190} INFO - [2026-08-26T14:48:14.132+0000] {dagbag.py:588} INFO - Filling up the DagBag from /opt/airflow/dags/prod/airbyte_to_dbt_prod.py
[2026-08-26T14:48:14.183+0000] {processor.py:925} INFO - DAG(s) 'airbyte_to_dbt_pipeline_prod' retrieved from /opt/airflow/dags/prod/airbyte_to_dbt_prod.py
[2026-08-26T14:48:14.241+0000] {logging_mixin.py:190} INFO - [2026-08-26T14:48:14.241+0000] {dag.py:3239} INFO - Sync 1 DAGs
[2026-08-26T14:48:14.284+0000] {logging_mixin.py:190} INFO - [2026-08-26T14:48:14.284+0000] {dag.py:4180} INFO - Setting next_dagrun for airbyte_to_dbt_pipeline_prod to 2026-08-26 13:00:00+00:00, run_after=2026-08-26 14:00:00+00:00
[2026-08-26T14:48:14.315+0000] {processor.py:208} INFO - Processing /opt/airflow/dags/prod/airbyte_to_dbt_prod.py took 0.198 seconds
[2026-08-26T14:48:44.498+0000] {processor.py:186} INFO - Started process (PID=7156) to work on /opt/airflow/dags/prod/airbyte_to_dbt_prod.py
[2026-08-26T14:48:44.500+0000] {processor.py:914} INFO - Processing file /opt/airflow/dags/prod/airbyte_to_dbt_prod.py for tasks to queue
[2026-08-26T14:48:44.505+0000] {logging_mixin.py:190} INFO - [2026-08-26T14:48:44.505+0000] {dagbag.py:588} INFO - Filling up the DagBag from /opt/airflow/dags/prod/airbyte_to_dbt_prod.py
[2026-08-26T14:48:44.548+0000] {processor.py:925} INFO - DAG(s) 'airbyte_to_dbt_pipeline_prod' retrieved from /opt/airflow/dags/prod/airbyte_to_dbt_prod.py
[2026-08-26T14:48:44.642+0000] {logging_mixin.py:190} INFO - [2026-08-26T14:48:44.642+0000] {dag.py:3239} INFO - Sync 1 DAGs
[2026-08-26T14:48:44.685+0000] {logging_mixin.py:190} INFO - [2026-08-26T14:48:44.685+0000] {dag.py:4180} INFO - Setting next_dagrun for airbyte_to_dbt_pipeline_prod to 2026-08-26 13:00:00+00:00, run_after=2026-08-26 14:00:00+00:00
[2026-08-26T14:48:44.708+0000] {processor.py:208} INFO - Processing /opt/airflow/dags/prod/airbyte_to_dbt_prod.py took 0.219 seconds
[2026-08-26T14:49:14.883+0000] {processor.py:186} INFO - Started process (PID=7166) to work on /opt/airflow/dags/prod/airbyte_to_dbt_prod.py
[2026-08-26T14:49:14.884+0000] {processor.py:914} INFO - Processing file /opt/airflow/dags/prod/airbyte_to_dbt_prod.py for tasks to queue
[2026-08-26T14:49:14.888+0000] {logging_mixin.py:190} INFO - [2026-08-26T14:49:14.888+0000] {dagbag.py:588} INFO - Filling up the DagBag from /opt/airflow/dags/prod/airbyte_to_dbt_prod.py
[2026-08-26T14:49:14.920+0000] {processor.py:925} INFO - DAG(s) 'airbyte_to_dbt_pipeline_prod' retrieved from /opt/airflow/dags/prod/airbyte_to_dbt_prod.py
[2026-08-26T14:49:14.968+0000] {logging_mixin.py:190} INFO - [2026-08-26T14:49:14.968+0000] {dag.py:3239} INFO - Sync 1 DAGs
[2026-08-26T14:49:14.997+0000] {logging_mixin.py:190} INFO - [2026-08-26T14:49:14.997+0000] {dag.py:4180} INFO - Setting next_dagrun for airbyte_to_dbt_pipeline_prod to 2026-08-26 13:00:00+00:00, run_after=2026-08-26 14:00:00+00:00
[2026-08-26T14:49:15.026+0000] {processor.py:208} INFO - Processing /opt/airflow/dags/prod/airbyte_to_dbt_prod.py took 0.151 seconds
[2026-08-26T14:49:45.205+0000] {processor.py:186} INFO - Started process (PID=7176) to work on /opt/airflow/dags/prod/airbyte_to_dbt_prod.py
[2026-08-26T14:49:45.206+0000] {processor.py:914} INFO - Processing file /opt/airflow/dags/prod/airbyte_to_dbt_prod.py for tasks to queue
[2026-08-26T14:49:45.210+0000] {logging_mixin.py:190} INFO - [2026-08-26T14:49:45.210+0000] {dagbag.py:588} INFO - Filling up the DagBag from /opt/airflow/dags/prod/airbyte_to_dbt_prod.py
[2026-08-26T14:49:45.241+0000] {processor.py:925} INFO - DAG(s) 'airbyte_to_dbt_pipeline_prod' retrieved from /opt/airflow/dags/prod/airbyte_to_dbt_prod.py
[2026-08-26T14:49:45.293+0000] {logging_mixin.py:190} INFO - [2026-08-26T14:49:45.293+0000] {dag.py:3239} INFO - Sync 1 DAGs
[2026-08-26T14:49:45.335+0000] {logging_mixin.py:190} INFO - [2026-08-26T14:49:45.335+0000] {dag.py:4180} INFO - Setting next_dagrun for airbyte_to_dbt_pipeline_prod to 2026-08-26 13:00:00+00:00, run_after=2026-08-26 14:00:00+00:00
[2026-08-26T14:49:45.365+0000] {processor.py:208} INFO - Processing /opt/airflow/dags/prod/airbyte_to_dbt_prod.py took 0.169 seconds
[2026-08-26T14:50:15.543+0000] {processor.py:186} INFO - Started process (PID=7186) to work on /opt/airflow/dags/prod/airbyte_to_dbt_prod.py
[2026-08-26T14:50:15.545+0000] {processor.py:914} INFO - Processing file /opt/airflow/dags/prod/airbyte_to_dbt_prod.py for tasks to queue
[2026-08-26T14:50:15.549+0000] {logging_mixin.py:190} INFO - [2026-08-26T14:50:15.548+0000] {dagbag.py:588} INFO - Filling up the DagBag from /opt/airflow/dags/prod/airbyte_to_dbt_prod.py
[2026-08-26T14:50:15.578+0000] {processor.py:925} INFO - DAG(s) 'airbyte_to_dbt_pipeline_prod' retrieved from /opt/airflow/dags/prod/airbyte_to_dbt_prod.py
[2026-08-26T14:50:15.627+0000] {logging_mixin.py:190} INFO - [2026-08-26T14:50:15.627+0000] {dag.py:3239} INFO - Sync 1 DAGs
[2026-08-26T14:50:15.657+0000] {logging_mixin.py:190} INFO - [2026-08-26T14:50:15.657+0000] {dag.py:4180} INFO - Setting next_dagrun for airbyte_to_dbt_pipeline_prod to 2026-08-26 13:00:00+00:00, run_after=2026-08-26 14:00:00+00:00
[2026-08-26T14:50:15.714+0000] {processor.py:208} INFO - Processing /opt/airflow/dags/prod/airbyte_to_dbt_prod.py took 0.182 seconds
[2026-08-26T14:50:45.879+0000] {processor.py:186} INFO - Started process (PID=7196) to work on /opt/airflow/dags/prod/airbyte_to_dbt_prod.py
[2026-08-26T14:50:45.880+0000] {processor.py:914} INFO - Processing file /opt/airflow/dags/prod/airbyte_to_dbt_prod.py for tasks to queue
[2026-08-26T14:50:45.883+0000] {logging_mixin.py:190} INFO - [2026-08-26T14:50:45.882+0000] {dagbag.py:588} INFO - Filling up the DagBag from /opt/airflow/dags/prod/airbyte_to_dbt_prod.py
[2026-08-26T14:50:45.910+0000] {processor.py:925} INFO - DAG(s) 'airbyte_to_dbt_pipeline_prod' retrieved from /opt/airflow/dags/prod/airbyte_to_dbt_prod.py
[2026-08-26T14:50:45.956+0000] {logging_mixin.py:190} INFO - [2026-08-26T14:50:45.955+0000] {dag.py:3239} INFO - Sync 1 DAGs
[2026-08-26T14:50:45.991+0000] {logging_mixin.py:190} INFO - [2026-08-26T14:50:45.991+0000] {dag.py:4180} INFO - Setting next_dagrun for airbyte_to_dbt_pipeline_prod to 2026-08-26 13:00:00+00:00, run_after=2026-08-26 14:00:00+00:00
[2026-08-26T14:50:46.016+0000] {processor.py:208} INFO - Processing /opt/airflow/dags/prod/airbyte_to_dbt_prod.py took 0.146 seconds
[2026-08-26T14:51:16.191+0000] {processor.py:186} INFO - Started process (PID=7206) to work on /opt/airflow/dags/prod/airbyte_to_dbt_prod.py
[2026-08-26T14:51:16.192+0000] {processor.py:914} INFO - Processing file /opt/airflow/dags/prod/airbyte_to_dbt_prod.py for tasks to queue
[2026-08-26T14:51:16.196+0000] {logging_mixin.py:190} INFO - [2026-08-26T14:51:16.196+0000] {dagbag.py:588} INFO - Filling up the DagBag from /opt/airflow/dags/prod/airbyte_to_dbt_prod.py
[2026-08-26T14:51:16.222+0000] {processor.py:925} INFO - DAG(s) 'airbyte_to_dbt_pipeline_prod' retrieved from /opt/airflow/dags/prod/airbyte_to_dbt_prod.py
[2026-08-26T14:51:16.276+0000] {logging_mixin.py:190} INFO - [2026-08-26T14:51:16.275+0000] {dag.py:3239} INFO - Sync 1 DAGs
[2026-08-26T14:51:16.316+0000] {logging_mixin.py:190} INFO - [2026-08-26T14:51:16.316+0000] {dag.py:4180} INFO - Setting next_dagrun for airbyte_to_dbt_pipeline_prod to 2026-08-26 13:00:00+00:00, run_after=2026-08-26 14:00:00+00:00
[2026-08-26T14:51:16.345+0000] {processor.py:208} INFO - Processing /opt/airflow/dags/prod/airbyte_to_dbt_prod.py took 0.165 seconds
[2026-08-26T14:51:46.514+0000] {processor.py:186} INFO - Started process (PID=7216) to work on /opt/airflow/dags/prod/airbyte_to_dbt_prod.py
[2026-08-26T14:51:46.515+0000] {processor.py:914} INFO - Processing file /opt/airflow/dags/prod/airbyte_to_dbt_prod.py for tasks to queue
[2026-08-26T14:51:46.519+0000] {logging_mixin.py:190} INFO - [2026-08-26T14:51:46.519+0000] {dagbag.py:588} INFO - Filling up the DagBag from /opt/airflow/dags/prod/airbyte_to_dbt_prod.py
[2026-08-26T14:51:46.550+0000] {processor.py:925} INFO - DAG(s) 'airbyte_to_dbt_pipeline_prod' retrieved from /opt/airflow/dags/prod/airbyte_to_dbt_prod.py
[2026-08-26T14:51:46.602+0000] {logging_mixin.py:190} INFO - [2026-08-26T14:51:46.602+0000] {dag.py:3239} INFO - Sync 1 DAGs
[2026-08-26T14:51:46.639+0000] {logging_mixin.py:190} INFO - [2026-08-26T14:51:46.639+0000] {dag.py:4180} INFO - Setting next_dagrun for airbyte_to_dbt_pipeline_prod to 2026-08-26 13:00:00+00:00, run_after=2026-08-26 14:00:00+00:00
[2026-08-26T14:51:46.665+0000] {processor.py:208} INFO - Processing /opt/airflow/dags/prod/airbyte_to_dbt_prod.py took 0.159 seconds
[2026-08-26T14:52:16.854+0000] {processor.py:186} INFO - Started process (PID=7226) to work on /opt/airflow/dags/prod/airbyte_to_dbt_prod.py
[2026-08-26T14:52:16.856+0000] {processor.py:914} INFO - Processing file /opt/airflow/dags/prod/airbyte_to_dbt_prod.py for tasks to queue
[2026-08-26T14:52:16.861+0000] {logging_mixin.py:190} INFO - [2026-08-26T14:52:16.860+0000] {dagbag.py:588} INFO - Filling up the DagBag from /opt/airflow/dags/prod/airbyte_to_dbt_prod.py
[2026-08-26T14:52:16.904+0000] {processor.py:925} INFO - DAG(s) 'airbyte_to_dbt_pipeline_prod' retrieved from /opt/airflow/dags/prod/airbyte_to_dbt_prod.py
[2026-08-26T14:52:17.011+0000] {logging_mixin.py:190} INFO - [2026-08-26T14:52:17.011+0000] {dag.py:3239} INFO - Sync 1 DAGs
[2026-08-26T14:52:17.077+0000] {logging_mixin.py:190} INFO - [2026-08-26T14:52:17.076+0000] {dag.py:4180} INFO - Setting next_dagrun for airbyte_to_dbt_pipeline_prod to 2026-08-26 13:00:00+00:00, run_after=2026-08-26 14:00:00+00:00
[2026-08-26T14:52:17.123+0000] {processor.py:208} INFO - Processing /opt/airflow/dags/prod/airbyte_to_dbt_prod.py took 0.283 seconds
[2026-08-26T14:52:47.240+0000] {processor.py:186} INFO - Started process (PID=7236) to work on /opt/airflow/dags/prod/airbyte_to_dbt_prod.py
[2026-08-26T14:52:47.242+0000] {processor.py:914} INFO - Processing file /opt/airflow/dags/prod/airbyte_to_dbt_prod.py for tasks to queue
[2026-08-26T14:52:47.245+0000] {logging_mixin.py:190} INFO - [2026-08-26T14:52:47.245+0000] {dagbag.py:588} INFO - Filling up the DagBag from /opt/airflow/dags/prod/airbyte_to_dbt_prod.py
[2026-08-26T14:52:47.268+0000] {processor.py:925} INFO - DAG(s) 'airbyte_to_dbt_pipeline_prod' retrieved from /opt/airflow/dags/prod/airbyte_to_dbt_prod.py
[2026-08-26T14:52:47.322+0000] {logging_mixin.py:190} INFO - [2026-08-26T14:52:47.321+0000] {dag.py:3239} INFO - Sync 1 DAGs
[2026-08-26T14:52:47.356+0000] {logging_mixin.py:190} INFO - [2026-08-26T14:52:47.356+0000] {dag.py:4180} INFO - Setting next_dagrun for airbyte_to_dbt_pipeline_prod to 2026-08-26 13:00:00+00:00, run_after=2026-08-26 14:00:00+00:00
[2026-08-26T14:52:47.383+0000] {processor.py:208} INFO - Processing /opt/airflow/dags/prod/airbyte_to_dbt_prod.py took 0.151 seconds
[2026-08-26T14:53:17.580+0000] {processor.py:186} INFO - Started process (PID=7246) to work on /opt/airflow/dags/prod/airbyte_to_dbt_prod.py
[2026-08-26T14:53:17.581+0000] {processor.py:914} INFO - Processing file /opt/airflow/dags/prod/airbyte_to_dbt_prod.py for tasks to queue
[2026-08-26T14:53:17.588+0000] {logging_mixin.py:190} INFO - [2026-08-26T14:53:17.587+0000] {dagbag.py:588} INFO - Filling up the DagBag from /opt/airflow/dags/prod/airbyte_to_dbt_prod.py
[2026-08-26T14:53:17.619+0000] {processor.py:925} INFO - DAG(s) 'airbyte_to_dbt_pipeline_prod' retrieved from /opt/airflow/dags/prod/airbyte_to_dbt_prod.py
[2026-08-26T14:53:17.667+0000] {logging_mixin.py:190} INFO - [2026-08-26T14:53:17.666+0000] {dag.py:3239} INFO - Sync 1 DAGs
[2026-08-26T14:53:17.707+0000] {logging_mixin.py:190} INFO - [2026-08-26T14:53:17.707+0000] {dag.py:4180} INFO - Setting next_dagrun for airbyte_to_dbt_pipeline_prod to 2026-08-26 13:00:00+00:00, run_after=2026-08-26 14:00:00+00:00
[2026-08-26T14:53:17.729+0000] {processor.py:208} INFO - Processing /opt/airflow/dags/prod/airbyte_to_dbt_prod.py took 0.161 seconds
[2026-08-26T14:53:47.897+0000] {processor.py:186} INFO - Started process (PID=7256) to work on /opt/airflow/dags/prod/airbyte_to_dbt_prod.py
[2026-08-26T14:53:47.899+0000] {processor.py:914} INFO - Processing file /opt/airflow/dags/prod/airbyte_to_dbt_prod.py for tasks to queue
[2026-08-26T14:53:47.903+0000] {logging_mixin.py:190} INFO - [2026-08-26T14:53:47.902+0000] {dagbag.py:588} INFO - Filling up the DagBag from /opt/airflow/dags/prod/airbyte_to_dbt_prod.py
[2026-08-26T14:53:47.937+0000] {processor.py:925} INFO - DAG(s) 'airbyte_to_dbt_pipeline_prod' retrieved from /opt/airflow/dags/prod/airbyte_to_dbt_prod.py
[2026-08-26T14:53:47.991+0000] {logging_mixin.py:190} INFO - [2026-08-26T14:53:47.990+0000] {dag.py:3239} INFO - Sync 1 DAGs
[2026-08-26T14:53:48.029+0000] {logging_mixin.py:190} INFO - [2026-08-26T14:53:48.029+0000] {dag.py:4180} INFO - Setting next_dagrun for airbyte_to_dbt_pipeline_prod to 2026-08-26 13:00:00+00:00, run_after=2026-08-26 14:00:00+00:00
[2026-08-26T14:53:48.052+0000] {processor.py:208} INFO - Processing /opt/airflow/dags/prod/airbyte_to_dbt_prod.py took 0.165 seconds
[2026-08-26T14:54:18.213+0000] {processor.py:186} INFO - Started process (PID=7266) to work on /opt/airflow/dags/prod/airbyte_to_dbt_prod.py
[2026-08-26T14:54:18.214+0000] {processor.py:914} INFO - Processing file /opt/airflow/dags/prod/airbyte_to_dbt_prod.py for tasks to queue
[2026-08-26T14:54:18.217+0000] {logging_mixin.py:190} INFO - [2026-08-26T14:54:18.216+0000] {dagbag.py:588} INFO - Filling up the DagBag from /opt/airflow/dags/prod/airbyte_to_dbt_prod.py
[2026-08-26T14:54:18.238+0000] {processor.py:925} INFO - DAG(s) 'airbyte_to_dbt_pipeline_prod' retrieved from /opt/airflow/dags/prod/airbyte_to_dbt_prod.py
[2026-08-26T14:54:18.276+0000] {logging_mixin.py:190} INFO - [2026-08-26T14:54:18.275+0000] {dag.py:3239} INFO - Sync 1 DAGs
[2026-08-26T14:54:18.310+0000] {logging_mixin.py:190} INFO - [2026-08-26T14:54:18.310+0000] {dag.py:4180} INFO - Setting next_dagrun for airbyte_to_dbt_pipeline_prod to 2026-08-26 13:00:00+00:00, run_after=2026-08-26 14:00:00+00:00
[2026-08-26T14:54:18.335+0000] {processor.py:208} INFO - Processing /opt/airflow/dags/prod/airbyte_to_dbt_prod.py took 0.131 seconds
[2026-08-26T14:54:48.534+0000] {processor.py:186} INFO - Started process (PID=7276) to work on /opt/airflow/dags/prod/airbyte_to_dbt_prod.py
[2026-08-26T14:54:48.536+0000] {processor.py:914} INFO - Processing file /opt/airflow/dags/prod/airbyte_to_dbt_prod.py for tasks to queue
[2026-08-26T14:54:48.542+0000] {logging_mixin.py:190} INFO - [2026-08-26T14:54:48.541+0000] {dagbag.py:588} INFO - Filling up the DagBag from /opt/airflow/dags/prod/airbyte_to_dbt_prod.py
[2026-08-26T14:54:48.593+0000] {processor.py:925} INFO - DAG(s) 'airbyte_to_dbt_pipeline_prod' retrieved from /opt/airflow/dags/prod/airbyte_to_dbt_prod.py
[2026-08-26T14:54:48.674+0000] {logging_mixin.py:190} INFO - [2026-08-26T14:54:48.674+0000] {dag.py:3239} INFO - Sync 1 DAGs
[2026-08-26T14:54:48.742+0000] {logging_mixin.py:190} INFO - [2026-08-26T14:54:48.742+0000] {dag.py:4180} INFO - Setting next_dagrun for airbyte_to_dbt_pipeline_prod to 2026-08-26 13:00:00+00:00, run_after=2026-08-26 14:00:00+00:00
[2026-08-26T14:54:48.790+0000] {processor.py:208} INFO - Processing /opt/airflow/dags/prod/airbyte_to_dbt_prod.py took 0.273 seconds
[2026-08-26T14:55:19.185+0000] {processor.py:186} INFO - Started process (PID=7284) to work on /opt/airflow/dags/prod/airbyte_to_dbt_prod.py
[2026-08-26T14:55:19.190+0000] {processor.py:914} INFO - Processing file /opt/airflow/dags/prod/airbyte_to_dbt_prod.py for tasks to queue
[2026-08-26T14:55:19.251+0000] {logging_mixin.py:190} INFO - [2026-08-26T14:55:19.250+0000] {dagbag.py:588} INFO - Filling up the DagBag from /opt/airflow/dags/prod/airbyte_to_dbt_prod.py
[2026-08-26T14:55:19.597+0000] {processor.py:925} INFO - DAG(s) 'airbyte_to_dbt_pipeline_prod' retrieved from /opt/airflow/dags/prod/airbyte_to_dbt_prod.py
[2026-08-26T14:55:19.807+0000] {logging_mixin.py:190} INFO - [2026-08-26T14:55:19.807+0000] {dag.py:3239} INFO - Sync 1 DAGs
[2026-08-26T14:55:19.971+0000] {logging_mixin.py:190} INFO - [2026-08-26T14:55:19.970+0000] {dag.py:4180} INFO - Setting next_dagrun for airbyte_to_dbt_pipeline_prod to 2026-08-26 13:00:00+00:00, run_after=2026-08-26 14:00:00+00:00
[2026-08-26T14:55:20.003+0000] {processor.py:208} INFO - Processing /opt/airflow/dags/prod/airbyte_to_dbt_prod.py took 0.945 seconds
[2026-08-26T14:55:50.201+0000] {processor.py:186} INFO - Started process (PID=7296) to work on /opt/airflow/dags/prod/airbyte_to_dbt_prod.py
[2026-08-26T14:55:50.203+0000] {processor.py:914} INFO - Processing file /opt/airflow/dags/prod/airbyte_to_dbt_prod.py for tasks to queue
[2026-08-26T14:55:50.207+0000] {logging_mixin.py:190} INFO - [2026-08-26T14:55:50.207+0000] {dagbag.py:588} INFO - Filling up the DagBag from /opt/airflow/dags/prod/airbyte_to_dbt_prod.py
[2026-08-26T14:55:50.236+0000] {processor.py:925} INFO - DAG(s) 'airbyte_to_dbt_pipeline_prod' retrieved from /opt/airflow/dags/prod/airbyte_to_dbt_prod.py
[2026-08-26T14:55:50.277+0000] {logging_mixin.py:190} INFO - [2026-08-26T14:55:50.277+0000] {dag.py:3239} INFO - Sync 1 DAGs
[2026-08-26T14:55:50.307+0000] {logging_mixin.py:190} INFO - [2026-08-26T14:55:50.307+0000] {dag.py:4180} INFO - Setting next_dagrun for airbyte_to_dbt_pipeline_prod to 2026-08-26 13:00:00+00:00, run_after=2026-08-26 14:00:00+00:00
[2026-08-26T14:55:50.334+0000] {processor.py:208} INFO - Processing /opt/airflow/dags/prod/airbyte_to_dbt_prod.py took 0.144 seconds
[2026-08-26T14:56:20.520+0000] {processor.py:186} INFO - Started process (PID=7306) to work on /opt/airflow/dags/prod/airbyte_to_dbt_prod.py
[2026-08-26T14:56:20.521+0000] {processor.py:914} INFO - Processing file /opt/airflow/dags/prod/airbyte_to_dbt_prod.py for tasks to queue
[2026-08-26T14:56:20.524+0000] {logging_mixin.py:190} INFO - [2026-08-26T14:56:20.523+0000] {dagbag.py:588} INFO - Filling up the DagBag from /opt/airflow/dags/prod/airbyte_to_dbt_prod.py
[2026-08-26T14:56:20.546+0000] {processor.py:925} INFO - DAG(s) 'airbyte_to_dbt_pipeline_prod' retrieved from /opt/airflow/dags/prod/airbyte_to_dbt_prod.py
[2026-08-26T14:56:20.596+0000] {logging_mixin.py:190} INFO - [2026-08-26T14:56:20.596+0000] {dag.py:3239} INFO - Sync 1 DAGs
[2026-08-26T14:56:20.633+0000] {logging_mixin.py:190} INFO - [2026-08-26T14:56:20.633+0000] {dag.py:4180} INFO - Setting next_dagrun for airbyte_to_dbt_pipeline_prod to 2026-08-26 13:00:00+00:00, run_after=2026-08-26 14:00:00+00:00
[2026-08-26T14:56:20.658+0000] {processor.py:208} INFO - Processing /opt/airflow/dags/prod/airbyte_to_dbt_prod.py took 0.148 seconds
[2026-08-26T14:56:50.826+0000] {processor.py:186} INFO - Started process (PID=7316) to work on /opt/airflow/dags/prod/airbyte_to_dbt_prod.py
[2026-08-26T14:56:50.828+0000] {processor.py:914} INFO - Processing file /opt/airflow/dags/prod/airbyte_to_dbt_prod.py for tasks to queue
[2026-08-26T14:56:50.831+0000] {logging_mixin.py:190} INFO - [2026-08-26T14:56:50.830+0000] {dagbag.py:588} INFO - Filling up the DagBag from /opt/airflow/dags/prod/airbyte_to_dbt_prod.py
[2026-08-26T14:56:50.853+0000] {processor.py:925} INFO - DAG(s) 'airbyte_to_dbt_pipeline_prod' retrieved from /opt/airflow/dags/prod/airbyte_to_dbt_prod.py
[2026-08-26T14:56:50.906+0000] {logging_mixin.py:190} INFO - [2026-08-26T14:56:50.906+0000] {dag.py:3239} INFO - Sync 1 DAGs
[2026-08-26T14:56:50.941+0000] {logging_mixin.py:190} INFO - [2026-08-26T14:56:50.941+0000] {dag.py:4180} INFO - Setting next_dagrun for airbyte_to_dbt_pipeline_prod to 2026-08-26 13:00:00+00:00, run_after=2026-08-26 14:00:00+00:00
[2026-08-26T14:56:50.965+0000] {processor.py:208} INFO - Processing /opt/airflow/dags/prod/airbyte_to_dbt_prod.py took 0.148 seconds
[2026-08-26T14:57:21.136+0000] {processor.py:186} INFO - Started process (PID=7326) to work on /opt/airflow/dags/prod/airbyte_to_dbt_prod.py
[2026-08-26T14:57:21.137+0000] {processor.py:914} INFO - Processing file /opt/airflow/dags/prod/airbyte_to_dbt_prod.py for tasks to queue
[2026-08-26T14:57:21.142+0000] {logging_mixin.py:190} INFO - [2026-08-26T14:57:21.141+0000] {dagbag.py:588} INFO - Filling up the DagBag from /opt/airflow/dags/prod/airbyte_to_dbt_prod.py
[2026-08-26T14:57:21.175+0000] {processor.py:925} INFO - DAG(s) 'airbyte_to_dbt_pipeline_prod' retrieved from /opt/airflow/dags/prod/airbyte_to_dbt_prod.py
[2026-08-26T14:57:21.216+0000] {logging_mixin.py:190} INFO - [2026-08-26T14:57:21.216+0000] {dag.py:3239} INFO - Sync 1 DAGs
[2026-08-26T14:57:21.246+0000] {logging_mixin.py:190} INFO - [2026-08-26T14:57:21.246+0000] {dag.py:4180} INFO - Setting next_dagrun for airbyte_to_dbt_pipeline_prod to 2026-08-26 13:00:00+00:00, run_after=2026-08-26 14:00:00+00:00
[2026-08-26T14:57:21.268+0000] {processor.py:208} INFO - Processing /opt/airflow/dags/prod/airbyte_to_dbt_prod.py took 0.145 seconds
[2026-08-26T14:57:51.463+0000] {processor.py:186} INFO - Started process (PID=7336) to work on /opt/airflow/dags/prod/airbyte_to_dbt_prod.py
[2026-08-26T14:57:51.464+0000] {processor.py:914} INFO - Processing file /opt/airflow/dags/prod/airbyte_to_dbt_prod.py for tasks to queue
[2026-08-26T14:57:51.469+0000] {logging_mixin.py:190} INFO - [2026-08-26T14:57:51.468+0000] {dagbag.py:588} INFO - Filling up the DagBag from /opt/airflow/dags/prod/airbyte_to_dbt_prod.py
[2026-08-26T14:57:51.500+0000] {processor.py:925} INFO - DAG(s) 'airbyte_to_dbt_pipeline_prod' retrieved from /opt/airflow/dags/prod/airbyte_to_dbt_prod.py
[2026-08-26T14:57:51.538+0000] {logging_mixin.py:190} INFO - [2026-08-26T14:57:51.538+0000] {dag.py:3239} INFO - Sync 1 DAGs
[2026-08-26T14:57:51.571+0000] {logging_mixin.py:190} INFO - [2026-08-26T14:57:51.570+0000] {dag.py:4180} INFO - Setting next_dagrun for airbyte_to_dbt_pipeline_prod to 2026-08-26 13:00:00+00:00, run_after=2026-08-26 14:00:00+00:00
[2026-08-26T14:57:51.596+0000] {processor.py:208} INFO - Processing /opt/airflow/dags/prod/airbyte_to_dbt_prod.py took 0.145 seconds
[2026-08-26T14:58:21.784+0000] {processor.py:186} INFO - Started process (PID=7346) to work on /opt/airflow/dags/prod/airbyte_to_dbt_prod.py
[2026-08-26T14:58:21.785+0000] {processor.py:914} INFO - Processing file /opt/airflow/dags/prod/airbyte_to_dbt_prod.py for tasks to queue
[2026-08-26T14:58:21.794+0000] {logging_mixin.py:190} INFO - [2026-08-26T14:58:21.792+0000] {dagbag.py:588} INFO - Filling up the DagBag from /opt/airflow/dags/prod/airbyte_to_dbt_prod.py
[2026-08-26T14:58:21.831+0000] {processor.py:925} INFO - DAG(s) 'airbyte_to_dbt_pipeline_prod' retrieved from /opt/airflow/dags/prod/airbyte_to_dbt_prod.py
[2026-08-26T14:58:21.894+0000] {logging_mixin.py:190} INFO - [2026-08-26T14:58:21.894+0000] {dag.py:3239} INFO - Sync 1 DAGs
[2026-08-26T14:58:21.938+0000] {logging_mixin.py:190} INFO - [2026-08-26T14:58:21.937+0000] {dag.py:4180} INFO - Setting next_dagrun for airbyte_to_dbt_pipeline_prod to 2026-08-26 13:00:00+00:00, run_after=2026-08-26 14:00:00+00:00
[2026-08-26T14:58:21.965+0000] {processor.py:208} INFO - Processing /opt/airflow/dags/prod/airbyte_to_dbt_prod.py took 0.196 seconds
[2026-08-26T14:58:52.148+0000] {processor.py:186} INFO - Started process (PID=7356) to work on /opt/airflow/dags/prod/airbyte_to_dbt_prod.py
[2026-08-26T14:58:52.149+0000] {processor.py:914} INFO - Processing file /opt/airflow/dags/prod/airbyte_to_dbt_prod.py for tasks to queue
[2026-08-26T14:58:52.152+0000] {logging_mixin.py:190} INFO - [2026-08-26T14:58:52.152+0000] {dagbag.py:588} INFO - Filling up the DagBag from /opt/airflow/dags/prod/airbyte_to_dbt_prod.py
[2026-08-26T14:58:52.174+0000] {processor.py:925} INFO - DAG(s) 'airbyte_to_dbt_pipeline_prod' retrieved from /opt/airflow/dags/prod/airbyte_to_dbt_prod.py
[2026-08-26T14:58:52.224+0000] {logging_mixin.py:190} INFO - [2026-08-26T14:58:52.224+0000] {dag.py:3239} INFO - Sync 1 DAGs
[2026-08-26T14:58:52.261+0000] {logging_mixin.py:190} INFO - [2026-08-26T14:58:52.261+0000] {dag.py:4180} INFO - Setting next_dagrun for airbyte_to_dbt_pipeline_prod to 2026-08-26 13:00:00+00:00, run_after=2026-08-26 14:00:00+00:00
[2026-08-26T14:58:52.291+0000] {processor.py:208} INFO - Processing /opt/airflow/dags/prod/airbyte_to_dbt_prod.py took 0.152 seconds
[2026-08-26T14:59:22.477+0000] {processor.py:186} INFO - Started process (PID=7366) to work on /opt/airflow/dags/prod/airbyte_to_dbt_prod.py
[2026-08-26T14:59:22.479+0000] {processor.py:914} INFO - Processing file /opt/airflow/dags/prod/airbyte_to_dbt_prod.py for tasks to queue
[2026-08-26T14:59:22.486+0000] {logging_mixin.py:190} INFO - [2026-08-26T14:59:22.485+0000] {dagbag.py:588} INFO - Filling up the DagBag from /opt/airflow/dags/prod/airbyte_to_dbt_prod.py
[2026-08-26T14:59:22.522+0000] {processor.py:925} INFO - DAG(s) 'airbyte_to_dbt_pipeline_prod' retrieved from /opt/airflow/dags/prod/airbyte_to_dbt_prod.py
[2026-08-26T14:59:22.591+0000] {logging_mixin.py:190} INFO - [2026-08-26T14:59:22.590+0000] {dag.py:3239} INFO - Sync 1 DAGs
[2026-08-26T14:59:22.636+0000] {logging_mixin.py:190} INFO - [2026-08-26T14:59:22.636+0000] {dag.py:4180} INFO - Setting next_dagrun for airbyte_to_dbt_pipeline_prod to 2026-08-26 13:00:00+00:00, run_after=2026-08-26 14:00:00+00:00
[2026-08-26T14:59:22.670+0000] {processor.py:208} INFO - Processing /opt/airflow/dags/prod/airbyte_to_dbt_prod.py took 0.213 seconds
[2026-08-26T14:59:52.853+0000] {processor.py:186} INFO - Started process (PID=7376) to work on /opt/airflow/dags/prod/airbyte_to_dbt_prod.py
[2026-08-26T14:59:52.856+0000] {processor.py:914} INFO - Processing file /opt/airflow/dags/prod/airbyte_to_dbt_prod.py for tasks to queue
[2026-08-26T14:59:52.860+0000] {logging_mixin.py:190} INFO - [2026-08-26T14:59:52.859+0000] {dagbag.py:588} INFO - Filling up the DagBag from /opt/airflow/dags/prod/airbyte_to_dbt_prod.py
[2026-08-26T14:59:52.886+0000] {processor.py:925} INFO - DAG(s) 'airbyte_to_dbt_pipeline_prod' retrieved from /opt/airflow/dags/prod/airbyte_to_dbt_prod.py
[2026-08-26T14:59:52.928+0000] {logging_mixin.py:190} INFO - [2026-08-26T14:59:52.928+0000] {dag.py:3239} INFO - Sync 1 DAGs
[2026-08-26T14:59:52.961+0000] {logging_mixin.py:190} INFO - [2026-08-26T14:59:52.961+0000] {dag.py:4180} INFO - Setting next_dagrun for airbyte_to_dbt_pipeline_prod to 2026-08-26 13:00:00+00:00, run_after=2026-08-26 14:00:00+00:00
[2026-08-26T14:59:52.984+0000] {processor.py:208} INFO - Processing /opt/airflow/dags/prod/airbyte_to_dbt_prod.py took 0.141 seconds
[2026-08-26T15:00:23.148+0000] {processor.py:186} INFO - Started process (PID=7386) to work on /opt/airflow/dags/prod/airbyte_to_dbt_prod.py
[2026-08-26T15:00:23.149+0000] {processor.py:914} INFO - Processing file /opt/airflow/dags/prod/airbyte_to_dbt_prod.py for tasks to queue
[2026-08-26T15:00:23.152+0000] {logging_mixin.py:190} INFO - [2026-08-26T15:00:23.152+0000] {dagbag.py:588} INFO - Filling up the DagBag from /opt/airflow/dags/prod/airbyte_to_dbt_prod.py
[2026-08-26T15:00:23.178+0000] {processor.py:925} INFO - DAG(s) 'airbyte_to_dbt_pipeline_prod' retrieved from /opt/airflow/dags/prod/airbyte_to_dbt_prod.py
[2026-08-26T15:00:23.220+0000] {logging_mixin.py:190} INFO - [2026-08-26T15:00:23.220+0000] {dag.py:3239} INFO - Sync 1 DAGs
[2026-08-26T15:00:23.253+0000] {logging_mixin.py:190} INFO - [2026-08-26T15:00:23.253+0000] {dag.py:4180} INFO - Setting next_dagrun for airbyte_to_dbt_pipeline_prod to 2026-08-26 14:00:00+00:00, run_after=2026-08-26 15:00:00+00:00
[2026-08-26T15:00:23.283+0000] {processor.py:208} INFO - Processing /opt/airflow/dags/prod/airbyte_to_dbt_prod.py took 0.142 seconds
[2026-08-26T15:00:53.459+0000] {processor.py:186} INFO - Started process (PID=7396) to work on /opt/airflow/dags/prod/airbyte_to_dbt_prod.py
[2026-08-26T15:00:53.461+0000] {processor.py:914} INFO - Processing file /opt/airflow/dags/prod/airbyte_to_dbt_prod.py for tasks to queue
[2026-08-26T15:00:53.470+0000] {logging_mixin.py:190} INFO - [2026-08-26T15:00:53.469+0000] {dagbag.py:588} INFO - Filling up the DagBag from /opt/airflow/dags/prod/airbyte_to_dbt_prod.py
[2026-08-26T15:00:53.513+0000] {processor.py:925} INFO - DAG(s) 'airbyte_to_dbt_pipeline_prod' retrieved from /opt/airflow/dags/prod/airbyte_to_dbt_prod.py
[2026-08-26T15:00:53.563+0000] {logging_mixin.py:190} INFO - [2026-08-26T15:00:53.563+0000] {dag.py:3239} INFO - Sync 1 DAGs
[2026-08-26T15:00:53.597+0000] {logging_mixin.py:190} INFO - [2026-08-26T15:00:53.597+0000] {dag.py:4180} INFO - Setting next_dagrun for airbyte_to_dbt_pipeline_prod to 2026-08-26 14:00:00+00:00, run_after=2026-08-26 15:00:00+00:00
[2026-08-26T15:00:53.629+0000] {processor.py:208} INFO - Processing /opt/airflow/dags/prod/airbyte_to_dbt_prod.py took 0.188 seconds
[2026-08-26T15:01:23.809+0000] {processor.py:186} INFO - Started process (PID=7406) to work on /opt/airflow/dags/prod/airbyte_to_dbt_prod.py
[2026-08-26T15:01:23.810+0000] {processor.py:914} INFO - Processing file /opt/airflow/dags/prod/airbyte_to_dbt_prod.py for tasks to queue
[2026-08-26T15:01:23.813+0000] {logging_mixin.py:190} INFO - [2026-08-26T15:01:23.812+0000] {dagbag.py:588} INFO - Filling up the DagBag from /opt/airflow/dags/prod/airbyte_to_dbt_prod.py
[2026-08-26T15:01:23.837+0000] {processor.py:925} INFO - DAG(s) 'airbyte_to_dbt_pipeline_prod' retrieved from /opt/airflow/dags/prod/airbyte_to_dbt_prod.py
[2026-08-26T15:01:23.885+0000] {logging_mixin.py:190} INFO - [2026-08-26T15:01:23.885+0000] {dag.py:3239} INFO - Sync 1 DAGs
[2026-08-26T15:01:23.929+0000] {logging_mixin.py:190} INFO - [2026-08-26T15:01:23.929+0000] {dag.py:4180} INFO - Setting next_dagrun for airbyte_to_dbt_pipeline_prod to 2026-08-26 14:00:00+00:00, run_after=2026-08-26 15:00:00+00:00
[2026-08-26T15:01:23.953+0000] {processor.py:208} INFO - Processing /opt/airflow/dags/prod/airbyte_to_dbt_prod.py took 0.154 seconds
[2026-08-26T15:01:54.126+0000] {processor.py:186} INFO - Started process (PID=7416) to work on /opt/airflow/dags/prod/airbyte_to_dbt_prod.py
[2026-08-26T15:01:54.128+0000] {processor.py:914} INFO - Processing file /opt/airflow/dags/prod/airbyte_to_dbt_prod.py for tasks to queue
[2026-08-26T15:01:54.132+0000] {logging_mixin.py:190} INFO - [2026-08-26T15:01:54.131+0000] {dagbag.py:588} INFO - Filling up the DagBag from /opt/airflow/dags/prod/airbyte_to_dbt_prod.py
[2026-08-26T15:01:54.157+0000] {processor.py:925} INFO - DAG(s) 'airbyte_to_dbt_pipeline_prod' retrieved from /opt/airflow/dags/prod/airbyte_to_dbt_prod.py
[2026-08-26T15:01:54.207+0000] {logging_mixin.py:190} INFO - [2026-08-26T15:01:54.207+0000] {dag.py:3239} INFO - Sync 1 DAGs
[2026-08-26T15:01:54.238+0000] {logging_mixin.py:190} INFO - [2026-08-26T15:01:54.238+0000] {dag.py:4180} INFO - Setting next_dagrun for airbyte_to_dbt_pipeline_prod to 2026-08-26 14:00:00+00:00, run_after=2026-08-26 15:00:00+00:00
[2026-08-26T15:01:54.266+0000] {processor.py:208} INFO - Processing /opt/airflow/dags/prod/airbyte_to_dbt_prod.py took 0.151 seconds
[2026-08-26T15:02:24.434+0000] {processor.py:186} INFO - Started process (PID=7426) to work on /opt/airflow/dags/prod/airbyte_to_dbt_prod.py
[2026-08-26T15:02:24.436+0000] {processor.py:914} INFO - Processing file /opt/airflow/dags/prod/airbyte_to_dbt_prod.py for tasks to queue
[2026-08-26T15:02:24.440+0000] {logging_mixin.py:190} INFO - [2026-08-26T15:02:24.440+0000] {dagbag.py:588} INFO - Filling up the DagBag from /opt/airflow/dags/prod/airbyte_to_dbt_prod.py
[2026-08-26T15:02:24.472+0000] {processor.py:925} INFO - DAG(s) 'airbyte_to_dbt_pipeline_prod' retrieved from /opt/airflow/dags/prod/airbyte_to_dbt_prod.py
[2026-08-26T15:02:24.531+0000] {logging_mixin.py:190} INFO - [2026-08-26T15:02:24.530+0000] {dag.py:3239} INFO - Sync 1 DAGs
[2026-08-26T15:02:24.568+0000] {logging_mixin.py:190} INFO - [2026-08-26T15:02:24.568+0000] {dag.py:4180} INFO - Setting next_dagrun for airbyte_to_dbt_pipeline_prod to 2026-08-26 14:00:00+00:00, run_after=2026-08-26 15:00:00+00:00
[2026-08-26T15:02:24.590+0000] {processor.py:208} INFO - Processing /opt/airflow/dags/prod/airbyte_to_dbt_prod.py took 0.167 seconds
[2026-08-26T15:02:54.752+0000] {processor.py:186} INFO - Started process (PID=7436) to work on /opt/airflow/dags/prod/airbyte_to_dbt_prod.py
[2026-08-26T15:02:54.754+0000] {processor.py:914} INFO - Processing file /opt/airflow/dags/prod/airbyte_to_dbt_prod.py for tasks to queue
[2026-08-26T15:02:54.757+0000] {logging_mixin.py:190} INFO - [2026-08-26T15:02:54.756+0000] {dagbag.py:588} INFO - Filling up the DagBag from /opt/airflow/dags/prod/airbyte_to_dbt_prod.py
[2026-08-26T15:02:54.788+0000] {processor.py:925} INFO - DAG(s) 'airbyte_to_dbt_pipeline_prod' retrieved from /opt/airflow/dags/prod/airbyte_to_dbt_prod.py
[2026-08-26T15:02:54.842+0000] {logging_mixin.py:190} INFO - [2026-08-26T15:02:54.842+0000] {dag.py:3239} INFO - Sync 1 DAGs
[2026-08-26T15:02:54.881+0000] {logging_mixin.py:190} INFO - [2026-08-26T15:02:54.881+0000] {dag.py:4180} INFO - Setting next_dagrun for airbyte_to_dbt_pipeline_prod to 2026-08-26 14:00:00+00:00, run_after=2026-08-26 15:00:00+00:00
[2026-08-26T15:02:54.908+0000] {processor.py:208} INFO - Processing /opt/airflow/dags/prod/airbyte_to_dbt_prod.py took 0.167 seconds
[2026-08-26T15:03:25.088+0000] {processor.py:186} INFO - Started process (PID=7446) to work on /opt/airflow/dags/prod/airbyte_to_dbt_prod.py
[2026-08-26T15:03:25.089+0000] {processor.py:914} INFO - Processing file /opt/airflow/dags/prod/airbyte_to_dbt_prod.py for tasks to queue
[2026-08-26T15:03:25.093+0000] {logging_mixin.py:190} INFO - [2026-08-26T15:03:25.092+0000] {dagbag.py:588} INFO - Filling up the DagBag from /opt/airflow/dags/prod/airbyte_to_dbt_prod.py
[2026-08-26T15:03:25.116+0000] {processor.py:925} INFO - DAG(s) 'airbyte_to_dbt_pipeline_prod' retrieved from /opt/airflow/dags/prod/airbyte_to_dbt_prod.py
[2026-08-26T15:03:25.159+0000] {logging_mixin.py:190} INFO - [2026-08-26T15:03:25.159+0000] {dag.py:3239} INFO - Sync 1 DAGs
[2026-08-26T15:03:25.193+0000] {logging_mixin.py:190} INFO - [2026-08-26T15:03:25.193+0000] {dag.py:4180} INFO - Setting next_dagrun for airbyte_to_dbt_pipeline_prod to 2026-08-26 14:00:00+00:00, run_after=2026-08-26 15:00:00+00:00
[2026-08-26T15:03:25.220+0000] {processor.py:208} INFO - Processing /opt/airflow/dags/prod/airbyte_to_dbt_prod.py took 0.144 seconds
[2026-08-26T15:03:55.404+0000] {processor.py:186} INFO - Started process (PID=7456) to work on /opt/airflow/dags/prod/airbyte_to_dbt_prod.py
[2026-08-26T15:03:55.406+0000] {processor.py:914} INFO - Processing file /opt/airflow/dags/prod/airbyte_to_dbt_prod.py for tasks to queue
[2026-08-26T15:03:55.410+0000] {logging_mixin.py:190} INFO - [2026-08-26T15:03:55.409+0000] {dagbag.py:588} INFO - Filling up the DagBag from /opt/airflow/dags/prod/airbyte_to_dbt_prod.py
[2026-08-26T15:03:55.437+0000] {processor.py:925} INFO - DAG(s) 'airbyte_to_dbt_pipeline_prod' retrieved from /opt/airflow/dags/prod/airbyte_to_dbt_prod.py
[2026-08-26T15:03:55.492+0000] {logging_mixin.py:190} INFO - [2026-08-26T15:03:55.491+0000] {dag.py:3239} INFO - Sync 1 DAGs
[2026-08-26T15:03:55.534+0000] {logging_mixin.py:190} INFO - [2026-08-26T15:03:55.534+0000] {dag.py:4180} INFO - Setting next_dagrun for airbyte_to_dbt_pipeline_prod to 2026-08-26 14:00:00+00:00, run_after=2026-08-26 15:00:00+00:00
[2026-08-26T15:03:55.561+0000] {processor.py:208} INFO - Processing /opt/airflow/dags/prod/airbyte_to_dbt_prod.py took 0.167 seconds
[2026-08-26T15:04:25.730+0000] {processor.py:186} INFO - Started process (PID=7466) to work on /opt/airflow/dags/prod/airbyte_to_dbt_prod.py
[2026-08-26T15:04:25.731+0000] {processor.py:914} INFO - Processing file /opt/airflow/dags/prod/airbyte_to_dbt_prod.py for tasks to queue
[2026-08-26T15:04:25.735+0000] {logging_mixin.py:190} INFO - [2026-08-26T15:04:25.735+0000] {dagbag.py:588} INFO - Filling up the DagBag from /opt/airflow/dags/prod/airbyte_to_dbt_prod.py
[2026-08-26T15:04:25.760+0000] {processor.py:925} INFO - DAG(s) 'airbyte_to_dbt_pipeline_prod' retrieved from /opt/airflow/dags/prod/airbyte_to_dbt_prod.py
[2026-08-26T15:04:25.812+0000] {logging_mixin.py:190} INFO - [2026-08-26T15:04:25.811+0000] {dag.py:3239} INFO - Sync 1 DAGs
[2026-08-26T15:04:25.853+0000] {logging_mixin.py:190} INFO - [2026-08-26T15:04:25.853+0000] {dag.py:4180} INFO - Setting next_dagrun for airbyte_to_dbt_pipeline_prod to 2026-08-26 14:00:00+00:00, run_after=2026-08-26 15:00:00+00:00
[2026-08-26T15:04:25.876+0000] {processor.py:208} INFO - Processing /opt/airflow/dags/prod/airbyte_to_dbt_prod.py took 0.155 seconds
[2026-08-26T15:04:56.069+0000] {processor.py:186} INFO - Started process (PID=7476) to work on /opt/airflow/dags/prod/airbyte_to_dbt_prod.py
[2026-08-26T15:04:56.070+0000] {processor.py:914} INFO - Processing file /opt/airflow/dags/prod/airbyte_to_dbt_prod.py for tasks to queue
[2026-08-26T15:04:56.075+0000] {logging_mixin.py:190} INFO - [2026-08-26T15:04:56.074+0000] {dagbag.py:588} INFO - Filling up the DagBag from /opt/airflow/dags/prod/airbyte_to_dbt_prod.py
[2026-08-26T15:04:56.108+0000] {processor.py:925} INFO - DAG(s) 'airbyte_to_dbt_pipeline_prod' retrieved from /opt/airflow/dags/prod/airbyte_to_dbt_prod.py
[2026-08-26T15:04:56.165+0000] {logging_mixin.py:190} INFO - [2026-08-26T15:04:56.165+0000] {dag.py:3239} INFO - Sync 1 DAGs
[2026-08-26T15:04:56.204+0000] {logging_mixin.py:190} INFO - [2026-08-26T15:04:56.204+0000] {dag.py:4180} INFO - Setting next_dagrun for airbyte_to_dbt_pipeline_prod to 2026-08-26 14:00:00+00:00, run_after=2026-08-26 15:00:00+00:00
[2026-08-26T15:04:56.229+0000] {processor.py:208} INFO - Processing /opt/airflow/dags/prod/airbyte_to_dbt_prod.py took 0.173 seconds
[2026-08-26T15:05:26.400+0000] {processor.py:186} INFO - Started process (PID=7486) to work on /opt/airflow/dags/prod/airbyte_to_dbt_prod.py
[2026-08-26T15:05:26.401+0000] {processor.py:914} INFO - Processing file /opt/airflow/dags/prod/airbyte_to_dbt_prod.py for tasks to queue
[2026-08-26T15:05:26.405+0000] {logging_mixin.py:190} INFO - [2026-08-26T15:05:26.404+0000] {dagbag.py:588} INFO - Filling up the DagBag from /opt/airflow/dags/prod/airbyte_to_dbt_prod.py
[2026-08-26T15:05:26.428+0000] {processor.py:925} INFO - DAG(s) 'airbyte_to_dbt_pipeline_prod' retrieved from /opt/airflow/dags/prod/airbyte_to_dbt_prod.py
[2026-08-26T15:05:26.474+0000] {logging_mixin.py:190} INFO - [2026-08-26T15:05:26.474+0000] {dag.py:3239} INFO - Sync 1 DAGs
[2026-08-26T15:05:26.510+0000] {logging_mixin.py:190} INFO - [2026-08-26T15:05:26.510+0000] {dag.py:4180} INFO - Setting next_dagrun for airbyte_to_dbt_pipeline_prod to 2026-08-26 14:00:00+00:00, run_after=2026-08-26 15:00:00+00:00
[2026-08-26T15:05:26.535+0000] {processor.py:208} INFO - Processing /opt/airflow/dags/prod/airbyte_to_dbt_prod.py took 0.143 seconds
[2026-08-26T15:05:56.702+0000] {processor.py:186} INFO - Started process (PID=7496) to work on /opt/airflow/dags/prod/airbyte_to_dbt_prod.py
[2026-08-26T15:05:56.703+0000] {processor.py:914} INFO - Processing file /opt/airflow/dags/prod/airbyte_to_dbt_prod.py for tasks to queue
[2026-08-26T15:05:56.706+0000] {logging_mixin.py:190} INFO - [2026-08-26T15:05:56.706+0000] {dagbag.py:588} INFO - Filling up the DagBag from /opt/airflow/dags/prod/airbyte_to_dbt_prod.py
[2026-08-26T15:05:56.730+0000] {processor.py:925} INFO - DAG(s) 'airbyte_to_dbt_pipeline_prod' retrieved from /opt/airflow/dags/prod/airbyte_to_dbt_prod.py
[2026-08-26T15:05:56.782+0000] {logging_mixin.py:190} INFO - [2026-08-26T15:05:56.781+0000] {dag.py:3239} INFO - Sync 1 DAGs
[2026-08-26T15:05:56.819+0000] {logging_mixin.py:190} INFO - [2026-08-26T15:05:56.818+0000] {dag.py:4180} INFO - Setting next_dagrun for airbyte_to_dbt_pipeline_prod to 2026-08-26 14:00:00+00:00, run_after=2026-08-26 15:00:00+00:00
[2026-08-26T15:05:56.843+0000] {processor.py:208} INFO - Processing /opt/airflow/dags/prod/airbyte_to_dbt_prod.py took 0.150 seconds
[2026-08-26T15:06:27.007+0000] {processor.py:186} INFO - Started process (PID=7506) to work on /opt/airflow/dags/prod/airbyte_to_dbt_prod.py
[2026-08-26T15:06:27.008+0000] {processor.py:914} INFO - Processing file /opt/airflow/dags/prod/airbyte_to_dbt_prod.py for tasks to queue
[2026-08-26T15:06:27.011+0000] {logging_mixin.py:190} INFO - [2026-08-26T15:06:27.011+0000] {dagbag.py:588} INFO - Filling up the DagBag from /opt/airflow/dags/prod/airbyte_to_dbt_prod.py
[2026-08-26T15:06:27.033+0000] {processor.py:925} INFO - DAG(s) 'airbyte_to_dbt_pipeline_prod' retrieved from /opt/airflow/dags/prod/airbyte_to_dbt_prod.py
[2026-08-26T15:06:27.078+0000] {logging_mixin.py:190} INFO - [2026-08-26T15:06:27.078+0000] {dag.py:3239} INFO - Sync 1 DAGs
[2026-08-26T15:06:27.112+0000] {logging_mixin.py:190} INFO - [2026-08-26T15:06:27.112+0000] {dag.py:4180} INFO - Setting next_dagrun for airbyte_to_dbt_pipeline_prod to 2026-08-26 14:00:00+00:00, run_after=2026-08-26 15:00:00+00:00
[2026-08-26T15:06:27.137+0000] {processor.py:208} INFO - Processing /opt/airflow/dags/prod/airbyte_to_dbt_prod.py took 0.140 seconds
[2026-08-26T15:06:57.300+0000] {processor.py:186} INFO - Started process (PID=7516) to work on /opt/airflow/dags/prod/airbyte_to_dbt_prod.py
[2026-08-26T15:06:57.301+0000] {processor.py:914} INFO - Processing file /opt/airflow/dags/prod/airbyte_to_dbt_prod.py for tasks to queue
[2026-08-26T15:06:57.305+0000] {logging_mixin.py:190} INFO - [2026-08-26T15:06:57.305+0000] {dagbag.py:588} INFO - Filling up the DagBag from /opt/airflow/dags/prod/airbyte_to_dbt_prod.py
[2026-08-26T15:06:57.335+0000] {processor.py:925} INFO - DAG(s) 'airbyte_to_dbt_pipeline_prod' retrieved from /opt/airflow/dags/prod/airbyte_to_dbt_prod.py
[2026-08-26T15:06:57.388+0000] {logging_mixin.py:190} INFO - [2026-08-26T15:06:57.388+0000] {dag.py:3239} INFO - Sync 1 DAGs
[2026-08-26T15:06:57.429+0000] {logging_mixin.py:190} INFO - [2026-08-26T15:06:57.429+0000] {dag.py:4180} INFO - Setting next_dagrun for airbyte_to_dbt_pipeline_prod to 2026-08-26 14:00:00+00:00, run_after=2026-08-26 15:00:00+00:00
[2026-08-26T15:06:57.454+0000] {processor.py:208} INFO - Processing /opt/airflow/dags/prod/airbyte_to_dbt_prod.py took 0.166 seconds
[2026-08-26T15:07:27.615+0000] {processor.py:186} INFO - Started process (PID=7526) to work on /opt/airflow/dags/prod/airbyte_to_dbt_prod.py
[2026-08-26T15:07:27.616+0000] {processor.py:914} INFO - Processing file /opt/airflow/dags/prod/airbyte_to_dbt_prod.py for tasks to queue
[2026-08-26T15:07:27.619+0000] {logging_mixin.py:190} INFO - [2026-08-26T15:07:27.619+0000] {dagbag.py:588} INFO - Filling up the DagBag from /opt/airflow/dags/prod/airbyte_to_dbt_prod.py
[2026-08-26T15:07:27.641+0000] {processor.py:925} INFO - DAG(s) 'airbyte_to_dbt_pipeline_prod' retrieved from /opt/airflow/dags/prod/airbyte_to_dbt_prod.py
[2026-08-26T15:07:27.690+0000] {logging_mixin.py:190} INFO - [2026-08-26T15:07:27.690+0000] {dag.py:3239} INFO - Sync 1 DAGs
[2026-08-26T15:07:27.725+0000] {logging_mixin.py:190} INFO - [2026-08-26T15:07:27.725+0000] {dag.py:4180} INFO - Setting next_dagrun for airbyte_to_dbt_pipeline_prod to 2026-08-26 14:00:00+00:00, run_after=2026-08-26 15:00:00+00:00
[2026-08-26T15:07:27.752+0000] {processor.py:208} INFO - Processing /opt/airflow/dags/prod/airbyte_to_dbt_prod.py took 0.147 seconds
[2026-08-26T15:07:57.933+0000] {processor.py:186} INFO - Started process (PID=7536) to work on /opt/airflow/dags/prod/airbyte_to_dbt_prod.py
[2026-08-26T15:07:57.934+0000] {processor.py:914} INFO - Processing file /opt/airflow/dags/prod/airbyte_to_dbt_prod.py for tasks to queue
[2026-08-26T15:07:57.938+0000] {logging_mixin.py:190} INFO - [2026-08-26T15:07:57.938+0000] {dagbag.py:588} INFO - Filling up the DagBag from /opt/airflow/dags/prod/airbyte_to_dbt_prod.py
[2026-08-26T15:07:57.964+0000] {processor.py:925} INFO - DAG(s) 'airbyte_to_dbt_pipeline_prod' retrieved from /opt/airflow/dags/prod/airbyte_to_dbt_prod.py
[2026-08-26T15:07:58.004+0000] {logging_mixin.py:190} INFO - [2026-08-26T15:07:58.004+0000] {dag.py:3239} INFO - Sync 1 DAGs
[2026-08-26T15:07:58.033+0000] {logging_mixin.py:190} INFO - [2026-08-26T15:07:58.033+0000] {dag.py:4180} INFO - Setting next_dagrun for airbyte_to_dbt_pipeline_prod to 2026-08-26 14:00:00+00:00, run_after=2026-08-26 15:00:00+00:00
[2026-08-26T15:07:58.058+0000] {processor.py:208} INFO - Processing /opt/airflow/dags/prod/airbyte_to_dbt_prod.py took 0.135 seconds
[2026-08-26T15:08:28.235+0000] {processor.py:186} INFO - Started process (PID=7546) to work on /opt/airflow/dags/prod/airbyte_to_dbt_prod.py
[2026-08-26T15:08:28.236+0000] {processor.py:914} INFO - Processing file /opt/airflow/dags/prod/airbyte_to_dbt_prod.py for tasks to queue
[2026-08-26T15:08:28.241+0000] {logging_mixin.py:190} INFO - [2026-08-26T15:08:28.240+0000] {dagbag.py:588} INFO - Filling up the DagBag from /opt/airflow/dags/prod/airbyte_to_dbt_prod.py
[2026-08-26T15:08:28.271+0000] {processor.py:925} INFO - DAG(s) 'airbyte_to_dbt_pipeline_prod' retrieved from /opt/airflow/dags/prod/airbyte_to_dbt_prod.py
[2026-08-26T15:08:28.317+0000] {logging_mixin.py:190} INFO - [2026-08-26T15:08:28.317+0000] {dag.py:3239} INFO - Sync 1 DAGs
[2026-08-26T15:08:28.347+0000] {logging_mixin.py:190} INFO - [2026-08-26T15:08:28.347+0000] {dag.py:4180} INFO - Setting next_dagrun for airbyte_to_dbt_pipeline_prod to 2026-08-26 14:00:00+00:00, run_after=2026-08-26 15:00:00+00:00
[2026-08-26T15:08:28.370+0000] {processor.py:208} INFO - Processing /opt/airflow/dags/prod/airbyte_to_dbt_prod.py took 0.146 seconds
[2026-08-26T15:08:58.532+0000] {processor.py:186} INFO - Started process (PID=7556) to work on /opt/airflow/dags/prod/airbyte_to_dbt_prod.py
[2026-08-26T15:08:58.533+0000] {processor.py:914} INFO - Processing file /opt/airflow/dags/prod/airbyte_to_dbt_prod.py for tasks to queue
[2026-08-26T15:08:58.536+0000] {logging_mixin.py:190} INFO - [2026-08-26T15:08:58.536+0000] {dagbag.py:588} INFO - Filling up the DagBag from /opt/airflow/dags/prod/airbyte_to_dbt_prod.py
[2026-08-26T15:08:58.560+0000] {processor.py:925} INFO - DAG(s) 'airbyte_to_dbt_pipeline_prod' retrieved from /opt/airflow/dags/prod/airbyte_to_dbt_prod.py
[2026-08-26T15:08:58.603+0000] {logging_mixin.py:190} INFO - [2026-08-26T15:08:58.602+0000] {dag.py:3239} INFO - Sync 1 DAGs
[2026-08-26T15:08:58.639+0000] {logging_mixin.py:190} INFO - [2026-08-26T15:08:58.638+0000] {dag.py:4180} INFO - Setting next_dagrun for airbyte_to_dbt_pipeline_prod to 2026-08-26 14:00:00+00:00, run_after=2026-08-26 15:00:00+00:00
[2026-08-26T15:08:58.664+0000] {processor.py:208} INFO - Processing /opt/airflow/dags/prod/airbyte_to_dbt_prod.py took 0.140 seconds
[2026-08-26T15:09:28.824+0000] {processor.py:186} INFO - Started process (PID=7566) to work on /opt/airflow/dags/prod/airbyte_to_dbt_prod.py
[2026-08-26T15:09:28.829+0000] {processor.py:914} INFO - Processing file /opt/airflow/dags/prod/airbyte_to_dbt_prod.py for tasks to queue
[2026-08-26T15:09:28.832+0000] {logging_mixin.py:190} INFO - [2026-08-26T15:09:28.832+0000] {dagbag.py:588} INFO - Filling up the DagBag from /opt/airflow/dags/prod/airbyte_to_dbt_prod.py
[2026-08-26T15:09:28.856+0000] {processor.py:925} INFO - DAG(s) 'airbyte_to_dbt_pipeline_prod' retrieved from /opt/airflow/dags/prod/airbyte_to_dbt_prod.py
[2026-08-26T15:09:28.909+0000] {logging_mixin.py:190} INFO - [2026-08-26T15:09:28.908+0000] {dag.py:3239} INFO - Sync 1 DAGs
[2026-08-26T15:09:28.948+0000] {logging_mixin.py:190} INFO - [2026-08-26T15:09:28.948+0000] {dag.py:4180} INFO - Setting next_dagrun for airbyte_to_dbt_pipeline_prod to 2026-08-26 14:00:00+00:00, run_after=2026-08-26 15:00:00+00:00
[2026-08-26T15:09:28.972+0000] {processor.py:208} INFO - Processing /opt/airflow/dags/prod/airbyte_to_dbt_prod.py took 0.157 seconds
[2026-08-26T15:09:59.135+0000] {processor.py:186} INFO - Started process (PID=7576) to work on /opt/airflow/dags/prod/airbyte_to_dbt_prod.py
[2026-08-26T15:09:59.136+0000] {processor.py:914} INFO - Processing file /opt/airflow/dags/prod/airbyte_to_dbt_prod.py for tasks to queue
[2026-08-26T15:09:59.139+0000] {logging_mixin.py:190} INFO - [2026-08-26T15:09:59.138+0000] {dagbag.py:588} INFO - Filling up the DagBag from /opt/airflow/dags/prod/airbyte_to_dbt_prod.py
[2026-08-26T15:09:59.160+0000] {processor.py:925} INFO - DAG(s) 'airbyte_to_dbt_pipeline_prod' retrieved from /opt/airflow/dags/prod/airbyte_to_dbt_prod.py
[2026-08-26T15:09:59.208+0000] {logging_mixin.py:190} INFO - [2026-08-26T15:09:59.208+0000] {dag.py:3239} INFO - Sync 1 DAGs
[2026-08-26T15:09:59.240+0000] {logging_mixin.py:190} INFO - [2026-08-26T15:09:59.239+0000] {dag.py:4180} INFO - Setting next_dagrun for airbyte_to_dbt_pipeline_prod to 2026-08-26 14:00:00+00:00, run_after=2026-08-26 15:00:00+00:00
[2026-08-26T15:09:59.265+0000] {processor.py:208} INFO - Processing /opt/airflow/dags/prod/airbyte_to_dbt_prod.py took 0.139 seconds
[2026-08-26T15:10:29.433+0000] {processor.py:186} INFO - Started process (PID=7586) to work on /opt/airflow/dags/prod/airbyte_to_dbt_prod.py
[2026-08-26T15:10:29.434+0000] {processor.py:914} INFO - Processing file /opt/airflow/dags/prod/airbyte_to_dbt_prod.py for tasks to queue
[2026-08-26T15:10:29.438+0000] {logging_mixin.py:190} INFO - [2026-08-26T15:10:29.438+0000] {dagbag.py:588} INFO - Filling up the DagBag from /opt/airflow/dags/prod/airbyte_to_dbt_prod.py
[2026-08-26T15:10:29.461+0000] {processor.py:925} INFO - DAG(s) 'airbyte_to_dbt_pipeline_prod' retrieved from /opt/airflow/dags/prod/airbyte_to_dbt_prod.py
[2026-08-26T15:10:29.502+0000] {logging_mixin.py:190} INFO - [2026-08-26T15:10:29.501+0000] {dag.py:3239} INFO - Sync 1 DAGs
[2026-08-26T15:10:29.536+0000] {logging_mixin.py:190} INFO - [2026-08-26T15:10:29.536+0000] {dag.py:4180} INFO - Setting next_dagrun for airbyte_to_dbt_pipeline_prod to 2026-08-26 14:00:00+00:00, run_after=2026-08-26 15:00:00+00:00
[2026-08-26T15:10:29.562+0000] {processor.py:208} INFO - Processing /opt/airflow/dags/prod/airbyte_to_dbt_prod.py took 0.139 seconds
[2026-08-26T15:10:59.727+0000] {processor.py:186} INFO - Started process (PID=7596) to work on /opt/airflow/dags/prod/airbyte_to_dbt_prod.py
[2026-08-26T15:10:59.727+0000] {processor.py:914} INFO - Processing file /opt/airflow/dags/prod/airbyte_to_dbt_prod.py for tasks to queue
[2026-08-26T15:10:59.731+0000] {logging_mixin.py:190} INFO - [2026-08-26T15:10:59.730+0000] {dagbag.py:588} INFO - Filling up the DagBag from /opt/airflow/dags/prod/airbyte_to_dbt_prod.py
[2026-08-26T15:10:59.754+0000] {processor.py:925} INFO - DAG(s) 'airbyte_to_dbt_pipeline_prod' retrieved from /opt/airflow/dags/prod/airbyte_to_dbt_prod.py
[2026-08-26T15:10:59.799+0000] {logging_mixin.py:190} INFO - [2026-08-26T15:10:59.799+0000] {dag.py:3239} INFO - Sync 1 DAGs
[2026-08-26T15:10:59.836+0000] {logging_mixin.py:190} INFO - [2026-08-26T15:10:59.836+0000] {dag.py:4180} INFO - Setting next_dagrun for airbyte_to_dbt_pipeline_prod to 2026-08-26 14:00:00+00:00, run_after=2026-08-26 15:00:00+00:00
[2026-08-26T15:10:59.860+0000] {processor.py:208} INFO - Processing /opt/airflow/dags/prod/airbyte_to_dbt_prod.py took 0.142 seconds
[2026-08-26T15:11:30.035+0000] {processor.py:186} INFO - Started process (PID=7606) to work on /opt/airflow/dags/prod/airbyte_to_dbt_prod.py
[2026-08-26T15:11:30.036+0000] {processor.py:914} INFO - Processing file /opt/airflow/dags/prod/airbyte_to_dbt_prod.py for tasks to queue
[2026-08-26T15:11:30.039+0000] {logging_mixin.py:190} INFO - [2026-08-26T15:11:30.039+0000] {dagbag.py:588} INFO - Filling up the DagBag from /opt/airflow/dags/prod/airbyte_to_dbt_prod.py
[2026-08-26T15:11:30.066+0000] {processor.py:925} INFO - DAG(s) 'airbyte_to_dbt_pipeline_prod' retrieved from /opt/airflow/dags/prod/airbyte_to_dbt_prod.py
[2026-08-26T15:11:30.114+0000] {logging_mixin.py:190} INFO - [2026-08-26T15:11:30.114+0000] {dag.py:3239} INFO - Sync 1 DAGs
[2026-08-26T15:11:30.152+0000] {logging_mixin.py:190} INFO - [2026-08-26T15:11:30.152+0000] {dag.py:4180} INFO - Setting next_dagrun for airbyte_to_dbt_pipeline_prod to 2026-08-26 14:00:00+00:00, run_after=2026-08-26 15:00:00+00:00
[2026-08-26T15:11:30.175+0000] {processor.py:208} INFO - Processing /opt/airflow/dags/prod/airbyte_to_dbt_prod.py took 0.151 seconds
[2026-08-26T15:12:00.330+0000] {processor.py:186} INFO - Started process (PID=7616) to work on /opt/airflow/dags/prod/airbyte_to_dbt_prod.py
[2026-08-26T15:12:00.331+0000] {processor.py:914} INFO - Processing file /opt/airflow/dags/prod/airbyte_to_dbt_prod.py for tasks to queue
[2026-08-26T15:12:00.334+0000] {logging_mixin.py:190} INFO - [2026-08-26T15:12:00.334+0000] {dagbag.py:588} INFO - Filling up the DagBag from /opt/airflow/dags/prod/airbyte_to_dbt_prod.py
[2026-08-26T15:12:00.357+0000] {processor.py:925} INFO - DAG(s) 'airbyte_to_dbt_pipeline_prod' retrieved from /opt/airflow/dags/prod/airbyte_to_dbt_prod.py
[2026-08-26T15:12:00.398+0000] {logging_mixin.py:190} INFO - [2026-08-26T15:12:00.398+0000] {dag.py:3239} INFO - Sync 1 DAGs
[2026-08-26T15:12:00.438+0000] {logging_mixin.py:190} INFO - [2026-08-26T15:12:00.438+0000] {dag.py:4180} INFO - Setting next_dagrun for airbyte_to_dbt_pipeline_prod to 2026-08-26 14:00:00+00:00, run_after=2026-08-26 15:00:00+00:00
[2026-08-26T15:12:00.463+0000] {processor.py:208} INFO - Processing /opt/airflow/dags/prod/airbyte_to_dbt_prod.py took 0.143 seconds
[2026-08-26T15:12:30.627+0000] {processor.py:186} INFO - Started process (PID=7626) to work on /opt/airflow/dags/prod/airbyte_to_dbt_prod.py
[2026-08-26T15:12:30.628+0000] {processor.py:914} INFO - Processing file /opt/airflow/dags/prod/airbyte_to_dbt_prod.py for tasks to queue
[2026-08-26T15:12:30.631+0000] {logging_mixin.py:190} INFO - [2026-08-26T15:12:30.630+0000] {dagbag.py:588} INFO - Filling up the DagBag from /opt/airflow/dags/prod/airbyte_to_dbt_prod.py
[2026-08-26T15:12:30.653+0000] {processor.py:925} INFO - DAG(s) 'airbyte_to_dbt_pipeline_prod' retrieved from /opt/airflow/dags/prod/airbyte_to_dbt_prod.py
[2026-08-26T15:12:30.711+0000] {logging_mixin.py:190} INFO - [2026-08-26T15:12:30.711+0000] {dag.py:3239} INFO - Sync 1 DAGs
[2026-08-26T15:12:30.750+0000] {logging_mixin.py:190} INFO - [2026-08-26T15:12:30.750+0000] {dag.py:4180} INFO - Setting next_dagrun for airbyte_to_dbt_pipeline_prod to 2026-08-26 14:00:00+00:00, run_after=2026-08-26 15:00:00+00:00
[2026-08-26T15:12:30.772+0000] {processor.py:208} INFO - Processing /opt/airflow/dags/prod/airbyte_to_dbt_prod.py took 0.153 seconds
[2026-08-26T15:13:00.933+0000] {processor.py:186} INFO - Started process (PID=7636) to work on /opt/airflow/dags/prod/airbyte_to_dbt_prod.py
[2026-08-26T15:13:00.934+0000] {processor.py:914} INFO - Processing file /opt/airflow/dags/prod/airbyte_to_dbt_prod.py for tasks to queue
[2026-08-26T15:13:00.937+0000] {logging_mixin.py:190} INFO - [2026-08-26T15:13:00.937+0000] {dagbag.py:588} INFO - Filling up the DagBag from /opt/airflow/dags/prod/airbyte_to_dbt_prod.py
[2026-08-26T15:13:00.959+0000] {processor.py:925} INFO - DAG(s) 'airbyte_to_dbt_pipeline_prod' retrieved from /opt/airflow/dags/prod/airbyte_to_dbt_prod.py
[2026-08-26T15:13:01.007+0000] {logging_mixin.py:190} INFO - [2026-08-26T15:13:01.006+0000] {dag.py:3239} INFO - Sync 1 DAGs
[2026-08-26T15:13:01.038+0000] {logging_mixin.py:190} INFO - [2026-08-26T15:13:01.038+0000] {dag.py:4180} INFO - Setting next_dagrun for airbyte_to_dbt_pipeline_prod to 2026-08-26 14:00:00+00:00, run_after=2026-08-26 15:00:00+00:00
[2026-08-26T15:13:01.060+0000] {processor.py:208} INFO - Processing /opt/airflow/dags/prod/airbyte_to_dbt_prod.py took 0.135 seconds
[2026-08-26T15:13:31.229+0000] {processor.py:186} INFO - Started process (PID=7646) to work on /opt/airflow/dags/prod/airbyte_to_dbt_prod.py
[2026-08-26T15:13:31.230+0000] {processor.py:914} INFO - Processing file /opt/airflow/dags/prod/airbyte_to_dbt_prod.py for tasks to queue
[2026-08-26T15:13:31.234+0000] {logging_mixin.py:190} INFO - [2026-08-26T15:13:31.233+0000] {dagbag.py:588} INFO - Filling up the DagBag from /opt/airflow/dags/prod/airbyte_to_dbt_prod.py
[2026-08-26T15:13:31.262+0000] {processor.py:925} INFO - DAG(s) 'airbyte_to_dbt_pipeline_prod' retrieved from /opt/airflow/dags/prod/airbyte_to_dbt_prod.py
[2026-08-26T15:13:31.305+0000] {logging_mixin.py:190} INFO - [2026-08-26T15:13:31.305+0000] {dag.py:3239} INFO - Sync 1 DAGs
[2026-08-26T15:13:31.333+0000] {logging_mixin.py:190} INFO - [2026-08-26T15:13:31.333+0000] {dag.py:4180} INFO - Setting next_dagrun for airbyte_to_dbt_pipeline_prod to 2026-08-26 14:00:00+00:00, run_after=2026-08-26 15:00:00+00:00
[2026-08-26T15:13:31.356+0000] {processor.py:208} INFO - Processing /opt/airflow/dags/prod/airbyte_to_dbt_prod.py took 0.139 seconds
[2026-08-26T15:14:01.542+0000] {processor.py:186} INFO - Started process (PID=7656) to work on /opt/airflow/dags/prod/airbyte_to_dbt_prod.py
[2026-08-26T15:14:01.543+0000] {processor.py:914} INFO - Processing file /opt/airflow/dags/prod/airbyte_to_dbt_prod.py for tasks to queue
[2026-08-26T15:14:01.547+0000] {logging_mixin.py:190} INFO - [2026-08-26T15:14:01.546+0000] {dagbag.py:588} INFO - Filling up the DagBag from /opt/airflow/dags/prod/airbyte_to_dbt_prod.py
[2026-08-26T15:14:01.582+0000] {processor.py:925} INFO - DAG(s) 'airbyte_to_dbt_pipeline_prod' retrieved from /opt/airflow/dags/prod/airbyte_to_dbt_prod.py
[2026-08-26T15:14:01.634+0000] {logging_mixin.py:190} INFO - [2026-08-26T15:14:01.633+0000] {dag.py:3239} INFO - Sync 1 DAGs
[2026-08-26T15:14:01.675+0000] {logging_mixin.py:190} INFO - [2026-08-26T15:14:01.675+0000] {dag.py:4180} INFO - Setting next_dagrun for airbyte_to_dbt_pipeline_prod to 2026-08-26 14:00:00+00:00, run_after=2026-08-26 15:00:00+00:00
[2026-08-26T15:14:01.703+0000] {processor.py:208} INFO - Processing /opt/airflow/dags/prod/airbyte_to_dbt_prod.py took 0.174 seconds
[2026-08-26T15:14:31.876+0000] {processor.py:186} INFO - Started process (PID=7666) to work on /opt/airflow/dags/prod/airbyte_to_dbt_prod.py
[2026-08-26T15:14:31.878+0000] {processor.py:914} INFO - Processing file /opt/airflow/dags/prod/airbyte_to_dbt_prod.py for tasks to queue
[2026-08-26T15:14:31.882+0000] {logging_mixin.py:190} INFO - [2026-08-26T15:14:31.881+0000] {dagbag.py:588} INFO - Filling up the DagBag from /opt/airflow/dags/prod/airbyte_to_dbt_prod.py
[2026-08-26T15:14:31.905+0000] {processor.py:925} INFO - DAG(s) 'airbyte_to_dbt_pipeline_prod' retrieved from /opt/airflow/dags/prod/airbyte_to_dbt_prod.py
[2026-08-26T15:14:31.956+0000] {logging_mixin.py:190} INFO - [2026-08-26T15:14:31.956+0000] {dag.py:3239} INFO - Sync 1 DAGs
[2026-08-26T15:14:31.991+0000] {logging_mixin.py:190} INFO - [2026-08-26T15:14:31.991+0000] {dag.py:4180} INFO - Setting next_dagrun for airbyte_to_dbt_pipeline_prod to 2026-08-26 14:00:00+00:00, run_after=2026-08-26 15:00:00+00:00
[2026-08-26T15:14:32.016+0000] {processor.py:208} INFO - Processing /opt/airflow/dags/prod/airbyte_to_dbt_prod.py took 0.148 seconds
[2026-08-26T15:15:02.191+0000] {processor.py:186} INFO - Started process (PID=7676) to work on /opt/airflow/dags/prod/airbyte_to_dbt_prod.py
[2026-08-26T15:15:02.192+0000] {processor.py:914} INFO - Processing file /opt/airflow/dags/prod/airbyte_to_dbt_prod.py for tasks to queue
[2026-08-26T15:15:02.196+0000] {logging_mixin.py:190} INFO - [2026-08-26T15:15:02.196+0000] {dagbag.py:588} INFO - Filling up the DagBag from /opt/airflow/dags/prod/airbyte_to_dbt_prod.py
[2026-08-26T15:15:02.232+0000] {processor.py:925} INFO - DAG(s) 'airbyte_to_dbt_pipeline_prod' retrieved from /opt/airflow/dags/prod/airbyte_to_dbt_prod.py
[2026-08-26T15:15:02.288+0000] {logging_mixin.py:190} INFO - [2026-08-26T15:15:02.288+0000] {dag.py:3239} INFO - Sync 1 DAGs
[2026-08-26T15:15:02.323+0000] {logging_mixin.py:190} INFO - [2026-08-26T15:15:02.323+0000] {dag.py:4180} INFO - Setting next_dagrun for airbyte_to_dbt_pipeline_prod to 2026-08-26 14:00:00+00:00, run_after=2026-08-26 15:00:00+00:00
[2026-08-26T15:15:02.348+0000] {processor.py:208} INFO - Processing /opt/airflow/dags/prod/airbyte_to_dbt_prod.py took 0.168 seconds
[2026-08-26T15:15:32.513+0000] {processor.py:186} INFO - Started process (PID=7686) to work on /opt/airflow/dags/prod/airbyte_to_dbt_prod.py
[2026-08-26T15:15:32.514+0000] {processor.py:914} INFO - Processing file /opt/airflow/dags/prod/airbyte_to_dbt_prod.py for tasks to queue
[2026-08-26T15:15:32.517+0000] {logging_mixin.py:190} INFO - [2026-08-26T15:15:32.516+0000] {dagbag.py:588} INFO - Filling up the DagBag from /opt/airflow/dags/prod/airbyte_to_dbt_prod.py
[2026-08-26T15:15:32.539+0000] {processor.py:925} INFO - DAG(s) 'airbyte_to_dbt_pipeline_prod' retrieved from /opt/airflow/dags/prod/airbyte_to_dbt_prod.py
[2026-08-26T15:15:32.581+0000] {logging_mixin.py:190} INFO - [2026-08-26T15:15:32.581+0000] {dag.py:3239} INFO - Sync 1 DAGs
[2026-08-26T15:15:32.614+0000] {logging_mixin.py:190} INFO - [2026-08-26T15:15:32.614+0000] {dag.py:4180} INFO - Setting next_dagrun for airbyte_to_dbt_pipeline_prod to 2026-08-26 14:00:00+00:00, run_after=2026-08-26 15:00:00+00:00
[2026-08-26T15:15:32.643+0000] {processor.py:208} INFO - Processing /opt/airflow/dags/prod/airbyte_to_dbt_prod.py took 0.139 seconds
[2026-08-26T15:16:02.803+0000] {processor.py:186} INFO - Started process (PID=7696) to work on /opt/airflow/dags/prod/airbyte_to_dbt_prod.py
[2026-08-26T15:16:02.805+0000] {processor.py:914} INFO - Processing file /opt/airflow/dags/prod/airbyte_to_dbt_prod.py for tasks to queue
[2026-08-26T15:16:02.808+0000] {logging_mixin.py:190} INFO - [2026-08-26T15:16:02.807+0000] {dagbag.py:588} INFO - Filling up the DagBag from /opt/airflow/dags/prod/airbyte_to_dbt_prod.py
[2026-08-26T15:16:02.832+0000] {processor.py:925} INFO - DAG(s) 'airbyte_to_dbt_pipeline_prod' retrieved from /opt/airflow/dags/prod/airbyte_to_dbt_prod.py
[2026-08-26T15:16:02.870+0000] {logging_mixin.py:190} INFO - [2026-08-26T15:16:02.870+0000] {dag.py:3239} INFO - Sync 1 DAGs
[2026-08-26T15:16:02.906+0000] {logging_mixin.py:190} INFO - [2026-08-26T15:16:02.905+0000] {dag.py:4180} INFO - Setting next_dagrun for airbyte_to_dbt_pipeline_prod to 2026-08-26 14:00:00+00:00, run_after=2026-08-26 15:00:00+00:00
[2026-08-26T15:16:02.932+0000] {processor.py:208} INFO - Processing /opt/airflow/dags/prod/airbyte_to_dbt_prod.py took 0.137 seconds
[2026-08-26T15:16:33.099+0000] {processor.py:186} INFO - Started process (PID=7706) to work on /opt/airflow/dags/prod/airbyte_to_dbt_prod.py
[2026-08-26T15:16:33.100+0000] {processor.py:914} INFO - Processing file /opt/airflow/dags/prod/airbyte_to_dbt_prod.py for tasks to queue
[2026-08-26T15:16:33.104+0000] {logging_mixin.py:190} INFO - [2026-08-26T15:16:33.104+0000] {dagbag.py:588} INFO - Filling up the DagBag from /opt/airflow/dags/prod/airbyte_to_dbt_prod.py
[2026-08-26T15:16:33.134+0000] {processor.py:925} INFO - DAG(s) 'airbyte_to_dbt_pipeline_prod' retrieved from /opt/airflow/dags/prod/airbyte_to_dbt_prod.py
[2026-08-26T15:16:33.178+0000] {logging_mixin.py:190} INFO - [2026-08-26T15:16:33.178+0000] {dag.py:3239} INFO - Sync 1 DAGs
[2026-08-26T15:16:33.214+0000] {logging_mixin.py:190} INFO - [2026-08-26T15:16:33.214+0000] {dag.py:4180} INFO - Setting next_dagrun for airbyte_to_dbt_pipeline_prod to 2026-08-26 14:00:00+00:00, run_after=2026-08-26 15:00:00+00:00
[2026-08-26T15:16:33.239+0000] {processor.py:208} INFO - Processing /opt/airflow/dags/prod/airbyte_to_dbt_prod.py took 0.151 seconds
[2026-08-26T15:17:03.403+0000] {processor.py:186} INFO - Started process (PID=7716) to work on /opt/airflow/dags/prod/airbyte_to_dbt_prod.py
[2026-08-26T15:17:03.404+0000] {processor.py:914} INFO - Processing file /opt/airflow/dags/prod/airbyte_to_dbt_prod.py for tasks to queue
[2026-08-26T15:17:03.407+0000] {logging_mixin.py:190} INFO - [2026-08-26T15:17:03.407+0000] {dagbag.py:588} INFO - Filling up the DagBag from /opt/airflow/dags/prod/airbyte_to_dbt_prod.py
[2026-08-26T15:17:03.429+0000] {processor.py:925} INFO - DAG(s) 'airbyte_to_dbt_pipeline_prod' retrieved from /opt/airflow/dags/prod/airbyte_to_dbt_prod.py
[2026-08-26T15:17:03.474+0000] {logging_mixin.py:190} INFO - [2026-08-26T15:17:03.474+0000] {dag.py:3239} INFO - Sync 1 DAGs
[2026-08-26T15:17:03.528+0000] {logging_mixin.py:190} INFO - [2026-08-26T15:17:03.528+0000] {dag.py:4180} INFO - Setting next_dagrun for airbyte_to_dbt_pipeline_prod to 2026-08-26 14:00:00+00:00, run_after=2026-08-26 15:00:00+00:00
[2026-08-26T15:17:03.565+0000] {processor.py:208} INFO - Processing /opt/airflow/dags/prod/airbyte_to_dbt_prod.py took 0.171 seconds
[2026-08-26T15:17:33.728+0000] {processor.py:186} INFO - Started process (PID=7726) to work on /opt/airflow/dags/prod/airbyte_to_dbt_prod.py
[2026-08-26T15:17:33.729+0000] {processor.py:914} INFO - Processing file /opt/airflow/dags/prod/airbyte_to_dbt_prod.py for tasks to queue
[2026-08-26T15:17:33.733+0000] {logging_mixin.py:190} INFO - [2026-08-26T15:17:33.732+0000] {dagbag.py:588} INFO - Filling up the DagBag from /opt/airflow/dags/prod/airbyte_to_dbt_prod.py
[2026-08-26T15:17:33.756+0000] {processor.py:925} INFO - DAG(s) 'airbyte_to_dbt_pipeline_prod' retrieved from /opt/airflow/dags/prod/airbyte_to_dbt_prod.py
[2026-08-26T15:17:33.814+0000] {logging_mixin.py:190} INFO - [2026-08-26T15:17:33.813+0000] {dag.py:3239} INFO - Sync 1 DAGs
[2026-08-26T15:17:33.846+0000] {logging_mixin.py:190} INFO - [2026-08-26T15:17:33.846+0000] {dag.py:4180} INFO - Setting next_dagrun for airbyte_to_dbt_pipeline_prod to 2026-08-26 14:00:00+00:00, run_after=2026-08-26 15:00:00+00:00
[2026-08-26T15:17:33.876+0000] {processor.py:208} INFO - Processing /opt/airflow/dags/prod/airbyte_to_dbt_prod.py took 0.159 seconds
[2026-08-26T15:18:04.056+0000] {processor.py:186} INFO - Started process (PID=7736) to work on /opt/airflow/dags/prod/airbyte_to_dbt_prod.py
[2026-08-26T15:18:04.057+0000] {processor.py:914} INFO - Processing file /opt/airflow/dags/prod/airbyte_to_dbt_prod.py for tasks to queue
[2026-08-26T15:18:04.062+0000] {logging_mixin.py:190} INFO - [2026-08-26T15:18:04.061+0000] {dagbag.py:588} INFO - Filling up the DagBag from /opt/airflow/dags/prod/airbyte_to_dbt_prod.py
[2026-08-26T15:18:04.093+0000] {processor.py:925} INFO - DAG(s) 'airbyte_to_dbt_pipeline_prod' retrieved from /opt/airflow/dags/prod/airbyte_to_dbt_prod.py
[2026-08-26T15:18:04.135+0000] {logging_mixin.py:190} INFO - [2026-08-26T15:18:04.135+0000] {dag.py:3239} INFO - Sync 1 DAGs
[2026-08-26T15:18:04.170+0000] {logging_mixin.py:190} INFO - [2026-08-26T15:18:04.170+0000] {dag.py:4180} INFO - Setting next_dagrun for airbyte_to_dbt_pipeline_prod to 2026-08-26 14:00:00+00:00, run_after=2026-08-26 15:00:00+00:00
[2026-08-26T15:18:04.195+0000] {processor.py:208} INFO - Processing /opt/airflow/dags/prod/airbyte_to_dbt_prod.py took 0.150 seconds
[2026-08-26T15:18:34.366+0000] {processor.py:186} INFO - Started process (PID=7746) to work on /opt/airflow/dags/prod/airbyte_to_dbt_prod.py
[2026-08-26T15:18:34.367+0000] {processor.py:914} INFO - Processing file /opt/airflow/dags/prod/airbyte_to_dbt_prod.py for tasks to queue
[2026-08-26T15:18:34.370+0000] {logging_mixin.py:190} INFO - [2026-08-26T15:18:34.370+0000] {dagbag.py:588} INFO - Filling up the DagBag from /opt/airflow/dags/prod/airbyte_to_dbt_prod.py
[2026-08-26T15:18:34.392+0000] {processor.py:925} INFO - DAG(s) 'airbyte_to_dbt_pipeline_prod' retrieved from /opt/airflow/dags/prod/airbyte_to_dbt_prod.py
[2026-08-26T15:18:34.436+0000] {logging_mixin.py:190} INFO - [2026-08-26T15:18:34.436+0000] {dag.py:3239} INFO - Sync 1 DAGs
[2026-08-26T15:18:34.471+0000] {logging_mixin.py:190} INFO - [2026-08-26T15:18:34.471+0000] {dag.py:4180} INFO - Setting next_dagrun for airbyte_to_dbt_pipeline_prod to 2026-08-26 14:00:00+00:00, run_after=2026-08-26 15:00:00+00:00
[2026-08-26T15:18:34.495+0000] {processor.py:208} INFO - Processing /opt/airflow/dags/prod/airbyte_to_dbt_prod.py took 0.138 seconds
[2026-08-26T15:19:04.717+0000] {processor.py:186} INFO - Started process (PID=7754) to work on /opt/airflow/dags/prod/airbyte_to_dbt_prod.py
[2026-08-26T15:19:04.718+0000] {processor.py:914} INFO - Processing file /opt/airflow/dags/prod/airbyte_to_dbt_prod.py for tasks to queue
[2026-08-26T15:19:04.740+0000] {logging_mixin.py:190} INFO - [2026-08-26T15:19:04.738+0000] {dagbag.py:588} INFO - Filling up the DagBag from /opt/airflow/dags/prod/airbyte_to_dbt_prod.py
[2026-08-26T15:19:04.933+0000] {processor.py:925} INFO - DAG(s) 'airbyte_to_dbt_pipeline_prod' retrieved from /opt/airflow/dags/prod/airbyte_to_dbt_prod.py
[2026-08-26T15:19:05.167+0000] {logging_mixin.py:190} INFO - [2026-08-26T15:19:05.167+0000] {dag.py:3239} INFO - Sync 1 DAGs
[2026-08-26T15:19:05.372+0000] {logging_mixin.py:190} INFO - [2026-08-26T15:19:05.372+0000] {dag.py:4180} INFO - Setting next_dagrun for airbyte_to_dbt_pipeline_prod to 2026-08-26 14:00:00+00:00, run_after=2026-08-26 15:00:00+00:00
[2026-08-26T15:19:05.397+0000] {processor.py:208} INFO - Processing /opt/airflow/dags/prod/airbyte_to_dbt_prod.py took 0.706 seconds
[2026-08-26T15:19:35.565+0000] {processor.py:186} INFO - Started process (PID=7766) to work on /opt/airflow/dags/prod/airbyte_to_dbt_prod.py
[2026-08-26T15:19:35.566+0000] {processor.py:914} INFO - Processing file /opt/airflow/dags/prod/airbyte_to_dbt_prod.py for tasks to queue
[2026-08-26T15:19:35.570+0000] {logging_mixin.py:190} INFO - [2026-08-26T15:19:35.569+0000] {dagbag.py:588} INFO - Filling up the DagBag from /opt/airflow/dags/prod/airbyte_to_dbt_prod.py
[2026-08-26T15:19:35.598+0000] {processor.py:925} INFO - DAG(s) 'airbyte_to_dbt_pipeline_prod' retrieved from /opt/airflow/dags/prod/airbyte_to_dbt_prod.py
[2026-08-26T15:19:35.642+0000] {logging_mixin.py:190} INFO - [2026-08-26T15:19:35.642+0000] {dag.py:3239} INFO - Sync 1 DAGs
[2026-08-26T15:19:35.676+0000] {logging_mixin.py:190} INFO - [2026-08-26T15:19:35.676+0000] {dag.py:4180} INFO - Setting next_dagrun for airbyte_to_dbt_pipeline_prod to 2026-08-26 14:00:00+00:00, run_after=2026-08-26 15:00:00+00:00
[2026-08-26T15:19:35.701+0000] {processor.py:208} INFO - Processing /opt/airflow/dags/prod/airbyte_to_dbt_prod.py took 0.146 seconds
[2026-08-26T15:20:06.111+0000] {processor.py:186} INFO - Started process (PID=7774) to work on /opt/airflow/dags/prod/airbyte_to_dbt_prod.py
[2026-08-26T15:20:06.117+0000] {processor.py:914} INFO - Processing file /opt/airflow/dags/prod/airbyte_to_dbt_prod.py for tasks to queue
[2026-08-26T15:20:06.180+0000] {logging_mixin.py:190} INFO - [2026-08-26T15:20:06.173+0000] {dagbag.py:588} INFO - Filling up the DagBag from /opt/airflow/dags/prod/airbyte_to_dbt_prod.py
[2026-08-26T15:20:06.405+0000] {processor.py:925} INFO - DAG(s) 'airbyte_to_dbt_pipeline_prod' retrieved from /opt/airflow/dags/prod/airbyte_to_dbt_prod.py
[2026-08-26T15:20:06.492+0000] {logging_mixin.py:190} INFO - [2026-08-26T15:20:06.491+0000] {dag.py:3239} INFO - Sync 1 DAGs
[2026-08-26T15:20:06.595+0000] {logging_mixin.py:190} INFO - [2026-08-26T15:20:06.594+0000] {dag.py:4180} INFO - Setting next_dagrun for airbyte_to_dbt_pipeline_prod to 2026-08-26 14:00:00+00:00, run_after=2026-08-26 15:00:00+00:00
[2026-08-26T15:20:06.636+0000] {processor.py:208} INFO - Processing /opt/airflow/dags/prod/airbyte_to_dbt_prod.py took 0.633 seconds
[2026-08-26T15:20:36.843+0000] {processor.py:186} INFO - Started process (PID=7786) to work on /opt/airflow/dags/prod/airbyte_to_dbt_prod.py
[2026-08-26T15:20:36.844+0000] {processor.py:914} INFO - Processing file /opt/airflow/dags/prod/airbyte_to_dbt_prod.py for tasks to queue
[2026-08-26T15:20:36.848+0000] {logging_mixin.py:190} INFO - [2026-08-26T15:20:36.847+0000] {dagbag.py:588} INFO - Filling up the DagBag from /opt/airflow/dags/prod/airbyte_to_dbt_prod.py
[2026-08-26T15:20:36.876+0000] {processor.py:925} INFO - DAG(s) 'airbyte_to_dbt_pipeline_prod' retrieved from /opt/airflow/dags/prod/airbyte_to_dbt_prod.py
[2026-08-26T15:20:36.932+0000] {logging_mixin.py:190} INFO - [2026-08-26T15:20:36.932+0000] {dag.py:3239} INFO - Sync 1 DAGs
[2026-08-26T15:20:36.970+0000] {logging_mixin.py:190} INFO - [2026-08-26T15:20:36.970+0000] {dag.py:4180} INFO - Setting next_dagrun for airbyte_to_dbt_pipeline_prod to 2026-08-26 14:00:00+00:00, run_after=2026-08-26 15:00:00+00:00
[2026-08-26T15:20:36.993+0000] {processor.py:208} INFO - Processing /opt/airflow/dags/prod/airbyte_to_dbt_prod.py took 0.159 seconds
[2026-08-26T15:21:07.139+0000] {processor.py:186} INFO - Started process (PID=7796) to work on /opt/airflow/dags/prod/airbyte_to_dbt_prod.py
[2026-08-26T15:21:07.141+0000] {processor.py:914} INFO - Processing file /opt/airflow/dags/prod/airbyte_to_dbt_prod.py for tasks to queue
[2026-08-26T15:21:07.144+0000] {logging_mixin.py:190} INFO - [2026-08-26T15:21:07.143+0000] {dagbag.py:588} INFO - Filling up the DagBag from /opt/airflow/dags/prod/airbyte_to_dbt_prod.py
[2026-08-26T15:21:07.169+0000] {processor.py:925} INFO - DAG(s) 'airbyte_to_dbt_pipeline_prod' retrieved from /opt/airflow/dags/prod/airbyte_to_dbt_prod.py
[2026-08-26T15:21:07.219+0000] {logging_mixin.py:190} INFO - [2026-08-26T15:21:07.218+0000] {dag.py:3239} INFO - Sync 1 DAGs
[2026-08-26T15:21:07.251+0000] {logging_mixin.py:190} INFO - [2026-08-26T15:21:07.251+0000] {dag.py:4180} INFO - Setting next_dagrun for airbyte_to_dbt_pipeline_prod to 2026-08-26 14:00:00+00:00, run_after=2026-08-26 15:00:00+00:00
[2026-08-26T15:21:07.274+0000] {processor.py:208} INFO - Processing /opt/airflow/dags/prod/airbyte_to_dbt_prod.py took 0.143 seconds
[2026-08-26T15:21:37.441+0000] {processor.py:186} INFO - Started process (PID=7806) to work on /opt/airflow/dags/prod/airbyte_to_dbt_prod.py
[2026-08-26T15:21:37.442+0000] {processor.py:914} INFO - Processing file /opt/airflow/dags/prod/airbyte_to_dbt_prod.py for tasks to queue
[2026-08-26T15:21:37.445+0000] {logging_mixin.py:190} INFO - [2026-08-26T15:21:37.445+0000] {dagbag.py:588} INFO - Filling up the DagBag from /opt/airflow/dags/prod/airbyte_to_dbt_prod.py
[2026-08-26T15:21:37.468+0000] {processor.py:925} INFO - DAG(s) 'airbyte_to_dbt_pipeline_prod' retrieved from /opt/airflow/dags/prod/airbyte_to_dbt_prod.py
[2026-08-26T15:21:37.514+0000] {logging_mixin.py:190} INFO - [2026-08-26T15:21:37.513+0000] {dag.py:3239} INFO - Sync 1 DAGs
[2026-08-26T15:21:37.548+0000] {logging_mixin.py:190} INFO - [2026-08-26T15:21:37.548+0000] {dag.py:4180} INFO - Setting next_dagrun for airbyte_to_dbt_pipeline_prod to 2026-08-26 14:00:00+00:00, run_after=2026-08-26 15:00:00+00:00
[2026-08-26T15:21:37.572+0000] {processor.py:208} INFO - Processing /opt/airflow/dags/prod/airbyte_to_dbt_prod.py took 0.141 seconds
[2026-08-26T15:22:07.741+0000] {processor.py:186} INFO - Started process (PID=7816) to work on /opt/airflow/dags/prod/airbyte_to_dbt_prod.py
[2026-08-26T15:22:07.742+0000] {processor.py:914} INFO - Processing file /opt/airflow/dags/prod/airbyte_to_dbt_prod.py for tasks to queue
[2026-08-26T15:22:07.745+0000] {logging_mixin.py:190} INFO - [2026-08-26T15:22:07.745+0000] {dagbag.py:588} INFO - Filling up the DagBag from /opt/airflow/dags/prod/airbyte_to_dbt_prod.py
[2026-08-26T15:22:07.767+0000] {processor.py:925} INFO - DAG(s) 'airbyte_to_dbt_pipeline_prod' retrieved from /opt/airflow/dags/prod/airbyte_to_dbt_prod.py
[2026-08-26T15:22:07.808+0000] {logging_mixin.py:190} INFO - [2026-08-26T15:22:07.807+0000] {dag.py:3239} INFO - Sync 1 DAGs
[2026-08-26T15:22:07.838+0000] {logging_mixin.py:190} INFO - [2026-08-26T15:22:07.838+0000] {dag.py:4180} INFO - Setting next_dagrun for airbyte_to_dbt_pipeline_prod to 2026-08-26 14:00:00+00:00, run_after=2026-08-26 15:00:00+00:00
[2026-08-26T15:22:07.861+0000] {processor.py:208} INFO - Processing /opt/airflow/dags/prod/airbyte_to_dbt_prod.py took 0.129 seconds
[2026-08-26T15:22:38.065+0000] {processor.py:186} INFO - Started process (PID=7826) to work on /opt/airflow/dags/prod/airbyte_to_dbt_prod.py
[2026-08-26T15:22:38.066+0000] {processor.py:914} INFO - Processing file /opt/airflow/dags/prod/airbyte_to_dbt_prod.py for tasks to queue
[2026-08-26T15:22:38.070+0000] {logging_mixin.py:190} INFO - [2026-08-26T15:22:38.069+0000] {dagbag.py:588} INFO - Filling up the DagBag from /opt/airflow/dags/prod/airbyte_to_dbt_prod.py
[2026-08-26T15:22:38.098+0000] {processor.py:925} INFO - DAG(s) 'airbyte_to_dbt_pipeline_prod' retrieved from /opt/airflow/dags/prod/airbyte_to_dbt_prod.py
[2026-08-26T15:22:38.141+0000] {logging_mixin.py:190} INFO - [2026-08-26T15:22:38.141+0000] {dag.py:3239} INFO - Sync 1 DAGs
[2026-08-26T15:22:38.171+0000] {logging_mixin.py:190} INFO - [2026-08-26T15:22:38.170+0000] {dag.py:4180} INFO - Setting next_dagrun for airbyte_to_dbt_pipeline_prod to 2026-08-26 14:00:00+00:00, run_after=2026-08-26 15:00:00+00:00
[2026-08-26T15:22:38.196+0000] {processor.py:208} INFO - Processing /opt/airflow/dags/prod/airbyte_to_dbt_prod.py took 0.141 seconds
[2026-08-26T15:23:08.384+0000] {processor.py:186} INFO - Started process (PID=7836) to work on /opt/airflow/dags/prod/airbyte_to_dbt_prod.py
[2026-08-26T15:23:08.385+0000] {processor.py:914} INFO - Processing file /opt/airflow/dags/prod/airbyte_to_dbt_prod.py for tasks to queue
[2026-08-26T15:23:08.389+0000] {logging_mixin.py:190} INFO - [2026-08-26T15:23:08.389+0000] {dagbag.py:588} INFO - Filling up the DagBag from /opt/airflow/dags/prod/airbyte_to_dbt_prod.py
[2026-08-26T15:23:08.412+0000] {processor.py:925} INFO - DAG(s) 'airbyte_to_dbt_pipeline_prod' retrieved from /opt/airflow/dags/prod/airbyte_to_dbt_prod.py
[2026-08-26T15:23:08.467+0000] {logging_mixin.py:190} INFO - [2026-08-26T15:23:08.467+0000] {dag.py:3239} INFO - Sync 1 DAGs
[2026-08-26T15:23:08.505+0000] {logging_mixin.py:190} INFO - [2026-08-26T15:23:08.505+0000] {dag.py:4180} INFO - Setting next_dagrun for airbyte_to_dbt_pipeline_prod to 2026-08-26 14:00:00+00:00, run_after=2026-08-26 15:00:00+00:00
[2026-08-26T15:23:08.529+0000] {processor.py:208} INFO - Processing /opt/airflow/dags/prod/airbyte_to_dbt_prod.py took 0.154 seconds
[2026-08-26T15:23:38.711+0000] {processor.py:186} INFO - Started process (PID=7846) to work on /opt/airflow/dags/prod/airbyte_to_dbt_prod.py
[2026-08-26T15:23:38.712+0000] {processor.py:914} INFO - Processing file /opt/airflow/dags/prod/airbyte_to_dbt_prod.py for tasks to queue
[2026-08-26T15:23:38.716+0000] {logging_mixin.py:190} INFO - [2026-08-26T15:23:38.716+0000] {dagbag.py:588} INFO - Filling up the DagBag from /opt/airflow/dags/prod/airbyte_to_dbt_prod.py
[2026-08-26T15:23:38.746+0000] {processor.py:925} INFO - DAG(s) 'airbyte_to_dbt_pipeline_prod' retrieved from /opt/airflow/dags/prod/airbyte_to_dbt_prod.py
[2026-08-26T15:23:38.791+0000] {logging_mixin.py:190} INFO - [2026-08-26T15:23:38.790+0000] {dag.py:3239} INFO - Sync 1 DAGs
[2026-08-26T15:23:38.825+0000] {logging_mixin.py:190} INFO - [2026-08-26T15:23:38.824+0000] {dag.py:4180} INFO - Setting next_dagrun for airbyte_to_dbt_pipeline_prod to 2026-08-26 14:00:00+00:00, run_after=2026-08-26 15:00:00+00:00
[2026-08-26T15:23:38.850+0000] {processor.py:208} INFO - Processing /opt/airflow/dags/prod/airbyte_to_dbt_prod.py took 0.150 seconds
[2026-08-26T15:24:09.009+0000] {processor.py:186} INFO - Started process (PID=7856) to work on /opt/airflow/dags/prod/airbyte_to_dbt_prod.py
[2026-08-26T15:24:09.010+0000] {processor.py:914} INFO - Processing file /opt/airflow/dags/prod/airbyte_to_dbt_prod.py for tasks to queue
[2026-08-26T15:24:09.013+0000] {logging_mixin.py:190} INFO - [2026-08-26T15:24:09.013+0000] {dagbag.py:588} INFO - Filling up the DagBag from /opt/airflow/dags/prod/airbyte_to_dbt_prod.py
[2026-08-26T15:24:09.035+0000] {processor.py:925} INFO - DAG(s) 'airbyte_to_dbt_pipeline_prod' retrieved from /opt/airflow/dags/prod/airbyte_to_dbt_prod.py
[2026-08-26T15:24:09.082+0000] {logging_mixin.py:190} INFO - [2026-08-26T15:24:09.082+0000] {dag.py:3239} INFO - Sync 1 DAGs
[2026-08-26T15:24:09.116+0000] {logging_mixin.py:190} INFO - [2026-08-26T15:24:09.116+0000] {dag.py:4180} INFO - Setting next_dagrun for airbyte_to_dbt_pipeline_prod to 2026-08-26 14:00:00+00:00, run_after=2026-08-26 15:00:00+00:00
[2026-08-26T15:24:09.142+0000] {processor.py:208} INFO - Processing /opt/airflow/dags/prod/airbyte_to_dbt_prod.py took 0.142 seconds
[2026-08-26T15:24:39.301+0000] {processor.py:186} INFO - Started process (PID=7866) to work on /opt/airflow/dags/prod/airbyte_to_dbt_prod.py
[2026-08-26T15:24:39.302+0000] {processor.py:914} INFO - Processing file /opt/airflow/dags/prod/airbyte_to_dbt_prod.py for tasks to queue
[2026-08-26T15:24:39.306+0000] {logging_mixin.py:190} INFO - [2026-08-26T15:24:39.305+0000] {dagbag.py:588} INFO - Filling up the DagBag from /opt/airflow/dags/prod/airbyte_to_dbt_prod.py
[2026-08-26T15:24:39.331+0000] {processor.py:925} INFO - DAG(s) 'airbyte_to_dbt_pipeline_prod' retrieved from /opt/airflow/dags/prod/airbyte_to_dbt_prod.py
[2026-08-26T15:24:39.387+0000] {logging_mixin.py:190} INFO - [2026-08-26T15:24:39.387+0000] {dag.py:3239} INFO - Sync 1 DAGs
[2026-08-26T15:24:39.425+0000] {logging_mixin.py:190} INFO - [2026-08-26T15:24:39.424+0000] {dag.py:4180} INFO - Setting next_dagrun for airbyte_to_dbt_pipeline_prod to 2026-08-26 14:00:00+00:00, run_after=2026-08-26 15:00:00+00:00
[2026-08-26T15:24:39.450+0000] {processor.py:208} INFO - Processing /opt/airflow/dags/prod/airbyte_to_dbt_prod.py took 0.158 seconds
[2026-08-26T15:25:09.612+0000] {processor.py:186} INFO - Started process (PID=7876) to work on /opt/airflow/dags/prod/airbyte_to_dbt_prod.py
[2026-08-26T15:25:09.614+0000] {processor.py:914} INFO - Processing file /opt/airflow/dags/prod/airbyte_to_dbt_prod.py for tasks to queue
[2026-08-26T15:25:09.617+0000] {logging_mixin.py:190} INFO - [2026-08-26T15:25:09.616+0000] {dagbag.py:588} INFO - Filling up the DagBag from /opt/airflow/dags/prod/airbyte_to_dbt_prod.py
[2026-08-26T15:25:09.639+0000] {processor.py:925} INFO - DAG(s) 'airbyte_to_dbt_pipeline_prod' retrieved from /opt/airflow/dags/prod/airbyte_to_dbt_prod.py
[2026-08-26T15:25:09.691+0000] {logging_mixin.py:190} INFO - [2026-08-26T15:25:09.691+0000] {dag.py:3239} INFO - Sync 1 DAGs
[2026-08-26T15:25:09.732+0000] {logging_mixin.py:190} INFO - [2026-08-26T15:25:09.731+0000] {dag.py:4180} INFO - Setting next_dagrun for airbyte_to_dbt_pipeline_prod to 2026-08-26 14:00:00+00:00, run_after=2026-08-26 15:00:00+00:00
[2026-08-26T15:25:09.757+0000] {processor.py:208} INFO - Processing /opt/airflow/dags/prod/airbyte_to_dbt_prod.py took 0.154 seconds
[2026-08-26T15:25:39.928+0000] {processor.py:186} INFO - Started process (PID=7886) to work on /opt/airflow/dags/prod/airbyte_to_dbt_prod.py
[2026-08-26T15:25:39.929+0000] {processor.py:914} INFO - Processing file /opt/airflow/dags/prod/airbyte_to_dbt_prod.py for tasks to queue
[2026-08-26T15:25:39.932+0000] {logging_mixin.py:190} INFO - [2026-08-26T15:25:39.932+0000] {dagbag.py:588} INFO - Filling up the DagBag from /opt/airflow/dags/prod/airbyte_to_dbt_prod.py
[2026-08-26T15:25:39.959+0000] {processor.py:925} INFO - DAG(s) 'airbyte_to_dbt_pipeline_prod' retrieved from /opt/airflow/dags/prod/airbyte_to_dbt_prod.py
[2026-08-26T15:25:40.003+0000] {logging_mixin.py:190} INFO - [2026-08-26T15:25:40.002+0000] {dag.py:3239} INFO - Sync 1 DAGs
[2026-08-26T15:25:40.041+0000] {logging_mixin.py:190} INFO - [2026-08-26T15:25:40.041+0000] {dag.py:4180} INFO - Setting next_dagrun for airbyte_to_dbt_pipeline_prod to 2026-08-26 14:00:00+00:00, run_after=2026-08-26 15:00:00+00:00
[2026-08-26T15:25:40.068+0000] {processor.py:208} INFO - Processing /opt/airflow/dags/prod/airbyte_to_dbt_prod.py took 0.151 seconds
[2026-08-26T15:26:10.231+0000] {processor.py:186} INFO - Started process (PID=7896) to work on /opt/airflow/dags/prod/airbyte_to_dbt_prod.py
[2026-08-26T15:26:10.232+0000] {processor.py:914} INFO - Processing file /opt/airflow/dags/prod/airbyte_to_dbt_prod.py for tasks to queue
[2026-08-26T15:26:10.236+0000] {logging_mixin.py:190} INFO - [2026-08-26T15:26:10.235+0000] {dagbag.py:588} INFO - Filling up the DagBag from /opt/airflow/dags/prod/airbyte_to_dbt_prod.py
[2026-08-26T15:26:10.258+0000] {processor.py:925} INFO - DAG(s) 'airbyte_to_dbt_pipeline_prod' retrieved from /opt/airflow/dags/prod/airbyte_to_dbt_prod.py
[2026-08-26T15:26:10.302+0000] {logging_mixin.py:190} INFO - [2026-08-26T15:26:10.302+0000] {dag.py:3239} INFO - Sync 1 DAGs
[2026-08-26T15:26:10.338+0000] {logging_mixin.py:190} INFO - [2026-08-26T15:26:10.338+0000] {dag.py:4180} INFO - Setting next_dagrun for airbyte_to_dbt_pipeline_prod to 2026-08-26 14:00:00+00:00, run_after=2026-08-26 15:00:00+00:00
[2026-08-26T15:26:10.361+0000] {processor.py:208} INFO - Processing /opt/airflow/dags/prod/airbyte_to_dbt_prod.py took 0.139 seconds
[2026-08-26T15:26:40.523+0000] {processor.py:186} INFO - Started process (PID=7906) to work on /opt/airflow/dags/prod/airbyte_to_dbt_prod.py
[2026-08-26T15:26:40.524+0000] {processor.py:914} INFO - Processing file /opt/airflow/dags/prod/airbyte_to_dbt_prod.py for tasks to queue
[2026-08-26T15:26:40.527+0000] {logging_mixin.py:190} INFO - [2026-08-26T15:26:40.527+0000] {dagbag.py:588} INFO - Filling up the DagBag from /opt/airflow/dags/prod/airbyte_to_dbt_prod.py
[2026-08-26T15:26:40.549+0000] {processor.py:925} INFO - DAG(s) 'airbyte_to_dbt_pipeline_prod' retrieved from /opt/airflow/dags/prod/airbyte_to_dbt_prod.py
[2026-08-26T15:26:40.590+0000] {logging_mixin.py:190} INFO - [2026-08-26T15:26:40.590+0000] {dag.py:3239} INFO - Sync 1 DAGs
[2026-08-26T15:26:40.624+0000] {logging_mixin.py:190} INFO - [2026-08-26T15:26:40.624+0000] {dag.py:4180} INFO - Setting next_dagrun for airbyte_to_dbt_pipeline_prod to 2026-08-26 14:00:00+00:00, run_after=2026-08-26 15:00:00+00:00
[2026-08-26T15:26:40.652+0000] {processor.py:208} INFO - Processing /opt/airflow/dags/prod/airbyte_to_dbt_prod.py took 0.139 seconds
[2026-08-26T15:27:10.819+0000] {processor.py:186} INFO - Started process (PID=7916) to work on /opt/airflow/dags/prod/airbyte_to_dbt_prod.py
[2026-08-26T15:27:10.820+0000] {processor.py:914} INFO - Processing file /opt/airflow/dags/prod/airbyte_to_dbt_prod.py for tasks to queue
[2026-08-26T15:27:10.823+0000] {logging_mixin.py:190} INFO - [2026-08-26T15:27:10.823+0000] {dagbag.py:588} INFO - Filling up the DagBag from /opt/airflow/dags/prod/airbyte_to_dbt_prod.py
[2026-08-26T15:27:10.845+0000] {processor.py:925} INFO - DAG(s) 'airbyte_to_dbt_pipeline_prod' retrieved from /opt/airflow/dags/prod/airbyte_to_dbt_prod.py
[2026-08-26T15:27:10.889+0000] {logging_mixin.py:190} INFO - [2026-08-26T15:27:10.888+0000] {dag.py:3239} INFO - Sync 1 DAGs
[2026-08-26T15:27:10.918+0000] {logging_mixin.py:190} INFO - [2026-08-26T15:27:10.917+0000] {dag.py:4180} INFO - Setting next_dagrun for airbyte_to_dbt_pipeline_prod to 2026-08-26 14:00:00+00:00, run_after=2026-08-26 15:00:00+00:00
[2026-08-26T15:27:10.941+0000] {processor.py:208} INFO - Processing /opt/airflow/dags/prod/airbyte_to_dbt_prod.py took 0.132 seconds
[2026-08-26T15:27:41.119+0000] {processor.py:186} INFO - Started process (PID=7926) to work on /opt/airflow/dags/prod/airbyte_to_dbt_prod.py
[2026-08-26T15:27:41.122+0000] {processor.py:914} INFO - Processing file /opt/airflow/dags/prod/airbyte_to_dbt_prod.py for tasks to queue
[2026-08-26T15:27:41.127+0000] {logging_mixin.py:190} INFO - [2026-08-26T15:27:41.127+0000] {dagbag.py:588} INFO - Filling up the DagBag from /opt/airflow/dags/prod/airbyte_to_dbt_prod.py
[2026-08-26T15:27:41.161+0000] {processor.py:925} INFO - DAG(s) 'airbyte_to_dbt_pipeline_prod' retrieved from /opt/airflow/dags/prod/airbyte_to_dbt_prod.py
[2026-08-26T15:27:41.211+0000] {logging_mixin.py:190} INFO - [2026-08-26T15:27:41.210+0000] {dag.py:3239} INFO - Sync 1 DAGs
[2026-08-26T15:27:41.246+0000] {logging_mixin.py:190} INFO - [2026-08-26T15:27:41.245+0000] {dag.py:4180} INFO - Setting next_dagrun for airbyte_to_dbt_pipeline_prod to 2026-08-26 14:00:00+00:00, run_after=2026-08-26 15:00:00+00:00
[2026-08-26T15:27:41.270+0000] {processor.py:208} INFO - Processing /opt/airflow/dags/prod/airbyte_to_dbt_prod.py took 0.165 seconds
[2026-08-26T15:28:11.442+0000] {processor.py:186} INFO - Started process (PID=7936) to work on /opt/airflow/dags/prod/airbyte_to_dbt_prod.py
[2026-08-26T15:28:11.443+0000] {processor.py:914} INFO - Processing file /opt/airflow/dags/prod/airbyte_to_dbt_prod.py for tasks to queue
[2026-08-26T15:28:11.448+0000] {logging_mixin.py:190} INFO - [2026-08-26T15:28:11.447+0000] {dagbag.py:588} INFO - Filling up the DagBag from /opt/airflow/dags/prod/airbyte_to_dbt_prod.py
[2026-08-26T15:28:11.473+0000] {processor.py:925} INFO - DAG(s) 'airbyte_to_dbt_pipeline_prod' retrieved from /opt/airflow/dags/prod/airbyte_to_dbt_prod.py
[2026-08-26T15:28:11.525+0000] {logging_mixin.py:190} INFO - [2026-08-26T15:28:11.525+0000] {dag.py:3239} INFO - Sync 1 DAGs
[2026-08-26T15:28:11.561+0000] {logging_mixin.py:190} INFO - [2026-08-26T15:28:11.561+0000] {dag.py:4180} INFO - Setting next_dagrun for airbyte_to_dbt_pipeline_prod to 2026-08-26 14:00:00+00:00, run_after=2026-08-26 15:00:00+00:00
[2026-08-26T15:28:11.585+0000] {processor.py:208} INFO - Processing /opt/airflow/dags/prod/airbyte_to_dbt_prod.py took 0.155 seconds
[2026-08-26T15:28:41.746+0000] {processor.py:186} INFO - Started process (PID=7946) to work on /opt/airflow/dags/prod/airbyte_to_dbt_prod.py
[2026-08-26T15:28:41.748+0000] {processor.py:914} INFO - Processing file /opt/airflow/dags/prod/airbyte_to_dbt_prod.py for tasks to queue
[2026-08-26T15:28:41.751+0000] {logging_mixin.py:190} INFO - [2026-08-26T15:28:41.751+0000] {dagbag.py:588} INFO - Filling up the DagBag from /opt/airflow/dags/prod/airbyte_to_dbt_prod.py
[2026-08-26T15:28:41.777+0000] {processor.py:925} INFO - DAG(s) 'airbyte_to_dbt_pipeline_prod' retrieved from /opt/airflow/dags/prod/airbyte_to_dbt_prod.py
[2026-08-26T15:28:41.823+0000] {logging_mixin.py:190} INFO - [2026-08-26T15:28:41.823+0000] {dag.py:3239} INFO - Sync 1 DAGs
[2026-08-26T15:28:41.857+0000] {logging_mixin.py:190} INFO - [2026-08-26T15:28:41.856+0000] {dag.py:4180} INFO - Setting next_dagrun for airbyte_to_dbt_pipeline_prod to 2026-08-26 14:00:00+00:00, run_after=2026-08-26 15:00:00+00:00
[2026-08-26T15:28:41.880+0000] {processor.py:208} INFO - Processing /opt/airflow/dags/prod/airbyte_to_dbt_prod.py took 0.142 seconds
[2026-08-26T15:29:12.035+0000] {processor.py:186} INFO - Started process (PID=7956) to work on /opt/airflow/dags/prod/airbyte_to_dbt_prod.py
[2026-08-26T15:29:12.036+0000] {processor.py:914} INFO - Processing file /opt/airflow/dags/prod/airbyte_to_dbt_prod.py for tasks to queue
[2026-08-26T15:29:12.039+0000] {logging_mixin.py:190} INFO - [2026-08-26T15:29:12.038+0000] {dagbag.py:588} INFO - Filling up the DagBag from /opt/airflow/dags/prod/airbyte_to_dbt_prod.py
[2026-08-26T15:29:12.060+0000] {processor.py:925} INFO - DAG(s) 'airbyte_to_dbt_pipeline_prod' retrieved from /opt/airflow/dags/prod/airbyte_to_dbt_prod.py
[2026-08-26T15:29:12.107+0000] {logging_mixin.py:190} INFO - [2026-08-26T15:29:12.107+0000] {dag.py:3239} INFO - Sync 1 DAGs
[2026-08-26T15:29:12.144+0000] {logging_mixin.py:190} INFO - [2026-08-26T15:29:12.143+0000] {dag.py:4180} INFO - Setting next_dagrun for airbyte_to_dbt_pipeline_prod to 2026-08-26 14:00:00+00:00, run_after=2026-08-26 15:00:00+00:00
[2026-08-26T15:29:12.167+0000] {processor.py:208} INFO - Processing /opt/airflow/dags/prod/airbyte_to_dbt_prod.py took 0.141 seconds
[2026-08-26T15:29:42.343+0000] {processor.py:186} INFO - Started process (PID=7966) to work on /opt/airflow/dags/prod/airbyte_to_dbt_prod.py
[2026-08-26T15:29:42.344+0000] {processor.py:914} INFO - Processing file /opt/airflow/dags/prod/airbyte_to_dbt_prod.py for tasks to queue
[2026-08-26T15:29:42.347+0000] {logging_mixin.py:190} INFO - [2026-08-26T15:29:42.347+0000] {dagbag.py:588} INFO - Filling up the DagBag from /opt/airflow/dags/prod/airbyte_to_dbt_prod.py
[2026-08-26T15:29:42.370+0000] {processor.py:925} INFO - DAG(s) 'airbyte_to_dbt_pipeline_prod' retrieved from /opt/airflow/dags/prod/airbyte_to_dbt_prod.py
[2026-08-26T15:29:42.406+0000] {logging_mixin.py:190} INFO - [2026-08-26T15:29:42.406+0000] {dag.py:3239} INFO - Sync 1 DAGs
[2026-08-26T15:29:42.444+0000] {logging_mixin.py:190} INFO - [2026-08-26T15:29:42.443+0000] {dag.py:4180} INFO - Setting next_dagrun for airbyte_to_dbt_pipeline_prod to 2026-08-26 14:00:00+00:00, run_after=2026-08-26 15:00:00+00:00
[2026-08-26T15:29:42.470+0000] {processor.py:208} INFO - Processing /opt/airflow/dags/prod/airbyte_to_dbt_prod.py took 0.136 seconds
[2026-08-26T15:30:12.630+0000] {processor.py:186} INFO - Started process (PID=7976) to work on /opt/airflow/dags/prod/airbyte_to_dbt_prod.py
[2026-08-26T15:30:12.631+0000] {processor.py:914} INFO - Processing file /opt/airflow/dags/prod/airbyte_to_dbt_prod.py for tasks to queue
[2026-08-26T15:30:12.636+0000] {logging_mixin.py:190} INFO - [2026-08-26T15:30:12.635+0000] {dagbag.py:588} INFO - Filling up the DagBag from /opt/airflow/dags/prod/airbyte_to_dbt_prod.py
[2026-08-26T15:30:12.665+0000] {processor.py:925} INFO - DAG(s) 'airbyte_to_dbt_pipeline_prod' retrieved from /opt/airflow/dags/prod/airbyte_to_dbt_prod.py
[2026-08-26T15:30:12.711+0000] {logging_mixin.py:190} INFO - [2026-08-26T15:30:12.710+0000] {dag.py:3239} INFO - Sync 1 DAGs
[2026-08-26T15:30:12.747+0000] {logging_mixin.py:190} INFO - [2026-08-26T15:30:12.746+0000] {dag.py:4180} INFO - Setting next_dagrun for airbyte_to_dbt_pipeline_prod to 2026-08-26 14:00:00+00:00, run_after=2026-08-26 15:00:00+00:00
[2026-08-26T15:30:12.771+0000] {processor.py:208} INFO - Processing /opt/airflow/dags/prod/airbyte_to_dbt_prod.py took 0.156 seconds
[2026-08-26T15:30:42.935+0000] {processor.py:186} INFO - Started process (PID=7986) to work on /opt/airflow/dags/prod/airbyte_to_dbt_prod.py
[2026-08-26T15:30:42.936+0000] {processor.py:914} INFO - Processing file /opt/airflow/dags/prod/airbyte_to_dbt_prod.py for tasks to queue
[2026-08-26T15:30:42.939+0000] {logging_mixin.py:190} INFO - [2026-08-26T15:30:42.938+0000] {dagbag.py:588} INFO - Filling up the DagBag from /opt/airflow/dags/prod/airbyte_to_dbt_prod.py
[2026-08-26T15:30:42.964+0000] {processor.py:925} INFO - DAG(s) 'airbyte_to_dbt_pipeline_prod' retrieved from /opt/airflow/dags/prod/airbyte_to_dbt_prod.py
[2026-08-26T15:30:43.014+0000] {logging_mixin.py:190} INFO - [2026-08-26T15:30:43.014+0000] {dag.py:3239} INFO - Sync 1 DAGs
[2026-08-26T15:30:43.047+0000] {logging_mixin.py:190} INFO - [2026-08-26T15:30:43.047+0000] {dag.py:4180} INFO - Setting next_dagrun for airbyte_to_dbt_pipeline_prod to 2026-08-26 14:00:00+00:00, run_after=2026-08-26 15:00:00+00:00
[2026-08-26T15:30:43.072+0000] {processor.py:208} INFO - Processing /opt/airflow/dags/prod/airbyte_to_dbt_prod.py took 0.147 seconds
[2026-08-26T15:31:13.252+0000] {processor.py:186} INFO - Started process (PID=7996) to work on /opt/airflow/dags/prod/airbyte_to_dbt_prod.py
[2026-08-26T15:31:13.253+0000] {processor.py:914} INFO - Processing file /opt/airflow/dags/prod/airbyte_to_dbt_prod.py for tasks to queue
[2026-08-26T15:31:13.256+0000] {logging_mixin.py:190} INFO - [2026-08-26T15:31:13.256+0000] {dagbag.py:588} INFO - Filling up the DagBag from /opt/airflow/dags/prod/airbyte_to_dbt_prod.py
[2026-08-26T15:31:13.279+0000] {processor.py:925} INFO - DAG(s) 'airbyte_to_dbt_pipeline_prod' retrieved from /opt/airflow/dags/prod/airbyte_to_dbt_prod.py
[2026-08-26T15:31:13.320+0000] {logging_mixin.py:190} INFO - [2026-08-26T15:31:13.319+0000] {dag.py:3239} INFO - Sync 1 DAGs
[2026-08-26T15:31:13.352+0000] {logging_mixin.py:190} INFO - [2026-08-26T15:31:13.352+0000] {dag.py:4180} INFO - Setting next_dagrun for airbyte_to_dbt_pipeline_prod to 2026-08-26 14:00:00+00:00, run_after=2026-08-26 15:00:00+00:00
[2026-08-26T15:31:13.377+0000] {processor.py:208} INFO - Processing /opt/airflow/dags/prod/airbyte_to_dbt_prod.py took 0.133 seconds
[2026-08-26T15:31:43.548+0000] {processor.py:186} INFO - Started process (PID=8006) to work on /opt/airflow/dags/prod/airbyte_to_dbt_prod.py
[2026-08-26T15:31:43.549+0000] {processor.py:914} INFO - Processing file /opt/airflow/dags/prod/airbyte_to_dbt_prod.py for tasks to queue
[2026-08-26T15:31:43.553+0000] {logging_mixin.py:190} INFO - [2026-08-26T15:31:43.552+0000] {dagbag.py:588} INFO - Filling up the DagBag from /opt/airflow/dags/prod/airbyte_to_dbt_prod.py
[2026-08-26T15:31:43.581+0000] {processor.py:925} INFO - DAG(s) 'airbyte_to_dbt_pipeline_prod' retrieved from /opt/airflow/dags/prod/airbyte_to_dbt_prod.py
[2026-08-26T15:31:43.627+0000] {logging_mixin.py:190} INFO - [2026-08-26T15:31:43.626+0000] {dag.py:3239} INFO - Sync 1 DAGs
[2026-08-26T15:31:43.665+0000] {logging_mixin.py:190} INFO - [2026-08-26T15:31:43.665+0000] {dag.py:4180} INFO - Setting next_dagrun for airbyte_to_dbt_pipeline_prod to 2026-08-26 14:00:00+00:00, run_after=2026-08-26 15:00:00+00:00
[2026-08-26T15:31:43.690+0000] {processor.py:208} INFO - Processing /opt/airflow/dags/prod/airbyte_to_dbt_prod.py took 0.154 seconds
[2026-08-26T15:32:13.852+0000] {processor.py:186} INFO - Started process (PID=8016) to work on /opt/airflow/dags/prod/airbyte_to_dbt_prod.py
[2026-08-26T15:32:13.853+0000] {processor.py:914} INFO - Processing file /opt/airflow/dags/prod/airbyte_to_dbt_prod.py for tasks to queue
[2026-08-26T15:32:13.856+0000] {logging_mixin.py:190} INFO - [2026-08-26T15:32:13.856+0000] {dagbag.py:588} INFO - Filling up the DagBag from /opt/airflow/dags/prod/airbyte_to_dbt_prod.py
[2026-08-26T15:32:13.879+0000] {processor.py:925} INFO - DAG(s) 'airbyte_to_dbt_pipeline_prod' retrieved from /opt/airflow/dags/prod/airbyte_to_dbt_prod.py
[2026-08-26T15:32:13.921+0000] {logging_mixin.py:190} INFO - [2026-08-26T15:32:13.920+0000] {dag.py:3239} INFO - Sync 1 DAGs
[2026-08-26T15:32:13.960+0000] {logging_mixin.py:190} INFO - [2026-08-26T15:32:13.960+0000] {dag.py:4180} INFO - Setting next_dagrun for airbyte_to_dbt_pipeline_prod to 2026-08-26 14:00:00+00:00, run_after=2026-08-26 15:00:00+00:00
[2026-08-26T15:32:13.986+0000] {processor.py:208} INFO - Processing /opt/airflow/dags/prod/airbyte_to_dbt_prod.py took 0.142 seconds
[2026-08-26T15:32:44.160+0000] {processor.py:186} INFO - Started process (PID=8026) to work on /opt/airflow/dags/prod/airbyte_to_dbt_prod.py
[2026-08-26T15:32:44.161+0000] {processor.py:914} INFO - Processing file /opt/airflow/dags/prod/airbyte_to_dbt_prod.py for tasks to queue
[2026-08-26T15:32:44.164+0000] {logging_mixin.py:190} INFO - [2026-08-26T15:32:44.163+0000] {dagbag.py:588} INFO - Filling up the DagBag from /opt/airflow/dags/prod/airbyte_to_dbt_prod.py
[2026-08-26T15:32:44.185+0000] {processor.py:925} INFO - DAG(s) 'airbyte_to_dbt_pipeline_prod' retrieved from /opt/airflow/dags/prod/airbyte_to_dbt_prod.py
[2026-08-26T15:32:44.235+0000] {logging_mixin.py:190} INFO - [2026-08-26T15:32:44.234+0000] {dag.py:3239} INFO - Sync 1 DAGs
[2026-08-26T15:32:44.272+0000] {logging_mixin.py:190} INFO - [2026-08-26T15:32:44.272+0000] {dag.py:4180} INFO - Setting next_dagrun for airbyte_to_dbt_pipeline_prod to 2026-08-26 14:00:00+00:00, run_after=2026-08-26 15:00:00+00:00
[2026-08-26T15:32:44.296+0000] {processor.py:208} INFO - Processing /opt/airflow/dags/prod/airbyte_to_dbt_prod.py took 0.144 seconds
[2026-08-26T15:33:14.481+0000] {processor.py:186} INFO - Started process (PID=8036) to work on /opt/airflow/dags/prod/airbyte_to_dbt_prod.py
[2026-08-26T15:33:14.483+0000] {processor.py:914} INFO - Processing file /opt/airflow/dags/prod/airbyte_to_dbt_prod.py for tasks to queue
[2026-08-26T15:33:14.487+0000] {logging_mixin.py:190} INFO - [2026-08-26T15:33:14.487+0000] {dagbag.py:588} INFO - Filling up the DagBag from /opt/airflow/dags/prod/airbyte_to_dbt_prod.py
[2026-08-26T15:33:14.518+0000] {processor.py:925} INFO - DAG(s) 'airbyte_to_dbt_pipeline_prod' retrieved from /opt/airflow/dags/prod/airbyte_to_dbt_prod.py
[2026-08-26T15:33:14.578+0000] {logging_mixin.py:190} INFO - [2026-08-26T15:33:14.576+0000] {dag.py:3239} INFO - Sync 1 DAGs
[2026-08-26T15:33:14.615+0000] {logging_mixin.py:190} INFO - [2026-08-26T15:33:14.614+0000] {dag.py:4180} INFO - Setting next_dagrun for airbyte_to_dbt_pipeline_prod to 2026-08-26 14:00:00+00:00, run_after=2026-08-26 15:00:00+00:00
[2026-08-26T15:33:14.645+0000] {processor.py:208} INFO - Processing /opt/airflow/dags/prod/airbyte_to_dbt_prod.py took 0.175 seconds
[2026-08-26T15:33:44.816+0000] {processor.py:186} INFO - Started process (PID=8046) to work on /opt/airflow/dags/prod/airbyte_to_dbt_prod.py
[2026-08-26T15:33:44.818+0000] {processor.py:914} INFO - Processing file /opt/airflow/dags/prod/airbyte_to_dbt_prod.py for tasks to queue
[2026-08-26T15:33:44.823+0000] {logging_mixin.py:190} INFO - [2026-08-26T15:33:44.822+0000] {dagbag.py:588} INFO - Filling up the DagBag from /opt/airflow/dags/prod/airbyte_to_dbt_prod.py
[2026-08-26T15:33:44.852+0000] {processor.py:925} INFO - DAG(s) 'airbyte_to_dbt_pipeline_prod' retrieved from /opt/airflow/dags/prod/airbyte_to_dbt_prod.py
[2026-08-26T15:33:44.894+0000] {logging_mixin.py:190} INFO - [2026-08-26T15:33:44.893+0000] {dag.py:3239} INFO - Sync 1 DAGs
[2026-08-26T15:33:44.930+0000] {logging_mixin.py:190} INFO - [2026-08-26T15:33:44.929+0000] {dag.py:4180} INFO - Setting next_dagrun for airbyte_to_dbt_pipeline_prod to 2026-08-26 14:00:00+00:00, run_after=2026-08-26 15:00:00+00:00
[2026-08-26T15:33:44.954+0000] {processor.py:208} INFO - Processing /opt/airflow/dags/prod/airbyte_to_dbt_prod.py took 0.149 seconds
[2026-08-26T15:34:15.115+0000] {processor.py:186} INFO - Started process (PID=8056) to work on /opt/airflow/dags/prod/airbyte_to_dbt_prod.py
[2026-08-26T15:34:15.117+0000] {processor.py:914} INFO - Processing file /opt/airflow/dags/prod/airbyte_to_dbt_prod.py for tasks to queue
[2026-08-26T15:34:15.123+0000] {logging_mixin.py:190} INFO - [2026-08-26T15:34:15.122+0000] {dagbag.py:588} INFO - Filling up the DagBag from /opt/airflow/dags/prod/airbyte_to_dbt_prod.py
[2026-08-26T15:34:15.155+0000] {processor.py:925} INFO - DAG(s) 'airbyte_to_dbt_pipeline_prod' retrieved from /opt/airflow/dags/prod/airbyte_to_dbt_prod.py
[2026-08-26T15:34:15.207+0000] {logging_mixin.py:190} INFO - [2026-08-26T15:34:15.207+0000] {dag.py:3239} INFO - Sync 1 DAGs
[2026-08-26T15:34:15.245+0000] {logging_mixin.py:190} INFO - [2026-08-26T15:34:15.245+0000] {dag.py:4180} INFO - Setting next_dagrun for airbyte_to_dbt_pipeline_prod to 2026-08-26 14:00:00+00:00, run_after=2026-08-26 15:00:00+00:00
[2026-08-26T15:34:15.269+0000] {processor.py:208} INFO - Processing /opt/airflow/dags/prod/airbyte_to_dbt_prod.py took 0.164 seconds
[2026-08-26T15:34:45.436+0000] {processor.py:186} INFO - Started process (PID=8066) to work on /opt/airflow/dags/prod/airbyte_to_dbt_prod.py
[2026-08-26T15:34:45.437+0000] {processor.py:914} INFO - Processing file /opt/airflow/dags/prod/airbyte_to_dbt_prod.py for tasks to queue
[2026-08-26T15:34:45.440+0000] {logging_mixin.py:190} INFO - [2026-08-26T15:34:45.439+0000] {dagbag.py:588} INFO - Filling up the DagBag from /opt/airflow/dags/prod/airbyte_to_dbt_prod.py
[2026-08-26T15:34:45.463+0000] {processor.py:925} INFO - DAG(s) 'airbyte_to_dbt_pipeline_prod' retrieved from /opt/airflow/dags/prod/airbyte_to_dbt_prod.py
[2026-08-26T15:34:45.506+0000] {logging_mixin.py:190} INFO - [2026-08-26T15:34:45.505+0000] {dag.py:3239} INFO - Sync 1 DAGs
[2026-08-26T15:34:45.537+0000] {logging_mixin.py:190} INFO - [2026-08-26T15:34:45.537+0000] {dag.py:4180} INFO - Setting next_dagrun for airbyte_to_dbt_pipeline_prod to 2026-08-26 14:00:00+00:00, run_after=2026-08-26 15:00:00+00:00
[2026-08-26T15:34:45.557+0000] {processor.py:208} INFO - Processing /opt/airflow/dags/prod/airbyte_to_dbt_prod.py took 0.131 seconds
[2026-08-26T15:35:15.728+0000] {processor.py:186} INFO - Started process (PID=8076) to work on /opt/airflow/dags/prod/airbyte_to_dbt_prod.py
[2026-08-26T15:35:15.729+0000] {processor.py:914} INFO - Processing file /opt/airflow/dags/prod/airbyte_to_dbt_prod.py for tasks to queue
[2026-08-26T15:35:15.732+0000] {logging_mixin.py:190} INFO - [2026-08-26T15:35:15.732+0000] {dagbag.py:588} INFO - Filling up the DagBag from /opt/airflow/dags/prod/airbyte_to_dbt_prod.py
[2026-08-26T15:35:15.755+0000] {processor.py:925} INFO - DAG(s) 'airbyte_to_dbt_pipeline_prod' retrieved from /opt/airflow/dags/prod/airbyte_to_dbt_prod.py
[2026-08-26T15:35:15.800+0000] {logging_mixin.py:190} INFO - [2026-08-26T15:35:15.800+0000] {dag.py:3239} INFO - Sync 1 DAGs
[2026-08-26T15:35:15.839+0000] {logging_mixin.py:190} INFO - [2026-08-26T15:35:15.838+0000] {dag.py:4180} INFO - Setting next_dagrun for airbyte_to_dbt_pipeline_prod to 2026-08-26 14:00:00+00:00, run_after=2026-08-26 15:00:00+00:00
[2026-08-26T15:35:15.862+0000] {processor.py:208} INFO - Processing /opt/airflow/dags/prod/airbyte_to_dbt_prod.py took 0.142 seconds
[2026-08-26T15:35:46.030+0000] {processor.py:186} INFO - Started process (PID=8086) to work on /opt/airflow/dags/prod/airbyte_to_dbt_prod.py
[2026-08-26T15:35:46.031+0000] {processor.py:914} INFO - Processing file /opt/airflow/dags/prod/airbyte_to_dbt_prod.py for tasks to queue
[2026-08-26T15:35:46.034+0000] {logging_mixin.py:190} INFO - [2026-08-26T15:35:46.034+0000] {dagbag.py:588} INFO - Filling up the DagBag from /opt/airflow/dags/prod/airbyte_to_dbt_prod.py
[2026-08-26T15:35:46.056+0000] {processor.py:925} INFO - DAG(s) 'airbyte_to_dbt_pipeline_prod' retrieved from /opt/airflow/dags/prod/airbyte_to_dbt_prod.py
[2026-08-26T15:35:46.099+0000] {logging_mixin.py:190} INFO - [2026-08-26T15:35:46.098+0000] {dag.py:3239} INFO - Sync 1 DAGs
[2026-08-26T15:35:46.136+0000] {logging_mixin.py:190} INFO - [2026-08-26T15:35:46.136+0000] {dag.py:4180} INFO - Setting next_dagrun for airbyte_to_dbt_pipeline_prod to 2026-08-26 14:00:00+00:00, run_after=2026-08-26 15:00:00+00:00
[2026-08-26T15:35:46.158+0000] {processor.py:208} INFO - Processing /opt/airflow/dags/prod/airbyte_to_dbt_prod.py took 0.137 seconds
[2026-08-26T15:36:16.319+0000] {processor.py:186} INFO - Started process (PID=8096) to work on /opt/airflow/dags/prod/airbyte_to_dbt_prod.py
[2026-08-26T15:36:16.320+0000] {processor.py:914} INFO - Processing file /opt/airflow/dags/prod/airbyte_to_dbt_prod.py for tasks to queue
[2026-08-26T15:36:16.324+0000] {logging_mixin.py:190} INFO - [2026-08-26T15:36:16.324+0000] {dagbag.py:588} INFO - Filling up the DagBag from /opt/airflow/dags/prod/airbyte_to_dbt_prod.py
[2026-08-26T15:36:16.349+0000] {processor.py:925} INFO - DAG(s) 'airbyte_to_dbt_pipeline_prod' retrieved from /opt/airflow/dags/prod/airbyte_to_dbt_prod.py
[2026-08-26T15:36:16.389+0000] {logging_mixin.py:190} INFO - [2026-08-26T15:36:16.388+0000] {dag.py:3239} INFO - Sync 1 DAGs
[2026-08-26T15:36:16.423+0000] {logging_mixin.py:190} INFO - [2026-08-26T15:36:16.422+0000] {dag.py:4180} INFO - Setting next_dagrun for airbyte_to_dbt_pipeline_prod to 2026-08-26 14:00:00+00:00, run_after=2026-08-26 15:00:00+00:00
[2026-08-26T15:36:16.450+0000] {processor.py:208} INFO - Processing /opt/airflow/dags/prod/airbyte_to_dbt_prod.py took 0.141 seconds
[2026-08-26T15:36:46.612+0000] {processor.py:186} INFO - Started process (PID=8106) to work on /opt/airflow/dags/prod/airbyte_to_dbt_prod.py
[2026-08-26T15:36:46.613+0000] {processor.py:914} INFO - Processing file /opt/airflow/dags/prod/airbyte_to_dbt_prod.py for tasks to queue
[2026-08-26T15:36:46.616+0000] {logging_mixin.py:190} INFO - [2026-08-26T15:36:46.616+0000] {dagbag.py:588} INFO - Filling up the DagBag from /opt/airflow/dags/prod/airbyte_to_dbt_prod.py
[2026-08-26T15:36:46.643+0000] {processor.py:925} INFO - DAG(s) 'airbyte_to_dbt_pipeline_prod' retrieved from /opt/airflow/dags/prod/airbyte_to_dbt_prod.py
[2026-08-26T15:36:46.687+0000] {logging_mixin.py:190} INFO - [2026-08-26T15:36:46.686+0000] {dag.py:3239} INFO - Sync 1 DAGs
[2026-08-26T15:36:46.719+0000] {logging_mixin.py:190} INFO - [2026-08-26T15:36:46.719+0000] {dag.py:4180} INFO - Setting next_dagrun for airbyte_to_dbt_pipeline_prod to 2026-08-26 14:00:00+00:00, run_after=2026-08-26 15:00:00+00:00
[2026-08-26T15:36:46.741+0000] {processor.py:208} INFO - Processing /opt/airflow/dags/prod/airbyte_to_dbt_prod.py took 0.140 seconds
[2026-08-26T15:37:16.910+0000] {processor.py:186} INFO - Started process (PID=8116) to work on /opt/airflow/dags/prod/airbyte_to_dbt_prod.py
[2026-08-26T15:37:16.911+0000] {processor.py:914} INFO - Processing file /opt/airflow/dags/prod/airbyte_to_dbt_prod.py for tasks to queue
[2026-08-26T15:37:16.915+0000] {logging_mixin.py:190} INFO - [2026-08-26T15:37:16.914+0000] {dagbag.py:588} INFO - Filling up the DagBag from /opt/airflow/dags/prod/airbyte_to_dbt_prod.py
[2026-08-26T15:37:16.937+0000] {processor.py:925} INFO - DAG(s) 'airbyte_to_dbt_pipeline_prod' retrieved from /opt/airflow/dags/prod/airbyte_to_dbt_prod.py
[2026-08-26T15:37:16.978+0000] {logging_mixin.py:190} INFO - [2026-08-26T15:37:16.977+0000] {dag.py:3239} INFO - Sync 1 DAGs
[2026-08-26T15:37:17.009+0000] {logging_mixin.py:190} INFO - [2026-08-26T15:37:17.009+0000] {dag.py:4180} INFO - Setting next_dagrun for airbyte_to_dbt_pipeline_prod to 2026-08-26 14:00:00+00:00, run_after=2026-08-26 15:00:00+00:00
[2026-08-26T15:37:17.036+0000] {processor.py:208} INFO - Processing /opt/airflow/dags/prod/airbyte_to_dbt_prod.py took 0.135 seconds
[2026-08-26T15:37:47.205+0000] {processor.py:186} INFO - Started process (PID=8126) to work on /opt/airflow/dags/prod/airbyte_to_dbt_prod.py
[2026-08-26T15:37:47.206+0000] {processor.py:914} INFO - Processing file /opt/airflow/dags/prod/airbyte_to_dbt_prod.py for tasks to queue
[2026-08-26T15:37:47.209+0000] {logging_mixin.py:190} INFO - [2026-08-26T15:37:47.208+0000] {dagbag.py:588} INFO - Filling up the DagBag from /opt/airflow/dags/prod/airbyte_to_dbt_prod.py
[2026-08-26T15:37:47.233+0000] {processor.py:925} INFO - DAG(s) 'airbyte_to_dbt_pipeline_prod' retrieved from /opt/airflow/dags/prod/airbyte_to_dbt_prod.py
[2026-08-26T15:37:47.274+0000] {logging_mixin.py:190} INFO - [2026-08-26T15:37:47.274+0000] {dag.py:3239} INFO - Sync 1 DAGs
[2026-08-26T15:37:47.311+0000] {logging_mixin.py:190} INFO - [2026-08-26T15:37:47.311+0000] {dag.py:4180} INFO - Setting next_dagrun for airbyte_to_dbt_pipeline_prod to 2026-08-26 14:00:00+00:00, run_after=2026-08-26 15:00:00+00:00
[2026-08-26T15:37:47.336+0000] {processor.py:208} INFO - Processing /opt/airflow/dags/prod/airbyte_to_dbt_prod.py took 0.140 seconds
[2026-08-26T15:38:17.520+0000] {processor.py:186} INFO - Started process (PID=8136) to work on /opt/airflow/dags/prod/airbyte_to_dbt_prod.py
[2026-08-26T15:38:17.521+0000] {processor.py:914} INFO - Processing file /opt/airflow/dags/prod/airbyte_to_dbt_prod.py for tasks to queue
[2026-08-26T15:38:17.525+0000] {logging_mixin.py:190} INFO - [2026-08-26T15:38:17.524+0000] {dagbag.py:588} INFO - Filling up the DagBag from /opt/airflow/dags/prod/airbyte_to_dbt_prod.py
[2026-08-26T15:38:17.550+0000] {processor.py:925} INFO - DAG(s) 'airbyte_to_dbt_pipeline_prod' retrieved from /opt/airflow/dags/prod/airbyte_to_dbt_prod.py
[2026-08-26T15:38:17.595+0000] {logging_mixin.py:190} INFO - [2026-08-26T15:38:17.594+0000] {dag.py:3239} INFO - Sync 1 DAGs
[2026-08-26T15:38:17.634+0000] {logging_mixin.py:190} INFO - [2026-08-26T15:38:17.634+0000] {dag.py:4180} INFO - Setting next_dagrun for airbyte_to_dbt_pipeline_prod to 2026-08-26 14:00:00+00:00, run_after=2026-08-26 15:00:00+00:00
[2026-08-26T15:38:17.660+0000] {processor.py:208} INFO - Processing /opt/airflow/dags/prod/airbyte_to_dbt_prod.py took 0.149 seconds
[2026-08-26T15:38:47.818+0000] {processor.py:186} INFO - Started process (PID=8146) to work on /opt/airflow/dags/prod/airbyte_to_dbt_prod.py
[2026-08-26T15:38:47.819+0000] {processor.py:914} INFO - Processing file /opt/airflow/dags/prod/airbyte_to_dbt_prod.py for tasks to queue
[2026-08-26T15:38:47.822+0000] {logging_mixin.py:190} INFO - [2026-08-26T15:38:47.821+0000] {dagbag.py:588} INFO - Filling up the DagBag from /opt/airflow/dags/prod/airbyte_to_dbt_prod.py
[2026-08-26T15:38:47.844+0000] {processor.py:925} INFO - DAG(s) 'airbyte_to_dbt_pipeline_prod' retrieved from /opt/airflow/dags/prod/airbyte_to_dbt_prod.py
[2026-08-26T15:38:47.885+0000] {logging_mixin.py:190} INFO - [2026-08-26T15:38:47.885+0000] {dag.py:3239} INFO - Sync 1 DAGs
[2026-08-26T15:38:47.922+0000] {logging_mixin.py:190} INFO - [2026-08-26T15:38:47.922+0000] {dag.py:4180} INFO - Setting next_dagrun for airbyte_to_dbt_pipeline_prod to 2026-08-26 14:00:00+00:00, run_after=2026-08-26 15:00:00+00:00
[2026-08-26T15:38:47.945+0000] {processor.py:208} INFO - Processing /opt/airflow/dags/prod/airbyte_to_dbt_prod.py took 0.136 seconds
[2026-08-26T15:39:18.107+0000] {processor.py:186} INFO - Started process (PID=8156) to work on /opt/airflow/dags/prod/airbyte_to_dbt_prod.py
[2026-08-26T15:39:18.108+0000] {processor.py:914} INFO - Processing file /opt/airflow/dags/prod/airbyte_to_dbt_prod.py for tasks to queue
[2026-08-26T15:39:18.111+0000] {logging_mixin.py:190} INFO - [2026-08-26T15:39:18.110+0000] {dagbag.py:588} INFO - Filling up the DagBag from /opt/airflow/dags/prod/airbyte_to_dbt_prod.py
[2026-08-26T15:39:18.142+0000] {processor.py:925} INFO - DAG(s) 'airbyte_to_dbt_pipeline_prod' retrieved from /opt/airflow/dags/prod/airbyte_to_dbt_prod.py
[2026-08-26T15:39:18.193+0000] {logging_mixin.py:190} INFO - [2026-08-26T15:39:18.192+0000] {dag.py:3239} INFO - Sync 1 DAGs
[2026-08-26T15:39:18.244+0000] {logging_mixin.py:190} INFO - [2026-08-26T15:39:18.244+0000] {dag.py:4180} INFO - Setting next_dagrun for airbyte_to_dbt_pipeline_prod to 2026-08-26 14:00:00+00:00, run_after=2026-08-26 15:00:00+00:00
[2026-08-26T15:39:18.267+0000] {processor.py:208} INFO - Processing /opt/airflow/dags/prod/airbyte_to_dbt_prod.py took 0.171 seconds
[2026-08-26T15:39:48.433+0000] {processor.py:186} INFO - Started process (PID=8166) to work on /opt/airflow/dags/prod/airbyte_to_dbt_prod.py
[2026-08-26T15:39:48.434+0000] {processor.py:914} INFO - Processing file /opt/airflow/dags/prod/airbyte_to_dbt_prod.py for tasks to queue
[2026-08-26T15:39:48.438+0000] {logging_mixin.py:190} INFO - [2026-08-26T15:39:48.438+0000] {dagbag.py:588} INFO - Filling up the DagBag from /opt/airflow/dags/prod/airbyte_to_dbt_prod.py
[2026-08-26T15:39:48.467+0000] {processor.py:925} INFO - DAG(s) 'airbyte_to_dbt_pipeline_prod' retrieved from /opt/airflow/dags/prod/airbyte_to_dbt_prod.py
[2026-08-26T15:39:48.518+0000] {logging_mixin.py:190} INFO - [2026-08-26T15:39:48.518+0000] {dag.py:3239} INFO - Sync 1 DAGs
[2026-08-26T15:39:48.550+0000] {logging_mixin.py:190} INFO - [2026-08-26T15:39:48.550+0000] {dag.py:4180} INFO - Setting next_dagrun for airbyte_to_dbt_pipeline_prod to 2026-08-26 14:00:00+00:00, run_after=2026-08-26 15:00:00+00:00
[2026-08-26T15:39:48.574+0000] {processor.py:208} INFO - Processing /opt/airflow/dags/prod/airbyte_to_dbt_prod.py took 0.152 seconds
[2026-08-26T15:40:18.739+0000] {processor.py:186} INFO - Started process (PID=8176) to work on /opt/airflow/dags/prod/airbyte_to_dbt_prod.py
[2026-08-26T15:40:18.741+0000] {processor.py:914} INFO - Processing file /opt/airflow/dags/prod/airbyte_to_dbt_prod.py for tasks to queue
[2026-08-26T15:40:18.744+0000] {logging_mixin.py:190} INFO - [2026-08-26T15:40:18.743+0000] {dagbag.py:588} INFO - Filling up the DagBag from /opt/airflow/dags/prod/airbyte_to_dbt_prod.py
[2026-08-26T15:40:18.765+0000] {processor.py:925} INFO - DAG(s) 'airbyte_to_dbt_pipeline_prod' retrieved from /opt/airflow/dags/prod/airbyte_to_dbt_prod.py
[2026-08-26T15:40:18.809+0000] {logging_mixin.py:190} INFO - [2026-08-26T15:40:18.808+0000] {dag.py:3239} INFO - Sync 1 DAGs
[2026-08-26T15:40:18.851+0000] {logging_mixin.py:190} INFO - [2026-08-26T15:40:18.850+0000] {dag.py:4180} INFO - Setting next_dagrun for airbyte_to_dbt_pipeline_prod to 2026-08-26 14:00:00+00:00, run_after=2026-08-26 15:00:00+00:00
[2026-08-26T15:40:18.875+0000] {processor.py:208} INFO - Processing /opt/airflow/dags/prod/airbyte_to_dbt_prod.py took 0.145 seconds
[2026-08-26T15:40:49.041+0000] {processor.py:186} INFO - Started process (PID=8186) to work on /opt/airflow/dags/prod/airbyte_to_dbt_prod.py
[2026-08-26T15:40:49.042+0000] {processor.py:914} INFO - Processing file /opt/airflow/dags/prod/airbyte_to_dbt_prod.py for tasks to queue
[2026-08-26T15:40:49.046+0000] {logging_mixin.py:190} INFO - [2026-08-26T15:40:49.045+0000] {dagbag.py:588} INFO - Filling up the DagBag from /opt/airflow/dags/prod/airbyte_to_dbt_prod.py
[2026-08-26T15:40:49.075+0000] {processor.py:925} INFO - DAG(s) 'airbyte_to_dbt_pipeline_prod' retrieved from /opt/airflow/dags/prod/airbyte_to_dbt_prod.py
[2026-08-26T15:40:49.128+0000] {logging_mixin.py:190} INFO - [2026-08-26T15:40:49.128+0000] {dag.py:3239} INFO - Sync 1 DAGs
[2026-08-26T15:40:49.164+0000] {logging_mixin.py:190} INFO - [2026-08-26T15:40:49.164+0000] {dag.py:4180} INFO - Setting next_dagrun for airbyte_to_dbt_pipeline_prod to 2026-08-26 14:00:00+00:00, run_after=2026-08-26 15:00:00+00:00
[2026-08-26T15:40:49.194+0000] {processor.py:208} INFO - Processing /opt/airflow/dags/prod/airbyte_to_dbt_prod.py took 0.162 seconds
[2026-08-26T15:41:19.358+0000] {processor.py:186} INFO - Started process (PID=8196) to work on /opt/airflow/dags/prod/airbyte_to_dbt_prod.py
[2026-08-26T15:41:19.359+0000] {processor.py:914} INFO - Processing file /opt/airflow/dags/prod/airbyte_to_dbt_prod.py for tasks to queue
[2026-08-26T15:41:19.368+0000] {logging_mixin.py:190} INFO - [2026-08-26T15:41:19.367+0000] {dagbag.py:588} INFO - Filling up the DagBag from /opt/airflow/dags/prod/airbyte_to_dbt_prod.py
[2026-08-26T15:41:19.434+0000] {processor.py:925} INFO - DAG(s) 'airbyte_to_dbt_pipeline_prod' retrieved from /opt/airflow/dags/prod/airbyte_to_dbt_prod.py
[2026-08-26T15:41:19.512+0000] {logging_mixin.py:190} INFO - [2026-08-26T15:41:19.511+0000] {dag.py:3239} INFO - Sync 1 DAGs
[2026-08-26T15:41:19.557+0000] {logging_mixin.py:190} INFO - [2026-08-26T15:41:19.557+0000] {dag.py:4180} INFO - Setting next_dagrun for airbyte_to_dbt_pipeline_prod to 2026-08-26 14:00:00+00:00, run_after=2026-08-26 15:00:00+00:00
[2026-08-26T15:41:19.583+0000] {processor.py:208} INFO - Processing /opt/airflow/dags/prod/airbyte_to_dbt_prod.py took 0.234 seconds
[2026-08-26T15:41:49.749+0000] {processor.py:186} INFO - Started process (PID=8206) to work on /opt/airflow/dags/prod/airbyte_to_dbt_prod.py
[2026-08-26T15:41:49.750+0000] {processor.py:914} INFO - Processing file /opt/airflow/dags/prod/airbyte_to_dbt_prod.py for tasks to queue
[2026-08-26T15:41:49.753+0000] {logging_mixin.py:190} INFO - [2026-08-26T15:41:49.753+0000] {dagbag.py:588} INFO - Filling up the DagBag from /opt/airflow/dags/prod/airbyte_to_dbt_prod.py
[2026-08-26T15:41:49.778+0000] {processor.py:925} INFO - DAG(s) 'airbyte_to_dbt_pipeline_prod' retrieved from /opt/airflow/dags/prod/airbyte_to_dbt_prod.py
[2026-08-26T15:41:49.820+0000] {logging_mixin.py:190} INFO - [2026-08-26T15:41:49.819+0000] {dag.py:3239} INFO - Sync 1 DAGs
[2026-08-26T15:41:49.848+0000] {logging_mixin.py:190} INFO - [2026-08-26T15:41:49.848+0000] {dag.py:4180} INFO - Setting next_dagrun for airbyte_to_dbt_pipeline_prod to 2026-08-26 14:00:00+00:00, run_after=2026-08-26 15:00:00+00:00
[2026-08-26T15:41:49.872+0000] {processor.py:208} INFO - Processing /opt/airflow/dags/prod/airbyte_to_dbt_prod.py took 0.131 seconds
[2026-08-26T15:42:20.052+0000] {processor.py:186} INFO - Started process (PID=8216) to work on /opt/airflow/dags/prod/airbyte_to_dbt_prod.py
[2026-08-26T15:42:20.053+0000] {processor.py:914} INFO - Processing file /opt/airflow/dags/prod/airbyte_to_dbt_prod.py for tasks to queue
[2026-08-26T15:42:20.057+0000] {logging_mixin.py:190} INFO - [2026-08-26T15:42:20.057+0000] {dagbag.py:588} INFO - Filling up the DagBag from /opt/airflow/dags/prod/airbyte_to_dbt_prod.py
[2026-08-26T15:42:20.086+0000] {processor.py:925} INFO - DAG(s) 'airbyte_to_dbt_pipeline_prod' retrieved from /opt/airflow/dags/prod/airbyte_to_dbt_prod.py
[2026-08-26T15:42:20.138+0000] {logging_mixin.py:190} INFO - [2026-08-26T15:42:20.137+0000] {dag.py:3239} INFO - Sync 1 DAGs
[2026-08-26T15:42:20.177+0000] {logging_mixin.py:190} INFO - [2026-08-26T15:42:20.177+0000] {dag.py:4180} INFO - Setting next_dagrun for airbyte_to_dbt_pipeline_prod to 2026-08-26 14:00:00+00:00, run_after=2026-08-26 15:00:00+00:00
[2026-08-26T15:42:20.201+0000] {processor.py:208} INFO - Processing /opt/airflow/dags/prod/airbyte_to_dbt_prod.py took 0.159 seconds
[2026-08-26T15:42:50.365+0000] {processor.py:186} INFO - Started process (PID=8226) to work on /opt/airflow/dags/prod/airbyte_to_dbt_prod.py
[2026-08-26T15:42:50.366+0000] {processor.py:914} INFO - Processing file /opt/airflow/dags/prod/airbyte_to_dbt_prod.py for tasks to queue
[2026-08-26T15:42:50.369+0000] {logging_mixin.py:190} INFO - [2026-08-26T15:42:50.368+0000] {dagbag.py:588} INFO - Filling up the DagBag from /opt/airflow/dags/prod/airbyte_to_dbt_prod.py
[2026-08-26T15:42:50.390+0000] {processor.py:925} INFO - DAG(s) 'airbyte_to_dbt_pipeline_prod' retrieved from /opt/airflow/dags/prod/airbyte_to_dbt_prod.py
[2026-08-26T15:42:50.435+0000] {logging_mixin.py:190} INFO - [2026-08-26T15:42:50.434+0000] {dag.py:3239} INFO - Sync 1 DAGs
[2026-08-26T15:42:50.466+0000] {logging_mixin.py:190} INFO - [2026-08-26T15:42:50.466+0000] {dag.py:4180} INFO - Setting next_dagrun for airbyte_to_dbt_pipeline_prod to 2026-08-26 14:00:00+00:00, run_after=2026-08-26 15:00:00+00:00
[2026-08-26T15:42:50.489+0000] {processor.py:208} INFO - Processing /opt/airflow/dags/prod/airbyte_to_dbt_prod.py took 0.135 seconds
[2026-08-26T15:43:20.672+0000] {processor.py:186} INFO - Started process (PID=8236) to work on /opt/airflow/dags/prod/airbyte_to_dbt_prod.py
[2026-08-26T15:43:20.673+0000] {processor.py:914} INFO - Processing file /opt/airflow/dags/prod/airbyte_to_dbt_prod.py for tasks to queue
[2026-08-26T15:43:20.677+0000] {logging_mixin.py:190} INFO - [2026-08-26T15:43:20.677+0000] {dagbag.py:588} INFO - Filling up the DagBag from /opt/airflow/dags/prod/airbyte_to_dbt_prod.py
[2026-08-26T15:43:20.707+0000] {processor.py:925} INFO - DAG(s) 'airbyte_to_dbt_pipeline_prod' retrieved from /opt/airflow/dags/prod/airbyte_to_dbt_prod.py
[2026-08-26T15:43:20.756+0000] {logging_mixin.py:190} INFO - [2026-08-26T15:43:20.755+0000] {dag.py:3239} INFO - Sync 1 DAGs
[2026-08-26T15:43:20.793+0000] {logging_mixin.py:190} INFO - [2026-08-26T15:43:20.793+0000] {dag.py:4180} INFO - Setting next_dagrun for airbyte_to_dbt_pipeline_prod to 2026-08-26 14:00:00+00:00, run_after=2026-08-26 15:00:00+00:00
[2026-08-26T15:43:20.819+0000] {processor.py:208} INFO - Processing /opt/airflow/dags/prod/airbyte_to_dbt_prod.py took 0.159 seconds
[2026-08-26T15:43:50.985+0000] {processor.py:186} INFO - Started process (PID=8246) to work on /opt/airflow/dags/prod/airbyte_to_dbt_prod.py
[2026-08-26T15:43:50.986+0000] {processor.py:914} INFO - Processing file /opt/airflow/dags/prod/airbyte_to_dbt_prod.py for tasks to queue
[2026-08-26T15:43:50.989+0000] {logging_mixin.py:190} INFO - [2026-08-26T15:43:50.989+0000] {dagbag.py:588} INFO - Filling up the DagBag from /opt/airflow/dags/prod/airbyte_to_dbt_prod.py
[2026-08-26T15:43:51.011+0000] {processor.py:925} INFO - DAG(s) 'airbyte_to_dbt_pipeline_prod' retrieved from /opt/airflow/dags/prod/airbyte_to_dbt_prod.py
[2026-08-26T15:43:51.057+0000] {logging_mixin.py:190} INFO - [2026-08-26T15:43:51.057+0000] {dag.py:3239} INFO - Sync 1 DAGs
[2026-08-26T15:43:51.094+0000] {logging_mixin.py:190} INFO - [2026-08-26T15:43:51.094+0000] {dag.py:4180} INFO - Setting next_dagrun for airbyte_to_dbt_pipeline_prod to 2026-08-26 14:00:00+00:00, run_after=2026-08-26 15:00:00+00:00
[2026-08-26T15:43:51.121+0000] {processor.py:208} INFO - Processing /opt/airflow/dags/prod/airbyte_to_dbt_prod.py took 0.145 seconds
[2026-08-26T15:44:21.280+0000] {processor.py:186} INFO - Started process (PID=8256) to work on /opt/airflow/dags/prod/airbyte_to_dbt_prod.py
[2026-08-26T15:44:21.282+0000] {processor.py:914} INFO - Processing file /opt/airflow/dags/prod/airbyte_to_dbt_prod.py for tasks to queue
[2026-08-26T15:44:21.286+0000] {logging_mixin.py:190} INFO - [2026-08-26T15:44:21.285+0000] {dagbag.py:588} INFO - Filling up the DagBag from /opt/airflow/dags/prod/airbyte_to_dbt_prod.py
[2026-08-26T15:44:21.316+0000] {processor.py:925} INFO - DAG(s) 'airbyte_to_dbt_pipeline_prod' retrieved from /opt/airflow/dags/prod/airbyte_to_dbt_prod.py
[2026-08-26T15:44:21.363+0000] {logging_mixin.py:190} INFO - [2026-08-26T15:44:21.363+0000] {dag.py:3239} INFO - Sync 1 DAGs
[2026-08-26T15:44:21.392+0000] {logging_mixin.py:190} INFO - [2026-08-26T15:44:21.392+0000] {dag.py:4180} INFO - Setting next_dagrun for airbyte_to_dbt_pipeline_prod to 2026-08-26 14:00:00+00:00, run_after=2026-08-26 15:00:00+00:00
[2026-08-26T15:44:21.414+0000] {processor.py:208} INFO - Processing /opt/airflow/dags/prod/airbyte_to_dbt_prod.py took 0.144 seconds
[2026-08-26T15:44:51.585+0000] {processor.py:186} INFO - Started process (PID=8266) to work on /opt/airflow/dags/prod/airbyte_to_dbt_prod.py
[2026-08-26T15:44:51.586+0000] {processor.py:914} INFO - Processing file /opt/airflow/dags/prod/airbyte_to_dbt_prod.py for tasks to queue
[2026-08-26T15:44:51.590+0000] {logging_mixin.py:190} INFO - [2026-08-26T15:44:51.590+0000] {dagbag.py:588} INFO - Filling up the DagBag from /opt/airflow/dags/prod/airbyte_to_dbt_prod.py
[2026-08-26T15:44:51.621+0000] {processor.py:925} INFO - DAG(s) 'airbyte_to_dbt_pipeline_prod' retrieved from /opt/airflow/dags/prod/airbyte_to_dbt_prod.py
[2026-08-26T15:44:51.676+0000] {logging_mixin.py:190} INFO - [2026-08-26T15:44:51.676+0000] {dag.py:3239} INFO - Sync 1 DAGs
[2026-08-26T15:44:51.716+0000] {logging_mixin.py:190} INFO - [2026-08-26T15:44:51.715+0000] {dag.py:4180} INFO - Setting next_dagrun for airbyte_to_dbt_pipeline_prod to 2026-08-26 14:00:00+00:00, run_after=2026-08-26 15:00:00+00:00
[2026-08-26T15:44:51.741+0000] {processor.py:208} INFO - Processing /opt/airflow/dags/prod/airbyte_to_dbt_prod.py took 0.167 seconds
[2026-08-26T15:45:21.914+0000] {processor.py:186} INFO - Started process (PID=8276) to work on /opt/airflow/dags/prod/airbyte_to_dbt_prod.py
[2026-08-26T15:45:21.915+0000] {processor.py:914} INFO - Processing file /opt/airflow/dags/prod/airbyte_to_dbt_prod.py for tasks to queue
[2026-08-26T15:45:21.920+0000] {logging_mixin.py:190} INFO - [2026-08-26T15:45:21.919+0000] {dagbag.py:588} INFO - Filling up the DagBag from /opt/airflow/dags/prod/airbyte_to_dbt_prod.py
[2026-08-26T15:45:21.947+0000] {processor.py:925} INFO - DAG(s) 'airbyte_to_dbt_pipeline_prod' retrieved from /opt/airflow/dags/prod/airbyte_to_dbt_prod.py
[2026-08-26T15:45:21.997+0000] {logging_mixin.py:190} INFO - [2026-08-26T15:45:21.997+0000] {dag.py:3239} INFO - Sync 1 DAGs
[2026-08-26T15:45:22.035+0000] {logging_mixin.py:190} INFO - [2026-08-26T15:45:22.035+0000] {dag.py:4180} INFO - Setting next_dagrun for airbyte_to_dbt_pipeline_prod to 2026-08-26 14:00:00+00:00, run_after=2026-08-26 15:00:00+00:00
[2026-08-26T15:45:22.062+0000] {processor.py:208} INFO - Processing /opt/airflow/dags/prod/airbyte_to_dbt_prod.py took 0.161 seconds
[2026-08-26T15:45:52.241+0000] {processor.py:186} INFO - Started process (PID=8286) to work on /opt/airflow/dags/prod/airbyte_to_dbt_prod.py
[2026-08-26T15:45:52.242+0000] {processor.py:914} INFO - Processing file /opt/airflow/dags/prod/airbyte_to_dbt_prod.py for tasks to queue
[2026-08-26T15:45:52.247+0000] {logging_mixin.py:190} INFO - [2026-08-26T15:45:52.246+0000] {dagbag.py:588} INFO - Filling up the DagBag from /opt/airflow/dags/prod/airbyte_to_dbt_prod.py
[2026-08-26T15:45:52.278+0000] {processor.py:925} INFO - DAG(s) 'airbyte_to_dbt_pipeline_prod' retrieved from /opt/airflow/dags/prod/airbyte_to_dbt_prod.py
[2026-08-26T15:45:52.330+0000] {logging_mixin.py:190} INFO - [2026-08-26T15:45:52.330+0000] {dag.py:3239} INFO - Sync 1 DAGs
[2026-08-26T15:45:52.365+0000] {logging_mixin.py:190} INFO - [2026-08-26T15:45:52.365+0000] {dag.py:4180} INFO - Setting next_dagrun for airbyte_to_dbt_pipeline_prod to 2026-08-26 14:00:00+00:00, run_after=2026-08-26 15:00:00+00:00
[2026-08-26T15:45:52.392+0000] {processor.py:208} INFO - Processing /opt/airflow/dags/prod/airbyte_to_dbt_prod.py took 0.164 seconds
[2026-08-26T15:46:22.549+0000] {processor.py:186} INFO - Started process (PID=8296) to work on /opt/airflow/dags/prod/airbyte_to_dbt_prod.py
[2026-08-26T15:46:22.551+0000] {processor.py:914} INFO - Processing file /opt/airflow/dags/prod/airbyte_to_dbt_prod.py for tasks to queue
[2026-08-26T15:46:22.554+0000] {logging_mixin.py:190} INFO - [2026-08-26T15:46:22.553+0000] {dagbag.py:588} INFO - Filling up the DagBag from /opt/airflow/dags/prod/airbyte_to_dbt_prod.py
[2026-08-26T15:46:22.576+0000] {processor.py:925} INFO - DAG(s) 'airbyte_to_dbt_pipeline_prod' retrieved from /opt/airflow/dags/prod/airbyte_to_dbt_prod.py
[2026-08-26T15:46:22.617+0000] {logging_mixin.py:190} INFO - [2026-08-26T15:46:22.617+0000] {dag.py:3239} INFO - Sync 1 DAGs
[2026-08-26T15:46:22.652+0000] {logging_mixin.py:190} INFO - [2026-08-26T15:46:22.652+0000] {dag.py:4180} INFO - Setting next_dagrun for airbyte_to_dbt_pipeline_prod to 2026-08-26 14:00:00+00:00, run_after=2026-08-26 15:00:00+00:00
[2026-08-26T15:46:22.676+0000] {processor.py:208} INFO - Processing /opt/airflow/dags/prod/airbyte_to_dbt_prod.py took 0.135 seconds
[2026-08-26T15:46:52.853+0000] {processor.py:186} INFO - Started process (PID=8306) to work on /opt/airflow/dags/prod/airbyte_to_dbt_prod.py
[2026-08-26T15:46:52.854+0000] {processor.py:914} INFO - Processing file /opt/airflow/dags/prod/airbyte_to_dbt_prod.py for tasks to queue
[2026-08-26T15:46:52.857+0000] {logging_mixin.py:190} INFO - [2026-08-26T15:46:52.856+0000] {dagbag.py:588} INFO - Filling up the DagBag from /opt/airflow/dags/prod/airbyte_to_dbt_prod.py
[2026-08-26T15:46:52.878+0000] {processor.py:925} INFO - DAG(s) 'airbyte_to_dbt_pipeline_prod' retrieved from /opt/airflow/dags/prod/airbyte_to_dbt_prod.py
[2026-08-26T15:46:52.917+0000] {logging_mixin.py:190} INFO - [2026-08-26T15:46:52.917+0000] {dag.py:3239} INFO - Sync 1 DAGs
[2026-08-26T15:46:52.949+0000] {logging_mixin.py:190} INFO - [2026-08-26T15:46:52.949+0000] {dag.py:4180} INFO - Setting next_dagrun for airbyte_to_dbt_pipeline_prod to 2026-08-26 14:00:00+00:00, run_after=2026-08-26 15:00:00+00:00
[2026-08-26T15:46:52.972+0000] {processor.py:208} INFO - Processing /opt/airflow/dags/prod/airbyte_to_dbt_prod.py took 0.128 seconds
[2026-08-26T15:47:23.139+0000] {processor.py:186} INFO - Started process (PID=8316) to work on /opt/airflow/dags/prod/airbyte_to_dbt_prod.py
[2026-08-26T15:47:23.140+0000] {processor.py:914} INFO - Processing file /opt/airflow/dags/prod/airbyte_to_dbt_prod.py for tasks to queue
[2026-08-26T15:47:23.143+0000] {logging_mixin.py:190} INFO - [2026-08-26T15:47:23.142+0000] {dagbag.py:588} INFO - Filling up the DagBag from /opt/airflow/dags/prod/airbyte_to_dbt_prod.py
[2026-08-26T15:47:23.164+0000] {processor.py:925} INFO - DAG(s) 'airbyte_to_dbt_pipeline_prod' retrieved from /opt/airflow/dags/prod/airbyte_to_dbt_prod.py
[2026-08-26T15:47:23.213+0000] {logging_mixin.py:190} INFO - [2026-08-26T15:47:23.212+0000] {dag.py:3239} INFO - Sync 1 DAGs
[2026-08-26T15:47:23.245+0000] {logging_mixin.py:190} INFO - [2026-08-26T15:47:23.245+0000] {dag.py:4180} INFO - Setting next_dagrun for airbyte_to_dbt_pipeline_prod to 2026-08-26 14:00:00+00:00, run_after=2026-08-26 15:00:00+00:00
[2026-08-26T15:47:23.270+0000] {processor.py:208} INFO - Processing /opt/airflow/dags/prod/airbyte_to_dbt_prod.py took 0.140 seconds
[2026-08-26T15:47:53.451+0000] {processor.py:186} INFO - Started process (PID=8326) to work on /opt/airflow/dags/prod/airbyte_to_dbt_prod.py
[2026-08-26T15:47:53.453+0000] {processor.py:914} INFO - Processing file /opt/airflow/dags/prod/airbyte_to_dbt_prod.py for tasks to queue
[2026-08-26T15:47:53.456+0000] {logging_mixin.py:190} INFO - [2026-08-26T15:47:53.456+0000] {dagbag.py:588} INFO - Filling up the DagBag from /opt/airflow/dags/prod/airbyte_to_dbt_prod.py
[2026-08-26T15:47:53.480+0000] {processor.py:925} INFO - DAG(s) 'airbyte_to_dbt_pipeline_prod' retrieved from /opt/airflow/dags/prod/airbyte_to_dbt_prod.py
[2026-08-26T15:47:53.524+0000] {logging_mixin.py:190} INFO - [2026-08-26T15:47:53.524+0000] {dag.py:3239} INFO - Sync 1 DAGs
[2026-08-26T15:47:53.557+0000] {logging_mixin.py:190} INFO - [2026-08-26T15:47:53.557+0000] {dag.py:4180} INFO - Setting next_dagrun for airbyte_to_dbt_pipeline_prod to 2026-08-26 14:00:00+00:00, run_after=2026-08-26 15:00:00+00:00
[2026-08-26T15:47:53.579+0000] {processor.py:208} INFO - Processing /opt/airflow/dags/prod/airbyte_to_dbt_prod.py took 0.138 seconds
[2026-08-26T15:48:23.737+0000] {processor.py:186} INFO - Started process (PID=8336) to work on /opt/airflow/dags/prod/airbyte_to_dbt_prod.py
[2026-08-26T15:48:23.738+0000] {processor.py:914} INFO - Processing file /opt/airflow/dags/prod/airbyte_to_dbt_prod.py for tasks to queue
[2026-08-26T15:48:23.741+0000] {logging_mixin.py:190} INFO - [2026-08-26T15:48:23.741+0000] {dagbag.py:588} INFO - Filling up the DagBag from /opt/airflow/dags/prod/airbyte_to_dbt_prod.py
[2026-08-26T15:48:23.764+0000] {processor.py:925} INFO - DAG(s) 'airbyte_to_dbt_pipeline_prod' retrieved from /opt/airflow/dags/prod/airbyte_to_dbt_prod.py
[2026-08-26T15:48:23.821+0000] {logging_mixin.py:190} INFO - [2026-08-26T15:48:23.820+0000] {dag.py:3239} INFO - Sync 1 DAGs
[2026-08-26T15:48:23.857+0000] {logging_mixin.py:190} INFO - [2026-08-26T15:48:23.857+0000] {dag.py:4180} INFO - Setting next_dagrun for airbyte_to_dbt_pipeline_prod to 2026-08-26 14:00:00+00:00, run_after=2026-08-26 15:00:00+00:00
[2026-08-26T15:48:23.881+0000] {processor.py:208} INFO - Processing /opt/airflow/dags/prod/airbyte_to_dbt_prod.py took 0.152 seconds
[2026-08-26T15:48:54.050+0000] {processor.py:186} INFO - Started process (PID=8346) to work on /opt/airflow/dags/prod/airbyte_to_dbt_prod.py
[2026-08-26T15:48:54.051+0000] {processor.py:914} INFO - Processing file /opt/airflow/dags/prod/airbyte_to_dbt_prod.py for tasks to queue
[2026-08-26T15:48:54.055+0000] {logging_mixin.py:190} INFO - [2026-08-26T15:48:54.054+0000] {dagbag.py:588} INFO - Filling up the DagBag from /opt/airflow/dags/prod/airbyte_to_dbt_prod.py
[2026-08-26T15:48:54.081+0000] {processor.py:925} INFO - DAG(s) 'airbyte_to_dbt_pipeline_prod' retrieved from /opt/airflow/dags/prod/airbyte_to_dbt_prod.py
[2026-08-26T15:48:54.129+0000] {logging_mixin.py:190} INFO - [2026-08-26T15:48:54.129+0000] {dag.py:3239} INFO - Sync 1 DAGs
[2026-08-26T15:48:54.161+0000] {logging_mixin.py:190} INFO - [2026-08-26T15:48:54.161+0000] {dag.py:4180} INFO - Setting next_dagrun for airbyte_to_dbt_pipeline_prod to 2026-08-26 14:00:00+00:00, run_after=2026-08-26 15:00:00+00:00
[2026-08-26T15:48:54.189+0000] {processor.py:208} INFO - Processing /opt/airflow/dags/prod/airbyte_to_dbt_prod.py took 0.147 seconds
[2026-08-26T15:49:24.354+0000] {processor.py:186} INFO - Started process (PID=8356) to work on /opt/airflow/dags/prod/airbyte_to_dbt_prod.py
[2026-08-26T15:49:24.355+0000] {processor.py:914} INFO - Processing file /opt/airflow/dags/prod/airbyte_to_dbt_prod.py for tasks to queue
[2026-08-26T15:49:24.359+0000] {logging_mixin.py:190} INFO - [2026-08-26T15:49:24.358+0000] {dagbag.py:588} INFO - Filling up the DagBag from /opt/airflow/dags/prod/airbyte_to_dbt_prod.py
[2026-08-26T15:49:24.380+0000] {processor.py:925} INFO - DAG(s) 'airbyte_to_dbt_pipeline_prod' retrieved from /opt/airflow/dags/prod/airbyte_to_dbt_prod.py
[2026-08-26T15:49:24.432+0000] {logging_mixin.py:190} INFO - [2026-08-26T15:49:24.432+0000] {dag.py:3239} INFO - Sync 1 DAGs
[2026-08-26T15:49:24.469+0000] {logging_mixin.py:190} INFO - [2026-08-26T15:49:24.468+0000] {dag.py:4180} INFO - Setting next_dagrun for airbyte_to_dbt_pipeline_prod to 2026-08-26 14:00:00+00:00, run_after=2026-08-26 15:00:00+00:00
[2026-08-26T15:49:24.493+0000] {processor.py:208} INFO - Processing /opt/airflow/dags/prod/airbyte_to_dbt_prod.py took 0.150 seconds
[2026-08-26T15:49:54.651+0000] {processor.py:186} INFO - Started process (PID=8366) to work on /opt/airflow/dags/prod/airbyte_to_dbt_prod.py
[2026-08-26T15:49:54.652+0000] {processor.py:914} INFO - Processing file /opt/airflow/dags/prod/airbyte_to_dbt_prod.py for tasks to queue
[2026-08-26T15:49:54.655+0000] {logging_mixin.py:190} INFO - [2026-08-26T15:49:54.655+0000] {dagbag.py:588} INFO - Filling up the DagBag from /opt/airflow/dags/prod/airbyte_to_dbt_prod.py
[2026-08-26T15:49:54.677+0000] {processor.py:925} INFO - DAG(s) 'airbyte_to_dbt_pipeline_prod' retrieved from /opt/airflow/dags/prod/airbyte_to_dbt_prod.py
[2026-08-26T15:49:54.716+0000] {logging_mixin.py:190} INFO - [2026-08-26T15:49:54.716+0000] {dag.py:3239} INFO - Sync 1 DAGs
[2026-08-26T15:49:54.750+0000] {logging_mixin.py:190} INFO - [2026-08-26T15:49:54.749+0000] {dag.py:4180} INFO - Setting next_dagrun for airbyte_to_dbt_pipeline_prod to 2026-08-26 14:00:00+00:00, run_after=2026-08-26 15:00:00+00:00
[2026-08-26T15:49:54.774+0000] {processor.py:208} INFO - Processing /opt/airflow/dags/prod/airbyte_to_dbt_prod.py took 0.132 seconds
[2026-08-26T15:50:24.944+0000] {processor.py:186} INFO - Started process (PID=8376) to work on /opt/airflow/dags/prod/airbyte_to_dbt_prod.py
[2026-08-26T15:50:24.945+0000] {processor.py:914} INFO - Processing file /opt/airflow/dags/prod/airbyte_to_dbt_prod.py for tasks to queue
[2026-08-26T15:50:24.948+0000] {logging_mixin.py:190} INFO - [2026-08-26T15:50:24.947+0000] {dagbag.py:588} INFO - Filling up the DagBag from /opt/airflow/dags/prod/airbyte_to_dbt_prod.py
[2026-08-26T15:50:24.970+0000] {processor.py:925} INFO - DAG(s) 'airbyte_to_dbt_pipeline_prod' retrieved from /opt/airflow/dags/prod/airbyte_to_dbt_prod.py
[2026-08-26T15:50:25.011+0000] {logging_mixin.py:190} INFO - [2026-08-26T15:50:25.011+0000] {dag.py:3239} INFO - Sync 1 DAGs
[2026-08-26T15:50:25.042+0000] {logging_mixin.py:190} INFO - [2026-08-26T15:50:25.042+0000] {dag.py:4180} INFO - Setting next_dagrun for airbyte_to_dbt_pipeline_prod to 2026-08-26 14:00:00+00:00, run_after=2026-08-26 15:00:00+00:00
[2026-08-26T15:50:25.065+0000] {processor.py:208} INFO - Processing /opt/airflow/dags/prod/airbyte_to_dbt_prod.py took 0.130 seconds
[2026-08-26T15:50:55.244+0000] {processor.py:186} INFO - Started process (PID=8386) to work on /opt/airflow/dags/prod/airbyte_to_dbt_prod.py
[2026-08-26T15:50:55.245+0000] {processor.py:914} INFO - Processing file /opt/airflow/dags/prod/airbyte_to_dbt_prod.py for tasks to queue
[2026-08-26T15:50:55.249+0000] {logging_mixin.py:190} INFO - [2026-08-26T15:50:55.249+0000] {dagbag.py:588} INFO - Filling up the DagBag from /opt/airflow/dags/prod/airbyte_to_dbt_prod.py
[2026-08-26T15:50:55.279+0000] {processor.py:925} INFO - DAG(s) 'airbyte_to_dbt_pipeline_prod' retrieved from /opt/airflow/dags/prod/airbyte_to_dbt_prod.py
[2026-08-26T15:50:55.328+0000] {logging_mixin.py:190} INFO - [2026-08-26T15:50:55.328+0000] {dag.py:3239} INFO - Sync 1 DAGs
[2026-08-26T15:50:55.364+0000] {logging_mixin.py:190} INFO - [2026-08-26T15:50:55.363+0000] {dag.py:4180} INFO - Setting next_dagrun for airbyte_to_dbt_pipeline_prod to 2026-08-26 14:00:00+00:00, run_after=2026-08-26 15:00:00+00:00
[2026-08-26T15:50:55.387+0000] {processor.py:208} INFO - Processing /opt/airflow/dags/prod/airbyte_to_dbt_prod.py took 0.155 seconds
[2026-08-26T15:51:25.545+0000] {processor.py:186} INFO - Started process (PID=8396) to work on /opt/airflow/dags/prod/airbyte_to_dbt_prod.py
[2026-08-26T15:51:25.546+0000] {processor.py:914} INFO - Processing file /opt/airflow/dags/prod/airbyte_to_dbt_prod.py for tasks to queue
[2026-08-26T15:51:25.550+0000] {logging_mixin.py:190} INFO - [2026-08-26T15:51:25.549+0000] {dagbag.py:588} INFO - Filling up the DagBag from /opt/airflow/dags/prod/airbyte_to_dbt_prod.py
[2026-08-26T15:51:25.572+0000] {processor.py:925} INFO - DAG(s) 'airbyte_to_dbt_pipeline_prod' retrieved from /opt/airflow/dags/prod/airbyte_to_dbt_prod.py
[2026-08-26T15:51:25.622+0000] {logging_mixin.py:190} INFO - [2026-08-26T15:51:25.622+0000] {dag.py:3239} INFO - Sync 1 DAGs
[2026-08-26T15:51:25.660+0000] {logging_mixin.py:190} INFO - [2026-08-26T15:51:25.660+0000] {dag.py:4180} INFO - Setting next_dagrun for airbyte_to_dbt_pipeline_prod to 2026-08-26 14:00:00+00:00, run_after=2026-08-26 15:00:00+00:00
[2026-08-26T15:51:25.684+0000] {processor.py:208} INFO - Processing /opt/airflow/dags/prod/airbyte_to_dbt_prod.py took 0.147 seconds
[2026-08-26T15:51:55.851+0000] {processor.py:186} INFO - Started process (PID=8406) to work on /opt/airflow/dags/prod/airbyte_to_dbt_prod.py
[2026-08-26T15:51:55.853+0000] {processor.py:914} INFO - Processing file /opt/airflow/dags/prod/airbyte_to_dbt_prod.py for tasks to queue
[2026-08-26T15:51:55.857+0000] {logging_mixin.py:190} INFO - [2026-08-26T15:51:55.856+0000] {dagbag.py:588} INFO - Filling up the DagBag from /opt/airflow/dags/prod/airbyte_to_dbt_prod.py
[2026-08-26T15:51:55.885+0000] {processor.py:925} INFO - DAG(s) 'airbyte_to_dbt_pipeline_prod' retrieved from /opt/airflow/dags/prod/airbyte_to_dbt_prod.py
[2026-08-26T15:51:55.929+0000] {logging_mixin.py:190} INFO - [2026-08-26T15:51:55.929+0000] {dag.py:3239} INFO - Sync 1 DAGs
[2026-08-26T15:51:55.959+0000] {logging_mixin.py:190} INFO - [2026-08-26T15:51:55.959+0000] {dag.py:4180} INFO - Setting next_dagrun for airbyte_to_dbt_pipeline_prod to 2026-08-26 14:00:00+00:00, run_after=2026-08-26 15:00:00+00:00
[2026-08-26T15:51:55.982+0000] {processor.py:208} INFO - Processing /opt/airflow/dags/prod/airbyte_to_dbt_prod.py took 0.142 seconds
[2026-08-26T15:52:26.144+0000] {processor.py:186} INFO - Started process (PID=8416) to work on /opt/airflow/dags/prod/airbyte_to_dbt_prod.py
[2026-08-26T15:52:26.145+0000] {processor.py:914} INFO - Processing file /opt/airflow/dags/prod/airbyte_to_dbt_prod.py for tasks to queue
[2026-08-26T15:52:26.148+0000] {logging_mixin.py:190} INFO - [2026-08-26T15:52:26.148+0000] {dagbag.py:588} INFO - Filling up the DagBag from /opt/airflow/dags/prod/airbyte_to_dbt_prod.py
[2026-08-26T15:52:26.170+0000] {processor.py:925} INFO - DAG(s) 'airbyte_to_dbt_pipeline_prod' retrieved from /opt/airflow/dags/prod/airbyte_to_dbt_prod.py
[2026-08-26T15:52:26.220+0000] {logging_mixin.py:190} INFO - [2026-08-26T15:52:26.220+0000] {dag.py:3239} INFO - Sync 1 DAGs
[2026-08-26T15:52:26.259+0000] {logging_mixin.py:190} INFO - [2026-08-26T15:52:26.259+0000] {dag.py:4180} INFO - Setting next_dagrun for airbyte_to_dbt_pipeline_prod to 2026-08-26 14:00:00+00:00, run_after=2026-08-26 15:00:00+00:00
[2026-08-26T15:52:26.285+0000] {processor.py:208} INFO - Processing /opt/airflow/dags/prod/airbyte_to_dbt_prod.py took 0.150 seconds
[2026-08-26T15:52:56.458+0000] {processor.py:186} INFO - Started process (PID=8426) to work on /opt/airflow/dags/prod/airbyte_to_dbt_prod.py
[2026-08-26T15:52:56.459+0000] {processor.py:914} INFO - Processing file /opt/airflow/dags/prod/airbyte_to_dbt_prod.py for tasks to queue
[2026-08-26T15:52:56.462+0000] {logging_mixin.py:190} INFO - [2026-08-26T15:52:56.462+0000] {dagbag.py:588} INFO - Filling up the DagBag from /opt/airflow/dags/prod/airbyte_to_dbt_prod.py
[2026-08-26T15:52:56.487+0000] {processor.py:925} INFO - DAG(s) 'airbyte_to_dbt_pipeline_prod' retrieved from /opt/airflow/dags/prod/airbyte_to_dbt_prod.py
[2026-08-26T15:52:56.530+0000] {logging_mixin.py:190} INFO - [2026-08-26T15:52:56.529+0000] {dag.py:3239} INFO - Sync 1 DAGs
[2026-08-26T15:52:56.565+0000] {logging_mixin.py:190} INFO - [2026-08-26T15:52:56.565+0000] {dag.py:4180} INFO - Setting next_dagrun for airbyte_to_dbt_pipeline_prod to 2026-08-26 14:00:00+00:00, run_after=2026-08-26 15:00:00+00:00
[2026-08-26T15:52:56.586+0000] {processor.py:208} INFO - Processing /opt/airflow/dags/prod/airbyte_to_dbt_prod.py took 0.137 seconds
[2026-08-26T15:53:26.761+0000] {processor.py:186} INFO - Started process (PID=8436) to work on /opt/airflow/dags/prod/airbyte_to_dbt_prod.py
[2026-08-26T15:53:26.762+0000] {processor.py:914} INFO - Processing file /opt/airflow/dags/prod/airbyte_to_dbt_prod.py for tasks to queue
[2026-08-26T15:53:26.765+0000] {logging_mixin.py:190} INFO - [2026-08-26T15:53:26.764+0000] {dagbag.py:588} INFO - Filling up the DagBag from /opt/airflow/dags/prod/airbyte_to_dbt_prod.py
[2026-08-26T15:53:26.788+0000] {processor.py:925} INFO - DAG(s) 'airbyte_to_dbt_pipeline_prod' retrieved from /opt/airflow/dags/prod/airbyte_to_dbt_prod.py
[2026-08-26T15:53:26.833+0000] {logging_mixin.py:190} INFO - [2026-08-26T15:53:26.833+0000] {dag.py:3239} INFO - Sync 1 DAGs
[2026-08-26T15:53:26.870+0000] {logging_mixin.py:190} INFO - [2026-08-26T15:53:26.870+0000] {dag.py:4180} INFO - Setting next_dagrun for airbyte_to_dbt_pipeline_prod to 2026-08-26 14:00:00+00:00, run_after=2026-08-26 15:00:00+00:00
[2026-08-26T15:53:26.893+0000] {processor.py:208} INFO - Processing /opt/airflow/dags/prod/airbyte_to_dbt_prod.py took 0.141 seconds
[2026-08-26T15:53:57.058+0000] {processor.py:186} INFO - Started process (PID=8446) to work on /opt/airflow/dags/prod/airbyte_to_dbt_prod.py
[2026-08-26T15:53:57.060+0000] {processor.py:914} INFO - Processing file /opt/airflow/dags/prod/airbyte_to_dbt_prod.py for tasks to queue
[2026-08-26T15:53:57.064+0000] {logging_mixin.py:190} INFO - [2026-08-26T15:53:57.064+0000] {dagbag.py:588} INFO - Filling up the DagBag from /opt/airflow/dags/prod/airbyte_to_dbt_prod.py
[2026-08-26T15:53:57.092+0000] {processor.py:925} INFO - DAG(s) 'airbyte_to_dbt_pipeline_prod' retrieved from /opt/airflow/dags/prod/airbyte_to_dbt_prod.py
[2026-08-26T15:53:57.130+0000] {logging_mixin.py:190} INFO - [2026-08-26T15:53:57.130+0000] {dag.py:3239} INFO - Sync 1 DAGs
[2026-08-26T15:53:57.157+0000] {logging_mixin.py:190} INFO - [2026-08-26T15:53:57.157+0000] {dag.py:4180} INFO - Setting next_dagrun for airbyte_to_dbt_pipeline_prod to 2026-08-26 14:00:00+00:00, run_after=2026-08-26 15:00:00+00:00
[2026-08-26T15:53:57.184+0000] {processor.py:208} INFO - Processing /opt/airflow/dags/prod/airbyte_to_dbt_prod.py took 0.137 seconds
[2026-08-26T15:54:27.354+0000] {processor.py:186} INFO - Started process (PID=8456) to work on /opt/airflow/dags/prod/airbyte_to_dbt_prod.py
[2026-08-26T15:54:27.355+0000] {processor.py:914} INFO - Processing file /opt/airflow/dags/prod/airbyte_to_dbt_prod.py for tasks to queue
[2026-08-26T15:54:27.359+0000] {logging_mixin.py:190} INFO - [2026-08-26T15:54:27.358+0000] {dagbag.py:588} INFO - Filling up the DagBag from /opt/airflow/dags/prod/airbyte_to_dbt_prod.py
[2026-08-26T15:54:27.381+0000] {processor.py:925} INFO - DAG(s) 'airbyte_to_dbt_pipeline_prod' retrieved from /opt/airflow/dags/prod/airbyte_to_dbt_prod.py
[2026-08-26T15:54:27.431+0000] {logging_mixin.py:190} INFO - [2026-08-26T15:54:27.431+0000] {dag.py:3239} INFO - Sync 1 DAGs
[2026-08-26T15:54:27.470+0000] {logging_mixin.py:190} INFO - [2026-08-26T15:54:27.470+0000] {dag.py:4180} INFO - Setting next_dagrun for airbyte_to_dbt_pipeline_prod to 2026-08-26 14:00:00+00:00, run_after=2026-08-26 15:00:00+00:00
[2026-08-26T15:54:27.492+0000] {processor.py:208} INFO - Processing /opt/airflow/dags/prod/airbyte_to_dbt_prod.py took 0.147 seconds
[2026-08-26T15:54:57.662+0000] {processor.py:186} INFO - Started process (PID=8466) to work on /opt/airflow/dags/prod/airbyte_to_dbt_prod.py
[2026-08-26T15:54:57.663+0000] {processor.py:914} INFO - Processing file /opt/airflow/dags/prod/airbyte_to_dbt_prod.py for tasks to queue
[2026-08-26T15:54:57.666+0000] {logging_mixin.py:190} INFO - [2026-08-26T15:54:57.665+0000] {dagbag.py:588} INFO - Filling up the DagBag from /opt/airflow/dags/prod/airbyte_to_dbt_prod.py
[2026-08-26T15:54:57.687+0000] {processor.py:925} INFO - DAG(s) 'airbyte_to_dbt_pipeline_prod' retrieved from /opt/airflow/dags/prod/airbyte_to_dbt_prod.py
[2026-08-26T15:54:57.737+0000] {logging_mixin.py:190} INFO - [2026-08-26T15:54:57.737+0000] {dag.py:3239} INFO - Sync 1 DAGs
[2026-08-26T15:54:57.775+0000] {logging_mixin.py:190} INFO - [2026-08-26T15:54:57.775+0000] {dag.py:4180} INFO - Setting next_dagrun for airbyte_to_dbt_pipeline_prod to 2026-08-26 14:00:00+00:00, run_after=2026-08-26 15:00:00+00:00
[2026-08-26T15:54:57.801+0000] {processor.py:208} INFO - Processing /opt/airflow/dags/prod/airbyte_to_dbt_prod.py took 0.148 seconds
[2026-08-26T15:55:27.959+0000] {processor.py:186} INFO - Started process (PID=8476) to work on /opt/airflow/dags/prod/airbyte_to_dbt_prod.py
[2026-08-26T15:55:27.960+0000] {processor.py:914} INFO - Processing file /opt/airflow/dags/prod/airbyte_to_dbt_prod.py for tasks to queue
[2026-08-26T15:55:27.963+0000] {logging_mixin.py:190} INFO - [2026-08-26T15:55:27.963+0000] {dagbag.py:588} INFO - Filling up the DagBag from /opt/airflow/dags/prod/airbyte_to_dbt_prod.py
[2026-08-26T15:55:27.986+0000] {processor.py:925} INFO - DAG(s) 'airbyte_to_dbt_pipeline_prod' retrieved from /opt/airflow/dags/prod/airbyte_to_dbt_prod.py
[2026-08-26T15:55:28.028+0000] {logging_mixin.py:190} INFO - [2026-08-26T15:55:28.028+0000] {dag.py:3239} INFO - Sync 1 DAGs
[2026-08-26T15:55:28.060+0000] {logging_mixin.py:190} INFO - [2026-08-26T15:55:28.060+0000] {dag.py:4180} INFO - Setting next_dagrun for airbyte_to_dbt_pipeline_prod to 2026-08-26 14:00:00+00:00, run_after=2026-08-26 15:00:00+00:00
[2026-08-26T15:55:28.088+0000] {processor.py:208} INFO - Processing /opt/airflow/dags/prod/airbyte_to_dbt_prod.py took 0.138 seconds
[2026-08-26T15:55:58.270+0000] {processor.py:186} INFO - Started process (PID=8486) to work on /opt/airflow/dags/prod/airbyte_to_dbt_prod.py
[2026-08-26T15:55:58.271+0000] {processor.py:914} INFO - Processing file /opt/airflow/dags/prod/airbyte_to_dbt_prod.py for tasks to queue
[2026-08-26T15:55:58.275+0000] {logging_mixin.py:190} INFO - [2026-08-26T15:55:58.274+0000] {dagbag.py:588} INFO - Filling up the DagBag from /opt/airflow/dags/prod/airbyte_to_dbt_prod.py
[2026-08-26T15:55:58.304+0000] {processor.py:925} INFO - DAG(s) 'airbyte_to_dbt_pipeline_prod' retrieved from /opt/airflow/dags/prod/airbyte_to_dbt_prod.py
[2026-08-26T15:55:58.344+0000] {logging_mixin.py:190} INFO - [2026-08-26T15:55:58.344+0000] {dag.py:3239} INFO - Sync 1 DAGs
[2026-08-26T15:55:58.373+0000] {logging_mixin.py:190} INFO - [2026-08-26T15:55:58.373+0000] {dag.py:4180} INFO - Setting next_dagrun for airbyte_to_dbt_pipeline_prod to 2026-08-26 14:00:00+00:00, run_after=2026-08-26 15:00:00+00:00
[2026-08-26T15:55:58.399+0000] {processor.py:208} INFO - Processing /opt/airflow/dags/prod/airbyte_to_dbt_prod.py took 0.140 seconds
[2026-08-26T15:56:28.564+0000] {processor.py:186} INFO - Started process (PID=8496) to work on /opt/airflow/dags/prod/airbyte_to_dbt_prod.py
[2026-08-26T15:56:28.565+0000] {processor.py:914} INFO - Processing file /opt/airflow/dags/prod/airbyte_to_dbt_prod.py for tasks to queue
[2026-08-26T15:56:28.569+0000] {logging_mixin.py:190} INFO - [2026-08-26T15:56:28.568+0000] {dagbag.py:588} INFO - Filling up the DagBag from /opt/airflow/dags/prod/airbyte_to_dbt_prod.py
[2026-08-26T15:56:28.590+0000] {processor.py:925} INFO - DAG(s) 'airbyte_to_dbt_pipeline_prod' retrieved from /opt/airflow/dags/prod/airbyte_to_dbt_prod.py
[2026-08-26T15:56:28.642+0000] {logging_mixin.py:190} INFO - [2026-08-26T15:56:28.642+0000] {dag.py:3239} INFO - Sync 1 DAGs
[2026-08-26T15:56:28.679+0000] {logging_mixin.py:190} INFO - [2026-08-26T15:56:28.679+0000] {dag.py:4180} INFO - Setting next_dagrun for airbyte_to_dbt_pipeline_prod to 2026-08-26 14:00:00+00:00, run_after=2026-08-26 15:00:00+00:00
[2026-08-26T15:56:28.703+0000] {processor.py:208} INFO - Processing /opt/airflow/dags/prod/airbyte_to_dbt_prod.py took 0.147 seconds
[2026-08-26T15:56:58.864+0000] {processor.py:186} INFO - Started process (PID=8506) to work on /opt/airflow/dags/prod/airbyte_to_dbt_prod.py
[2026-08-26T15:56:58.865+0000] {processor.py:914} INFO - Processing file /opt/airflow/dags/prod/airbyte_to_dbt_prod.py for tasks to queue
[2026-08-26T15:56:58.868+0000] {logging_mixin.py:190} INFO - [2026-08-26T15:56:58.868+0000] {dagbag.py:588} INFO - Filling up the DagBag from /opt/airflow/dags/prod/airbyte_to_dbt_prod.py
[2026-08-26T15:56:58.891+0000] {processor.py:925} INFO - DAG(s) 'airbyte_to_dbt_pipeline_prod' retrieved from /opt/airflow/dags/prod/airbyte_to_dbt_prod.py
[2026-08-26T15:56:58.936+0000] {logging_mixin.py:190} INFO - [2026-08-26T15:56:58.936+0000] {dag.py:3239} INFO - Sync 1 DAGs
[2026-08-26T15:56:58.983+0000] {logging_mixin.py:190} INFO - [2026-08-26T15:56:58.983+0000] {dag.py:4180} INFO - Setting next_dagrun for airbyte_to_dbt_pipeline_prod to 2026-08-26 14:00:00+00:00, run_after=2026-08-26 15:00:00+00:00
[2026-08-26T15:56:59.008+0000] {processor.py:208} INFO - Processing /opt/airflow/dags/prod/airbyte_to_dbt_prod.py took 0.152 seconds
[2026-08-26T15:57:29.188+0000] {processor.py:186} INFO - Started process (PID=8516) to work on /opt/airflow/dags/prod/airbyte_to_dbt_prod.py
[2026-08-26T15:57:29.189+0000] {processor.py:914} INFO - Processing file /opt/airflow/dags/prod/airbyte_to_dbt_prod.py for tasks to queue
[2026-08-26T15:57:29.192+0000] {logging_mixin.py:190} INFO - [2026-08-26T15:57:29.192+0000] {dagbag.py:588} INFO - Filling up the DagBag from /opt/airflow/dags/prod/airbyte_to_dbt_prod.py
[2026-08-26T15:57:29.216+0000] {processor.py:925} INFO - DAG(s) 'airbyte_to_dbt_pipeline_prod' retrieved from /opt/airflow/dags/prod/airbyte_to_dbt_prod.py
[2026-08-26T15:57:29.257+0000] {logging_mixin.py:190} INFO - [2026-08-26T15:57:29.256+0000] {dag.py:3239} INFO - Sync 1 DAGs
[2026-08-26T15:57:29.293+0000] {logging_mixin.py:190} INFO - [2026-08-26T15:57:29.293+0000] {dag.py:4180} INFO - Setting next_dagrun for airbyte_to_dbt_pipeline_prod to 2026-08-26 14:00:00+00:00, run_after=2026-08-26 15:00:00+00:00
[2026-08-26T15:57:29.324+0000] {processor.py:208} INFO - Processing /opt/airflow/dags/prod/airbyte_to_dbt_prod.py took 0.145 seconds
[2026-08-26T15:57:59.516+0000] {processor.py:186} INFO - Started process (PID=8526) to work on /opt/airflow/dags/prod/airbyte_to_dbt_prod.py
[2026-08-26T15:57:59.517+0000] {processor.py:914} INFO - Processing file /opt/airflow/dags/prod/airbyte_to_dbt_prod.py for tasks to queue
[2026-08-26T15:57:59.521+0000] {logging_mixin.py:190} INFO - [2026-08-26T15:57:59.520+0000] {dagbag.py:588} INFO - Filling up the DagBag from /opt/airflow/dags/prod/airbyte_to_dbt_prod.py
[2026-08-26T15:57:59.562+0000] {processor.py:925} INFO - DAG(s) 'airbyte_to_dbt_pipeline_prod' retrieved from /opt/airflow/dags/prod/airbyte_to_dbt_prod.py
[2026-08-26T15:57:59.654+0000] {logging_mixin.py:190} INFO - [2026-08-26T15:57:59.653+0000] {dag.py:3239} INFO - Sync 1 DAGs
[2026-08-26T15:57:59.708+0000] {logging_mixin.py:190} INFO - [2026-08-26T15:57:59.708+0000] {dag.py:4180} INFO - Setting next_dagrun for airbyte_to_dbt_pipeline_prod to 2026-08-26 14:00:00+00:00, run_after=2026-08-26 15:00:00+00:00
[2026-08-26T15:57:59.733+0000] {processor.py:208} INFO - Processing /opt/airflow/dags/prod/airbyte_to_dbt_prod.py took 0.227 seconds
[2026-08-26T15:58:29.914+0000] {processor.py:186} INFO - Started process (PID=8536) to work on /opt/airflow/dags/prod/airbyte_to_dbt_prod.py
[2026-08-26T15:58:29.915+0000] {processor.py:914} INFO - Processing file /opt/airflow/dags/prod/airbyte_to_dbt_prod.py for tasks to queue
[2026-08-26T15:58:29.919+0000] {logging_mixin.py:190} INFO - [2026-08-26T15:58:29.918+0000] {dagbag.py:588} INFO - Filling up the DagBag from /opt/airflow/dags/prod/airbyte_to_dbt_prod.py
[2026-08-26T15:58:29.940+0000] {processor.py:925} INFO - DAG(s) 'airbyte_to_dbt_pipeline_prod' retrieved from /opt/airflow/dags/prod/airbyte_to_dbt_prod.py
[2026-08-26T15:58:29.989+0000] {logging_mixin.py:190} INFO - [2026-08-26T15:58:29.989+0000] {dag.py:3239} INFO - Sync 1 DAGs
[2026-08-26T15:58:30.017+0000] {logging_mixin.py:190} INFO - [2026-08-26T15:58:30.017+0000] {dag.py:4180} INFO - Setting next_dagrun for airbyte_to_dbt_pipeline_prod to 2026-08-26 14:00:00+00:00, run_after=2026-08-26 15:00:00+00:00
[2026-08-26T15:58:30.040+0000] {processor.py:208} INFO - Processing /opt/airflow/dags/prod/airbyte_to_dbt_prod.py took 0.134 seconds
[2026-08-26T15:59:00.207+0000] {processor.py:186} INFO - Started process (PID=8546) to work on /opt/airflow/dags/prod/airbyte_to_dbt_prod.py
[2026-08-26T15:59:00.208+0000] {processor.py:914} INFO - Processing file /opt/airflow/dags/prod/airbyte_to_dbt_prod.py for tasks to queue
[2026-08-26T15:59:00.211+0000] {logging_mixin.py:190} INFO - [2026-08-26T15:59:00.210+0000] {dagbag.py:588} INFO - Filling up the DagBag from /opt/airflow/dags/prod/airbyte_to_dbt_prod.py
[2026-08-26T15:59:00.233+0000] {processor.py:925} INFO - DAG(s) 'airbyte_to_dbt_pipeline_prod' retrieved from /opt/airflow/dags/prod/airbyte_to_dbt_prod.py
[2026-08-26T15:59:00.274+0000] {logging_mixin.py:190} INFO - [2026-08-26T15:59:00.274+0000] {dag.py:3239} INFO - Sync 1 DAGs
[2026-08-26T15:59:00.308+0000] {logging_mixin.py:190} INFO - [2026-08-26T15:59:00.308+0000] {dag.py:4180} INFO - Setting next_dagrun for airbyte_to_dbt_pipeline_prod to 2026-08-26 14:00:00+00:00, run_after=2026-08-26 15:00:00+00:00
[2026-08-26T15:59:00.331+0000] {processor.py:208} INFO - Processing /opt/airflow/dags/prod/airbyte_to_dbt_prod.py took 0.132 seconds
[2026-08-26T15:59:30.499+0000] {processor.py:186} INFO - Started process (PID=8556) to work on /opt/airflow/dags/prod/airbyte_to_dbt_prod.py
[2026-08-26T15:59:30.500+0000] {processor.py:914} INFO - Processing file /opt/airflow/dags/prod/airbyte_to_dbt_prod.py for tasks to queue
[2026-08-26T15:59:30.503+0000] {logging_mixin.py:190} INFO - [2026-08-26T15:59:30.503+0000] {dagbag.py:588} INFO - Filling up the DagBag from /opt/airflow/dags/prod/airbyte_to_dbt_prod.py
[2026-08-26T15:59:30.528+0000] {processor.py:925} INFO - DAG(s) 'airbyte_to_dbt_pipeline_prod' retrieved from /opt/airflow/dags/prod/airbyte_to_dbt_prod.py
[2026-08-26T15:59:30.579+0000] {logging_mixin.py:190} INFO - [2026-08-26T15:59:30.579+0000] {dag.py:3239} INFO - Sync 1 DAGs
[2026-08-26T15:59:30.613+0000] {logging_mixin.py:190} INFO - [2026-08-26T15:59:30.613+0000] {dag.py:4180} INFO - Setting next_dagrun for airbyte_to_dbt_pipeline_prod to 2026-08-26 14:00:00+00:00, run_after=2026-08-26 15:00:00+00:00
[2026-08-26T15:59:30.637+0000] {processor.py:208} INFO - Processing /opt/airflow/dags/prod/airbyte_to_dbt_prod.py took 0.148 seconds
[2026-08-26T16:00:00.800+0000] {processor.py:186} INFO - Started process (PID=8566) to work on /opt/airflow/dags/prod/airbyte_to_dbt_prod.py
[2026-08-26T16:00:00.801+0000] {processor.py:914} INFO - Processing file /opt/airflow/dags/prod/airbyte_to_dbt_prod.py for tasks to queue
[2026-08-26T16:00:00.804+0000] {logging_mixin.py:190} INFO - [2026-08-26T16:00:00.804+0000] {dagbag.py:588} INFO - Filling up the DagBag from /opt/airflow/dags/prod/airbyte_to_dbt_prod.py
[2026-08-26T16:00:00.830+0000] {processor.py:925} INFO - DAG(s) 'airbyte_to_dbt_pipeline_prod' retrieved from /opt/airflow/dags/prod/airbyte_to_dbt_prod.py
[2026-08-26T16:00:00.874+0000] {logging_mixin.py:190} INFO - [2026-08-26T16:00:00.873+0000] {dag.py:3239} INFO - Sync 1 DAGs
[2026-08-26T16:00:00.908+0000] {logging_mixin.py:190} INFO - [2026-08-26T16:00:00.908+0000] {dag.py:4180} INFO - Setting next_dagrun for airbyte_to_dbt_pipeline_prod to 2026-08-26 15:00:00+00:00, run_after=2026-08-26 16:00:00+00:00
[2026-08-26T16:00:00.934+0000] {processor.py:208} INFO - Processing /opt/airflow/dags/prod/airbyte_to_dbt_prod.py took 0.142 seconds
[2026-08-26T17:28:40.281+0000] {processor.py:186} INFO - Started process (PID=8576) to work on /opt/airflow/dags/prod/airbyte_to_dbt_prod.py
[2026-08-26T17:28:40.286+0000] {processor.py:914} INFO - Processing file /opt/airflow/dags/prod/airbyte_to_dbt_prod.py for tasks to queue
[2026-08-26T17:28:40.291+0000] {logging_mixin.py:190} INFO - [2026-08-26T17:28:40.290+0000] {dagbag.py:588} INFO - Filling up the DagBag from /opt/airflow/dags/prod/airbyte_to_dbt_prod.py
[2026-08-26T17:28:40.329+0000] {processor.py:925} INFO - DAG(s) 'airbyte_to_dbt_pipeline_prod' retrieved from /opt/airflow/dags/prod/airbyte_to_dbt_prod.py
[2026-08-26T17:28:40.417+0000] {logging_mixin.py:190} INFO - [2026-08-26T17:28:40.416+0000] {dag.py:3239} INFO - Sync 1 DAGs
[2026-08-26T17:28:40.471+0000] {logging_mixin.py:190} INFO - [2026-08-26T17:28:40.470+0000] {dag.py:4180} INFO - Setting next_dagrun for airbyte_to_dbt_pipeline_prod to 2026-08-26 16:00:00+00:00, run_after=2026-08-26 17:00:00+00:00
[2026-08-26T17:28:40.522+0000] {processor.py:208} INFO - Processing /opt/airflow/dags/prod/airbyte_to_dbt_prod.py took 0.253 seconds
[2026-08-26T17:29:10.782+0000] {processor.py:186} INFO - Started process (PID=8584) to work on /opt/airflow/dags/prod/airbyte_to_dbt_prod.py
[2026-08-26T17:29:10.784+0000] {processor.py:914} INFO - Processing file /opt/airflow/dags/prod/airbyte_to_dbt_prod.py for tasks to queue
[2026-08-26T17:29:10.803+0000] {logging_mixin.py:190} INFO - [2026-08-26T17:29:10.801+0000] {dagbag.py:588} INFO - Filling up the DagBag from /opt/airflow/dags/prod/airbyte_to_dbt_prod.py
[2026-08-26T17:29:10.987+0000] {processor.py:925} INFO - DAG(s) 'airbyte_to_dbt_pipeline_prod' retrieved from /opt/airflow/dags/prod/airbyte_to_dbt_prod.py
[2026-08-26T17:29:11.056+0000] {logging_mixin.py:190} INFO - [2026-08-26T17:29:11.056+0000] {dag.py:3239} INFO - Sync 1 DAGs
[2026-08-26T17:29:11.189+0000] {logging_mixin.py:190} INFO - [2026-08-26T17:29:11.188+0000] {dag.py:4180} INFO - Setting next_dagrun for airbyte_to_dbt_pipeline_prod to 2026-08-26 16:00:00+00:00, run_after=2026-08-26 17:00:00+00:00
[2026-08-26T17:29:11.215+0000] {processor.py:208} INFO - Processing /opt/airflow/dags/prod/airbyte_to_dbt_prod.py took 0.487 seconds
[2026-08-26T17:29:41.540+0000] {processor.py:186} INFO - Started process (PID=8594) to work on /opt/airflow/dags/prod/airbyte_to_dbt_prod.py
[2026-08-26T17:29:41.542+0000] {processor.py:914} INFO - Processing file /opt/airflow/dags/prod/airbyte_to_dbt_prod.py for tasks to queue
[2026-08-26T17:29:41.599+0000] {logging_mixin.py:190} INFO - [2026-08-26T17:29:41.598+0000] {dagbag.py:588} INFO - Filling up the DagBag from /opt/airflow/dags/prod/airbyte_to_dbt_prod.py
[2026-08-26T17:29:41.828+0000] {processor.py:925} INFO - DAG(s) 'airbyte_to_dbt_pipeline_prod' retrieved from /opt/airflow/dags/prod/airbyte_to_dbt_prod.py
[2026-08-26T17:29:42.752+0000] {logging_mixin.py:190} INFO - [2026-08-26T17:29:42.751+0000] {dag.py:3239} INFO - Sync 1 DAGs
[2026-08-26T17:29:43.002+0000] {logging_mixin.py:190} INFO - [2026-08-26T17:29:43.002+0000] {dag.py:4180} INFO - Setting next_dagrun for airbyte_to_dbt_pipeline_prod to 2026-08-26 16:00:00+00:00, run_after=2026-08-26 17:00:00+00:00
[2026-08-26T17:29:43.030+0000] {processor.py:208} INFO - Processing /opt/airflow/dags/prod/airbyte_to_dbt_prod.py took 1.557 seconds
[2026-08-26T17:30:13.264+0000] {processor.py:186} INFO - Started process (PID=8606) to work on /opt/airflow/dags/prod/airbyte_to_dbt_prod.py
[2026-08-26T17:30:13.273+0000] {processor.py:914} INFO - Processing file /opt/airflow/dags/prod/airbyte_to_dbt_prod.py for tasks to queue
[2026-08-26T17:30:13.308+0000] {logging_mixin.py:190} INFO - [2026-08-26T17:30:13.308+0000] {dagbag.py:588} INFO - Filling up the DagBag from /opt/airflow/dags/prod/airbyte_to_dbt_prod.py
[2026-08-26T17:30:13.371+0000] {processor.py:925} INFO - DAG(s) 'airbyte_to_dbt_pipeline_prod' retrieved from /opt/airflow/dags/prod/airbyte_to_dbt_prod.py
[2026-08-26T17:30:13.464+0000] {logging_mixin.py:190} INFO - [2026-08-26T17:30:13.463+0000] {dag.py:3239} INFO - Sync 1 DAGs
[2026-08-26T17:30:13.515+0000] {logging_mixin.py:190} INFO - [2026-08-26T17:30:13.514+0000] {dag.py:4180} INFO - Setting next_dagrun for airbyte_to_dbt_pipeline_prod to 2026-08-26 16:00:00+00:00, run_after=2026-08-26 17:00:00+00:00
[2026-08-26T17:30:13.553+0000] {processor.py:208} INFO - Processing /opt/airflow/dags/prod/airbyte_to_dbt_prod.py took 0.326 seconds
[2026-08-26T17:30:43.738+0000] {processor.py:186} INFO - Started process (PID=8616) to work on /opt/airflow/dags/prod/airbyte_to_dbt_prod.py
[2026-08-26T17:30:43.738+0000] {processor.py:914} INFO - Processing file /opt/airflow/dags/prod/airbyte_to_dbt_prod.py for tasks to queue
[2026-08-26T17:30:43.741+0000] {logging_mixin.py:190} INFO - [2026-08-26T17:30:43.741+0000] {dagbag.py:588} INFO - Filling up the DagBag from /opt/airflow/dags/prod/airbyte_to_dbt_prod.py
[2026-08-26T17:30:43.764+0000] {processor.py:925} INFO - DAG(s) 'airbyte_to_dbt_pipeline_prod' retrieved from /opt/airflow/dags/prod/airbyte_to_dbt_prod.py
[2026-08-26T17:30:43.819+0000] {logging_mixin.py:190} INFO - [2026-08-26T17:30:43.818+0000] {dag.py:3239} INFO - Sync 1 DAGs
[2026-08-26T17:30:43.871+0000] {logging_mixin.py:190} INFO - [2026-08-26T17:30:43.870+0000] {dag.py:4180} INFO - Setting next_dagrun for airbyte_to_dbt_pipeline_prod to 2026-08-26 16:00:00+00:00, run_after=2026-08-26 17:00:00+00:00
[2026-08-26T17:30:43.930+0000] {processor.py:208} INFO - Processing /opt/airflow/dags/prod/airbyte_to_dbt_prod.py took 0.203 seconds
[2026-08-26T17:31:14.136+0000] {processor.py:186} INFO - Started process (PID=8626) to work on /opt/airflow/dags/prod/airbyte_to_dbt_prod.py
[2026-08-26T17:31:14.138+0000] {processor.py:914} INFO - Processing file /opt/airflow/dags/prod/airbyte_to_dbt_prod.py for tasks to queue
[2026-08-26T17:31:14.147+0000] {logging_mixin.py:190} INFO - [2026-08-26T17:31:14.147+0000] {dagbag.py:588} INFO - Filling up the DagBag from /opt/airflow/dags/prod/airbyte_to_dbt_prod.py
[2026-08-26T17:31:14.273+0000] {processor.py:925} INFO - DAG(s) 'airbyte_to_dbt_pipeline_prod' retrieved from /opt/airflow/dags/prod/airbyte_to_dbt_prod.py
[2026-08-26T17:31:14.858+0000] {logging_mixin.py:190} INFO - [2026-08-26T17:31:14.858+0000] {dag.py:3239} INFO - Sync 1 DAGs
[2026-08-26T17:31:15.074+0000] {logging_mixin.py:190} INFO - [2026-08-26T17:31:15.074+0000] {dag.py:4180} INFO - Setting next_dagrun for airbyte_to_dbt_pipeline_prod to 2026-08-26 16:00:00+00:00, run_after=2026-08-26 17:00:00+00:00
[2026-08-26T17:31:15.102+0000] {processor.py:208} INFO - Processing /opt/airflow/dags/prod/airbyte_to_dbt_prod.py took 0.989 seconds
[2026-08-26T17:31:45.258+0000] {processor.py:186} INFO - Started process (PID=8636) to work on /opt/airflow/dags/prod/airbyte_to_dbt_prod.py
[2026-08-26T17:31:45.259+0000] {processor.py:914} INFO - Processing file /opt/airflow/dags/prod/airbyte_to_dbt_prod.py for tasks to queue
[2026-08-26T17:31:45.262+0000] {logging_mixin.py:190} INFO - [2026-08-26T17:31:45.262+0000] {dagbag.py:588} INFO - Filling up the DagBag from /opt/airflow/dags/prod/airbyte_to_dbt_prod.py
[2026-08-26T17:31:45.285+0000] {processor.py:925} INFO - DAG(s) 'airbyte_to_dbt_pipeline_prod' retrieved from /opt/airflow/dags/prod/airbyte_to_dbt_prod.py
[2026-08-26T17:31:45.324+0000] {logging_mixin.py:190} INFO - [2026-08-26T17:31:45.324+0000] {dag.py:3239} INFO - Sync 1 DAGs
[2026-08-26T17:31:45.356+0000] {logging_mixin.py:190} INFO - [2026-08-26T17:31:45.356+0000] {dag.py:4180} INFO - Setting next_dagrun for airbyte_to_dbt_pipeline_prod to 2026-08-26 16:00:00+00:00, run_after=2026-08-26 17:00:00+00:00
[2026-08-26T17:31:45.386+0000] {processor.py:208} INFO - Processing /opt/airflow/dags/prod/airbyte_to_dbt_prod.py took 0.138 seconds
[2026-08-26T17:32:15.579+0000] {processor.py:186} INFO - Started process (PID=8646) to work on /opt/airflow/dags/prod/airbyte_to_dbt_prod.py
[2026-08-26T17:32:15.581+0000] {processor.py:914} INFO - Processing file /opt/airflow/dags/prod/airbyte_to_dbt_prod.py for tasks to queue
[2026-08-26T17:32:15.594+0000] {logging_mixin.py:190} INFO - [2026-08-26T17:32:15.593+0000] {dagbag.py:588} INFO - Filling up the DagBag from /opt/airflow/dags/prod/airbyte_to_dbt_prod.py
[2026-08-26T17:32:15.658+0000] {processor.py:925} INFO - DAG(s) 'airbyte_to_dbt_pipeline_prod' retrieved from /opt/airflow/dags/prod/airbyte_to_dbt_prod.py
[2026-08-26T17:32:15.759+0000] {logging_mixin.py:190} INFO - [2026-08-26T17:32:15.759+0000] {dag.py:3239} INFO - Sync 1 DAGs
[2026-08-26T17:32:15.833+0000] {logging_mixin.py:190} INFO - [2026-08-26T17:32:15.833+0000] {dag.py:4180} INFO - Setting next_dagrun for airbyte_to_dbt_pipeline_prod to 2026-08-26 16:00:00+00:00, run_after=2026-08-26 17:00:00+00:00
[2026-08-26T17:32:15.878+0000] {processor.py:208} INFO - Processing /opt/airflow/dags/prod/airbyte_to_dbt_prod.py took 0.318 seconds
[2026-08-26T17:32:46.018+0000] {processor.py:186} INFO - Started process (PID=8656) to work on /opt/airflow/dags/prod/airbyte_to_dbt_prod.py
[2026-08-26T17:32:46.019+0000] {processor.py:914} INFO - Processing file /opt/airflow/dags/prod/airbyte_to_dbt_prod.py for tasks to queue
[2026-08-26T17:32:46.023+0000] {logging_mixin.py:190} INFO - [2026-08-26T17:32:46.023+0000] {dagbag.py:588} INFO - Filling up the DagBag from /opt/airflow/dags/prod/airbyte_to_dbt_prod.py
[2026-08-26T17:32:46.048+0000] {processor.py:925} INFO - DAG(s) 'airbyte_to_dbt_pipeline_prod' retrieved from /opt/airflow/dags/prod/airbyte_to_dbt_prod.py
[2026-08-26T17:32:46.097+0000] {logging_mixin.py:190} INFO - [2026-08-26T17:32:46.097+0000] {dag.py:3239} INFO - Sync 1 DAGs
[2026-08-26T17:32:46.144+0000] {logging_mixin.py:190} INFO - [2026-08-26T17:32:46.144+0000] {dag.py:4180} INFO - Setting next_dagrun for airbyte_to_dbt_pipeline_prod to 2026-08-26 16:00:00+00:00, run_after=2026-08-26 17:00:00+00:00
[2026-08-26T17:32:46.178+0000] {processor.py:208} INFO - Processing /opt/airflow/dags/prod/airbyte_to_dbt_prod.py took 0.171 seconds
[2026-08-26T17:33:16.352+0000] {processor.py:186} INFO - Started process (PID=8666) to work on /opt/airflow/dags/prod/airbyte_to_dbt_prod.py
[2026-08-26T17:33:16.354+0000] {processor.py:914} INFO - Processing file /opt/airflow/dags/prod/airbyte_to_dbt_prod.py for tasks to queue
[2026-08-26T17:33:16.358+0000] {logging_mixin.py:190} INFO - [2026-08-26T17:33:16.357+0000] {dagbag.py:588} INFO - Filling up the DagBag from /opt/airflow/dags/prod/airbyte_to_dbt_prod.py
[2026-08-26T17:33:16.399+0000] {processor.py:925} INFO - DAG(s) 'airbyte_to_dbt_pipeline_prod' retrieved from /opt/airflow/dags/prod/airbyte_to_dbt_prod.py
[2026-08-26T17:33:16.449+0000] {logging_mixin.py:190} INFO - [2026-08-26T17:33:16.449+0000] {dag.py:3239} INFO - Sync 1 DAGs
[2026-08-26T17:33:16.479+0000] {logging_mixin.py:190} INFO - [2026-08-26T17:33:16.479+0000] {dag.py:4180} INFO - Setting next_dagrun for airbyte_to_dbt_pipeline_prod to 2026-08-26 16:00:00+00:00, run_after=2026-08-26 17:00:00+00:00
[2026-08-26T17:33:16.503+0000] {processor.py:208} INFO - Processing /opt/airflow/dags/prod/airbyte_to_dbt_prod.py took 0.161 seconds
[2026-08-26T17:33:46.694+0000] {processor.py:186} INFO - Started process (PID=8676) to work on /opt/airflow/dags/prod/airbyte_to_dbt_prod.py
[2026-08-26T17:33:46.695+0000] {processor.py:914} INFO - Processing file /opt/airflow/dags/prod/airbyte_to_dbt_prod.py for tasks to queue
[2026-08-26T17:33:46.698+0000] {logging_mixin.py:190} INFO - [2026-08-26T17:33:46.698+0000] {dagbag.py:588} INFO - Filling up the DagBag from /opt/airflow/dags/prod/airbyte_to_dbt_prod.py
[2026-08-26T17:33:46.723+0000] {processor.py:925} INFO - DAG(s) 'airbyte_to_dbt_pipeline_prod' retrieved from /opt/airflow/dags/prod/airbyte_to_dbt_prod.py
[2026-08-26T17:33:46.777+0000] {logging_mixin.py:190} INFO - [2026-08-26T17:33:46.777+0000] {dag.py:3239} INFO - Sync 1 DAGs
[2026-08-26T17:33:46.815+0000] {logging_mixin.py:190} INFO - [2026-08-26T17:33:46.815+0000] {dag.py:4180} INFO - Setting next_dagrun for airbyte_to_dbt_pipeline_prod to 2026-08-26 16:00:00+00:00, run_after=2026-08-26 17:00:00+00:00
[2026-08-26T17:33:46.839+0000] {processor.py:208} INFO - Processing /opt/airflow/dags/prod/airbyte_to_dbt_prod.py took 0.154 seconds
[2026-08-26T17:34:17.040+0000] {processor.py:186} INFO - Started process (PID=8686) to work on /opt/airflow/dags/prod/airbyte_to_dbt_prod.py
[2026-08-26T17:34:17.042+0000] {processor.py:914} INFO - Processing file /opt/airflow/dags/prod/airbyte_to_dbt_prod.py for tasks to queue
[2026-08-26T17:34:17.046+0000] {logging_mixin.py:190} INFO - [2026-08-26T17:34:17.045+0000] {dagbag.py:588} INFO - Filling up the DagBag from /opt/airflow/dags/prod/airbyte_to_dbt_prod.py
[2026-08-26T17:34:17.079+0000] {processor.py:925} INFO - DAG(s) 'airbyte_to_dbt_pipeline_prod' retrieved from /opt/airflow/dags/prod/airbyte_to_dbt_prod.py
[2026-08-26T17:34:17.135+0000] {logging_mixin.py:190} INFO - [2026-08-26T17:34:17.135+0000] {dag.py:3239} INFO - Sync 1 DAGs
[2026-08-26T17:34:17.173+0000] {logging_mixin.py:190} INFO - [2026-08-26T17:34:17.173+0000] {dag.py:4180} INFO - Setting next_dagrun for airbyte_to_dbt_pipeline_prod to 2026-08-26 16:00:00+00:00, run_after=2026-08-26 17:00:00+00:00
[2026-08-26T17:34:17.196+0000] {processor.py:208} INFO - Processing /opt/airflow/dags/prod/airbyte_to_dbt_prod.py took 0.172 seconds
[2026-08-26T17:34:47.366+0000] {processor.py:186} INFO - Started process (PID=8696) to work on /opt/airflow/dags/prod/airbyte_to_dbt_prod.py
[2026-08-26T17:34:47.367+0000] {processor.py:914} INFO - Processing file /opt/airflow/dags/prod/airbyte_to_dbt_prod.py for tasks to queue
[2026-08-26T17:34:47.371+0000] {logging_mixin.py:190} INFO - [2026-08-26T17:34:47.370+0000] {dagbag.py:588} INFO - Filling up the DagBag from /opt/airflow/dags/prod/airbyte_to_dbt_prod.py
[2026-08-26T17:34:47.395+0000] {processor.py:925} INFO - DAG(s) 'airbyte_to_dbt_pipeline_prod' retrieved from /opt/airflow/dags/prod/airbyte_to_dbt_prod.py
[2026-08-26T17:34:47.437+0000] {logging_mixin.py:190} INFO - [2026-08-26T17:34:47.436+0000] {dag.py:3239} INFO - Sync 1 DAGs
[2026-08-26T17:34:47.471+0000] {logging_mixin.py:190} INFO - [2026-08-26T17:34:47.470+0000] {dag.py:4180} INFO - Setting next_dagrun for airbyte_to_dbt_pipeline_prod to 2026-08-26 16:00:00+00:00, run_after=2026-08-26 17:00:00+00:00
[2026-08-26T17:34:47.498+0000] {processor.py:208} INFO - Processing /opt/airflow/dags/prod/airbyte_to_dbt_prod.py took 0.140 seconds
[2026-08-26T17:35:17.688+0000] {processor.py:186} INFO - Started process (PID=8706) to work on /opt/airflow/dags/prod/airbyte_to_dbt_prod.py
[2026-08-26T17:35:17.690+0000] {processor.py:914} INFO - Processing file /opt/airflow/dags/prod/airbyte_to_dbt_prod.py for tasks to queue
[2026-08-26T17:35:17.694+0000] {logging_mixin.py:190} INFO - [2026-08-26T17:35:17.694+0000] {dagbag.py:588} INFO - Filling up the DagBag from /opt/airflow/dags/prod/airbyte_to_dbt_prod.py
[2026-08-26T17:35:17.726+0000] {processor.py:925} INFO - DAG(s) 'airbyte_to_dbt_pipeline_prod' retrieved from /opt/airflow/dags/prod/airbyte_to_dbt_prod.py
[2026-08-26T17:35:17.779+0000] {logging_mixin.py:190} INFO - [2026-08-26T17:35:17.779+0000] {dag.py:3239} INFO - Sync 1 DAGs
[2026-08-26T17:35:17.813+0000] {logging_mixin.py:190} INFO - [2026-08-26T17:35:17.813+0000] {dag.py:4180} INFO - Setting next_dagrun for airbyte_to_dbt_pipeline_prod to 2026-08-26 16:00:00+00:00, run_after=2026-08-26 17:00:00+00:00
[2026-08-26T17:35:17.838+0000] {processor.py:208} INFO - Processing /opt/airflow/dags/prod/airbyte_to_dbt_prod.py took 0.161 seconds
[2026-08-26T17:35:48.024+0000] {processor.py:186} INFO - Started process (PID=8716) to work on /opt/airflow/dags/prod/airbyte_to_dbt_prod.py
[2026-08-26T17:35:48.025+0000] {processor.py:914} INFO - Processing file /opt/airflow/dags/prod/airbyte_to_dbt_prod.py for tasks to queue
[2026-08-26T17:35:48.029+0000] {logging_mixin.py:190} INFO - [2026-08-26T17:35:48.029+0000] {dagbag.py:588} INFO - Filling up the DagBag from /opt/airflow/dags/prod/airbyte_to_dbt_prod.py
[2026-08-26T17:35:48.059+0000] {processor.py:925} INFO - DAG(s) 'airbyte_to_dbt_pipeline_prod' retrieved from /opt/airflow/dags/prod/airbyte_to_dbt_prod.py
[2026-08-26T17:35:48.107+0000] {logging_mixin.py:190} INFO - [2026-08-26T17:35:48.107+0000] {dag.py:3239} INFO - Sync 1 DAGs
[2026-08-26T17:35:48.145+0000] {logging_mixin.py:190} INFO - [2026-08-26T17:35:48.144+0000] {dag.py:4180} INFO - Setting next_dagrun for airbyte_to_dbt_pipeline_prod to 2026-08-26 16:00:00+00:00, run_after=2026-08-26 17:00:00+00:00
[2026-08-26T17:35:48.175+0000] {processor.py:208} INFO - Processing /opt/airflow/dags/prod/airbyte_to_dbt_prod.py took 0.162 seconds
[2026-08-26T17:36:18.353+0000] {processor.py:186} INFO - Started process (PID=8726) to work on /opt/airflow/dags/prod/airbyte_to_dbt_prod.py
[2026-08-26T17:36:18.358+0000] {processor.py:914} INFO - Processing file /opt/airflow/dags/prod/airbyte_to_dbt_prod.py for tasks to queue
[2026-08-26T17:36:18.365+0000] {logging_mixin.py:190} INFO - [2026-08-26T17:36:18.364+0000] {dagbag.py:588} INFO - Filling up the DagBag from /opt/airflow/dags/prod/airbyte_to_dbt_prod.py
[2026-08-26T17:36:18.394+0000] {processor.py:925} INFO - DAG(s) 'airbyte_to_dbt_pipeline_prod' retrieved from /opt/airflow/dags/prod/airbyte_to_dbt_prod.py
[2026-08-26T17:36:18.435+0000] {logging_mixin.py:190} INFO - [2026-08-26T17:36:18.435+0000] {dag.py:3239} INFO - Sync 1 DAGs
[2026-08-26T17:36:18.467+0000] {logging_mixin.py:190} INFO - [2026-08-26T17:36:18.467+0000] {dag.py:4180} INFO - Setting next_dagrun for airbyte_to_dbt_pipeline_prod to 2026-08-26 16:00:00+00:00, run_after=2026-08-26 17:00:00+00:00
[2026-08-26T17:36:18.491+0000] {processor.py:208} INFO - Processing /opt/airflow/dags/prod/airbyte_to_dbt_prod.py took 0.152 seconds
[2026-08-26T17:36:48.714+0000] {processor.py:186} INFO - Started process (PID=8736) to work on /opt/airflow/dags/prod/airbyte_to_dbt_prod.py
[2026-08-26T17:36:48.715+0000] {processor.py:914} INFO - Processing file /opt/airflow/dags/prod/airbyte_to_dbt_prod.py for tasks to queue
[2026-08-26T17:36:48.720+0000] {logging_mixin.py:190} INFO - [2026-08-26T17:36:48.720+0000] {dagbag.py:588} INFO - Filling up the DagBag from /opt/airflow/dags/prod/airbyte_to_dbt_prod.py
[2026-08-26T17:36:48.751+0000] {processor.py:925} INFO - DAG(s) 'airbyte_to_dbt_pipeline_prod' retrieved from /opt/airflow/dags/prod/airbyte_to_dbt_prod.py
[2026-08-26T17:36:48.797+0000] {logging_mixin.py:190} INFO - [2026-08-26T17:36:48.797+0000] {dag.py:3239} INFO - Sync 1 DAGs
[2026-08-26T17:36:48.833+0000] {logging_mixin.py:190} INFO - [2026-08-26T17:36:48.833+0000] {dag.py:4180} INFO - Setting next_dagrun for airbyte_to_dbt_pipeline_prod to 2026-08-26 16:00:00+00:00, run_after=2026-08-26 17:00:00+00:00
[2026-08-26T17:36:48.862+0000] {processor.py:208} INFO - Processing /opt/airflow/dags/prod/airbyte_to_dbt_prod.py took 0.161 seconds
[2026-08-26T17:37:19.068+0000] {processor.py:186} INFO - Started process (PID=8746) to work on /opt/airflow/dags/prod/airbyte_to_dbt_prod.py
[2026-08-26T17:37:19.070+0000] {processor.py:914} INFO - Processing file /opt/airflow/dags/prod/airbyte_to_dbt_prod.py for tasks to queue
[2026-08-26T17:37:19.075+0000] {logging_mixin.py:190} INFO - [2026-08-26T17:37:19.074+0000] {dagbag.py:588} INFO - Filling up the DagBag from /opt/airflow/dags/prod/airbyte_to_dbt_prod.py
[2026-08-26T17:37:19.105+0000] {processor.py:925} INFO - DAG(s) 'airbyte_to_dbt_pipeline_prod' retrieved from /opt/airflow/dags/prod/airbyte_to_dbt_prod.py
[2026-08-26T17:37:19.167+0000] {logging_mixin.py:190} INFO - [2026-08-26T17:37:19.167+0000] {dag.py:3239} INFO - Sync 1 DAGs
[2026-08-26T17:37:19.204+0000] {logging_mixin.py:190} INFO - [2026-08-26T17:37:19.204+0000] {dag.py:4180} INFO - Setting next_dagrun for airbyte_to_dbt_pipeline_prod to 2026-08-26 16:00:00+00:00, run_after=2026-08-26 17:00:00+00:00
[2026-08-26T17:37:19.226+0000] {processor.py:208} INFO - Processing /opt/airflow/dags/prod/airbyte_to_dbt_prod.py took 0.173 seconds
[2026-08-26T17:37:49.383+0000] {processor.py:186} INFO - Started process (PID=8756) to work on /opt/airflow/dags/prod/airbyte_to_dbt_prod.py
[2026-08-26T17:37:49.384+0000] {processor.py:914} INFO - Processing file /opt/airflow/dags/prod/airbyte_to_dbt_prod.py for tasks to queue
[2026-08-26T17:37:49.388+0000] {logging_mixin.py:190} INFO - [2026-08-26T17:37:49.388+0000] {dagbag.py:588} INFO - Filling up the DagBag from /opt/airflow/dags/prod/airbyte_to_dbt_prod.py
[2026-08-26T17:37:49.417+0000] {processor.py:925} INFO - DAG(s) 'airbyte_to_dbt_pipeline_prod' retrieved from /opt/airflow/dags/prod/airbyte_to_dbt_prod.py
[2026-08-26T17:37:49.459+0000] {logging_mixin.py:190} INFO - [2026-08-26T17:37:49.459+0000] {dag.py:3239} INFO - Sync 1 DAGs
[2026-08-26T17:37:49.494+0000] {logging_mixin.py:190} INFO - [2026-08-26T17:37:49.493+0000] {dag.py:4180} INFO - Setting next_dagrun for airbyte_to_dbt_pipeline_prod to 2026-08-26 16:00:00+00:00, run_after=2026-08-26 17:00:00+00:00
[2026-08-26T17:37:49.517+0000] {processor.py:208} INFO - Processing /opt/airflow/dags/prod/airbyte_to_dbt_prod.py took 0.146 seconds
[2026-08-26T17:38:19.685+0000] {processor.py:186} INFO - Started process (PID=8766) to work on /opt/airflow/dags/prod/airbyte_to_dbt_prod.py
[2026-08-26T17:38:19.687+0000] {processor.py:914} INFO - Processing file /opt/airflow/dags/prod/airbyte_to_dbt_prod.py for tasks to queue
[2026-08-26T17:38:19.690+0000] {logging_mixin.py:190} INFO - [2026-08-26T17:38:19.690+0000] {dagbag.py:588} INFO - Filling up the DagBag from /opt/airflow/dags/prod/airbyte_to_dbt_prod.py
[2026-08-26T17:38:19.713+0000] {processor.py:925} INFO - DAG(s) 'airbyte_to_dbt_pipeline_prod' retrieved from /opt/airflow/dags/prod/airbyte_to_dbt_prod.py
[2026-08-26T17:38:19.764+0000] {logging_mixin.py:190} INFO - [2026-08-26T17:38:19.763+0000] {dag.py:3239} INFO - Sync 1 DAGs
[2026-08-26T17:38:19.798+0000] {logging_mixin.py:190} INFO - [2026-08-26T17:38:19.798+0000] {dag.py:4180} INFO - Setting next_dagrun for airbyte_to_dbt_pipeline_prod to 2026-08-26 16:00:00+00:00, run_after=2026-08-26 17:00:00+00:00
[2026-08-26T17:38:19.826+0000] {processor.py:208} INFO - Processing /opt/airflow/dags/prod/airbyte_to_dbt_prod.py took 0.152 seconds
[2026-08-26T17:38:50.031+0000] {processor.py:186} INFO - Started process (PID=8776) to work on /opt/airflow/dags/prod/airbyte_to_dbt_prod.py
[2026-08-26T17:38:50.032+0000] {processor.py:914} INFO - Processing file /opt/airflow/dags/prod/airbyte_to_dbt_prod.py for tasks to queue
[2026-08-26T17:38:50.035+0000] {logging_mixin.py:190} INFO - [2026-08-26T17:38:50.035+0000] {dagbag.py:588} INFO - Filling up the DagBag from /opt/airflow/dags/prod/airbyte_to_dbt_prod.py
[2026-08-26T17:38:50.058+0000] {processor.py:925} INFO - DAG(s) 'airbyte_to_dbt_pipeline_prod' retrieved from /opt/airflow/dags/prod/airbyte_to_dbt_prod.py
[2026-08-26T17:38:50.105+0000] {logging_mixin.py:190} INFO - [2026-08-26T17:38:50.104+0000] {dag.py:3239} INFO - Sync 1 DAGs
[2026-08-26T17:38:50.152+0000] {logging_mixin.py:190} INFO - [2026-08-26T17:38:50.152+0000] {dag.py:4180} INFO - Setting next_dagrun for airbyte_to_dbt_pipeline_prod to 2026-08-26 16:00:00+00:00, run_after=2026-08-26 17:00:00+00:00
[2026-08-26T17:38:50.186+0000] {processor.py:208} INFO - Processing /opt/airflow/dags/prod/airbyte_to_dbt_prod.py took 0.165 seconds
[2026-08-26T17:39:20.353+0000] {processor.py:186} INFO - Started process (PID=8786) to work on /opt/airflow/dags/prod/airbyte_to_dbt_prod.py
[2026-08-26T17:39:20.354+0000] {processor.py:914} INFO - Processing file /opt/airflow/dags/prod/airbyte_to_dbt_prod.py for tasks to queue
[2026-08-26T17:39:20.357+0000] {logging_mixin.py:190} INFO - [2026-08-26T17:39:20.357+0000] {dagbag.py:588} INFO - Filling up the DagBag from /opt/airflow/dags/prod/airbyte_to_dbt_prod.py
[2026-08-26T17:39:20.380+0000] {processor.py:925} INFO - DAG(s) 'airbyte_to_dbt_pipeline_prod' retrieved from /opt/airflow/dags/prod/airbyte_to_dbt_prod.py
[2026-08-26T17:39:20.425+0000] {logging_mixin.py:190} INFO - [2026-08-26T17:39:20.425+0000] {dag.py:3239} INFO - Sync 1 DAGs
[2026-08-26T17:39:20.465+0000] {logging_mixin.py:190} INFO - [2026-08-26T17:39:20.465+0000] {dag.py:4180} INFO - Setting next_dagrun for airbyte_to_dbt_pipeline_prod to 2026-08-26 16:00:00+00:00, run_after=2026-08-26 17:00:00+00:00
[2026-08-26T17:39:20.490+0000] {processor.py:208} INFO - Processing /opt/airflow/dags/prod/airbyte_to_dbt_prod.py took 0.148 seconds
[2026-08-26T17:39:50.662+0000] {processor.py:186} INFO - Started process (PID=8796) to work on /opt/airflow/dags/prod/airbyte_to_dbt_prod.py
[2026-08-26T17:39:50.664+0000] {processor.py:914} INFO - Processing file /opt/airflow/dags/prod/airbyte_to_dbt_prod.py for tasks to queue
[2026-08-26T17:39:50.668+0000] {logging_mixin.py:190} INFO - [2026-08-26T17:39:50.668+0000] {dagbag.py:588} INFO - Filling up the DagBag from /opt/airflow/dags/prod/airbyte_to_dbt_prod.py
[2026-08-26T17:39:50.700+0000] {processor.py:925} INFO - DAG(s) 'airbyte_to_dbt_pipeline_prod' retrieved from /opt/airflow/dags/prod/airbyte_to_dbt_prod.py
[2026-08-26T17:39:50.750+0000] {logging_mixin.py:190} INFO - [2026-08-26T17:39:50.750+0000] {dag.py:3239} INFO - Sync 1 DAGs
[2026-08-26T17:39:50.788+0000] {logging_mixin.py:190} INFO - [2026-08-26T17:39:50.788+0000] {dag.py:4180} INFO - Setting next_dagrun for airbyte_to_dbt_pipeline_prod to 2026-08-26 16:00:00+00:00, run_after=2026-08-26 17:00:00+00:00
[2026-08-26T17:39:50.817+0000] {processor.py:208} INFO - Processing /opt/airflow/dags/prod/airbyte_to_dbt_prod.py took 0.167 seconds
[2026-08-26T17:40:20.988+0000] {processor.py:186} INFO - Started process (PID=8806) to work on /opt/airflow/dags/prod/airbyte_to_dbt_prod.py
[2026-08-26T17:40:20.989+0000] {processor.py:914} INFO - Processing file /opt/airflow/dags/prod/airbyte_to_dbt_prod.py for tasks to queue
[2026-08-26T17:40:20.993+0000] {logging_mixin.py:190} INFO - [2026-08-26T17:40:20.993+0000] {dagbag.py:588} INFO - Filling up the DagBag from /opt/airflow/dags/prod/airbyte_to_dbt_prod.py
[2026-08-26T17:40:21.024+0000] {processor.py:925} INFO - DAG(s) 'airbyte_to_dbt_pipeline_prod' retrieved from /opt/airflow/dags/prod/airbyte_to_dbt_prod.py
[2026-08-26T17:40:21.073+0000] {logging_mixin.py:190} INFO - [2026-08-26T17:40:21.073+0000] {dag.py:3239} INFO - Sync 1 DAGs
[2026-08-26T17:40:21.109+0000] {logging_mixin.py:190} INFO - [2026-08-26T17:40:21.109+0000] {dag.py:4180} INFO - Setting next_dagrun for airbyte_to_dbt_pipeline_prod to 2026-08-26 16:00:00+00:00, run_after=2026-08-26 17:00:00+00:00
[2026-08-26T17:40:21.133+0000] {processor.py:208} INFO - Processing /opt/airflow/dags/prod/airbyte_to_dbt_prod.py took 0.156 seconds
[2026-08-26T17:40:51.315+0000] {processor.py:186} INFO - Started process (PID=8816) to work on /opt/airflow/dags/prod/airbyte_to_dbt_prod.py
[2026-08-26T17:40:51.316+0000] {processor.py:914} INFO - Processing file /opt/airflow/dags/prod/airbyte_to_dbt_prod.py for tasks to queue
[2026-08-26T17:40:51.320+0000] {logging_mixin.py:190} INFO - [2026-08-26T17:40:51.319+0000] {dagbag.py:588} INFO - Filling up the DagBag from /opt/airflow/dags/prod/airbyte_to_dbt_prod.py
[2026-08-26T17:40:51.346+0000] {processor.py:925} INFO - DAG(s) 'airbyte_to_dbt_pipeline_prod' retrieved from /opt/airflow/dags/prod/airbyte_to_dbt_prod.py
[2026-08-26T17:40:51.403+0000] {logging_mixin.py:190} INFO - [2026-08-26T17:40:51.402+0000] {dag.py:3239} INFO - Sync 1 DAGs
[2026-08-26T17:40:51.449+0000] {logging_mixin.py:190} INFO - [2026-08-26T17:40:51.449+0000] {dag.py:4180} INFO - Setting next_dagrun for airbyte_to_dbt_pipeline_prod to 2026-08-26 16:00:00+00:00, run_after=2026-08-26 17:00:00+00:00
[2026-08-26T17:40:51.476+0000] {processor.py:208} INFO - Processing /opt/airflow/dags/prod/airbyte_to_dbt_prod.py took 0.172 seconds
[2026-08-26T17:41:21.648+0000] {processor.py:186} INFO - Started process (PID=8826) to work on /opt/airflow/dags/prod/airbyte_to_dbt_prod.py
[2026-08-26T17:41:21.649+0000] {processor.py:914} INFO - Processing file /opt/airflow/dags/prod/airbyte_to_dbt_prod.py for tasks to queue
[2026-08-26T17:41:21.652+0000] {logging_mixin.py:190} INFO - [2026-08-26T17:41:21.651+0000] {dagbag.py:588} INFO - Filling up the DagBag from /opt/airflow/dags/prod/airbyte_to_dbt_prod.py
[2026-08-26T17:41:21.676+0000] {processor.py:925} INFO - DAG(s) 'airbyte_to_dbt_pipeline_prod' retrieved from /opt/airflow/dags/prod/airbyte_to_dbt_prod.py
[2026-08-26T17:41:21.721+0000] {logging_mixin.py:190} INFO - [2026-08-26T17:41:21.721+0000] {dag.py:3239} INFO - Sync 1 DAGs
[2026-08-26T17:41:21.757+0000] {logging_mixin.py:190} INFO - [2026-08-26T17:41:21.756+0000] {dag.py:4180} INFO - Setting next_dagrun for airbyte_to_dbt_pipeline_prod to 2026-08-26 16:00:00+00:00, run_after=2026-08-26 17:00:00+00:00
[2026-08-26T17:41:21.783+0000] {processor.py:208} INFO - Processing /opt/airflow/dags/prod/airbyte_to_dbt_prod.py took 0.145 seconds
[2026-08-26T17:41:51.969+0000] {processor.py:186} INFO - Started process (PID=8836) to work on /opt/airflow/dags/prod/airbyte_to_dbt_prod.py
[2026-08-26T17:41:51.971+0000] {processor.py:914} INFO - Processing file /opt/airflow/dags/prod/airbyte_to_dbt_prod.py for tasks to queue
[2026-08-26T17:41:51.976+0000] {logging_mixin.py:190} INFO - [2026-08-26T17:41:51.975+0000] {dagbag.py:588} INFO - Filling up the DagBag from /opt/airflow/dags/prod/airbyte_to_dbt_prod.py
[2026-08-26T17:41:52.014+0000] {processor.py:925} INFO - DAG(s) 'airbyte_to_dbt_pipeline_prod' retrieved from /opt/airflow/dags/prod/airbyte_to_dbt_prod.py
[2026-08-26T17:41:52.089+0000] {logging_mixin.py:190} INFO - [2026-08-26T17:41:52.088+0000] {dag.py:3239} INFO - Sync 1 DAGs
[2026-08-26T17:41:52.163+0000] {logging_mixin.py:190} INFO - [2026-08-26T17:41:52.162+0000] {dag.py:4180} INFO - Setting next_dagrun for airbyte_to_dbt_pipeline_prod to 2026-08-26 16:00:00+00:00, run_after=2026-08-26 17:00:00+00:00
[2026-08-26T17:41:52.210+0000] {processor.py:208} INFO - Processing /opt/airflow/dags/prod/airbyte_to_dbt_prod.py took 0.253 seconds
[2026-08-26T17:42:22.392+0000] {processor.py:186} INFO - Started process (PID=8846) to work on /opt/airflow/dags/prod/airbyte_to_dbt_prod.py
[2026-08-26T17:42:22.393+0000] {processor.py:914} INFO - Processing file /opt/airflow/dags/prod/airbyte_to_dbt_prod.py for tasks to queue
[2026-08-26T17:42:22.398+0000] {logging_mixin.py:190} INFO - [2026-08-26T17:42:22.397+0000] {dagbag.py:588} INFO - Filling up the DagBag from /opt/airflow/dags/prod/airbyte_to_dbt_prod.py
[2026-08-26T17:42:22.429+0000] {processor.py:925} INFO - DAG(s) 'airbyte_to_dbt_pipeline_prod' retrieved from /opt/airflow/dags/prod/airbyte_to_dbt_prod.py
[2026-08-26T17:42:22.474+0000] {logging_mixin.py:190} INFO - [2026-08-26T17:42:22.474+0000] {dag.py:3239} INFO - Sync 1 DAGs
[2026-08-26T17:42:22.504+0000] {logging_mixin.py:190} INFO - [2026-08-26T17:42:22.504+0000] {dag.py:4180} INFO - Setting next_dagrun for airbyte_to_dbt_pipeline_prod to 2026-08-26 16:00:00+00:00, run_after=2026-08-26 17:00:00+00:00
[2026-08-26T17:42:22.528+0000] {processor.py:208} INFO - Processing /opt/airflow/dags/prod/airbyte_to_dbt_prod.py took 0.149 seconds
[2026-08-26T17:42:52.700+0000] {processor.py:186} INFO - Started process (PID=8856) to work on /opt/airflow/dags/prod/airbyte_to_dbt_prod.py
[2026-08-26T17:42:52.701+0000] {processor.py:914} INFO - Processing file /opt/airflow/dags/prod/airbyte_to_dbt_prod.py for tasks to queue
[2026-08-26T17:42:52.704+0000] {logging_mixin.py:190} INFO - [2026-08-26T17:42:52.704+0000] {dagbag.py:588} INFO - Filling up the DagBag from /opt/airflow/dags/prod/airbyte_to_dbt_prod.py
[2026-08-26T17:42:52.726+0000] {processor.py:925} INFO - DAG(s) 'airbyte_to_dbt_pipeline_prod' retrieved from /opt/airflow/dags/prod/airbyte_to_dbt_prod.py
[2026-08-26T17:42:52.775+0000] {logging_mixin.py:190} INFO - [2026-08-26T17:42:52.775+0000] {dag.py:3239} INFO - Sync 1 DAGs
[2026-08-26T17:42:52.807+0000] {logging_mixin.py:190} INFO - [2026-08-26T17:42:52.806+0000] {dag.py:4180} INFO - Setting next_dagrun for airbyte_to_dbt_pipeline_prod to 2026-08-26 16:00:00+00:00, run_after=2026-08-26 17:00:00+00:00
[2026-08-26T17:42:52.831+0000] {processor.py:208} INFO - Processing /opt/airflow/dags/prod/airbyte_to_dbt_prod.py took 0.141 seconds
[2026-08-26T17:43:22.993+0000] {processor.py:186} INFO - Started process (PID=8866) to work on /opt/airflow/dags/prod/airbyte_to_dbt_prod.py
[2026-08-26T17:43:22.995+0000] {processor.py:914} INFO - Processing file /opt/airflow/dags/prod/airbyte_to_dbt_prod.py for tasks to queue
[2026-08-26T17:43:22.998+0000] {logging_mixin.py:190} INFO - [2026-08-26T17:43:22.997+0000] {dagbag.py:588} INFO - Filling up the DagBag from /opt/airflow/dags/prod/airbyte_to_dbt_prod.py
[2026-08-26T17:43:23.022+0000] {processor.py:925} INFO - DAG(s) 'airbyte_to_dbt_pipeline_prod' retrieved from /opt/airflow/dags/prod/airbyte_to_dbt_prod.py
[2026-08-26T17:43:23.079+0000] {logging_mixin.py:190} INFO - [2026-08-26T17:43:23.079+0000] {dag.py:3239} INFO - Sync 1 DAGs
[2026-08-26T17:43:23.109+0000] {logging_mixin.py:190} INFO - [2026-08-26T17:43:23.109+0000] {dag.py:4180} INFO - Setting next_dagrun for airbyte_to_dbt_pipeline_prod to 2026-08-26 16:00:00+00:00, run_after=2026-08-26 17:00:00+00:00
[2026-08-26T17:43:23.132+0000] {processor.py:208} INFO - Processing /opt/airflow/dags/prod/airbyte_to_dbt_prod.py took 0.149 seconds
[2026-08-26T17:43:53.315+0000] {processor.py:186} INFO - Started process (PID=8876) to work on /opt/airflow/dags/prod/airbyte_to_dbt_prod.py
[2026-08-26T17:43:53.317+0000] {processor.py:914} INFO - Processing file /opt/airflow/dags/prod/airbyte_to_dbt_prod.py for tasks to queue
[2026-08-26T17:43:53.323+0000] {logging_mixin.py:190} INFO - [2026-08-26T17:43:53.322+0000] {dagbag.py:588} INFO - Filling up the DagBag from /opt/airflow/dags/prod/airbyte_to_dbt_prod.py
[2026-08-26T17:43:53.355+0000] {processor.py:925} INFO - DAG(s) 'airbyte_to_dbt_pipeline_prod' retrieved from /opt/airflow/dags/prod/airbyte_to_dbt_prod.py
[2026-08-26T17:43:53.395+0000] {logging_mixin.py:190} INFO - [2026-08-26T17:43:53.395+0000] {dag.py:3239} INFO - Sync 1 DAGs
[2026-08-26T17:43:53.431+0000] {logging_mixin.py:190} INFO - [2026-08-26T17:43:53.431+0000] {dag.py:4180} INFO - Setting next_dagrun for airbyte_to_dbt_pipeline_prod to 2026-08-26 16:00:00+00:00, run_after=2026-08-26 17:00:00+00:00
[2026-08-26T17:43:53.457+0000] {processor.py:208} INFO - Processing /opt/airflow/dags/prod/airbyte_to_dbt_prod.py took 0.154 seconds
[2026-08-26T17:44:23.624+0000] {processor.py:186} INFO - Started process (PID=8886) to work on /opt/airflow/dags/prod/airbyte_to_dbt_prod.py
[2026-08-26T17:44:23.626+0000] {processor.py:914} INFO - Processing file /opt/airflow/dags/prod/airbyte_to_dbt_prod.py for tasks to queue
[2026-08-26T17:44:23.629+0000] {logging_mixin.py:190} INFO - [2026-08-26T17:44:23.628+0000] {dagbag.py:588} INFO - Filling up the DagBag from /opt/airflow/dags/prod/airbyte_to_dbt_prod.py
[2026-08-26T17:44:23.651+0000] {processor.py:925} INFO - DAG(s) 'airbyte_to_dbt_pipeline_prod' retrieved from /opt/airflow/dags/prod/airbyte_to_dbt_prod.py
[2026-08-26T17:44:23.690+0000] {logging_mixin.py:190} INFO - [2026-08-26T17:44:23.690+0000] {dag.py:3239} INFO - Sync 1 DAGs
[2026-08-26T17:44:23.720+0000] {logging_mixin.py:190} INFO - [2026-08-26T17:44:23.720+0000] {dag.py:4180} INFO - Setting next_dagrun for airbyte_to_dbt_pipeline_prod to 2026-08-26 16:00:00+00:00, run_after=2026-08-26 17:00:00+00:00
[2026-08-26T17:44:23.746+0000] {processor.py:208} INFO - Processing /opt/airflow/dags/prod/airbyte_to_dbt_prod.py took 0.132 seconds
[2026-08-26T17:44:53.909+0000] {processor.py:186} INFO - Started process (PID=8896) to work on /opt/airflow/dags/prod/airbyte_to_dbt_prod.py
[2026-08-26T17:44:53.910+0000] {processor.py:914} INFO - Processing file /opt/airflow/dags/prod/airbyte_to_dbt_prod.py for tasks to queue
[2026-08-26T17:44:53.913+0000] {logging_mixin.py:190} INFO - [2026-08-26T17:44:53.913+0000] {dagbag.py:588} INFO - Filling up the DagBag from /opt/airflow/dags/prod/airbyte_to_dbt_prod.py
[2026-08-26T17:44:53.935+0000] {processor.py:925} INFO - DAG(s) 'airbyte_to_dbt_pipeline_prod' retrieved from /opt/airflow/dags/prod/airbyte_to_dbt_prod.py
[2026-08-26T17:44:53.979+0000] {logging_mixin.py:190} INFO - [2026-08-26T17:44:53.979+0000] {dag.py:3239} INFO - Sync 1 DAGs
[2026-08-26T17:44:54.014+0000] {logging_mixin.py:190} INFO - [2026-08-26T17:44:54.013+0000] {dag.py:4180} INFO - Setting next_dagrun for airbyte_to_dbt_pipeline_prod to 2026-08-26 16:00:00+00:00, run_after=2026-08-26 17:00:00+00:00
[2026-08-26T17:44:54.046+0000] {processor.py:208} INFO - Processing /opt/airflow/dags/prod/airbyte_to_dbt_prod.py took 0.145 seconds
[2026-08-26T17:45:24.205+0000] {processor.py:186} INFO - Started process (PID=8906) to work on /opt/airflow/dags/prod/airbyte_to_dbt_prod.py
[2026-08-26T17:45:24.207+0000] {processor.py:914} INFO - Processing file /opt/airflow/dags/prod/airbyte_to_dbt_prod.py for tasks to queue
[2026-08-26T17:45:24.212+0000] {logging_mixin.py:190} INFO - [2026-08-26T17:45:24.211+0000] {dagbag.py:588} INFO - Filling up the DagBag from /opt/airflow/dags/prod/airbyte_to_dbt_prod.py
[2026-08-26T17:45:24.237+0000] {processor.py:925} INFO - DAG(s) 'airbyte_to_dbt_pipeline_prod' retrieved from /opt/airflow/dags/prod/airbyte_to_dbt_prod.py
[2026-08-26T17:45:24.283+0000] {logging_mixin.py:190} INFO - [2026-08-26T17:45:24.282+0000] {dag.py:3239} INFO - Sync 1 DAGs
[2026-08-26T17:45:24.329+0000] {logging_mixin.py:190} INFO - [2026-08-26T17:45:24.329+0000] {dag.py:4180} INFO - Setting next_dagrun for airbyte_to_dbt_pipeline_prod to 2026-08-26 16:00:00+00:00, run_after=2026-08-26 17:00:00+00:00
[2026-08-26T17:45:24.357+0000] {processor.py:208} INFO - Processing /opt/airflow/dags/prod/airbyte_to_dbt_prod.py took 0.161 seconds
[2026-08-26T17:45:54.519+0000] {processor.py:186} INFO - Started process (PID=8916) to work on /opt/airflow/dags/prod/airbyte_to_dbt_prod.py
[2026-08-26T17:45:54.520+0000] {processor.py:914} INFO - Processing file /opt/airflow/dags/prod/airbyte_to_dbt_prod.py for tasks to queue
[2026-08-26T17:45:54.524+0000] {logging_mixin.py:190} INFO - [2026-08-26T17:45:54.523+0000] {dagbag.py:588} INFO - Filling up the DagBag from /opt/airflow/dags/prod/airbyte_to_dbt_prod.py
[2026-08-26T17:45:54.562+0000] {processor.py:925} INFO - DAG(s) 'airbyte_to_dbt_pipeline_prod' retrieved from /opt/airflow/dags/prod/airbyte_to_dbt_prod.py
[2026-08-26T17:45:54.608+0000] {logging_mixin.py:190} INFO - [2026-08-26T17:45:54.608+0000] {dag.py:3239} INFO - Sync 1 DAGs
[2026-08-26T17:45:54.640+0000] {logging_mixin.py:190} INFO - [2026-08-26T17:45:54.640+0000] {dag.py:4180} INFO - Setting next_dagrun for airbyte_to_dbt_pipeline_prod to 2026-08-26 16:00:00+00:00, run_after=2026-08-26 17:00:00+00:00
[2026-08-26T17:45:54.664+0000] {processor.py:208} INFO - Processing /opt/airflow/dags/prod/airbyte_to_dbt_prod.py took 0.154 seconds
[2026-08-26T17:46:24.834+0000] {processor.py:186} INFO - Started process (PID=8926) to work on /opt/airflow/dags/prod/airbyte_to_dbt_prod.py
[2026-08-26T17:46:24.836+0000] {processor.py:914} INFO - Processing file /opt/airflow/dags/prod/airbyte_to_dbt_prod.py for tasks to queue
[2026-08-26T17:46:24.839+0000] {logging_mixin.py:190} INFO - [2026-08-26T17:46:24.839+0000] {dagbag.py:588} INFO - Filling up the DagBag from /opt/airflow/dags/prod/airbyte_to_dbt_prod.py
[2026-08-26T17:46:24.867+0000] {processor.py:925} INFO - DAG(s) 'airbyte_to_dbt_pipeline_prod' retrieved from /opt/airflow/dags/prod/airbyte_to_dbt_prod.py
[2026-08-26T17:46:24.916+0000] {logging_mixin.py:190} INFO - [2026-08-26T17:46:24.916+0000] {dag.py:3239} INFO - Sync 1 DAGs
[2026-08-26T17:46:24.950+0000] {logging_mixin.py:190} INFO - [2026-08-26T17:46:24.949+0000] {dag.py:4180} INFO - Setting next_dagrun for airbyte_to_dbt_pipeline_prod to 2026-08-26 16:00:00+00:00, run_after=2026-08-26 17:00:00+00:00
[2026-08-26T17:46:24.973+0000] {processor.py:208} INFO - Processing /opt/airflow/dags/prod/airbyte_to_dbt_prod.py took 0.149 seconds
[2026-08-26T17:46:55.138+0000] {processor.py:186} INFO - Started process (PID=8936) to work on /opt/airflow/dags/prod/airbyte_to_dbt_prod.py
[2026-08-26T17:46:55.139+0000] {processor.py:914} INFO - Processing file /opt/airflow/dags/prod/airbyte_to_dbt_prod.py for tasks to queue
[2026-08-26T17:46:55.142+0000] {logging_mixin.py:190} INFO - [2026-08-26T17:46:55.142+0000] {dagbag.py:588} INFO - Filling up the DagBag from /opt/airflow/dags/prod/airbyte_to_dbt_prod.py
[2026-08-26T17:46:55.166+0000] {processor.py:925} INFO - DAG(s) 'airbyte_to_dbt_pipeline_prod' retrieved from /opt/airflow/dags/prod/airbyte_to_dbt_prod.py
[2026-08-26T17:46:55.206+0000] {logging_mixin.py:190} INFO - [2026-08-26T17:46:55.206+0000] {dag.py:3239} INFO - Sync 1 DAGs
[2026-08-26T17:46:55.242+0000] {logging_mixin.py:190} INFO - [2026-08-26T17:46:55.242+0000] {dag.py:4180} INFO - Setting next_dagrun for airbyte_to_dbt_pipeline_prod to 2026-08-26 16:00:00+00:00, run_after=2026-08-26 17:00:00+00:00
[2026-08-26T17:46:55.269+0000] {processor.py:208} INFO - Processing /opt/airflow/dags/prod/airbyte_to_dbt_prod.py took 0.140 seconds
[2026-08-26T17:47:25.432+0000] {processor.py:186} INFO - Started process (PID=8946) to work on /opt/airflow/dags/prod/airbyte_to_dbt_prod.py
[2026-08-26T17:47:25.433+0000] {processor.py:914} INFO - Processing file /opt/airflow/dags/prod/airbyte_to_dbt_prod.py for tasks to queue
[2026-08-26T17:47:25.437+0000] {logging_mixin.py:190} INFO - [2026-08-26T17:47:25.436+0000] {dagbag.py:588} INFO - Filling up the DagBag from /opt/airflow/dags/prod/airbyte_to_dbt_prod.py
[2026-08-26T17:47:25.460+0000] {processor.py:925} INFO - DAG(s) 'airbyte_to_dbt_pipeline_prod' retrieved from /opt/airflow/dags/prod/airbyte_to_dbt_prod.py
[2026-08-26T17:47:25.505+0000] {logging_mixin.py:190} INFO - [2026-08-26T17:47:25.505+0000] {dag.py:3239} INFO - Sync 1 DAGs
[2026-08-26T17:47:25.555+0000] {logging_mixin.py:190} INFO - [2026-08-26T17:47:25.554+0000] {dag.py:4180} INFO - Setting next_dagrun for airbyte_to_dbt_pipeline_prod to 2026-08-26 16:00:00+00:00, run_after=2026-08-26 17:00:00+00:00
[2026-08-26T17:47:25.585+0000] {processor.py:208} INFO - Processing /opt/airflow/dags/prod/airbyte_to_dbt_prod.py took 0.161 seconds
[2026-08-26T17:47:55.746+0000] {processor.py:186} INFO - Started process (PID=8956) to work on /opt/airflow/dags/prod/airbyte_to_dbt_prod.py
[2026-08-26T17:47:55.747+0000] {processor.py:914} INFO - Processing file /opt/airflow/dags/prod/airbyte_to_dbt_prod.py for tasks to queue
[2026-08-26T17:47:55.751+0000] {logging_mixin.py:190} INFO - [2026-08-26T17:47:55.750+0000] {dagbag.py:588} INFO - Filling up the DagBag from /opt/airflow/dags/prod/airbyte_to_dbt_prod.py
[2026-08-26T17:47:55.782+0000] {processor.py:925} INFO - DAG(s) 'airbyte_to_dbt_pipeline_prod' retrieved from /opt/airflow/dags/prod/airbyte_to_dbt_prod.py
[2026-08-26T17:47:55.822+0000] {logging_mixin.py:190} INFO - [2026-08-26T17:47:55.822+0000] {dag.py:3239} INFO - Sync 1 DAGs
[2026-08-26T17:47:55.863+0000] {logging_mixin.py:190} INFO - [2026-08-26T17:47:55.863+0000] {dag.py:4180} INFO - Setting next_dagrun for airbyte_to_dbt_pipeline_prod to 2026-08-26 16:00:00+00:00, run_after=2026-08-26 17:00:00+00:00
[2026-08-26T17:47:55.892+0000] {processor.py:208} INFO - Processing /opt/airflow/dags/prod/airbyte_to_dbt_prod.py took 0.158 seconds
[2026-08-26T17:48:26.063+0000] {processor.py:186} INFO - Started process (PID=8966) to work on /opt/airflow/dags/prod/airbyte_to_dbt_prod.py
[2026-08-26T17:48:26.064+0000] {processor.py:914} INFO - Processing file /opt/airflow/dags/prod/airbyte_to_dbt_prod.py for tasks to queue
[2026-08-26T17:48:26.067+0000] {logging_mixin.py:190} INFO - [2026-08-26T17:48:26.067+0000] {dagbag.py:588} INFO - Filling up the DagBag from /opt/airflow/dags/prod/airbyte_to_dbt_prod.py
[2026-08-26T17:48:26.088+0000] {processor.py:925} INFO - DAG(s) 'airbyte_to_dbt_pipeline_prod' retrieved from /opt/airflow/dags/prod/airbyte_to_dbt_prod.py
[2026-08-26T17:48:26.128+0000] {logging_mixin.py:190} INFO - [2026-08-26T17:48:26.128+0000] {dag.py:3239} INFO - Sync 1 DAGs
[2026-08-26T17:48:26.169+0000] {logging_mixin.py:190} INFO - [2026-08-26T17:48:26.169+0000] {dag.py:4180} INFO - Setting next_dagrun for airbyte_to_dbt_pipeline_prod to 2026-08-26 16:00:00+00:00, run_after=2026-08-26 17:00:00+00:00
[2026-08-26T17:48:26.195+0000] {processor.py:208} INFO - Processing /opt/airflow/dags/prod/airbyte_to_dbt_prod.py took 0.141 seconds
[2026-08-26T17:48:56.368+0000] {processor.py:186} INFO - Started process (PID=8976) to work on /opt/airflow/dags/prod/airbyte_to_dbt_prod.py
[2026-08-26T17:48:56.369+0000] {processor.py:914} INFO - Processing file /opt/airflow/dags/prod/airbyte_to_dbt_prod.py for tasks to queue
[2026-08-26T17:48:56.372+0000] {logging_mixin.py:190} INFO - [2026-08-26T17:48:56.372+0000] {dagbag.py:588} INFO - Filling up the DagBag from /opt/airflow/dags/prod/airbyte_to_dbt_prod.py
[2026-08-26T17:48:56.393+0000] {processor.py:925} INFO - DAG(s) 'airbyte_to_dbt_pipeline_prod' retrieved from /opt/airflow/dags/prod/airbyte_to_dbt_prod.py
[2026-08-26T17:48:56.431+0000] {logging_mixin.py:190} INFO - [2026-08-26T17:48:56.431+0000] {dag.py:3239} INFO - Sync 1 DAGs
[2026-08-26T17:48:56.462+0000] {logging_mixin.py:190} INFO - [2026-08-26T17:48:56.462+0000] {dag.py:4180} INFO - Setting next_dagrun for airbyte_to_dbt_pipeline_prod to 2026-08-26 16:00:00+00:00, run_after=2026-08-26 17:00:00+00:00
[2026-08-26T17:48:56.490+0000] {processor.py:208} INFO - Processing /opt/airflow/dags/prod/airbyte_to_dbt_prod.py took 0.131 seconds
[2026-08-26T17:49:26.654+0000] {processor.py:186} INFO - Started process (PID=8986) to work on /opt/airflow/dags/prod/airbyte_to_dbt_prod.py
[2026-08-26T17:49:26.656+0000] {processor.py:914} INFO - Processing file /opt/airflow/dags/prod/airbyte_to_dbt_prod.py for tasks to queue
[2026-08-26T17:49:26.660+0000] {logging_mixin.py:190} INFO - [2026-08-26T17:49:26.659+0000] {dagbag.py:588} INFO - Filling up the DagBag from /opt/airflow/dags/prod/airbyte_to_dbt_prod.py
[2026-08-26T17:49:26.688+0000] {processor.py:925} INFO - DAG(s) 'airbyte_to_dbt_pipeline_prod' retrieved from /opt/airflow/dags/prod/airbyte_to_dbt_prod.py
[2026-08-26T17:49:26.734+0000] {logging_mixin.py:190} INFO - [2026-08-26T17:49:26.734+0000] {dag.py:3239} INFO - Sync 1 DAGs
[2026-08-26T17:49:26.764+0000] {logging_mixin.py:190} INFO - [2026-08-26T17:49:26.764+0000] {dag.py:4180} INFO - Setting next_dagrun for airbyte_to_dbt_pipeline_prod to 2026-08-26 16:00:00+00:00, run_after=2026-08-26 17:00:00+00:00
[2026-08-26T17:49:26.787+0000] {processor.py:208} INFO - Processing /opt/airflow/dags/prod/airbyte_to_dbt_prod.py took 0.144 seconds
[2026-08-26T17:49:56.950+0000] {processor.py:186} INFO - Started process (PID=8996) to work on /opt/airflow/dags/prod/airbyte_to_dbt_prod.py
[2026-08-26T17:49:56.951+0000] {processor.py:914} INFO - Processing file /opt/airflow/dags/prod/airbyte_to_dbt_prod.py for tasks to queue
[2026-08-26T17:49:56.954+0000] {logging_mixin.py:190} INFO - [2026-08-26T17:49:56.954+0000] {dagbag.py:588} INFO - Filling up the DagBag from /opt/airflow/dags/prod/airbyte_to_dbt_prod.py
[2026-08-26T17:49:56.976+0000] {processor.py:925} INFO - DAG(s) 'airbyte_to_dbt_pipeline_prod' retrieved from /opt/airflow/dags/prod/airbyte_to_dbt_prod.py
[2026-08-26T17:49:57.015+0000] {logging_mixin.py:190} INFO - [2026-08-26T17:49:57.015+0000] {dag.py:3239} INFO - Sync 1 DAGs
[2026-08-26T17:49:57.055+0000] {logging_mixin.py:190} INFO - [2026-08-26T17:49:57.054+0000] {dag.py:4180} INFO - Setting next_dagrun for airbyte_to_dbt_pipeline_prod to 2026-08-26 16:00:00+00:00, run_after=2026-08-26 17:00:00+00:00
[2026-08-26T17:49:57.079+0000] {processor.py:208} INFO - Processing /opt/airflow/dags/prod/airbyte_to_dbt_prod.py took 0.137 seconds
[2026-08-26T17:50:27.246+0000] {processor.py:186} INFO - Started process (PID=9006) to work on /opt/airflow/dags/prod/airbyte_to_dbt_prod.py
[2026-08-26T17:50:27.247+0000] {processor.py:914} INFO - Processing file /opt/airflow/dags/prod/airbyte_to_dbt_prod.py for tasks to queue
[2026-08-26T17:50:27.251+0000] {logging_mixin.py:190} INFO - [2026-08-26T17:50:27.251+0000] {dagbag.py:588} INFO - Filling up the DagBag from /opt/airflow/dags/prod/airbyte_to_dbt_prod.py
[2026-08-26T17:50:27.277+0000] {processor.py:925} INFO - DAG(s) 'airbyte_to_dbt_pipeline_prod' retrieved from /opt/airflow/dags/prod/airbyte_to_dbt_prod.py
[2026-08-26T17:50:27.323+0000] {logging_mixin.py:190} INFO - [2026-08-26T17:50:27.323+0000] {dag.py:3239} INFO - Sync 1 DAGs
[2026-08-26T17:50:27.357+0000] {logging_mixin.py:190} INFO - [2026-08-26T17:50:27.357+0000] {dag.py:4180} INFO - Setting next_dagrun for airbyte_to_dbt_pipeline_prod to 2026-08-26 16:00:00+00:00, run_after=2026-08-26 17:00:00+00:00
[2026-08-26T17:50:27.380+0000] {processor.py:208} INFO - Processing /opt/airflow/dags/prod/airbyte_to_dbt_prod.py took 0.143 seconds
[2026-08-26T17:50:57.557+0000] {processor.py:186} INFO - Started process (PID=9016) to work on /opt/airflow/dags/prod/airbyte_to_dbt_prod.py
[2026-08-26T17:50:57.558+0000] {processor.py:914} INFO - Processing file /opt/airflow/dags/prod/airbyte_to_dbt_prod.py for tasks to queue
[2026-08-26T17:50:57.561+0000] {logging_mixin.py:190} INFO - [2026-08-26T17:50:57.561+0000] {dagbag.py:588} INFO - Filling up the DagBag from /opt/airflow/dags/prod/airbyte_to_dbt_prod.py
[2026-08-26T17:50:57.583+0000] {processor.py:925} INFO - DAG(s) 'airbyte_to_dbt_pipeline_prod' retrieved from /opt/airflow/dags/prod/airbyte_to_dbt_prod.py
[2026-08-26T17:50:57.635+0000] {logging_mixin.py:190} INFO - [2026-08-26T17:50:57.635+0000] {dag.py:3239} INFO - Sync 1 DAGs
[2026-08-26T17:50:57.675+0000] {logging_mixin.py:190} INFO - [2026-08-26T17:50:57.674+0000] {dag.py:4180} INFO - Setting next_dagrun for airbyte_to_dbt_pipeline_prod to 2026-08-26 16:00:00+00:00, run_after=2026-08-26 17:00:00+00:00
[2026-08-26T17:50:57.699+0000] {processor.py:208} INFO - Processing /opt/airflow/dags/prod/airbyte_to_dbt_prod.py took 0.152 seconds
[2026-08-26T17:51:27.860+0000] {processor.py:186} INFO - Started process (PID=9026) to work on /opt/airflow/dags/prod/airbyte_to_dbt_prod.py
[2026-08-26T17:51:27.861+0000] {processor.py:914} INFO - Processing file /opt/airflow/dags/prod/airbyte_to_dbt_prod.py for tasks to queue
[2026-08-26T17:51:27.865+0000] {logging_mixin.py:190} INFO - [2026-08-26T17:51:27.864+0000] {dagbag.py:588} INFO - Filling up the DagBag from /opt/airflow/dags/prod/airbyte_to_dbt_prod.py
[2026-08-26T17:51:27.890+0000] {processor.py:925} INFO - DAG(s) 'airbyte_to_dbt_pipeline_prod' retrieved from /opt/airflow/dags/prod/airbyte_to_dbt_prod.py
[2026-08-26T17:51:27.944+0000] {logging_mixin.py:190} INFO - [2026-08-26T17:51:27.944+0000] {dag.py:3239} INFO - Sync 1 DAGs
[2026-08-26T17:51:27.980+0000] {logging_mixin.py:190} INFO - [2026-08-26T17:51:27.980+0000] {dag.py:4180} INFO - Setting next_dagrun for airbyte_to_dbt_pipeline_prod to 2026-08-26 16:00:00+00:00, run_after=2026-08-26 17:00:00+00:00
[2026-08-26T17:51:28.006+0000] {processor.py:208} INFO - Processing /opt/airflow/dags/prod/airbyte_to_dbt_prod.py took 0.156 seconds
